Date,Close
2000-01-03,3.643988609313965
2000-01-04,3.561170816421509
2000-01-05,3.5818755626678467
2000-01-06,3.5404670238494873
2000-01-07,3.5197627544403076
2000-01-10,3.643988609313965
2000-01-11,3.6646931171417236
2000-01-12,3.6025805473327637
2000-01-13,3.6232857704162598
2000-01-14,3.7268075942993164
2000-01-18,3.7268075942993164
2000-01-19,3.643988609313965
2000-01-20,3.6646931171417236
2000-01-21,3.6232857704162598
2000-01-24,3.5197627544403076
2000-01-25,3.5404670238494873
2000-01-26,3.561170816421509
2000-01-27,3.561170816421509
2000-01-28,3.4369454383850098
2000-01-31,3.5197627544403076
2000-02-01,3.4990580081939697
2000-02-02,3.561170816421509
2000-02-03,3.5404670238494873
2000-02-04,3.4783520698547363
2000-02-07,3.4783520698547363
2000-02-08,3.5197627544403076
2000-02-09,3.5404670238494873
2000-02-10,3.5197627544403076
2000-02-11,3.4576492309570312
2000-02-14,3.4369454383850098
2000-02-15,3.416240692138672
2000-02-16,3.416240692138672
2000-02-17,3.4990580081939697
2000-02-18,3.3541259765625
2000-02-22,3.333422899246216
2000-02-23,3.4369454383850098
2000-02-24,3.312717914581299
2000-02-25,3.3541259765625
2000-02-28,3.3541259765625
2000-02-29,3.416240692138672
2000-03-01,3.395535945892334
2000-03-02,3.4783520698547363
2000-03-03,3.5404670238494873
2000-03-06,3.4576492309570312
2000-03-07,3.4990580081939697
2000-03-08,3.4369454383850098
2000-03-09,3.395535945892334
2000-03-10,3.395535945892334
2000-03-13,3.395535945892334
2000-03-14,3.4576492309570312
2000-03-15,3.3541259765625
2000-03-16,3.4369454383850098
2000-03-17,3.395535945892334
2000-03-20,3.4783520698547363
2000-03-21,3.5197627544403076
2000-03-22,3.4369454383850098
2000-03-23,3.4783520698547363
2000-03-24,3.395535945892334
2000-03-27,3.4369454383850098
2000-03-28,3.5197627544403076
2000-03-29,3.416240692138672
2000-03-30,3.416240692138672
2000-03-31,3.271307945251465
2000-04-03,3.4369454383850098
2000-04-04,3.4369454383850098
2000-04-05,3.312717914581299
2000-04-06,3.416240692138672
2000-04-07,3.395535945892334
2000-04-10,3.3748319149017334
2000-04-11,3.3748319149017334
2000-04-12,3.2920126914978027
2000-04-13,3.2920126914978027
2000-04-14,3.209195613861084
2000-04-17,3.1263768672943115
2000-04-18,3.1263768672943115
2000-04-19,3.271307945251465
2000-04-20,3.2506043910980225
2000-04-24,3.1470813751220703
2000-04-25,3.209195613861084
2000-04-26,3.312717914581299
2000-04-27,3.209195613861084
2000-04-28,3.2920126914978027
2000-05-01,3.2506043910980225
2000-05-02,3.2920126914978027
2000-05-03,3.271307945251465
2000-05-04,3.1470813751220703
2000-05-05,3.2506043910980225
2000-05-08,3.1884899139404297
2000-05-09,3.2298998832702637
2000-05-10,3.1470813751220703
2000-05-11,3.1263768672943115
2000-05-12,3.1470813751220703
2000-05-15,3.0849692821502686
2000-05-16,3.209195613861084
2000-05-17,3.0849692821502686
2000-05-18,3.0435588359832764
2000-05-19,3.1263768672943115
2000-05-22,3.022855281829834
2000-05-23,3.1470813751220703
2000-05-24,3.1470813751220703
2000-05-25,3.0435588359832764
2000-05-26,3.0435588359832764
2000-05-30,3.1884899139404297
2000-05-31,3.1263768672943115
2000-06-01,3.1677863597869873
2000-06-02,3.2920126914978027
2000-06-05,3.2920126914978027
2000-06-06,3.271307945251465
2000-06-07,3.312717914581299
2000-06-08,3.333422899246216
2000-06-09,3.3541259765625
2000-06-12,3.312717914581299
2000-06-13,3.3541259765625
2000-06-14,3.333422899246216
2000-06-15,3.395535945892334
2000-06-16,3.3541259765625
2000-06-19,3.395535945892334
2000-06-20,3.4369454383850098
2000-06-21,3.416240692138672
2000-06-22,3.395535945892334
2000-06-23,3.395535945892334
2000-06-26,3.416240692138672
2000-06-27,3.4576492309570312
2000-06-28,3.4783520698547363
2000-06-29,3.4783520698547363
2000-06-30,3.5818755626678467
2000-07-03,3.5818755626678467
2000-07-05,3.4576492309570312
2000-07-06,3.4783520698547363
2000-07-07,3.5404670238494873
2000-07-10,3.561170816421509
2000-07-11,3.5404670238494873
2000-07-12,3.561170816421509
2000-07-13,3.5197627544403076
2000-07-14,3.4990580081939697
2000-07-17,3.4576492309570312
2000-07-18,3.4369454383850098
2000-07-19,3.416240692138672
2000-07-20,3.4369454383850098
2000-07-21,3.5197627544403076
2000-07-24,3.4576492309570312
2000-07-25,3.4369454383850098
2000-07-26,3.4576492309570312
2000-07-27,3.416240692138672
2000-07-28,3.395535945892334
2000-07-31,3.3541259765625
2000-08-01,3.3748319149017334
2000-08-02,3.395535945892334
2000-08-03,3.4369454383850098
2000-08-04,3.4576492309570312
2000-08-07,3.4990580081939697
2000-08-08,3.4369454383850098
2000-08-09,3.3748319149017334
2000-08-10,3.395535945892334
2000-08-11,3.395535945892334
2000-08-14,3.395535945892334
2000-08-15,3.416240692138672
2000-08-16,3.4990580081939697
2000-08-17,3.5404670238494873
2000-08-18,3.561170816421509
2000-08-21,3.5404670238494873
2000-08-22,3.4990580081939697
2000-08-23,3.4783520698547363
2000-08-24,3.472594976425171
2000-08-25,3.4302453994750977
2000-08-28,3.472594976425171
2000-08-29,3.409071922302246
2000-08-30,3.387896776199341
2000-08-31,3.3667218685150146
2000-09-01,3.409071922302246
2000-09-05,3.387896776199341
2000-09-06,3.3667218685150146
2000-09-07,3.2820234298706055
2000-09-08,3.2608509063720703
2000-09-11,3.303199052810669
2000-09-12,3.303199052810669
2000-09-13,3.324373483657837
2000-09-14,3.303199052810669
2000-09-15,3.2820234298706055
2000-09-18,3.1973273754119873
2000-09-19,3.1761534214019775
2000-09-20,3.1338050365448
2000-09-21,3.1549789905548096
2000-09-22,3.1549789905548096
2000-09-25,3.1338050365448
2000-09-26,3.1761534214019775
2000-09-27,3.2396762371063232
2000-09-28,3.2396762371063232
2000-09-29,3.218501329421997
2000-10-02,3.303199052810669
2000-10-03,3.218501329421997
2000-10-04,3.2608509063720703
2000-10-05,3.2608509063720703
2000-10-06,3.1338050365448
2000-10-09,3.1338050365448
2000-10-10,3.091456174850464
2000-10-11,3.1549789905548096
2000-10-12,3.0491063594818115
2000-10-13,3.070281982421875
2000-10-16,3.070281982421875
2000-10-17,3.0491063594818115
2000-10-18,3.0491063594818115
2000-10-19,3.091456174850464
2000-10-20,3.070281982421875
2000-10-23,3.1126303672790527
2000-10-24,3.070281982421875
2000-10-25,3.091456174850464
2000-10-26,3.0491063594818115
2000-10-27,3.006758689880371
2000-10-30,3.070281982421875
2000-10-31,3.0491063594818115
2000-11-01,3.091456174850464
2000-11-02,3.091456174850464
2000-11-03,3.1126303672790527
2000-11-06,3.1761534214019775
2000-11-07,3.218501329421997
2000-11-08,3.1549789905548096
2000-11-09,3.1549789905548096
2000-11-10,3.070281982421875
2000-11-13,3.0491063594818115
2000-11-14,3.091456174850464
2000-11-15,3.1126303672790527
2000-11-16,3.091456174850464
2000-11-17,3.1338050365448
2000-11-20,3.070281982421875
2000-11-21,3.1126303672790527
2000-11-22,3.091456174850464
2000-11-24,3.070281982421875
2000-11-27,3.1338050365448
2000-11-28,3.1973273754119873
2000-11-29,3.1126303672790527
2000-11-30,3.070281982421875
2000-12-01,3.1338050365448
2000-12-04,3.2396762371063232
2000-12-05,3.1761534214019775
2000-12-06,3.2608509063720703
2000-12-07,3.2608509063720703
2000-12-08,3.2396762371063232
2000-12-11,3.218501329421997
2000-12-12,3.2396762371063232
2000-12-13,3.1761534214019775
2000-12-14,3.1761534214019775
2000-12-15,3.1761534214019775
2000-12-18,3.1973273754119873
2000-12-19,3.1549789905548096
2000-12-20,3.1658575534820557
2000-12-21,3.187105655670166
2000-12-22,3.2295992374420166
2000-12-26,3.1658575534820557
2000-12-27,3.250847578048706
2000-12-28,3.2720940113067627
2000-12-29,3.2295992374420166
2001-01-02,3.314588785171509
2001-01-03,3.3783304691314697
2001-01-04,3.39957857131958
2001-01-05,3.39957857131958
2001-01-08,3.293339729309082
2001-01-09,3.314588785171509
2001-01-10,3.314588785171509
2001-01-11,3.314588785171509
2001-01-12,3.293339729309082
2001-01-16,3.293339729309082
2001-01-17,3.314588785171509
2001-01-18,3.335836887359619
2001-01-19,3.357084274291992
2001-01-22,3.357084274291992
2001-01-23,3.335836887359619
2001-01-24,3.2720940113067627
2001-01-25,3.293339729309082
2001-01-26,3.314588785171509
2001-01-29,3.249997615814209
2001-01-30,3.2805936336517334
2001-01-31,3.372382164001465
2001-02-01,3.3927786350250244
2001-02-02,3.382579803466797
2001-02-05,3.2975919246673584
2001-02-06,3.331587314605713
2001-02-07,3.314588785171509
2001-02-08,3.29419207572937
2001-02-09,3.246598482131958
2001-02-12,3.290792465209961
2001-02-13,3.2126026153564453
2001-02-14,3.2431986331939697
2001-02-15,3.209202766418457
2001-02-16,3.1446099281311035
2001-02-20,3.127613067626953
2001-02-21,3.1786062717437744
2001-02-22,3.110614538192749
2001-02-23,3.120814323425293
2001-02-26,3.1446099281311035
2001-02-27,3.195603370666504
2001-02-28,3.2126026153564453
2001-03-01,3.205803155899048
2001-03-02,3.199002742767334
2001-03-05,3.1922049522399902
2001-03-06,3.1616084575653076
2001-03-07,3.1616084575653076
2001-03-08,3.107215166091919
2001-03-09,3.093616485595703
2001-03-12,3.120814323425293
2001-03-13,3.0256247520446777
2001-03-14,2.8896420001983643
2001-03-15,2.9236369132995605
2001-03-16,2.94063663482666
2001-03-19,2.9746317863464355
2001-03-20,2.9916296005249023
2001-03-21,2.9576334953308105
2001-03-22,2.869244337081909
2001-03-23,2.8828423023223877
2001-03-26,2.9576334953308105
2001-03-27,2.9746317863464355
2001-03-28,2.9236369132995605
2001-03-29,2.8726437091827393
2001-03-30,2.8216495513916016
2001-04-02,2.8522462844848633
2001-04-03,2.825049638748169
2001-04-04,2.9576334953308105
2001-04-05,2.9542338848114014
2001-04-06,2.9270360469818115
2001-04-09,2.944035768508911
2001-04-10,2.9746317863464355
2001-04-11,3.0664196014404297
2001-04-12,3.1446099281311035
2001-04-16,3.1412105560302734
2001-04-17,3.0596203804016113
2001-04-18,3.110614538192749
2001-04-19,3.195603370666504
2001-04-20,3.1888043880462646
2001-04-23,3.127613067626953
2001-04-24,3.110614538192749
2001-04-25,3.154808521270752
2001-04-26,3.1616084575653076
2001-04-27,3.1446099281311035
2001-04-30,3.195603370666504
2001-05-01,3.2126026153564453
2001-05-02,3.260195732116699
2001-05-03,3.2635955810546875
2001-05-04,3.256796360015869
2001-05-07,3.2295992374420166
2001-05-08,3.236398696899414
2001-05-09,3.2635955810546875
2001-05-10,3.338385820388794
2001-05-11,3.2975919246673584
2001-05-14,3.2975919246673584
2001-05-15,3.2635955810546875
2001-05-16,3.314588785171509
2001-05-17,3.3655834197998047
2001-05-18,3.348585367202759
2001-05-21,3.372382164001465
2001-05-22,3.338385820388794
2001-05-23,3.3043904304504395
2001-05-24,3.3213887214660645
2001-05-25,3.351985216140747
2001-05-29,3.29419207572937
2001-05-30,3.2975919246673584
2001-05-31,3.216001510620117
2001-06-01,3.2295992374420166
2001-06-04,3.236398696899414
2001-06-05,3.2737948894500732
2001-06-06,3.3111891746520996
2001-06-07,3.348585367202759
2001-06-08,3.3689823150634766
2001-06-11,3.3553833961486816
2001-06-12,3.3655834197998047
2001-06-13,3.379181146621704
2001-06-14,3.382579803466797
2001-06-15,3.382579803466797
2001-06-18,3.314588785171509
2001-06-19,3.2975919246673584
2001-06-20,3.3009908199310303
2001-06-21,3.2703943252563477
2001-06-22,3.3213887214660645
2001-06-25,3.2839932441711426
2001-06-26,3.382579803466797
2001-06-27,3.331587314605713
2001-06-28,3.2669949531555176
2001-06-29,3.29419207572937
2001-07-02,3.2975919246673584
2001-07-03,3.338385820388794
2001-07-05,3.2295992374420166
2001-07-06,3.1310131549835205
2001-07-09,3.1616084575653076
2001-07-10,3.165008783340454
2001-07-11,3.165008783340454
2001-07-12,3.1786062717437744
2001-07-13,3.2126026153564453
2001-07-16,3.246598482131958
2001-07-17,3.2295992374420166
2001-07-18,3.2635955810546875
2001-07-19,3.2839932441711426
2001-07-20,3.216001510620117
2001-07-23,3.202404022216797
2001-07-24,3.1888043880462646
2001-07-25,3.1480095386505127
2001-07-26,3.093616485595703
2001-07-27,3.1174137592315674
2001-07-30,3.1446099281311035
2001-07-31,3.1786062717437744
2001-08-01,3.290792465209961
2001-08-02,3.2669949531555176
2001-08-03,3.2635955810546875
2001-08-06,3.2669949531555176
2001-08-07,3.2805936336517334
2001-08-08,3.2295992374420166
2001-08-09,3.2295992374420166
2001-08-10,3.246598482131958
2001-08-13,3.2703943252563477
2001-08-14,3.2669949531555176
2001-08-15,3.287393093109131
2001-08-16,3.249997615814209
2001-08-17,3.2805936336517334
2001-08-20,3.2839932441711426
2001-08-21,3.2975919246673584
2001-08-22,3.331587314605713
2001-08-23,3.3111891746520996
2001-08-24,3.304255247116089
2001-08-27,3.314656972885132
2001-08-28,3.3285255432128906
2001-08-29,3.3250572681427
2001-08-30,3.3250572681427
2001-08-31,3.2418456077575684
2001-09-04,3.2245097160339355
2001-09-05,3.2071731090545654
2001-09-06,3.1898372173309326
2001-09-07,3.137829065322876
2001-09-10,3.0719518661499023
2001-09-17,2.7217624187469482
2001-09-18,2.843116283416748
2001-09-19,2.773771047592163
2001-09-20,2.7217624187469482
2001-09-21,2.635082721710205
2001-09-24,2.635082721710205
2001-09-25,2.773771047592163
2001-09-26,2.6870906352996826
2001-09-27,2.635082721710205
2001-09-28,2.673222064971924
2001-10-01,2.815378189086914
2001-10-02,2.9089925289154053
2001-10-03,2.9055252075195312
2001-10-04,2.8881895542144775
2001-10-05,2.981804132461548
2001-10-08,2.950599431991577
2001-10-09,2.9609999656677246
2001-10-10,2.9471325874328613
2001-10-11,2.999140739440918
2001-10-12,2.995673179626465
2001-10-15,3.0372796058654785
2001-10-16,3.085819721221924
2001-10-17,3.06848406791687
2001-10-18,3.0442137718200684
2001-10-19,2.992205858230591
2001-10-22,2.999140739440918
2001-10-23,3.0546164512634277
2001-10-24,3.085819721221924
2001-10-25,3.06848406791687
2001-10-26,3.078886032104492
2001-10-29,3.0511486530303955
2001-10-30,3.0511486530303955
2001-10-31,3.0442137718200684
2001-11-01,3.103156328201294
2001-11-02,3.0823538303375244
2001-11-05,3.06848406791687
2001-11-06,3.137829065322876
2001-11-07,3.1204919815063477
2001-11-08,3.134361505508423
2001-11-09,3.137829065322876
2001-11-12,3.2210419178009033
2001-11-13,3.2245097160339355
2001-11-14,3.2279763221740723
2001-11-15,3.2279763221740723
2001-11-16,3.2418456077575684
2001-11-19,3.259181499481201
2001-11-20,3.2730507850646973
2001-11-21,3.2557148933410645
2001-11-23,3.238377809524536
2001-11-26,3.2210419178009033
2001-11-27,3.259181499481201
2001-11-28,3.2418456077575684
2001-11-29,3.2314438819885254
2001-11-30,3.2279763221740723
2001-12-03,3.2071731090545654
2001-12-04,3.2210419178009033
2001-12-05,3.276517152786255
2001-12-06,3.276517152786255
2001-12-07,3.2106401920318604
2001-12-10,3.2487800121307373
2001-12-11,3.276517152786255
2001-12-12,3.2071731090545654
2001-12-13,3.1794354915618896
2001-12-14,3.1794354915618896
2001-12-17,3.1551647186279297
2001-12-18,3.1725003719329834
2001-12-19,3.1898372173309326
2001-12-20,3.182904005050659
2001-12-21,3.1933047771453857
2001-12-24,3.2316091060638428
2001-12-26,3.2281274795532227
2001-12-27,3.2246456146240234
2001-12-28,3.2768807411193848
2001-12-31,3.290811061859131
2002-01-02,3.294292449951172
2002-01-03,3.294292449951172
2002-01-04,3.4126904010772705
2002-01-07,3.3952796459198
2002-01-08,3.3325982093811035
2002-01-09,3.350008726119995
2002-01-10,3.3534913063049316
2002-01-11,3.3709030151367188
2002-01-14,3.290811061859131
2002-01-15,3.3221518993377686
2002-01-16,3.29777455329895
2002-01-17,3.287327289581299
2002-01-18,3.2420578002929688
2002-01-22,3.33956241607666
2002-01-23,3.329115390777588
2002-01-24,3.343045711517334
2002-01-25,3.3221518993377686
2002-01-28,3.3360800743103027
2002-01-29,3.269915819168091
2002-01-30,3.3082211017608643
2002-01-31,3.33956241607666
2002-02-01,3.301257610321045
2002-02-04,3.343045711517334
2002-02-05,3.3082211017608643
2002-02-06,3.2838451862335205
2002-02-07,3.273397207260132
2002-02-08,3.311704158782959
2002-02-11,3.343045711517334
2002-02-12,3.3151865005493164
2002-02-13,3.343045711517334
2002-02-14,3.3604559898376465
2002-02-15,3.3709030151367188
2002-02-19,3.3709030151367188
2002-02-20,3.3709030151367188
2002-02-21,3.3221518993377686
2002-02-22,3.3360800743103027
2002-02-25,3.3569743633270264
2002-02-26,3.343045711517334
2002-02-27,3.343045711517334
2002-02-28,3.3186683654785156
2002-03-01,3.3256337642669678
2002-03-04,3.3674211502075195
2002-03-05,3.343045711517334
2002-03-06,3.4092085361480713
2002-03-07,3.4788565635681152
2002-03-08,3.447514057159424
2002-03-11,3.3987631797790527
2002-03-12,3.3639392852783203
2002-03-13,3.3604559898376465
2002-03-14,3.4057271480560303
2002-03-15,3.3813509941101074
2002-03-18,3.426622152328491
2002-03-19,3.426622152328491
2002-03-20,3.447514057159424
2002-03-21,3.447514057159424
2002-03-22,3.447514057159424
2002-03-25,3.4161746501922607
2002-03-26,3.3639392852783203
2002-03-27,3.3952796459198
2002-03-28,3.447514057159424
2002-04-01,3.426622152328491
2002-04-02,3.384833335876465
2002-04-03,3.377868413925171
2002-04-04,3.3639392852783203
2002-04-05,3.4092085361480713
2002-04-08,3.3952796459198
2002-04-09,3.3256337642669678
2002-04-10,3.4092085361480713
2002-04-11,3.343045711517334
2002-04-12,3.391796588897705
2002-04-15,3.350008726119995
2002-04-16,3.4684090614318848
2002-04-17,3.4753730297088623
2002-04-18,3.5171620845794678
2002-04-19,3.4997506141662598
2002-04-22,3.4927854537963867
2002-04-23,3.4753730297088623
2002-04-24,3.4788565635681152
2002-04-25,3.4997506141662598
2002-04-26,3.4579625129699707
2002-04-29,3.426622152328491
2002-04-30,3.447514057159424
2002-05-01,3.4301037788391113
2002-05-02,3.3952796459198
2002-05-03,3.4057271480560303
2002-05-06,3.402244806289673
2002-05-07,3.426622152328491
2002-05-08,3.4823381900787354
2002-05-09,3.4440314769744873
2002-05-10,3.4440314769744873
2002-05-13,3.4579625129699707
2002-05-14,3.4823381900787354
2002-05-15,3.4893038272857666
2002-05-16,3.5519859790802
2002-05-17,3.604219675064087
2002-05-20,3.5659148693084717
2002-05-21,3.56939697265625
2002-05-22,3.628596544265747
2002-05-23,3.6251137256622314
2002-05-24,3.5868079662323
2002-05-28,3.628596544265747
2002-05-29,3.6390442848205566
2002-05-30,3.6355607509613037
2002-05-31,3.6634199619293213
2002-06-03,3.6738674640655518
2002-06-04,3.684314012527466
2002-06-05,3.687795877456665
2002-06-06,3.687795877456665
2002-06-07,3.6564550399780273
2002-06-10,3.680830717086792
2002-06-11,3.5624327659606934
2002-06-12,3.6320788860321045
2002-06-13,3.5519859790802
2002-06-14,3.471891403198242
2002-06-17,3.531090497970581
2002-06-18,3.579843521118164
2002-06-19,3.461444616317749
2002-06-20,3.5206449031829834
2002-06-21,3.534573554992676
2002-06-24,3.506714344024658
2002-06-25,3.527608633041382
2002-06-26,3.4161746501922607
2002-06-27,3.485821485519409
2002-06-28,3.4823381900787354
2002-07-01,3.461444616317749
2002-07-02,3.426622152328491
2002-07-03,3.3987631797790527
2002-07-05,3.4753730297088623
2002-07-08,3.4893038272857666
2002-07-09,3.534573554992676
2002-07-10,3.4823381900787354
2002-07-11,3.437068223953247
2002-07-12,3.402244806289673
2002-07-15,3.4231388568878174
2002-07-16,3.294292449951172
2002-07-17,3.2559871673583984
2002-07-18,3.2594685554504395
2002-07-19,3.186340093612671
2002-07-22,3.1445515155792236
2002-07-23,3.16196346282959
2002-07-24,3.2037510871887207
2002-07-25,3.0783872604370117
2002-07-26,2.998292922973633
2002-07-29,3.116692066192627
2002-07-30,3.1341049671173096
2002-07-31,3.182856798171997
2002-08-01,3.1341049671173096
2002-08-02,3.036599636077881
2002-08-05,2.925163984298706
2002-08-06,3.0017755031585693
2002-08-07,3.0470468997955322
2002-08-08,3.137587785720825
2002-08-09,3.1758930683135986
2002-08-12,3.172409772872925
2002-08-13,3.116692066192627
2002-08-14,3.116692066192627
2002-08-15,3.154998779296875
2002-08-16,3.2385754585266113
2002-08-19,3.290811061859131
2002-08-20,3.3256337642669678
2002-08-21,3.2385754585266113
2002-08-22,3.290811061859131
2002-08-23,3.214198589324951
2002-08-26,3.280363082885742
2002-08-27,3.2664339542388916
2002-08-28,3.217681884765625
2002-08-29,3.235092878341675
2002-08-30,3.290811061859131
2002-09-03,3.210716962814331
2002-09-04,3.221163272857666
2002-09-05,3.186340093612671
2002-09-06,3.290811061859131
2002-09-09,3.273397207260132
2002-09-10,3.2385754585266113
2002-09-11,3.2594685554504395
2002-09-12,3.301257610321045
2002-09-13,3.2768807411193848
2002-09-16,3.2490224838256836
2002-09-17,3.273397207260132
2002-09-18,3.269915819168091
2002-09-19,3.207233190536499
2002-09-20,3.1793746948242188
2002-09-23,3.106245517730713
2002-09-24,3.0923163890838623
2002-09-25,3.0609757900238037
2002-09-26,3.064458131790161
2002-09-27,3.0818698406219482
2002-09-30,3.0087404251098633
2002-10-01,3.130622625350952
2002-10-02,3.0679404735565186
2002-10-03,3.113210678100586
2002-10-04,3.057493209838867
2002-10-07,3.0992801189422607
2002-10-08,3.1236579418182373
2002-10-09,2.9948105812072754
2002-10-10,3.0818698406219482
2002-10-11,3.0992801189422607
2002-10-14,3.106245517730713
2002-10-15,3.1341049671173096
2002-10-16,3.0609757900238037
2002-10-17,3.120173931121826
2002-10-18,3.120173931121826
2002-10-21,3.165445327758789
2002-10-22,3.1341049671173096
2002-10-23,3.1933040618896484
2002-10-24,3.1898210048675537
2002-10-25,3.2246456146240234
2002-10-28,3.207233190536499
2002-10-29,3.2385754585266113
2002-10-30,3.2037510871887207
2002-10-31,3.1933040618896484
2002-11-01,3.235092878341675
2002-11-04,3.2559871673583984
2002-11-05,3.2559871673583984
2002-11-06,3.2768807411193848
2002-11-07,3.2385754585266113
2002-11-08,3.2420578002929688
2002-11-11,3.1445515155792236
2002-11-12,3.186340093612671
2002-11-13,3.186340093612671
2002-11-14,3.1898210048675537
2002-11-15,3.2316091060638428
2002-11-18,3.273397207260132
2002-11-19,3.2385754585266113
2002-11-20,3.2559871673583984
2002-11-21,3.3082211017608643
2002-11-22,3.287327289581299
2002-11-25,3.290811061859131
2002-11-26,3.273397207260132
2002-11-27,3.3256337642669678
2002-11-29,3.3534913063049316
2002-12-02,3.3186683654785156
2002-12-03,3.329115390777588
2002-12-04,3.2316091060638428
2002-12-05,3.290811061859131
2002-12-06,3.290811061859131
2002-12-09,3.2559871673583984
2002-12-10,3.2838451862335205
2002-12-11,3.2002687454223633
2002-12-12,3.294292449951172
2002-12-13,3.207233190536499
2002-12-16,3.2316091060638428
2002-12-17,3.235092878341675
2002-12-18,3.2664339542388916
2002-12-19,3.2768807411193848
2002-12-20,3.311704158782959
2002-12-23,3.331406354904175
2002-12-24,3.327824115753174
2002-12-26,3.3385703563690186
2002-12-27,3.317077159881592
2002-12-30,3.2848377227783203
2002-12-31,3.252598285675049
2003-01-02,3.3134942054748535
2003-01-03,3.3385703563690186
2003-01-06,3.438871145248413
2003-01-07,3.420959949493408
2003-01-08,3.4066317081451416
2003-01-09,3.456780195236206
2003-01-10,3.4890193939208984
2003-01-13,3.420959949493408
2003-01-14,3.503349542617798
2003-01-15,3.4890193939208984
2003-01-16,3.492602825164795
2003-01-17,3.503349542617798
2003-01-21,3.4746923446655273
2003-01-22,3.413794994354248
2003-01-23,3.4424514770507812
2003-01-24,3.478274345397949
2003-01-27,3.4245412349700928
2003-01-28,3.3994669914245605
2003-01-29,3.3672263622283936
2003-01-30,3.3385703563690186
2003-01-31,3.3815550804138184
2003-02-03,3.317077159881592
2003-02-04,3.3206591606140137
2003-02-05,3.306330919265747
2003-02-06,3.281254529953003
2003-02-07,3.2955849170684814
2003-02-10,3.270508289337158
2003-02-11,3.281254529953003
2003-02-12,3.266927480697632
2003-02-13,3.2203590869903564
2003-02-14,3.2239410877227783
2003-02-18,3.266927480697632
2003-02-19,3.292001962661743
2003-02-20,3.2561800479888916
2003-02-21,3.2633442878723145
2003-02-24,3.3027491569519043
2003-02-25,3.309913158416748
2003-02-26,3.3134942054748535
2003-02-27,3.3027491569519043
2003-02-28,3.327824115753174
2003-03-03,3.3457343578338623
2003-03-04,3.363645553588867
2003-03-05,3.3134942054748535
2003-03-06,3.3242404460906982
2003-03-07,3.27409029006958
2003-03-10,3.2597625255584717
2003-03-11,3.202448606491089
2003-03-12,3.1451337337493896
2003-03-13,3.123640775680542
2003-03-14,3.1773717403411865
2003-03-17,3.241851568222046
2003-03-18,3.306330919265747
2003-03-19,3.27409029006958
2003-03-20,3.2848377227783203
2003-03-21,3.3493170738220215
2003-03-24,3.2884209156036377
2003-03-25,3.3528990745544434
2003-03-26,3.356480598449707
2003-03-27,3.3600637912750244
2003-03-28,3.4496166706085205
2003-03-31,3.435288190841675
2003-04-01,3.4424514770507812
2003-04-02,3.431705951690674
2003-04-03,3.438871145248413
2003-04-04,3.496185541152954
2003-04-07,3.492602825164795
2003-04-08,3.4818570613861084
2003-04-09,3.4818570613861084
2003-04-10,3.5212600231170654
2003-04-11,3.4890193939208984
2003-04-14,3.492602825164795
2003-04-15,3.5391712188720703
2003-04-16,3.5678274631500244
2003-04-17,3.5714099407196045
2003-04-21,3.574991464614868
2003-04-22,3.686039447784424
2003-04-23,3.7039504051208496
2003-04-24,3.6538007259368896
2003-04-25,3.668128728866577
2003-04-28,3.639470100402832
2003-04-29,3.6430532932281494
2003-04-30,3.6645467281341553
2003-05-01,3.6896207332611084
2003-05-02,3.7254414558410645
2003-05-05,3.714695453643799
2003-05-06,3.7540996074676514
2003-05-07,3.668128728866577
2003-05-08,3.714695453643799
2003-05-09,3.7254414558410645
2003-05-12,3.750518321990967
2003-05-13,3.768427848815918
2003-05-14,3.732607126235962
2003-05-15,3.7254414558410645
2003-05-16,3.7612640857696533
2003-05-19,3.797084331512451
2003-05-20,3.786339044570923
2003-05-21,3.8006675243377686
2003-05-22,3.8329074382781982
2003-05-23,3.8830573558807373
2003-05-27,3.8866395950317383
2003-05-28,3.814997434616089
2003-05-29,3.8400721549987793
2003-05-30,3.8794758319854736
2003-06-02,3.9367902278900146
2003-06-03,3.8938047885894775
2003-06-04,3.9761931896209717
2003-06-05,3.9761931896209717
2003-06-06,3.911715269088745
2003-06-09,3.8938047885894775
2003-06-10,3.915296792984009
2003-06-11,3.9869394302368164
2003-06-12,4.012015342712402
2003-06-13,4.004852294921875
2003-06-16,4.0836591720581055
2003-06-17,4.101569175720215
2003-06-18,4.0872416496276855
2003-06-19,4.040671348571777
2003-06-20,4.051418781280518
2003-06-23,3.9260425567626953
2003-06-24,3.9332077503204346
2003-06-25,3.9941046237945557
2003-06-26,3.9439549446105957
2003-06-27,3.954699754714966
2003-06-30,3.9761931896209717
2003-07-01,3.979776382446289
2003-07-02,4.047837257385254
2003-07-03,4.055000305175781
2003-07-07,4.047837257385254
2003-07-08,3.9511196613311768
2003-07-09,3.829324960708618
2003-07-10,3.8329074382781982
2003-07-11,3.8866395950317383
2003-07-14,3.9332077503204346
2003-07-15,3.904550552368164
2003-07-16,3.865147590637207
2003-07-17,3.8758933544158936
2003-07-18,3.8830573558807373
2003-07-21,3.8758933544158936
2003-07-22,3.868730068206787
2003-07-23,3.9009690284729004
2003-07-24,3.9941046237945557
2003-07-25,4.012015342712402
2003-07-28,4.044255256652832
2003-07-29,3.9941046237945557
2003-07-30,3.9332077503204346
2003-07-31,3.9260425567626953
2003-08-01,3.9511196613311768
2003-08-04,3.9296252727508545
2003-08-05,3.9260425567626953
2003-08-06,3.9296252727508545
2003-08-07,3.972612142562866
2003-08-08,3.9941046237945557
2003-08-11,4.02276086807251
2003-08-12,4.02992582321167
2003-08-13,4.062164783477783
2003-08-14,4.012015342712402
2003-08-15,4.02992582321167
2003-08-18,4.069330215454102
2003-08-19,4.072912216186523
2003-08-20,4.0872416496276855
2003-08-21,4.047837257385254
2003-08-22,4.0012688636779785
2003-08-25,4.012015342712402
2003-08-26,3.9941046237945557
2003-08-27,3.9941046237945557
2003-08-28,4.012015342712402
2003-08-29,4.065749168395996
2003-09-02,4.047837257385254
2003-09-03,4.044255256652832
2003-09-04,4.047837257385254
2003-09-05,4.047837257385254
2003-09-08,4.101569175720215
2003-09-09,4.119480133056641
2003-09-10,4.1051506996154785
2003-09-11,4.133808135986328
2003-09-12,4.158883571624756
2003-09-15,4.173210620880127
2003-09-16,4.173210620880127
2003-09-17,4.173210620880127
2003-09-18,4.252021312713623
2003-09-19,4.226945877075195
2003-09-22,4.2341084480285645
2003-09-23,4.162466049194336
2003-09-24,4.209033489227295
2003-09-25,4.191122531890869
2003-09-26,4.173210620880127
2003-09-29,4.226945877075195
2003-09-30,4.212615966796875
2003-10-01,4.259183406829834
2003-10-02,4.2627668380737305
2003-10-03,4.266347885131836
2003-10-06,4.334408760070801
2003-10-07,4.352320671081543
2003-10-08,4.345154762268066
2003-10-09,4.39888858795166
2003-10-10,4.441873550415039
2003-10-13,4.484860420227051
2003-10-14,4.477695941925049
2003-10-15,4.456203937530518
2003-10-16,4.445456504821777
2003-10-17,4.459783554077148
2003-10-20,4.477695941925049
2003-10-21,4.542175769805908
2003-10-22,4.563668727874756
2003-10-23,4.4920244216918945
2003-10-24,4.477695941925049
2003-10-27,4.506353855133057
2003-10-28,4.524263858795166
2003-10-29,4.524263858795166
2003-10-30,4.560084819793701
2003-10-31,4.549339294433594
2003-11-03,4.542175769805908
2003-11-04,4.484860420227051
2003-11-05,4.50993537902832
2003-11-06,4.495606899261475
2003-11-07,4.520682334899902
2003-11-10,4.524263858795166
2003-11-11,4.50993537902832
2003-11-12,4.549339294433594
2003-11-13,4.57441520690918
2003-11-14,4.5278449058532715
2003-11-17,4.449038505554199
2003-11-18,4.506353855133057
2003-11-19,4.545755863189697
2003-11-20,4.5278449058532715
2003-11-21,4.495606899261475
2003-11-24,4.499189376831055
2003-11-25,4.538592338562012
2003-11-26,4.549339294433594
2003-11-28,4.545755863189697
2003-12-01,4.563668727874756
2003-12-02,4.5923237800598145
2003-12-03,4.674713611602783
2003-12-04,4.692626476287842
2003-12-05,4.678298473358154
2003-12-08,4.735609531402588
2003-12-09,4.735609531402588
2003-12-10,4.692626476287842
2003-12-11,4.692626476287842
2003-12-12,4.721283435821533
2003-12-15,4.739192485809326
2003-12-16,4.852554798126221
2003-12-17,4.830613136291504
2003-12-18,4.819643020629883
2003-12-19,4.819643020629883
2003-12-22,4.846102714538574
2003-12-23,4.853663444519043
2003-12-24,4.914144992828369
2003-12-26,4.933045387268066
2003-12-29,4.967065811157227
2003-12-30,5.0048675537109375
2003-12-31,5.050229072570801
2004-01-02,5.080470085144043
2004-01-05,5.133390426635742
2004-01-06,5.171191692352295
2004-01-07,5.114491939544678
2004-01-08,5.190093517303467
2004-01-09,5.148512840270996
2004-01-12,5.205215930938721
2004-01-13,5.167413711547852
2004-01-14,5.208993911743164
2004-01-15,5.140953063964844
2004-01-16,5.06535005569458
2004-01-20,5.118271350860596
2004-01-21,5.174973487854004
2004-01-22,5.227893829345703
2004-01-23,5.193871974945068
2004-01-26,5.208993911743164
2004-01-27,5.190093517303467
2004-01-28,5.042667388916016
2004-01-29,4.993527412414551
2004-01-30,5.012428283691406
2004-02-02,5.001086711883545
2004-02-03,5.016209125518799
2004-02-04,4.959506511688232
2004-02-05,4.997306823730469
2004-02-06,5.095589637756348
2004-02-09,5.15607213973999
2004-02-10,5.208993911743164
2004-02-11,5.250575542449951
2004-02-12,5.29215669631958
2004-02-13,5.311057090759277
2004-02-17,5.397999286651611
2004-02-18,5.382877826690674
2004-02-19,5.386659145355225
2004-02-20,5.227893829345703
2004-02-23,5.220334529876709
2004-02-24,5.269475936889648
2004-02-25,5.23167610168457
2004-02-26,5.220334529876709
2004-02-27,5.273257255554199
2004-03-01,5.337519645690918
2004-03-02,5.299717426300049
2004-03-03,5.193871974945068
2004-03-04,5.197655200958252
2004-03-05,5.288376331329346
2004-03-08,5.273257255554199
2004-03-09,5.280816555023193
2004-03-10,5.159851551055908
2004-03-11,5.046448707580566
2004-03-12,5.110710620880127
2004-03-15,5.035107135772705
2004-03-16,5.106928825378418
2004-03-17,5.23545503616333
2004-03-18,5.273257255554199
2004-03-19,5.205215930938721
2004-03-22,5.224113464355469
2004-03-23,5.205215930938721
2004-03-24,5.148512840270996
2004-03-25,5.197655200958252
2004-03-26,5.2467942237854
2004-03-29,5.250575542449951
2004-03-30,5.2845964431762695
2004-03-31,5.3186163902282715
2004-04-01,5.428239345550537
2004-04-02,5.337519645690918
2004-04-05,5.3450775146484375
2004-04-06,5.397999286651611
2004-04-07,5.4169020652771
2004-04-08,5.382877826690674
2004-04-12,5.447142124176025
2004-04-13,5.280816555023193
2004-04-14,5.129611492156982
2004-04-15,5.186311721801758
2004-04-16,5.216552257537842
2004-04-19,5.2467942237854
2004-04-20,5.163632869720459
2004-04-21,5.114491939544678
2004-04-22,5.17875337600708
2004-04-23,5.1522932052612305
2004-04-26,5.133390426635742
2004-04-27,5.118271350860596
2004-04-28,4.989748001098633
2004-04-29,4.936826705932617
2004-04-30,4.917924880981445
2004-05-03,4.936826705932617
2004-05-04,5.023768424987793
2004-05-05,5.057788372039795
2004-05-06,4.963286876678467
2004-05-07,4.766720294952393
2004-05-10,4.573934555053711
2004-05-11,4.683558940887451
2004-05-12,4.732699871063232
2004-05-13,4.683558940887451
2004-05-14,4.694899082183838
2004-05-17,4.630636215209961
2004-05-18,4.710019111633301
2004-05-19,4.785620212554932
2004-05-20,4.7289204597473145
2004-05-21,4.819643497467041
2004-05-24,4.800741672515869
2004-05-25,4.883904933929443
2004-05-26,4.914144992828369
2004-05-27,5.019988536834717
2004-05-28,4.989748001098633
2004-06-01,4.98596715927124
2004-06-02,4.940605640411377
2004-06-03,4.857443809509277
2004-06-04,4.914144992828369
2004-06-07,5.054009914398193
2004-06-08,5.0048675537109375
2004-06-09,4.891465187072754
2004-06-10,4.917924880981445
2004-06-14,4.857443809509277
2004-06-15,4.921704292297363
2004-06-16,4.895244121551514
2004-06-17,4.9065842628479
2004-06-18,4.98596715927124
2004-06-21,4.989748001098633
2004-06-22,4.944386005401611
2004-06-23,4.993527412414551
2004-06-24,5.06535005569458
2004-06-25,5.046448707580566
2004-06-28,5.0275492668151855
2004-06-29,4.9784088134765625
2004-06-30,5.072909832000732
2004-07-01,5.0275492668151855
2004-07-02,5.114491939544678
2004-07-06,5.186311721801758
2004-07-07,5.273257255554199
2004-07-08,5.239235877990723
2004-07-09,5.280816555023193
2004-07-12,5.29215669631958
2004-07-13,5.288376331329346
2004-07-14,5.201436519622803
2004-07-15,5.167413711547852
2004-07-16,5.239235877990723
2004-07-19,5.2467942237854
2004-07-20,5.224113464355469
2004-07-21,5.088029861450195
2004-07-22,5.076689720153809
2004-07-23,4.974626541137695
2004-07-26,4.98596715927124
2004-07-27,4.955726623535156
2004-07-28,4.9784088134765625
2004-07-29,4.982187271118164
2004-07-30,5.0048675537109375
2004-08-02,5.06535005569458
2004-08-03,5.0918097496032715
2004-08-04,5.069129467010498
2004-08-05,5.06535005569458
2004-08-06,5.054009914398193
2004-08-09,5.099371910095215
2004-08-10,5.076689720153809
2004-08-11,5.080470085144043
2004-08-12,5.0388898849487305
2004-08-13,5.072909832000732
2004-08-16,5.103150367736816
2004-08-17,5.076689720153809
2004-08-18,5.099371910095215
2004-08-19,5.1522932052612305
2004-08-20,5.18253231048584
2004-08-23,5.167413711547852
2004-08-24,5.076689720153809
2004-08-25,5.061570167541504
2004-08-26,5.072909832000732
2004-08-27,5.1258320808410645
2004-08-30,5.054009914398193
2004-08-31,5.118271350860596
2004-09-01,5.171191692352295
2004-09-02,5.171191692352295
2004-09-03,5.072909832000732
2004-09-07,5.1258320808410645
2004-09-08,5.122050762176514
2004-09-09,5.095589637756348
2004-09-10,5.167413711547852
2004-09-13,5.18253231048584
2004-09-14,5.2467942237854
2004-09-15,5.193871974945068
2004-09-16,5.201436519622803
2004-09-17,5.227893829345703
2004-09-20,5.23545503616333
2004-09-21,5.273257255554199
2004-09-22,5.269475936889648
2004-09-23,5.326179027557373
2004-09-24,5.348857402801514
2004-09-27,5.311057090759277
2004-09-28,5.3942179679870605
2004-09-29,5.428239345550537
2004-09-30,5.488720893859863
2004-10-01,5.518962383270264
2004-10-04,5.5378642082214355
2004-10-05,5.530303955078125
2004-10-06,5.5492048263549805
2004-10-07,5.552984714508057
2004-10-08,5.60968542098999
2004-10-11,5.62858772277832
2004-10-12,5.6248064041137695
2004-10-13,5.541644096374512
2004-10-14,5.552984714508057
2004-10-15,5.605906009674072
2004-10-18,5.556763648986816
2004-10-19,5.5378642082214355
2004-10-20,5.568104267120361
2004-10-21,5.6550469398498535
2004-10-22,5.643706321716309
2004-10-25,5.673948764801025
2004-10-26,5.71174955368042
2004-10-27,5.772231101989746
2004-10-28,5.8024725914001465
2004-10-29,5.847833633422852
2004-11-01,5.889413833618164
2004-11-02,5.85917329788208
2004-11-03,6.002820014953613
2004-11-04,6.0406174659729
2004-11-05,6.067079067230225
2004-11-08,6.010377407073975
2004-11-09,5.987698078155518
2004-11-10,6.0406174659729
2004-11-11,6.116220951080322
2004-11-12,6.165359020233154
2004-11-15,6.18804407119751
2004-11-16,6.161581039428711
2004-11-17,6.271206378936768
2004-11-18,6.2485246658325195
2004-11-19,6.244744777679443
2004-11-22,6.214503288269043
2004-11-23,6.305226802825928
2004-11-24,6.358148097991943
2004-11-26,6.422408580780029
2004-11-29,6.411069869995117
2004-11-30,6.286324501037598
2004-12-01,6.297665596008301
2004-12-02,6.331687927246094
2004-12-03,6.380826950073242
2004-12-06,6.312786102294922
2004-12-07,6.256084442138672
2004-12-08,6.048178672790527
2004-12-09,6.0406174659729
2004-12-10,6.021718978881836
2004-12-13,6.123781204223633
2004-12-14,6.161581039428711
2004-12-15,6.233402252197266
2004-12-16,6.180483341217041
2004-12-17,6.267426013946533
2004-12-20,6.267426013946533
2004-12-21,6.331687927246094
2004-12-22,6.384608745574951
2004-12-23,6.386564254760742
2004-12-27,6.507876873016357
2004-12-28,6.554836750030518
2004-12-29,6.445265293121338
2004-12-30,6.496139049530029
2004-12-31,6.53527307510376
2005-01-03,6.445265293121338
2005-01-04,6.331777572631836
2005-01-05,6.355258941650391
2005-01-06,6.367000102996826
2005-01-07,6.3591718673706055
2005-01-10,6.390478134155273
2005-01-11,6.398306369781494
2005-01-12,6.507876873016357
2005-01-13,6.402216911315918
2005-01-14,6.453092098236084
2005-01-18,6.382650852203369
2005-01-19,6.351343631744385
2005-01-20,6.327865123748779
2005-01-21,6.425698757171631
2005-01-24,6.460918426513672
2005-01-25,6.457005977630615
2005-01-26,6.562665939331055
2005-01-27,6.652672290802002
2005-01-28,6.570490837097168
2005-01-31,6.586146831512451
2005-02-01,6.648756504058838
2005-02-02,6.734853267669678
2005-02-03,6.648756504058838
2005-02-04,6.7191996574401855
2005-02-07,6.703545570373535
2005-02-08,6.6800665855407715
2005-02-09,6.656585693359375
2005-02-10,6.836598873138428
2005-02-11,6.867905616760254
2005-02-14,6.824859142303467
2005-02-15,6.848337650299072
2005-02-16,6.844424247741699
2005-02-17,6.844424247741699
2005-02-18,6.867905616760254
2005-02-22,6.903126239776611
2005-02-23,6.840511798858643
2005-02-24,6.773984909057617
2005-02-25,6.85225248336792
2005-02-28,6.942257881164551
2005-03-01,6.903126239776611
2005-03-02,6.899211883544922
2005-03-03,6.950084209442139
2005-03-04,7.059659004211426
2005-03-07,7.075313568115234
2005-03-08,7.130098342895508
2005-03-09,7.079227924346924
2005-03-10,7.044006824493408
2005-03-11,7.004871845245361
2005-03-14,7.040091514587402
2005-03-15,7.016612529754639
2005-03-16,7.059659004211426
2005-03-17,7.071399211883545
2005-03-18,7.098792552947998
2005-03-21,7.028353691101074
2005-03-22,6.907039165496826
2005-03-23,6.695718288421631
2005-03-24,6.625279426574707
2005-03-28,6.672238826751709
2005-03-29,6.574405193328857
2005-03-30,6.652672290802002
2005-03-31,6.637019634246826
2005-04-01,6.6839776039123535
2005-04-04,6.640931606292725
2005-04-05,6.6918044090271
2005-04-06,6.617453098297119
2005-04-07,6.664411544799805
2005-04-08,6.723112106323242
2005-04-11,6.746591567993164
2005-04-12,6.80137825012207
2005-04-13,6.711371898651123
2005-04-14,6.52353048324585
2005-04-15,6.390478134155273
2005-04-18,6.398306369781494
2005-04-19,6.562665939331055
2005-04-20,6.488310813903809
2005-04-21,6.617453098297119
2005-04-22,6.625279426574707
2005-04-25,6.652672290802002
2005-04-26,6.527444839477539
2005-04-27,6.574405193328857
2005-04-28,6.531358242034912
2005-04-29,6.590059757232666
2005-05-02,6.574405193328857
2005-05-03,6.5117902755737305
2005-05-04,6.527444839477539
2005-05-05,6.503965854644775
2005-05-06,6.52353048324585
2005-05-09,6.554836750030518
2005-05-10,6.539183616638184
2005-05-11,6.550925254821777
2005-05-12,6.4804863929748535
2005-05-13,6.398306369781494
2005-05-16,6.339605331420898
2005-05-17,6.370910167694092
2005-05-18,6.476568698883057
2005-05-19,6.531358242034912
2005-05-20,6.468746662139893
2005-05-23,6.605710029602051
2005-05-24,6.617453098297119
2005-05-25,6.574405193328857
2005-05-26,6.609625339508057
2005-05-27,6.644848346710205
2005-05-31,6.554836750030518
2005-06-01,6.609625339508057
2005-06-02,6.703545570373535
2005-06-03,6.715285778045654
2005-06-06,6.80137825012207
2005-06-07,6.840511798858643
2005-06-08,6.844424247741699
2005-06-09,6.848337650299072
2005-06-10,6.832685947418213
2005-06-13,6.844424247741699
2005-06-14,6.848337650299072
2005-06-15,6.930520057678223
2005-06-16,6.997046947479248
2005-06-17,7.130098342895508
2005-06-20,7.102704048156738
2005-06-21,7.141838550567627
2005-06-22,7.098792552947998
2005-06-23,6.965737342834473
2005-06-24,6.910953998565674
2005-06-27,6.914867401123047
2005-06-28,6.989218235015869
2005-06-29,6.895296573638916
2005-06-30,6.918778896331787
2005-07-01,6.848337650299072
2005-07-05,6.80137825012207
2005-07-06,6.711371898651123
2005-07-07,6.672238826751709
2005-07-08,6.703545570373535
2005-07-11,6.793551445007324
2005-07-12,6.899211883544922
2005-07-13,6.840511798858643
2005-07-14,6.8874711990356445
2005-07-15,6.844424247741699
2005-07-18,6.867905616760254
2005-07-19,6.85225248336792
2005-07-20,6.942257881164551
2005-07-21,7.102704048156738
2005-07-22,7.134016036987305
2005-07-25,7.067485332489014
2005-07-26,7.055746555328369
2005-07-27,7.059659004211426
2005-07-28,7.083139419555664
2005-07-29,7.047918319702148
2005-08-01,7.083139419555664
2005-08-02,7.134016036987305
2005-08-03,7.169231414794922
2005-08-04,7.137925148010254
2005-08-05,7.149668216705322
2005-08-08,7.17705774307251
2005-08-09,7.224018573760986
2005-08-10,7.2592387199401855
2005-08-11,7.407948017120361
2005-08-12,7.407948017120361
2005-08-15,7.372725486755371
2005-08-16,7.349245548248291
2005-08-17,7.27880859375
2005-08-18,7.161405563354492
2005-08-19,7.17705774307251
2005-08-22,7.27880859375
2005-08-23,7.255324840545654
2005-08-24,7.145752429962158
2005-08-25,7.192710876464844
2005-08-26,7.20053768157959
2005-08-29,7.149668216705322
2005-08-30,7.071399211883545
2005-08-31,7.2357587814331055
2005-09-01,7.384468078613281
2005-09-02,7.376641750335693
2005-09-06,7.454904556274414
2005-09-07,7.454904556274414
2005-09-08,7.4236016273498535
2005-09-09,7.497951030731201
2005-09-12,7.435338020324707
2005-09-13,7.415771484375
2005-09-14,7.521433353424072
2005-09-15,7.4901251792907715
2005-09-16,7.595787048339844
2005-09-19,7.5566511154174805
2005-09-20,7.580133438110352
2005-09-21,7.5566511154174805
2005-09-22,7.513606548309326
2005-09-23,7.4744720458984375
2005-09-26,7.584046363830566
2005-09-27,7.5879597663879395
2005-09-28,7.623178958892822
2005-09-29,7.736665725708008
2005-09-30,7.6740546226501465
2005-10-03,7.681879997253418
2005-10-04,7.611441135406494
2005-10-05,7.368812561035156
2005-10-06,7.231847763061523
2005-10-07,7.267065048217773
2005-10-10,7.317939758300781
2005-10-11,7.196624755859375
2005-10-12,7.224018573760986
2005-10-13,7.149668216705322
2005-10-14,7.196624755859375
2005-10-17,7.149668216705322
2005-10-18,7.153579235076904
2005-10-19,7.141838550567627
2005-10-20,7.004871845245361
2005-10-21,7.016612529754639
2005-10-24,7.141838550567627
2005-10-25,7.137925148010254
2005-10-26,7.227932929992676
2005-10-27,7.161405563354492
2005-10-28,7.161405563354492
2005-10-31,7.243586540222168
2005-11-01,7.220103740692139
2005-11-02,7.2357587814331055
2005-11-03,7.2631516456604
2005-11-04,7.180972576141357
2005-11-07,7.204451560974121
2005-11-08,7.227932929992676
2005-11-09,7.267065048217773
2005-11-10,7.231847763061523
2005-11-11,7.325766563415527
2005-11-14,7.282718181610107
2005-11-15,7.317939758300781
2005-11-16,7.376641750335693
2005-11-17,7.447080612182617
2005-11-18,7.509692192077637
2005-11-21,7.517518520355225
2005-11-22,7.482300758361816
2005-11-23,7.447080612182617
2005-11-25,7.466646671295166
2005-11-28,7.509692192077637
2005-11-29,7.466646671295166
2005-11-30,7.376641750335693
2005-12-01,7.513606548309326
2005-12-02,7.580133438110352
2005-12-05,7.584046363830566
2005-12-06,7.611441135406494
2005-12-07,7.533173084259033
2005-12-08,7.462732315063477
2005-12-09,7.517518520355225
2005-12-12,7.611441135406494
2005-12-13,7.572306156158447
2005-12-14,7.603614807128906
2005-12-15,7.533173084259033
2005-12-16,7.541001319885254
2005-12-19,7.482300758361816
2005-12-20,7.517518520355225
2005-12-21,7.6075239181518555
2005-12-22,7.576221466064453
2005-12-23,7.546633720397949
2005-12-27,7.461519718170166
2005-12-28,7.5750017166137695
2005-12-29,7.63579797744751
2005-12-30,7.6236395835876465
2006-01-03,7.777651309967041
2006-01-04,7.8911356925964355
2006-01-05,7.878974437713623
2006-01-06,7.964087963104248
2006-01-09,7.964087963104248
2006-01-10,7.91545295715332
2006-01-11,7.972194194793701
2006-01-12,7.8911356925964355
2006-01-13,7.984354496002197
2006-01-17,7.988405704498291
2006-01-18,7.858712673187256
2006-01-19,7.951930999755859
2006-01-20,7.887080669403076
2006-01-23,7.964087963104248
2006-01-24,7.964087963104248
2006-01-25,8.057307243347168
2006-01-26,8.158631324768066
2006-01-27,8.195109367370605
2006-01-30,8.174846649169922
2006-01-31,8.268062591552734
2006-02-01,8.227532386779785
2006-02-02,8.085678100585938
2006-02-03,8.024884223937988
2006-02-06,8.041095733642578
2006-02-07,7.923558235168457
2006-02-08,7.883031368255615
2006-02-09,7.907346725463867
2006-02-10,7.8911356925964355
2006-02-13,7.7817063331604
2006-02-14,7.943821907043457
2006-02-15,7.830339431762695
2006-02-16,7.846554279327393
2006-02-17,7.818183898925781
2006-02-21,7.951930999755859
2006-02-22,7.976247310638428
2006-02-23,7.980302333831787
2006-02-24,8.012722969055176
2006-02-27,8.041095733642578
2006-02-28,8.049203872680664
2006-03-01,8.008670806884766
2006-03-02,8.069469451904297
2006-03-03,8.045149803161621
2006-03-06,7.976247310638428
2006-03-07,7.878974437713623
2006-03-08,7.858712673187256
2006-03-09,7.91140079498291
2006-03-10,7.8911356925964355
2006-03-13,8.016778945922852
2006-03-14,8.053256034851074
2006-03-15,8.097837448120117
2006-03-16,8.085678100585938
2006-03-17,8.004619598388672
2006-03-20,7.943821907043457
2006-03-21,7.903293132781982
2006-03-22,7.960035800933838
2006-03-23,7.93166446685791
2006-03-24,7.91140079498291
2006-03-27,7.93166446685791
2006-03-28,7.923558235168457
2006-03-29,8.024884223937988
2006-03-30,8.130260467529297
2006-03-31,8.114047050476074
2006-04-03,8.247797012329102
2006-04-04,8.255903244018555
2006-04-05,8.397754669189453
2006-04-06,8.503131866455078
2006-04-07,8.426130294799805
2006-04-10,8.405858039855957
2006-04-11,8.434233665466309
2006-04-12,8.446391105651855
2006-04-13,8.373440742492676
2006-04-17,8.495030403137207
2006-04-18,8.742259979248047
2006-04-19,8.831422805786133
2006-04-20,8.612566947937012
2006-04-21,8.73009967803955
2006-04-24,8.713888168334961
2006-04-25,8.71794319152832
2006-04-26,8.892219543457031
2006-04-27,8.843584060668945
2006-04-28,8.892219543457031
2006-05-01,8.977333068847656
2006-05-02,8.96922779083252
2006-05-03,8.981383323669434
2006-05-04,8.96112060546875
2006-05-05,9.078654289245605
2006-05-08,9.107026100158691
2006-05-09,9.240774154663086
2006-05-10,9.204296112060547
2006-05-11,9.20024585723877
2006-05-12,8.97327709197998
2006-05-15,8.766578674316406
2006-05-16,8.884112358093262
2006-05-17,8.604459762573242
2006-05-18,8.624722480773926
2006-05-19,8.572033882141113
2006-05-22,8.369384765625
2006-05-23,8.482870101928711
2006-05-24,8.381546974182129
2006-05-25,8.490976333618164
2006-05-26,8.54771614074707
2006-05-30,8.507186889648438
2006-05-31,8.430180549621582
2006-06-01,8.39370059967041
2006-06-02,8.490976333618164
2006-06-05,8.397754669189453
2006-06-06,8.251849174499512
2006-06-07,8.187002182006836
2006-06-08,8.07352066040039
2006-06-09,8.174846649169922
2006-06-12,8.11810302734375
2006-06-13,7.773598670959473
2006-06-14,7.939770698547363
2006-06-15,8.158631324768066
2006-06-16,8.085678100585938
2006-06-19,7.984354496002197
2006-06-20,7.980302333831787
2006-06-21,8.134316444396973
2006-06-22,8.11810302734375
2006-06-23,8.114047050476074
2006-06-26,8.130260467529297
2006-06-27,8.085678100585938
2006-06-28,8.061361312866211
2006-06-29,8.389653205871582
2006-06-30,8.40991497039795
2006-07-03,8.466655731201172
2006-07-05,8.361279487609863
2006-07-06,8.458551406860352
2006-07-07,8.584196090698242
2006-07-10,8.576086044311523
2006-07-11,8.584196090698242
2006-07-12,8.466655731201172
2006-07-13,8.39370059967041
2006-07-14,8.223479270935059
2006-07-17,8.207268714904785
2006-07-18,8.17078971862793
2006-07-19,8.308589935302734
2006-07-20,8.280220985412598
2006-07-21,8.235636711120605
2006-07-24,8.40991497039795
2006-07-25,8.397754669189453
2006-07-26,8.357226371765137
2006-07-27,8.470708847045898
2006-07-28,8.563926696777344
2006-07-31,8.495030403137207
2006-08-01,8.462603569030762
2006-08-02,8.442341804504395
2006-08-03,8.426130294799805
2006-08-04,8.434233665466309
2006-08-07,8.397754669189453
2006-08-08,8.466655731201172
2006-08-09,8.422074317932129
2006-08-10,8.450447082519531
2006-08-11,8.389653205871582
2006-08-14,8.40991497039795
2006-08-15,8.53150463104248
2006-08-16,8.555824279785156
2006-08-17,8.580141067504883
2006-08-18,8.576086044311523
2006-08-21,8.669305801391602
2006-08-22,8.616618156433105
2006-08-23,8.580141067504883
2006-08-24,8.458551406860352
2006-08-25,8.490976333618164
2006-08-28,8.54771614074707
2006-08-29,8.673357963562012
2006-08-30,8.673357963562012
2006-08-31,8.73009967803955
2006-09-01,8.77468204498291
2006-09-05,8.920592308044434
2006-09-06,8.738208770751953
2006-09-07,8.649041175842285
2006-09-08,8.636881828308105
2006-09-11,8.422074317932129
2006-09-12,8.446391105651855
2006-09-13,8.515294075012207
2006-09-14,8.53150463104248
2006-09-15,8.519342422485352
2006-09-18,8.624722480773926
2006-09-19,8.482870101928711
2006-09-20,8.474761962890625
2006-09-21,8.442341804504395
2006-09-22,8.341014862060547
2006-09-25,8.446391105651855
2006-09-26,8.454498291015625
2006-09-27,8.572033882141113
2006-09-28,8.580141067504883
2006-09-29,8.592302322387695
2006-10-02,8.665252685546875
2006-10-03,8.567983627319336
2006-10-04,8.665252685546875
2006-10-05,8.7706298828125
2006-10-06,8.689570426940918
2006-10-09,8.7098388671875
2006-10-10,8.742259979248047
2006-10-11,8.762526512145996
2006-10-12,8.912484169006348
2006-10-13,8.916536331176758
2006-10-16,9.013809204101562
2006-10-17,8.871953964233398
2006-10-18,8.957066535949707
2006-10-19,9.001649856567383
2006-10-20,9.119189262390137
2006-10-23,9.086762428283691
2006-10-24,9.098922729492188
2006-10-25,9.131345748901367
2006-10-26,9.321834564208984
2006-10-27,9.20024585723877
2006-10-30,9.423157691955566
2006-10-31,9.329939842224121
2006-11-01,9.483954429626465
2006-11-02,9.37452220916748
2006-11-03,9.423157691955566
2006-11-06,9.524481773376465
2006-11-07,9.605541229248047
2006-11-08,9.447477340698242
2006-11-09,9.431264877319336
2006-11-10,9.394786834716797
2006-11-13,9.305623054504395
2006-11-14,9.410999298095703
2006-11-15,9.346148490905762
2006-11-16,9.281303405761719
2006-11-17,9.354255676269531
2006-11-20,9.20024585723877
2006-11-21,9.33804702758789
2006-11-22,9.488006591796875
2006-11-24,9.540694236755371
2006-11-27,9.427215576171875
2006-11-28,9.605541229248047
2006-11-29,9.654180526733398
2006-11-30,9.735235214233398
2006-12-01,9.585278511047363
2006-12-04,9.723078727722168
2006-12-05,9.674440383911133
2006-12-06,9.727131843566895
2006-12-07,9.662284851074219
2006-12-08,9.540694236755371
2006-12-11,9.654180526733398
2006-12-12,9.666337966918945
2006-12-13,9.739291191101074
2006-12-14,9.889249801635742
2006-12-15,9.816295623779297
2006-12-18,9.787927627563477
2006-12-19,9.791977882385254
2006-12-20,9.88115119934082
2006-12-21,9.825948715209961
2006-12-22,9.859920501708984
2006-12-26,9.885396957397461
2006-12-27,10.04675579071045
2006-12-28,10.080727577209473
2006-12-29,9.9788179397583
2007-01-03,9.995800971984863
2007-01-04,9.80896282196045
2007-01-05,9.647604942321777
2007-01-08,9.702807426452637
2007-01-09,9.758008003234863
2007-01-10,9.690068244934082
2007-01-11,9.779239654541016
2007-01-12,9.944843292236328
2007-01-16,9.927860260009766
2007-01-17,9.919367790222168
2007-01-18,9.9788179397583
2007-01-19,10.110447883605957
2007-01-22,10.089221954345703
2007-01-23,10.301536560058594
2007-01-24,10.216608047485352
2007-01-25,9.9873046875
2007-01-26,9.99155330657959
2007-01-29,9.995800971984863
2007-01-30,10.169900894165039
2007-01-31,10.1571626663208
2007-02-01,10.131683349609375
2007-02-02,10.131683349609375
2007-02-05,10.17839241027832
2007-02-06,10.288795471191406
2007-02-07,10.35673713684082
2007-02-08,10.41618537902832
2007-02-09,10.352490425109863
2007-02-12,10.288795471191406
2007-02-13,10.484128952026367
2007-02-14,10.594531059265137
2007-02-15,10.586037635803223
2007-02-16,10.611515998840332
2007-02-20,10.670965194702148
2007-02-21,10.666717529296875
2007-02-22,10.738905906677246
2007-02-23,10.917250633239746
2007-02-26,10.934235572814941
2007-02-27,10.38646125793457
2007-02-28,10.44591236114502
2007-03-01,10.403447151184082
2007-03-02,10.369477272033691
2007-03-05,9.76650333404541
2007-03-06,10.373720169067383
2007-03-07,10.263322830200195
2007-03-08,10.305784225463867
2007-03-09,10.29729175567627
2007-03-12,10.547825813293457
2007-03-13,10.259073257446289
2007-03-14,10.433170318603516
2007-03-15,10.615763664245605
2007-03-16,10.547825813293457
2007-03-19,10.704933166503906
2007-03-20,10.845063209533691
2007-03-21,10.942726135253906
2007-03-22,10.985190391540527
2007-03-23,10.934235572814941
2007-03-26,11.197508811950684
2007-03-27,10.959712982177734
2007-03-28,10.819583892822266
2007-03-29,10.921497344970703
2007-03-30,11.019161224365234
2007-04-02,11.044638633728027
2007-04-03,11.244216918945312
2007-04-04,11.337634086608887
2007-04-05,11.39283561706543
2007-04-09,11.388590812683105
2007-04-10,11.613642692565918
2007-04-11,11.51173210144043
2007-04-12,11.690075874328613
2007-04-13,11.702814102172852
2007-04-16,11.791991233825684
2007-04-17,11.825958251953125
2007-04-18,11.830205917358398
2007-04-19,11.711308479309082
2007-04-20,11.766509056091309
2007-04-23,11.728293418884277
2007-04-24,11.549947738647461
2007-04-25,11.766509056091309
2007-04-26,11.656105995178223
2007-04-27,11.622140884399414
2007-04-30,11.503240585327148
2007-05-01,11.520225524902344
2007-05-02,11.745278358459473
2007-05-03,11.711308479309082
2007-05-04,11.830205917358398
2007-05-07,11.825958251953125
2007-05-08,11.796232223510742
2007-05-09,11.995810508728027
2007-05-10,11.804726600646973
2007-05-11,11.983076095581055
2007-05-14,11.932113647460938
2007-05-15,11.915128707885742
2007-05-16,11.804726600646973
2007-05-17,11.885408401489258
2007-05-18,11.927872657775879
2007-05-21,11.889654159545898
2007-05-22,11.800479888916016
2007-05-23,11.868420600891113
2007-05-24,11.507485389709473
2007-05-25,11.7410306930542
2007-05-29,11.715554237365723
2007-05-30,11.711308479309082
2007-05-31,11.847188949584961
2007-06-01,11.970335006713867
2007-06-04,12.08498764038086
2007-06-05,12.101967811584473
2007-06-06,11.932113647460938
2007-06-07,11.851434707641602
2007-06-08,11.966086387634277
2007-06-11,12.038276672363281
2007-06-12,11.749526023864746
2007-06-13,11.898146629333496
2007-06-14,11.932113647460938
2007-06-15,12.101967811584473
2007-06-18,12.1571683883667
2007-06-19,12.310037612915039
2007-06-20,12.293054580688477
2007-06-21,12.322774887084961
2007-06-22,12.250591278076172
2007-06-25,12.335515022277832
2007-06-26,12.123199462890625
2007-06-27,11.889654159545898
2007-06-28,12.0977201461792
2007-06-29,12.089228630065918
2007-07-02,12.365241050720215
2007-07-03,12.322774887084961
2007-07-05,12.462904930114746
2007-07-06,12.50537109375
2007-07-09,12.607279777526855
2007-07-10,12.450167655944824
2007-07-11,12.462904930114746
2007-07-12,12.675223350524902
2007-07-13,12.709188461303711
2007-07-16,12.726173400878906
2007-07-17,12.683716773986816
2007-07-18,12.670976638793945
2007-07-19,12.823840141296387
2007-07-20,12.794116020202637
2007-07-23,12.88753604888916
2007-07-24,12.734665870666504
2007-07-25,12.781377792358398
2007-07-26,12.093473434448242
2007-07-27,11.677340507507324
2007-07-30,11.944856643676758
2007-07-31,11.906637191772461
2007-08-01,11.694323539733887
2007-08-02,11.804726600646973
2007-08-03,11.380095481872559
2007-08-06,11.668846130371094
2007-08-07,11.77075481414795
2007-08-08,12.0977201461792
2007-08-09,11.588165283203125
2007-08-10,11.613642692565918
2007-08-13,11.639123916625977
2007-08-14,11.197508811950684
2007-08-15,10.704933166503906
2007-08-16,10.250578880310059
2007-08-17,10.586037635803223
2007-08-20,10.97669792175293
2007-08-21,10.934235572814941
2007-08-22,11.295170783996582
2007-08-23,11.643366813659668
2007-08-24,11.825958251953125
2007-08-27,11.7410306930542
2007-08-28,11.39283561706543
2007-08-29,11.796232223510742
2007-08-30,11.515979766845703
2007-08-31,11.864175796508789
2007-09-04,12.089228630065918
2007-09-05,11.719803810119629
2007-09-06,12.034025192260742
2007-09-07,11.80897045135498
2007-09-10,11.821712493896484
2007-09-11,12.25908088684082
2007-09-12,12.123199462890625
2007-09-13,12.267577171325684
2007-09-14,12.288805961608887
2007-09-17,12.063750267028809
2007-09-18,12.458660125732422
2007-09-19,12.734665870666504
2007-09-20,12.747413635253906
2007-09-21,12.823840141296387
2007-09-24,12.963970184326172
2007-09-25,13.14655876159668
2007-09-26,13.290932655334473
2007-09-27,13.3970947265625
2007-09-28,13.499001502990723
2007-10-01,13.83870792388916
2007-10-02,13.698575973510742
2007-10-03,13.643376350402832
2007-10-04,13.626392364501953
2007-10-05,13.85993766784668
2007-10-08,13.673101425170898
2007-10-09,14.038281440734863
2007-10-10,14.021295547485352
2007-10-11,14.1189603805542
2007-10-12,14.216628074645996
2007-10-15,14.012805938720703
2007-10-16,13.728307723999023
2007-10-17,13.766518592834473
2007-10-18,14.055266380310059
2007-10-19,13.515985488891602
2007-10-22,13.554201126098633
2007-10-23,13.915141105651855
2007-10-24,13.95335865020752
2007-10-25,13.991572380065918
2007-10-26,14.40346622467041
2007-10-29,14.573319435119629
2007-10-30,14.369489669799805
2007-10-31,14.738924980163574
2007-11-01,14.174164772033691
2007-11-02,14.327033996582031
2007-11-05,14.012805938720703
2007-11-06,14.297306060791016
2007-11-07,14.059514999389648
2007-11-08,14.182658195495605
2007-11-09,13.677346229553223
2007-11-12,13.06163501739502
2007-11-13,13.690088272094727
2007-11-14,13.69433307647705
2007-11-15,13.273950576782227
2007-11-16,13.43530559539795
2007-11-19,13.095605850219727
2007-11-20,13.33340072631836
2007-11-21,12.819592475891113
2007-11-23,12.976704597473145
2007-11-26,12.781377792358398
2007-11-27,13.014924049377441
2007-11-28,13.439558982849121
2007-11-29,13.316411972045898
2007-11-30,13.43530559539795
2007-12-03,13.380112648010254
2007-12-04,13.201762199401855
2007-12-05,13.367368698120117
2007-12-06,13.622145652770996
2007-12-07,13.486261367797852
2007-12-10,13.74528980255127
2007-12-11,13.384355545043945
2007-12-12,13.545710563659668
2007-12-13,13.448047637939453
2007-12-14,12.874798774719238
2007-12-17,12.39920711517334
2007-12-18,12.458660125732422
2007-12-19,12.39920711517334
2007-12-20,12.411197662353516
2007-12-21,12.753119468688965
2007-12-24,12.87745189666748
2007-12-26,12.890774726867676
2007-12-27,12.806406021118164
2007-12-28,12.930741310119629
2007-12-31,12.79752254486084
2008-01-02,12.779759407043457
2008-01-03,12.841925621032715
2008-01-04,12.473370552062988
2008-01-07,12.442283630371094
2008-01-08,12.331273078918457
2008-01-09,12.486687660217285
2008-01-10,12.673190116882324
2008-01-11,12.286867141723633
2008-01-14,12.495569229125977
2008-01-15,11.989352226257324
2008-01-16,11.829492568969727
2008-01-17,11.41652774810791
2008-01-18,11.585267066955566
2008-01-22,11.039083480834961
2008-01-23,11.056846618652344
2008-01-24,11.523099899291992
2008-01-25,11.896100044250488
2008-01-28,12.100369453430176
2008-01-29,11.927186012268066
2008-01-30,11.634113311767578
2008-01-31,11.936066627502441
2008-02-01,12.624344825744629
2008-02-04,12.331273078918457
2008-02-05,11.749564170837402
2008-02-06,11.66519832611084
2008-02-07,11.656315803527832
2008-02-08,11.647436141967773
2008-02-11,11.71403980255127
2008-02-12,11.873896598815918
2008-02-13,11.660757064819336
2008-02-14,11.691837310791016
2008-02-15,11.86945915222168
2008-02-19,11.918301582336426
2008-02-20,11.776204109191895
2008-02-21,11.745124816894531
2008-02-22,11.913863182067871
2008-02-25,12.291303634643555
2008-02-26,12.411197662353516
2008-02-27,12.531095504760742
2008-02-28,12.349030494689941
2008-02-29,11.785088539123535
2008-03-03,11.909422874450684
2008-03-04,11.580826759338379
2008-03-05,11.811732292175293
2008-03-06,11.460932731628418
2008-03-07,11.198941230773926
2008-03-10,10.98136043548584
2008-03-11,11.43873405456543
2008-03-12,11.385443687438965
2008-03-13,11.487574577331543
2008-03-14,11.225587844848633
2008-03-17,10.972476959228516
2008-03-18,11.261112213134766
2008-03-19,11.061285018920898
2008-03-20,11.030207633972168
2008-03-24,11.3321533203125
2008-03-25,11.3321533203125
2008-03-26,11.558624267578125
2008-03-27,11.478693008422852
2008-03-28,11.447611808776855
2008-03-31,11.43873405456543
2008-04-01,11.718481063842773
2008-04-02,11.856138229370117
2008-04-03,12.10480785369873
2008-04-04,12.251338005065918
2008-04-07,12.286867141723633
2008-04-08,12.291303634643555
2008-04-09,11.993793487548828
2008-04-10,11.962705612182617
2008-04-11,11.767328262329102
2008-04-14,11.66519832611084
2008-04-15,11.900541305541992
2008-04-16,12.384559631347656
2008-04-17,12.158093452453613
2008-04-18,12.153653144836426
2008-04-21,12.513330459594727
2008-04-22,12.371234893798828
2008-04-23,12.606581687927246
2008-04-24,12.402320861816406
2008-04-25,12.402320861816406
2008-04-28,12.331273078918457
2008-04-29,12.193614959716797
2008-04-30,12.335708618164062
2008-05-01,12.415642738342285
2008-05-02,12.624344825744629
2008-05-05,12.704273223876953
2008-05-06,12.806406021118164
2008-05-07,12.371234893798828
2008-05-08,12.70871353149414
2008-05-09,12.784197807312012
2008-05-12,13.108356475830078
2008-05-13,12.992907524108887
2008-05-14,13.068394660949707
2008-05-15,13.268217086791992
2008-05-16,13.463601112365723
2008-05-19,13.405868530273438
2008-05-20,13.210491180419922
2008-05-21,13.086156845092773
2008-05-22,13.16164493560791
2008-05-23,12.935175895690918
2008-05-27,12.997344017028809
2008-05-28,12.935175895690918
2008-05-29,12.881893157958984
2008-05-30,12.997344017028809
2008-06-02,12.806406021118164
2008-06-03,12.513330459594727
2008-06-04,12.46448802947998
2008-06-05,12.699832916259766
2008-06-06,12.442283630371094
2008-06-09,12.300187110900879
2008-06-10,12.131450653076172
2008-06-11,12.024877548217773
2008-06-12,11.833931922912598
2008-06-13,12.029318809509277
2008-06-16,11.927186012268066
2008-06-17,12.135890007019043
2008-06-18,12.100369453430176
2008-06-19,12.162534713745117
2008-06-20,11.825055122375488
2008-06-23,11.86945915222168
2008-06-24,11.878336906433105
2008-06-25,11.967151641845703
2008-06-26,11.785088539123535
2008-06-27,11.94494342803955
2008-06-30,11.75400447845459
2008-07-01,11.53642463684082
2008-07-02,11.354358673095703
2008-07-03,11.345479011535645
2008-07-07,11.24334716796875
2008-07-08,11.309955596923828
2008-07-09,11.154540061950684
2008-07-10,11.354358673095703
2008-07-11,11.216704368591309
2008-07-14,11.30107307434082
2008-07-15,11.087929725646973
2008-07-16,11.376562118530273
2008-07-17,11.398763656616211
2008-07-18,11.318835258483887
2008-07-21,11.642991065979004
2008-07-22,11.642991065979004
2008-07-23,11.749564170837402
2008-07-24,11.492018699645996
2008-07-25,11.412086486816406
2008-07-28,10.99467945098877
2008-07-29,11.09237289428711
2008-07-30,11.176738739013672
2008-07-31,11.047966957092285
2008-08-01,10.741573333740234
2008-08-04,10.639439582824707
2008-08-05,10.73269271850586
2008-08-06,10.821497917175293
2008-08-07,10.635002136230469
2008-08-08,10.648323059082031
2008-08-11,10.608354568481445
2008-08-12,10.484025955200195
2008-08-13,10.364130973815918
2008-08-14,10.29752254486084
2008-08-15,10.23979377746582
2008-08-18,10.226472854614258
2008-08-19,10.102143287658691
2008-08-20,10.333045959472656
2008-08-21,10.337485313415527
2008-08-22,10.350805282592773
2008-08-25,10.20427131652832
2008-08-26,10.230915069580078
2008-08-27,10.364130973815918
2008-08-28,10.639439582824707
2008-08-29,10.577272415161133
2008-09-02,10.31972599029541
2008-09-03,10.208712577819824
2008-09-04,9.622564315795898
2008-09-05,9.587038040161133
2008-09-08,9.942277908325195
2008-09-09,9.356133460998535
2008-09-10,9.524874687194824
2008-09-11,9.431623458862305
2008-09-12,9.88455581665039
2008-09-15,9.174074172973633
2008-09-16,9.298407554626465
2008-09-17,8.765548706054688
2008-09-18,9.209599494934082
2008-09-19,9.897880554199219
2008-09-22,10.071056365966797
2008-09-23,9.960042953491211
2008-09-24,10.079936027526855
2008-09-25,10.226472854614258
2008-09-26,10.03553295135498
2008-09-29,8.792193412780762
2008-09-30,9.120789527893066
2008-10-01,9.214041709899902
2008-10-02,8.70338249206543
2008-10-03,8.650094985961914
2008-10-06,7.597699165344238
2008-10-07,7.557732582092285
2008-10-08,7.087037563323975
2008-10-09,6.900537967681885
2008-10-10,6.39876127243042
2008-10-13,7.726471424102783
2008-10-14,7.362349987030029
2008-10-15,6.629668712615967
2008-10-16,7.087037563323975
2008-10-17,6.705155372619629
2008-10-20,7.420076847076416
2008-10-21,6.962704658508301
2008-10-22,6.4653706550598145
2008-10-23,6.487571716308594
2008-10-24,5.879223346710205
2008-10-27,5.639435768127441
2008-10-28,6.394320011138916
2008-10-29,6.37211799621582
2008-10-30,6.767321586608887
2008-10-31,6.656312465667725
2008-11-03,7.015990257263184
2008-11-04,7.59325647354126
2008-11-05,7.206933975219727
2008-11-06,6.611905574798584
2008-11-07,6.904979228973389
2008-11-10,6.585263252258301
2008-11-11,6.341033458709717
2008-11-12,5.928069114685059
2008-11-13,6.44760799407959
2008-11-14,5.932507038116455
2008-11-17,5.723805904388428
2008-11-18,5.719367027282715
2008-11-19,5.293076992034912
2008-11-20,4.8667893409729
2008-11-21,5.492898941040039
2008-11-24,5.719367027282715
2008-11-25,5.985794544219971
2008-11-26,6.003556251525879
2008-11-28,6.065725326538086
2008-12-01,5.550627708435059
2008-12-02,5.794853687286377
2008-12-03,5.874782085418701
2008-12-04,5.572829246520996
2008-12-05,5.737128734588623
2008-12-08,6.145651817321777
2008-12-09,5.830378532409668
2008-12-10,5.963593006134033
2008-12-11,5.928069114685059
2008-12-12,5.945828437805176
2008-12-15,5.941389560699463
2008-12-16,6.367679119110107
2008-12-17,6.261106491088867
2008-12-18,5.972471714019775
2008-12-19,6.087926387786865
2008-12-22,6.065725326538086
2008-12-23,5.980224609375
2008-12-24,6.113223552703857
2008-12-26,6.231973648071289
2008-12-29,6.146474361419678
2008-12-30,6.360221862792969
2008-12-31,6.654719829559326
2009-01-02,6.725971698760986
2009-01-05,6.635722637176514
2009-01-06,6.844720363616943
2009-01-07,6.578723430633545
2009-01-08,6.6309733390808105
2009-01-09,6.412472724914551
2009-01-12,6.174973011016846
2009-01-13,6.056224346160889
2009-01-14,5.842474460601807
2009-01-15,5.942224025726318
2009-01-16,5.970724105834961
2009-01-20,5.467226028442383
2009-01-21,5.780725479125977
2009-01-22,5.604977130889893
2009-01-23,5.505226135253906
2009-01-26,5.538475513458252
2009-01-27,5.695225238800049
2009-01-28,5.899475574493408
2009-01-29,5.595475196838379
2009-01-30,5.514725208282471
2009-02-02,5.538475513458252
2009-02-03,5.742725849151611
2009-02-04,5.562225818634033
2009-02-05,5.7142252922058105
2009-02-06,6.018223762512207
2009-02-09,6.027723789215088
2009-02-10,5.562225818634033
2009-02-11,5.7284770011901855
2009-02-12,5.766472816467285
2009-02-13,5.818724632263184
2009-02-17,5.4197258949279785
2009-02-18,5.448225975036621
2009-02-19,5.505226135253906
2009-02-20,5.500476837158203
2009-02-23,5.315227031707764
2009-02-24,5.576474666595459
2009-02-25,5.424476146697998
2009-02-26,5.410226345062256
2009-02-27,5.329477787017822
2009-03-02,5.030229568481445
2009-03-03,5.120477199554443
2009-03-04,5.334228038787842
2009-03-05,5.0729780197143555
2009-03-06,5.11572790145874
2009-03-09,4.992229461669922
2009-03-10,5.372227191925049
2009-03-11,5.410226345062256
2009-03-12,5.533726692199707
2009-03-13,5.661974906921387
2009-03-16,5.68572473526001
2009-03-17,5.946975231170654
2009-03-18,6.0372233390808105
2009-03-19,6.146474361419678
2009-03-20,6.103724479675293
2009-03-23,6.507472515106201
2009-03-24,6.360221862792969
2009-03-25,6.4742231369018555
2009-03-26,6.654719829559326
2009-03-27,6.459971904754639
2009-03-30,6.151223182678223
2009-03-31,6.360221862792969
2009-04-01,6.469472408294678
2009-04-02,6.844720363616943
2009-04-03,6.915971279144287
2009-04-06,6.801969528198242
2009-04-07,6.640470027923584
2009-04-08,6.5929718017578125
2009-04-09,6.849470138549805
2009-04-13,6.982470512390137
2009-04-14,6.887470722198486
2009-04-15,7.00147008895874
2009-04-16,7.0204691886901855
2009-04-17,6.987220287322998
2009-04-20,6.521722793579102
2009-04-21,6.72122049331665
2009-04-22,6.588220119476318
2009-04-23,6.839972019195557
2009-04-24,6.930219650268555
2009-04-27,6.744969844818115
2009-04-28,6.645223617553711
2009-04-29,6.934971332550049
2009-04-30,6.977719783782959
2009-05-01,7.0347185134887695
2009-05-04,7.428967475891113
2009-05-05,7.357718467712402
2009-05-06,7.50496768951416
2009-05-07,7.452719688415527
2009-05-08,7.780464172363281
2009-05-11,7.481216907501221
2009-05-12,7.542965412139893
2009-05-13,7.162968635559082
2009-05-14,7.267467498779297
2009-05-15,7.129721641540527
2009-05-18,7.433716773986816
2009-05-19,7.571467399597168
2009-05-20,7.576217174530029
2009-05-21,7.438468933105469
2009-05-22,7.50971794128418
2009-05-26,7.713968276977539
2009-05-27,7.447968006134033
2009-05-28,7.514467239379883
2009-05-29,7.82321834564209
2009-06-01,8.150964736938477
2009-06-02,8.288712501525879
2009-06-03,8.06546401977539
2009-06-04,8.027464866638184
2009-06-05,8.003714561462402
2009-06-08,7.889718532562256
2009-06-09,8.084464073181152
2009-06-10,8.241217613220215
2009-06-11,8.478713035583496
2009-06-12,8.383716583251953
2009-06-15,8.008466720581055
2009-06-16,7.941965103149414
2009-06-17,7.827966690063477
2009-06-18,7.941965103149414
2009-06-19,7.984717845916748
2009-06-22,7.652218341827393
2009-06-23,7.636972904205322
2009-06-24,7.770370006561279
2009-06-25,7.941879749298096
2009-06-26,8.008578300476074
2009-06-29,8.08480453491211
2009-06-30,8.003813743591309
2009-07-01,8.037163734436035
2009-07-02,7.727489471435547
2009-07-06,7.679849624633789
2009-07-07,7.455931186676025
2009-07-08,7.408294200897217
2009-07-09,7.503574371337891
2009-07-10,7.489285469055176
2009-07-13,7.551215171813965
2009-07-14,7.818009376525879
2009-07-15,8.20390796661377
2009-07-16,8.265843391418457
2009-07-17,8.232492446899414
2009-07-20,8.484993934631348
2009-07-21,8.442116737365723
2009-07-22,8.427826881408691
2009-07-23,8.589808464050293
2009-07-24,8.565986633300781
2009-07-27,8.680326461791992
2009-07-28,8.713674545288086
2009-07-29,8.589808464050293
2009-07-30,8.866129875183105
2009-07-31,9.018583297729492
2009-08-03,9.261554718017578
2009-08-04,9.256792068481445
2009-08-05,9.175798416137695
2009-08-06,9.232967376708984
2009-08-07,9.275847434997559
2009-08-10,9.171036720275879
2009-08-11,9.090044021606445
2009-08-12,9.304431915283203
2009-08-13,9.585518836975098
2009-08-14,9.342543601989746
2009-08-17,9.109103202819824
2009-08-18,9.275847434997559
2009-08-19,9.318724632263184
2009-08-20,9.290138244628906
2009-08-21,9.28537654876709
2009-08-24,9.485471725463867
2009-08-25,9.494999885559082
2009-08-26,9.4044828414917
2009-08-27,9.60457706451416
2009-08-28,9.704622268676758
2009-08-31,9.656983375549316
2009-09-01,9.456890106201172
2009-09-02,9.433063507080078
2009-09-03,9.61886978149414
2009-09-04,9.780852317810059
2009-09-08,10.061935424804688
2009-09-09,10.09528636932373
2009-09-10,10.228681564331055
2009-09-11,10.209625244140625
2009-09-14,10.157220840454102
2009-09-15,10.157220840454102
2009-09-16,10.63364028930664
2009-09-17,10.495477676391602
2009-09-18,10.505002975463867
2009-09-21,10.395426750183105
2009-09-22,10.581233978271484
2009-09-23,10.562177658081055
2009-09-24,10.381134986877441
2009-09-25,10.481184005737305
2009-09-28,10.652692794799805
2009-09-29,10.700337409973145
2009-09-30,10.767036437988281
2009-10-01,10.376372337341309
2009-10-02,10.214390754699707
2009-10-05,10.419251441955566
2009-10-06,10.652692794799805
2009-10-07,10.781325340270996
2009-10-08,11.186281204223633
2009-10-09,11.133874893188477
2009-10-12,11.16722583770752
2009-10-13,11.162461280822754
2009-10-14,11.50548267364502
2009-10-15,11.58647346496582
2009-10-16,11.45307731628418
2009-10-19,11.610291481018066
2009-10-20,11.486425399780273
2009-10-21,11.476895332336426
2009-10-22,11.629351615905762
2009-10-23,11.50548267364502
2009-10-26,11.343499183654785
2009-10-27,11.205336570739746
2009-10-28,10.700337409973145
2009-10-29,10.919489860534668
2009-10-30,10.447834014892578
2009-11-02,10.614582061767578
2009-11-03,10.543116569519043
2009-11-04,10.628872871398926
2009-11-05,10.733684539794922
2009-11-06,10.924253463745117
2009-11-09,11.414961814880371
2009-11-10,11.448310852050781
2009-11-11,11.495954513549805
2009-11-12,11.267274856567383
2009-11-13,11.486425399780273
2009-11-16,11.672228813171387
2009-11-17,11.495954513549805
2009-11-18,11.443549156188965
2009-11-19,11.205336570739746
2009-11-20,11.1005277633667
2009-11-23,11.33397388458252
2009-11-24,11.152935028076172
2009-11-25,11.429252624511719
2009-11-27,10.871846199035645
2009-11-30,11.114818572998047
2009-12-01,11.386381149291992
2009-12-02,11.376848220825195
2009-12-03,11.252979278564453
2009-12-04,11.205336570739746
2009-12-07,11.019536972045898
2009-12-08,10.800381660461426
2009-12-09,10.867081642150879
2009-12-10,10.990948677062988
2009-12-11,10.938547134399414
2009-12-14,11.038591384887695
2009-12-15,10.876607894897461
2009-12-16,10.833730697631836
2009-12-17,10.666982650756836
2009-12-18,10.733684539794922
2009-12-21,10.609818458557129
2009-12-22,10.671060562133789
2009-12-23,10.818044662475586
2009-12-24,11.038520812988281
2009-12-28,11.063016891479492
2009-12-29,11.175705909729004
2009-12-30,11.170804023742676
2009-12-31,11.190403938293457
2010-01-04,11.621557235717773
2010-01-05,11.65585708618164
2010-01-06,11.699949264526367
2010-01-07,11.6460542678833
2010-01-08,11.783241271972656
2010-01-11,11.900826454162598
2010-01-12,11.508868217468262
2010-01-13,11.685253143310547
2010-01-14,11.832236289978027
2010-01-15,11.582364082336426
2010-01-19,11.7538423538208
2010-01-20,11.405981063842773
2010-01-21,11.023818969726562
2010-01-22,10.798450469970703
2010-01-25,10.965027809143066
2010-01-26,10.769049644470215
2010-01-27,10.720054626464844
2010-01-28,10.622065544128418
2010-01-29,10.337895393371582
2010-02-01,10.587770462036133
2010-02-02,10.661260604858398
2010-02-03,10.528976440429688
2010-02-04,10.029227256774902
2010-02-05,10.088024139404297
2010-02-08,10.024330139160156
2010-02-09,10.31829833984375
2010-02-10,10.25460433959961
2010-02-11,10.612265586853027
2010-02-12,10.4260835647583
2010-02-16,10.847444534301758
2010-02-17,10.965027809143066
2010-02-18,11.048319816589355
2010-02-19,10.965027809143066
2010-02-22,11.11201286315918
2010-02-23,10.886636734008789
2010-02-24,10.945430755615234
2010-02-25,10.690656661987305
2010-02-26,10.847444534301758
2010-03-01,11.156105995178223
2010-03-02,11.2149019241333
2010-03-03,11.34228801727295
2010-03-04,11.278594017028809
2010-03-05,11.56766414642334
2010-03-08,11.5039701461792
2010-03-09,11.621557235717773
2010-03-10,11.66075611114502
2010-03-11,11.626457214355469
2010-03-12,11.621557235717773
2010-03-15,11.49907112121582
2010-03-16,11.704848289489746
2010-03-17,11.837133407592773
2010-03-18,11.748944282531738
2010-03-19,11.636258125305176
2010-03-22,11.714644432067871
2010-03-23,11.881231307983398
2010-03-24,11.641156196594238
2010-03-25,11.670553207397461
2010-03-26,11.675454139709473
2010-03-29,11.866534233093262
2010-03-30,11.886127471923828
2010-03-31,11.763646125793457
2010-04-01,11.989021301269531
2010-04-05,12.062511444091797
2010-04-06,12.140904426574707
2010-04-07,12.052712440490723
2010-04-08,12.047811508178711
2010-04-09,12.14580249786377
2010-04-12,12.106605529785156
2010-04-13,12.082109451293945
2010-04-14,12.30748462677002
2010-04-15,12.282989501953125
2010-04-16,11.993919372558594
2010-04-19,11.915528297424316
2010-04-20,12.087008476257324
2010-04-21,12.028215408325195
2010-04-22,11.944927215576172
2010-04-23,11.900826454162598
2010-04-26,11.876331329345703
2010-04-27,11.440276145935059
2010-04-28,11.636258125305176
2010-04-29,11.739145278930664
2010-04-30,11.484374046325684
2010-05-03,11.626457214355469
2010-05-04,11.0189208984375
2010-05-05,10.925833702087402
2010-05-06,10.19581127166748
2010-05-07,10.210508346557617
2010-05-10,10.98952579498291
2010-05-11,10.739656448364258
2010-05-12,10.818044662475586
2010-05-13,10.754352569580078
2010-05-14,10.391791343688965
2010-05-17,10.288900375366211
2010-05-18,10.014533042907715
2010-05-19,9.666668891906738
2010-05-20,9.049333572387695
2010-05-21,9.451092720031738
2010-05-24,9.431493759155273
2010-05-25,9.358000755310059
2010-05-26,9.279610633850098
2010-05-27,9.916537284851074
2010-05-28,9.8528470993042
2010-06-01,9.544180870056152
2010-06-02,9.828350067138672
2010-06-03,9.857747077941895
2010-06-04,9.348201751708984
2010-06-07,9.137524604797363
2010-06-08,9.519683837890625
2010-06-09,9.544180870056152
2010-06-10,10.053725242614746
2010-06-11,10.107619285583496
2010-06-14,10.181112289428711
2010-06-15,10.401586532592773
2010-06-16,10.332995414733887
2010-06-17,10.308497428894043
2010-06-18,10.401586532592773
2010-06-21,10.514277458190918
2010-06-22,10.31829833984375
2010-06-23,10.260416030883789
2010-06-24,10.052632331848145
2010-06-25,10.1120023727417
2010-06-28,9.973483085632324
2010-06-29,9.498552322387695
2010-06-30,9.389714241027832
2010-07-01,9.394665718078613
2010-07-02,9.389714241027832
2010-07-06,9.538131713867188
2010-07-07,9.83495807647705
2010-07-08,10.067479133605957
2010-07-09,10.141683578491211
2010-07-12,10.07242202758789
2010-07-13,10.2010498046875
2010-07-14,10.255471229553223
2010-07-15,10.245574951171875
2010-07-16,9.914114952087402
2010-07-19,9.943796157836914
2010-07-20,10.285149574279785
2010-07-21,10.052632331848145
2010-07-22,10.369251251220703
2010-07-23,10.54240608215332
2010-07-26,10.690817832946777
2010-07-27,10.651243209838867
2010-07-28,10.577033996582031
2010-07-29,10.666083335876465
2010-07-30,10.66113567352295
2010-08-02,11.012385368347168
2010-08-03,10.89365291595459
2010-08-04,11.007434844970703
2010-08-05,10.923337936401367
2010-08-06,10.918389320373535
2010-08-09,11.022282600402832
2010-08-10,10.829339027404785
2010-08-11,10.334623336791992
2010-08-12,10.309887886047363
2010-08-13,10.389043807983398
2010-08-16,10.502825736999512
2010-08-17,10.690817832946777
2010-08-18,10.616612434387207
2010-08-19,10.408829689025879
2010-08-20,10.438512802124023
2010-08-23,10.339568138122559
2010-08-24,10.097160339355469
2010-08-25,10.07242202758789
2010-08-26,10.116950988769531
2010-08-27,10.47314453125
2010-08-30,10.39893627166748
2010-08-31,10.418724060058594
2010-09-01,10.997539520263672
2010-09-02,11.007434844970703
2010-09-03,11.091540336608887
2010-09-07,10.992593765258789
2010-09-08,11.096487998962402
2010-09-09,11.254796028137207
2010-09-10,11.230060577392578
2010-09-13,11.492259979248047
2010-09-14,11.586255073547363
2010-09-15,11.581308364868164
2010-09-16,11.477420806884766
2010-09-17,11.437840461730957
2010-09-20,11.695096015930176
2010-09-21,11.645624160766602
2010-09-22,11.65551471710205
2010-09-23,11.541733741760254
2010-09-24,11.848456382751465
2010-09-27,11.86329460144043
2010-09-28,12.061180114746094
2010-09-29,11.937506675720215
2010-09-30,11.744563102722168
2010-10-01,11.868243217468262
2010-10-04,11.764355659484863
2010-10-05,12.031499862670898
2010-10-06,12.13538932800293
2010-10-07,12.105705261230469
2010-10-08,12.298645973205566
2010-10-11,12.234333038330078
2010-10-12,12.125496864318848
2010-10-13,12.209600448608398
2010-10-14,12.313488006591797
2010-10-15,12.288753509521484
2010-10-18,12.249177932739258
2010-10-19,11.828666687011719
2010-10-20,12.105705261230469
2010-10-21,11.972132682800293
2010-10-22,12.04139518737793
2010-10-25,12.30854320526123
2010-10-26,12.199703216552734
2010-10-27,11.977078437805176
2010-10-28,12.100760459899902
2010-10-29,12.105705261230469
2010-11-01,12.18980884552002
2010-11-02,12.456957817077637
2010-11-03,12.560847282409668
2010-11-04,12.981358528137207
2010-11-05,12.996198654174805
2010-11-08,12.872516632080078
2010-11-09,12.595475196838379
2010-11-10,12.649894714355469
2010-11-11,12.506428718566895
2010-11-12,12.264016151428223
2010-11-15,12.273906707763672
2010-11-16,12.031499862670898
2010-11-17,12.031499862670898
2010-11-18,12.278860092163086
2010-11-19,12.179914474487305
2010-11-22,12.16507625579834
2010-11-23,11.729722023010254
2010-11-24,12.031499862670898
2010-11-26,11.700040817260742
2010-11-29,11.83361530303955
2010-11-30,11.635726928710938
2010-12-01,11.957291603088379
2010-12-02,12.23928451538086
2010-12-03,12.392646789550781
2010-12-06,12.318435668945312
2010-12-07,12.338224411010742
2010-12-08,12.259069442749023
2010-12-09,12.37285327911377
2010-12-10,12.466850280761719
2010-12-13,12.61526870727539
2010-12-14,12.674633979797363
2010-12-15,12.437166213989258
2010-12-16,12.570740699768066
2010-12-17,12.511374473571777
2010-12-20,12.511374473571777
2010-12-21,12.651895523071289
2010-12-22,12.727989196777344
2010-12-23,12.783790588378906
2010-12-27,12.768573760986328
2010-12-28,12.804083824157715
2010-12-29,12.900468826293945
2010-12-30,12.895393371582031
2010-12-31,12.905546188354492
2011-01-03,12.981634140014648
2011-01-04,12.64682388305664
2011-01-05,12.560583114624023
2011-01-06,12.433760643005371
2011-01-07,12.388105392456055
2011-01-10,12.403325080871582
2011-01-11,12.38302993774414
2011-01-12,12.535215377807617
2011-01-13,12.621460914611816
2011-01-14,12.626534461975098
2011-01-18,12.733062744140625
2011-01-19,12.722917556762695
2011-01-20,12.50985336303711
2011-01-21,12.499707221984863
2011-01-24,12.697552680969238
2011-01-25,12.636675834655762
2011-01-26,12.733062744140625
2011-01-27,12.697552680969238
2011-01-28,12.464195251464844
2011-01-31,12.616385459899902
2011-02-01,12.870034217834473
2011-02-02,12.829451560974121
2011-02-03,13.00192642211914
2011-02-04,13.118606567382812
2011-02-07,13.164261817932129
2011-02-08,13.2403564453125
2011-02-09,13.17441177368164
2011-02-10,13.118606567382812
2011-02-11,13.08309555053711
2011-02-14,13.20484447479248
2011-02-15,13.072948455810547
2011-02-16,13.199772834777832
2011-02-17,13.346887588500977
2011-02-18,13.326597213745117
2011-02-22,12.8446683883667
2011-02-23,12.895393371582031
2011-02-24,12.951200485229492
2011-02-25,13.20484447479248
2011-02-28,13.245430946350098
2011-03-01,12.951200485229492
2011-03-02,13.1084566116333
2011-03-03,13.245430946350098
2011-03-04,13.164261817932129
2011-03-07,12.956271171569824
2011-03-08,13.052657127380371
2011-03-09,12.966415405273438
2011-03-10,12.520000457763672
2011-03-11,12.66711711883545
2011-03-14,12.535215377807617
2011-03-15,12.175039291381836
2011-03-16,11.896029472351074
2011-03-17,12.043146133422852
2011-03-18,12.37795639038086
2011-03-21,12.656970024108887
2011-03-22,12.656970024108887
2011-03-23,12.758426666259766
2011-03-24,13.017146110534668
2011-03-25,13.072948455810547
2011-03-28,13.062801361083984
2011-03-29,13.270794868469238
2011-03-30,13.463566780090332
2011-03-31,13.504146575927734
2011-04-01,13.661405563354492
2011-04-04,13.646187782287598
2011-04-05,13.630970001220703
2011-04-06,13.849106788635254
2011-04-07,13.838959693908691
2011-04-08,13.981003761291504
2011-04-11,14.011445999145508
2011-04-12,13.742573738098145
2011-04-13,13.849106788635254
2011-04-14,13.879545211791992
2011-04-15,13.8135986328125
2011-04-18,13.630970001220703
2011-04-19,13.651264190673828
2011-04-20,14.057103157043457
2011-04-21,14.224508285522461
2011-04-25,14.239721298217773
2011-04-26,14.315816879272461
2011-04-27,14.346254348754883
2011-04-28,14.381767272949219
2011-04-29,14.341184616088867
2011-05-02,14.168704986572266
2011-05-03,13.950565338134766
2011-05-04,13.60560417175293
2011-05-05,13.397615432739258
2011-05-06,13.636043548583984
2011-05-09,13.79330825805664
2011-05-10,13.864323616027832
2011-05-11,13.590387344360352
2011-05-12,13.509222984313965
2011-05-13,13.296158790588379
2011-05-16,13.291083335876465
2011-05-17,13.397615432739258
2011-05-18,13.519366264343262
2011-05-19,13.636043548583984
2011-05-20,13.504146575927734
2011-05-23,13.072948455810547
2011-05-24,13.164261817932129
2011-05-25,13.118606567382812
2011-05-26,13.341814041137695
2011-05-27,13.463566780090332
2011-05-31,13.554875373840332
2011-06-01,13.2403564453125
2011-06-02,13.22513484954834
2011-06-03,13.133822441101074
2011-06-06,13.078022956848145
2011-06-07,13.179479598999023
2011-06-08,12.941055297851562
2011-06-09,13.113533020019531
2011-06-10,12.849737167358398
2011-06-13,12.885249137878418
2011-06-14,13.220063209533691
2011-06-15,12.85481071472168
2011-06-16,12.73813533782959
2011-06-17,12.890327453613281
2011-06-20,12.79901123046875
2011-06-21,13.027294158935547
2011-06-22,12.921507835388184
2011-06-23,12.849262237548828
2011-06-24,12.715091705322266
2011-06-27,12.694451332092285
2011-06-28,12.947307586669922
2011-06-29,13.148560523986816
2011-06-30,13.442699432373047
2011-07-01,13.54074764251709
2011-07-05,13.31885051727295
2011-07-06,13.23112964630127
2011-07-07,13.458179473876953
2011-07-08,13.391098022460938
2011-07-11,13.014389038085938
2011-07-12,12.828619956970215
2011-07-13,13.07115364074707
2011-07-14,12.900867462158203
2011-07-15,12.823456764221191
2011-07-18,12.694451332092285
2011-07-19,12.998909950256348
2011-07-20,13.148560523986816
2011-07-21,13.365294456481934
2011-07-22,13.458179473876953
2011-07-25,13.282732963562012
2011-07-26,13.406577110290527
2011-07-27,13.251770973205566
2011-07-28,13.1382417678833
2011-07-29,13.00922966003418
2011-08-01,13.024713516235352
2011-08-02,12.632521629333496
2011-08-03,12.493196487426758
2011-08-04,11.610779762268066
2011-08-05,11.49725341796875
2011-08-08,10.573551177978516
2011-08-09,11.60561752319336
2011-08-10,11.058622360229492
2011-08-11,11.71914291381836
2011-08-12,11.78623104095459
2011-08-15,12.286785125732422
2011-08-16,12.033927917480469
2011-08-17,12.245499610900879
2011-08-18,11.667543411254883
2011-08-19,11.523051261901855
2011-08-22,11.538536071777344
2011-08-23,12.070049285888672
2011-08-24,12.013285636901855
2011-08-25,11.817191123962402
2011-08-26,12.111332893371582
2011-08-29,12.457073211669922
2011-08-30,12.446755409240723
2011-08-31,12.560279846191406
2011-09-01,12.431273460388184
2011-09-02,12.116494178771973
2011-09-06,11.8378324508667
2011-09-07,12.297104835510254
2011-09-08,12.033927917480469
2011-09-09,11.65206241607666
2011-09-12,11.476609230041504
2011-09-13,11.502415657043457
2011-09-14,11.39920425415039
2011-09-15,11.600455284118652
2011-09-16,11.693339347839355
2011-09-19,11.363080024719238
2011-09-20,11.29599666595459
2011-09-21,10.883172988891602
2011-09-22,10.284568786621094
2011-09-23,10.356815338134766
2011-09-26,10.630311965942383
2011-09-27,10.96057415008545
2011-09-28,10.666435241699219
2011-09-29,10.707718849182129
2011-09-30,10.351655006408691
2011-10-03,10.011072158813477
2011-10-04,10.238123893737793
2011-10-05,10.532265663146973
2011-10-06,10.991538047790527
2011-10-07,11.058622360229492
2011-10-10,11.569497108459473
2011-10-11,11.543696403503418
2011-10-12,11.750110626220703
2011-10-13,11.791389465332031
2011-10-14,12.033927917480469
2011-10-17,11.703664779663086
2011-10-18,11.879118919372559
2011-10-19,11.662383079528809
2011-10-20,11.63141918182373
2011-10-21,11.879118919372559
2011-10-24,12.260981559753418
2011-10-25,11.930721282958984
2011-10-26,12.101011276245117
2011-10-27,12.983431816101074
2011-10-28,12.833781242370605
2011-10-31,12.250663757324219
2011-11-01,11.796551704406738
2011-11-02,11.9410400390625
2011-11-03,12.188737869262695
2011-11-04,12.131972312927246
2011-11-07,12.214539527893066
2011-11-08,12.369351387023926
2011-11-09,11.744949340820312
2011-11-10,11.935880661010742
2011-11-11,12.281622886657715
2011-11-14,11.992643356323242
2011-11-15,12.018447875976562
2011-11-16,11.755266189575195
2011-11-17,11.507572174072266
2011-11-18,11.486931800842285
2011-11-21,11.130867958068848
2011-11-22,11.136024475097656
2011-11-23,10.743840217590332
2011-11-25,10.681917190551758
2011-11-28,11.16182804107666
2011-11-29,11.29599666595459
2011-11-30,12.002962112426758
2011-12-01,11.889437675476074
2011-12-02,12.028765678405762
2011-12-05,12.224859237670898
2011-12-06,12.075210571289062
2011-12-07,12.142294883728027
2011-12-08,11.744949340820312
2011-12-09,11.946199417114258
2011-12-12,11.579816818237305
2011-12-13,11.4404878616333
2011-12-14,11.285676002502441
2011-12-15,11.29599666595459
2011-12-16,11.29599666595459
2011-12-19,11.022499084472656
2011-12-20,11.422775268554688
2011-12-21,11.428099632263184
2011-12-22,11.534553527832031
2011-12-23,11.598427772521973
2011-12-27,11.57713794708252
2011-12-28,11.236473083496094
2011-12-29,11.417452812194824
2011-12-30,11.41213321685791
2012-01-03,11.752790451049805
2012-01-04,11.891183853149414
2012-01-05,11.736825942993164
2012-01-06,11.582459449768066
2012-01-09,11.619719505310059
2012-01-10,11.843276977539062
2012-01-11,11.912470817565918
2012-01-12,11.965700149536133
2012-01-13,11.869891166687012
2012-01-17,11.965700149536133
2012-01-18,12.178618431091309
2012-01-19,12.157323837280273
2012-01-20,12.210554122924805
2012-01-23,12.253137588500977
2012-01-24,12.157323837280273
2012-01-25,12.471373558044434
2012-01-26,12.508631706237793
2012-01-27,12.561861038208008
2012-01-30,12.439434051513672
2012-01-31,12.466050148010254
2012-02-01,12.593794822692871
2012-02-02,12.59912109375
2012-02-03,12.785415649414062
2012-02-06,12.705578804016113
2012-02-07,12.700251579284668
2012-02-08,12.721542358398438
2012-02-09,12.710896492004395
2012-02-10,12.38620662689209
2012-02-13,12.588469505310059
2012-02-14,12.41814136505127
2012-02-15,12.38088321685791
2012-02-16,12.439434051513672
2012-02-17,12.343623161315918
2012-02-21,12.519275665283203
2012-02-22,12.497989654541016
2012-02-23,12.625732421875
2012-02-24,12.647026062011719
2012-02-27,12.668314933776855
2012-02-28,12.673638343811035
2012-02-29,12.641701698303223
2012-03-01,12.721542358398438
2012-03-02,12.625732421875
2012-03-05,12.513955116271973
2012-03-06,12.104097366333008
2012-03-07,12.17329216003418
2012-03-08,12.348944664001465
2012-03-09,12.322330474853516
2012-03-12,12.221197128295898
2012-03-13,12.482017517089844
2012-03-14,12.338299751281738
2012-03-15,12.497989654541016
2012-03-16,12.572504997253418
2012-03-19,12.63105583190918
2012-03-20,12.35959243774414
2012-03-21,12.301040649414062
2012-03-22,12.178618431091309
2012-03-23,12.348944664001465
2012-03-26,12.540569305419922
2012-03-27,12.428787231445312
2012-03-28,12.444751739501953
2012-03-29,12.450081825256348
2012-03-30,12.513955116271973
2012-04-02,12.577829360961914
2012-04-03,12.38088321685791
2012-04-04,12.231842994689941
2012-04-05,12.306367874145508
2012-04-09,12.205228805541992
2012-04-10,12.03489875793457
2012-04-11,12.157323837280273
2012-04-12,12.482017517089844
2012-04-13,12.322330474853516
2012-04-16,12.37023639678955
2012-04-17,12.50330924987793
2012-04-18,12.48733901977539
2012-04-19,12.50330924987793
2012-04-20,12.567181587219238
2012-04-23,12.375560760498047
2012-04-24,12.476693153381348
2012-04-25,12.657670021057129
2012-04-26,12.678959846496582
2012-04-27,12.748154640197754
2012-04-30,12.689607620239258
2012-05-01,12.753478050231934
2012-05-02,12.721542358398438
2012-05-03,12.60976505279541
2012-05-04,12.295717239379883
2012-05-07,12.290396690368652
2012-05-08,12.040223121643066
2012-05-09,11.944415092468262
2012-05-10,12.093449592590332
2012-05-11,11.981671333312988
2012-05-14,11.864571571350098
2012-05-15,11.747465133666992
2012-05-16,11.486649513244629
2012-05-17,11.273735046386719
2012-05-18,11.0980863571167
2012-05-21,11.374871253967285
2012-05-22,11.3003511428833
2012-05-23,11.156632423400879
2012-05-24,11.0980863571167
2012-05-25,10.954368591308594
2012-05-29,11.289705276489258
2012-05-30,10.991623878479004
2012-05-31,11.050178527832031
2012-06-01,10.842588424682617
2012-06-04,10.949042320251465
2012-06-05,11.066147804260254
2012-06-06,11.44939136505127
2012-06-07,11.454710960388184
2012-06-08,11.438742637634277
2012-06-11,11.252445220947266
2012-06-12,11.438742637634277
2012-06-13,11.316319465637207
2012-06-14,11.374871253967285
2012-06-15,11.534553527832031
2012-06-18,11.678268432617188
2012-06-19,11.880537986755371
2012-06-20,11.8113374710083
2012-06-21,11.39614486694336
2012-06-22,11.472225189208984
2012-06-25,11.260285377502441
2012-06-26,11.412449836730957
2012-06-27,11.55918025970459
2012-06-28,11.439619064331055
2012-06-29,11.874382019042969
2012-07-02,11.97220230102539
2012-07-03,12.053715705871582
2012-07-05,12.031981468200684
2012-07-06,11.896119117736816
2012-07-09,11.86894702911377
2012-07-10,11.705915451049805
2012-07-11,11.820034980773926
2012-07-12,11.646134376525879
2012-07-13,11.852641105651855
2012-07-16,11.874382019042969
2012-07-17,12.048286437988281
2012-07-18,12.12436580657959
2012-07-19,12.33088207244873
2012-07-20,12.184149742126465
2012-07-23,11.95589828491211
2012-07-24,11.885250091552734
2012-07-25,12.031981468200684
2012-07-26,12.260231018066406
2012-07-27,12.591736793518066
2012-07-30,12.602604866027832
2012-07-31,12.597169876098633
2012-08-01,12.564566612243652
2012-08-02,12.53739070892334
2012-08-03,12.781941413879395
2012-08-06,12.781941413879395
2012-08-07,12.836289405822754
2012-08-08,12.923239707946777
2012-08-09,12.917806625366211
2012-08-10,12.912372589111328
2012-08-13,12.776509284973145
2012-08-14,12.754772186279297
2012-08-15,12.722164154052734
2012-08-16,12.90150260925293
2012-08-17,12.863462448120117
2012-08-20,12.95584774017334
2012-08-21,13.06997299194336
2012-08-22,13.091706275939941
2012-08-23,12.928672790527344
2012-08-24,12.912372589111328
2012-08-27,12.825420379638672
2012-08-28,12.86889362335205
2012-08-29,12.836289405822754
2012-08-30,12.597169876098633
2012-08-31,12.754772186279297
2012-09-04,12.52652359008789
2012-09-05,12.493914604187012
2012-09-06,12.798250198364258
2012-09-07,12.89606761932373
2012-09-10,12.743901252746582
2012-09-11,12.939542770385742
2012-09-12,12.988451957702637
2012-09-13,13.222136497497559
2012-09-14,13.309090614318848
2012-09-17,13.156922340393066
2012-09-18,13.12975025177002
2012-09-19,13.222136497497559
2012-09-20,13.135186195373535
2012-09-21,13.12975025177002
2012-09-24,13.059103012084961
2012-09-25,12.879766464233398
2012-09-26,12.836289405822754
2012-09-27,13.075404167175293
2012-09-28,12.928672790527344
2012-10-01,13.053665161132812
2012-10-02,13.037361145019531
2012-10-03,12.939542770385742
2012-10-04,13.059103012084961
2012-10-05,13.048233032226562
2012-10-08,13.048233032226562
2012-10-09,13.026498794555664
2012-10-10,13.048233032226562
2012-10-11,13.12431526184082
2012-10-12,13.080841064453125
2012-10-15,13.211272239685059
2012-10-16,13.298219680786133
2012-10-17,13.526473045349121
2012-10-18,13.488429069519043
2012-10-19,13.347129821777344
2012-10-22,13.374305725097656
2012-10-23,13.184097290039062
2012-10-24,13.271049499511719
2012-10-25,13.368868827819824
2012-10-26,13.309090614318848
2012-10-31,13.358002662658691
2012-11-01,13.358002662658691
2012-11-02,13.151490211486816
2012-11-05,13.238439559936523
2012-11-06,13.434083938598633
2012-11-07,13.314523696899414
2012-11-08,13.260180473327637
2012-11-09,13.314523696899414
2012-11-12,13.330826759338379
2012-11-13,13.17322826385498
2012-11-14,12.966714859008789
2012-11-15,12.923239707946777
2012-11-16,12.928672790527344
2012-11-19,13.156922340393066
2012-11-20,13.09714126586914
2012-11-21,13.091706275939941
2012-11-23,13.347129821777344
2012-11-26,13.309090614318848
2012-11-27,13.336265563964844
2012-11-28,13.439518928527832
2012-11-29,13.521035194396973
2012-11-30,13.5699462890625
2012-12-03,13.580810546875
2012-12-04,13.607985496520996
2012-12-05,13.624290466308594
2012-12-06,13.68406867980957
2012-12-07,13.803628921508789
2012-12-10,13.836235046386719
2012-12-11,13.923189163208008
2012-12-12,13.966665267944336
2012-12-13,13.896017074584961
2012-12-14,13.912321090698242
2012-12-17,13.972097396850586
2012-12-18,14.01995849609375
2012-12-19,13.980545043945312
2012-12-20,14.048108100891113
2012-12-21,13.935500144958496
2012-12-24,13.879195213317871
2012-12-26,13.856672286987305
2012-12-27,13.952394485473633
2012-12-28,13.901718139648438
2012-12-31,14.155084609985352
2013-01-02,14.352153778076172
2013-01-03,14.284595489501953
2013-01-04,14.346526145935059
2013-01-07,14.30148983001709
2013-01-08,14.20576286315918
2013-01-09,14.295852661132812
2013-01-10,14.459136009216309
2013-01-11,14.335267066955566
2013-01-14,14.374677658081055
2013-01-15,14.363415718078613
2013-01-16,14.46476936340332
2013-01-17,14.537964820861816
2013-01-18,14.50981330871582
2013-01-22,14.57737922668457
2013-01-23,14.594266891479492
2013-01-24,14.583008766174316
2013-01-25,14.633682250976562
2013-01-28,14.605528831481934
2013-01-29,14.757552146911621
2013-01-30,14.701248168945312
2013-01-31,14.706879615783691
2013-02-01,14.819488525390625
2013-02-04,14.66746711730957
2013-02-05,14.712508201599121
2013-02-06,14.706879615783691
2013-02-07,14.62804889678955
2013-02-08,14.8082275390625
2013-02-11,14.757552146911621
2013-02-12,14.774446487426758
2013-02-13,14.94336223602295
2013-02-14,15.067234992980957
2013-02-15,15.05596923828125
2013-02-19,15.354388236999512
2013-02-20,15.11790657043457
2013-02-21,14.853276252746582
2013-02-22,15.140430450439453
2013-02-25,14.977144241333008
2013-02-26,14.977144241333008
2013-02-27,15.151691436767578
2013-02-28,15.13480281829834
2013-03-01,15.168581008911133
2013-03-04,15.084120750427246
2013-03-05,15.326234817504883
2013-03-06,15.405056953430176
2013-03-07,15.455738067626953
2013-03-08,15.444477081298828
2013-03-11,15.534565925598145
2013-03-12,15.523303985595703
2013-03-13,15.405056953430176
2013-03-14,15.348761558532715
2013-03-15,15.590866088867188
2013-03-18,15.376909255981445
2013-03-19,15.101014137268066
2013-03-20,15.14605712890625
2013-03-21,15.067234992980957
2013-03-22,15.253039360046387
2013-03-25,15.179840087890625
2013-03-26,15.241778373718262
2013-03-27,15.258670806884766
2013-03-28,15.22488784790039
2013-04-01,15.162952423095703
2013-04-02,15.247406959533691
2013-04-03,15.05034065246582
2013-04-04,15.05596923828125
2013-04-05,14.875795364379883
2013-04-08,14.999662399291992
2013-04-09,15.269929885864258
2013-04-10,15.410694122314453
2013-04-11,15.517667770385742
2013-04-12,15.405056953430176
2013-04-15,14.82512092590332
2013-04-16,15.179840087890625
2013-04-17,15.022186279296875
2013-04-18,14.892683982849121
2013-04-19,14.903943061828613
2013-04-22,15.005291938781738
2013-04-23,15.253039360046387
2013-04-24,15.472625732421875
2013-04-25,15.517667770385742
2013-04-26,15.450108528137207
2013-04-29,15.686585426330566
2013-04-30,15.821720123291016
2013-05-01,15.5514554977417
2013-05-02,15.557086944580078
2013-05-03,15.754157066345215
2013-05-06,15.619022369384766
2013-05-07,15.4613676071167
2013-05-08,15.590866088867188
2013-05-09,15.393797874450684
2013-05-10,15.331863403320312
2013-05-13,15.28681755065918
2013-05-14,15.3037109375
2013-05-15,15.168581008911133
2013-05-16,14.971513748168945
2013-05-17,14.937731742858887
2013-05-20,15.129168510437012
2013-05-21,14.971513748168945
2013-05-22,14.678727149963379
2013-05-23,14.594266891479492
2013-05-24,14.104413986206055
2013-05-28,14.115676879882812
2013-05-29,14.059370040893555
2013-05-30,14.110048294067383
2013-05-31,13.744061470031738
2013-06-03,14.048108100891113
2013-06-04,13.879195213317871
2013-06-05,13.423124313354492
2013-06-06,13.530102729797363
2013-06-07,13.445643424987793
2013-06-10,13.316143035888672
2013-06-11,13.107818603515625
2013-06-12,13.10218334197998
2013-06-13,13.513213157653809
2013-06-14,13.4794282913208
2013-06-17,13.693389892578125
2013-06-18,13.614561080932617
2013-06-19,13.271102905273438
2013-06-20,12.67426872253418
2013-06-21,12.792508125305176
2013-06-24,12.724942207336426
2013-06-25,12.955793380737305
2013-06-26,13.107818603515625
2013-06-27,13.293437957763672
2013-06-28,13.01673412322998
2013-07-01,12.947555541992188
2013-07-02,13.005204200744629
2013-07-03,12.797675132751465
2013-07-05,12.90143871307373
2013-07-08,13.034029006958008
2013-07-09,13.304967880249023
2013-07-10,13.189677238464355
2013-07-11,13.547085762023926
2013-07-12,13.368383407592773
2013-07-15,13.449084281921387
2013-07-16,13.633559226989746
2013-07-17,13.650851249694824
2013-07-18,13.60473346710205
2013-07-19,13.575911521911621
2013-07-22,13.679679870605469
2013-07-23,13.73155689239502
2013-07-24,13.633559226989746
2013-07-25,13.760383605957031
2013-07-26,13.86414623260498
2013-07-29,13.754615783691406
2013-07-30,13.552852630615234
2013-07-31,13.408735275268555
2013-08-01,13.414502143859863
2013-08-02,13.49520492553711
2013-08-05,13.460617065429688
2013-08-06,13.500970840454102
2013-08-07,13.270381927490234
2013-08-08,13.650851249694824
2013-08-09,13.737324714660645
2013-08-12,13.82379150390625
2013-08-13,13.93332290649414
2013-08-14,13.93332290649414
2013-08-15,13.84108829498291
2013-08-16,13.881440162658691
2013-08-19,13.760383605957031
2013-08-20,13.685439109802246
2013-08-21,13.524029731750488
2013-08-22,13.622024536132812
2013-08-23,13.794971466064453
2013-08-26,13.708499908447266
2013-08-27,13.570149421691895
2013-08-28,13.524029731750488
2013-08-29,13.500970840454102
2013-08-30,13.535558700561523
2013-09-03,13.93332290649414
2013-09-04,14.12932300567627
2013-09-05,14.048616409301758
2013-09-06,14.135088920593262
2013-09-09,14.348382949829102
2013-09-10,14.578973770141602
2013-09-11,14.625092506408691
2013-09-12,14.480972290039062
2013-09-13,14.47520923614502
2013-09-16,14.584737777709961
2013-09-17,14.723091125488281
2013-09-18,15.109325408935547
2013-09-19,14.930620193481445
2013-09-20,14.757678985595703
2013-09-23,14.803796768188477
2013-09-24,14.723091125488281
2013-09-25,14.757678985595703
2013-09-26,14.872974395751953
2013-09-27,14.769209861755371
2013-09-30,14.567444801330566
2013-10-01,14.688502311706543
2013-10-02,14.682737350463867
2013-10-03,14.653915405273438
2013-10-04,14.780735969543457
2013-10-07,14.52132511138916
2013-10-08,14.42908763885498
2013-10-09,14.486737251281738
2013-10-10,14.746150970458984
2013-10-11,14.94214916229248
2013-10-14,14.970969200134277
2013-10-15,14.919088363647461
2013-10-16,15.109325408935547
2013-10-17,15.328384399414062
2013-10-18,15.507092475891113
2013-10-21,15.48979663848877
2013-10-22,15.708855628967285
2013-10-23,15.472504615783691
2013-10-24,15.524383544921875
2013-10-25,15.593564987182617
2013-10-28,15.645445823669434
2013-10-29,15.472504615783691
2013-10-30,15.38603687286377
2013-10-31,15.374505996704102
2013-11-01,15.362974166870117
2013-11-04,15.42638111114502
2013-11-05,15.443678855895996
2013-11-06,15.57050609588623
2013-11-07,15.362974166870117
2013-11-08,15.420618057250977
2013-11-11,15.27650260925293
2013-11-12,15.092029571533203
2013-11-13,15.00556468963623
2013-11-14,15.063209533691406
2013-11-15,15.264970779418945
2013-11-18,15.17850112915039
2013-11-19,15.161211013793945
2013-11-20,14.94214916229248
2013-11-21,14.838386535644531
2013-11-22,14.832620620727539
2013-11-25,14.821085929870605
2013-11-26,14.746150970458984
2013-11-27,14.688502311706543
2013-11-29,14.6193265914917
2013-12-02,14.452147483825684
2013-12-03,14.417560577392578
2013-12-04,14.406035423278809
2013-12-05,14.22156047821045
2013-12-06,14.319561958312988
2013-12-09,14.12355899810791
2013-12-10,14.117793083190918
2013-12-11,13.904502868652344
2013-12-12,13.570149421691895
2013-12-13,13.72579288482666
2013-12-16,13.829560279846191
2013-12-17,13.679679870605469
2013-12-18,13.736392974853516
2013-12-19,13.954995155334473
2013-12-20,14.1795015335083
2013-12-23,14.350837707519531
2013-12-24,14.398103713989258
2013-12-26,14.374470710754395
2013-12-27,14.323612213134766
2013-12-30,14.365008354187012
2013-12-31,14.412320137023926
2014-01-02,14.299955368041992
2014-01-03,14.441893577575684
2014-01-06,14.394577980041504
2014-01-07,14.370926856994629
2014-01-08,14.282212257385254
2014-01-09,14.258559226989746
2014-01-10,14.400492668151855
2014-01-13,14.329524993896484
2014-01-14,14.140275001525879
2014-01-15,14.134363174438477
2014-01-16,14.10479736328125
2014-01-17,14.021994590759277
2014-01-21,14.116625785827637
2014-01-22,14.12845516204834
2014-01-23,13.850499153137207
2014-01-24,13.548884391784668
2014-01-27,13.608022689819336
2014-01-28,13.708562850952148
2014-01-29,13.566625595092773
2014-01-30,13.773616790771484
2014-01-31,13.62576675415039
2014-02-03,13.418776512145996
2014-02-04,13.744044303894043
2014-02-05,13.637592315673828
2014-02-06,13.98060417175293
2014-02-07,14.081138610839844
2014-02-10,14.075222969055176
2014-02-11,14.406411170959473
2014-02-12,14.50694465637207
2014-02-13,14.471460342407227
2014-02-14,14.708020210266113
2014-02-18,14.773075103759766
2014-02-19,14.708020210266113
2014-02-20,14.861785888671875
2014-02-21,14.790816307067871
2014-02-24,14.968233108520508
2014-02-25,14.838125228881836
2014-02-26,14.802645683288574
2014-02-27,14.808553695678711
2014-02-28,14.755330085754395
2014-03-03,14.642966270446777
2014-03-04,14.85587215423584
2014-03-05,14.909093856811523
2014-03-06,15.092430114746094
2014-03-07,15.074684143066406
2014-03-10,14.885437965393066
2014-03-11,14.737592697143555
2014-03-12,14.737592697143555
2014-03-13,14.731673240661621
2014-03-14,14.613396644592285
2014-03-17,14.820387840270996
2014-03-18,14.926836013793945
2014-03-19,14.690279006958008
2014-03-20,14.6607084274292
2014-03-21,14.702109336853027
2014-03-24,14.802645683288574
2014-03-25,14.985978126525879
2014-03-26,15.05694580078125
2014-03-27,15.11608600616455
2014-03-28,15.187052726745605
2014-03-31,15.29941463470459
2014-04-01,15.317158699035645
2014-04-02,15.334898948669434
2014-04-03,15.263932228088379
2014-04-04,15.31124210357666
2014-04-07,15.317158699035645
2014-04-08,15.589200019836426
2014-04-09,15.849414825439453
2014-04-10,15.61285400390625
2014-04-11,15.547802925109863
2014-04-14,15.518234252929688
2014-04-15,15.411783218383789
2014-04-16,15.595113754272461
2014-04-17,15.642424583435059
2014-04-21,15.636512756347656
2014-04-22,15.790277481079102
2014-04-23,15.7252197265625
2014-04-24,15.695653915405273
2014-04-25,15.654251098632812
2014-04-28,15.77253246307373
2014-04-29,15.660164833068848
2014-04-30,15.642424583435059
2014-05-01,15.500490188598633
2014-05-02,15.535974502563477
2014-05-05,15.559632301330566
2014-05-06,15.630600929260254
2014-05-07,15.618769645690918
2014-05-08,15.719307899475098
2014-05-09,15.695653915405273
2014-05-12,15.742964744567871
2014-05-13,15.754792213439941
2014-05-14,15.802103996276855
2014-05-15,15.77253246307373
2014-05-16,15.80801773071289
2014-05-19,15.601029396057129
2014-05-20,15.35855484008789
2014-05-21,15.488664627075195
2014-05-22,15.58328628540039
2014-05-23,15.642424583435059
2014-05-27,15.731135368347168
2014-05-28,15.671996116638184
2014-05-29,15.813931465148926
2014-05-30,15.707479476928711
2014-06-02,15.695653915405273
2014-06-03,15.606942176818848
2014-06-04,15.52414608001709
2014-06-05,15.648337364196777
2014-06-06,15.707479476928711
2014-06-09,15.80801773071289
2014-06-10,15.80801773071289
2014-06-11,15.71338939666748
2014-06-12,15.648337364196777
2014-06-13,15.648337364196777
2014-06-16,15.642424583435059
2014-06-17,15.488664627075195
2014-06-18,15.61285400390625
2014-06-19,15.778450012207031
2014-06-20,15.7252197265625
2014-06-23,15.80801773071289
2014-06-24,15.589200019836426
2014-06-25,15.651033401489258
2014-06-26,15.867161750793457
2014-06-27,15.867161750793457
2014-06-30,15.687058448791504
2014-07-01,15.7590970993042
2014-07-02,15.909183502197266
2014-07-03,15.93320369720459
2014-07-07,15.93320369720459
2014-07-08,15.873164176940918
2014-07-09,15.861156463623047
2014-07-10,15.77110767364502
2014-07-11,15.939204216003418
2014-07-14,16.01124382019043
2014-07-15,15.93320369720459
2014-07-16,15.981225967407227
2014-07-17,15.867161750793457
2014-07-18,16.047264099121094
2014-07-21,15.981225967407227
2014-07-22,16.095294952392578
2014-07-23,16.269393920898438
2014-07-24,16.221363067626953
2014-07-25,16.119304656982422
2014-07-28,16.179340362548828
2014-07-29,16.15532684326172
2014-07-30,16.167333602905273
2014-07-31,15.963214874267578
2014-08-01,15.861156463623047
2014-08-04,15.92719841003418
2014-08-05,15.753096580505371
2014-08-06,15.83714485168457
2014-08-07,15.657041549682617
2014-08-08,15.62101936340332
2014-08-11,15.62101936340332
2014-08-12,15.753096580505371
2014-08-13,15.861156463623047
2014-08-14,15.987232208251953
2014-08-15,16.01124382019043
2014-08-18,16.119304656982422
2014-08-19,16.137319564819336
2014-08-20,16.251386642456055
2014-08-21,16.239377975463867
2014-08-22,16.173337936401367
2014-08-25,16.20335578918457
2014-08-26,16.221363067626953
2014-08-27,16.28139877319336
2014-08-28,16.293405532836914
2014-08-29,16.305410385131836
2014-09-02,16.305410385131836
2014-09-03,16.413475036621094
2014-09-04,16.35944366455078
2014-09-05,16.329429626464844
2014-09-08,16.095294952392578
2014-09-09,15.999236106872559
2014-09-10,15.981225967407227
2014-09-11,15.723079681396484
2014-09-12,15.554980278015137
2014-09-15,15.404891014099121
2014-09-16,15.51895809173584
2014-09-17,15.110724449157715
2014-09-18,15.218786239624023
2014-09-19,15.068697929382324
2014-09-22,14.82856273651123
2014-09-23,14.840566635131836
2014-09-24,14.978646278381348
2014-09-25,14.576415061950684
2014-09-26,14.528389930725098
2014-09-29,14.288246154785156
2014-09-30,14.372294425964355
2014-10-01,14.396309852600098
2014-10-02,14.456344604492188
2014-10-03,14.420323371887207
2014-10-06,14.4923677444458
2014-10-07,14.312259674072266
2014-10-08,14.594427108764648
2014-10-09,14.330275535583496
2014-10-10,13.916037559509277
2014-10-13,14.018092155456543
2014-10-14,14.114148139953613
2014-10-15,14.318267822265625
2014-10-16,14.39030933380127
2014-10-17,14.588425636291504
2014-10-20,14.678471565246582
2014-10-21,14.774532318115234
2014-10-22,14.720498085021973
2014-10-23,14.798542022705078
2014-10-24,14.94863224029541
2014-10-27,14.96664047241211
2014-10-28,15.22479248046875
2014-10-29,14.960639953613281
2014-10-30,15.188772201538086
2014-10-31,15.266816139221191
2014-11-03,14.96664047241211
2014-11-04,15.050688743591309
2014-11-05,14.882593154907227
2014-11-06,14.822559356689453
2014-11-07,14.996659278869629
2014-11-10,14.996659278869629
2014-11-11,15.044689178466797
2014-11-12,14.972643852233887
2014-11-13,14.876591682434082
2014-11-14,14.996659278869629
2014-11-17,14.82856273651123
2014-11-18,14.840566635131836
2014-11-19,14.462348937988281
2014-11-20,14.402318000793457
2014-11-21,14.558403968811035
2014-11-24,14.462348937988281
2014-11-25,14.342283248901367
2014-11-26,14.498366355895996
2014-11-28,14.186186790466309
2014-12-01,13.976068496704102
2014-12-02,14.036102294921875
2014-12-03,14.096138954162598
2014-12-04,14.132162094116211
2014-12-05,14.006084442138672
2014-12-08,13.916037559509277
2014-12-09,13.759946823120117
2014-12-10,13.56783390045166
2014-12-11,13.549823760986328
2014-12-12,13.345701217651367
2014-12-15,13.207625389099121
2014-12-16,13.2616548538208
2014-12-17,13.30318832397461
2014-12-18,13.551152229309082
2014-12-19,13.724727630615234
2014-12-22,13.861109733581543
2014-12-23,13.712329864501953
2014-12-24,13.718526840209961
2014-12-26,13.755725860595703
2014-12-29,13.96649169921875
2014-12-30,13.885900497436523
2014-12-31,13.74332332611084
2015-01-02,13.699932098388672
2015-01-05,13.569747924804688
2015-01-06,13.513955116271973
2015-01-07,13.637939453125
2015-01-08,13.81771469116211
2015-01-09,13.947893142700195
2015-01-12,13.78671646118164
2015-01-13,13.78671646118164
2015-01-14,13.600744247436523
2015-01-15,13.681331634521484
2015-01-16,13.836308479309082
2015-01-20,13.656538009643555
2015-01-21,13.780515670776367
2015-01-22,13.774320602416992
2015-01-23,13.637939453125
2015-01-26,13.687531471252441
2015-01-27,13.712329864501953
2015-01-28,13.637939453125
2015-01-29,13.668935775756836
2015-01-30,13.588347434997559
2015-02-02,13.867304801940918
2015-02-03,14.164860725402832
2015-02-04,14.090475082397461
2015-02-05,14.34463119506836
2015-02-06,14.251649856567383
2015-02-09,14.233046531677246
2015-02-10,14.22685432434082
2015-02-11,14.016085624694824
2015-02-12,14.102869987487793
2015-02-13,14.400421142578125
2015-02-17,14.493408203125
2015-02-18,14.561598777770996
2015-02-19,14.499606132507324
2015-02-20,14.580196380615234
2015-02-23,14.543002128601074
2015-02-24,14.679381370544434
2015-02-25,14.778563499450684
2015-02-26,14.580196380615234
2015-02-27,14.679381370544434
2015-03-02,14.691781997680664
2015-03-03,14.69797134399414
2015-03-04,14.61739444732666
2015-03-05,14.543002128601074
2015-03-06,14.28884220123291
2015-03-09,14.28884220123291
2015-03-10,13.960289001464844
2015-03-11,13.92309856414795
2015-03-12,14.326040267944336
2015-03-13,14.047077178955078
2015-03-16,14.171059608459473
2015-03-17,14.127667427062988
2015-03-18,14.54919719696045
2015-03-19,14.406621932983398
2015-03-20,14.834360122680664
2015-03-23,14.939738273620605
2015-03-24,14.945942878723145
2015-03-25,14.778563499450684
2015-03-26,14.635991096496582
2015-03-27,14.493408203125
2015-03-30,14.338435173034668
2015-03-31,14.171059608459473
2015-04-01,14.195855140686035
2015-04-02,14.245450019836426
2015-04-06,14.375627517700195
2015-04-07,14.4500150680542
2015-04-08,14.604996681213379
2015-04-09,14.567801475524902
2015-04-10,14.598793029785156
2015-04-13,14.350829124450684
2015-04-14,14.431417465209961
2015-04-15,14.474813461303711
2015-04-16,14.704177856445312
2015-04-17,14.431417465209961
2015-04-20,14.406621932983398
2015-04-21,14.363231658935547
2015-04-22,14.400421142578125
2015-04-23,14.50580883026123
2015-04-24,14.834360122680664
2015-04-27,14.908746719360352
2015-04-28,15.119515419006348
2015-04-29,14.759967803955078
2015-04-30,14.456212043762207
2015-05-01,14.5368070602417
2015-05-04,14.512005805969238
2015-05-05,14.493408203125
2015-05-06,14.245450019836426
2015-05-07,14.065675735473633
2015-05-08,14.220650672912598
2015-05-11,13.960289001464844
2015-05-12,14.295040130615234
2015-05-13,14.592597007751465
2015-05-14,14.69797134399414
2015-05-15,14.691781997680664
2015-05-18,14.400421142578125
2015-05-19,14.127667427062988
2015-05-20,14.065675735473633
2015-05-21,14.214454650878906
2015-05-22,14.090475082397461
2015-05-26,14.109067916870117
2015-05-27,14.115263938903809
2015-05-28,13.92309856414795
2015-05-29,13.972688674926758
2015-06-01,13.867304801940918
2015-06-02,13.92309856414795
2015-06-03,13.81771469116211
2015-06-04,13.3961763381958
2015-06-05,13.321786880493164
2015-06-08,13.377578735351562
2015-06-09,13.321786880493164
2015-06-10,13.619339942932129
2015-06-11,13.712329864501953
2015-06-12,13.58215045928955
2015-06-15,13.650337219238281
2015-06-16,13.749524116516113
2015-06-17,13.780515670776367
2015-06-18,13.83011245727539
2015-06-19,13.84870719909668
2015-06-22,13.873501777648926
2015-06-23,14.009883880615234
2015-06-24,13.947893142700195
2015-06-25,13.87171459197998
2015-06-26,13.611417770385742
2015-06-29,13.26859188079834
2015-06-30,13.351122856140137
2015-07-01,13.497140884399414
2015-07-02,13.579673767089844
2015-07-06,13.198756217956543
2015-07-07,13.230500221252441
2015-07-08,12.85593318939209
2015-07-09,12.976553916931152
2015-07-10,13.141619682312012
2015-07-13,13.147968292236328
2015-07-14,13.300333023071289
2015-07-15,13.26859188079834
2015-07-16,13.427305221557617
2015-07-17,13.357477188110352
2015-07-20,13.446353912353516
2015-07-21,13.478095054626465
2015-07-22,13.21145248413086
2015-07-23,13.052740097045898
2015-07-24,12.836886405944824
2015-07-27,12.868631362915039
2015-07-28,13.160663604736328
2015-07-29,13.198756217956543
2015-07-30,13.236849784851074
2015-07-31,13.281290054321289
2015-08-03,13.167015075683594
2015-08-04,13.389212608337402
2015-08-05,13.357477188110352
2015-08-06,13.027341842651367
2015-08-07,12.913069725036621
2015-08-10,13.109878540039062
2015-08-11,12.659125328063965
2015-08-12,12.665475845336914
2015-08-13,12.62738037109375
2015-08-14,12.608335494995117
2015-08-17,12.6527738571167
2015-08-18,12.50676155090332
2015-08-19,12.601987838745117
2015-08-20,12.240118980407715
2015-08-21,11.948080062866211
2015-08-24,11.008488655090332
2015-08-25,11.662391662597656
2015-08-26,11.98617172241211
2015-08-27,12.221073150634766
2015-08-28,12.157584190368652
2015-08-31,11.840154647827148
2015-09-01,11.29417610168457
2015-09-02,11.548121452331543
2015-09-03,11.389404296875
2015-09-04,11.13546085357666
2015-09-08,11.643350601196289
2015-09-09,11.605256080627441
2015-09-10,11.656046867370605
2015-09-11,11.636998176574707
2015-09-14,11.706835746765137
2015-09-15,11.694140434265137
2015-09-16,11.998868942260742
2015-09-17,11.87824821472168
2015-09-18,11.814764022827148
2015-09-21,11.713181495666504
2015-09-22,11.554466247558594
2015-09-23,11.31956672668457
2015-09-24,11.490982055664062
2015-09-25,11.421147346496582
2015-09-28,11.243386268615723
2015-09-29,11.103715896606445
2015-09-30,11.376708030700684
2015-10-01,11.471936225891113
2015-10-02,11.586212158203125
2015-10-05,11.916337013244629
2015-10-06,11.98617172241211
2015-10-07,12.176630020141602
2015-10-08,12.354391098022461
2015-10-09,12.468666076660156
2015-10-12,12.424224853515625
2015-10-13,12.157584190368652
2015-10-14,12.227418899536133
2015-10-15,12.45596981048584
2015-10-16,12.424224853515625
2015-10-19,12.316298484802246
2015-10-20,12.240118980407715
2015-10-21,12.151236534118652
2015-10-22,12.398832321166992
2015-10-23,12.563892364501953
2015-10-26,12.525806427001953
2015-10-27,12.411528587341309
2015-10-28,12.309952735900879
2015-10-29,11.954428672790527
2015-10-30,12.011567115783691
2015-11-02,11.979826927185059
2015-11-03,12.195676803588867
2015-11-04,12.05600643157959
2015-11-05,11.941731452941895
2015-11-06,11.833805084228516
2015-11-09,11.529073715209961
2015-11-10,11.516376495361328
2015-11-11,11.643350601196289
2015-11-12,11.649700164794922
2015-11-13,11.497332572937012
2015-11-16,11.592559814453125
2015-11-17,11.719531059265137
2015-11-18,11.890945434570312
2015-11-19,12.18932819366455
2015-11-20,12.28455924987793
2015-11-23,12.208373069763184
2015-11-24,12.28455924987793
2015-11-25,12.163933753967285
2015-11-27,12.075053215026855
2015-11-30,12.11949348449707
2015-12-01,12.462319374084473
2015-12-02,12.335348129272461
2015-12-03,12.252813339233398
2015-12-04,12.309952735900879
2015-12-07,12.068704605102539
2015-12-08,11.827459335327148
2015-12-09,11.808412551879883
2015-12-10,11.814764022827148
2015-12-11,11.48463249206543
2015-12-14,11.490982055664062
2015-12-15,11.510024070739746
2015-12-16,11.840154647827148
2015-12-17,11.62430191040039
2015-12-18,11.763971328735352
2015-12-21,11.906933784484863
2015-12-22,11.998322486877441
2015-12-23,12.220272064208984
2015-12-24,12.226802825927734
2015-12-28,12.200691223144531
2015-12-29,12.533614158630371
2015-12-30,12.507501602172852
2015-12-31,12.376941680908203
2016-01-04,12.207216262817383
2016-01-05,12.024439811706543
2016-01-06,11.678455352783203
2016-01-07,11.182331085205078
2016-01-08,11.019135475158691
2016-01-11,11.110526084899902
2016-01-12,11.175804138183594
2016-01-13,10.979965209960938
2016-01-14,11.208446502685547
2016-01-15,10.60787582397461
2016-01-19,10.862465858459473
2016-01-20,10.823299407958984
2016-01-21,11.032195091247559
2016-01-22,11.23455810546875
2016-01-25,11.058304786682129
2016-01-26,11.280255317687988
2016-01-27,11.156222343444824
2016-01-28,11.358589172363281
2016-01-29,11.515259742736816
2016-02-01,11.534838676452637
2016-02-02,11.16927719116211
2016-02-03,11.325949668884277
2016-02-04,11.521787643432617
2016-02-05,11.221502304077148
2016-02-08,11.208446502685547
2016-02-09,10.993023872375488
2016-02-10,10.953856468200684
2016-02-11,10.914690017700195
2016-02-12,11.058304786682129
2016-02-16,11.306364059448242
2016-02-17,11.489145278930664
2016-02-18,11.528314590454102
2016-02-19,11.502202033996582
2016-02-22,11.822072982788086
2016-02-23,11.600119590759277
2016-02-24,11.476088523864746
2016-02-25,11.489145278930664
2016-02-26,11.293309211730957
2016-02-29,11.280255317687988
2016-03-01,11.645818710327148
2016-03-02,11.985269546508789
2016-03-03,12.220272064208984
2016-03-04,12.43569564819336
2016-03-07,12.611949920654297
2016-03-08,12.376941680908203
2016-03-09,12.670700073242188
2016-03-10,12.579309463500977
2016-03-11,12.905704498291016
2016-03-14,12.735980033874512
2016-03-15,12.448749542236328
2016-03-16,12.735980033874512
2016-03-17,13.016679763793945
2016-03-18,12.94487190246582
2016-03-21,12.873064994812012
2016-03-22,12.85348129272461
2016-03-23,12.579309463500977
2016-03-24,12.553196907043457
2016-03-28,12.592368125915527
2016-03-29,12.559724807739258
2016-03-30,12.618477821350098
2016-03-31,12.611949920654297
2016-04-01,12.533614158630371
2016-04-04,12.376941680908203
2016-04-05,12.011380195617676
2016-04-06,12.272496223449707
2016-04-07,12.017909049987793
2016-04-08,12.141939163208008
2016-04-11,12.148469924926758
2016-04-12,12.527084350585938
2016-04-13,12.722926139831543
2016-04-14,12.85348129272461
2016-04-15,12.977511405944824
2016-04-18,13.140708923339844
2016-04-19,13.343074798583984
2016-04-20,13.356132507324219
2016-04-21,13.271270751953125
2016-04-22,13.22557258605957
2016-04-25,13.153764724731445
2016-04-26,13.251684188842773
2016-04-27,12.931812286376953
2016-04-28,12.97098445892334
2016-04-29,13.010149002075195
2016-05-02,13.10806941986084
2016-05-03,12.94487190246582
2016-05-04,12.742505073547363
2016-05-05,12.735980033874512
2016-05-06,12.709866523742676
2016-05-09,12.644586563110352
2016-05-10,12.925291061401367
2016-05-11,12.879595756530762
2016-05-12,12.846956253051758
2016-05-13,12.664170265197754
2016-05-16,12.866537094116211
2016-05-17,12.846956253051758
2016-05-18,12.683757781982422
2016-05-19,12.644586563110352
2016-05-20,12.69681453704834
2016-05-23,12.611949920654297
2016-05-24,12.644586563110352
2016-05-25,12.722926139831543
2016-05-26,12.768622398376465
2016-05-27,12.781676292419434
2016-05-31,12.69681453704834
2016-06-01,12.677228927612305
2016-06-02,12.579309463500977
2016-06-03,12.820841789245605
2016-06-06,12.964455604553223
2016-06-07,13.095013618469238
2016-06-08,13.179880142211914
2016-06-09,13.010149002075195
2016-06-10,12.683757781982422
2016-06-13,12.566255569458008
2016-06-14,12.455276489257812
2016-06-15,12.461806297302246
2016-06-16,12.370418548583984
2016-06-17,12.474863052368164
2016-06-20,12.788202285766602
2016-06-21,12.879595756530762
2016-06-22,12.883563041687012
2016-06-23,13.241077423095703
2016-06-24,12.526058197021484
2016-06-27,12.155306816101074
2016-06-28,12.499574661254883
2016-06-29,12.658469200134277
2016-06-30,12.876943588256836
2016-07-01,12.936531066894531
2016-07-05,12.678328514099121
2016-07-06,12.830599784851074
2016-07-07,12.737913131713867
2016-07-08,13.049077033996582
2016-07-11,13.181490898132324
2016-07-12,13.419829368591309
2016-07-13,13.399968147277832
2016-07-14,13.538999557495117
2016-07-15,13.492654800415039
2016-07-18,13.558859825134277
2016-07-19,13.380107879638672
2016-07-20,13.452930450439453
2016-07-21,13.46617317199707
2016-07-22,13.452930450439453
2016-07-25,13.492654800415039
2016-07-26,13.605202674865723
2016-07-27,13.598581314086914
2016-07-28,13.644929885864258
2016-07-29,13.830302238464355
2016-08-01,13.678028106689453
2016-08-02,13.664789199829102
2016-08-03,13.611824989318848
2016-08-04,13.678028106689453
2016-08-05,13.777337074279785
2016-08-08,13.850163459777832
2016-08-09,13.922991752624512
2016-08-10,13.929612159729004
2016-08-11,13.969338417053223
2016-08-12,13.810442924499512
2016-08-15,13.903128623962402
2016-08-16,13.89651107788086
2016-08-17,13.89651107788086
2016-08-18,13.903128623962402
2016-08-19,13.777337074279785
2016-08-22,13.790578842163086
2016-08-23,13.876646995544434
2016-08-24,13.876646995544434
2016-08-25,13.870026588439941
2016-08-26,13.684654235839844
2016-08-29,13.671412467956543
2016-08-30,13.552240371704102
2016-08-31,13.386728286743164
2016-09-01,13.459554672241211
2016-09-02,13.46617317199707
2016-09-06,13.704510688781738
2016-09-07,13.671412467956543
2016-09-08,13.51914119720459
2016-09-09,13.0888032913208
2016-09-12,13.214592933654785
2016-09-13,12.764397621154785
2016-09-14,12.87032699584961
2016-09-15,13.115283966064453
2016-09-16,13.102045059204102
2016-09-19,13.155009269714355
2016-09-20,13.234457015991211
2016-09-21,13.532380104064941
2016-09-22,13.618447303771973
2016-09-23,13.598581314086914
2016-09-26,13.585341453552246
2016-09-27,13.730996131896973
2016-09-28,13.889887809753418
2016-09-29,13.730996131896973
2016-09-30,13.836922645568848
2016-10-03,13.863407135009766
2016-10-04,13.757474899291992
2016-10-05,13.836922645568848
2016-10-06,13.843544006347656
2016-10-07,13.790578842163086
2016-10-10,13.89651107788086
2016-10-11,13.631685256958008
2016-10-12,13.724372863769531
2016-10-13,13.684654235839844
2016-10-14,13.704510688781738
2016-10-17,13.664789199829102
2016-10-18,13.836922645568848
2016-10-19,13.942852973937988
2016-10-20,13.803821563720703
2016-10-21,13.724372863769531
2016-10-24,13.697893142700195
2016-10-25,13.810442924499512
2016-10-26,13.644929885864258
2016-10-27,13.41321086883545
2016-10-28,13.347002029418945
2016-10-31,13.4264497756958
2016-11-01,13.37348747253418
2016-11-02,13.234457015991211
2016-11-03,13.280797004699707
2016-11-04,13.174867630004883
2016-11-07,13.558859825134277
2016-11-08,13.691271781921387
2016-11-09,13.591965675354004
2016-11-10,13.565483093261719
2016-11-11,13.52575969696045
2016-11-14,13.558859825134277
2016-11-15,13.611824989318848
2016-11-16,13.347002029418945
2016-11-17,13.37348747253418
2016-11-18,13.26093864440918
2016-11-21,13.37348747253418
2016-11-22,13.51914119720459
2016-11-23,13.644929885864258
2016-11-25,13.790578842163086
2016-11-28,13.737616539001465
2016-11-29,13.757474899291992
2016-11-30,13.532380104064941
2016-12-01,13.678028106689453
2016-12-02,13.697893142700195
2016-12-05,13.724372863769531
2016-12-06,13.737616539001465
2016-12-07,13.929612159729004
2016-12-08,13.969338417053223
2016-12-09,14.002437591552734
2016-12-12,14.035539627075195
2016-12-13,14.114984512329102
2016-12-14,13.850163459777832
2016-12-15,13.757474899291992
2016-12-16,13.618447303771973
2016-12-19,13.591965675354004
2016-12-20,13.724372863769531
2016-12-21,13.717576026916504
2016-12-22,13.731172561645508
2016-12-23,13.629207611083984
2016-12-27,13.690384864807129
2016-12-28,13.744767189025879
2016-12-29,13.853527069091797
2016-12-30,13.751564025878906
2017-01-03,13.99627685546875
2017-01-04,14.173017501831055
2017-01-05,14.308967590332031
2017-01-06,14.234195709228516
2017-01-09,14.39054012298584
2017-01-10,14.417726516723633
2017-01-11,14.567278861999512
2017-01-12,14.628456115722656
2017-01-13,14.567278861999512
2017-01-17,14.533287048339844
2017-01-18,14.410933494567871
2017-01-19,14.472111701965332
2017-01-20,14.472111701965332
2017-01-23,14.431323051452637
2017-01-24,14.540085792541504
2017-01-25,14.587668418884277
2017-01-26,14.506097793579102
2017-01-27,14.546883583068848
2017-01-30,14.431323051452637
2017-01-31,14.438119888305664
2017-02-01,14.512898445129395
2017-02-02,14.662444114685059
2017-02-03,14.676039695739746
2017-02-06,14.540085792541504
2017-02-07,14.506097793579102
2017-02-08,14.580873489379883
2017-02-09,14.655646324157715
2017-02-10,14.85278034210205
2017-02-13,14.927549362182617
2017-02-14,14.941149711608887
2017-02-15,15.145075798034668
2017-02-16,15.145075798034668
2017-02-17,15.117887496948242
2017-02-21,15.17906379699707
2017-02-22,15.206254005432129
2017-02-23,15.206254005432129
2017-02-24,15.009119987487793
2017-02-27,14.995529174804688
2017-02-28,14.920755386352539
2017-03-01,15.090694427490234
2017-03-02,14.920755386352539
2017-03-03,14.941149711608887
2017-03-06,14.900362014770508
2017-03-07,14.961544036865234
2017-03-08,14.859576225280762
2017-03-09,14.859576225280762
2017-03-10,14.988730430603027
2017-03-13,15.036314964294434
2017-03-14,14.93435001373291
2017-03-15,15.396587371826172
2017-03-16,15.260635375976562
2017-03-17,15.287825584411621
2017-03-20,15.315019607543945
2017-03-21,15.104287147521973
2017-03-22,15.022720336914062
2017-03-23,14.968338966369629
2017-03-24,15.070301055908203
2017-03-27,15.070301055908203
2017-03-28,15.287825584411621
2017-03-29,15.464564323425293
2017-03-30,15.484955787658691
2017-03-31,15.369399070739746
2017-04-03,15.32181167602539
2017-04-04,15.281028747558594
2017-04-05,15.260635375976562
2017-04-06,15.240239143371582
2017-04-07,15.1654634475708
2017-04-10,15.219847679138184
2017-04-11,15.328608512878418
2017-04-12,15.287825584411621
2017-04-13,15.247038841247559
2017-04-17,15.335409164428711
2017-04-18,15.13148307800293
2017-04-19,14.98193645477295
2017-04-20,15.138278007507324
2017-04-21,15.17906379699707
2017-04-24,15.342205047607422
2017-04-25,15.376194953918457
2017-04-26,15.233443260192871
2017-04-27,15.226645469665527
2017-04-28,15.267430305480957
2017-05-01,15.41697883605957
2017-05-02,15.403382301330566
2017-05-03,15.063506126403809
2017-05-04,14.954743385314941
2017-05-05,15.022720336914062
2017-05-08,14.927549362182617
2017-05-09,14.744016647338867
2017-05-10,14.873169898986816
2017-05-11,14.85278034210205
2017-05-12,14.784801483154297
2017-05-15,14.886764526367188
2017-05-16,14.961544036865234
2017-05-17,14.580873489379883
2017-05-18,14.614861488342285
2017-05-19,14.744016647338867
2017-05-22,14.85278034210205
2017-05-23,14.85278034210205
2017-05-24,14.873169898986816
2017-05-25,14.82558536529541
2017-05-26,14.73042106628418
2017-05-30,14.655646324157715
2017-05-31,14.608062744140625
2017-06-01,14.580873489379883
2017-06-02,14.764409065246582
2017-06-05,14.77120590209961
2017-06-06,14.608062744140625
2017-06-07,14.608062744140625
2017-06-08,14.676039695739746
2017-06-09,14.662444114685059
2017-06-12,14.648849487304688
2017-06-13,14.968338966369629
2017-06-14,15.111084938049316
2017-06-15,14.995529174804688
2017-06-16,15.063506126403809
2017-06-19,15.117887496948242
2017-06-20,14.840109825134277
2017-06-21,14.6942777633667
2017-06-22,14.728995323181152
2017-06-23,14.83316421508789
2017-06-26,14.847051620483398
2017-06-27,14.798442840576172
2017-06-28,15.110940933227539
2017-06-29,15.138716697692871
2017-06-30,15.05538558959961
2017-07-03,14.985943794250488
2017-07-05,15.05538558959961
2017-07-06,14.916498184204102
2017-07-07,14.916498184204102
2017-07-10,14.951217651367188
2017-07-11,14.985943794250488
2017-07-12,15.048440933227539
2017-07-13,15.208160400390625
2017-07-14,15.458159446716309
2017-07-17,15.402605056762695
2017-07-18,15.451210975646973
2017-07-19,15.728989601135254
2017-07-20,15.770655632019043
2017-07-21,15.548431396484375
2017-07-24,15.555376052856445
2017-07-25,15.722044944763184
2017-07-26,15.888708114624023
2017-07-27,15.805377960205078
2017-07-28,15.708155632019043
2017-07-31,15.763711929321289
2017-08-01,15.819267272949219
2017-08-02,15.770655632019043
2017-08-03,15.645657539367676
2017-08-04,15.659544944763184
2017-08-07,15.694269180297852
2017-08-08,15.624824523925781
2017-08-09,15.583157539367676
2017-08-10,15.402605056762695
2017-08-11,15.444271087646484
2017-08-14,15.513710975646973
2017-08-15,15.472049713134766
2017-08-16,15.826211929321289
2017-08-17,15.624824523925781
2017-08-18,15.701208114624023
2017-08-21,15.687320709228516
2017-08-22,15.784544944763184
2017-08-23,15.708155632019043
2017-08-24,15.680377960205078
2017-08-25,15.763711929321289
2017-08-28,15.728989601135254
2017-08-29,15.617879867553711
2017-08-30,15.541488647460938
2017-08-31,15.728989601135254
2017-09-01,15.84704303741455
2017-09-05,15.749820709228516
2017-09-06,15.805377960205078
2017-09-07,15.895650863647461
2017-09-08,15.840094566345215
2017-09-11,15.978987693786621
2017-09-12,16.083148956298828
2017-09-13,15.95120620727539
2017-09-14,15.95120620727539
2017-09-15,15.902596473693848
2017-09-18,15.853989601135254
2017-09-19,15.958152770996094
2017-09-20,15.923430442810059
2017-09-21,15.659544944763184
2017-09-22,15.770655632019043
2017-09-25,15.722044944763184
2017-09-26,15.60399055480957
2017-09-27,15.548431396484375
2017-09-28,15.520655632019043
2017-09-29,15.583157539367676
2017-10-02,15.65259838104248
2017-10-03,15.583157539367676
2017-10-04,15.499822616577148
2017-10-05,15.430380821228027
2017-10-06,15.430380821228027
2017-10-09,15.437325477600098
2017-10-10,15.562324523925781
2017-10-11,15.60399055480957
2017-10-12,15.715100288391113
2017-10-13,15.94426155090332
2017-10-16,15.965100288391113
2017-10-17,16.020652770996094
2017-10-18,16.020652770996094
2017-10-19,16.04842758178711
2017-10-20,16.04842758178711
2017-10-23,15.95120620727539
2017-10-24,15.972041130065918
2017-10-25,15.756767272949219
2017-10-26,15.756767272949219
2017-10-27,15.83315372467041
2017-10-30,15.805377960205078
2017-10-31,15.763711929321289
2017-11-01,15.840094566345215
2017-11-02,15.958152770996094
2017-11-03,15.867876052856445
2017-11-06,15.93037223815918
2017-11-07,15.902596473693848
2017-11-08,16.055376052856445
2017-11-09,16.09009552001953
2017-11-10,16.09009552001953
2017-11-13,15.978987693786621
2017-11-14,15.798431396484375
2017-11-15,15.749820709228516
2017-11-16,15.853989601135254
2017-11-17,15.715100288391113
2017-11-20,15.749820709228516
2017-11-21,15.84704303741455
2017-11-22,15.93037223815918
2017-11-24,15.923430442810059
2017-11-27,15.853989601135254
2017-11-28,15.94426155090332
2017-11-29,15.853989601135254
2017-11-30,15.812322616577148
2017-12-01,15.867876052856445
2017-12-04,15.763711929321289
2017-12-05,15.735930442810059
2017-12-06,15.694269180297852
2017-12-07,15.687320709228516
2017-12-08,15.735930442810059
2017-12-11,15.770655632019043
2017-12-12,15.853989601135254
2017-12-13,16.09009552001953
2017-12-14,16.04842758178711
2017-12-15,16.06926155090332
2017-12-18,16.180374145507812
2017-12-19,16.151199340820312
2017-12-20,16.151199340820312
2017-12-21,16.26504135131836
2017-12-22,16.343307495117188
2017-12-26,16.343307495117188
2017-12-27,16.42868423461914
2017-12-28,16.49983787536621
2017-12-29,16.48560905456543
2018-01-02,16.592330932617188
2018-01-03,16.699058532714844
2018-01-04,16.76309585571289
2018-01-05,16.862709045410156
2018-01-08,16.770212173461914
2018-01-09,16.791555404663086
2018-01-10,16.64925765991211
2018-01-11,16.74886703491211
2018-01-12,16.841360092163086
2018-01-16,16.691944122314453
2018-01-17,16.784439086914062
2018-01-18,16.79867172241211
2018-01-19,16.834245681762695
2018-01-22,16.855594635009766
2018-01-23,16.89116859436035
2018-01-24,16.990779876708984
2018-01-25,16.940969467163086
2018-01-26,17.1544246673584
2018-01-29,17.033466339111328
2018-01-30,16.898283004760742
2018-01-31,16.912513732910156
2018-02-01,16.990779876708984
2018-02-02,16.734634399414062
2018-02-05,16.172548294067383
2018-02-06,16.32908058166504
2018-02-07,15.98755168914795
2018-02-08,15.539302825927734
2018-02-09,15.738524436950684
2018-02-12,15.98755168914795
2018-02-13,16.08005142211914
2018-02-14,16.36465072631836
2018-02-15,16.48560905456543
2018-02-16,16.350421905517578
2018-02-20,16.3077335357666
2018-02-21,16.26504135131836
2018-02-22,16.39311408996582
2018-02-23,16.521183013916016
2018-02-26,16.699058532714844
2018-02-27,16.43580436706543
2018-02-28,16.236581802368164
2018-03-01,16.12985610961914
2018-03-02,16.179658889770508
2018-03-05,16.250810623168945
2018-03-06,16.378881454467773
2018-03-07,16.272159576416016
2018-03-08,16.293498992919922
2018-03-09,16.58521842956543
2018-03-12,16.578105926513672
2018-03-13,16.36465072631836
2018-03-14,16.43580436706543
2018-03-15,16.25792694091797
2018-03-16,16.201004028320312
2018-03-19,16.07293701171875
2018-03-20,16.01601219177246
2018-03-21,16.179658889770508
2018-03-22,15.766986846923828
2018-03-23,15.560650825500488
2018-03-26,15.838134765625
2018-03-27,15.532186508178711
2018-03-28,15.539302825927734
2018-03-29,15.667374610900879
2018-04-02,15.397002220153809
2018-04-03,15.574877738952637
2018-04-04,15.681604385375977
2018-04-05,15.695837020874023
2018-04-06,15.51795768737793
2018-04-09,15.695837020874023
2018-04-10,15.980435371398926
2018-04-11,15.873709678649902
2018-04-12,15.923515319824219
2018-04-13,15.923515319824219
2018-04-16,15.994668960571289
2018-04-17,16.01601219177246
2018-04-18,16.108509063720703
2018-04-19,15.937746047973633
2018-04-20,15.774101257324219
2018-04-23,15.78121566772461
2018-04-24,15.78121566772461
2018-04-25,15.752756118774414
2018-04-26,15.831023216247559
2018-04-27,15.923515319824219
2018-04-30,15.788330078125
2018-05-01,15.866600036621094
2018-05-02,16.001787185668945
2018-05-03,16.151199340820312
2018-05-04,16.172548294067383
2018-05-07,16.08716583251953
2018-05-08,16.01601219177246
2018-05-09,16.08716583251953
2018-05-10,16.279272079467773
2018-05-11,16.25792694091797
2018-05-14,16.293498992919922
2018-05-15,16.094280242919922
2018-05-16,16.243698120117188
2018-05-17,16.26504135131836
2018-05-18,16.151199340820312
2018-05-21,16.35753631591797
2018-05-22,16.243698120117188
2018-05-23,16.158315658569336
2018-05-24,16.179658889770508
2018-05-25,16.08005142211914
2018-05-29,15.859487533569336
2018-05-30,16.20812225341797
2018-05-31,16.058706283569336
2018-06-01,16.165430068969727
2018-06-04,16.26504135131836
2018-06-05,16.193889617919922
2018-06-06,16.421571731567383
2018-06-07,16.293498992919922
2018-06-08,16.286386489868164
2018-06-11,16.371768951416016
2018-06-12,16.158315658569336
2018-06-13,16.136972427368164
2018-06-14,15.98755168914795
2018-06-15,16.001787185668945
2018-06-18,16.136972427368164
2018-06-19,16.007862091064453
2018-06-20,16.167436599731445
2018-06-21,16.225460052490234
2018-06-22,16.457563400268555
2018-06-25,16.12391471862793
2018-06-26,16.239965438842773
2018-06-27,16.094900131225586
2018-06-28,16.312498092651367
2018-06-29,16.3995361328125
2018-07-02,16.18193817138672
2018-07-03,16.268980026245117
2018-07-05,16.44305992126465
2018-07-06,16.667905807495117
2018-07-09,16.80571746826172
2018-07-10,16.71142578125
2018-07-11,16.305246353149414
2018-07-12,16.61713409423828
2018-07-13,16.55910873413086
2018-07-16,16.450313568115234
2018-07-17,16.385028839111328
2018-07-18,16.47932243347168
2018-07-19,16.385028839111328
2018-07-20,16.566360473632812
2018-07-23,16.40679168701172
2018-07-24,16.58812141418457
2018-07-25,16.638891220092773
2018-07-26,16.472068786621094
2018-07-27,16.566360473632812
2018-07-30,16.551856994628906
2018-07-31,16.624385833740234
2018-08-01,16.486576080322266
2018-08-02,16.435802459716797
2018-08-03,16.47932243347168
2018-08-06,16.472068786621094
2018-08-07,16.52284049987793
2018-08-08,16.609878540039062
2018-08-09,16.57361602783203
2018-08-10,16.305246353149414
2018-08-13,16.210954666137695
2018-08-14,16.276233673095703
2018-08-15,16.254472732543945
2018-08-16,16.457563400268555
2018-08-17,16.682415008544922
2018-08-20,16.696916580200195
2018-08-21,16.544601440429688
2018-08-22,16.501083374023438
2018-08-23,16.189193725585938
2018-08-24,16.334259033203125
2018-08-27,16.49382972717285
2018-08-28,16.486576080322266
2018-08-29,16.646148681640625
2018-08-30,16.472068786621094
2018-08-31,16.312498092651367
2018-09-04,16.131168365478516
2018-09-05,15.99335765838623
2018-09-06,15.82653522491455
2018-09-07,15.565414428710938
2018-09-10,15.674212455749512
2018-09-11,15.717737197875977
2018-09-12,15.877304077148438
2018-09-13,15.877304077148438
2018-09-14,15.855546951293945
2018-09-17,15.877304077148438
2018-09-18,16.0513858795166
2018-09-19,16.12391471862793
2018-09-20,16.225460052490234
2018-09-21,16.174686431884766
2018-09-24,16.109405517578125
2018-09-25,16.1384220123291
2018-09-26,16.116661071777344
2018-09-27,16.044130325317383
2018-09-28,16.044130325317383
2018-10-01,16.022371292114258
2018-10-02,15.833783149719238
2018-10-03,15.739497184753418
2018-10-04,15.652460098266602
2018-10-05,15.587178230285645
2018-10-08,15.478378295898438
2018-10-09,15.420351028442383
2018-10-10,15.093957901000977
2018-10-11,14.854599952697754
2018-10-12,14.934385299682617
2018-10-15,14.963397979736328
2018-10-16,15.195500373840332
2018-10-17,15.159234046936035
2018-10-18,15.021421432495117
2018-10-19,15.166489601135254
2018-10-22,15.021421432495117
2018-10-23,14.861854553222656
2018-10-24,14.513697624206543
2018-10-25,14.571722030639648
2018-10-26,14.477428436279297
2018-10-29,14.441166877746582
2018-10-30,14.818336486816406
2018-10-31,14.941641807556152
2018-11-01,15.180996894836426
2018-11-02,15.14472770690918
2018-11-05,15.202753067016602
2018-11-06,15.347816467285156
2018-11-07,15.558164596557617
2018-11-08,15.507390975952148
2018-11-09,15.376835823059082
2018-11-12,15.275287628173828
2018-11-13,15.253525733947754
2018-11-14,15.079450607299805
2018-11-15,15.195500373840332
2018-11-16,15.246270179748535
2018-11-19,14.956147193908691
2018-11-20,14.67326831817627
2018-11-21,14.948892593383789
2018-11-23,14.927133560180664
2018-11-26,15.093957901000977
2018-11-27,15.08670425415039
2018-11-28,15.318805694580078
2018-11-29,15.246270179748535
2018-11-30,15.08670425415039
2018-12-03,15.347816467285156
2018-12-04,14.934385299682617
2018-12-06,14.818336486816406
2018-12-07,14.731290817260742
2018-12-10,14.535459518432617
2018-12-11,14.65151309967041
2018-12-12,14.796570777893066
2018-12-13,14.789318084716797
2018-12-14,14.535459518432617
2018-12-17,14.535459518432617
2018-12-18,14.539225578308105
2018-12-19,14.373491287231445
2018-12-20,14.215293884277344
2018-12-21,13.883831024169922
2018-12-24,13.876297950744629
2018-12-26,14.350895881652832
2018-12-27,14.39609432220459
2018-12-28,14.501556396484375
2018-12-31,14.501556396484375
2019-01-02,14.388558387756348
2019-01-03,14.283089637756348
2019-01-04,14.787822723388672
2019-01-07,14.833023071289062
2019-01-08,14.946022987365723
2019-01-09,15.156953811645508
2019-01-10,15.224751472473145
2019-01-11,15.224751472473145
2019-01-14,15.1644868850708
2019-01-15,15.262418746948242
2019-01-16,15.300082206726074
2019-01-17,15.443219184875488
2019-01-18,15.503482818603516
2019-01-22,15.11928939819336
2019-01-23,15.187085151672363
2019-01-24,15.194622993469238
2019-01-25,15.46581745147705
2019-01-28,15.390487670898438
2019-01-29,15.337754249572754
2019-01-30,15.58635139465332
2019-01-31,15.511019706726074
2019-02-01,15.48841667175293
2019-02-04,15.616485595703125
2019-02-05,15.872617721557617
2019-02-06,15.691814422607422
2019-02-07,15.684280395507812
2019-02-08,15.654151916503906
2019-02-11,15.608954429626465
2019-02-12,15.767152786254883
2019-02-13,15.624015808105469
2019-02-14,15.631548881530762
2019-02-15,15.88015079498291
2019-02-19,15.978079795837402
2019-02-20,15.925350189208984
2019-02-21,15.857549667358398
2019-02-22,16.038349151611328
2019-02-25,16.1212100982666
2019-02-26,16.1212100982666
2019-02-27,16.05341339111328
2019-02-28,16.03081703186035
2019-03-01,16.143817901611328
2019-03-04,16.060945510864258
2019-03-05,16.113676071166992
2019-03-06,16.12874984741211
2019-03-07,16.08354949951172
2019-03-08,16.015745162963867
2019-03-11,16.158878326416016
2019-03-12,16.05341339111328
2019-03-13,16.136280059814453
2019-03-14,16.091081619262695
2019-03-15,16.158878326416016
2019-03-18,16.21161460876465
2019-03-19,16.15134620666504
2019-03-20,16.158878326416016
2019-03-21,16.256813049316406
2019-03-22,15.993147850036621
2019-03-25,16.0684757232666
2019-03-26,16.143817901611328
2019-03-27,15.978079795837402
2019-03-28,16.098615646362305
2019-03-29,16.21161460876465
2019-04-01,16.392410278320312
2019-04-02,16.30954360961914
2019-04-03,16.445144653320312
2019-04-04,16.294475555419922
2019-04-05,16.219144821166992
2019-04-08,16.324613571166992
2019-04-09,16.24174690246582
2019-04-10,16.35474395751953
2019-04-11,16.30954360961914
2019-04-12,16.467744827270508
2019-04-15,16.430076599121094
2019-04-16,16.512943267822266
2019-04-17,16.497873306274414
2019-04-18,16.512943267822266
2019-04-22,16.490341186523438
2019-04-23,16.558147430419922
2019-04-24,16.475278854370117
2019-04-25,16.482812881469727
2019-04-26,16.520479202270508
2019-04-29,16.497873306274414
2019-04-30,16.39994239807129
2019-05-01,16.339677810668945
2019-05-02,16.317079544067383
2019-05-03,16.445144653320312
2019-05-06,16.286945343017578
2019-05-07,16.1212100982666
2019-05-08,16.1212100982666
2019-05-09,16.158878326416016
2019-05-10,16.35474395751953
2019-05-13,16.023283004760742
2019-05-14,16.008211135864258
2019-05-15,16.12874984741211
2019-05-16,16.264347076416016
2019-05-17,16.136280059814453
2019-05-20,16.482812881469727
2019-05-21,16.62594223022461
2019-05-22,16.618412017822266
2019-05-23,16.512943267822266
2019-05-24,16.595809936523438
2019-05-28,16.490341186523438
2019-05-29,16.39994239807129
2019-05-30,16.430076599121094
2019-05-31,16.42254638671875
2019-06-03,16.35474395751953
2019-06-04,16.603342056274414
2019-06-05,16.53554344177246
2019-06-06,16.641010284423828
2019-06-07,16.83687400817871
2019-06-10,16.83687400817871
2019-06-11,17.01013946533203
2019-06-12,16.83687400817871
2019-06-13,16.844409942626953
2019-06-14,16.731407165527344
2019-06-17,16.664533615112305
2019-06-18,16.918195724487305
2019-06-19,17.025806427001953
2019-06-20,17.217971801757812
2019-06-21,17.1180477142334
2019-06-24,17.24103546142578
2019-06-25,17.17953872680664
2019-06-26,17.248720169067383
2019-06-27,17.364017486572266
2019-06-28,17.325584411621094
2019-07-01,17.294837951660156
2019-07-02,17.28714942932129
2019-07-03,17.50237274169922
2019-07-05,17.510059356689453
2019-07-08,17.28714942932129
2019-07-09,17.225658416748047
2019-07-10,17.294837951660156
2019-07-11,17.348642349243164
2019-07-12,17.3793888092041
2019-07-15,17.402448654174805
2019-07-16,17.28714942932129
2019-07-17,17.364017486572266
2019-07-18,17.456254959106445
2019-07-19,17.48699951171875
2019-07-22,17.456254959106445
2019-07-23,17.525432586669922
2019-07-24,17.53311538696289
2019-07-25,17.47162437438965
2019-07-26,17.433191299438477
2019-07-29,17.517749786376953
2019-07-30,17.364017486572266
2019-07-31,17.225658416748047
2019-08-01,17.1334171295166
2019-08-02,17.064237594604492
2019-08-05,16.44162368774414
2019-08-06,16.326326370239258
2019-08-07,16.334009170532227
2019-08-08,16.610729217529297
2019-08-09,16.518489837646484
2019-08-12,16.3878173828125
2019-08-13,16.603042602539062
2019-08-14,16.211023330688477
2019-08-15,16.1495361328125
2019-08-16,16.31863784790039
2019-08-19,16.38013458251953
2019-08-20,16.433937072753906
2019-08-21,16.456998825073242
2019-08-22,16.4031925201416
2019-08-23,16.203338623046875
2019-08-26,16.31095314025879
2019-08-27,16.295578002929688
2019-08-28,16.341699600219727
2019-08-29,16.48005485534668
2019-08-30,16.664533615112305
2019-09-03,16.579984664916992
2019-09-04,16.764461517333984
2019-09-05,16.964313507080078
2019-09-06,17.087297439575195
2019-09-09,17.1411075592041
2019-09-10,17.1411075592041
2019-09-11,17.217971801757812
2019-09-12,17.28714942932129
2019-09-13,17.34095573425293
2019-09-16,17.28714942932129
2019-09-17,17.39476203918457
2019-09-18,17.26409149169922
2019-09-19,17.31020736694336
2019-09-20,17.202598571777344
2019-09-23,17.217971801757812
2019-09-24,17.15647315979004
2019-09-25,17.15647315979004
2019-09-26,17.125732421875
2019-09-27,17.1334171295166
2019-09-30,17.10266876220703
2019-10-01,16.887447357177734
2019-10-02,16.48774528503418
2019-10-03,16.59535789489746
2019-10-04,16.77215003967285
2019-10-07,16.702970504760742
2019-10-08,16.579984664916992
2019-10-09,16.67991065979004
2019-10-10,16.818267822265625
2019-10-11,17.01812171936035
2019-10-14,16.879756927490234
2019-10-15,17.094985961914062
2019-10-16,17.15647315979004
2019-10-17,17.17953872680664
2019-10-18,17.15647315979004
2019-10-21,17.302522659301758
2019-10-22,17.302522659301758
2019-10-23,17.387075424194336
2019-10-24,17.39476203918457
2019-10-25,17.44856834411621
2019-10-28,17.525432586669922
2019-10-29,17.47931671142578
2019-10-30,17.463937759399414
2019-10-31,17.31789779663086
2019-11-01,17.49468994140625
2019-11-04,17.44088363647461
2019-11-05,17.47162437438965
2019-11-06,17.3717041015625
2019-11-07,17.55617904663086
2019-11-08,17.50237274169922
2019-11-11,17.60230255126953
2019-11-12,17.571556091308594
2019-11-13,17.387075424194336
2019-11-14,17.3793888092041
2019-11-15,17.53311538696289
2019-11-18,17.47931671142578
2019-11-19,17.563865661621094
2019-11-20,17.248720169067383
2019-11-21,17.225658416748047
2019-11-22,17.302522659301758
2019-11-25,17.387075424194336
2019-11-26,17.44088363647461
2019-11-27,17.65610694885254
2019-11-29,17.548494338989258
2019-12-02,17.47162437438965
2019-12-03,17.164165496826172
2019-12-04,17.294837951660156
2019-12-05,17.26409149169922
2019-12-06,17.417821884155273
2019-12-09,17.333269119262695
2019-12-10,17.279464721679688
2019-12-11,17.48699951171875
2019-12-12,17.59461212158203
2019-12-13,17.579240798950195
2019-12-16,17.89766502380371
2019-12-17,17.732961654663086
2019-12-18,17.740802764892578
2019-12-19,17.725120544433594
2019-12-20,17.732961654663086
2019-12-23,17.74864959716797
2019-12-24,17.764333724975586
2019-12-26,17.87413787841797
2019-12-27,17.842761993408203
2019-12-30,17.819236755371094
2019-12-31,17.75649070739746
2020-01-02,17.83492088317871
2020-01-03,17.646686553955078
2020-01-06,17.740802764892578
2020-01-07,17.717275619506836
2020-01-08,17.819236755371094
2020-01-09,17.827077865600586
2020-01-10,17.92119598388672
2020-01-13,18.062368392944336
2020-01-14,18.172170639038086
2020-01-15,18.25844383239746
2020-01-16,18.462360382080078
2020-01-17,18.446672439575195
2020-01-21,18.297658920288086
2020-01-22,18.399614334106445
2020-01-23,18.383930206298828
2020-01-24,18.234914779663086
2020-01-27,17.842761993408203
2020-01-28,17.991779327392578
2020-01-29,17.91335105895996
2020-01-30,17.905508041381836
2020-01-31,17.458457946777344
2020-02-03,17.49767303466797
2020-02-04,17.803550720214844
2020-02-05,17.91335105895996
2020-02-06,17.944719314575195
2020-02-07,17.717275619506836
2020-02-10,17.78002166748047
2020-02-11,17.905508041381836
2020-02-12,18.13295555114746
2020-02-13,18.030994415283203
2020-02-14,18.078054428100586
2020-02-18,18.023149490356445
2020-02-19,18.117267608642578
2020-02-20,17.976093292236328
2020-02-21,17.83492088317871
2020-02-24,17.07415008544922
2020-02-25,16.831022262573242
2020-02-26,16.619260787963867
2020-02-27,16.227109909057617
2020-02-28,15.780061721801758
2020-03-02,16.01535415649414
2020-03-03,15.858492851257324
2020-03-04,16.289854049682617
2020-03-05,15.811436653137207
2020-03-06,15.513400077819824
2020-03-09,13.678146362304688
2020-03-10,14.85459041595459
2020-03-11,13.693830490112305
2020-03-12,11.858575820922852
2020-03-13,13.536970138549805
2020-03-16,11.3566255569458
2020-03-17,12.203665733337402
2020-03-18,10.760560989379883
2020-03-19,10.940946578979492
2020-03-20,10.493898391723633
2020-03-23,10.054689407348633
2020-03-24,11.286038398742676
2020-03-25,11.75661563873291
2020-03-26,12.297783851623535
2020-03-27,11.372310638427734
2020-03-30,12.352682113647461
2020-03-31,12.187980651855469
2020-04-01,11.772303581237793
2020-04-02,12.164450645446777
2020-04-03,11.631131172180176
2020-04-06,12.61150074005127
2020-04-07,12.258565902709961
2020-04-08,12.360526084899902
2020-04-09,13.042863845825195
2020-04-13,12.995806694030762
2020-04-14,13.442856788635254
2020-04-15,12.784046173095703
2020-04-16,12.870318412780762
2020-04-17,13.199724197387695
2020-04-20,12.729144096374512
2020-04-21,12.156606674194336
2020-04-22,12.697774887084961
2020-04-23,12.619345664978027
2020-04-24,12.870318412780762
2020-04-27,13.027181625366211
2020-04-28,13.027181625366211
2020-04-29,13.442856788635254
2020-04-30,13.364426612854004
2020-05-01,12.697774887084961
2020-05-04,12.987961769104004
2020-05-05,13.113451957702637
2020-05-06,12.870318412780762
2020-05-07,13.08207893371582
2020-05-08,13.270309448242188
2020-05-11,13.30952262878418
2020-05-12,12.980118751525879
2020-05-13,12.933061599731445
2020-05-14,12.956591606140137
2020-05-15,13.066391944885254
2020-05-18,13.646771430969238
2020-05-19,13.435009956359863
2020-05-20,13.835003852844238
2020-05-21,13.623245239257812
2020-05-22,13.599716186523438
2020-05-26,14.242838859558105
2020-05-27,14.41538143157959
2020-05-28,14.501657485961914
2020-05-29,14.164407730102539
2020-06-01,14.862432479858398
2020-06-02,15.097723007202148
2020-06-03,15.536928176879883
2020-06-04,15.513400077819824
2020-06-05,15.936921119689941
2020-06-08,16.203582763671875
2020-06-09,15.921235084533691
2020-06-10,15.92908000946045
2020-06-11,14.784002304077148
2020-06-12,15.058509826660156
2020-06-15,15.268672943115234
2020-06-16,15.427888870239258
2020-06-17,15.404006958007812
2020-06-18,15.324396133422852
2020-06-19,15.141298294067383
2020-06-22,15.483610153198242
2020-06-23,15.507491111755371
2020-06-24,15.069652557373047
2020-06-25,15.212944984436035
2020-06-26,14.958200454711914
2020-06-29,15.244790077209473
2020-06-30,15.340316772460938
2020-07-01,15.491572380065918
2020-07-02,15.786118507385254
2020-07-06,15.802042007446289
2020-07-07,15.563217163085938
2020-07-08,15.603023529052734
2020-07-09,15.451769828796387
2020-07-10,15.626904487609863
2020-07-13,15.404006958007812
2020-07-14,15.634862899780273
2020-07-15,15.977176666259766
2020-07-16,15.770195007324219
2020-07-17,15.857766151428223
2020-07-20,15.921453475952148
2020-07-21,16.30356788635254
2020-07-22,16.263761520385742
2020-07-23,16.04882049560547
2020-07-24,15.945338249206543
2020-07-27,16.208036422729492
2020-07-28,16.040861129760742
2020-07-29,16.30356788635254
2020-07-30,16.1602725982666
2020-07-31,15.849803924560547
2020-08-03,16.072704315185547
2020-08-04,16.17619514465332
2020-08-05,16.239879608154297
2020-08-06,16.35133171081543
2020-08-07,16.231914520263672
2020-08-10,16.407054901123047
2020-08-11,16.4229793548584
2020-08-12,16.62995719909668
2020-08-13,16.367252349853516
2020-08-14,16.375215530395508
2020-08-17,16.534427642822266
2020-08-18,16.6060733795166
2020-08-19,16.62199592590332
2020-08-20,16.56627082824707
2020-08-21,16.39909553527832
2020-08-24,16.55034637451172
2020-08-25,16.502582550048828
2020-08-26,16.59015464782715
2020-08-27,16.57423210144043
2020-08-28,16.637914657592773
2020-08-31,16.55034637451172
2020-09-01,16.534427642822266
2020-09-02,16.813053131103516
2020-09-03,16.35928726196289
2020-09-04,16.152313232421875
2020-09-08,15.993096351623535
2020-09-09,16.311527252197266
2020-09-10,15.881649017333984
2020-09-11,16.040861129760742
2020-09-14,16.18415069580078
2020-09-15,16.30356788635254
2020-09-16,16.31948471069336
2020-09-17,16.215999603271484
2020-09-18,16.024940490722656
2020-09-21,15.642824172973633
2020-09-22,15.810001373291016
2020-09-23,15.587099075317383
2020-09-24,15.579142570495605
2020-09-25,15.825922966003418
2020-09-28,15.969217300415039
2020-09-29,15.802042007446289
2020-09-30,15.698552131652832
2020-10-01,15.825922966003418
2020-10-02,15.802042007446289
2020-10-05,16.120466232299805
2020-10-06,15.921453475952148
2020-10-07,16.231914520263672
2020-10-08,16.470739364624023
2020-10-09,16.57423210144043
2020-10-12,16.68567657470703
2020-10-13,16.558307647705078
2020-10-14,16.542388916015625
2020-10-15,16.51850700378418
2020-10-16,16.51850700378418
2020-10-19,16.383174896240234
2020-10-20,16.367252349853516
2020-10-21,16.35928726196289
2020-10-22,16.502582550048828
2020-10-23,16.62199592590332
2020-10-26,16.375215530395508
2020-10-27,16.18415069580078
2020-10-28,15.746317863464355
2020-10-29,15.817963600158691
2020-10-30,15.738356590270996
2020-11-02,15.825922966003418
2020-11-03,16.335407257080078
2020-11-04,16.343368530273438
2020-11-05,16.876739501953125
2020-11-06,16.908580780029297
2020-11-09,17.57728385925293
2020-11-10,17.537479400634766
2020-11-11,17.776302337646484
2020-11-12,17.441951751708984
2020-11-13,17.664852142333984
2020-11-16,17.927555084228516
2020-11-17,17.95939826965332
2020-11-18,17.983280181884766
2020-11-19,18.118608474731445
2020-11-20,18.150453567504883
2020-11-23,18.15841293334961
2020-11-24,18.636056900024414
2020-11-25,18.6519832611084
2020-11-27,18.548490524291992
2020-11-30,18.086767196655273
2020-12-01,18.44500160217285
2020-12-02,18.516647338867188
2020-12-03,18.604215621948242
2020-12-04,18.763429641723633
2020-12-07,18.71566390991211
2020-12-08,18.843036651611328
2020-12-09,18.874881744384766
2020-12-10,18.994291305541992
2020-12-11,18.906728744506836
2020-12-14,18.962923049926758
2020-12-15,19.187715530395508
2020-12-16,19.243911743164062
2020-12-17,19.500823974609375
2020-12-18,19.25996971130371
2020-12-21,19.10742950439453
2020-12-22,18.98700523376465
2020-12-23,19.2117977142334
2020-12-24,19.219825744628906
2020-12-28,19.30813980102539
2020-12-29,19.235883712768555
2020-12-30,19.340253829956055
2020-12-31,19.227859497070312
2021-01-04,19.292085647583008
2021-01-05,19.56504249572754
2021-01-06,19.82998275756836
2021-01-07,19.838008880615234
2021-01-08,19.934350967407227
2021-01-11,19.60519027709961
2021-01-12,19.725610733032227
2021-01-13,19.653356552124023
2021-01-14,19.886180877685547
2021-01-15,19.629270553588867
2021-01-19,19.725610733032227
2021-01-20,20.070831298828125
2021-01-21,20.119001388549805
2021-01-22,19.966463088989258
2021-01-25,20.05477523803711
2021-01-26,20.070831298828125
2021-01-27,19.516878128051758
2021-01-28,19.653356552124023
2021-01-29,19.067293167114258
2021-02-01,19.396451950073242
2021-02-02,19.637298583984375
2021-02-03,19.717586517333984
2021-02-04,19.709558486938477
2021-02-05,19.918292999267578
2021-02-08,20.062803268432617
2021-02-09,20.046749114990234
2021-02-10,20.00660514831543
2021-02-11,20.151111602783203
2021-02-12,20.175203323364258
2021-02-16,20.335765838623047
2021-02-17,20.223365783691406
2021-02-18,20.287599563598633
2021-02-19,20.303653717041016
2021-02-22,20.37590980529785
2021-02-23,20.56859016418457
2021-02-24,20.713098526000977
2021-02-25,20.25547981262207
2021-02-26,19.677446365356445
2021-03-01,20.367881774902344
2021-03-02,20.335765838623047
2021-03-03,20.20731544494629
2021-03-04,20.070831298828125
2021-03-05,20.191255569458008
2021-03-08,20.014631271362305
2021-03-09,20.231395721435547
2021-03-10,20.070831298828125
2021-03-11,20.223365783691406
2021-03-12,20.183231353759766
2021-03-15,20.247451782226562
2021-03-16,20.215343475341797
2021-03-17,20.25547981262207
2021-03-18,19.90223503112793
2021-03-19,19.813922882080078
2021-03-22,19.95843505859375
2021-03-23,19.709558486938477
2021-03-24,19.701528549194336
2021-03-25,19.773784637451172
2021-03-26,20.110973358154297
2021-03-29,20.022659301757812
2021-03-30,19.854068756103516
2021-03-31,19.90223503112793
2021-04-01,20.175203323364258
2021-04-05,20.464221954345703
2021-04-06,20.263511657714844
2021-04-07,20.3197078704834
2021-04-08,20.456188201904297
2021-04-09,20.488304138183594
2021-04-12,20.424076080322266
2021-04-13,20.512388229370117
2021-04-14,20.672954559326172
2021-04-15,21.058317184448242
2021-04-16,21.08240509033203
2021-04-19,20.9780330657959
2021-04-20,20.576614379882812
2021-04-21,20.9459171295166
2021-04-22,20.809438705444336
2021-04-23,21.066347122192383
2021-04-26,21.17873764038086
2021-04-27,21.058317184448242
2021-04-28,21.24296760559082
2021-04-29,21.13859748840332
2021-04-30,20.777324676513672
2021-05-03,21.050289154052734
2021-05-04,20.921831130981445
2021-05-05,21.210853576660156
2021-05-06,21.24296760559082
2021-05-07,21.483821868896484
2021-05-10,21.540016174316406
2021-05-11,21.355365753173828
2021-05-12,20.98606300354004
2021-05-13,21.07437515258789
2021-05-14,21.275081634521484
2021-05-17,21.234941482543945
2021-05-18,21.170711517333984
2021-05-19,20.80141258239746
2021-05-20,21.30719566345215
2021-05-21,21.114511489868164
2021-05-24,21.267053604125977
2021-05-25,21.31521987915039
2021-05-26,21.347333908081055
2021-05-27,21.467761993408203
2021-05-28,21.467761993408203
2021-06-01,21.564102172851562
2021-06-02,21.772838592529297
2021-06-03,21.628328323364258
2021-06-04,21.9815731048584
2021-06-07,21.94143295288086
2021-06-08,21.97354507446289
2021-06-09,21.76481056213379
2021-06-10,21.9895076751709
2021-06-11,21.97322654724121
2021-06-14,22.022071838378906
2021-06-15,21.9895076751709
2021-06-16,21.891813278198242
2021-06-17,21.71270751953125
2021-06-18,21.175382614135742
2021-06-21,21.460323333740234
2021-06-22,21.460323333740234
2021-06-23,21.27307891845703
2021-06-24,21.444042205810547
2021-06-25,21.460323333740234
2021-06-28,21.305644989013672
2021-06-29,21.321922302246094
2021-06-30,21.15096092224121
2021-07-01,21.077686309814453
2021-07-02,21.28936004638672
2021-07-06,21.00441551208496
2021-07-07,21.232372283935547
2021-07-08,20.906723022460938
2021-07-09,21.26494026184082
2021-07-12,21.232372283935547
2021-07-13,21.110252380371094
2021-07-14,21.191665649414062
2021-07-15,20.988136291503906
2021-07-16,20.84159278869629
2021-07-19,20.40196418762207
2021-07-20,20.654342651367188
2021-07-21,20.963708877563477
2021-07-22,20.93114471435547
2021-07-23,21.077686309814453
2021-07-26,21.102113723754883
2021-07-27,21.0614070892334
2021-07-28,21.00441551208496
2021-07-29,21.183521270751953
2021-07-30,20.97999382019043
2021-08-02,21.134679794311523
2021-08-03,21.305644989013672
2021-08-04,21.28936004638672
2021-08-05,21.444042205810547
2021-08-06,21.444042205810547
2021-08-09,21.36263084411621
2021-08-10,21.476606369018555
2021-08-11,21.58244514465332
2021-08-12,21.517316818237305
2021-08-13,21.663856506347656
2021-08-16,21.435903549194336
2021-08-17,20.91486358642578
2021-08-18,20.752037048339844
2021-08-19,20.581071853637695
2021-08-20,20.62177848815918
2021-08-23,20.825307846069336
2021-08-24,21.00441551208496
2021-08-25,21.0614070892334
2021-08-26,20.866016387939453
2021-08-27,21.175382614135742
2021-08-30,21.167240142822266
2021-08-31,21.102113723754883
2021-09-01,21.313785552978516
2021-09-02,21.49289321899414
2021-09-03,21.606870651245117
2021-09-07,21.49289321899414
2021-09-08,21.37077522277832
2021-09-09,21.159101486206055
2021-09-10,21.00441551208496
2021-09-13,21.175382614135742
2021-09-14,20.963708877563477
2021-09-15,21.167240142822266
2021-09-16,21.102113723754883
2021-09-17,20.711334228515625
2021-09-20,20.17401123046875
2021-09-21,20.410106658935547
2021-09-22,20.540363311767578
2021-09-23,20.849733352661133
2021-09-24,20.62177848815918
2021-09-27,20.743896484375
2021-09-28,20.133304595947266
2021-09-29,20.076311111450195
2021-09-30,20.206573486328125
2021-10-01,20.304269790649414
2021-10-04,20.393821716308594
2021-10-05,20.613636016845703
2021-10-06,20.458953857421875
2021-10-07,20.719472885131836
2021-10-08,20.735755920410156
2021-10-11,20.752037048339844
2021-10-12,20.87415885925293
2021-10-13,20.963708877563477
2021-10-14,21.199804306030273
2021-10-15,21.297500610351562
2021-10-18,21.191665649414062
2021-10-19,21.484750747680664
2021-10-20,21.680139541625977
2021-10-21,21.476606369018555
2021-10-22,21.606870651245117
2021-10-25,21.73712921142578
2021-10-26,21.696422576904297
2021-10-27,21.62314796447754
2021-10-28,21.859249114990234
2021-10-29,21.541736602783203
2021-11-01,21.549880981445312
2021-11-02,21.305644989013672
2021-11-03,21.468467712402344
2021-11-04,21.36263084411621
2021-11-05,21.517316818237305
2021-11-08,21.55802345275879
2021-11-09,21.395198822021484
2021-11-10,21.134679794311523
2021-11-11,21.0369815826416
2021-11-12,21.22422981262207
2021-11-15,21.24051284790039
2021-11-16,21.118396759033203
2021-11-17,20.77646255493164
2021-11-18,20.79274559020996
2021-11-19,20.62177848815918
2021-11-22,20.597354888916016
2021-11-23,20.866016387939453
2021-11-24,20.784603118896484
2021-11-26,19.994901657104492
2021-11-29,20.149585723876953
2021-11-30,19.913490295410156
2021-12-01,19.742525100708008
2021-12-02,20.076311111450195
2021-12-03,19.791372299194336
2021-12-06,20.076311111450195
2021-12-07,20.458953857421875
2021-12-08,20.6380615234375
2021-12-09,20.51594352722168
2021-12-10,20.548507690429688
2021-12-13,20.320219039916992
2021-12-14,20.236595153808594
2021-12-15,20.462379455566406
2021-12-16,20.345306396484375
2021-12-17,20.111162185668945
2021-12-20,20.127887725830078
2021-12-21,20.470735549926758
2021-12-22,20.771780014038086
2021-12-23,20.905574798583984
2021-12-27,21.047733306884766
2021-12-28,20.98919677734375
2021-12-29,21.081178665161133
2021-12-30,21.088775634765625
2021-12-31,20.94536781311035
2022-01-03,20.979116439819336
2022-01-04,21.29966163635254
2022-01-05,21.038158416748047
2022-01-06,20.666996002197266
2022-01-07,20.76822280883789
2022-01-10,20.60795021057129
2022-01-11,20.869449615478516
2022-01-12,21.063467025756836
2022-01-13,20.987545013427734
2022-01-14,20.751354217529297
2022-01-18,20.40549659729004
2022-01-19,20.498289108276367
2022-01-20,20.34644889831543
2022-01-21,19.77283477783203
2022-01-24,19.612558364868164
2022-01-25,19.56194496154785
2022-01-26,19.38479995727539
2022-01-27,18.95458984375
2022-01-28,19.038944244384766
2022-01-31,19.266704559326172
2022-02-01,19.51976776123047
2022-02-02,19.637866973876953
2022-02-03,19.418542861938477
2022-02-04,19.494461059570312
2022-02-07,19.65473747253418
2022-02-08,20.025897979736328
2022-02-09,20.34644889831543
2022-02-10,20.16086769104004
2022-02-11,19.95841407775879
2022-02-14,20.00058937072754
2022-02-15,20.32957649230957
2022-02-16,20.548898696899414
2022-02-17,20.38862419128418
2022-02-18,20.228349685668945
2022-02-22,20.34644889831543
2022-02-23,20.21991539001465
2022-02-24,20.068077087402344
2022-02-25,20.430805206298828
2022-02-28,20.287399291992188
2022-03-01,20.11025619506836
2022-03-02,20.759788513183594
2022-03-03,20.565771102905273
2022-03-04,20.894752502441406
2022-03-07,20.489852905273438
2022-03-08,20.16930389404297
2022-03-09,20.599512100219727
2022-03-10,20.785093307495117
2022-03-11,20.565771102905273
2022-03-14,20.312705993652344
2022-03-15,20.50672149658203
2022-03-16,21.189998626708984
2022-03-17,21.40088653564453
2022-03-18,21.670825958251953
2022-03-21,21.670825958251953
2022-03-22,21.91545295715332
2022-03-23,21.932323455810547
2022-03-24,22.23600196838379
2022-03-25,22.35409927368164
2022-03-28,22.24444007873535
2022-03-29,22.50594139099121
2022-03-30,22.522809982299805
2022-03-31,22.2950496673584
2022-04-01,22.514375686645508
2022-04-04,22.67464828491211
2022-04-05,22.556549072265625
2022-04-06,22.40471076965332
2022-04-07,22.379409790039062
2022-04-08,22.38784408569336
2022-04-11,22.151647567749023
2022-04-12,22.23600196838379
2022-04-13,22.35409927368164
2022-04-14,22.261306762695312
2022-04-18,22.193824768066406
2022-04-19,22.472196578979492
2022-04-20,22.607162475585938
2022-04-21,22.16851806640625
2022-04-22,21.333402633666992
2022-04-25,20.970680236816406
2022-04-26,20.582643508911133
2022-04-27,20.76822280883789
2022-04-28,21.071903228759766
2022-04-29,20.73448371887207
2022-05-02,20.675430297851562
2022-05-03,20.9116268157959
2022-05-04,21.40088653564453
2022-05-05,20.624818801879883
2022-05-06,20.321142196655273
2022-05-09,19.64630126953125
2022-05-10,19.663169860839844
2022-05-11,19.604124069213867
2022-05-12,19.232959747314453
2022-05-13,19.93310546875
2022-05-16,20.009029388427734
2022-05-17,20.34644889831543
2022-05-18,19.840314865112305
2022-05-19,20.101818084716797
2022-05-20,20.27896499633789
2022-05-23,20.540468215942383
2022-05-24,20.515159606933594
2022-05-25,20.582643508911133
2022-05-26,20.60795021057129
2022-05-27,21.04659652709961
2022-05-31,20.818838119506836
2022-06-01,20.886322021484375
2022-06-02,21.375579833984375
2022-06-03,21.071903228759766
2022-06-06,21.038158416748047
2022-06-07,20.987545013427734
2022-06-08,20.624818801879883
2022-06-09,20.0184383392334
2022-06-10,19.4703426361084
2022-06-13,18.626455307006836
2022-06-14,18.47855567932129
2022-06-15,18.852651596069336
2022-06-16,18.426359176635742
2022-06-17,18.104463577270508
2022-06-21,18.539459228515625
2022-06-22,18.330659866333008
2022-06-23,18.304561614990234
2022-06-24,18.80045509338379
2022-06-27,18.756956100463867
2022-06-28,18.722152709960938
2022-06-29,18.66995620727539
2022-06-30,18.461158752441406
2022-07-01,18.348060607910156
2022-07-05,18.113162994384766
2022-07-06,18.24365997314453
2022-07-07,18.626455307006836
2022-07-08,18.548158645629883
2022-07-11,18.052263259887695
2022-07-12,18.13056182861328
2022-07-13,18.156661987304688
2022-07-14,17.97396469116211
2022-07-15,18.330659866333008
2022-07-18,18.321958541870117
2022-07-19,18.756956100463867
2022-07-20,18.748252868652344
2022-07-21,18.922252655029297
2022-07-22,18.922252655029297
2022-07-25,19.15715217590332
2022-07-26,18.91355323791504
2022-07-27,19.444244384765625
2022-07-28,19.531246185302734
2022-07-29,19.783540725708008
2022-08-01,19.77484130859375
2022-08-02,19.522544860839844
2022-08-03,19.618240356445312
2022-08-04,19.609542846679688
2022-08-05,19.4703426361084
2022-08-08,19.653043746948242
2022-08-09,19.49644660949707
2022-08-10,20.027137756347656
2022-08-11,20.044538497924805
2022-08-12,20.22723388671875
2022-08-15,19.992338180541992
2022-08-16,20.096738815307617
2022-08-17,19.844440460205078
2022-08-18,19.93143653869629
2022-08-19,19.6617431640625
2022-08-22,19.461645126342773
2022-08-23,19.505146026611328
2022-08-24,19.557342529296875
2022-08-25,19.89664077758789
2022-08-26,19.522544860839844
2022-08-29,19.452945709228516
2022-08-30,19.18324851989746
2022-08-31,19.061450958251953
2022-09-01,18.90485382080078
2022-09-02,18.939653396606445
2022-09-06,18.678653717041016
2022-09-07,18.66995620727539
2022-09-08,18.843952178955078
2022-09-09,19.444244384765625
2022-09-12,19.653043746948242
2022-09-13,18.809154510498047
2022-09-14,18.77435302734375
2022-09-15,18.626455307006836
2022-09-16,18.47855567932129
2022-09-19,18.652557373046875
2022-09-20,18.44375991821289
2022-09-21,18.069665908813477
2022-09-22,18.034862518310547
2022-09-23,17.356273651123047
2022-09-26,17.21707534790039
2022-09-27,17.069177627563477
2022-09-28,17.5650691986084
2022-09-29,17.3997745513916
2022-09-30,17.069177627563477
2022-10-03,17.556371688842773
2022-10-04,18.13056182861328
2022-10-05,18.0783634185791
2022-10-06,17.799968719482422
2022-10-07,17.52157211303711
2022-10-10,17.312772750854492
2022-10-11,17.069177627563477
2022-10-12,17.069177627563477
2022-10-13,17.478071212768555
2022-10-14,17.03437614440918
2022-10-17,17.373672485351562
2022-10-18,17.460670471191406
2022-10-19,17.34757423400879
2022-10-20,17.33017349243164
2022-10-21,17.74776840209961
2022-10-24,17.60856819152832
2022-10-25,17.95656394958496
2022-10-26,18.156661987304688
2022-10-27,18.060964584350586
2022-10-28,18.08706283569336
2022-10-31,18.02616310119629
2022-11-01,18.278459548950195
2022-11-02,17.947864532470703
2022-11-03,17.67816734313965
2022-11-04,18.556856155395508
2022-11-07,18.51335906982422
2022-11-08,18.696054458618164
2022-11-09,18.313261032104492
2022-11-10,19.426843643188477
2022-11-11,19.835739135742188
2022-11-14,19.592140197753906
2022-11-15,19.905338287353516
2022-11-16,19.76613998413086
2022-11-17,19.731340408325195
2022-11-18,19.800941467285156
2022-11-21,19.58344268798828
2022-11-22,19.887941360473633
2022-11-23,20.15763282775879
2022-11-25,20.244640350341797
2022-11-28,19.87923812866211
2022-11-29,20.070636749267578
2022-11-30,20.610029220581055
2022-12-01,20.64483070373535
2022-12-02,20.566530227661133
2022-12-05,20.166336059570312
2022-12-06,20.061935424804688
2022-12-07,20.096738815307617
2022-12-08,20.183734893798828
2022-12-09,20.15763282775879
2022-12-12,20.201133728027344
2022-12-13,20.475921630859375
2022-12-14,20.42273712158203
2022-12-15,19.766799926757812
2022-12-16,19.68701934814453
2022-12-19,19.669294357299805
2022-12-20,19.545196533203125
2022-12-21,19.855440139770508
2022-12-22,19.527469635009766
2022-12-23,19.784526824951172
2022-12-27,19.864303588867188
2022-12-28,19.59838104248047
2022-12-29,19.81111717224121
2022-12-30,19.704748153686523
2023-01-03,19.47428321838379
2023-01-04,19.98839569091797
2023-01-05,19.704748153686523
2023-01-06,20.40500831604004
2023-01-09,20.39614486694336
2023-01-10,20.42273712158203
2023-01-11,20.706384658813477
2023-01-12,21.122995376586914
2023-01-13,21.282546997070312
2023-01-17,21.388916015625
2023-01-18,21.149585723876953
2023-01-19,21.32686996459961
2023-01-20,21.610515594482422
2023-01-23,21.76120376586914
2023-01-24,21.823253631591797
2023-01-25,22.035993576049805
2023-01-26,22.177814483642578
2023-01-27,22.106901168823242
2023-01-30,21.885303497314453
2023-01-31,22.035993576049805
2023-02-01,22.266454696655273
2023-02-02,22.106901168823242
2023-02-03,21.74347686767578
2023-02-06,21.53960609436035
2023-02-07,21.752344131469727
2023-02-08,21.583927154541016
2023-02-09,21.521875381469727
2023-02-10,21.42436981201172
2023-02-13,21.690290451049805
2023-02-14,21.65483856201172
2023-02-15,21.22049903869629
2023-02-16,21.131860733032227
2023-02-17,20.998897552490234
2023-02-21,20.795024871826172
2023-02-22,20.69752311706543
2023-02-23,20.706384658813477
2023-02-24,20.316368103027344
2023-02-27,20.39614486694336
2023-02-28,20.28091049194336
2023-03-01,20.46705436706543
2023-03-02,20.475921630859375
2023-03-03,20.81275177001953
2023-03-06,20.60887908935547
2023-03-07,20.156814575195312
2023-03-08,20.316368103027344
2023-03-09,20.077037811279297
2023-03-10,19.722475051879883
2023-03-13,19.59838104248047
2023-03-14,19.873167037963867
2023-03-15,19.359052658081055
2023-03-16,19.58951759338379
2023-03-17,19.47428321838379
2023-03-20,19.660429000854492
2023-03-21,19.731342315673828
2023-03-22,19.62497329711914
2023-03-23,19.536333084106445
2023-03-24,19.51860809326172
2023-03-27,19.62497329711914
2023-03-28,19.81111717224121
2023-03-29,19.997262954711914
2023-03-30,20.254318237304688
2023-03-31,20.334096908569336
2023-04-03,20.679794311523438
2023-04-04,20.520238876342773
2023-04-05,20.46705436706543
2023-04-06,20.46705436706543
2023-04-10,20.43160057067871
2023-04-11,20.60887908935547
2023-04-12,20.7241153717041
2023-04-13,20.998897552490234
2023-04-14,20.795024871826172
2023-04-17,20.786161422729492
2023-04-18,20.874801635742188
2023-04-19,20.81275177001953
2023-04-20,20.830480575561523
2023-04-21,20.60887908935547
2023-04-24,20.679794311523438
2023-04-25,20.3075008392334
2023-04-26,20.24545669555664
2023-04-27,20.493648529052734
2023-04-28,20.511377334594727
2023-05-01,20.44932746887207
2023-05-02,20.254318237304688
2023-05-03,20.10363006591797
2023-05-04,20.085901260375977
2023-05-05,20.653202056884766
2023-05-08,20.662063598632812
2023-05-09,20.537965774536133
2023-05-10,20.600017547607422
2023-05-11,20.369552612304688
2023-05-12,20.28977394104004
2023-05-15,20.520238876342773
2023-05-16,20.147951126098633
2023-05-17,20.316368103027344
2023-05-18,20.227725982666016
2023-05-19,20.38728141784668
2023-05-22,20.38728141784668
2023-05-23,20.13908576965332
2023-05-24,19.74907112121582
2023-05-25,19.554059982299805
2023-05-26,19.873167037963867
2023-05-30,19.722475051879883
2023-05-31,19.385643005371094
2023-06-01,19.828845977783203
2023-06-02,20.13022232055664
2023-06-05,19.98839569091797
2023-06-06,20.121362686157227
2023-06-07,19.910961151123047
2023-06-08,20.208946228027344
2023-06-09,20.190889358520508
2023-06-12,20.272159576416016
2023-06-13,20.524995803833008
2023-06-14,20.59723663330078
2023-06-15,20.976490020751953
2023-06-16,21.066791534423828
2023-06-20,21.030672073364258
2023-06-21,20.958431243896484
2023-06-22,20.51596450805664
2023-06-23,20.010290145874023
2023-06-26,20.028350830078125
2023-06-27,20.190889358520508
2023-06-28,20.064468383789062
2023-06-29,20.17283058166504
2023-06-30,20.362455368041992
2023-07-03,20.47081756591797
2023-07-05,20.29924774169922
2023-07-06,19.79357147216797
2023-07-07,19.956111907958984
2023-07-10,19.856782913208008
2023-07-11,20.13671112060547
2023-07-12,20.61529541015625
2023-07-13,21.15709114074707
2023-07-14,21.039701461791992
2023-07-17,20.94940185546875
2023-07-18,21.030672073364258
2023-07-19,20.940372467041016
2023-07-20,20.96746063232422
2023-07-21,20.89522361755371
2023-07-24,20.93134307861328
2023-07-25,21.130001068115234
2023-07-26,21.193206787109375
2023-07-27,20.994548797607422
2023-07-28,20.886192321777344
2023-07-31,21.09387969970703
2023-08-01,20.678503036499023
2023-08-02,20.17283058166504
2023-08-03,20.17283058166504
2023-08-04,20.290218353271484
2023-08-07,20.371488571166992
2023-08-08,20.236040115356445
2023-08-09,20.272159576416016
2023-08-10,20.26312828063965
2023-08-11,20.0915584564209
2023-08-14,19.992231369018555
2023-08-15,19.748422622680664
2023-08-16,19.53170394897461
2023-08-17,19.360137939453125
2023-08-18,19.378196716308594
2023-08-21,19.4233455657959
2023-08-22,19.32401466369629
2023-08-23,19.640064239501953
2023-08-24,19.28789710998535
2023-08-25,19.432374954223633
2023-08-28,19.603944778442383
2023-08-29,19.974172592163086
2023-08-30,20.0915584564209
2023-08-31,20.055438995361328
2023-09-01,20.0915584564209
2023-09-05,19.910961151123047
2023-09-06,19.73939323425293
2023-09-07,19.640064239501953
2023-09-08,19.594913482666016
2023-09-11,19.910961151123047
2023-09-12,19.865814208984375
2023-09-13,19.7755126953125
2023-09-14,20.16379737854004
2023-09-15,20.082529067993164
2023-09-18,20.01932144165039
2023-09-19,20.010290145874023
2023-09-20,19.910961151123047
2023-09-21,19.278867721557617
2023-09-22,19.540733337402344
2023-09-25,19.522676467895508
2023-09-26,19.269838333129883
2023-09-27,19.188566207885742
2023-09-28,19.53170394897461
2023-09-29,19.4233455657959
2023-10-02,19.026029586791992
2023-10-03,18.773191452026367
2023-10-04,18.872520446777344
2023-10-05,19.044090270996094
2023-10-06,19.342077255249023
2023-10-09,19.378196716308594
2023-10-10,19.622005462646484
2023-10-11,19.622005462646484
2023-10-12,19.161479949951172
2023-10-13,19.107297897338867
2023-10-16,19.40528678894043
2023-10-17,19.486555099487305
2023-10-18,19.170507431030273
2023-10-19,18.95379066467285
2023-10-20,18.628713607788086
2023-10-23,18.664831161499023
2023-10-24,18.890583038330078
2023-10-25,18.646774291992188
2023-10-26,18.610652923583984
2023-10-27,18.556472778320312
2023-10-30,18.782222747802734
2023-10-31,18.728044509887695
2023-11-01,19.071178436279297
2023-11-02,19.45946502685547
2023-11-03,19.69424057006836
2023-11-06,19.61297607421875
2023-11-07,19.387224197387695
2023-11-08,19.432374954223633
2023-11-09,19.32401466369629
2023-11-10,19.30595588684082
2023-11-13,19.40528678894043
2023-11-14,20.037382125854492
2023-11-15,20.037382125854492
2023-11-16,19.847749710083008
2023-11-17,20.055438995361328
2023-11-20,20.190889358520508
2023-11-21,20.16379737854004
2023-11-22,20.0915584564209
2023-11-24,20.272159576416016
2023-11-27,20.1005916595459
2023-11-28,20.326337814331055
2023-11-29,20.22701072692871
2023-11-30,20.272159576416016
2023-12-01,20.70559310913086
2023-12-04,20.362455368041992
2023-12-05,20.17283058166504
2023-12-06,20.35342788696289
2023-12-07,20.534025192260742
2023-12-08,20.606264114379883
2023-12-11,20.59723663330078
2023-12-12,20.651416778564453
2023-12-13,21.328659057617188
2023-12-14,21.662763595581055
2023-12-15,21.518287658691406
2023-12-18,21.671796798706055
2023-12-19,22.1413516998291
2023-12-20,21.835472106933594
2023-12-21,22.277708053588867
2023-12-22,22.332984924316406
2023-12-26,22.51725196838379
2023-12-27,22.627811431884766
2023-12-28,22.563318252563477
2023-12-29,22.42511749267578
2024-01-02,22.25006675720215
2024-01-03,22.01973533630371
2024-01-04,21.946027755737305
2024-01-05,21.92759895324707
2024-01-08,22.084228515625
2024-01-09,21.853897094726562
2024-01-10,21.81704330444336
2024-01-11,21.798616409301758
2024-01-12,21.844680786132812
2024-01-16,21.282672882080078
2024-01-17,21.05234146118164
2024-01-18,21.245817184448242
2024-01-19,21.44851303100586
2024-01-22,21.44851303100586
2024-01-23,21.63277816772461
2024-01-24,21.651203155517578
2024-01-25,21.780189514160156
2024-01-26,21.826255798339844
2024-01-29,21.982881546020508
2024-01-30,21.92759895324707
2024-01-31,21.761762619018555
2024-02-01,21.87232208251953
2024-02-02,21.743335723876953
2024-02-05,21.522218704223633
2024-02-06,21.77097511291504
2024-02-07,21.6972713470459
2024-02-08,21.669631958007812
2024-02-09,21.78940200805664
2024-02-12,21.77097511291504
2024-02-13,21.172115325927734
2024-02-14,21.531431198120117
2024-02-15,21.881534576416016
2024-02-16,21.863109588623047
2024-02-20,21.881534576416016
2024-02-21,21.77097511291504
2024-02-22,21.982881546020508
2024-02-23,22.028947830200195
2024-02-26,21.955244064331055
2024-02-27,22.10265350341797
2024-02-28,21.844680786132812
2024-02-29,22.038164138793945
2024-03-01,22.28692054748535
2024-03-04,22.130294799804688
2024-03-05,22.0658016204834
2024-03-06,22.452760696411133
2024-03-07,22.81207847595215
2024-03-08,22.8212890625
2024-03-11,22.489614486694336
2024-03-12,22.489614486694336
2024-03-13,22.655452728271484
2024-03-14,22.222429275512695
2024-03-15,22.13950538635254
2024-03-18,22.185571670532227
2024-03-19,22.222429275512695
2024-03-20,22.498825073242188
2024-03-21,22.498825073242188
2024-03-22,22.351415634155273
2024-03-25,22.443546295166016
2024-03-26,22.369840621948242
2024-03-27,22.71994400024414
2024-03-28,22.71994400024414
2024-04-01,22.646238327026367
2024-04-02,22.590959548950195
2024-04-03,22.63702392578125
2024-04-04,22.508039474487305
2024-04-05,22.627811431884766
2024-04-08,22.756797790527344
2024-04-09,22.894996643066406
2024-04-10,22.379053115844727
2024-04-11,22.43433380126953
2024-04-12,22.01973533630371
2024-04-15,21.863109588623047
2024-04-16,21.411657333374023
2024-04-17,21.651203155517578
2024-04-18,21.466938018798828
2024-04-19,21.522218704223633
2024-04-22,21.78940200805664
2024-04-23,21.982881546020508
2024-04-24,21.853897094726562
2024-04-25,21.724910736083984
2024-04-26,21.853897094726562
2024-04-29,22.047372817993164
2024-04-30,21.5037899017334
2024-05-01,21.549856185913086
2024-05-02,21.946027755737305
2024-05-03,22.259279251098633
2024-05-06,22.498825073242188
2024-05-07,22.692304611206055
2024-05-08,22.572532653808594
2024-05-09,22.563318252563477
2024-05-10,22.55410385131836
2024-05-13,22.590959548950195
2024-05-14,22.71994400024414
2024-05-15,23.05162239074707
2024-05-16,23.15296745300293
2024-05-17,23.25431251525879
2024-05-20,23.116113662719727
2024-05-21,23.143756866455078
2024-05-22,22.701515197753906
2024-05-23,22.572532653808594
2024-05-24,22.766010284423828
2024-05-28,22.68309211730957
2024-05-29,22.296133041381836
2024-05-30,22.508039474487305
2024-05-31,22.710729598999023
2024-06-03,22.858142852783203
2024-06-04,22.710729598999023
2024-06-05,22.98712921142578
2024-06-06,23.125328063964844
2024-06-07,22.793649673461914
2024-06-10,22.8212890625
2024-06-11,22.585573196411133
2024-06-12,22.914260864257812
2024-06-13,22.78278923034668
2024-06-14,22.623138427734375
2024-06-17,22.688875198364258
2024-06-18,22.94243621826172
2024-06-20,22.970609664916992
2024-06-21,22.886089324951172
2024-06-24,22.970609664916992
2024-06-25,23.02695655822754
2024-06-26,22.76400375366211
2024-06-27,22.970609664916992
2024-06-28,22.94243621826172
2024-07-01,22.857913970947266
2024-07-02,22.93304443359375
2024-07-03,23.280513763427734
2024-07-05,23.43077278137207
2024-07-08,23.224166870117188
2024-07-09,23.261730194091797
2024-07-10,23.609203338623047
2024-07-11,23.72189712524414
2024-07-12,24.069364547729492
2024-07-15,23.98484992980957
2024-07-16,24.031801223754883
2024-07-17,23.862764358520508
2024-07-18,23.581029891967773
2024-07-19,23.43077278137207
2024-07-22,23.505901336669922
2024-07-23,23.374425888061523
2024-07-24,22.961217880249023
2024-07-25,22.84852409362793
2024-07-26,23.17721176147461
2024-07-29,23.017562866210938
2024-07-30,23.167821884155273
2024-07-31,23.496509552001953
2024-08-01,22.94243621826172
2024-08-02,22.557401657104492
2024-08-05,21.796720504760742
2024-08-06,22.172367095947266
2024-08-07,22.125410079956055
2024-08-08,22.641921997070312
2024-08-09,22.81096076965332
2024-08-12,22.773395538330078
2024-08-13,23.13025665283203
2024-08-14,22.989389419555664
2024-08-15,23.195995330810547
2024-08-16,23.43077278137207
2024-08-19,23.85337257385254
2024-08-20,23.72189712524414
2024-08-21,23.97545623779297
2024-08-22,23.731287002563477
2024-08-23,24.322925567626953
2024-08-26,24.29475212097168
2024-08-27,24.2477970123291
2024-08-28,24.219623565673828
2024-08-29,24.46379280090332
2024-08-30,24.29475212097168
2024-09-03,23.947280883789062
2024-09-04,23.91910743713379
2024-09-05,24.022411346435547
2024-09-06,23.590421676635742
2024-09-09,24.00362777709961
2024-09-10,23.900327682495117
2024-09-11,24.050582885742188
2024-09-12,24.46379280090332
2024-09-13,24.379270553588867
2024-09-16,24.745525360107422
2024-09-17,24.604660034179688
2024-09-18,24.557703018188477
2024-09-19,25.186906814575195
2024-09-20,24.895782470703125
2024-09-23,25.02725601196289
2024-09-24,25.24325180053711
2024-09-25,24.830045700073242
2024-09-26,25.32777214050293
2024-09-27,25.40290069580078
2024-09-30,25.45924949645996
2024-10-01,25.271425247192383
2024-10-02,25.262033462524414
2024-10-03,25.008474349975586
2024-10-04,24.848825454711914
2024-10-07,24.764307022094727
2024-10-08,24.689180374145508
2024-10-09,24.62343978881836
2024-10-10,24.717350006103516
2024-10-11,24.886388778686523
2024-10-14,24.914566040039062
2024-10-15,24.764307022094727
2024-10-16,24.848825454711914
2024-10-17,24.848825454711914
2024-10-18,24.94273567199707
2024-10-21,24.614046096801758
2024-10-22,24.54831314086914
2024-10-23,24.26658058166504
2024-10-24,24.407445907592773
2024-10-25,24.219623565673828
2024-10-28,24.322925567626953
2024-10-29,24.153884887695312
2024-10-30,24.022411346435547
2024-10-31,23.806415557861328
2024-11-01,23.900327682495117
2024-11-04,23.928497314453125
2024-11-05,24.29475212097168
2024-11-06,24.144495010375977
2024-11-07,24.85821533203125
2024-11-08,24.360490798950195
2024-11-11,24.351097106933594
2024-11-12,23.947280883789062
2024-11-13,23.956674575805664
2024-11-14,24.00362777709961
2024-11-15,24.013019561767578
2024-11-18,24.341707229614258
2024-11-19,24.54831314086914
2024-11-20,24.398054122924805
2024-11-21,24.642223358154297
2024-11-22,24.717350006103516
2024-11-25,24.717350006103516
2024-11-26,24.38866424560547
2024-11-27,24.6516170501709
2024-11-29,24.820653915405273
2024-12-02,24.754915237426758
2024-12-03,24.689180374145508
2024-12-04,24.53891944885254
2024-12-05,24.50135612487793
2024-12-06,24.13510513305664
2024-12-09,24.435617446899414
2024-12-10,24.022411346435547
2024-12-11,24.069364547729492
2024-12-12,23.665550231933594
2024-12-13,23.571638107299805
2024-12-16,23.618595123291016
2024-12-17,23.682575225830078
2024-12-18,22.899520874023438
2024-12-19,22.75628089904785
2024-12-20,22.698984146118164
2024-12-23,23.014114379882812
2024-12-24,23.109609603881836
2024-12-26,23.22420310974121
2024-12-27,22.97591781616211
2024-12-30,22.889972686767578
2024-12-31,22.784929275512695
2025-01-02,22.83267593383789
2025-01-03,23.109609603881836
2025-01-06,23.233753204345703
2025-01-07,23.128707885742188
2025-01-08,23.262401580810547
2025-01-10,22.737180709838867
2025-01-13,22.804027557373047
2025-01-14,22.899520874023438
2025-01-15,23.252851486206055
2025-01-16,23.233753204345703
2025-01-17,23.147808074951172
2025-01-21,23.682575225830078
2025-01-22,23.596630096435547
2025-01-23,23.63482666015625
2025-01-24,23.787616729736328
2025-01-27,23.749422073364258
2025-01-28,23.67302703857422
2025-01-29,23.529783248901367
2025-01-30,23.825817108154297
2025-01-31,23.501136779785156
2025-02-03,23.38654327392578
2025-02-04,23.663476943969727
2025-02-05,23.883113861083984
2025-02-06,23.997705459594727
2025-02-07,23.806718826293945
2025-02-10,23.959508895874023
2025-02-11,23.911762237548828
2025-02-12,24.121849060058594
2025-02-13,24.503826141357422
2025-02-14,24.322385787963867
2025-02-18,24.274639129638672
2025-02-19,23.911762237548828
2025-02-20,23.959508895874023
2025-02-21,23.443838119506836
2025-02-24,23.520233154296875
2025-02-25,23.434289932250977
2025-02-26,23.338796615600586
2025-02-27,22.98546600341797
2025-02-28,22.90907096862793
2025-03-03,22.87087631225586
2025-03-04,22.842226028442383
2025-03-05,23.310148239135742
2025-03-06,22.937719345092773
2025-03-07,22.813575744628906
2025-03-10,22.36475372314453
2025-03-11,22.26926040649414
2025-03-12,22.25971031188965
2025-03-13,21.982778549194336
2025-03-14,22.44114875793457
2025-03-17,22.79448127746582
2025-03-18,22.374303817749023
2025-03-19,22.58439064025879
2025-03-20,22.469797134399414
2025-03-21,22.374303817749023
2025-03-24,22.632139205932617
2025-03-25,22.737180709838867
2025-03-26,22.641687393188477
2025-03-27,22.679885864257812
2025-03-28,22.412500381469727
2025-03-31,22.383853912353516
2025-04-01,22.641687393188477
2025-04-02,22.813575744628906
2025-04-03,22.20241355895996
2025-04-04,20.197032928466797
2025-04-07,19.910552978515625
2025-04-08,19.88190269470215
2025-04-09,21.782238006591797
2025-04-10,21.342966079711914
2025-04-11,21.744041442871094
2025-04-14,22.240612030029297
2025-04-15,22.307456970214844
2025-04-16,22.36475372314453
2025-04-17,22.546192169189453
2025-04-21,22.42205047607422
2025-04-22,22.880422592163086
2025-04-23,22.918621063232422
2025-04-24,23.405641555786133
2025-04-25,23.405641555786133
2025-04-28,23.415193557739258
2025-04-29,23.443838119506836
2025-04-30,23.55843162536621
2025-05-01,23.53933334350586
2025-05-02,24.169593811035156
2025-05-05,23.864011764526367
2025-05-06,23.921310424804688
2025-05-07,23.76852035522461
2025-05-08,23.71122169494629
2025-05-09,23.883113861083984
2025-05-12,24.045452117919922
2025-05-13,24.274639129638672
2025-05-14,24.026355743408203
2025-05-15,24.398780822753906
2025-05-16,24.322385787963867
2025-05-19,24.475175857543945
2025-05-20,24.475175857543945
2025-05-21,24.265090942382812
2025-05-22,24.265090942382812
2025-05-23,24.49427604675293
2025-05-27,24.704364776611328
2025-05-28,24.408329010009766
2025-05-29,24.484724044799805
2025-05-30,24.64706802368164
2025-06-02,24.97174644470215
2025-06-03,24.89535140991211
2025-06-04,25.143638610839844
2025-06-05,25.172286987304688
2025-06-06,25.181833267211914
2025-06-09,25.248682022094727
2025-06-10,25.506515502929688
2025-06-11,25.401472091674805
2025-06-12,25.439666748046875
2025-06-13,25.13408660888672
2025-06-16,25.296005249023438
2025-06-17,24.98574447631836
2025-06-18,25.07300567626953
2025-06-20,24.772438049316406
2025-06-23,25.005136489868164
2025-06-24,25.25722312927246
2025-06-25,25.23783302307129
2025-06-26,25.625659942626953
2025-06-27,25.296005249023438
2025-06-30,25.519006729125977
2025-07-01,25.548093795776367
2025-07-02,25.73231315612793
2025-07-03,25.674137115478516
2025-07-07,25.189353942871094
2025-07-08,25.344484329223633
2025-07-09,25.44144058227539
2025-07-10,25.771093368530273
2025-07-11,25.557790756225586
2025-07-14,25.586875915527344
2025-07-15,25.276615142822266
2025-07-16,25.392963409423828
2025-07-17,25.480224609375
2025-07-18,25.645051956176758
2025-07-21,25.567485809326172
2025-07-22,25.74200439453125
2025-07-23,26.003787994384766
2025-07-24,25.771093368530273
2025-07-25,25.674137115478516
2025-07-28,25.422048568725586
2025-07-29,25.567485809326172
2025-07-30,25.35417938232422
2025-07-31,25.22813606262207
2025-08-01,25.121482849121094
2025-08-04,25.480224609375
2025-08-05,25.60626792907715
2025-08-06,25.84865951538086
2025-08-07,25.790485382080078
2025-08-08,25.81957244873047
2025-08-11,25.83896255493164
2025-08-12,26.139528274536133
2025-08-13,26.09105110168457
2025-08-14,25.926223754882812
2025-08-15,26.013484954833984
2025-08-18,26.023181915283203
2025-08-19,25.800182342529297
2025-08-20,25.88744354248047
2025-08-21,26.042573928833008
2025-08-22,26.430400848388672
2025-08-25,26.013484954833984
2025-08-26,26.14922523498535
2025-08-27,26.178312301635742
2025-08-28,26.265573501586914
2025-08-29,26.255878448486328
2025-09-02,25.955312728881836
2025-09-03,25.790485382080078
2025-09-04,26.081356048583984
2025-09-05,26.110441207885742
2025-09-08,26.178312301635742
2025-09-09,26.071659088134766
2025-09-10,26.284963607788086
2025-09-11,26.575834274291992
2025-09-12,26.411008834838867
2025-09-15,26.73096466064453
2025-09-16,26.54674530029297
2025-09-17,26.314050674438477
2025-09-18,26.071659088134766
2025-09-19,26.071659088134766
2025-09-22,26.100746154785156
2025-09-23,26.052268981933594
2025-09-24,25.664440155029297
2025-09-25,25.664440155029297
2025-09-26,25.858354568481445
2025-09-29,26.158920288085938
2025-09-30,26.178312301635742
2025-10-01,26.323747634887695
2025-10-02,26.352834701538086
2025-10-03,26.595226287841797
2025-10-06,26.52735710144043
2025-10-07,26.314050674438477
2025-10-08,26.40131187438965
2025-10-09,26.100746154785156
2025-10-10,25.63535499572754
2025-10-13,25.84865951538086
2025-10-14,25.88744354248047
2025-10-15,26.071659088134766
2025-10-16,26.14922523498535
2025-10-17,26.100746154785156
2025-10-20,26.430400848388672
2025-10-21,26.284963607788086
2025-10-22,26.24618148803711
2025-10-23,26.362529754638672
2025-10-24,26.352834701538086
2025-10-27,26.537052154541016
2025-10-28,26.68248748779297
2025-10-29,26.178312301635742
2025-10-30,26.071659088134766
2025-10-31,25.955312728881836
2025-11-03,26.023181915283203
2025-11-04,25.60626792907715
2025-11-05,25.858354568481445
2025-11-06,25.65474510192871
2025-11-07,25.63535499572754
2025-11-10,25.994094848632812
2025-11-11,25.81957244873047
2025-11-12,25.771093368530273
2025-11-13,25.150571823120117
2025-11-14,25.160266876220703
2025-11-17,24.859699249267578
2025-11-18,24.627004623413086
2025-11-19,24.530046463012695
2025-11-20,24.19070053100586
2025-11-21,24.55913543701172
2025-11-24,24.665788650512695
2025-11-25,24.84031105041504
2025-11-26,25.034221649169922
2025-11-28,25.063310623168945
2025-12-01,24.94696044921875
2025-12-02,25.1408748626709
2025-12-03,25.334787368774414
2025-12-04,25.489919662475586
2025-12-05,25.53839874267578
2025-12-08,25.44144058227539
2025-12-09,25.548093795776367
2025-12-10,25.83896255493164
2025-12-11,25.829265594482422
2025-12-12,25.712921142578125
2025-12-15,25.615962982177734
2025-12-16,25.462125778198242
2025-12-17,25.225452423095703
2025-12-18,25.4522647857666
2025-12-19,25.52129364013672
2025-12-22,25.787551879882812
2025-12-23,26.24117660522461
2025-12-24,26.23131561279297
2025-12-26,26.310205459594727
2025-12-29,26.112977981567383
2025-12-30,26.043947219848633
2025-12-31,25.826997756958008
2026-01-02,26.10311508178711
2026-01-05,26.24117660522461
2026-01-06,26.122838973999023
2026-01-07,25.9058895111084
2026-01-08,26.00450325012207
2026-01-09,25.896028518676758
2026-01-12,26.08339500427246
2026-01-13,26.043947219848633
2026-01-14,26.172147750854492
2026-01-15,26.280620574951172
2026-01-16,26.369373321533203
2026-01-20,26.09325408935547
2026-01-21,26.32992935180664
2026-01-22,26.694799423217773
2026-01-23,27.000503540039062
2026-01-26,27.237178802490234
2026-01-27,27.848583221435547
2026-01-28,27.77955436706543
2026-01-29,28.02608871459961
2026-01-30,27.365375518798828
2026-02-02,27.562604904174805
2026-02-03,27.730247497558594
2026-02-04,27.957059860229492
2026-02-05,27.45412826538086
2026-02-06,27.838722229003906
2026-02-09,28.43040657043457
2026-02-10,28.243038177490234
2026-02-11,28.893890380859375
2026-02-12,28.696664810180664
2026-02-13,28.75583267211914
2026-02-17,28.91361427307129
2026-02-18,28.90375328063965
2026-02-19,28.962923049926758
2026-02-20,29.288349151611328
2026-02-23,29.041812896728516
2026-02-24,29.170011520385742
2026-02-25,29.741971969604492
2026-02-26,29.722248077392578
2026-02-27,29.672943115234375
2026-03-02,29.515159606933594
2026-03-03,28.68680191040039
2026-03-04,28.943199157714844
2026-03-05,28.213455200195312
2026-03-06,27.937335968017578
2026-03-09,28.459991455078125
2026-03-10,28.548744201660156
2026-03-11,28.59804916381836
2026-03-12,28.02608871459961
2026-03-13,27.592187881469727
2026-03-16,28.282485961914062
2026-03-17,28.302207946777344
2026-03-18,27.611909866333008
2026-03-19,27.86830711364746
2026-03-20,26.921611785888672
2026-03-23,27.70066261291504
2026-03-24,27.178009033203125
2026-03-25,27.414682388305664
2026-03-26,26.793415069580078
2026-03-27,26.83285903930664
2026-03-30,26.763830184936523
2026-03-31,27.37523651123047
2026-04-01,27.70066261291504
2026-04-02,27.710525512695312
2026-04-06,27.828861236572266
2026-04-07,28.144426345825195
2026-04-08,29.110843658447266
2026-04-09,29.357378005981445
2026-04-10,29.426406860351562
2026-04-13,29.73211097717285
2026-04-14,29.761695861816406
2026-04-15,29.840585708618164
2026-04-16,29.515159606933594
2026-04-17,29.791278839111328
2026-04-20,29.633495330810547
2026-04-21,29.071395874023438
2026-04-22,29.022090911865234
2026-04-23,28.864307403564453
2026-04-24,28.76569366455078
2026-04-27,28.785417556762695
2026-04-28,28.66707992553711
2026-04-29,28.223318099975586
2026-04-30,29.08125877380371
2026-05-01,28.864307403564453
2026-05-04,28.479711532592773
2026-05-05,28.785417556762695
2026-05-06,29.70252799987793
2026-05-07,29.071395874023438
2026-05-08,29.130565643310547
2026-05-11,29.179872512817383
2026-05-12,28.91361427307129
2026-05-13,28.716386795043945
2026-05-14,28.874170303344727
2026-05-15,28.321929931640625
2026-05-18,28.410682678222656
2026-05-19,28.134565353393555
2026-05-20,28.499435424804688
2026-05-21,28.58818817138672
2026-05-22,28.381099700927734
2026-05-26,28.548744201660156
2026-05-27,28.529020309448242
2026-05-28,28.568464279174805
2026-05-29,28.844585418701172
2026-06-01,28.726247787475586
2026-06-02,29.061534881591797
2026-06-03,28.736108779907227
2026-06-04,28.637496948242188
2026-06-05,27.671077728271484
2026-06-08,27.680940628051758
2026-06-09,27.85844612121582
2026-06-10,27.78941535949707
2026-06-11,28.558603286743164
2026-06-12,28.815000534057617
2026-06-15,28.600000381469727
2026-06-16,28.979999542236328
2026-06-17,28.649999618530273
2026-06-18,28.559999465942383
2026-06-22,28.450000762939453
2026-06-23,28.020000457763672
2026-06-24,27.90999984741211
2026-06-25,27.93000030517578
2026-06-26,27.969999313354492
2026-06-29,28.110000610351562
2026-06-30,28.15999984741211
2026-07-01,27.700000762939453
2026-07-02,28.09000015258789
2026-07-06,28.329999923706055
2026-07-07,28.1299991607666
2026-07-08,28.1200008392334
2026-07-09,28.200000762939453
2026-07-10,28.450000762939453
2026-07-13,28.350000381469727
2026-07-14,28.709999084472656
2026-07-15,28.799999237060547
2026-07-16,28.6299991607666
2026-07-17,28.75
2026-07-20,28.520000457763672
2026-07-21,28.68000030517578
2026-07-22,28.860000610351562
2026-07-23,28.489999771118164
2026-07-24,28.719999313354492
2026-07-27,28.8799991607666
2026-07-28,29.31999969482422
2026-07-29,29.110000610351562
2026-07-30,29.81999969482422
2026-07-31,29.34000015258789
2026-08-03,29.399999618530273
2026-08-04,30.1200008392334
2026-08-05,30.139999389648438
2026-08-06,30.15999984741211
2026-08-07,30.40999984741211
2026-08-10,30.049999237060547
2026-08-11,29.950000762939453
2026-08-12,29.889999389648438
2026-08-13,29.739999771118164
2026-08-14,29.649999618530273
2026-08-17,29.549999237060547
2026-08-18,29.610000610351562
2026-08-19,29.969999313354492
2026-08-20,29.75
2026-08-21,30.139999389648438
2026-08-24,30.059999465942383
2026-08-25,30.43000030517578
2026-08-26,30.149999618530273
2026-08-27,30.110000610351562
2026-08-28,30.0
2026-08-31,30.020000457763672
2026-09-01,29.68000030517578
2026-09-02,30.030000686645508
2026-09-03,30.3700008392334
2026-09-04,30.229999542236328
2026-09-08,30.0
2026-09-09,29.6200008392334
2026-09-10,29.079999923706055
2026-09-11,29.270000457763672
2026-09-14,29.059999465942383
2026-09-15,28.889999389648438
2026-09-16,28.489999771118164
2026-09-17,29.1299991607666
2026-09-18,28.75
2026-09-21,29.040000915527344
2026-09-22,29.09000015258789
2026-09-23,28.360000610351562
2026-09-24,28.309999465942383
2026-09-25,28.43000030517578
2026-09-28,28.5
