Date,etf,spy,ratio,zscore
2000-12-29,3.2295994758605957,82.86224365234375,0.03897552532382156,1.0442891243476529
2001-01-02,3.314589500427246,81.36215209960938,0.04073871468357042,2.00612744554649
2001-01-03,3.378331422805786,85.27039337158203,0.03961904348305351,1.4012158196636662
2001-01-04,3.3995790481567383,84.35252380371094,0.04030204307896689,1.7832055564762228
2001-01-05,3.3995790481567383,81.59901428222656,0.04166201121497145,2.5251665396848613
2001-01-08,3.293342113494873,82.23065185546875,0.04005005480539492,1.6289638363627033
2001-01-09,3.314589500427246,82.01351928710938,0.0404151599545884,1.824162448193249
2001-01-10,3.314589500427246,83.45442199707031,0.03971736213742641,1.4489195980033214
2001-01-11,3.314589500427246,83.53339385986328,0.039679813632232455,1.432678958253765
2001-01-12,3.293342113494873,83.37545776367188,0.039500138312042216,1.3369810014495649
2001-01-16,3.293342113494873,83.90839385986328,0.03924925698131149,1.2071892472348635
2001-01-17,3.314589500427246,84.29331970214844,0.039322089960858016,1.2582614798061649
2001-01-18,3.3358371257781982,85.13223266601562,0.03918418466557906,1.1842144807972772
2001-01-19,3.357083797454834,84.64859771728516,0.03965905978344779,1.4552849181433911
2001-01-22,3.357083797454834,85.21121978759766,0.03939720386379743,1.3138168582927383
2001-01-23,3.3358371257781982,85.8823013305664,0.03884196247767454,1.0094812857619693
2001-01-24,3.272094249725342,86.13887023925781,0.03798626845971894,0.534866680435553
2001-01-25,3.293342113494873,85.92176818847656,0.03832954305910759,0.7383895144004948
2001-01-26,3.314589500427246,85.82305145263672,0.03862120309549321,0.9149515260115293
2001-01-29,3.2499966621398926,86.28096771240234,0.03766759632289945,0.3780732422030467
2001-01-30,3.2805936336517334,87.03898620605469,0.037691082773934306,0.40055996367651575
2001-01-31,3.3723809719085693,86.54625701904297,0.03896622555457871,1.1460529027208664
2001-02-01,3.3927788734436035,87.12105560302734,0.038943270945923994,1.1419968348582623
2001-02-02,3.382580518722534,85.14404296875,0.03972774137544803,1.5999933242238655
2001-02-05,3.2975914478302,85.76934814453125,0.03844720193364858,0.8531089761031587
2001-02-06,3.3315889835357666,85.51667785644531,0.03895835370415606,1.1533652788824433
2001-02-07,3.314589500427246,85.0745620727539,0.03896099397599816,1.1552375572584381
2001-02-08,3.294191837310791,84.08292388916016,0.03917789350015067,1.2888150561224283
2001-02-09,3.246598243713379,83.27438354492188,0.03898675805822112,1.1813136465826624
2001-02-12,3.2907907962799072,84.22818756103516,0.03906994667189374,1.235785742250832
2001-02-13,3.212601661682129,83.5396728515625,0.038456000029955126,0.8771903055523299
2001-02-14,3.2431986331939697,83.41333770751953,0.03888105574393773,1.128536594972747
2001-02-15,3.2092018127441406,84.22188568115234,0.03810413156615317,0.6727928850627243
2001-02-16,3.1446115970611572,82.36489868164062,0.038179025864110004,0.7283657390479965
2001-02-20,3.127612590789795,81.09532928466797,0.03856711130441278,0.9667528245515603
2001-02-21,3.178605556488037,79.345703125,0.04006021033653846,1.8590156521196293
2001-02-22,3.1106154918670654,79.46564483642578,0.03914415466293692,1.3179617135202382
2001-02-23,3.1208126544952393,78.92881774902344,0.03953958444454025,1.5567883932110493
2001-02-26,3.1446115970611572,80.60892486572266,0.03901071255198369,1.2469692908068355
2001-02-27,3.195603370666504,79.86359405517578,0.04001326772820593,1.8482948511050146
2001-02-28,3.212601661682129,78.29084777832031,0.04103419177141338,2.4465973553870635
2001-03-01,3.2058024406433105,78.7014389038086,0.04073372082258298,2.248106176058776
2001-03-02,3.1990036964416504,78.07608795166016,0.04097289939042891,2.3791421126050176
2001-03-05,3.192203998565674,78.78981018066406,0.040515442177687565,2.102715564331675
2001-03-06,3.1616086959838867,79.63619995117188,0.03970064741816404,1.6185278429593974
2001-03-07,3.1616086959838867,80.20469665527344,0.03941924635127975,1.4643767218876758
2001-03-08,3.107215642929077,80.29309844970703,0.038698414968695416,1.0432573378841319
2001-03-09,3.093616485595703,77.9181900024414,0.03970339256467291,1.6373822284647108
2001-03-12,3.1208126544952393,74.58318328857422,0.04184338234022967,2.8672780585700512
2001-03-13,3.0256247520446777,75.80850982666016,0.0399114130981194,1.7232737493170796
2001-03-14,2.889641523361206,74.31158447265625,0.03888547854102722,1.1310403248518985
2001-03-15,2.923638105392456,74.33051300048828,0.039332946691397794,1.3898220426208168
2001-03-16,2.940636396408081,72.83968353271484,0.04037135053020018,1.9802850804287908
2001-03-19,2.9746313095092773,74.32164764404297,0.04002375356041639,1.7586370241791558
2001-03-20,2.9916293621063232,72.3266372680664,0.041362760320493776,2.499191478813646
2001-03-21,2.9576334953308105,71.09798431396484,0.04159940009368003,2.5913257707486514
2001-03-22,2.869244337081909,70.3759536743164,0.040770237379092675,2.0934827056964966
2001-03-23,2.8828423023223877,72.50397491455078,0.03976116213931647,1.5122833570393326
2001-03-26,2.9576334953308105,73.4286117553711,0.040279033262731787,1.7830793414673152
2001-03-27,2.9746313095092773,74.92965698242188,0.03969898474521392,1.4467359706048397
2001-03-28,2.923638105392456,72.85867309570312,0.04012752334306345,1.6687701752831274
2001-03-29,2.8726439476013184,73.13726806640625,0.03927743028346439,1.189862943358079
2001-03-30,2.8216500282287598,73.90361785888672,0.038180133936290966,0.581814359374111
2001-04-02,2.8522467613220215,72.3266372680664,0.03943563352393466,1.2630877477758864
2001-04-03,2.825049877166748,69.91368103027344,0.04040768323932863,1.7788087710665674
2001-04-04,2.9576334953308105,70.20498657226562,0.04212853872262144,2.670461141827668
2001-04-05,2.9542343616485596,72.86497497558594,0.04054395630600851,1.7958063979335679
2001-04-06,2.9270379543304443,71.75664520263672,0.04079117614911698,1.905930920931771
2001-04-09,2.944035291671753,72.55463409423828,0.04057680571923034,1.7722604431394202
2001-04-10,2.9746313095092773,73.87832641601562,0.040263923857165575,1.5905841448684124
2001-04-11,3.066420316696167,73.928955078125,0.04147793396316374,2.2016435002148387
2001-04-12,3.1446115970611572,75.27167510986328,0.041776824980597524,2.323073602237803
2001-04-16,3.141211748123169,74.47996520996094,0.042175257994119794,2.4877402146136927
2001-04-17,3.0596208572387695,75.53129577636719,0.04050798845418573,1.6183626395787178
2001-04-18,3.1106154918670654,78.5333251953125,0.03960886011296427,1.1502686893658407
2001-04-19,3.195603370666504,79.57832336425781,0.04015670644428018,1.4183496203860932
2001-04-20,3.188804864883423,78.84994506835938,0.04044143419654727,1.548672526329843
2001-04-23,3.127612590789795,77.418701171875,0.0403986703916186,1.5126409503739002
2001-04-24,3.1106154918670654,77.00064086914062,0.04039726756499893,1.4983472384413337
2001-04-25,3.1548092365264893,78.00765228271484,0.04044230462279328,1.5087270833629587
2001-04-26,3.1616086959838867,78.35596466064453,0.040349304736105845,1.4485437534295602
2001-04-27,3.1446115970611572,79.66065216064453,0.03947509230428718,1.001113024041054
2001-04-30,3.195603370666504,80.21797180175781,0.03983650170766944,1.1734706570351712
2001-05-01,3.212601661682129,80.46495056152344,0.039925478599850454,1.2083806677609334
2001-05-02,3.2601959705352783,80.31929779052734,0.04059044414255048,1.5276864712908376
2001-05-03,3.2635955810546875,79.29962921142578,0.04115524389595074,1.7906032353844312
2001-05-04,3.25679612159729,80.64862823486328,0.04038253585805471,1.3946068933537936
2001-05-07,3.2295994758605957,79.95197296142578,0.04039424364698007,1.3880651571016016
2001-05-08,3.2363996505737305,79.91395568847656,0.04049855400963981,1.4268807667052505
2001-05-09,3.2635955810546875,79.57832336425781,0.041011112613117885,1.6626808326122329
2001-05-10,3.3383865356445312,79.81265258789062,0.041827785788328,2.037466194123967
2001-05-11,3.2975914478302,79.26164245605469,0.041603874782919055,1.9071428100577026
2001-05-14,3.2975914478302,79.41996765136719,0.041520936678113005,1.8474500510048804
2001-05-15,3.2635955810546875,79.78730010986328,0.040903697412506414,1.5389935437449886
2001-05-16,3.314589500427246,81.6683120727539,0.04058599248965078,1.3742017528645454
2001-05-17,3.365583658218384,81.79498291015625,0.04114657816990006,1.6342068900279312
2001-05-18,3.3485844135284424,82.16864776611328,0.04075258026711027,1.4343626874429387
2001-05-21,3.3723809719085693,83.37833404541016,0.04044673008304384,1.2752702957957665
2001-05-22,3.3383865356445312,83.27063751220703,0.040090800735795275,1.094673169219561
2001-05-23,3.3043901920318604,81.85826873779297,0.04036721326976053,1.2193394493174898
2001-05-24,3.3213884830474854,82.09894561767578,0.04045592130396855,1.2520963534391123
2001-05-25,3.3519840240478516,81.12999725341797,0.0413162102493062,1.6548805236007622
2001-05-29,3.294191837310791,80.48400115966797,0.04092977225095479,1.4552775258346675
2001-05-30,3.2975914478302,79.35663604736328,0.04155407300609445,1.7399962154608024
2001-05-31,3.216001272201538,79.76832580566406,0.04031677034361402,1.1342416542789913
2001-06-01,3.2295994758605957,80.2623291015625,0.04023804830998511,1.0883092390700349
2001-06-04,3.2363996505737305,80.64862823486328,0.040129630489792754,1.0276672988915698
2001-06-05,3.2737948894500732,81.57331085205078,0.040133161879229634,1.0212833905047478
2001-06-06,3.3111891746520996,80.89563751220703,0.040931616048547066,1.396874731226304
2001-06-07,3.3485844135284424,81.18698120117188,0.041245337170882614,1.5347963926799901
2001-06-08,3.3689827919006348,80.43328857421875,0.041885428926506596,1.8241236224369444
2001-06-11,3.355384349822998,79.86329650878906,0.04201409779589719,1.864593018660103
2001-06-12,3.365583658218384,79.72396087646484,0.04221545970895096,1.9376789436496678
2001-06-13,3.3791821002960205,79.03997802734375,0.04275282185841446,2.163738556436243
2001-06-14,3.382580518722534,77.26661682128906,0.0437780332293589,2.602185856425715
2001-06-15,3.382580518722534,77.39111328125,0.043707608991613404,2.5262187439385038
2001-06-18,3.314589500427246,77.0163803100586,0.043037461473560704,2.1872447662881904
2001-06-19,3.2975914478302,77.35299682617188,0.04263042911240489,1.9772012159983432
2001-06-20,3.3009910583496094,77.7595443725586,0.04245126543609908,1.874027213210255
2001-06-21,3.270394802093506,78.64228820800781,0.04158570250961359,1.4700577487349311
2001-06-22,3.3213884830474854,78.02625274658203,0.042567576503191484,1.8891138831756318
2001-06-25,3.2839930057525635,77.30854034423828,0.04247904553791405,1.8288906942367729
2001-06-26,3.382580518722534,77.20059204101562,0.043815473810426414,2.3838368642800143
2001-06-27,3.3315889835357666,77.1561050415039,0.04317984923867831,2.0777692321781243
2001-06-28,3.266996145248413,77.5816650390625,0.04211041543905348,1.5973813443248492
2001-06-29,3.294191837310791,77.86744689941406,0.04230512195380043,1.6656383607478533
2001-07-02,3.2975914478302,78.83924865722656,0.041826774151125,1.4495814659997648
2001-07-03,3.3383865356445312,78.8201904296875,0.04235445914866926,1.660431494812139
2001-07-05,3.2295994758605957,77.28313446044922,0.04178918852616402,1.4075943003910631
2001-07-06,3.131012201309204,75.61273956298828,0.041408527443989145,1.2364868389814418
2001-07-09,3.1616086959838867,76.02556610107422,0.04158612501195455,1.3014156754287147
2001-07-10,3.165008068084717,75.11100006103516,0.042137743679525407,1.5207847106424845
2001-07-11,3.165008068084717,75.18720245361328,0.04209503698501573,1.4895581477216169
2001-07-12,3.178605556488037,76.97193908691406,0.04129564090751131,1.1468767015771741
2001-07-13,3.212601661682129,77.63883972167969,0.041378795370959794,1.1722895838600855
2001-07-16,3.246598243713379,76.66704559326172,0.04234672431408682,1.5600039557621452
2001-07-17,3.2295994758605957,77.38475036621094,0.04173431406804355,1.2950780351055842
2001-07-18,3.2635955810546875,76.85762786865234,0.04246287156600886,1.5812194455119992
2001-07-19,3.2839930057525635,77.5308609008789,0.04235723642938854,1.523257182958768
2001-07-20,3.216001272201538,77.06718444824219,0.04172983994713578,1.254896752440444
2001-07-23,3.202404499053955,75.54920959472656,0.04238832565201962,1.511272273953939
2001-07-24,3.188804864883423,74.81880950927734,0.04262036359303497,1.590441219466906
2001-07-25,3.1480095386505127,75.6445083618164,0.04161583711527637,1.1723024119781293
2001-07-26,3.093616485595703,76.43843078613281,0.0404720041186002,0.7030205182950916
2001-07-27,3.1174137592315674,76.73054504394531,0.040628067446232194,0.7607235771005125
2001-07-30,3.1446115970611572,76.7560043334961,0.04096893297621614,0.8929597091993324
2001-07-31,3.178605556488037,77.0735855102539,0.04124117926322701,0.9956152207233427
2001-08-01,3.2907907962799072,77.55626678466797,0.04243101083522577,1.4632896813483833
2001-08-02,3.266996145248413,77.87381744384766,0.04195243346846506,1.2599586144221846
2001-08-03,3.2635955810546875,77.44828033447266,0.042139032228479874,1.323677996983967
2001-08-06,3.266996145248413,76.40666198730469,0.04275800120402118,1.556661619659647
2001-08-07,3.2805936336517334,76.70519256591797,0.04276885988953743,1.5461480874458209
2001-08-08,3.2295994758605957,75.2824935913086,0.04289974098617603,1.5826985770170396
2001-08-09,3.2295994758605957,75.5047607421875,0.04277345486714575,1.5186141314668296
2001-08-10,3.246598243713379,75.76518249511719,0.0428507942143822,1.5345352429199535
2001-08-13,3.270394802093506,75.78421020507812,0.04315403951883323,1.6374910742647675
2001-08-14,3.266996145248413,75.75249481201172,0.04312724159588181,1.6116024268406106
2001-08-15,3.2873926162719727,75.0982666015625,0.0437745472037776,1.8441816936287836
2001-08-16,3.2499966621398926,75.35868072509766,0.04312703766664409,1.5769422081175852
2001-08-17,3.2805936336517334,74.15190887451172,0.04424152639419609,1.9837369279095662
2001-08-20,3.2839930057525635,74.837890625,0.04388142127372478,1.8246699820218732
2001-08-21,3.2975914478302,73.56126403808594,0.04482782468396533,2.156401732963972
2001-08-22,3.3315889835357666,74.32342529296875,0.0448255576274005,2.1269955570846686
2001-08-23,3.3111891746520996,74.0566635131836,0.04471156297856493,2.0581058035596613
2001-08-24,3.3042569160461426,75.59367370605469,0.04371075983017726,1.6679572060949739
2001-08-27,3.3146562576293945,75.14276885986328,0.04411144688866906,1.7982605941445335
2001-08-28,3.3285257816314697,74.04397583007812,0.044953363785732274,2.083866591505302
2001-08-29,3.325059175491333,73.3834228515625,0.04531076701365035,2.1876793224897324
2001-08-30,3.325059175491333,71.97344970703125,0.04619841329026223,2.4744335191200664
2001-08-31,3.241844892501831,72.5005874633789,0.04471473964454886,1.9177803782806855
2001-09-04,3.2245097160339355,72.03693389892578,0.04476189562090759,1.9148250655094192
2001-09-05,3.207174062728882,72.21477508544922,0.044411604951119,1.7716176249978297
2001-09-06,3.1898369789123535,70.35384368896484,0.04533991053871427,2.080388879678804
2001-09-07,3.1378283500671387,69.05182647705078,0.04544164159234787,2.0956355005946294
2001-09-10,3.0719518661499023,69.89653015136719,0.043949990929411174,1.5531293228164098
2001-09-17,2.7217626571655273,66.24449920654297,0.041086621376355714,0.5257278132155915
2001-09-18,2.84311580657959,66.08573913574219,0.04302162378391109,1.2101965887728705
2001-09-19,2.773771047592163,64.75196075439453,0.042836865714586336,1.1355146712887096
2001-09-20,2.7217626571655273,62.694129943847656,0.04341335719314215,1.3333460990538786
2001-09-21,2.635082960128784,62.01772689819336,0.04248918965466867,0.9929902679984085
2001-09-24,2.635082960128784,64.19800567626953,0.04104618098912112,0.46601859390364725
2001-09-25,2.773771047592163,64.86743927001953,0.042760606535521835,1.0815035915152533
2001-09-26,2.687091112136841,64.63789367675781,0.04157145227495326,0.6420347260729465
2001-09-27,2.635082960128784,65.19893646240234,0.040416042087562776,0.21127213108965798
2001-09-28,2.673222064971924,66.58235168457031,0.04014910854510133,0.10519176393664342
2001-10-01,2.815377712249756,66.47393798828125,0.04235310555463227,0.92000448553844
2001-10-02,2.9089930057525635,67.30908203125,0.043218432312031645,1.2358472954925006
2001-10-03,2.9055259227752686,68.43753814697266,0.04245514963638117,0.9419669735886612
2001-10-04,2.8881900310516357,68.49488067626953,0.042166509416991606,0.8268264168244943
2001-10-05,2.981804609298706,68.36100769042969,0.04361849993203287,1.3665784643014804
2001-10-08,2.95059871673584,67.91476440429688,0.04344561514151641,1.290917948241254
2001-10-09,2.9610021114349365,67.5513687133789,0.043833339987506346,1.4272719302383317
2001-10-10,2.947131872177124,69.05593872070312,0.042677457243710845,0.9813582409468286
2001-10-11,2.999141216278076,70.12694549560547,0.04276731568846127,1.0082839574569142
2001-10-12,2.995673418045044,69.80816650390625,0.042912936524087265,1.057210561864633
2001-10-15,3.037278890609741,69.6806869506836,0.04358853254072209,1.3077805218932914
2001-10-16,3.0858206748962402,70.12055206298828,0.044007364233588635,1.4587882948340873
2001-10-17,3.068484306335449,68.62874603271484,0.04471135615493724,1.713982895395655
2001-10-18,3.0442135334014893,68.48213958740234,0.044452663887877254,1.601110816324055
2001-10-19,2.992205858230591,68.43753814697266,0.043721705064911826,1.312273900116725
2001-10-22,2.999141216278076,69.78907012939453,0.04297436848947017,1.017989083905778
2001-10-23,3.054616689682007,69.43205261230469,0.04399433078463635,1.4036965745301053
2001-10-24,3.0858206748962402,69.24715423583984,0.044562418614151944,1.6119273229194955
2001-10-25,3.068484306335449,70.49028778076172,0.04353059695087389,1.2045046287338526
2001-10-26,3.078886032104492,70.33094787597656,0.04377711555279876,1.2950739730198915
2001-10-29,3.0511484146118164,68.50126647949219,0.044541489105537416,1.586813261914642
2001-10-30,3.0511484146118164,67.6788558959961,0.04508274222750747,1.7904933629515676
2001-10-31,3.0442135334014893,67.44937896728516,0.04513330708171558,1.7962222157819943
2001-11-01,3.1031570434570312,69.1770248413086,0.04485820329185366,1.6771754813789175
2001-11-02,3.082353115081787,69.64881134033203,0.0442556456566096,1.43474684025775
2001-11-05,3.068484306335449,70.56045532226562,0.043487308752770716,1.1232118180000792
2001-11-06,3.1378283500671387,71.65693664550781,0.043789596610726025,1.244797643293091
2001-11-07,3.120492696762085,71.56135559082031,0.04360583545405019,1.1671629139509143
2001-11-08,3.134361982345581,71.78448486328125,0.0436635017763964,1.1891604373383586
2001-11-09,3.1378283500671387,71.86099243164062,0.04366525209141897,1.1876450862778545
2001-11-12,3.221041440963745,71.42110443115234,0.04509929476193869,1.7871939880318037
2001-11-13,3.2245097160339355,73.02766418457031,0.044154633070069185,1.3801003184347387
2001-11-14,3.2279767990112305,73.0977783203125,0.044159711460262485,1.376780740644507
2001-11-15,3.2279767990112305,73.23165893554688,0.04407897958248165,1.3364606035919278
2001-11-16,3.241844892501831,72.906494140625,0.04446579047195479,1.4983484466219694
2001-11-19,3.259181022644043,73.80541229248047,0.044159105970824564,1.359615606139557
2001-11-20,3.2730495929718018,73.18701171875,0.044721727477407984,1.6030086473806302
2001-11-21,3.255713701248169,72.70252227783203,0.044781303306183635,1.6251336542674415
2001-11-23,3.238377809524536,73.74806213378906,0.043911361408380825,1.2331233298230997
2001-11-26,3.221041440963745,73.90739440917969,0.043582126886124874,1.0795362124672165
2001-11-27,3.259181022644043,73.588623046875,0.04428919699405147,1.3944979984169634
2001-11-28,3.241844892501831,72.2562255859375,0.04486595952408506,1.648919714430412
2001-11-29,3.231443166732788,73.23165893554688,0.044126313860742485,1.302342909466711
2001-11-30,3.2279767990112305,72.70887756347656,0.0443959101994544,1.421475173181052
2001-12-03,3.207174062728882,72.27534484863281,0.044374386167865515,1.4052797520698512
2001-12-04,3.221041440963745,73.49942779541016,0.04382403424867058,1.1408477013377194
2001-12-05,3.276517868041992,74.84455871582031,0.04377763626722294,1.1131282100888917
2001-12-06,3.276517868041992,74.80633544921875,0.04380000501783985,1.1181624326175923
2001-12-07,3.210639476776123,74.30902099609375,0.043206590986374305,0.8314339502183624
2001-12-10,3.248779535293579,72.91922760009766,0.044553126002794194,1.4591625503064307
2001-12-11,3.276517868041992,72.77259826660156,0.04502406051297643,1.6754911488388065
2001-12-12,3.207174062728882,72.85554504394531,0.04402100156953551,1.1882968509954863
2001-12-13,3.1794354915618896,71.4402084350586,0.04450484623728523,1.4082326681583854
2001-12-14,3.1794354915618896,72.12236785888672,0.04408390331530315,1.1982189592889039
2001-12-17,3.1551647186279297,72.86822509765625,0.04329959614632377,0.8176457256070907
2001-12-18,3.172502040863037,73.30181121826172,0.04327999524345546,0.8027027647105095
2001-12-19,3.1898369789123535,73.81814575195312,0.043212098413186635,0.7644978725642197
2001-12-20,3.1829020977020264,73.09139251708984,0.04354687998258915,0.9232929556990124
2001-12-21,3.1933047771453857,73.53471374511719,0.04342581366691491,0.856831468098081
2001-12-24,3.231610059738159,73.39396667480469,0.04403100426574347,1.1498212757070352
2001-12-26,3.2281265258789062,73.79695892333984,0.04374335437361692,0.999422446786615
2001-12-27,3.224644899368286,74.2447738647461,0.04343261796773356,0.8372439861734109
2001-12-28,3.2768800258636475,74.20638275146484,0.04415900498530851,1.19094273903132
2001-12-31,3.2908101081848145,73.118896484375,0.04500628792842952,1.6004425656357308
2002-01-02,3.2942912578582764,73.90577697753906,0.044574205056520204,1.3768781908516674
2002-01-03,3.2942912578582764,74.7437744140625,0.04407445681841937,1.118577389831771
2002-01-04,3.4126927852630615,75.24276733398438,0.045355758515831124,1.7471636170739824
2002-01-07,3.3952796459198,74.71177673339844,0.04544503951546378,1.7753779715308187
2002-01-08,3.3325977325439453,74.53904724121094,0.04470942218726708,1.3945073514805613
2002-01-09,3.3500099182128906,73.93131256103516,0.04531246372025706,1.6792170136953606
2002-01-10,3.3534929752349854,74.25756072998047,0.04516028997274965,1.587924097888926
2002-01-11,3.3709025382995605,73.52832794189453,0.04584495027499337,1.9053244519065893
2002-01-14,3.2908101081848145,73.06771087646484,0.04503781586573265,1.494188766324248
2002-01-15,3.322150707244873,73.66265869140625,0.04509952214951002,1.5102491860507812
2002-01-16,3.297774314880371,72.17211151123047,0.04569319430771005,1.7822601478822193
2002-01-17,3.287327289581299,72.71588897705078,0.04520782645755432,1.5317983450073436
2002-01-18,3.2420570850372314,72.38320922851562,0.04479018158481997,1.3179232166265689
2002-01-22,3.339562177658081,71.88423156738281,0.046457506811179355,2.1039685105543287
2002-01-23,3.3291146755218506,72.43439483642578,0.04596041263324956,1.8448146275066664
2002-01-24,3.343045234680176,72.65830993652344,0.046010500899357064,1.8506587815643614
2002-01-25,3.322150707244873,72.63912200927734,0.045735006362281935,1.701612339135543
2002-01-28,3.336080551147461,72.83739471435547,0.04580175559862461,1.7173989041395625
2002-01-29,3.2699151039123535,70.54728698730469,0.046350685384978586,1.9607661301153096
2002-01-30,3.3082220554351807,71.56440734863281,0.04622719837975968,1.88837303087686
2002-01-31,3.339562177658081,72.4024429321289,0.04612499305843361,1.8255794969296482
2002-02-01,3.3012566566467285,72.0633773803711,0.04581046263238195,1.6627591429121542
2002-02-04,3.343045234680176,70.272216796875,0.0475727874693835,2.480758267747562
2002-02-05,3.3082220554351807,69.83720397949219,0.047370482592725874,2.3630438730687446
2002-02-06,3.2838447093963623,69.5365219116211,0.04722474778893937,2.2667061862046904
2002-02-07,3.2733986377716064,69.10150909423828,0.04737087048717644,2.3080304277154835
2002-02-08,3.3117032051086426,70.42570495605469,0.04702406894151972,2.118726509667783
2002-02-11,3.343045234680176,71.2893295288086,0.04689404791399005,2.0398032405031583
2002-02-12,3.3151872158050537,71.0654296875,0.046649787813612224,1.9078851685928204
2002-02-13,3.343045234680176,71.8202896118164,0.04654736499600738,1.8438480196982554
2002-02-14,3.3604564666748047,71.68595123291016,0.046877476114623416,1.9783422520920444
2002-02-15,3.3709025382995605,70.9375,0.04751933093638147,2.251566365967934
2002-02-19,3.3709025382995605,69.57489013671875,0.04844998722492466,2.643178702818442
2002-02-20,3.3709025382995605,70.74557495117188,0.04764824571185032,2.2519426061049184
2002-02-21,3.322150707244873,69.28063201904297,0.04795208430448098,2.362967805701681
2002-02-22,3.336080551147461,70.13786315917969,0.04756461632679256,2.168298842200975
2002-02-25,3.3569741249084473,71.29573059082031,0.047085205482706345,1.9362747824421183
2002-02-26,3.343045234680176,71.1485595703125,0.04698682945754389,1.8772061400591733
2002-02-27,3.343045234680176,71.42366790771484,0.04680584647374398,1.7768543591178265
2002-02-28,3.318669557571411,71.10382080078125,0.046673575627808564,1.7030899755957114
2002-03-01,3.325634002685547,72.76065063476562,0.04570649071541606,1.2531779050343577
2002-03-04,3.3674206733703613,74.04649353027344,0.04547711191744161,1.1412124066843077
2002-03-05,3.343045234680176,73.80980682373047,0.04529269725178794,1.0486704292637168
2002-03-06,3.4092085361480713,74.68618774414062,0.0456471087776941,1.2014815297263959
2002-03-07,3.478855609893799,74.52622985839844,0.046679613560268715,1.6586046098024256
2002-03-08,3.447514772415161,74.83969116210938,0.04606532601728059,1.3659705023338904
2002-03-11,3.398761749267578,74.99964141845703,0.04531703998828933,1.0166175207130623
2002-03-12,3.3639395236968994,74.954833984375,0.04487955405782291,0.8103769360328741
2002-03-13,3.3604564666748047,74.23199462890625,0.045269650687336224,0.9821637579894963
2002-03-14,3.405726432800293,74.12965393066406,0.04594283464463199,1.284971942174981
2002-03-15,3.38135027885437,74.83596801757812,0.045183490885828174,0.9271677569611873
2002-03-18,3.426621198654175,74.84880065917969,0.04578057588734287,1.194301212105785
2002-03-19,3.426621198654175,75.3492202758789,0.04547653162312973,1.0459570830613578
2002-03-20,3.447514772415161,73.9313735961914,0.04663128256273546,1.5723730638391162
2002-03-21,3.447514772415161,73.96349334716797,0.04661103223225685,1.552386703676959
2002-03-22,3.447514772415161,73.80309295654297,0.04671233459612784,1.585727933509186
2002-03-25,3.4161736965179443,72.88571166992188,0.046870279760576374,1.6453823978778608
2002-03-26,3.3639395236968994,73.30908203125,0.04588707743281969,1.178302358088792
2002-03-27,3.3952796459198,73.50157928466797,0.04619328834786053,1.3093678114308913
2002-03-28,3.447514772415161,73.4695053100586,0.046924431542935234,1.633110526746092
2002-04-01,3.426621198654175,73.50157928466797,0.04661969486918153,1.4814278136603052
2002-04-02,3.3848328590393066,73.09740447998047,0.04630578723169749,1.3259089205673744
2002-04-03,3.377868175506592,72.58415985107422,0.046537263535696906,1.42347337916786
2002-04-04,3.3639395236968994,72.2826156616211,0.04653870772254032,1.4135131329874762
2002-04-05,3.4092085361480713,72.29546356201172,0.04715660386109578,1.6896190894442222
2002-04-08,3.3952796459198,72.44943237304688,0.04686413039700963,1.5492923380592087
2002-04-09,3.325634002685547,71.94264221191406,0.04622618659027796,1.2427171194129265
2002-04-10,3.4092085361480713,72.75736999511719,0.04685722609787663,1.5279490202050094
2002-04-11,3.343045234680176,70.9482421875,0.047119493473076764,1.635062868719794
2002-04-12,3.3917973041534424,71.48072052001953,0.04745051923761044,1.773844278183326
2002-04-15,3.3500099182128906,70.93537902832031,0.04722622144410379,1.6537328865417291
2002-04-16,3.4684107303619385,72.62266540527344,0.04775934222472207,1.8841851117424009
2002-04-17,3.4753735065460205,72.46868133544922,0.047956902795828656,1.9571347183090182
2002-04-18,3.5171616077423096,72.15435028076172,0.04874496955563439,2.2909135130724687
2002-04-19,3.4997506141662598,72.4173355102539,0.048327525301876284,2.0719683127051924
2002-04-22,3.492785692214966,71.21126556396484,0.049048218207519485,2.3652482376820037
2002-04-23,3.4753735065460205,70.90328979492188,0.049015687658472064,2.3204630348944
2002-04-24,3.478855609893799,70.19120025634766,0.04956256050884659,2.5347181307171143
2002-04-25,3.4997506141662598,70.22969818115234,0.04983291548738983,2.617000077041803
2002-04-26,3.457961320877075,68.89532470703125,0.05019152367133217,2.7308901784701924
2002-04-29,3.426621198654175,68.5552749633789,0.04998333389348404,2.599861164206072
2002-04-30,3.447514772415161,69.19682312011719,0.04982186489155288,2.4941745030199183
2002-05-01,3.430103063583374,70.04364776611328,0.04897093702254094,2.1029909029486795
2002-05-02,3.3952796459198,69.7741928100586,0.04866096631404296,1.9504572092208046
2002-05-03,3.405726432800293,69.01719665527344,0.04934605573464812,2.223735555464614
2002-05-06,3.4022445678710938,67.66351318359375,0.05028181966608305,2.5900277602871795
2002-05-07,3.426621198654175,67.42613220214844,0.05082037315118292,2.776082279742537
2002-05-08,3.4823379516601562,69.93462371826172,0.049794190152349795,2.313316665039779
2002-05-09,3.444033622741699,69.12625122070312,0.04982236938823352,2.294178839760332
2002-05-10,3.444033622741699,67.82390594482422,0.05077905164505673,2.652085241135761
2002-05-13,3.457961320877075,69.20323944091797,0.04996820017116826,2.289503408722185
2002-05-14,3.4823379516601562,70.71086120605469,0.04924756808593328,1.9737772707212105
2002-05-15,3.4893038272857666,70.43496704101562,0.04953936906442901,2.0697535696970526
2002-05-16,3.5519847869873047,70.80067443847656,0.05016879874603259,2.2938500685216034
2002-05-17,3.604220390319824,71.14708709716797,0.05065872036893681,2.454216919911567
2002-05-20,3.5659139156341553,70.37725067138672,0.05066855953615632,2.421851674493137
2002-05-21,3.569397211074829,69.7357177734375,0.05118463428843377,2.5864444651083818
2002-05-22,3.628596544265747,69.8896484375,0.0519189411506438,2.825892471030861
2002-05-23,3.6251132488250732,70.63387298583984,0.051322589227859684,2.553828234427292
2002-05-24,3.586808204650879,69.72928619384766,0.05143904950754178,2.5601566772996294
2002-05-28,3.628596544265747,69.35079193115234,0.052322351962008136,2.8479476469854106
2002-05-29,3.6390440464019775,68.83755493164062,0.05286422578512184,2.9974986661261265
2002-05-30,3.635560989379883,68.64511108398438,0.0529616884869183,2.9779093825160645
2002-05-31,3.6634209156036377,68.7862319946289,0.053258054837044884,3.027898761525314
2002-06-03,3.67386794090271,66.95780944824219,0.05486840103009311,3.5165788632819366
2002-06-04,3.684314250946045,67.12464904785156,0.05488765011373967,3.434454490681011
2002-06-05,3.687796115875244,67.75336456298828,0.05442971193625093,3.1989692624692787
2002-06-06,3.687796115875244,66.3740234375,0.055560834267457004,3.496543357997136
2002-06-07,3.65645432472229,66.29705810546875,0.05515258790073936,3.2845952137323624
2002-06-10,3.6808314323425293,66.55364227294922,0.055306235791675165,3.2626475554714633
2002-06-11,3.5624325275421143,65.41171264648438,0.05446169169725265,2.9342881378204115
2002-06-12,3.6320793628692627,65.80945587158203,0.055190843242295735,3.1017604233166884
2002-06-13,3.5519847869873047,65.1487045288086,0.05452118829802097,2.8363053741086053
2002-06-14,3.4718916416168213,65.05245208740234,0.053370649840410345,2.439118956265638
2002-06-17,3.5310914516448975,66.79740142822266,0.05286270687399782,2.250702735124739
2002-06-18,3.5798444747924805,67.34274291992188,0.0531585783348522,2.308072917113142
2002-06-19,3.4614455699920654,65.77094268798828,0.05262879667717196,2.118757001708164
2002-06-20,3.5206429958343506,64.93057250976562,0.054221653371450594,2.555008028347831
2002-06-21,3.534573793411255,63.91529846191406,0.0553009041413996,2.819263257166965
2002-06-24,3.5067155361175537,64.25006103515625,0.05457917828589695,2.562665392820772
2002-06-25,3.5276079177856445,62.8079833984375,0.056164960677170896,2.9589986505861643
2002-06-26,3.4161736965179443,62.9109992980957,0.054301691828655324,2.3901699114549135
2002-06-27,3.485821008682251,64.01189422607422,0.054455832792124396,2.398305904104526
2002-06-28,3.4823379516601562,63.70924758911133,0.05465985054664701,2.417556103117882
2002-07-01,3.4614455699920654,62.46674728393555,0.0554126110370123,2.581943080070389
2002-07-02,3.426621198654175,61.140594482421875,0.056044944077855506,2.7036371056559663
2002-07-03,3.398761749267578,61.488224029541016,0.05527500270026824,2.455268326903253
2002-07-05,3.4753735065460205,63.93459701538086,0.05435826092264168,2.1810063025537976
2002-07-08,3.4893038272857666,63.13632583618164,0.05526618442035069,2.385830175395105
2002-07-09,3.534573793411255,61.54616165161133,0.05742963815386393,2.896569906654205
2002-07-10,3.4823379516601562,59.305789947509766,0.058718346973243185,3.155687100051899
2002-07-11,3.437068223953247,59.78862380981445,0.05748699342681715,2.7894512576160233
2002-07-12,3.4022445678710938,59.131980895996094,0.057536455168906146,2.751901385517054
2002-07-15,3.423138380050659,59.44741439819336,0.05758262852479401,2.7147283668119635
2002-07-16,3.2942912578582764,58.30145263671875,0.05650444558191855,2.413351195781743
2002-07-17,3.255986213684082,58.41734313964844,0.05573663639410214,2.1973981867775807
2002-07-18,3.2594683170318604,56.52461242675781,0.05766458498508664,2.6187463633977366
2002-07-19,3.18634033203125,54.535301208496094,0.0584271153073754,2.7509210919814113
2002-07-22,3.1445517539978027,52.91939163208008,0.05942154013901314,2.9244474427259313
2002-07-23,3.16196346282959,51.47087097167969,0.061432095535538266,3.3076738002492796
2002-07-24,3.203751802444458,54.5417594909668,0.05873942887697019,2.647556148590125
2002-07-25,3.07838773727417,54.07822799682617,0.05692471538554923,2.209342823336476
2002-07-26,2.9982941150665283,55.10828399658203,0.05440732132491171,1.6321282348064183
2002-07-29,3.1166934967041016,57.792850494384766,0.053928703464919486,1.51174519258516
2002-07-30,3.1341052055358887,58.5461311340332,0.05353223423697788,1.4112652833511379
2002-07-31,3.1828577518463135,58.68777084350586,0.05423374761214866,1.5528230486668966
2002-08-01,3.1341052055358887,57.1555290222168,0.054834681073770444,1.671234611056208
2002-08-02,3.0365993976593018,55.8743896484375,0.054346891603928575,1.5506380690130026
2002-08-05,2.925163984298706,53.93015670776367,0.05423985693476773,1.5143832834233468
2002-08-06,3.0017755031585693,55.74560546875,0.053847751368335424,1.4163107253134
2002-08-07,3.0470457077026367,56.71775817871094,0.05372295742193753,1.377003358880948
2002-08-08,3.137587308883667,58.552528381347656,0.05358585522471082,1.3358038922244415
2002-08-09,3.1758925914764404,58.77145004272461,0.054038016573824316,1.423189504666745
2002-08-12,3.172410726547241,58.34007263183594,0.054377901559486054,1.4845499147217789
2002-08-13,3.1166934967041016,57.27784729003906,0.05441359345999919,1.4790887150223453
2002-08-14,3.1166934967041016,59.37017822265625,0.052495943081315194,1.050788951460476
2002-08-15,3.154998540878296,60.19420623779297,0.05241365802573584,1.0246259569786662
2002-08-16,3.238574504852295,60.013938903808594,0.053963705165947194,1.352592662432506
2002-08-19,3.2908101081848145,61.417423248291016,0.053581051339147215,1.2584315129188401
2002-08-20,3.325634002685547,60.76716995239258,0.05472747875688437,1.49526722363439
2002-08-21,3.238574504852295,61.64271926879883,0.05253782674203889,1.009994926876875
2002-08-22,3.2908101081848145,62.2414436340332,0.0528716867098086,1.0741481609906929
2002-08-23,3.214198589324951,60.90237045288086,0.05277624771291493,1.0450527412658808
2002-08-26,3.2803633213043213,61.32725524902344,0.05348948535172797,1.190482850944118
2002-08-27,3.266432762145996,60.619102478027344,0.053884545112326314,1.2656823043365117
2002-08-28,3.217681646347046,59.29292297363281,0.05426754973402017,1.3371220153364567
2002-08-29,3.2350916862487793,59.31863784790039,0.05453752485928479,1.3832401348380834
2002-08-30,3.2908101081848145,59.086883544921875,0.055694426761954983,1.616955434884175
2002-09-03,3.21071720123291,56.83364486694336,0.05649324812353162,1.7696358493712447
2002-09-04,3.221163272857666,57.64482498168945,0.05587948742807095,1.622046318205251
2002-09-05,3.18634033203125,57.1555290222168,0.0557485931202333,1.5786697047363867
2002-09-06,3.2908101081848145,57.940975189208984,0.056795904753734625,1.7812102497798583
2002-09-09,3.2733986377716064,58.36583709716797,0.05608415471403285,1.6150377725730545
2002-09-10,3.238574504852295,59.03539276123047,0.054858185122114086,1.3458439405161833
2002-09-11,3.2594683170318604,58.66843032836914,0.05555744884921087,1.4786610403101204
2002-09-12,3.3012566566467285,57.58685302734375,0.05732656818526279,1.8274719370622408
2002-09-13,3.2768800258636475,57.72845458984375,0.05676368870681935,1.6928782708597474
2002-09-16,3.2490220069885254,57.870094299316406,0.05614336811313792,1.5500537681713986
2002-09-17,3.2733986377716064,56.543914794921875,0.057891262917395055,1.8918776475863908
2002-09-18,3.2699151039123535,55.977413177490234,0.05841490198098792,1.9767093148668096
2002-09-19,3.2072336673736572,54.52885818481445,0.05881718000592259,2.0349234410838433
2002-09-20,3.1793744564056396,54.546966552734375,0.05828691597967992,1.905730769400534
2002-09-23,3.1062464714050293,54.10074996948242,0.057415959541359876,1.7131180569953697
2002-09-24,3.0923163890838623,53.227760314941406,0.05809593285133636,1.8336130933486103
2002-09-25,3.0609755516052246,54.546966552734375,0.056116329560617545,1.4227847693834939
2002-09-26,3.064457893371582,55.439388275146484,0.05527582444024514,1.2444328409614387
2002-09-27,3.0818698406219482,53.51229476928711,0.05759180864713653,1.6982247530660992
2002-09-30,3.0087404251098633,52.89148712158203,0.056885154660024036,1.5451991896117072
2002-10-01,3.130622148513794,55.432926177978516,0.056475859464144185,1.4506808303974996
2002-10-02,3.067941188812256,53.770992279052734,0.057055692275320286,1.5538574703646273
2002-10-03,3.113210678100586,53.227760314941406,0.058488477810829206,1.8247348987284984
2002-10-04,3.05749249458313,52.251304626464844,0.05851514170680699,1.8127807343980222
2002-10-07,3.099281072616577,51.17133712768555,0.060566740026415176,2.195440005698546
2002-10-08,3.1236572265625,51.973209381103516,0.060101295720602604,2.077591685934615
2002-10-09,2.994811534881592,50.50524139404297,0.05929704427142538,1.897366402555339
2002-10-10,3.0818698406219482,52.141319274902344,0.05910609634507987,1.8413226097312478
2002-10-11,3.099281072616577,54.42409896850586,0.056946851327939654,1.4056232612696666
2002-10-14,3.1062464714050293,54.7280387878418,0.05675786196992506,1.357650688034171
2002-10-15,3.1341052055358887,57.360008239746094,0.054639204242027874,0.9339500191996863
2002-10-16,3.0609755516052246,55.96967697143555,0.054689891334684874,0.9364535837247673
2002-10-17,3.1201748847961426,57.08195495605469,0.054661317875294414,0.9234318663240643
2002-10-18,3.1201748847961426,57.321205139160156,0.0544331696659415,0.8714246752551505
2002-10-21,3.16544508934021,58.31062316894531,0.05428590739236074,0.8355334623245397
2002-10-22,3.1341052055358887,57.89027404785156,0.05413871772217327,0.7998265093255545
2002-10-23,3.193305015563965,58.33000564575195,0.0547454947108603,0.9126887271631855
2002-10-24,3.189821481704712,57.1401481628418,0.05582452241135508,1.1177180015618196
2002-10-25,3.224644899368286,58.33000564575195,0.05528278051183645,1.0025459586535244
2002-10-28,3.2072336673736572,57.9484977722168,0.055346277999830294,1.007311312154963
2002-10-29,3.238574504852295,57.275962829589844,0.05654334462238295,1.2352770119731868
2002-10-30,3.203751802444458,57.83208084106445,0.05539748450776114,0.9996087058476425
2002-10-31,3.193305015563965,57.24360656738281,0.05578448331701549,1.0680024072804466
2002-11-01,3.2350916862487793,58.37528991699219,0.05541885429346864,0.9874915576779499
2002-11-04,3.255986213684082,58.93142318725586,0.0552504256233235,0.9465104067022619
2002-11-05,3.255986213684082,59.39706802368164,0.054817288496225414,0.8534190910522373
2002-11-06,3.2768800258636475,60.166568756103516,0.054463468560873,0.7762444127105423
2002-11-07,3.238574504852295,58.69216537475586,0.055178991679275154,0.9122469848400984
2002-11-08,3.2420570850372314,57.974334716796875,0.05592228183168632,1.0533083192210613
2002-11-11,3.1445517539978027,57.07550048828125,0.05509459798155327,0.880100511614828
2002-11-12,3.18634033203125,57.52812576293945,0.05538752201247519,0.9316310156122155
2002-11-13,3.18634033203125,57.58634948730469,0.055331521452557104,0.9131335526452119
2002-11-14,3.189821481704712,58.672794342041016,0.054366278570425926,0.7119408464762771
2002-11-15,3.231610059738159,59.106021881103516,0.054674802277148694,0.7678633994654659
2002-11-18,3.2733986377716064,58.51108169555664,0.055944934581856995,1.017730153571744
2002-11-19,3.238574504852295,58.433502197265625,0.05542324836049007,0.9045976395000207
2002-11-20,3.255986213684082,59.73329162597656,0.054508735833136854,0.7120490777993278
2002-11-21,3.3082220554351807,60.845584869384766,0.05437078240823608,0.6777053617635458
2002-11-22,3.287327289581299,60.41231155395508,0.05441485692275391,0.6804822865191257
2002-11-25,3.2908101081848145,60.45106887817383,0.05443758347460716,0.6789223168533035
2002-11-26,3.2733986377716064,59.300018310546875,0.05520063451969309,0.8294140860748691
2002-11-27,3.325634002685547,60.968475341796875,0.054546779856993764,0.6880864958415774
2002-11-29,3.3534929752349854,60.774444580078125,0.055179327403252994,0.8124641106781783
2002-12-02,3.318669557571411,60.8714599609375,0.05451930280136326,0.6691376920629573
2002-12-03,3.3291146755218506,60.05665969848633,0.05543289773749701,0.8527262766956878
2002-12-04,3.231610059738159,59.7850341796875,0.05405382975989211,0.5584674438243331
2002-12-05,3.2908101081848145,59.125431060791016,0.05565811612944185,0.8884534177270066
2002-12-06,3.2908101081848145,59.51343536376953,0.055295246998767394,0.8055513899132408
2002-12-09,3.255986213684082,57.8773307800293,0.05625667545137668,1.0020649755450952
2002-12-10,3.2838447093963623,58.65335464477539,0.055987329783342143,0.9377238763748188
2002-12-11,3.2002694606781006,58.70510482788086,0.05451433005802579,0.618032508342828
2002-12-12,3.2942912578582764,58.69862747192383,0.056122117326064744,0.9544798548175386
2002-12-13,3.2072336673736572,57.77388000488281,0.0555135584991452,0.8174610392393457
2002-12-16,3.231610059738159,59.267704010009766,0.054525649571179106,0.5988997512160398
2002-12-17,3.2350916862487793,58.75035858154297,0.05506505431381514,0.7093993050159602
2002-12-18,3.266432762145996,58.07131576538086,0.05624864391471694,0.9602586493974963
2002-12-19,3.2768800258636475,57.657508850097656,0.056833534629169076,1.0814055615706226
2002-12-20,3.3117032051086426,58.480201721191406,0.05662947643199706,1.0300075448068151
2002-12-23,3.3314056396484375,58.49968338012695,0.05694741316805411,1.0934389146075092
2002-12-24,3.3278234004974365,58.06427764892578,0.057312749512160734,1.1668434469418751
2002-12-26,3.3385701179504395,58.09027862548828,0.05747209682835941,1.1949611490958003
2002-12-27,3.317077398300171,56.784061431884766,0.058415641901190286,1.3974049459246405
2002-12-30,3.284837484359741,57.25847244262695,0.05736858397071545,1.155487577328435
2002-12-31,3.2525980472564697,57.33645248413086,0.05672827505602476,1.0043196256175115
2003-01-02,3.313494920730591,59.18199157714844,0.0559882293993298,0.8310128856932302
2003-01-03,3.3385701179504395,59.36398696899414,0.05623898070886272,0.8817365512084858
2003-01-06,3.4388718605041504,60.41021728515625,0.05692533506826396,1.0308193970092037
2003-01-07,3.420959949493408,60.260780334472656,0.056769260711621104,0.9879703908463674
2003-01-08,3.4066319465637207,59.38999557495117,0.05736036707166435,1.1163328143796196
2003-01-09,3.4567811489105225,60.31277847290039,0.05731424146648651,1.0981549332220149
2003-01-10,3.489020347595215,60.47527313232422,0.057693337572217146,1.1778598581627673
2003-01-13,3.420959949493408,60.45573425292969,0.056586194705386915,0.9144683161527865
2003-01-14,3.5033493041992188,60.65071487426758,0.05776270422305596,1.1803200962890745
2003-01-15,3.489020347595215,60.04634094238281,0.05810546142924992,1.2522081525050064
2003-01-16,3.4926037788391113,59.79940414428711,0.05840532742453379,1.3132302626289898
2003-01-17,3.5033493041992188,58.91558074951172,0.0594638847590118,1.5505664008797098
2003-01-21,3.4746925830841064,57.999298095703125,0.059909217821060644,1.6440124253792954
2003-01-22,3.4137940406799316,57.297462463378906,0.05958019594431121,1.5540356782646274
2003-01-23,3.4424521923065186,57.648372650146484,0.059714646468823976,1.5735978334227914
2003-01-24,3.47827410697937,56.13421630859375,0.061963528409443046,2.0811200580544136
2003-01-27,3.42454195022583,55.367408752441406,0.061851223082113736,2.0349653653298954
2003-01-28,3.3994662761688232,55.77682113647461,0.06094765185436109,1.8083311390740977
2003-01-29,3.3672266006469727,56.199222564697266,0.05991589290706963,1.5549607243039127
2003-01-30,3.3385701179504395,54.86701583862305,0.060848399843176616,1.7581836290449897
2003-01-31,3.3815555572509766,55.92625045776367,0.06046454982360702,1.6554698975379558
2003-02-03,3.317077398300171,56.03675842285156,0.05919466956438865,1.349737278916289
2003-02-04,3.3206593990325928,55.484371185302734,0.05984855425219639,1.4905994226520012
2003-02-05,3.3063299655914307,55.13990783691406,0.05996255879444849,1.504954006785394
2003-02-06,3.2812554836273193,54.8799934387207,0.05978964788491068,1.4530024801153962
2003-02-07,3.295584201812744,54.210655212402344,0.06079218539049826,1.6730134304610067
2003-02-10,3.2705094814300537,54.594093322753906,0.05990592172847681,1.4546011965405126
2003-02-11,3.2812554836273193,54.217159271240234,0.06052060874697797,1.5858295918366114
2003-02-12,3.2669265270233154,53.35284423828125,0.061232471739140384,1.7379383687844037
2003-02-13,3.22035813331604,53.515323638916016,0.060176374061470035,1.4803407834374893
2003-02-14,3.2239413261413574,54.68505859375,0.05895470187006116,1.1860121358941835
2003-02-18,3.2669265270233154,55.646812438964844,0.05870824192502638,1.1199541009975198
2003-02-19,3.292001485824585,55.354400634765625,0.059471359965498856,1.2892358452089308
2003-02-20,3.256181001663208,54.80202865600586,0.05941716176425445,1.2670836303238262
2003-02-21,3.26334547996521,55.354400634765625,0.05895367744106055,1.1493129356025131
2003-02-24,3.302748680114746,54.457618713378906,0.06064805546305207,1.5368171315938783
2003-02-25,3.3099136352539062,54.89302444458008,0.06029752721305401,1.4437338757552698
2003-02-26,3.313494920730591,54.093666076660156,0.0612547671669136,1.657000283195723
2003-02-27,3.302748680114746,54.80852127075195,0.060259766246918006,1.4123633460646263
2003-02-28,3.3278234004974365,55.17245101928711,0.0603167584368166,1.4166216834028214
2003-03-03,3.3457343578338623,54.64604949951172,0.06122554857078475,1.6229735295066074
2003-03-04,3.3636438846588135,53.77526092529297,0.0625500244309691,1.925550273001451
2003-03-05,3.313494920730591,54.23014831542969,0.06110060591126629,1.5721734634428286
2003-03-06,3.3242413997650146,53.77526092529297,0.06181729930391601,1.7340265570041449
2003-03-07,3.2740917205810547,54.145687103271484,0.06046819046430078,1.4011505094886065
2003-03-10,3.2597639560699463,52.845977783203125,0.061684239611250954,1.6846301009179108
2003-03-11,3.2024483680725098,52.32606887817383,0.06120177641336841,1.5612885095611972
2003-03-12,3.1451339721679688,52.677005767822266,0.059706012639184076,1.1935225705671555
2003-03-13,3.123641014099121,54.496620178222656,0.057318068604690395,0.601677553043944
2003-03-14,3.177373170852661,54.67206573486328,0.05811694012554045,0.7948000041258834
2003-03-17,3.241852283477783,56.394142150878906,0.05748562102078644,0.6316442523270908
2003-03-18,3.3063299655914307,56.72561264038086,0.058286368567798896,0.829719281719106
2003-03-19,3.2740917205810547,57.16096878051758,0.05727845049569869,0.566592891636279
2003-03-20,3.284837484359741,57.284461975097656,0.05734255627272375,0.5773399784267319
2003-03-21,3.3493173122406006,58.507198333740234,0.057246243327790644,0.5463052400473045
2003-03-24,3.2884199619293213,56.562828063964844,0.05813747428276689,0.7758550908977004
2003-03-25,3.352898597717285,57.1043701171875,0.05871527154290625,0.9244265214914715
2003-03-26,3.356480360031128,56.817291259765625,0.05907498026763505,1.0175866393341046
2003-03-27,3.360062837600708,56.862972259521484,0.05909052418620411,1.0183467032777955
2003-03-28,3.4496171474456787,56.57587432861328,0.06097328920467134,1.5273497412841857
2003-03-31,3.4352874755859375,55.29048156738281,0.06213162515865111,1.8384754647891604
2003-04-01,3.4424521923065186,56.13873291015625,0.06132044693306095,1.6102178557306424
2003-04-02,3.431706428527832,57.49587631225586,0.059686131399937066,1.1516604347766168
2003-04-03,3.4388718605041504,57.22183609008789,0.06009719532749912,1.2648188791092954
2003-04-04,3.496185302734375,57.561126708984375,0.06073865302203468,1.4429023540869705
2003-04-07,3.4926037788391113,57.45018768310547,0.06079360085130219,1.4554893956321362
2003-04-08,3.481856346130371,57.54155731201172,0.06051029045408784,1.3730859287666684
2003-04-09,3.481856346130371,56.784664154052734,0.06131684316533675,1.6062030174532378
2003-04-10,3.5212607383728027,57.09786605834961,0.06167061891199833,1.706589843816724
2003-04-11,3.489020347595215,56.862972259521484,0.06135838857792018,1.609642853907084
2003-04-14,3.4926037788391113,58.03741455078125,0.06017848668608717,1.254192401741096
2003-04-15,3.539170980453491,58.57897186279297,0.06041708940783633,1.3233972416311741
2003-04-16,3.5678279399871826,57.580692291259766,0.06196222723304678,1.7895839033125849
2003-04-17,3.5714099407196045,58.43540573120117,0.06111722672291938,1.5234054845985814
2003-04-21,3.5749921798706055,58.49414825439453,0.06111709096648013,1.5187818062811238
2003-04-22,3.686039686203003,59.59682083129883,0.061849602626239134,1.7383011102218489
2003-04-23,3.7039496898651123,60.14488983154297,0.061583780438194055,1.6477740722688576
2003-04-24,3.653799295425415,59.609893798828125,0.06129518210108345,1.5491090529681393
2003-04-25,3.66812801361084,58.872554779052734,0.06230624825739659,1.8560127345103121
2003-04-28,3.6394708156585693,59.890419006347656,0.0607688320776789,1.3619421152163764
2003-04-29,3.6430535316467285,60.09923553466797,0.060617302353958395,1.3071334919167124
2003-04-30,3.6645467281341553,59.96875,0.061107605680194355,1.456662819230562
2003-05-01,3.6896204948425293,59.96222686767578,0.061532412780211744,1.5880394994131766
2003-05-02,3.7254433631896973,60.81697463989258,0.06125663739850045,1.49602731941152
2003-05-05,3.7146971225738525,60.699527740478516,0.06119812230592765,1.4721462050615026
2003-05-06,3.7541000843048096,61.27364730834961,0.06126777577663877,1.4874844932940385
2003-05-07,3.66812801361084,60.93438720703125,0.06019799626683655,1.1280651419629322
2003-05-08,3.7146971225738525,60.32107162475586,0.061582081062521034,1.580884922664126
2003-05-09,3.7254433631896973,61.15623092651367,0.06091682411995355,1.3542529617948653
2003-05-12,3.750519037246704,61.90654373168945,0.06058356372634714,1.2358665988261053
2003-05-13,3.7684288024902344,61.795677185058594,0.06098207794058113,1.365894093438723
2003-05-14,3.73260760307312,61.6651496887207,0.06053026096449838,1.2101605291967767
2003-05-15,3.7254433631896973,62.05664825439453,0.06003294518772017,1.0362339460155392
2003-05-16,3.7612643241882324,61.90006637573242,0.06076349419978676,1.2866007416792271
2003-05-19,3.797086000442505,60.451568603515625,0.06281203429718252,1.9934685746960794
2003-05-20,3.7863399982452393,60.327579498291016,0.06276300209181275,1.9646691196626505
2003-05-21,3.8006691932678223,60.451568603515625,0.06287130807465582,1.9887142676684821
2003-05-22,3.832907199859619,61.05183029174805,0.06278120052328205,1.940745474766562
2003-05-23,3.8830583095550537,61.175819396972656,0.0634737441661012,2.1670646639699944
2003-05-27,3.886641025543213,62.24586868286133,0.06244014434669387,1.7909845420931247
2003-05-28,3.8149969577789307,62.42204284667969,0.061116182422117825,1.3142741941861371
2003-05-29,3.840071678161621,62.25893783569336,0.061679042586558375,1.5025725063006423
2003-05-30,3.8794751167297363,63.25719451904297,0.06132859900326212,1.3682139174497778
2003-06-02,3.9367902278900146,63.518157958984375,0.06197897348396219,1.5862409852267858
2003-06-03,3.8938045501708984,63.77915954589844,0.06105136188520541,1.2463010153704381
2003-06-04,3.976193904876709,64.69916534423828,0.061456649150278486,1.3780274248169133
2003-06-05,3.976193904876709,65.01888275146484,0.06115444831735635,1.2606754874345416
2003-06-06,3.911714553833008,64.76441192626953,0.060399136462263636,0.9857476132880278
2003-06-09,3.8938045501708984,64.10539245605469,0.06074067096368166,1.0976434444244034
2003-06-10,3.915297746658325,64.75788879394531,0.06046055267670176,0.990882255830534
2003-06-11,3.9869415760040283,65.4429931640625,0.06092235980113186,1.1447306167201012
2003-06-12,4.012015342712402,65.6452407836914,0.06111662162886191,1.2033519086678686
2003-06-13,4.004850387573242,64.96013641357422,0.06165089251161701,1.3798786757542958
2003-06-16,4.083657741546631,66.33036041259766,0.061565438754514146,1.3398664156319544
2003-06-17,4.101569652557373,66.33036041259766,0.06183547966638805,1.4252094416053116
2003-06-18,4.087240695953369,66.27163696289062,0.061674056704560574,1.3585840684400585
2003-06-19,4.040672779083252,65.2602767944336,0.06191626786706953,1.4350542960160677
2003-06-20,4.051419734954834,65.11619567871094,0.06221831132372808,1.528857380651773
2003-06-23,3.9260430335998535,64.44829559326172,0.06091771702354118,1.0598041626150951
2003-06-24,3.9332079887390137,64.51377868652344,0.06096694487313667,1.068811194898188
2003-06-25,3.9941041469573975,63.865501403808594,0.06253930618509496,1.609536048162163
2003-06-26,3.9439544677734375,64.69713592529297,0.06096026371750981,1.0447474018662577
2003-06-27,3.9547011852264404,63.95065689086914,0.06183988370870185,1.3442307231096415
2003-06-30,3.976193904876709,63.93095779418945,0.062195124898286706,1.4569274516909665
2003-07-01,3.9797747135162354,64.52031707763672,0.06168250395805414,1.265703516792941
2003-07-02,4.047836780548096,65.3322982788086,0.06195766699150496,1.3506868201776634
2003-07-03,4.0550007820129395,64.65782928466797,0.0627147682944946,1.6008733620269815
2003-07-07,4.047836780548096,65.94131469726562,0.06138544248217645,1.1272797845358304
2003-07-08,3.9511184692382812,66.2359619140625,0.0596521640972715,0.5151954102151639
2003-07-09,3.8293261528015137,65.86273956298828,0.05814100929007533,-0.01562865327650869
2003-07-10,3.832907199859619,65.02452850341797,0.05894555928472661,0.266161797851689
2003-07-11,3.886641025543213,65.64008331298828,0.05921139689921994,0.3569270707910612
2003-07-14,3.9332079887390137,65.96094512939453,0.05962934553201599,0.5003465594015148
2003-07-15,3.9045522212982178,65.8169174194336,0.059324446880663705,0.39098910974177137
2003-07-16,3.8651466369628906,65.43055725097656,0.05907250066871779,0.29930202440022363
2003-07-17,3.8758935928344727,64.50070190429688,0.060090719610855436,0.6506321963728104
2003-07-18,3.8830583095550537,65.16205596923828,0.05959078871587736,0.4724021562268205
2003-07-21,3.8758935928344727,64.3565902709961,0.060225278817812714,0.691740203819463
2003-07-22,3.8687281608581543,64.93940734863281,0.05957442974631033,0.4634669646332193
2003-07-23,3.9009690284729004,64.98526763916016,0.06002851369534369,0.6255525536649594
2003-07-24,3.9941041469573975,64.494140625,0.06192972118476689,1.2840731662978737
2003-07-25,4.012015342712402,65.633544921875,0.06112751257741737,0.9961065886424452
2003-07-28,4.044254302978516,65.3912582397461,0.06184701765717575,1.2377928563144573
2003-07-29,3.9941041469573975,65.09001922607422,0.06136277411571897,1.0608637563508947
2003-07-30,3.9332079887390137,64.93285369873047,0.06057346573720529,0.7780716744234014
2003-07-31,3.9260430335998535,65.08345031738281,0.06032321603194517,0.683771575671857
2003-08-01,3.9511184692382812,64.50721740722656,0.06125079685727769,1.0033767094868298
2003-08-04,3.929626703262329,64.50721740722656,0.060917628464037636,0.8786929776753087
2003-08-05,3.9260430335998535,63.13864517211914,0.062181299945497114,1.3165672845719454
2003-08-06,3.929626703262329,63.50531005859375,0.06187871060918565,1.2009514772370509
2003-08-07,3.972611665725708,64.17327117919922,0.061904459484891726,1.202054207455064
2003-08-08,3.9941041469573975,64.3565902709961,0.06206208455324956,1.2501767124858427
2003-08-11,4.022762298583984,64.59892272949219,0.06227290067094912,1.3162700224701533
2003-08-12,4.02992582321167,65.1882095336914,0.06181985748709469,1.1455811419200106
2003-08-13,4.062163829803467,64.85428619384766,0.06263524075589656,1.4273846878381207
2003-08-14,4.012015342712402,65.03108978271484,0.06169380454975536,1.0842102004903824
2003-08-15,4.02992582321167,65.2341079711914,0.061776361301535083,1.109477873832746
2003-08-18,4.069329261779785,65.79724884033203,0.061846495613436504,1.127653031657489
2003-08-19,4.072911262512207,66.04611206054688,0.06166769148770515,1.0557239991092244
2003-08-20,4.087240695953369,65.777587890625,0.06213728455275123,1.219592033570221
2003-08-21,4.047836780548096,65.98714447021484,0.06134280870988744,0.9222843213204678
2003-08-22,4.0012688636779785,65.3322982788086,0.06124488146127018,0.8809358434204944
2003-08-25,4.012015342712402,65.43711853027344,0.06131100257503404,0.9011373748849693
2003-08-26,3.9941041469573975,65.55492401123047,0.060927599371073206,0.7503752673547787
2003-08-27,3.9941041469573975,65.5745620727539,0.060909352967176575,0.7375351299106503
2003-08-28,4.012015342712402,65.9805908203125,0.0608059929872177,0.6917983511948973
2003-08-29,4.06574821472168,66.42587280273438,0.061207298348879446,0.840351970476956
2003-09-02,4.047836780548096,67.31645202636719,0.06013146353825359,0.4175609077360437
2003-09-03,4.044254302978516,67.68315887451172,0.059752741601153465,0.2657012972032765
2003-09-04,4.047836780548096,67.71588897705078,0.05977676497638428,0.2698334087938801
2003-09-05,4.047836780548096,67.33606719970703,0.060113947084894606,0.39608324816818224
2003-09-08,4.101569652557373,67.8927001953125,0.060412528014912516,0.5080954276574172
2003-09-09,4.119480609893799,67.44741821289062,0.061076920644925134,0.7623889937545504
2003-09-10,4.105151176452637,66.76641082763672,0.061485275688256485,0.9162779318934301
2003-09-11,4.133808135986328,66.96284484863281,0.061732863132243826,1.0063952162156888
2003-09-12,4.158883094787598,67.08724975585938,0.06199215364949973,1.1001642232286324
2003-09-15,4.173212051391602,66.85150909423828,0.06242509866918288,1.2606538476783542
2003-09-16,4.173212051391602,67.82721710205078,0.06152710120942619,0.8991635889290022
2003-09-17,4.173212051391602,67.69623565673828,0.06164614636111177,0.939188500349649
2003-09-18,4.252020359039307,68.49516296386719,0.06207767344509199,1.1012956087762593
2003-09-19,4.226945877075195,68.14677429199219,0.06202708669619152,1.073949486954431
2003-09-22,4.234109401702881,67.41053771972656,0.06281079405280934,1.3700215217021068
2003-09-23,4.162464618682861,67.66686248779297,0.06151407743241776,0.8557070024170482
2003-09-24,4.209033966064453,66.46395874023438,0.06332806600513984,1.5506724730197554
2003-09-25,4.191123962402344,65.91836547851562,0.06358052011724004,1.6339187641153314
2003-09-26,4.173212051391602,65.70148468017578,0.06351777393929717,1.596788148577305
2003-09-29,4.226945877075195,66.34562683105469,0.06371099466493653,1.6549906556144127
2003-09-30,4.21261739730835,65.70148468017578,0.06411753734051355,1.7931009148577255
2003-10-01,4.25918436050415,67.10159301757812,0.06347366983356717,1.5311844001190729
2003-10-02,4.262765407562256,67.34479522705078,0.06329762223183664,1.4503883459581228
2003-10-03,4.266349792480469,67.96269989013672,0.06277487208979517,1.2399243834157754
2003-10-06,4.334409713745117,68.27165985107422,0.06348768615264475,1.4986922630164083
2003-10-07,4.35231876373291,68.53460693359375,0.06350541658391748,1.4947276229973785
2003-10-08,4.345156192779541,68.36369323730469,0.06355941270897396,1.5032869801483093
2003-10-09,4.398888111114502,68.54774475097656,0.0641726161392324,1.7173418307244956
2003-10-10,4.441874027252197,68.73837280273438,0.06462000548077422,1.8641005170677618
2003-10-13,4.484860420227051,68.95527648925781,0.06504013396169507,1.9966294511087872
2003-10-14,4.477695941925049,69.19849395751953,0.06470799703637878,1.8533057542447886
2003-10-15,4.456202030181885,69.0144271850586,0.06456913738098284,1.7885072147548051
2003-10-16,4.445455074310303,69.29052734375,0.06415675049284038,1.6251218650884969
2003-10-17,4.459785461425781,68.53460693359375,0.0650734812814651,1.9477373578338144
2003-10-20,4.477695941925049,69.04730987548828,0.06484967987890612,1.8516801571675978
2003-10-21,4.542174816131592,68.92898559570312,0.06589644076257435,2.218591969086413
2003-10-22,4.563666343688965,68.06129455566406,0.06705230004046664,2.6140559584256686
2003-10-23,4.492025375366211,67.93644714355469,0.06612099343190898,2.2487012577431575
2003-10-24,4.477695941925049,68.08760070800781,0.06576374986581698,2.0945476286627223
2003-10-27,4.506353855133057,68.12044525146484,0.0661527363554065,2.2122155665716887
2003-10-28,4.524263858795166,69.04730987548828,0.06552411479829824,1.9653412910383832
2003-10-29,4.524263858795166,69.13936614990234,0.06543687208508718,1.913176367014155
2003-10-30,4.560085296630859,69.28395080566406,0.06581733927705037,2.03086508509374
2003-10-31,4.549339771270752,69.21821594238281,0.06572460311686766,1.9776138164573553
2003-11-03,4.542174816131592,69.67183685302734,0.06519384332744527,1.7722781506977592
2003-11-04,4.484860420227051,69.52056884765625,0.0645112733478194,1.5166337221864212
2003-11-05,4.509934425354004,69.57319641113281,0.06482287228407897,1.6187322707377791
2003-11-06,4.495607376098633,69.94129943847656,0.06427686377278659,1.4146838257173737
2003-11-07,4.520682334899902,69.42202758789062,0.06511884616415974,1.7081314550244708
2003-11-10,4.524263858795166,69.13936614990234,0.06543687208508718,1.807772637207839
2003-11-11,4.509934425354004,69.1196060180664,0.06524826579849431,1.727505386234743
2003-11-12,4.549339771270752,69.8952865600586,0.06508793360996756,1.6575813414267557
2003-11-13,4.5744147300720215,69.91497039794922,0.06542825812604793,1.7685269872961757
2003-11-14,4.527846336364746,69.32337951660156,0.06531485291019919,1.7189144408483032
2003-11-17,4.449037075042725,68.97502136230469,0.06450214856293111,1.41502750713134
2003-11-18,4.506353855133057,68.25851440429688,0.06601892664176386,1.9552406867548737
2003-11-19,4.545756816864014,68.83697509765625,0.06603655681289207,1.9461118207439805
2003-11-20,4.527846336364746,68.21907043457031,0.06637214942275496,2.0563293833225518
2003-11-21,4.495607376098633,68.50172424316406,0.0656276528184947,1.7745727782952454
2003-11-24,4.499188423156738,69.40887451171875,0.06482151532938502,1.4714055266258341
2003-11-25,4.538591384887695,69.67183685302734,0.06514241033233914,1.5855196435730314
2003-11-26,4.549339771270752,69.92155456542969,0.06506348149072785,1.548119543108893
2003-11-28,4.545756816864014,69.9741439819336,0.06496337873083047,1.505690905998068
2003-12-01,4.563666343688965,70.7301025390625,0.06452226392812825,1.3325847907295703
2003-12-02,4.5923237800598145,70.5526351928711,0.06509074774465462,1.5455066384159917
2003-12-03,4.674712657928467,70.44087982177734,0.06636363244973614,2.021154018840213
2003-12-04,4.692625522613525,70.7301025390625,0.06634552127252896,2.00919041767928
2003-12-05,4.67829704284668,70.237060546875,0.06660724418733989,2.0946228579132633
2003-12-08,4.735611438751221,70.71041870117188,0.06697190492909269,2.21969593791712
2003-12-09,4.735611438751221,70.16478729248047,0.06749270711832878,2.3950015979350177
2003-12-10,4.692625522613525,70.15821075439453,0.06688633407486937,2.1421462066756796
2003-12-11,4.692625522613525,70.94705963134766,0.06614263574836171,1.850222832428856
2003-12-12,4.72128438949585,71.08502197265625,0.0664174288545898,1.9429933896936364
2003-12-15,4.739192485809326,70.7301025390625,0.0670038967240573,2.1566603366356993
2003-12-16,4.8525543212890625,71.0982437133789,0.06825139508159093,2.624658067552004
2003-12-17,4.830613136291504,71.32170104980469,0.06772992041956818,2.4043069973961604
2003-12-18,4.819643497467041,72.12369537353516,0.06682468878647538,2.0347914075072957
2003-12-19,4.819643497467041,71.92290496826172,0.06701124627257288,2.088356777322293
2003-12-22,4.846103191375732,72.42485046386719,0.06691216012649494,2.0326244261933577
2003-12-23,4.853664398193359,72.4710464477539,0.06697384177683265,2.0382388337334976
2003-12-24,4.914144039154053,72.3984146118164,0.06787640400004004,2.361173548789929
2003-12-26,4.933044910430908,72.45125579833984,0.06808777647914757,2.4119173560020757
2003-12-29,4.967067241668701,73.4155044555664,0.06765692449440215,2.217400822572194
2003-12-30,5.0048675537109375,73.4287338256836,0.06815952411207662,2.380286894378461
2003-12-31,5.050229549407959,73.49478912353516,0.06871547778603979,2.559872707557007
2004-01-02,5.080468654632568,73.46176147460938,0.06915800210410872,2.695674322986728
2004-01-05,5.133390426635742,74.26089477539062,0.06912642841379957,2.6519488697135754
2004-01-06,5.171192646026611,74.33356475830078,0.0695673974851199,2.7757903652603804
2004-01-07,5.114489555358887,74.58452606201172,0.0685730650229855,2.379970796591211
2004-01-08,5.19009256362915,74.88172149658203,0.0693105401411752,2.616149731654916
2004-01-09,5.14851188659668,74.22785186767578,0.06936091719015133,2.59839771680258
2004-01-12,5.205214500427246,74.77604675292969,0.0696107206312469,2.649362651815601
2004-01-13,5.167413711547852,74.34016418457031,0.06951038874111573,2.581818696162778
2004-01-14,5.208993911743164,74.96099853515625,0.06948938799554781,2.538221810114165
2004-01-15,5.140952110290527,75.14588165283203,0.06841295886368484,2.128999119036538
2004-01-16,5.065349102020264,75.44307708740234,0.06714133751665449,1.6612948247041217
2004-01-20,5.118269920349121,75.42329406738281,0.06786059908463403,1.8959157942580076
2004-01-21,5.174973964691162,76.01768493652344,0.06807592166233933,1.949007330358861
2004-01-22,5.227894306182861,75.81954193115234,0.06895180547160297,2.226597356157638
2004-01-23,5.193872928619385,75.57520294189453,0.06872456475720823,2.1197355977393513
2004-01-26,5.208993911743164,76.52621459960938,0.0680680984809845,1.8707123628175535
2004-01-27,5.19009256362915,75.74028778076172,0.0685248593014648,2.0028761040963037
2004-01-28,5.04266881942749,74.87511444091797,0.06734772770740179,1.5852118748567054
2004-01-29,4.993527889251709,74.9477767944336,0.06662676469974464,1.3286340725397812
2004-01-30,5.012428283691406,74.9477767944336,0.06687894555484242,1.4017045272485948
2004-02-02,5.001087188720703,75.27140808105469,0.06644072850789998,1.2430027318896184
2004-02-03,5.016209602355957,75.14588165283203,0.06675295428072085,1.337416986437217
2004-02-04,4.959507942199707,74.53168487548828,0.06654227595263679,1.2558493883015496
2004-02-05,4.997306823730469,74.74962615966797,0.06685393734352646,1.3492690403765817
2004-02-06,5.095590591430664,75.58837890625,0.0674123544539905,1.5231274950114102
2004-02-09,5.156072616577148,75.60820770263672,0.06819461501925456,1.7664524563337862
2004-02-10,5.208993911743164,75.85257720947266,0.06867260287489153,1.9043157035207945
2004-02-11,5.250575542449951,76.6583023071289,0.06849324058095752,1.8243427037680053
2004-02-12,5.292156219482422,76.38094329833984,0.06928634278332417,2.0594466936608904
2004-02-13,5.311056613922119,76.03751373291016,0.06984784684804095,2.212738202929949
2004-02-17,5.397999286651611,76.72435760498047,0.07035574431842759,2.345281468993383
2004-02-18,5.382879257202148,76.38754272460938,0.07046802482714207,2.349568079793637
2004-02-19,5.386659622192383,76.103515625,0.07078069361125369,2.4134544418799684
2004-02-20,5.227894306182861,75.87237548828125,0.06890379103775823,1.7991253939484215
2004-02-23,5.220333576202393,75.68087005615234,0.0689782447311864,1.8048299125469343
2004-02-24,5.269476413726807,75.54878997802734,0.06974931584290608,2.0226036393247204
2004-02-25,5.231675624847412,75.86579132080078,0.0689596132033358,1.7566824760680166
2004-02-26,5.220333576202393,75.91202545166016,0.0687682029973846,1.6795578288372275
2004-02-27,5.273255825042725,75.96485137939453,0.06941704919168835,1.860065723674145
2004-03-01,5.337517738342285,76.71776580810547,0.06957342516586112,1.886847871225732
2004-03-02,5.299716472625732,76.26866912841797,0.06948746494713699,1.839505545961589
2004-03-03,5.193872928619385,76.40735626220703,0.06797608479994488,1.366666779410176
2004-03-04,5.1976542472839355,76.60550689697266,0.06784961627202991,1.3168525298392715
2004-03-05,5.288376331329346,76.86307525634766,0.06880255979469949,1.5903157464769804
2004-03-08,5.273255825042725,75.92520904541016,0.06945329346263426,1.7679933483612245
2004-03-09,5.280817031860352,75.62140655517578,0.06983230374070469,1.8604192886281816
2004-03-10,5.159852504730225,74.35333251953125,0.06939638520405023,1.7121185212342973
2004-03-11,5.046448707580566,73.38909149169922,0.06876292654680638,1.5103128103757393
2004-03-12,5.110710620880127,74.35333251953125,0.06873546144737544,1.4927258641500587
2004-03-15,5.035107135772705,73.44189453125,0.06855905839452758,1.4300221056222933
2004-03-16,5.106931209564209,73.83162689208984,0.06916996718802297,1.6012786571677113
2004-03-17,5.235454082489014,74.6572036743164,0.07012657620191735,1.86990757738876
2004-03-18,5.273255825042725,74.67697143554688,0.07061421645351582,1.9988725701294392
2004-03-19,5.205214500427246,73.6065673828125,0.07071671299866497,2.012683174526629
2004-03-22,5.2241129875183105,72.67210388183594,0.07188608432215837,2.3367255195837324
2004-03-23,5.205214500427246,72.54621124267578,0.0717503286700277,2.2706219002827357
2004-03-24,5.14851188659668,72.6058578491211,0.07091042016603627,2.0018522943507104
2004-03-25,5.1976542472839355,73.56684112548828,0.07065213305024094,1.9066627168456696
2004-03-26,5.246795177459717,73.58674621582031,0.07130081770529101,2.0743641841972056
2004-03-29,5.250575542449951,74.62061309814453,0.07036360764744921,1.780927048226985
2004-03-30,5.284596920013428,74.87249755859375,0.07058128274508013,1.8237347123915157
2004-03-31,5.318617343902588,74.9586410522461,0.07095402570326105,1.9093979125338394
2004-04-01,5.4282402992248535,75.40931701660156,0.07198368204329197,2.1787405795107553
2004-04-02,5.337517738342285,75.97927856445312,0.07024965015710798,1.6665269469439166
2004-04-05,5.345077037811279,76.39683532714844,0.06996463943725492,1.5703728794378817
2004-04-06,5.397999286651611,76.15160369873047,0.07088490621953378,1.812923475726786
2004-04-07,5.416898250579834,75.97269439697266,0.07130059416183725,1.909443606460641
2004-04-08,5.382879257202148,75.80033874511719,0.07101392086521376,1.808759779757095
2004-04-12,5.447141647338867,76.09858703613281,0.071580062909085,1.9443786401734309
2004-04-13,5.280817031860352,75.03155517578125,0.07038128184186829,1.5944450113464284
2004-04-14,5.129611492156982,75.15087127685547,0.06825751192237701,0.9962274687511258
2004-04-15,5.186313629150391,74.86589050292969,0.0692747203607688,1.2690190597139097
2004-04-16,5.216553211212158,75.44245910644531,0.06914611841922966,1.2230744451061872
2004-04-19,5.246795177459717,75.44245910644531,0.06954697977244839,1.3231335505357211
2004-04-20,5.163632869720459,74.17658233642578,0.06961270938988465,1.3300291748862723
2004-04-21,5.114489555358887,74.67362976074219,0.06849124077329509,1.0115282092743474
2004-04-22,5.178752899169922,75.72085571289062,0.06839268851907992,0.9765039172845054
2004-04-23,5.152292728424072,75.79375457763672,0.06797780050790991,0.8548340027031764
2004-04-26,5.133390426635742,75.68769836425781,0.06782331260663484,0.8058020580239603
2004-04-27,5.118269920349121,75.75396728515625,0.06756438116412723,0.7278539018283372
2004-04-28,4.989748001098633,74.7730712890625,0.0667318850901409,0.4916392352159591
2004-04-29,4.936827182769775,74.11692810058594,0.06660863191833698,0.45219685961579703
2004-04-30,4.917924880981445,73.54035186767578,0.06687382853199388,0.5207728518695418
2004-05-03,4.936827182769775,74.32902526855469,0.0664185648195003,0.38894803703782693
2004-05-04,5.023767471313477,74.26935577392578,0.06764253464922612,0.7243803636661255
2004-05-05,5.0577898025512695,74.74656677246094,0.0676658476896724,0.7246616576035161
2004-05-06,4.963287353515625,74.10368347167969,0.06697760652360084,0.5262157800249232
2004-05-07,4.766720771789551,72.8775863647461,0.06540722613853484,0.08126763621203142
2004-05-10,4.573935031890869,72.12861633300781,0.06341359732694228,-0.4833963724430457
2004-05-11,4.683558464050293,72.73838806152344,0.0643890879199695,-0.21331753406150544
2004-05-12,4.732701301574707,73.20232391357422,0.06465233681873728,-0.1433732794311856
2004-05-13,4.683558464050293,72.89745330810547,0.0642485882772194,-0.2629354151774896
2004-05-14,4.694897651672363,72.93061828613281,0.06437485053606164,-0.23288334465584218
2004-05-17,4.630636215209961,72.3075942993164,0.06404080041774725,-0.33304620082947006
2004-05-18,4.710019111633301,72.67210388183594,0.06481192727393363,-0.11442033456779564
2004-05-19,4.785621166229248,72.42027282714844,0.06608123636390452,0.24613176329547962
2004-05-20,4.72891902923584,72.65221405029297,0.06508981303669947,-0.04108109700471097
2004-05-21,4.819642543792725,72.7781753540039,0.06622373424930296,0.2810848329192313
2004-05-24,4.8007402420043945,73.08303833007812,0.0656888431529344,0.12477663089294723
2004-05-25,4.883903980255127,74.13020324707031,0.06588278146192919,0.1768730411983813
2004-05-26,4.914144039154053,74.38866424560547,0.06606038821895309,0.22300836552689954
2004-05-27,5.019988059997559,74.80622100830078,0.06710655868367581,0.519888995017223
2004-05-28,4.989748001098633,74.79957580566406,0.06670823928283284,0.39937760471793143
2004-06-01,4.985967636108398,74.70015716552734,0.06674641426871489,0.4055977860282467
2004-06-02,4.940606117248535,74.9785385131836,0.06589360389279687,0.15272717033451969
2004-06-03,4.857442855834961,74.28925323486328,0.06538553888108552,0.00012540490197273922
2004-06-04,4.914144039154053,74.87913513183594,0.0656276816031858,0.06588873257234797
2004-06-07,5.054009437561035,76.01908111572266,0.06648343236176975,0.31088948245763004
2004-06-08,5.0048675537109375,76.1251220703125,0.06574528115814675,0.08815385233688247
2004-06-09,4.891463279724121,75.41594696044922,0.06485980057095056,-0.1793469351425293
2004-06-10,4.917924880981445,75.78712463378906,0.06489129789189586,-0.1753020256729306
2004-06-14,4.857442855834961,75.0381851196289,0.06473294694016159,-0.2274680374402285
2004-06-15,4.92170524597168,75.568359375,0.06512917954918457,-0.11352522166988425
2004-06-16,4.895244598388672,75.55512237548828,0.06479037349791647,-0.2194233421378965
2004-06-17,4.906585216522217,75.44245910644531,0.06503745072253392,-0.1493984722901047
2004-06-18,4.985967636108398,75.58477020263672,0.06596524171127885,0.12511021961034766
2004-06-21,4.989748001098633,75.29876708984375,0.06626599868687155,0.21117220318914517
2004-06-22,4.944387435913086,75.67793273925781,0.06533459962428641,-0.07451364265720772
2004-06-23,4.993527889251709,76.3298110961914,0.06542041461309038,-0.05413074300844156
2004-06-24,5.065349102020264,76.0903549194336,0.06657018629212053,0.29018048774039845
2004-06-25,5.046448707580566,75.72451782226562,0.06664220324816299,0.30769823762632376
2004-06-28,5.027548789978027,75.465087890625,0.06662085648485143,0.2954524372762715
2004-06-29,4.978407859802246,75.77772521972656,0.0656975099921086,0.007077291298101162
2004-06-30,5.072910785675049,76.1834945678711,0.06658805577835032,0.2766711068098801
2004-07-01,5.027548789978027,75.1258316040039,0.06692170565883065,0.3743125675943428
2004-07-02,5.114489555358887,75.0859375,0.06811514546727057,0.7374544312545236
2004-07-06,5.186313629150391,74.42740631103516,0.0696828478407077,1.2136080792519361
2004-07-07,5.273255825042725,74.64693450927734,0.07064263066807316,1.4983006047648515
2004-07-08,5.23923397064209,74.12804412841797,0.0706781627957935,1.49991653315259
2004-07-09,5.280817031860352,74.32096862792969,0.0710542008446837,1.6109174177854726
2004-07-12,5.292156219482422,74.35421752929688,0.07117492988742997,1.6401911146020571
2004-07-13,5.288376331329346,74.40744018554688,0.07107321953479291,1.5996862922074235
2004-07-14,5.201433181762695,74.1812744140625,0.070117873046094,1.2919179706727917
2004-07-15,5.167413711547852,73.7023696899414,0.07011190730076457,1.2838932714621436
2004-07-16,5.23923397064209,73.64246368408203,0.07114419736305701,1.6048624090852202
2004-07-19,5.246795177459717,73.3298568725586,0.07155059891332156,1.7228832844474666
2004-07-20,5.2241129875183105,74.26112365722656,0.07034788500685361,1.331270997248519
2004-07-21,5.088029861450195,72.89080047607422,0.06980345706479513,1.149310745362331
2004-07-22,5.07668924331665,73.09034729003906,0.06945772501492156,1.0322692027886937
2004-07-23,4.974628448486328,72.4784164428711,0.06863599803408271,0.7588467845887872
2004-07-26,4.985967636108398,72.3387680053711,0.06892524953892212,0.8469946324573286
2004-07-27,4.95572566986084,73.01720428466797,0.0678706575855772,0.493778205000613
2004-07-28,4.978407859802246,73.23672485351562,0.06797693192533943,0.5229704043168101
2004-07-29,4.982187747955322,73.54934692382812,0.06773938799368481,0.4379352513159458
2004-07-30,5.0048675537109375,73.72895050048828,0.06788198556654881,0.4793374200228367
2004-08-02,5.065349102020264,73.8819351196289,0.06856004913540097,0.7017781179135699
2004-08-03,5.091811180114746,73.30988311767578,0.06945599915827798,0.9988001666299451
2004-08-04,5.069129467010498,73.30323791503906,0.06915287252229964,0.8895681258284011
2004-08-05,5.065349102020264,72.10589599609375,0.07024875056395767,1.2555635180465226
2004-08-06,5.054009437561035,71.07485961914062,0.07110825775306884,1.5384746943394718
2004-08-09,5.099370956420898,71.17465209960938,0.0716458852413398,1.708624257553793
2004-08-10,5.07668924331665,72.09261322021484,0.07041899324427792,1.2787993921762362
2004-08-11,5.080468654632568,71.94628143310547,0.0706147496914946,1.3360688405243681
2004-08-12,5.038889408111572,71.16132354736328,0.07080938291932988,1.3932711468412728
2004-08-13,5.072910785675049,71.30101013183594,0.07114781089770272,1.4975402224431795
2004-08-16,5.1031494140625,72.03938293457031,0.07083832767831215,1.3817824016163738
2004-08-17,5.07668924331665,72.44513702392578,0.07007632881748874,1.1114971911532132
2004-08-18,5.099370956420898,73.19015502929688,0.06967290825357181,0.9650692991328504
2004-08-19,5.152292728424072,72.97731018066406,0.07060129669987775,1.2799825942983312
2004-08-20,5.182531356811523,73.48951721191406,0.07052068857476908,1.2433864488497492
2004-08-23,5.167413711547852,73.30323791503906,0.07049366247009524,1.227082512799355
2004-08-24,5.07668924331665,73.40299987792969,0.06916187692273153,0.7531600929465054
2004-08-25,5.0615715980529785,73.90189361572266,0.0684904181802471,0.5092509780706216
2004-08-26,5.072910785675049,73.90189361572266,0.06864385386460226,0.5581109700877269
2004-08-27,5.125830173492432,74.13472747802734,0.06914209234817335,0.7322850597575528
2004-08-30,5.054009437561035,73.52274322509766,0.06874076259760399,0.5807970345271906
2004-08-31,5.118269920349121,73.90856170654297,0.06925138038366144,0.7629021588495141
2004-09-01,5.171192646026611,74.04826354980469,0.06983543432518818,0.9763889398280047
2004-09-02,5.171192646026611,74.88638305664062,0.0690538444367831,0.6799508462242341
2004-09-03,5.072910785675049,74.5804214477539,0.06801933653899761,0.27869971272142846
2004-09-07,5.125830173492432,75.07261657714844,0.06827829383334293,0.371935094909722
2004-09-08,5.122051239013672,74.88638305664062,0.06839763158463118,0.41232038820814715
2004-09-09,5.095590591430664,74.81983184814453,0.06810481212752191,0.2881886195050989
2004-09-10,5.167413711547852,75.20567321777344,0.06871042423334935,0.5265615025674235
2004-09-13,5.182531356811523,75.45175170898438,0.06868669367412998,0.510893337127553
2004-09-14,5.246795177459717,75.60475158691406,0.06939769085052917,0.7987580858149612
2004-09-15,5.193872928619385,75.0327377319336,0.0692214236827573,0.7199219746547544
2004-09-16,5.201433181762695,75.25888061523438,0.06911387917600502,0.6701170923010642
2004-09-17,5.227894306182861,75.57880401611328,0.06917143469309574,0.6898496049773675
2004-09-20,5.235454082489014,75.1246337890625,0.0696902443103989,0.9079951199682543
2004-09-21,5.273255825042725,75.45191955566406,0.06988895519288175,0.990159763909342
2004-09-22,5.269476413726807,74.51007080078125,0.07072166697862747,1.3476046301723976
2004-09-23,5.326177597045898,74.10933685302734,0.07186918441341208,1.8484554712341108
2004-09-24,5.34885835647583,74.44999694824219,0.07184497751147484,1.8243031086120913
2004-09-27,5.311056613922119,73.97576904296875,0.07179454411399491,1.7881710653746965
2004-09-28,5.394218921661377,74.32978057861328,0.07257143610098914,2.1128764983144683
2004-09-29,5.4282402992248535,74.70378875732422,0.07266352067976807,2.132399727627757
2004-09-30,5.48872184753418,74.65036010742188,0.07352572498827746,2.4791583586293906
2004-10-01,5.518962860107422,75.91281127929688,0.07270133679810863,2.098693150613567
2004-10-04,5.537863731384277,76.03971862792969,0.0728285668504591,2.1357334607745284
2004-10-05,5.530303955078125,76.07982635498047,0.07269080674914147,2.061894784788269
2004-10-06,5.5492048263549805,76.60081481933594,0.07244315663538117,1.9383014067853357
2004-10-07,5.552985668182373,75.7791976928711,0.07327849643761494,2.281467055110867
2004-10-08,5.609687328338623,75.15133666992188,0.0746452102771954,2.835419824195787
2004-10-11,5.628586769104004,75.45858001708984,0.07459173983699724,2.7673090240457
2004-10-12,5.6248064041137695,75.1646957397461,0.07483308950773078,2.820692235571005
2004-10-13,5.541645050048828,74.50345611572266,0.07438104671870867,2.587162039820435
2004-10-14,5.552985668182373,73.90225982666016,0.07513959222907471,2.8534942348019334
2004-10-15,5.605905055999756,74.31636810302734,0.0754329792896781,2.9202589529784895
2004-10-18,5.556764602661133,74.59693145751953,0.0744905252011006,2.5000557181982916
2004-10-19,5.537863731384277,73.96903991699219,0.07486731932168986,2.6106959528835363
2004-10-20,5.568102836608887,73.82210540771484,0.07542595548930235,2.7860863483724834
2004-10-21,5.655048370361328,74.30304718017578,0.07610789308073099,2.992616838834225
2004-10-22,5.6437087059021,73.46807861328125,0.07681851509428006,3.190835319801393
2004-10-25,5.673946857452393,73.38125610351562,0.07732147361239514,3.29836853485852
2004-10-26,5.71174955368042,74.50345611572266,0.07666422272825348,2.986809849883686
2004-10-27,5.7722296714782715,75.39849853515625,0.07655629466927434,2.887017550810143
2004-10-28,5.802471160888672,75.62557220458984,0.07672631084616785,2.890819584712214
2004-10-29,5.847833633422852,75.6122055053711,0.07733981034328449,3.0446935103017636
2004-11-01,5.8894147872924805,75.81932067871094,0.07767696590489435,3.0930289609677746
2004-11-02,5.859174728393555,75.84599304199219,0.07725094620555127,2.8863723749954
2004-11-03,6.002817153930664,76.80117797851562,0.07816048284584767,3.1270622918475994
2004-11-04,6.040618896484375,77.84986877441406,0.07759318020160452,2.8821316088219895
2004-11-05,6.067078590393066,78.33747100830078,0.07744797620222113,2.78357031501681
2004-11-08,6.010377883911133,78.22395324707031,0.07683551692826567,2.5446870949358944
2004-11-09,5.98769474029541,78.07026672363281,0.07669622497245629,2.4620225922488235
2004-11-10,6.040618896484375,78.13041687011719,0.07731456119741698,2.6171691040694
2004-11-11,6.116220474243164,78.72489929199219,0.07769105491717408,2.690169772232851
2004-11-12,6.165359973907471,79.3460693359375,0.07770214738431977,2.64882618147066
2004-11-15,6.188041687011719,79.5410385131836,0.0777968430219336,2.6332578704129244
2004-11-16,6.161581993103027,78.97159576416016,0.07802276164589485,2.657134629754752
2004-11-17,6.271204948425293,79.4405288696289,0.07894213492356106,2.8837653831784555
2004-11-18,6.248526096343994,79.5477294921875,0.07855065300082098,2.7154706929866945
2004-11-19,6.244743824005127,78.66342163085938,0.07938561143843426,2.9039043755424547
2004-11-22,6.214502811431885,79.03858947753906,0.07862618567096143,2.634176195775729
2004-11-23,6.305226802825928,79.15919494628906,0.07965248771294525,2.8739108267865134
2004-11-24,6.358148574829102,79.34675598144531,0.08013117229790605,2.9514768278581007
2004-11-26,6.422410488128662,79.28644561767578,0.08100262835715866,3.1262697725390733
2004-11-29,6.411068916320801,78.92469024658203,0.08123020687557837,3.119468512778542
2004-11-30,6.286324501037598,78.97827911376953,0.07959561250989075,2.6307110401926104
2004-12-01,6.297667503356934,79.8759994506836,0.07884305106248078,2.394694727003388
2004-12-02,6.331688404083252,79.94298553466797,0.07920255118990346,2.453893957943591
2004-12-03,6.380828857421875,79.889404296875,0.07987077777811732,2.586139767558617
2004-12-06,6.312785625457764,79.86259460449219,0.07904558644407823,2.335295366375081
2004-12-07,6.2560858726501465,79.11897277832031,0.07907187938572934,2.308008477828995
2004-12-08,6.048178195953369,79.58122253417969,0.07600006638947662,1.5042205093072043
2004-12-09,6.040618896484375,79.86259460449219,0.0756376489694538,1.398850801251215
2004-12-10,6.021719932556152,79.94298553466797,0.07532518196915201,1.3078144455755696
2004-12-13,6.123781681060791,80.63972473144531,0.07594001221426334,1.4516099924149664
2004-12-14,6.161581993103027,80.92108154296875,0.07614309986491287,1.4896284859613584
2004-12-15,6.233405590057373,80.98139190673828,0.07697330761165523,1.6829783683779576
2004-12-16,6.180483818054199,80.93448638916016,0.07636403335330208,1.5147279591349827
2004-12-17,6.267426013946533,80.39466857910156,0.07795822937910261,1.893603246711037
2004-12-20,6.267426013946533,80.41484832763672,0.07793866610816655,1.867503592617221
2004-12-21,6.331688404083252,81.03411102294922,0.0781360876815208,1.894631455578122
2004-12-22,6.384607791900635,81.22931671142578,0.07859979685145586,1.9850920336764406
2004-12-23,6.386565685272217,81.28990936279297,0.07856529470059169,1.9532286135801737
2004-12-27,6.507877349853516,81.12161254882812,0.08022371776616671,2.3227524387754386
2004-12-28,6.554839611053467,81.56584930419922,0.08036254960832005,2.3208757592174467
2004-12-29,6.445265293121338,81.68701934814453,0.07890195216515435,1.9477751088160404
2004-12-30,6.496139049530029,81.53221893310547,0.07967572984687071,2.103541589102006
2004-12-31,6.53527307510376,81.3572006225586,0.08032814581985101,2.225169950565803
2005-01-03,6.445265293121338,80.9735336303711,0.07959718446452835,2.0284897831311572
2005-01-04,6.3317790031433105,79.98409271240234,0.0791629783925961,1.905289568246395
2005-01-05,6.355257511138916,79.4321060180664,0.08000867444825707,2.0726581969023807
2005-01-06,6.366999626159668,79.83599853515625,0.07975098630921391,1.988983452403233
2005-01-07,6.35917329788208,79.72156524658203,0.07976729104870055,1.9684047807669283
2005-01-10,6.390478610992432,80.09851837158203,0.07978273182715567,1.9481608638591392
2005-01-11,6.398305416107178,79.54656982421875,0.08043471177004982,2.066573754610705
2005-01-12,6.507877349853516,79.80908966064453,0.08154305953777444,2.2777500131385056
2005-01-13,6.402218818664551,79.16966247558594,0.08086707229096556,2.1015897675918565
2005-01-14,6.453092575073242,79.5869369506836,0.08108230850839165,2.119642148938178
2005-01-18,6.3826494216918945,80.41484832763672,0.07937152844816504,1.7331166692513638
2005-01-19,6.351346969604492,79.573486328125,0.07981737715266635,1.8085112946021098
2005-01-20,6.3278656005859375,79.08887481689453,0.08000955400157259,1.8287947040659893
2005-01-21,6.4257001876831055,78.60423278808594,0.08174750849622249,2.1668362380476087
2005-01-24,6.460920333862305,78.44945526123047,0.08235774630107949,2.2616140500102664
2005-01-25,6.457005977630615,78.6715316772461,0.08207550863660322,2.1727560739690834
2005-01-26,6.5626654624938965,78.90713500976562,0.08316948095608458,2.3614402641122982
2005-01-27,6.6526713371276855,79.04177856445312,0.08416651874429787,2.5224115274347145
2005-01-28,6.570493221282959,79.04177856445312,0.08312683925659864,2.280114632518419
2005-01-31,6.58614444732666,79.5331039428711,0.0828101019678235,2.1870355212640673
2005-02-01,6.6487579345703125,80.03790283203125,0.08307011677359283,2.2087251762053413
2005-02-02,6.734851837158203,80.28023529052734,0.08389177999772107,2.336072047695158
2005-02-03,6.6487579345703125,80.07157135009766,0.08303518742625754,2.140925762403282
2005-02-04,6.7191972732543945,80.92640686035156,0.083028488894227,2.112312958254592
2005-02-07,6.703544616699219,80.81869506835938,0.08294546962220954,2.0698375271393226
2005-02-08,6.680066108703613,80.91295623779297,0.08255867069140005,1.9717199946487793
2005-02-09,6.656586647033691,80.30715942382812,0.08288908105817773,2.0091256078090987
2005-02-10,6.836598873138428,80.59658813476562,0.08482491667894111,2.338217376882354
2005-02-11,6.867904186248779,81.28990936279297,0.08448655239111723,2.2423437652152503
2005-02-14,6.824860095977783,81.22931671142578,0.0840196664490444,2.127047091365136
2005-02-15,6.848339557647705,81.53221893310547,0.08399550076352692,2.0946732719287
2005-02-16,6.844426155090332,81.5860366821289,0.08389212705303009,2.0493233885393094
2005-02-17,6.844426155090332,80.92640686035156,0.08457593041170391,2.1431541605649196
2005-02-18,6.867904186248779,81.03411102294922,0.08475324896578132,2.145425308284838
2005-02-22,6.903124809265137,79.82926940917969,0.08647360623935932,2.4113019015974917
2005-02-23,6.840511322021484,80.40138244628906,0.0850795236834539,2.1377966187128563
2005-02-24,6.773986339569092,80.93314361572266,0.08369854471157757,1.8761369172637052
2005-02-25,6.852252960205078,81.73413848876953,0.08383587429806451,1.8779865943896439
2005-02-28,6.942259788513184,81.19564819335938,0.08550039248385433,2.134352744614775
2005-03-01,6.903124809265137,81.59953308105469,0.08459760183196274,1.9568144474058984
2005-03-02,6.899209022521973,81.55914306640625,0.08459148494123546,1.9324420666474014
2005-03-03,6.950085163116455,81.59275817871094,0.0851801718467934,2.006337039406745
2005-03-04,7.059659481048584,82.60917663574219,0.08545853824663481,2.0273783100662284
2005-03-07,7.07531213760376,82.64954376220703,0.08560618504997812,2.026109390762759
2005-03-08,7.13009786605835,82.33991241455078,0.0865934594411634,2.1584736141102043
2005-03-09,7.079226970672607,81.42448425292969,0.08694223900371705,2.1845202375910033
2005-03-10,7.044003486633301,81.6062240600586,0.086316988290614,2.056853651767587
2005-03-11,7.004873275756836,81.03411102294922,0.08644351356890957,2.0507751222572868
2005-03-14,7.040091037750244,81.5389175415039,0.08634025628518782,2.009197628887455
2005-03-15,7.016610622406006,80.86580657958984,0.08676857276505501,2.050606105325477
2005-03-16,7.059659481048584,80.17930603027344,0.08804839840323707,2.219588219311806
2005-03-17,7.071397304534912,80.34083557128906,0.08801747273664125,2.184022263104617
2005-03-18,7.098792552947998,80.10228729248047,0.08862159612281623,2.244221577493885
2005-03-21,7.0283522605896,79.80499267578125,0.08806907970210895,2.1308475419416966
2005-03-22,6.907038688659668,78.99403381347656,0.0874374728725565,2.009978791819327
2005-03-23,6.6957173347473145,79.06163787841797,0.08468983838968877,1.5824948407584856
2005-03-24,6.625276565551758,79.15624237060547,0.08369872504220896,1.4218141749398072
2005-03-28,6.672237873077393,79.2711410522461,0.0841698225168709,1.4782092505273647
2005-03-29,6.574405670166016,78.7440414428711,0.0834908337151549,1.3658074244921221
2005-03-30,6.6526713371276855,79.8590087890625,0.08330520799099671,1.326985699093901
2005-03-31,6.637017250061035,79.7103271484375,0.08326420788239276,1.3098053082165237
2005-04-01,6.683978080749512,79.35218048095703,0.08423181367213388,1.4388722257293936
2005-04-04,6.640933036804199,79.48735046386719,0.08354704236648307,1.3276025697308347
2005-04-05,6.691805839538574,79.86577606201172,0.08378815269187051,1.3509833332790349
2005-04-06,6.617450714111328,80.14285278320312,0.08257069076405847,1.164536571971956
2005-04-07,6.6644134521484375,80.57528686523438,0.08271039063497168,1.1754052634266603
2005-04-08,6.72311544418335,79.73735809326172,0.08431575368122829,1.3955670875992008
2005-04-11,6.746592044830322,79.79818725585938,0.08454568050773531,1.4160663195454253
2005-04-12,6.801379680633545,80.21040344238281,0.08479423352507072,1.438855997269713
2005-04-13,6.711369514465332,79.26435852050781,0.0846707100105897,1.408521654026411
2005-04-14,6.523531913757324,78.23048400878906,0.08338861757552742,1.2153769966902066
2005-04-15,6.390478610992432,77.1357650756836,0.08284715403707037,1.1290130617692127
2005-04-18,6.398305416107178,77.37229919433594,0.08269504050844553,1.0985152817099715
2005-04-19,6.5626654624938965,77.98722839355469,0.08415051538151948,1.2945809088939744
2005-04-20,6.4883131980896,76.89929962158203,0.08437415204063359,1.3150119224033348
2005-04-21,6.617450714111328,78.39265441894531,0.08441416817890116,1.3095153263230228
2005-04-22,6.625276565551758,78.09534454345703,0.08483574282542602,1.3573772135737245
2005-04-25,6.6526713371276855,78.60888671875,0.08463001595391978,1.317178204804866
2005-04-26,6.527444839477539,77.84529876708984,0.08385149704425189,1.1976714204074457
2005-04-27,6.574405670166016,78.14937591552734,0.08412614423527034,1.2263633952952504
2005-04-28,6.531357765197754,77.1695556640625,0.08463645681245482,1.2877867093651658
2005-04-29,6.590057373046875,78.21695709228516,0.08425356365208023,1.2241939680510687
2005-05-02,6.574405670166016,78.65617370605469,0.08358410230753369,1.1211548085691898
2005-05-03,6.511792182922363,78.7913589477539,0.08264601943520603,0.9813847532107502
2005-05-04,6.527444839477539,79.39950561523438,0.08221014462116649,0.912589258276552
2005-05-05,6.503965377807617,79.37247467041016,0.08194232830480562,0.8677390541728749
2005-05-06,6.523531913757324,79.12248992919922,0.08244851646598512,0.9318846555295776
2005-05-09,6.554839611053467,79.61576080322266,0.08233092976721441,0.9082306888564262
2005-05-10,6.5391845703125,78.7913589477539,0.08299367668792965,0.9955889998200621
2005-05-11,6.5509257316589355,79.22380828857422,0.08268885166182702,0.9453074625681902
2005-05-12,6.480485439300537,78.35210418701172,0.08270978177985927,0.941433083119323
2005-05-13,6.398305416107178,78.19670104980469,0.08182321415365078,0.8078131749142344
2005-05-16,6.339607238769531,78.9264907836914,0.08032293309662115,0.5853231201187573
2005-05-17,6.370911121368408,79.45357513427734,0.080184071145968,0.5590903162973004
2005-05-18,6.4765729904174805,80.2712173461914,0.08068362738894942,0.6258143060948466
2005-05-19,6.531357765197754,80.60906982421875,0.08102509778912531,0.6696394905108268
2005-05-20,6.468746185302734,80.49422454833984,0.08036286108226319,0.5661463804695723
2005-05-23,6.605711460113525,80.94023895263672,0.08161220606204224,0.7444333142411026
2005-05-24,6.617450714111328,80.75098419189453,0.08194885524101837,0.7879600417056042
2005-05-25,6.574405670166016,80.690185546875,0.0814771415582726,0.7114441719535298
2005-05-26,6.60962438583374,81.1226577758789,0.08147692108528344,0.705156631741268
2005-05-27,6.644845008850098,81.2577896118164,0.08177486786920687,0.7434854445905009
2005-05-31,6.554839611053467,80.73747253417969,0.08118707962128141,0.6487666159279833
2005-06-01,6.60962438583374,81.42672729492188,0.08117266412899227,0.6404311152549851
2005-06-02,6.703544616699219,81.60238647460938,0.08214887954024519,0.7823170540278882
2005-06-03,6.715285778045654,81.19024658203125,0.08271049862203349,0.8616440624263182
2005-06-06,6.801379680633545,81.11592864990234,0.08384764612618083,1.0290114421956431
2005-06-07,6.840511322021484,81.17671203613281,0.0842669178196905,1.0859844102374283
2005-06-08,6.844426155090332,81.02803039550781,0.0844698571800628,1.110106489827745
2005-06-09,6.848339557647705,81.41323852539062,0.0841182549876319,1.049321872673112
2005-06-10,6.832687854766846,81.2240219116211,0.08412151595006478,1.043609550473486
2005-06-13,6.844426155090332,81.48078918457031,0.08400048923908107,1.0187012749501527
2005-06-14,6.848339557647705,81.67001342773438,0.08385378268251971,0.989542627258203
2005-06-15,6.930516719818115,81.82539367675781,0.08469884968957628,1.1173951082757754
2005-06-16,6.997045516967773,82.03490447998047,0.08529351696478552,1.2057009086785764
2005-06-17,7.13009786605835,82.33885192871094,0.08659457472435486,1.4055636455964207
2005-06-20,7.102705001831055,82.36599731445312,0.08623346081411087,1.3393077850523933
2005-06-21,7.141838073730469,82.41348266601562,0.08665861267716463,1.4003478896939474
2005-06-22,7.098792552947998,82.48136138916016,0.0860654144571495,1.2974808044442396
2005-06-23,6.965738773345947,81.32113647460938,0.08565717444837771,1.2236825281160217
2005-06-24,6.910952568054199,80.7240982055664,0.08561201328573836,1.209088685478435
2005-06-27,6.914865493774414,80.83941650390625,0.08553829051252838,1.1900033488154957
2005-06-28,6.989218711853027,81.5179214477539,0.08573843135012374,1.2168937761199596
2005-06-29,6.895300388336182,81.3008041381836,0.08481220402957548,1.0570842116251504
2005-06-30,6.918778896331787,80.8597640991211,0.08556516301297237,1.1758272551777482
2005-07-01,6.848339557647705,81.0972671508789,0.08444599674248685,0.9815897645576684
2005-07-05,6.801379680633545,81.74858093261719,0.08319874917755099,0.7652817257357727
2005-07-06,6.711369514465332,81.0633316040039,0.08279168129001303,0.6903030266375305
2005-07-07,6.672237873077393,81.38220977783203,0.08198644263030157,0.5480994743332563
2005-07-08,6.703544616699219,82.31169128417969,0.08144097772885442,0.44983708961637714
2005-07-11,6.793554306030273,82.73235321044922,0.08211484434329178,0.5587581334471744
2005-07-12,6.899209022521973,82.94947052001953,0.0831736354586721,0.7331925447303987
2005-07-13,6.840511322021484,83.0648193359375,0.0823514861852228,0.5863672651840257
2005-07-14,6.887473106384277,83.3904800415039,0.08259303823357707,0.621761518525041
2005-07-15,6.844426155090332,83.34300231933594,0.08212358523953,0.5349045027043958
2005-07-18,6.867904186248779,83.01055145263672,0.08273531576485665,0.6347196052897427
2005-07-19,6.852252960205078,83.46513366699219,0.08209719027760842,0.5180090852726652
2005-07-20,6.942259788513184,83.75005340576172,0.0828926013321871,0.6504318526690354
2005-07-21,7.102705001831055,83.26158142089844,0.08530591036850393,1.0655316809480269
2005-07-22,7.1340107917785645,83.81792449951172,0.08511318831117232,1.025189240222661
2005-07-25,7.067483901977539,83.5804443359375,0.08455906113122562,0.9210915289925556
2005-07-26,7.055746555328369,83.68221282958984,0.08431596532582934,0.8723609975050655
2005-07-27,7.059659481048584,83.98753356933594,0.08405603999813234,0.8203413340317252
2005-07-28,7.083139419555664,84.51670837402344,0.08380756368562854,0.7701901230623136
2005-07-29,7.047918796539307,83.9535903930664,0.08395017727700879,0.7906210721500501
2005-08-01,7.083139419555664,83.89253234863281,0.08443110752838179,0.8728206219736251
2005-08-02,7.1340107917785645,84.3946304321289,0.08453157215393951,0.8852055080333916
2005-08-03,7.1692328453063965,84.61849212646484,0.0847241857558956,0.9149297862843309
2005-08-04,7.137927532196045,83.93999481201172,0.08503607306840834,0.9663833240420595
2005-08-05,7.1496663093566895,83.37010955810547,0.08575814938054833,1.0937547174082392
2005-08-08,7.177059650421143,83.21407318115234,0.08624814741128088,1.1771814669278526
2005-08-09,7.224018096923828,83.71614837646484,0.08629181152049656,1.1779190825154484
2005-08-10,7.25924015045166,83.67539978027344,0.08675477104996197,1.2571501102560099
2005-08-11,7.407944679260254,84.00787353515625,0.0881815521274934,1.516452268012712
2005-08-12,7.407944679260254,83.49225616455078,0.08872612885990648,1.6075357471864582
2005-08-15,7.372727870941162,84.00787353515625,0.08776234370288837,1.4154312480558608
2005-08-16,7.349245548248291,82.91555786132812,0.08863530244275163,1.5715352901836022
2005-08-17,7.278803825378418,82.90878295898438,0.08779291608923145,1.4035396649799372
2005-08-18,7.16140604019165,82.9019546508789,0.08638404329970435,1.127069898392097
2005-08-19,7.177059650421143,83.0919418334961,0.08637491785669064,1.1187358746221323
2005-08-22,7.278803825378418,83.0919418334961,0.08759939489636744,1.3476688197080402
2005-08-23,7.255324840545654,82.9359130859375,0.08748109920762248,1.3192249653409032
2005-08-24,7.145751953125,82.19632720947266,0.08693517333097449,1.208682632871134
2005-08-25,7.19271183013916,82.49490356445312,0.08718977196596765,1.2548937537621676
2005-08-26,7.200539588928223,81.9317398071289,0.08788461719327119,1.3880098162445957
2005-08-29,7.1496663093566895,82.562744140625,0.08659676205988284,1.126825728917544
2005-08-30,7.071397304534912,82.12850952148438,0.08610161496581248,1.0227951468406085
2005-08-31,7.235758304595947,83.16658782958984,0.0870031883407574,1.202007293438338
2005-09-01,7.384466171264648,83.10552978515625,0.08885649595586373,1.578510268701835
2005-09-02,7.3766398429870605,82.95624542236328,0.08892205530071484,1.5909100711167714
2005-09-06,7.4549078941345215,83.92648315429688,0.08882664462931025,1.569740830457758
2005-09-07,7.4549078941345215,84.06896209716797,0.08867610243026487,1.537094862377064
2005-09-08,7.423598289489746,83.7907485961914,0.08859687273192801,1.5208499920093055
2005-09-09,7.497951507568359,84.53707885742188,0.08869423463536298,1.5414373365624363
2005-09-12,7.435340404510498,84.36744689941406,0.08813044222347016,1.4186657810394325
2005-09-13,7.415772438049316,83.89934539794922,0.08838891892272836,1.474845895310607
2005-09-14,7.521435260772705,83.59400177001953,0.0899757769877482,1.8280615767672026
2005-09-15,7.4901251792907715,83.55331420898438,0.08964486029311053,1.7536249780058952
2005-09-16,7.595784664154053,84.1474609375,0.0902675443742239,1.8954743743392761
2005-09-19,7.556651592254639,83.86811065673828,0.09010160754882236,1.8561590071071032
2005-09-20,7.580134868621826,83.15948486328125,0.09115177758837711,2.0965453953876034
2005-09-21,7.556651592254639,82.38272094726562,0.09172617152438751,2.222039955779077
2005-09-22,7.513607978820801,82.67567443847656,0.09088051630485437,2.0132545720842745
2005-09-23,7.47447395324707,82.74386596679688,0.09033266533916118,1.8765766566126945
2005-09-26,7.584045886993408,82.83924865722656,0.0915513601333443,2.155235129923196
2005-09-27,7.587957382202148,82.8188247680664,0.09162116708915123,2.1581012619834627
2005-09-28,7.623179912567139,82.90055084228516,0.09195572086209561,2.2228551008922266
2005-09-29,7.736666679382324,83.57510375976562,0.09257142774983759,2.348583660415815
2005-09-30,7.674054145812988,83.83403015136719,0.09153865240591488,2.0898766262248683
2005-10-03,7.681878566741943,83.53423309326172,0.0919608438634436,2.177227364197154
2005-10-04,7.611440658569336,82.59398651123047,0.0921549011020844,2.210299235761286
2005-10-05,7.368812084197998,81.51060485839844,0.09040310885926095,1.7833384750443737
2005-10-06,7.231847286224365,81.21761322021484,0.08904284427339436,1.4489362289798928
2005-10-07,7.2670674324035645,81.49699401855469,0.08916976043004786,1.4720585597634706
2005-10-10,7.3179402351379395,80.8088150024414,0.09055868762481975,1.8010544812987495
2005-10-11,7.196625232696533,80.6929702758789,0.08918528104854977,1.456065043909974
2005-10-12,7.224018096923828,80.05931854248047,0.09023331984884027,1.7056252040121997
2005-10-13,7.1496663093566895,80.01163482666016,0.08935783308072585,1.4806888670131224
2005-10-14,7.196625232696533,80.85653686523438,0.08900486604677776,1.3851747038952973
2005-10-17,7.1496663093566895,81.15632629394531,0.08809746123131366,1.1537963725694493
2005-10-18,7.153578758239746,80.27735137939453,0.08911079694734318,1.4021738552343306
2005-10-19,7.141838073730469,81.61279296875,0.08750880608221702,0.9915037331614903
2005-10-20,7.004873275756836,80.17510986328125,0.08736967479934743,0.9499710633693378
2005-10-21,7.016610622406006,80.48857879638672,0.08717523314899175,0.8937623925939719
2005-10-24,7.141838073730469,81.73543548583984,0.08737750072877201,0.9389144849182984
2005-10-25,7.137927532196045,81.57191467285156,0.0875047197411398,0.9653030356699992
2005-10-26,7.22792911529541,81.3334732055664,0.08886782809615384,1.31079785670548
2005-10-27,7.16140604019165,80.4681396484375,0.08899678893385114,1.33608582744255
2005-10-28,7.16140604019165,81.62645721435547,0.08773388291721902,0.9994518670674999
2005-10-31,7.24358606338501,81.8512954711914,0.08849690187169341,1.191197338019087
2005-11-01,7.2201056480407715,82.0965576171875,0.08794650905714944,1.0396744209644775
2005-11-02,7.235758304595947,82.955078125,0.08722501947008982,0.8426557553484811
2005-11-03,7.263152599334717,83.30938720703125,0.08718288350009268,0.8251316022679656
2005-11-04,7.180971622467041,83.20038604736328,0.08630935460298401,0.5867564590169377
2005-11-07,7.204452991485596,83.28214263916016,0.08650657587786394,0.6335452060299528
2005-11-08,7.22792911529541,83.28214263916016,0.08678846252325838,0.7036594671712502
2005-11-09,7.2670674324035645,83.3911361694336,0.08714436289293843,0.7941372876700946
2005-11-10,7.231847286224365,84.03841400146484,0.08605406672832153,0.4906360068531491
2005-11-11,7.3257646560668945,84.32460021972656,0.08687577097285941,0.7099849352264854
2005-11-14,7.282721519470215,84.27690887451172,0.08641419834600464,0.5765658463255087
2005-11-15,7.3179402351379395,83.97030639648438,0.08714914294327647,0.7742852419695779
2005-11-16,7.3766398429870605,84.14064025878906,0.08767035549407434,0.912647350710929
2005-11-17,7.447080135345459,84.92417907714844,0.0876909287351514,0.9116507064037631
2005-11-18,7.509692668914795,85.258056640625,0.0880819123120438,1.0137341485508977
2005-11-21,7.517519950866699,85.68732452392578,0.08773199528207515,0.9085867924981929
2005-11-22,7.482299327850342,86.05525970458984,0.08694761195928696,0.6808846578952923
2005-11-23,7.447080135345459,86.55260467529297,0.08604108638074619,0.41871896753708027
2005-11-25,7.466647148132324,86.62078857421875,0.08619925160037908,0.4585210875365576
2005-11-28,7.509692668914795,86.00756072998047,0.08731433149803387,0.7692845527606773
2005-11-29,7.466647148132324,85.91217041015625,0.086910237658827,0.6481264233357121
2005-11-30,7.3766398429870605,85.44883728027344,0.0863281476703021,0.4758496026469527
2005-12-01,7.513607978820801,86.32097625732422,0.08704266685333371,0.6746804484984172
2005-12-02,7.580134868621826,86.43000030517578,0.0877025898629772,0.8579347713667812
2005-12-05,7.584045886993408,86.24604034423828,0.08793500381841084,0.9182956703294511
2005-12-06,7.611440658569336,86.40953063964844,0.0880856614105583,0.955086214999914
2005-12-07,7.533172130584717,85.90534210205078,0.0876915445099529,0.8368075783816701
2005-12-08,7.462733745574951,85.85084533691406,0.086926735739038,0.6069801736395734
2005-12-09,7.517519950866699,86.07569885253906,0.08733614772905149,0.7262247606434761
2005-12-12,7.611440658569336,86.1574478149414,0.08834338587788763,1.030143308772005
2005-12-13,7.572305202484131,86.74339294433594,0.08729546937763147,0.7043133251495354
2005-12-14,7.6036152839660645,87.08412170410156,0.08731345204125705,0.705398906183904
2005-12-15,7.533172130584717,86.83197021484375,0.08675574344271801,0.5242163846411416
2005-12-16,7.540998935699463,86.552490234375,0.08712630815449948,0.6373827137406605
2005-12-19,7.482299327850342,86.1072769165039,0.08689508710286753,0.5569163297443785
2005-12-20,7.517519950866699,86.18950653076172,0.08722082598516372,0.6579718637518008
2005-12-21,7.607527732849121,86.32647705078125,0.08812508042432937,0.9511428698303391
2005-12-22,7.5762200355529785,86.778564453125,0.08730520127059038,0.6731997935818744
2005-12-23,7.546634674072266,86.82655334472656,0.08691620689018877,0.5366230104702332
2005-12-27,7.461520671844482,85.94290161132812,0.08681951076761155,0.4979279637075612
2005-12-28,7.575005531311035,86.13468933105469,0.08794372615888649,0.8738613126107992
2005-12-29,7.635799884796143,85.75113677978516,0.0890460485020205,1.2434819594633255
2005-12-30,7.6236371994018555,85.28538513183594,0.08938972589051544,1.3524640788057
2006-01-03,7.777652740478516,86.78543090820312,0.08961933655322045,1.4236655391635438
2006-01-04,7.891136169433594,87.1963882446289,0.09049842921584163,1.7182958961676065
2006-01-05,7.878977298736572,87.2511978149414,0.09030222502443777,1.639391090285471
2006-01-06,7.964089870452881,87.97724914550781,0.09052442475532362,1.7059053329696985
2006-01-09,7.964089870452881,88.20330047607422,0.09029242474450486,1.6156262206788048
2006-01-10,7.915454387664795,88.29236602783203,0.08965049577638048,1.3840756704532167
2006-01-11,7.972194671630859,88.57318115234375,0.09000686853415454,1.49944840316714
2006-01-12,7.891136169433594,88.2238540649414,0.08944447341446843,1.2918215937924358
2006-01-13,7.984355449676514,88.14161682128906,0.09058553425296406,1.6808449340527427
2006-01-17,7.988406181335449,87.90191650390625,0.0908786349496766,1.7692102491625055
2006-01-18,7.858709812164307,87.55259704589844,0.0897598709498528,1.3698982598078933
2006-01-19,7.951931953430176,87.8882064819336,0.09047780438055457,1.6161414369318219
2006-01-20,7.887083053588867,86.28541564941406,0.09140690804150314,1.9336877167008
2006-01-23,7.964089870452881,86.5936279296875,0.09197085352422907,2.1109961233987877
2006-01-24,7.964089870452881,86.68265533447266,0.09187639487649217,2.0535416789470258
2006-01-25,8.057307243347168,86.75800323486328,0.09287105446093737,2.372121794456031
2006-01-26,8.15863037109375,87.23748016357422,0.09352207738916747,2.557351738441126
2006-01-27,8.195106506347656,88.04573059082031,0.09307784092829234,2.3663616216567465
2006-01-30,8.174843788146973,87.97724914550781,0.09291997496564584,2.2798482915427414
2006-01-31,8.26806354522705,87.33340454101562,0.09467240615066143,2.8218976960595468
2006-02-01,8.227533340454102,87.9430160522461,0.0935552782902761,2.4099824742514793
2006-02-02,8.085678100585938,86.9223861694336,0.09302181471209174,2.2017180771628597
2006-02-03,8.024884223937988,86.49087524414062,0.09278301556419546,2.0965788326387553
2006-02-06,8.041098594665527,86.71692657470703,0.09272813177641949,2.0534583334970384
2006-02-07,7.923558712005615,85.94976806640625,0.09218825007048,1.8575412905075757
2006-02-08,7.883030891418457,86.73058319091797,0.09089101677162402,1.4249584724254496
2006-02-09,7.907345771789551,86.5867919921875,0.09132277094297488,1.5507305888435232
2006-02-10,7.891136169433594,86.74430847167969,0.09097007410013412,1.423880963949326
2006-02-13,7.781708717346191,86.5867919921875,0.0898717753401502,1.0616991126341837
2006-02-14,7.943824768066406,87.50464630126953,0.0907817482138792,1.3427773826785414
2006-02-15,7.830341815948486,87.8128662109375,0.08917078047696364,0.8191150348624743
2006-02-16,7.846552848815918,88.47044372558594,0.0886912342516789,0.6594986031727841
2006-02-17,7.818183422088623,88.23065948486328,0.08861073313670402,0.6285513400620826
2006-02-21,7.951931953430176,88.01152038574219,0.0903510349392667,1.1780942984393865
2006-02-22,7.976248264312744,88.5457992553711,0.09008048186801942,1.0842169025313715
2006-02-23,7.980299472808838,88.41563415527344,0.09025891799626778,1.1324034894628967
2006-02-24,8.012723922729492,88.64163970947266,0.0903945814742551,1.166205125591998
2006-02-27,8.041098594665527,88.67594909667969,0.09067958873379131,1.2466890262084398
2006-02-28,8.049202919006348,87.83340454101562,0.09164170466883823,1.5385012052471643
2006-03-01,8.008670806884766,88.6142807006836,0.09037675128161352,1.128367839034003
2006-03-02,8.069466590881348,88.60741424560547,0.09106988009506842,1.3361768735880364
2006-03-03,8.045148849487305,88.19647216796875,0.09121848812915612,1.3711029763910576
2006-03-06,7.976248264312744,87.79232788085938,0.09085359116046106,1.2461228483724278
2006-03-07,7.878977298736572,87.65530395507812,0.08988591611951305,0.9357286542919437
2006-03-08,7.858709812164307,87.84026336669922,0.08946591814458962,0.7995116905999371
2006-03-09,7.911402702331543,87.2511978149414,0.09067385778601596,1.1697754966468061
2006-03-10,7.891136169433594,88.07998657226562,0.08959056962343284,0.8264835393278277
2006-03-13,8.016778945922852,88.24439239501953,0.09084746042599887,1.20939002494721
2006-03-14,8.053255081176758,89.16907501220703,0.09031444006876023,1.0366324801913736
2006-03-15,8.097835540771484,89.56636047363281,0.09041157302752503,1.059899327898087
2006-03-16,8.085678100585938,89.75132751464844,0.09008978835735063,0.9562457496413862
2006-03-17,8.004619598388672,89.8262710571289,0.0891122330269926,0.6523915674734292
2006-03-20,7.943824768066406,89.68187713623047,0.08857781551560756,0.4874192068048945
2006-03-21,7.903294563293457,89.11798095703125,0.08868350111190329,0.5191382638649531
2006-03-22,7.960036754608154,89.66124725341797,0.08877900986710521,0.5466738254661366
2006-03-23,7.93166446685791,89.47557067871094,0.08864614560927414,0.501094665504273
2006-03-24,7.911402702331543,89.5443115234375,0.08835181786238645,0.4052520020737358
2006-03-27,7.93166446685791,89.41365814208984,0.08870752669858861,0.5102323416567571
2006-03-28,7.923558712005615,88.8635025024414,0.08916550089602789,0.6460878090429796
2006-03-29,8.024884223937988,89.42051696777344,0.08974320990371934,0.8184626398401609
2006-03-30,8.130261421203613,89.26240539550781,0.09108270592955334,1.224598976730564
2006-03-31,8.11404800415039,89.28302001953125,0.09088008002389916,1.1523068223647566
2006-04-03,8.247794151306152,89.21424102783203,0.09244930020458393,1.6235552332160699
2006-04-04,8.255900382995605,89.7850112915039,0.09195187776043458,1.4567201824271652
2006-04-05,8.397756576538086,90.094482421875,0.09321055352995851,1.8275183998651823
2006-04-06,8.503132820129395,89.99818420410156,0.09448115976257523,2.1917348259897538
2006-04-07,8.426126480102539,89.08355712890625,0.0945867761870994,2.193914954849118
2006-04-10,8.405863761901855,89.22111511230469,0.09421383885777711,2.0544786999092524
2006-04-11,8.434234619140625,88.46463775634766,0.09534018149003767,2.3577927279601765
2006-04-12,8.446392059326172,88.62971496582031,0.09529977685907585,2.3112446839413994
2006-04-13,8.37343978881836,88.51280212402344,0.09460145411604484,2.0795054689422465
2006-04-17,8.495028495788574,88.47843170166016,0.09601242169880345,2.458215610797595
2006-04-18,8.742259979248047,89.88127136230469,0.09726453405413737,2.774188694231705
2006-04-19,8.831426620483398,90.0532455444336,0.0980689431801305,2.943795188443136
2006-04-20,8.612563133239746,90.177001953125,0.09550731280373073,2.1870791582241123
2006-04-21,8.73009967803955,90.19075775146484,0.09679594556791225,2.5083165280856505
2006-04-24,8.713886260986328,90.02570343017578,0.0967933148975042,2.467155297739017
2006-04-25,8.717941284179688,89.65435028076172,0.09723946754260744,2.546589054533809
2006-04-26,8.892221450805664,89.67500305175781,0.09916053691878139,3.004669926310936
2006-04-27,8.843583106994629,90.10823822021484,0.09814400194332801,2.6836098679118976
2006-04-28,8.892221450805664,90.41082000732422,0.09835350956982031,2.689212699748636
2006-05-01,8.977333068847656,89.67500305175781,0.1001096488802593,3.0775911860297818
2006-05-02,8.969223976135254,90.34894561767578,0.09927314496939213,2.8092366430939517
2006-05-03,8.981386184692383,90.01194763183594,0.09977993389752846,2.882776684509512
2006-05-04,8.961119651794434,90.33517456054688,0.09919856462764978,2.6931266406473915
2006-05-05,9.078658103942871,91.13292694091797,0.09961995525315039,2.751370753697421
2006-05-08,9.107025146484375,91.02287292480469,0.10005205124658964,2.8068879778616753
2006-05-09,9.240775108337402,91.20167541503906,0.1013224270967023,3.0514110132150054
2006-05-10,9.204298973083496,91.15352630615234,0.10097578608390335,2.911402577619467
2006-05-11,9.200243949890137,90.0532455444336,0.1021644905107901,3.122568361419948
2006-05-12,8.973278045654297,88.87727355957031,0.10096257104061507,2.793673890820114
2006-05-15,8.76657485961914,89.05607604980469,0.09843881797258197,2.190930442777774
2006-05-16,8.884115219116211,88.92542266845703,0.09990523466207284,2.4945658186256523
2006-05-17,8.60445785522461,87.2336654663086,0.09863689447450566,2.1866256842486003
2006-05-18,8.624723434448242,86.7935791015625,0.09937052399182575,2.326774958911478
2006-05-19,8.572033882141113,87.40560913085938,0.09807189684254115,2.015652982864475
2006-05-22,8.369385719299316,86.7385482788086,0.09648980626695676,1.6492019203198667
2006-05-23,8.482869148254395,86.0783462524414,0.09854823561987053,2.0919553693588293
2006-05-24,8.381546974182129,86.76606750488281,0.09659936441985748,1.640738614832219
2006-05-25,8.490976333618164,87.83885955810547,0.09666537539688089,1.6433365871315384
2006-05-26,8.547714233398438,88.2858657836914,0.09681860349357771,1.6653727787623136
2006-05-30,8.507184982299805,86.71790313720703,0.09810182989364427,1.9366340483967637
2006-05-31,8.430182456970215,87.68755340576172,0.09613887181868036,1.485836405492232
2006-06-01,8.393701553344727,88.52655792236328,0.09481563217114915,1.180554931900968
2006-06-02,8.490976333618164,88.71222686767578,0.09571370974920296,1.3743239562050786
2006-06-05,8.397756576538086,87.41938018798828,0.09606287025233297,1.4426621877292805
2006-06-06,8.251850128173828,87.2061767578125,0.09462460613415864,1.107683317581856
2006-06-07,8.187003135681152,86.55286407470703,0.09458962708171785,1.0912197070016085
2006-06-08,8.073517799377441,86.47721862792969,0.09336005398270203,0.8049004887594621
2006-06-09,8.174843788146973,86.20216369628906,0.09483339440235992,1.1317477001471763
2006-06-12,8.118102073669434,85.26685333251953,0.09520818180085588,1.2077853334432422
2006-06-13,7.7735981941223145,84.27660369873047,0.09223910139890241,0.5247407467527505
2006-06-14,7.939770221710205,84.92993927001953,0.09348611679171379,0.8033999469949651
2006-06-15,8.15863037109375,86.731689453125,0.09406746741054967,0.9293608912312993
2006-06-16,8.085678100585938,86.09965515136719,0.09391069088919045,0.8861998752079728
2006-06-19,7.984355449676514,85.42271423339844,0.09346876321280369,0.7783925624388696
2006-06-20,7.980299472808838,85.71284484863281,0.0931050589547213,0.6889464548158186
2006-06-21,8.13431167602539,86.3482666015625,0.09420353176931287,0.9342635561901932
2006-06-22,8.118102073669434,85.96839141845703,0.0944312431548709,0.9788229913796562
2006-06-23,8.11404800415039,85.9546127319336,0.09439921542611854,0.9637745586723857
2006-06-26,8.130261421203613,86.3344955444336,0.09417164448501618,0.904182192544595
2006-06-27,8.085678100585938,85.5885009765625,0.0944715470925249,0.9654867252370111
2006-06-28,8.061357498168945,86.16873931884766,0.09355315584158358,0.747754584952342
2006-06-29,8.389650344848633,87.90933990478516,0.09543525584352568,1.1722607080119187
2006-06-30,8.409913063049316,87.91627502441406,0.0956582050446736,1.2137976556189785
2006-07-03,8.466655731201172,88.27543640136719,0.09591179694320993,1.2624611775470325
2006-07-05,8.361279487609863,87.77122497558594,0.0952621943004168,1.1051403321953144
2006-07-06,8.458552360534668,88.02679443359375,0.09609065529377749,1.2884406970837148
2006-07-07,8.584195137023926,87.45348358154297,0.09815726927584183,1.7559774616324364
2006-07-10,8.576089859008789,87.61927032470703,0.0978790376503568,1.6819644716137212
2006-07-11,8.584195137023926,88.00607299804688,0.09754094058048057,1.5934856055046485
2006-07-12,8.466655731201172,87.0666732788086,0.09724335859357906,1.513374633958798
2006-07-13,8.393701553344727,85.65067291259766,0.09799924820100468,1.679567716627266
2006-07-14,8.223480224609375,85.31909942626953,0.09638498624467884,1.2931804411292922
2006-07-17,8.207265853881836,85.19479370117188,0.09633529817173492,1.27500378748666
2006-07-18,8.170792579650879,85.62996673583984,0.09541977991019175,1.0517753200519986
2006-07-19,8.308588981628418,86.81804656982422,0.09570117400586937,1.1133079841233056
2006-07-20,8.280220985412598,86.22400665283203,0.09603150336949268,1.1858615704369901
2006-07-21,8.235638618469238,85.61614990234375,0.09619258315006042,1.215459100201682
2006-07-24,8.409913063049316,87.17720794677734,0.09646917194438782,1.272627099644476
2006-07-25,8.397756576538086,87.488037109375,0.09598748416357147,1.1482190429374395
2006-07-26,8.35722827911377,87.6054458618164,0.09539621877270006,0.9980394719183309
2006-07-27,8.470709800720215,87.5225601196289,0.09678315841243848,1.3264371903955854
2006-07-28,8.56392765045166,88.3998031616211,0.09687722533492814,1.3409768822624881
2006-07-31,8.495028495788574,88.30996704101562,0.09619557996033508,1.167023257031144
2006-08-01,8.462602615356445,87.87483978271484,0.09630290804832917,1.1855176784728323
2006-08-02,8.442338943481445,88.46886444091797,0.09542723303653886,0.9631451238655396
2006-08-03,8.426126480102539,88.7037124633789,0.09499181315078828,0.8490292748473731
2006-08-04,8.434234619140625,88.55175018310547,0.09524639097138668,0.9054763890585171
2006-08-07,8.397756576538086,88.34452056884766,0.09505690361400106,0.8514640024971231
2006-08-08,8.466655731201172,88.00607299804688,0.09620535768468015,1.1298161073595312
2006-08-09,8.422073364257812,87.70906829833984,0.09602283466984708,1.0759347470612772
2006-08-10,8.450445175170898,87.9784164428711,0.09605134437328963,1.0746924070106145
2006-08-11,8.389650344848633,87.72979736328125,0.09563056791420411,0.9615663474160142
2006-08-14,8.409913063049316,87.79886627197266,0.09578612367269197,0.9927473747740521
2006-08-15,8.53150463104248,88.84871673583984,0.09602282333922599,1.0437009754013493
2006-08-16,8.555821418762207,89.58781433105469,0.09550206668895615,0.9061617664956426
2006-08-17,8.5801420211792,89.81578826904297,0.09553044277112399,0.9059917480123626
2006-08-18,8.576089859008789,90.27165222167969,0.09500313385146118,0.7674119835077396
2006-08-21,8.669307708740234,89.88481903076172,0.09644907563059447,1.1220432283730077
2006-08-22,8.61661434173584,89.8779296875,0.09587019162207312,0.968763428242706
2006-08-23,8.5801420211792,89.6292953491211,0.09572921429046286,0.9258881704427925
2006-08-24,8.458552360534668,89.55331420898438,0.09445270044161101,0.598472369154059
2006-08-25,8.490976333618164,89.663818359375,0.09469791147624454,0.654304128617976
2006-08-28,8.547714233398438,90.09210205078125,0.09487750911373384,0.693651646691266
2006-08-29,8.673357963562012,90.19569396972656,0.0961615525290282,1.0113237493639577
2006-08-30,8.673357963562012,90.25093078613281,0.09610269819948146,0.989093863022004
2006-08-31,8.73009967803955,90.23714447021484,0.09674618727458903,1.1441185074937779
2006-09-01,8.774683952331543,90.77589416503906,0.09666315086225807,1.1139676900220314
2006-09-05,8.920589447021484,90.94860076904297,0.09808385584374894,1.4622441402568904
2006-09-06,8.738205909729004,90.1473159790039,0.09693251335141478,1.1605058571477658
2006-09-07,8.649041175842285,89.73289489746094,0.09638651673642835,1.0139802018882076
2006-09-08,8.636881828308105,89.98847198486328,0.09597764733421513,0.9031072368038834
2006-09-11,8.422073364257812,90.07826232910156,0.09349728942913783,0.26984445741678637
2006-09-12,8.446392059326172,90.9623794555664,0.09285588294721438,0.10243593992322861
2006-09-13,8.515290260314941,91.3284912109375,0.09323804814258391,0.19522518234552758
2006-09-14,8.53150463104248,91.33538055419922,0.09340854091016582,0.23540594621921437
2006-09-15,8.519343376159668,91.54979705810547,0.09305693349328291,0.14234015029023248
2006-09-18,8.624723434448242,91.67461395263672,0.09407973551875733,0.3999586714992429
2006-09-19,8.482869148254395,91.44570922851562,0.09276399319137404,0.06098755284277606
2006-09-20,8.474762916564941,91.93132019042969,0.09218580674148949,-0.08798406033872959
2006-09-21,8.442338943481445,91.4873275756836,0.09227877966483888,-0.06476184317358576
2006-09-22,8.34101676940918,91.20980834960938,0.09144868211363698,-0.27780158685753537
2006-09-25,8.446392059326172,91.91053771972656,0.09189797240750275,-0.16449857072221977
2006-09-26,8.454501152038574,92.67364501953125,0.09122875387340988,-0.3355130790650968
2006-09-27,8.572033882141113,92.7846908569336,0.09238629565903807,-0.03989786080275199
2006-09-28,8.5801420211792,92.75000762939453,0.09250826216061639,-0.009226016489944939
2006-09-29,8.592300415039062,92.67364501953125,0.0927156843051572,0.043747245395856685
2006-10-02,8.665251731872559,92.32678985595703,0.09385414293502013,0.3329183897046672
2006-10-03,8.567985534667969,92.52100372314453,0.09260584288845809,0.01260823552066371
2006-10-04,8.665251731872559,93.60330963134766,0.09257420240801587,0.004079596514164327
2006-10-05,8.7706298828125,93.78372955322266,0.09351973870728963,0.2431738854480708
2006-10-06,8.689570426940918,93.66577911376953,0.09277209359873344,0.04790210689728361
2006-10-09,8.709834098815918,93.72125244140625,0.0929333942081198,0.08559487060935893
2006-10-10,8.742259979248047,93.84611511230469,0.09315526773576374,0.14004532716946705
2006-10-11,8.762523651123047,93.73515319824219,0.09348172326118703,0.21993163136670185
2006-10-12,8.912481307983398,94.54683685302734,0.09426525100821524,0.4177668285582853
2006-10-13,8.916536331176758,94.78966522216797,0.09406654523231182,0.3621831365677806
2006-10-16,9.013811111450195,94.93537139892578,0.09494681464481203,0.58380089105141
2006-10-17,8.871954917907715,94.63704681396484,0.0937471657938353,0.2689498989346668
2006-10-18,8.95706844329834,94.76190948486328,0.09452182308260779,0.4645677036940613
2006-10-19,9.0016508102417,94.9145278930664,0.09483954680134145,0.5410674668735731
2006-10-20,9.119184494018555,94.93537139892578,0.09605676324474505,0.8507675158807091
2006-10-23,9.086762428283691,95.37246704101562,0.09527657939660786,0.6412189406164306
2006-10-24,9.098920822143555,95.65687561035156,0.09512040576369096,0.5943239749111555
2006-10-25,9.131345748901367,95.98292541503906,0.09513510563901426,0.5921620943289303
2006-10-26,9.321833610534668,96.28129577636719,0.09681873862797313,1.0273842949019494
2006-10-27,9.200243949890137,95.6777114868164,0.09615869576017037,0.8466430641690033
2006-10-30,9.423158645629883,95.60829162597656,0.09856005672074608,1.4674769769869287
2006-10-31,9.329938888549805,95.59445190429688,0.09759916713461939,1.204706116690401
2006-11-01,9.483955383300781,94.94922637939453,0.09988449348081206,1.7890970011417218
2006-11-02,9.374524116516113,94.89374542236328,0.09878969446079901,1.4899035198150463
2006-11-03,9.423158645629883,94.72718811035156,0.09947681160610891,1.6565701907788002
2006-11-06,9.524481773376465,95.79558563232422,0.09942505920818367,1.631235848190062
2006-11-07,9.605545043945312,96.16331481933594,0.09988783209055817,1.7392441107700658
2006-11-08,9.44747543334961,96.37142944335938,0.0980319114069196,1.2429563521113467
2006-11-09,9.431264877319336,95.864990234375,0.09838070033973152,1.3255413210068359
2006-11-10,9.394790649414062,95.90666198730469,0.09795764397115254,1.2068479238840937
2006-11-13,9.305622100830078,96.14251708984375,0.09678987385085948,0.8905176263059076
2006-11-14,9.411001205444336,96.8640365600586,0.0971568142280467,0.9819957401076675
2006-11-15,9.34615421295166,97.14156341552734,0.09621169234195945,0.7225973906649933
2006-11-16,9.281303405761719,97.3913345336914,0.09529906793248591,0.4709299326507585
2006-11-17,9.354257583618164,97.41903686523438,0.09602083827371925,0.6599191465307354
2006-11-20,9.200243949890137,97.47454833984375,0.09438611521249224,0.21015813098784297
2006-11-21,9.338047981262207,97.5716781616211,0.09570449291437155,0.5636559534937928
2006-11-22,9.488009452819824,97.76597595214844,0.09704817407503538,0.9254950488442555
2006-11-24,9.540693283081055,97.3704833984375,0.09798342321092096,1.1772240061085237
2006-11-27,9.427209854125977,96.0314712524414,0.09816792069491811,1.2222509223157467
2006-11-28,9.605545043945312,96.44775390625,0.0995932476901658,1.6080482513925065
2006-11-29,9.654179573059082,97.4537124633789,0.09906425654832722,1.4517263959266355
2006-11-30,9.735237121582031,97.49533081054688,0.09985336775254974,1.6633715069382113
2006-12-01,9.58527660369873,97.28031158447266,0.09853254422787724,1.284913201194759
2006-12-04,9.723076820373535,98.02267456054688,0.09919211921082363,1.4610942898603492
2006-12-05,9.674442291259766,98.44580841064453,0.09827175425189265,1.1930006338538142
2006-12-06,9.727131843566895,98.36256408691406,0.0988905884455382,1.3591559547576149
2006-12-07,9.66228199005127,97.93245697021484,0.09866271396611599,1.2863585454476043
2006-12-08,9.540693283081055,98.11283111572266,0.09724205462818564,0.8757271098225903
2006-12-11,9.654179573059082,98.39729309082031,0.09811428007626503,1.1198241939468156
2006-12-12,9.666341781616211,98.3209228515625,0.09831418889557947,1.1697029441929772
2006-12-13,9.739289283752441,98.42501831054688,0.09895135861721058,1.346986071760965
2006-12-14,9.889250755310059,99.2922592163086,0.09959739896507225,1.5263745724834141
2006-12-15,9.81629467010498,99.30131530761719,0.0988536218246043,1.3037314646612546
2006-12-18,9.787925720214844,99.02922821044922,0.09883875596217215,1.293327514844222
2006-12-19,9.791979789733887,99.21756744384766,0.09869199620597102,1.2447916268622043
2006-12-20,9.881152153015137,99.16175079345703,0.09964681012537269,1.5217587922513585
2006-12-21,9.825949668884277,98.79901123046875,0.09945392718519475,1.4552745337092379
2006-12-22,9.859918594360352,98.19206237792969,0.10041461962995223,1.7343073642124833
2006-12-26,9.885396003723145,98.77110290527344,0.10008388802951555,1.6281371732301766
2006-12-27,10.046756744384766,99.41993713378906,0.10105374268005099,1.9128306923065548
2006-12-28,10.080729484558105,99.21061706542969,0.10160938196674893,2.0655404787259286
2006-12-29,9.978818893432617,98.79901123046875,0.10100120202777127,1.8645967931877532
2007-01-03,9.99579906463623,98.62457275390625,0.10135201385944989,1.95269402487334
2007-01-04,9.808964729309082,98.8338623046875,0.0992470040184179,1.3048359002700813
2007-01-05,9.647604942321777,98.04554748535156,0.09839921536225979,1.039238499368536
2007-01-08,9.70280647277832,98.49905395507812,0.09850659557809988,1.0639352973896556
2007-01-09,9.75800609588623,98.41526794433594,0.09915134409231499,1.2508736690211264
2007-01-10,9.690065383911133,98.74315643310547,0.09813404527407187,0.9333193802777591
2007-01-11,9.779241561889648,99.17576599121094,0.0986051528228811,1.070024106866522
2007-01-12,9.944844245910645,99.92919921875,0.09951890261965259,1.3406263943420116
2007-01-16,9.927860260009766,99.7337875366211,0.09954360006997999,1.3393751203481428
2007-01-17,9.919368743896484,99.77571105957031,0.0994166680303005,1.2903905428398514
2007-01-18,9.978818893432617,99.4408187866211,0.10034932349908589,1.5642903956640986
2007-01-19,10.110453605651855,99.63616180419922,0.10147373626776685,1.8934510359719117
2007-01-22,10.08922004699707,99.32925415039062,0.10157350050893736,1.9051127787586957
2007-01-23,10.301533699035645,99.6222152709961,0.10340598902577126,2.430297108055231
2007-01-24,10.216609001159668,100.42447662353516,0.10173425189417752,1.9009160654354214
2007-01-25,9.987308502197266,99.2454833984375,0.10063237298267322,1.5534330298864678
2007-01-26,9.991555213928223,99.15477752685547,0.10076725966353028,1.5786921046838955
2007-01-29,9.99579906463623,99.09899139404297,0.100866809278516,1.5928392369828555
2007-01-30,10.169900894165039,99.6152114868164,0.10209184664041973,1.9359455733133035
2007-01-31,10.157164573669434,100.28494262695312,0.10128304716145431,1.6783311384474378
2007-02-01,10.131682395935059,100.88494110107422,0.10042809447432166,1.4131976247744846
2007-02-02,10.131682395935059,101.02446746826172,0.10028939176658438,1.3604091673990129
2007-02-05,10.17839241027832,101.05235290527344,0.10072395266065258,1.474435830264241
2007-02-06,10.288795471191406,101.08026123046875,0.10178837436650828,1.7671613093880025
2007-02-07,10.356736183166504,101.30353546142578,0.10223469631136543,1.8758013596493672
2007-02-08,10.416186332702637,101.17093658447266,0.10295631022458356,2.059354075232188
2007-02-09,10.352492332458496,100.41748809814453,0.10309451599048497,2.075502712557073
2007-02-12,10.288795471191406,100.07564544677734,0.10281018348928099,1.9721247566143776
2007-02-13,10.484127044677734,100.9197998046875,0.10388572970782657,2.2503269510778123
2007-02-14,10.594532012939453,101.58258056640625,0.10429477134629031,2.3382094617694786
2007-02-15,10.586038589477539,101.7151107788086,0.10407537787082706,2.248240591953239
2007-02-16,10.611516952514648,101.66626739501953,0.10437598649396751,2.3081520624085528
2007-02-20,10.670964241027832,101.88253784179688,0.10473791158989088,2.384869248537079
2007-02-21,10.666718482971191,101.84069061279297,0.10473925911919597,2.3620024293310946
2007-02-22,10.73890495300293,101.76396179199219,0.10552758328094076,2.5448728562083405
2007-02-23,10.917250633239746,101.36627960205078,0.10770100940963089,3.083860974498783
2007-02-26,10.934233665466309,101.2756118774414,0.10796512075087102,3.093294444647886
2007-02-27,10.386463165283203,97.31999969482422,0.10672485817769262,2.7163598625267134
2007-02-28,10.44590950012207,98.31766510009766,0.10624651724069162,2.551281983117843
2007-03-01,10.403449058532715,98.02464294433594,0.106130955911162,2.4829678216911697
2007-03-02,10.369477272033691,96.74095153808594,0.10718808433418534,2.7157304906807087
2007-03-05,9.766504287719727,95.82011413574219,0.1019254086243745,1.3427027939742056
2007-03-06,10.373723983764648,97.45954132080078,0.10644133804835161,2.4765423208750565
2007-03-07,10.263314247131348,97.36185455322266,0.10541412028589624,2.186856783637173
2007-03-08,10.305780410766602,98.18507385253906,0.10496280143603615,2.0518675207088446
2007-03-09,10.29728889465332,98.21295928955078,0.10484653928709065,2.004994646940381
2007-03-12,10.547821998596191,98.35950469970703,0.10723744523519961,2.5764654388789165
2007-03-13,10.25907039642334,96.4479751586914,0.10636895569392205,2.3310883760310457
2007-03-14,10.433168411254883,97.16653442382812,0.1073740920484693,2.5469561244062
2007-03-15,10.615765571594238,97.29914855957031,0.10910440357137201,2.9267718195975028
2007-03-16,10.547821998596191,97.0265884399414,0.1087106345610121,2.783614591863834
2007-03-19,10.70493221282959,98.19628143310547,0.10901565778865202,2.8122359509912176
2007-03-20,10.845064163208008,98.735595703125,0.10983945643895841,2.9627996628264137
2007-03-21,10.942728042602539,100.36055755615234,0.10903414956099677,2.7338486689590846
2007-03-22,10.985193252563477,100.28348541259766,0.10954139863973567,2.815104169182874
2007-03-23,10.934233665466309,100.43054962158203,0.10887358185996221,2.624788018387487
2007-03-26,11.197505950927734,100.2974853515625,0.11164293812230949,3.2169998882714808
2007-03-27,10.959712028503418,100.05939483642578,0.10953206389485005,2.692920515608951
2007-03-28,10.81958293914795,99.33094787597656,0.10892459168573677,2.524167767524414
2007-03-29,10.921496391296387,99.43601989746094,0.10983440812050506,2.697773674228969
2007-03-30,11.019160270690918,99.4570541381836,0.1107931495274445,2.871202960690961
2007-04-02,11.044641494750977,99.56910705566406,0.11092438027566598,2.850603148370606
2007-04-03,11.244215965270996,100.64067077636719,0.11172636150504875,2.974555899569318
2007-04-04,11.337637901306152,100.75279235839844,0.11252926728795604,3.085104964259925
2007-04-05,11.392837524414062,101.02592468261719,0.11277142535646939,3.07259809256726
2007-04-09,11.388587951660156,101.16605377197266,0.11257321529344148,2.9675422958489612
2007-04-10,11.613639831542969,101.28506469726562,0.11466290579223473,3.3220196349084055
2007-04-11,11.51173210144043,100.87183380126953,0.11412236367309452,3.1349496338346925
2007-04-12,11.690077781677246,101.32007598876953,0.11537770444401356,3.304225999145374
2007-04-13,11.70281982421875,101.78236389160156,0.11497885661883701,3.1479727946901215
2007-04-16,11.791984558105469,102.74889373779297,0.11476507560458683,3.036521575375384
2007-04-17,11.825961112976074,103.02207946777344,0.11479054950230722,2.976090969794008
2007-04-18,11.830204963684082,103.14810943603516,0.11469143766537283,2.8954873714101326
2007-04-19,11.711309432983398,103.1201171875,0.11356959003148823,2.6382268268975895
2007-04-20,11.766512870788574,104.09369659423828,0.1130377079090096,2.4983449509967093
2007-04-23,11.728293418884277,103.7014389038086,0.11309672790329564,2.468029788736616
2007-04-24,11.549947738647461,103.74346923828125,0.11133180549533368,2.123546400476839
2007-04-25,11.766512870788574,104.69602966308594,0.11238738382585724,2.2766767935472583
2007-04-26,11.65610408782959,104.81507873535156,0.11120636676007449,2.0430118054061532
2007-04-27,11.622138023376465,104.7310562133789,0.1109712672017509,1.9782706864680815
2007-04-30,11.503235816955566,103.86248779296875,0.1107544799031312,1.9181314973394428
2007-05-01,11.520224571228027,104.12874603271484,0.11063443103030011,1.8760105651296262
2007-05-02,11.745282173156738,104.73807525634766,0.11213956476104821,2.1052628521591514
2007-05-03,11.711309432983398,105.3053970336914,0.11121281304543662,1.9264394184567104
2007-05-04,11.830204963684082,105.70458221435547,0.11191761715394635,2.019737915499231
2007-05-07,11.825961112976074,105.72564697265625,0.1118551784888544,1.985222040566036
2007-05-08,11.79623794555664,105.58556365966797,0.1117220720019949,1.9405912256417273
2007-05-09,11.995813369750977,105.87263488769531,0.11330419217841861,2.1700364826297665
2007-05-10,11.804725646972656,104.76607513427734,0.1126769866279966,2.044039496585801
2007-05-11,11.983072280883789,105.66254425048828,0.11340889400198607,2.1341154632944264
2007-05-14,11.932116508483887,105.4314193725586,0.11317419967874914,2.0722588200207905
2007-05-15,11.91513442993164,105.45945739746094,0.11298308111927106,2.018001315527359
2007-05-16,11.804725646972656,106.18090057373047,0.11117560298686323,1.7170737831571825
2007-05-17,11.885407447814941,105.97071075439453,0.11215747599694251,1.8495851555240406
2007-05-18,11.927868843078613,106.89527893066406,0.1115846177904212,1.7425916452344112
2007-05-21,11.889656066894531,106.83928680419922,0.11128543087978775,1.6798423422254112
2007-05-22,11.800480842590332,106.7552490234375,0.11053771079677407,1.5508559060640223
2007-05-23,11.86842155456543,106.76921844482422,0.11115958070535795,1.629012848752047
2007-05-24,11.507482528686523,105.80267333984375,0.10876362728306387,1.256294873312747
2007-05-25,11.741036415100098,106.24393463134766,0.11051018070669102,1.505772339005917
2007-05-29,11.715556144714355,106.62911987304688,0.10987201393637076,1.397366723526441
2007-05-30,11.711309432983398,107.49761962890625,0.10894482569392831,1.2480540803324798
2007-05-31,11.84719181060791,107.38557434082031,0.11032386690047674,1.4413687177088501
2007-06-01,11.970335006713867,107.91787719726562,0.11092077899969262,1.5158918348061197
2007-06-04,12.084983825683594,107.93192291259766,0.11196857703971336,1.6546746112909245
2007-06-05,12.101970672607422,107.50462341308594,0.11257162983684585,1.7254902893566462
2007-06-06,11.932116508483887,106.34896850585938,0.11219776436126391,1.6536107417574877
2007-06-07,11.85143756866455,104.42986297607422,0.11348705466921677,1.8223011131431954
2007-06-08,11.966087341308594,105.7886734008789,0.11311312408620466,1.7493624765387985
2007-06-11,12.038273811340332,105.97071075439453,0.11360001009374293,1.8010514463449616
2007-06-12,11.749526977539062,104.81507873535156,0.11209767830452656,1.5689617787049608
2007-06-13,11.898148536682129,106.38401794433594,0.11184150370131425,1.51780344491719
2007-06-14,11.932116508483887,107.06340789794922,0.11144906315570817,1.4493024603606814
2007-06-15,12.101970672607422,107.67255401611328,0.11239605843097539,1.5705578360550485
2007-06-18,12.157172203063965,107.54595947265625,0.11304164528984417,1.6468081197398565
2007-06-19,12.310041427612305,107.81324005126953,0.11417931064643252,1.7902056986402721
2007-06-20,12.29305362701416,106.31494140625,0.11562865449024723,1.973279632831131
2007-06-21,12.322778701782227,106.90583801269531,0.11526759371474987,1.9015470698884804
2007-06-22,12.250585556030273,105.89996337890625,0.11568073458343059,1.9373698459582092
2007-06-25,12.335512161254883,105.39348602294922,0.11704245325530697,2.1011086617172374
2007-06-26,12.123199462890625,104.31015014648438,0.11622262498774881,1.9641338175036143
2007-06-27,11.889656066894531,105.7944107055664,0.11238453891467211,1.421263140212842
2007-06-28,12.097723960876465,105.78036499023438,0.1143664418438462,1.6780187842902794
2007-06-29,12.089227676391602,105.81549072265625,0.11424818421035934,1.6461178521694033
2007-07-02,12.365240097045898,106.77215576171875,0.11580959482209158,1.8398072133778876
2007-07-03,12.322778701782227,107.1590805053711,0.11499518886936116,1.7109622610388358
2007-07-05,12.462904930114746,107.0465087890625,0.11642514147447044,1.8836283622617365
2007-07-06,12.505372047424316,107.60924530029297,0.1162109446314486,1.8345029127720438
2007-07-09,12.607278823852539,107.69366455078125,0.11706611411581946,1.9267707329562997
2007-07-10,12.450165748596191,106.16020202636719,0.11727714822456652,1.931661224674939
2007-07-11,12.462904930114746,106.9128646850586,0.11657067619343732,1.8174208051241236
2007-07-12,12.675219535827637,108.60106658935547,0.1167135824158655,1.8159067582713653
2007-07-13,12.709188461303711,108.92463684082031,0.11667873155158272,1.79157102505032
2007-07-16,12.726176261901855,108.91058349609375,0.11684976660104203,1.7939827730810565
2007-07-17,12.68371295928955,108.85426330566406,0.1165201304396644,1.7329186371024383
2007-07-18,12.670974731445312,108.65734100341797,0.11661406964713714,1.7269281559565521
2007-07-19,12.823843955993652,109.07938385009766,0.11756432337037052,1.8291724102596445
2007-07-20,12.794114112854004,107.97499084472656,0.11849145818639226,1.9255017800686143
2007-07-23,12.887539863586426,108.30562591552734,0.11899234000676959,1.9657566578910233
2007-07-24,12.73466968536377,106.42748260498047,0.11965583863925601,2.02458466113183
2007-07-25,12.781377792358398,106.64558410644531,0.11984910485933503,2.023673291934429
2007-07-26,12.093476295471191,104.12030029296875,0.11614907238495416,1.5470194755187805
2007-07-27,11.677337646484375,102.07331085205078,0.11440147820236755,1.318285399231518
2007-07-30,11.944856643676758,103.67009735107422,0.11521988450754538,1.4074915840928712
2007-07-31,11.906641960144043,102.50241088867188,0.1161596284118222,1.509915366628866
2007-08-01,11.69432258605957,103.00183868408203,0.11353508573693857,1.1757752702367532
2007-08-02,11.804725646972656,103.82482147216797,0.11369849212923633,1.1862449573436795
2007-08-03,11.380098342895508,101.15187072753906,0.11250507045538233,1.030759086408457
2007-08-06,11.66884708404541,102.84706115722656,0.11345824521137031,1.1393261420396399
2007-08-07,11.770756721496582,103.94436645507812,0.11324092996019729,1.1037127974981116
2007-08-08,12.097723960876465,105.39348602294922,0.11478625878493297,1.2838979432559097
2007-08-09,11.588165283203125,102.27027130126953,0.11330922599262994,1.0929460220210705
2007-08-10,11.613639831542969,101.7919692993164,0.11409190638009359,1.179868022041563
2007-08-13,11.639118194580078,102.1577377319336,0.11393281070026862,1.1509723605358788
2007-08-14,11.197505950927734,100.59608459472656,0.11131154851641939,0.8213494383249361
2007-08-15,10.70493221282959,99.21039581298828,0.10790131543279396,0.39575870409745395
2007-08-16,10.250580787658691,99.95602416992188,0.10255090548852813,-0.269108775893259
2007-08-17,10.586038589477539,101.7919692993164,0.10399679525159389,-0.094490480667246
2007-08-20,10.976698875427246,101.74270629882812,0.10788683803227747,0.3832544309230981
2007-08-21,10.934233665466309,101.9466781616211,0.10725443793403183,0.2993492382439256
2007-08-22,11.295167922973633,103.15657806396484,0.10949537232584217,0.5734158157695823
2007-08-23,11.643365859985352,103.06512451171875,0.1129709580728394,0.9998695541274669
2007-08-24,11.825961112976074,104.33834075927734,0.11334243027939428,1.0381223727137954
2007-08-27,11.741036415100098,103.36762237548828,0.1135852421220464,1.0603498537345564
2007-08-28,11.392837524414062,101.09561157226562,0.11269369013382131,0.9412638502447553
2007-08-29,11.79623794555664,103.07921600341797,0.11443856873305569,1.1512821368613528
2007-08-30,11.51597785949707,102.80488586425781,0.11201780696204082,0.8404236168478393
2007-08-31,11.864171981811523,103.81777954101562,0.11427880690825512,1.115838179053135
2007-09-04,12.089227676391602,104.86592102050781,0.1152827110918847,1.232002517841769
2007-09-05,11.719799995422363,103.95850372314453,0.11273536628262529,0.9046246353272392
2007-09-06,12.034027099609375,104.19764709472656,0.11549231134431649,1.2410179929469722
2007-09-07,11.808977127075195,102.74857330322266,0.11493081361067242,1.161150423961968
2007-09-10,11.821709632873535,102.5516128540039,0.11527570658204409,1.1948862600447792
2007-09-11,12.259081840515137,103.74748229980469,0.11816269242167639,1.5435475539447772
2007-09-12,12.123199462890625,104.01473236083984,0.11655271505995671,1.3319846170655205
2007-09-13,12.267574310302734,104.74635314941406,0.1171169586477518,1.3928238434497713
2007-09-14,12.288805961608887,104.73924255371094,0.11732761916152974,1.408990840144827
2007-09-17,12.063749313354492,104.17655944824219,0.11580099570621832,1.2084091523367602
2007-09-18,12.458659172058105,107.24348449707031,0.11617171178728766,1.2466053724990165
2007-09-19,12.73466968536377,107.87657928466797,0.11804851219613795,1.4724819878461137
2007-09-20,12.747407913208008,107.11685180664062,0.11900469158875843,1.5817505348875422
2007-09-21,12.823843955993652,107.4058837890625,0.11939610292839048,1.6198030508411287
2007-09-24,12.963967323303223,107.20801544189453,0.12092348944123062,1.7992388140817113
2007-09-25,13.146559715270996,106.99598693847656,0.12286965232472093,2.028657292028746
2007-09-26,13.29093074798584,107.56135559082031,0.12356603981960355,2.097502515575154
2007-09-27,13.397092819213867,108.19745635986328,0.1238207742579023,2.111262784719051
2007-09-28,13.499001502990723,107.83704376220703,0.12517963245318148,2.2589454970354765
2007-10-01,13.838705062866211,109.05264282226562,0.12689930940436336,2.445615386062938
2007-10-02,13.698583602905273,108.90422821044922,0.1257855992187355,2.2811461841862513
2007-10-03,13.643380165100098,108.68510437011719,0.12553127904849604,2.224458097725906
2007-10-04,13.626392364501953,108.85479736328125,0.12517952992945802,2.1595099272855087
2007-10-05,13.859939575195312,110.14817810058594,0.1258299484766656,2.217601750917727
2007-10-08,13.67310619354248,109.5615005493164,0.12479845680269658,2.069977592607527
2007-10-09,14.038286209106445,110.59337615966797,0.12693604894418653,2.308525002513742
2007-10-10,14.0212984085083,110.40961456298828,0.12699345490884945,2.2908058331524894
2007-10-11,14.118963241577148,109.87957000732422,0.12849488982015514,2.444831073539308
2007-10-12,14.216631889343262,110.48735046386719,0.12867203195349086,2.436367195362579
2007-10-15,14.012807846069336,109.55443572998047,0.12790726137832334,2.3163525487885592
2007-10-16,13.728306770324707,108.68510437011719,0.12631267964351595,2.102997657930485
2007-10-17,13.766518592834473,109.01736450195312,0.1262782186647691,2.0774539064070385
2007-10-18,14.055273056030273,108.62154388427734,0.12939673432559942,2.421924859394872
2007-10-19,13.515987396240234,105.78036499023438,0.1277740665527863,2.2043468585086505
2007-10-22,13.554203987121582,106.395263671875,0.12739480611583429,2.1367817807520453
2007-10-23,13.915139198303223,107.25747680664062,0.12973584324931364,2.3827660505175965
2007-10-24,13.953359603881836,107.0595932006836,0.13033264172530726,2.421489543624375
2007-10-25,13.99157428741455,107.31403350830078,0.13037972602467035,2.39662666979409
2007-10-26,14.403467178344727,108.57205963134766,0.13266274239662726,2.6233911171367397
2007-10-29,14.573319435119629,108.93250274658203,0.13378302221718572,2.7076801227796032
2007-10-30,14.369501113891602,108.1762924194336,0.13283410618452807,2.5615583579681176
2007-10-31,14.738921165466309,109.30001068115234,0.13484830489598373,2.740899910043687
2007-11-01,14.17417049407959,106.74156951904297,0.13278960163266929,2.4742544807346922
2007-11-02,14.327034950256348,106.8616714477539,0.13407084837954295,2.573847875974647
2007-11-05,14.012807846069336,106.04889678955078,0.13213534765832705,2.3290724104213654
2007-11-06,14.297307014465332,107.47661590576172,0.13302714170868182,2.3912574914129654
2007-11-07,14.059514045715332,104.53648376464844,0.13449384884007262,2.510281862821306
2007-11-08,14.182661056518555,104.00640869140625,0.13636333794198613,2.663922700002273
2007-11-09,13.677349090576172,102.57876586914062,0.13333509108526728,2.3126822194515135
2007-11-12,13.061636924743652,101.56100463867188,0.12860878022242514,1.798515621698698
2007-11-13,13.690088272094727,104.6566390991211,0.13080955388915882,2.007133275410696
2007-11-14,13.694334030151367,104.36687469482422,0.131213414890448,2.0278784628349382
2007-11-15,13.273951530456543,102.86146545410156,0.12904688331880312,1.7862194188393052
2007-11-16,13.435310363769531,103.03810119628906,0.13039167267043356,1.9077875491198282
2007-11-19,13.095603942871094,101.60344696044922,0.12888936679450225,1.7382574713975916
2007-11-20,13.333398818969727,102.22537231445312,0.13043140383930482,1.880887262622125
2007-11-21,12.819592475891113,100.13336944580078,0.12802517828814278,1.6208559281149673
2007-11-23,12.976704597473145,101.86489868164062,0.12739132680070067,1.5440527956592764
2007-11-26,12.781377792358398,99.61748504638672,0.1283045620596301,1.6256278813546399
2007-11-27,13.014925003051758,100.76239013671875,0.12916451252687186,1.6999320285080997
2007-11-28,13.439555168151855,103.98519134521484,0.12924489529989514,1.69346886814486
2007-11-29,13.316412925720215,104.02056121826172,0.12801712247811256,1.5531758521540155
2007-11-30,13.435310363769531,105.0665512084961,0.1278742873848428,1.525806700037839
2007-12-03,13.380107879638672,104.37389373779297,0.1281940090618066,1.5455891727196625
2007-12-04,13.201763153076172,103.44100189208984,0.12762601784201894,1.4754362834072932
2007-12-05,13.367366790771484,105.17256927490234,0.12709936519504025,1.4100671159246325
2007-12-06,13.622145652770996,106.6779556274414,0.12769410111630308,1.4603275198256311
2007-12-07,13.486266136169434,106.65673828125,0.1264455143997244,1.3215530916304121
2007-12-10,13.74528980255127,107.4836654663086,0.12788259260529047,1.458943430641126
2007-12-11,13.384354591369629,104.53648376464844,0.12803524768924623,1.4644034751952963
2007-12-12,13.545710563659668,105.56840515136719,0.12831216446092386,1.4821076801201514
2007-12-13,13.448046684265137,105.34918212890625,0.1276521223279169,1.4035209899145935
2007-12-14,12.874795913696289,104.01347351074219,0.12378007847576228,0.9941959484737991
2007-12-17,12.399209022521973,102.5292739868164,0.1209333543522049,0.691431471054021
2007-12-18,12.458659172058105,103.10176849365234,0.1208384623666775,0.6753169885246924
2007-12-19,12.399209022521973,103.10176849365234,0.12026184617080893,0.6086581656381707
2007-12-20,12.411200523376465,103.75198364257812,0.11962374200123833,0.5352606227814393
2007-12-21,12.753119468688965,105.24760437011719,0.1211725392232295,0.69322265574209
2007-12-24,12.87745189666748,106.02915954589844,0.12145198501826306,0.7167096529572519
2007-12-26,12.89077377319336,106.2564926147461,0.12131751628515922,0.6960709505050393
2007-12-27,12.806404113769531,104.92078399658203,0.12205783855167077,0.7691083781969834
2007-12-28,12.930740356445312,104.65789031982422,0.12355246524586194,0.923046311815648
2007-12-31,12.797523498535156,103.88338470458984,0.12319124501889403,0.8771120384300157
2008-01-02,12.779762268066406,102.97394561767578,0.12410675527104133,0.9690448345317256
2008-01-03,12.841931343078613,102.92417907714844,0.12477079203568621,1.0335428633648045
2008-01-04,12.47336483001709,100.40190124511719,0.12423434890505825,0.9684523157703933
2008-01-07,12.442286491394043,100.31671142578125,0.1240300475818468,0.9398406388719857
2008-01-08,12.331266403198242,98.69672393798828,0.12494099004690416,1.0334411206838634
2008-01-09,12.48668384552002,99.73403930664062,0.12519982076659572,1.0552402289195713
2008-01-10,12.673192024230957,100.38772583007812,0.1262424456719172,1.1642335121307323
2008-01-11,12.286867141723633,99.5777359008789,0.1233897018300773,0.8402909028475988
2008-01-14,12.495570182800293,100.38059997558594,0.12448192365695565,0.9563940562593787
2008-01-15,11.989352226257324,98.17092895507812,0.12212731766797799,0.6850252769740454
2008-01-16,11.829495429992676,97.32543182373047,0.12154577902533732,0.6130752982489827
2008-01-17,11.416528701782227,94.80313873291016,0.12042353084897461,0.47884516266161287
2008-01-18,11.585265159606934,93.82972717285156,0.12347115896718693,0.8223438030261504
2008-01-22,11.03908634185791,92.87761688232422,0.11885626173897651,0.2838763879540863
2008-01-23,11.056845664978027,95.108642578125,0.11625489929472617,-0.023826042057935436
2008-01-24,11.523099899291992,95.91153717041016,0.12014300092822415,0.4229782398952279
2008-01-25,11.89610481262207,94.5260009765625,0.12585008029242326,1.08485487325141
2008-01-28,12.100363731384277,96.08914184570312,0.12592852323329784,1.0873824507928274
2008-01-29,11.927184104919434,96.56520080566406,0.12351430955880993,0.7959100066971024
2008-01-30,11.634115219116211,95.85468292236328,0.12137242401124176,0.5350582769178549
2008-01-31,11.936065673828125,97.6025390625,0.12229257341537846,0.6390935941592789
2008-02-01,12.624341011047363,99.17276000976562,0.12729645731150604,1.2345511238413824
2008-02-04,12.331266403198242,97.92225646972656,0.1259291487733491,1.0633019438199458
2008-02-05,11.749564170837402,95.30049896240234,0.12328963960065732,0.7363785498615572
2008-02-06,11.665196418762207,94.53313446044922,0.12339796501344925,0.7437054875251647
2008-02-07,11.656315803527832,95.15836334228516,0.12249386595269614,0.6262130403491678
2008-02-08,11.647433280944824,94.5473403930664,0.12319154862021887,0.7066851515452356
2008-02-11,11.714040756225586,95.03048706054688,0.12326613404351182,0.7099087326457664
2008-02-12,11.873895645141602,95.91153717041016,0.12380049361574448,0.7709055250897586
2008-02-13,11.660758018493652,96.8920669555664,0.12034791273305319,0.3290264686443302
2008-02-14,11.6918363571167,96.03942108154297,0.12173997120609109,0.4995723542829757
2008-02-15,11.869461059570312,96.01807403564453,0.12361694585921443,0.7328939763015008
2008-02-19,11.918304443359375,96.28810119628906,0.12377754151640395,0.7472948819698045
2008-02-20,11.776205062866211,96.57225036621094,0.12194191414417442,0.5046226794354896
2008-02-21,11.745124816894531,95.76941680908203,0.12263961928794699,0.5889235578683134
2008-02-22,11.913865089416504,96.35913848876953,0.12364022007943794,0.7130158204211907
2008-02-25,12.291303634643555,97.57413482666016,0.12596887132516194,1.0099313234292058
2008-02-26,12.411200523376465,98.30594635009766,0.1262507608560765,1.0389135561935066
2008-02-27,12.531092643737793,98.20645141601562,0.12759948519730555,1.207161820221527
2008-02-28,12.349034309387207,97.24726867675781,0.12698592441124917,1.1186201869092112
2008-02-29,11.785086631774902,95.0802230834961,0.1239488744302341,0.7120170531064692
2008-03-03,11.909417152404785,94.85284423828125,0.12555677426484924,0.9178834216044789
2008-03-04,11.580827713012695,94.49046325683594,0.1225608099892015,0.5140329537213825
2008-03-05,11.81173038482666,95.08733367919922,0.1242198085464934,0.730136402506729
2008-03-06,11.460930824279785,93.11920166015625,0.12307806145189147,0.5703376538545828
2008-03-07,11.198941230773926,92.16001892089844,0.12151626444853546,0.3523651961638246
2008-03-10,10.98136043548584,90.9450454711914,0.12074720924697759,0.2406507235021092
2008-03-11,11.43873119354248,94.21342468261719,0.12141296457566285,0.32600640127729275
2008-03-12,11.38544750213623,93.33238220214844,0.12198818066677555,0.399186754756233
2008-03-13,11.487576484680176,93.53840637207031,0.122811334191281,0.5074271165856701
2008-03-14,11.22558879852295,92.08898162841797,0.12189936950132171,0.37447144863404574
2008-03-17,10.972476959228516,91.15824127197266,0.12036736126239958,0.15410301667181758
2008-03-18,11.261109352111816,94.94523620605469,0.11860636512265259,-0.09934893720472414
2008-03-19,11.061287879943848,92.59344482421875,0.1194608095739695,0.0159956840543486
2008-03-20,11.030202865600586,94.30852508544922,0.11695870395180664,-0.34451875986888125
2008-03-24,11.332161903381348,96.1935806274414,0.11780580189930669,-0.22950335581351816
2008-03-25,11.332161903381348,96.286376953125,0.11769226615410167,-0.2518361753187227
2008-03-26,11.558622360229492,95.10822296142578,0.12153126197003455,0.29412414856456853
2008-03-27,11.478693962097168,94.8083267211914,0.12107263527446549,0.22246089743515368
2008-03-28,11.447610855102539,93.90154266357422,0.12191078581228927,0.33757383892243936
2008-03-31,11.43873119354248,94.22998809814453,0.12139162303224062,0.25660230308659226
2008-04-01,11.71847915649414,97.54305267333984,0.12013648163891223,0.0686414514165418
2008-04-02,11.856138229370117,97.60733032226562,0.1214677031963199,0.25784839266592696
2008-04-03,12.104802131652832,97.85011291503906,0.12370759492289135,0.5803919230101073
2008-04-04,12.251338958740234,97.74300384521484,0.12534236187524347,0.8137944064850193
2008-04-07,12.286867141723633,97.79299926757812,0.12564158205338088,0.8508665307303719
2008-04-08,12.291303634643555,97.69303131103516,0.1258155619668561,0.8694163444687564
2008-04-09,11.993792533874512,96.98612213134766,0.12366503856738802,0.5478528329488529
2008-04-10,11.962711334228516,97.12177276611328,0.12317229178916327,0.47045512050850197
2008-04-11,11.76732349395752,95.23677062988281,0.12355861518749608,0.5228365336782587
2008-04-14,11.665196418762207,94.91548156738281,0.12290088219676576,0.4214799867691261
2008-04-15,11.900542259216309,95.1368408203125,0.1250886844318615,0.7385301861853256
2008-04-16,12.38455581665039,97.71441650390625,0.12674236064394145,0.9750420781673605
2008-04-17,12.158089637756348,97.85726165771484,0.12424310093902809,0.6010062397368081
2008-04-18,12.153650283813477,98.8782958984375,0.12291524821885134,0.40011786919537473
2008-04-21,12.513331413269043,98.92825317382812,0.12648895549870576,0.9211991806225845
2008-04-22,12.371235847473145,98.49273681640625,0.12560556491118266,0.7839518873024263
2008-04-23,12.60658073425293,98.33561706542969,0.12819953858493482,1.1592210306740212
2008-04-24,12.40231990814209,98.76407623291016,0.12557521298426716,0.763701177558017
2008-04-25,12.40231990814209,99.6780014038086,0.1244238421063307,0.5867606476537616
2008-04-28,12.331266403198242,99.699462890625,0.12368438149688149,0.4707991642571916
2008-04-29,12.193614959716797,99.30670166015625,0.12278743283051871,0.33093738065461337
2008-04-30,12.335715293884277,98.72119140625,0.12495508935990524,0.6500944285431868
2008-05-01,12.415641784667969,100.76335906982422,0.1232158385675146,0.382636179171624
2008-05-02,12.624341011047363,101.04180145263672,0.12494176498787994,0.637259037764523
2008-05-05,12.70427131652832,100.55623626708984,0.12633996446311097,0.8423466689246876
2008-05-06,12.806404113769531,101.42735290527344,0.12626183910892244,0.8237220651103894
2008-05-07,12.371235847473145,99.62088012695312,0.12418316151902797,0.5013718762757976
2008-05-08,12.708714485168457,99.36382293701172,0.12790082053530397,1.0609815566770064
2008-05-09,12.784201622009277,99.1781997680664,0.12890132762951764,1.20443546124493
2008-05-12,13.108358383178711,100.2920913696289,0.13070181510990275,1.466875856826485
2008-05-13,12.992902755737305,100.30635833740234,0.12953219487874176,1.2779806705128312
2008-05-14,13.06839656829834,100.51338958740234,0.13001647464027263,1.3409123408627193
2008-05-15,13.26821517944336,101.77009582519531,0.1303743999832074,1.3850875774609146
2008-05-16,13.463600158691406,101.86293029785156,0.13217369772618226,1.6451162377952429
2008-05-19,13.405871391296387,102.14136505126953,0.13124821060074293,1.492166201269282
2008-05-20,13.210491180419922,101.31311798095703,0.13039270179112428,1.3517822041588141
2008-05-21,13.086153984069824,99.5994873046875,0.13138776451767883,1.4927750987171862
2008-05-22,13.161645889282227,99.61375427246094,0.13212679298566377,1.5930219248751822
2008-05-23,12.935181617736816,98.27852630615234,0.13161757816190472,1.5063515895631605
2008-05-27,12.997344970703125,99.00680541992188,0.13127728862250349,1.4441919133550478
2008-05-28,12.935181617736816,99.46379089355469,0.13004915157094646,1.2479135811600068
2008-05-29,12.881895065307617,99.96361541748047,0.12886583795022466,1.059511700091897
2008-05-30,12.997344970703125,100.21353149414062,0.1296965068181742,1.1809134628713176
2008-06-02,12.806404113769531,99.1781997680664,0.12912519226723213,1.0847985776957005
2008-06-03,12.513331413269043,98.59980773925781,0.12691030236448242,0.7324537555143289
2008-06-04,12.464487075805664,98.54986572265625,0.12647898588602668,0.6586059895928578
2008-06-05,12.699830055236816,100.52054595947266,0.12634063945849505,0.6306831449650863
2008-06-06,12.442286491394043,97.31460571289062,0.12785631098483602,0.8634572640198641
2008-06-09,12.300187110900879,97.55018615722656,0.12609086251333285,0.5775645506386436
2008-06-10,12.131449699401855,97.064697265625,0.12498313023326299,0.39558204972115607
2008-06-11,12.024874687194824,95.63664245605469,0.1257350151404603,0.5095708040933851
2008-06-12,11.833932876586914,96.00078582763672,0.1232691250864757,0.10715243686111454
2008-06-13,12.029317855834961,97.214599609375,0.12373982821686075,0.17641237551133415
2008-06-16,11.927184104919434,97.2717514038086,0.12261714149060171,-0.01268823417868364
2008-06-17,12.135886192321777,96.80050659179688,0.12537006901728553,0.4311719720513259
2008-06-18,12.100363731384277,95.85797882080078,0.12623220184941505,0.5667392366119957
2008-06-19,12.162534713745117,95.9793472290039,0.12672033166391167,0.6411542183935409
2008-06-20,11.825051307678223,94.4214859008789,0.12523686949908666,0.39089291372536394
2008-06-23,11.869461059570312,94.32815551757812,0.12583158225073562,0.4838044334860124
2008-06-24,11.878340721130371,94.14159393310547,0.12617526668999046,0.5355210803988606
2008-06-25,11.967147827148438,94.58650207519531,0.12652067223751098,0.5871773781255892
2008-06-26,11.785086631774902,92.01753234863281,0.12807436073295225,0.8394597135267617
2008-06-27,11.944944381713867,91.51520538330078,0.13052414985776253,1.239863714417303
2008-06-30,11.754005432128906,91.83808898925781,0.12798617176696434,0.8083229631112177
2008-07-01,11.536421775817871,92.12512969970703,0.1252255688911617,0.3393560227202488
2008-07-02,11.354361534118652,90.54641723632812,0.1253982419258348,0.3627831342306536
2008-07-03,11.345479965209961,90.63970947265625,0.1251711863510839,0.31932276173446145
2008-07-07,11.2433500289917,89.7140121459961,0.12532434744635915,0.3400488588399447
2008-07-08,11.309954643249512,91.30709075927734,0.1238672106317258,0.08809002011016805
2008-07-09,11.154537200927734,89.54891967773438,0.1245636155195429,0.2021701576232759
2008-07-10,11.354361534118652,89.91497039794922,0.1262788775202402,0.48937184200081296
2008-07-11,11.216703414916992,88.86725616455078,0.1262186310123902,0.47365277381375703
2008-07-14,11.301074028015137,88.06355285644531,0.12832861792934144,0.8284648018341085
2008-07-15,11.087930679321289,86.82209014892578,0.1277086356744255,0.7158036016353522
2008-07-16,11.376561164855957,88.953369140625,0.12789353876940768,0.7411799867614463
2008-07-17,11.398765563964844,89.8431625366211,0.12687404630617916,0.5598735292073574
2008-07-18,11.318838119506836,90.40290069580078,0.12520436880221253,0.267007422225718
2008-07-21,11.64299201965332,90.45314025878906,0.1287184943092344,0.8678435902135759
2008-07-22,11.64299201965332,91.47930145263672,0.12727460567330046,0.6127657621494802
2008-07-23,11.749564170837402,91.97441864013672,0.12774817546615086,0.6891997814660025
2008-07-24,11.492015838623047,90.06564331054688,0.12759600016399714,0.6575771067335832
2008-07-25,11.412084579467773,90.04412841796875,0.12673879774253483,0.503447388222947
2008-07-28,10.99467658996582,88.72373962402344,0.12392034687172752,0.007628119243565671
2008-07-29,11.092369079589844,90.61817169189453,0.12240777840127198,-0.2625295849760313
2008-07-30,11.176739692687988,92.2327651977539,0.1211797094961235,-0.48289300672120694
2008-07-31,11.047966957092285,91.01285552978516,0.12138908171578786,-0.45440685093188043
2008-08-01,10.741572380065918,90.53208923339844,0.11864933716898268,-0.9474107216799736
2008-08-04,10.639437675476074,89.69246673583984,0.1186213074818323,-0.9629878569371044
2008-08-05,10.732687950134277,92.11079406738281,0.11651932934464637,-1.3462372491580488
2008-08-06,10.821503639221191,92.51983642578125,0.11696414582295683,-1.2744264339245666
2008-08-07,10.634998321533203,91.14203643798828,0.1166859852727682,-1.3286961200426273
2008-08-08,10.648322105407715,92.83555603027344,0.11470090298091525,-1.691692973330445
2008-08-11,10.608356475830078,93.7971420288086,0.1130989308029434,-1.9784771599659923
2008-08-12,10.484020233154297,92.82123565673828,0.11294850966997677,-2.002260730498781
2008-08-13,10.364130020141602,92.26143646240234,0.11233436652988933,-2.117378531627288
2008-08-14,10.297520637512207,92.95755004882812,0.11077659245648357,-2.4146612751247125
2008-08-15,10.239794731140137,93.40966033935547,0.1096224383424494,-2.6749914319858386
2008-08-18,10.226475715637207,92.13233184814453,0.11099768681088863,-2.4649972472506847
2008-08-19,10.102139472961426,91.12765502929688,0.11085701118627118,-2.5092005903014467
2008-08-20,10.333045959472656,91.5510482788086,0.11286649529128828,-2.157555087840412
2008-08-21,10.337486267089844,91.70895385742188,0.11272057778743537,-2.201490998114472
2008-08-22,10.35080623626709,93.03645324707031,0.11125538297100801,-2.4748480252131406
2008-08-25,10.204268455505371,91.14922332763672,0.11195123867184292,-2.334689693863393
2008-08-26,10.230916976928711,91.41472625732422,0.11191760229232216,-2.3333979281402177
2008-08-27,10.364130020141602,92.30455017089844,0.11228189727324168,-2.2619129887203138
2008-08-28,10.639437675476074,93.42399597167969,0.11388335046920157,-1.954187555060818
2008-08-29,10.577276229858398,92.41934204101562,0.11444872898104179,-1.8553176123699766
2008-09-02,10.319723129272461,91.84527587890625,0.11235986859986723,-2.247062889052782
2008-09-03,10.208710670471191,91.76634979248047,0.11124677720708158,-2.441029711525356
2008-09-04,9.622564315795898,89.00357818603516,0.10811435351152768,-3.004700482336504
2008-09-05,9.587040901184082,89.28346252441406,0.10737756612611836,-3.0927995736643292
2008-09-08,9.942278861999512,91.12765502929688,0.1091027620408222,-2.7425296273882283
2008-09-09,9.356135368347168,88.42231750488281,0.10581192206176351,-3.284060260154758
2008-09-10,9.524874687194824,88.78114318847656,0.1072848844373871,-2.963588603150018
2008-09-11,9.431622505187988,90.06564331054688,0.10471942639289987,-3.3455868146746006
2008-09-12,9.884554862976074,90.48181915283203,0.10924354699677469,-2.5258565170688416
2008-09-15,9.174074172973633,86.1762466430664,0.10645711005460416,-2.9539974944725054
2008-09-16,9.298408508300781,87.61866760253906,0.10612360085730552,-2.962041581790066
2008-09-17,8.765546798706055,83.67900848388672,0.10475203946033794,-3.1314615832742505
2008-09-18,9.209598541259766,86.16191101074219,0.10688712022777169,-2.735353854695021
2008-09-19,9.897875785827637,89.58370208740234,0.11048746094653214,-2.127443831565071
2008-09-22,10.071056365966797,87.55558013916016,0.11502472315253852,-1.388691856787477
2008-09-23,9.960041999816895,85.56355285644531,0.11640519435334115,-1.161083448971289
2008-09-24,10.079936981201172,85.83782958984375,0.11743000760114536,-0.9912488646239842
2008-09-25,10.226475715637207,87.1802978515625,0.11730260124884308,-1.0056330001460698
2008-09-26,10.03553581237793,87.22357177734375,0.11505531828019741,-1.354267309520361
2008-09-29,8.792193412780762,80.38859558105469,0.10937115332380347,-2.2273128519366825
2008-09-30,9.120787620544434,83.71585083007812,0.10894935105010534,-2.2604452003944724
2008-10-01,9.21403980255127,83.76640319824219,0.1099968418214789,-2.0697033540635856
2008-10-02,8.703385353088379,80.7278060913086,0.10781149364128963,-2.370644621011875
2008-10-03,8.650097846984863,79.63801574707031,0.10861769678513215,-2.215427950490878
2008-10-06,7.5976948738098145,75.58175659179688,0.10052286710989747,-3.3509212066415843
2008-10-07,7.557733058929443,72.19673156738281,0.10468248208543407,-2.6832802874403727
2008-10-08,7.087039470672607,70.37791442871094,0.10069976537669924,-3.1854199506531433
2008-10-09,6.900537490844727,65.46282196044922,0.10541154939843314,-2.4693827302044933
2008-10-10,6.398761749267578,63.874935150146484,0.10017641089147789,-3.135074642444489
2008-10-13,7.726471424102783,73.14945220947266,0.10562582754518872,-2.3424397331160662
2008-10-14,7.362349987030029,72.06681823730469,0.10216005322708947,-2.7648386270540453
2008-10-15,6.629668235778809,64.97203063964844,0.102038803012771,-2.728121658162605
2008-10-16,7.087039470672607,67.6785659790039,0.1047161589220321,-2.334290650056801
2008-10-17,6.7051568031311035,67.27440643310547,0.09966876199492594,-2.939155635692957
2008-10-20,7.420074462890625,71.31621551513672,0.10404470300749105,-2.3339497270333185
2008-10-21,6.962704658508301,69.1870346069336,0.1006359746167027,-2.720832016877364
2008-10-22,6.465370178222656,65.41951751708984,0.0988293772807737,-2.890833930703145
2008-10-23,6.4875712394714355,66.1773452758789,0.09803311408800348,-2.9294390083003248
2008-10-24,5.879221439361572,62.82120132446289,0.09358658089004379,-3.386799159922898
2008-10-27,5.639435768127441,60.59095764160156,0.09307388408489888,-3.363117537286489
2008-10-28,6.394321441650391,67.67137908935547,0.0944907807066725,-3.127493409694281
2008-10-29,6.372118949890137,67.18058013916016,0.09485060915953258,-3.0223069022081552
2008-10-30,6.767323970794678,69.50462341308594,0.09736509081668608,-2.69035090868412
2008-10-31,6.656311988830566,69.88713836669922,0.09524373360237993,-2.876117762703612
2008-11-03,7.0159912109375,70.08924102783203,0.10010083014241074,-2.301752011877972
2008-11-04,7.59325647354126,72.47101593017578,0.10477645961051787,-1.7633037259332118
2008-11-05,7.206934452056885,69.4251937866211,0.10380863284598754,-1.8521658166048562
2008-11-06,6.611907005310059,65.5782699584961,0.10082466355844209,-2.1578872880607998
2008-11-07,6.904977321624756,67.7435302734375,0.1019282179974052,-2.017187837990396
2008-11-10,6.585261821746826,66.85578155517578,0.09849951146427087,-2.3622949177695456
2008-11-11,6.341034889221191,64.79157257080078,0.09786820473128734,-2.394168764907825
2008-11-12,5.928069114685059,61.9406623840332,0.09570561383297656,-2.5849347511473906
2008-11-13,6.447605609893799,65.802001953125,0.09798494602773397,-2.3088117473128777
2008-11-14,5.932507514953613,62.51803207397461,0.09489274243203881,-2.592305028522778
2008-11-17,5.7238054275512695,61.68801498413086,0.092786344787131,-2.7617758166979853
2008-11-18,5.71936559677124,62.85006332397461,0.0910001564722298,-2.887471880306872
2008-11-19,5.293076515197754,58.82270050048828,0.08998356876107408,-2.9308546543304
2008-11-20,4.8667893409729,54.45610427856445,0.08937086861883019,-2.930149840145391
2008-11-21,5.492900848388672,57.393619537353516,0.09570577518314077,-2.270261471609527
2008-11-24,5.71936559677124,61.3704833984375,0.09319407767475489,-2.476272770792148
2008-11-25,5.985795021057129,61.8251838684082,0.09681807067161487,-2.0978612768694735
2008-11-26,6.003556728363037,64.21418762207031,0.09349268363709119,-2.382205194459081
2008-11-28,6.065724849700928,65.02254486083984,0.09328648798170988,-2.365794295575682
2008-12-01,5.550626754760742,59.26300048828125,0.09366091336968892,-2.296737349990936
2008-12-02,5.794853210449219,61.543704986572266,0.09415834181113328,-2.219242907067109
2008-12-03,5.874782085418701,63.023311614990234,0.09321601697650828,-2.273891062957232
2008-12-04,5.57282829284668,61.56534194946289,0.0905189204897334,-2.481430745571295
2008-12-05,5.737127780914307,63.46355056762695,0.09040035941261758,-2.452767476642392
2008-12-08,6.145651817321777,65.6793441772461,0.09357054176327895,-2.138143596450416
2008-12-09,5.830379009246826,64.59671020507812,0.09025814148641402,-2.3971953353803244
2008-12-10,5.963592052459717,65.03697204589844,0.09169541362182485,-2.2384457392382595
2008-12-11,5.928069114685059,63.47079086303711,0.09339838111482132,-2.062919275674056
2008-12-12,5.945830821990967,64.22860717773438,0.09257293725111575,-2.107453651237158
2008-12-15,5.941390037536621,63.33364486694336,0.09381096019372945,-1.9757398685715557
2008-12-16,6.367677211761475,66.31446838378906,0.0960224422656774,-1.7664065108711335
2008-12-17,6.261105060577393,65.672119140625,0.09533886133886384,-1.804767672700497
2008-12-18,5.972472190856934,64.44513702392578,0.09267529664246978,-2.0057522671121335
2008-12-19,6.087925434112549,64.16793060302734,0.09487489119409642,-1.80059650298793
2008-12-22,6.065724849700928,63.34569549560547,0.09575591209858499,-1.7088716042302163
2008-12-23,5.980223178863525,62.69088363647461,0.09539222981033452,-1.7209006215970197
2008-12-24,6.113223075866699,63.05465316772461,0.09695118074165915,-1.5764940734506507
2008-12-26,6.2319722175598145,63.41848373413086,0.09826744271726985,-1.4547446932329442
2008-12-29,6.146473407745361,63.23654556274414,0.09719812100815578,-1.5279574171417898
2008-12-30,6.360222816467285,64.73546600341797,0.09824943279363234,-1.429034224823088
2008-12-31,6.654723644256592,65.65953826904297,0.10135197139200944,-1.1666774861637987
2009-01-02,6.725971221923828,67.6386489868164,0.09943976295615842,-1.3109870186126829
2009-01-05,6.6357221603393555,67.5585708618164,0.09822176632350604,-1.397366216123337
2009-01-06,6.844720363616943,68.00968933105469,0.10064331172428245,-1.1916177293898569
2009-01-07,6.578721046447754,65.97239685058594,0.0997192971682872,-1.255694801370918
2009-01-08,6.630971431732178,66.2415771484375,0.10010286163436537,-1.2146968955081563
2009-01-09,6.412472724914551,64.82275390625,0.0989231764850441,-1.2985784601021069
2009-01-12,6.174973964691162,63.26569747924805,0.09760382341025534,-1.3921711296576162
2009-01-13,6.056221961975098,63.38209533691406,0.09555099006718894,-1.5418173648952795
2009-01-14,5.842474460601807,61.388465881347656,0.09517218547038152,-1.5569594387537347
2009-01-15,5.942225456237793,61.4102783203125,0.09676271820888817,-1.4178275595840781
2009-01-16,5.970724105834961,61.89049530029297,0.09647239171160256,-1.4280309570793097
2009-01-20,5.467227935791016,58.62351989746094,0.09325997390388373,-1.6644183732084683
2009-01-21,5.780724048614502,61.155635833740234,0.09452479677147291,-1.5503490478076183
2009-01-22,5.60497522354126,60.2097282409668,0.09309085736294065,-1.6463568497029681
2009-01-23,5.505227565765381,60.471683502197266,0.09103810654726267,-1.786257824088291
2009-01-26,5.53847599029541,60.88641357421875,0.09096407006374535,-1.772951180979414
2009-01-27,5.695226192474365,61.50486373901367,0.09259798081402427,-1.631072293951109
2009-01-28,5.899473667144775,63.5858268737793,0.09277969568368583,-1.6012759704489796
2009-01-29,5.595475196838379,61.51942825317383,0.09095460337848157,-1.7222692946247744
2009-01-30,5.514725685119629,60.26792907714844,0.09150348733669408,-1.6634692304041672
2009-02-02,5.53847599029541,60.08602523803711,0.09217577578736745,-1.5973921511731992
2009-02-03,5.742724418640137,60.93006134033203,0.09425108546278123,-1.4282160477594317
2009-02-04,5.562225818634033,60.63175582885742,0.09173783181101142,-1.601345473145249
2009-02-05,5.714225769042969,61.53397750854492,0.09286293524987008,-1.5029618573431582
2009-02-06,6.018223762512207,63.287513732910156,0.09509338268383688,-1.325018480610092
2009-02-09,6.027723789215088,63.37480545043945,0.09511230443032927,-1.3123203425991965
2009-02-10,5.562225818634033,60.471683502197266,0.09198066758687026,-1.5303820620488833
2009-02-11,5.728474140167236,60.82818603515625,0.09417466660696422,-1.3561038825460807
2009-02-12,5.766474723815918,60.87184143066406,0.09473139941699,-1.3038939653512258
2009-02-13,5.818726062774658,60.21699142456055,0.09662930553520463,-1.1547661792034378
2009-02-17,5.419726371765137,57.64126205444336,0.09402511635928605,-1.3346681174842014
2009-02-18,5.448225021362305,57.50301742553711,0.09474676747907051,-1.270983185129009
2009-02-19,5.505227565765381,56.88452911376953,0.09677899512457737,-1.113238358539477
2009-02-20,5.500476837158203,56.33156967163086,0.09764465767990659,-1.041679369491053
2009-02-23,5.315225124359131,54.31611633300781,0.09785723802069916,-1.0180590432734047
2009-02-24,5.57647705078125,56.375240325927734,0.09891713132469881,-0.9332107382576889
2009-02-25,5.424476623535156,55.931365966796875,0.09698451896839683,-1.0658741778576895
2009-02-26,5.410226821899414,55.0218505859375,0.0983286960413898,-0.9600759292549341
2009-02-27,5.329476356506348,53.79221725463867,0.09907523111155583,-0.8982712563118613
2009-03-02,5.030227184295654,51.36927795410156,0.0979228711135508,-0.9748418533913177
2009-03-03,5.12047815322876,50.98360824584961,0.10043381254102586,-0.7846015637582541
2009-03-04,5.334226608276367,52.19146728515625,0.10220495582413855,-0.6493431581367205
2009-03-05,5.072978973388672,50.05954360961914,0.10133889779238577,-0.7067563480232524
2009-03-06,5.115728378295898,50.14687728881836,0.10201489414449726,-0.6515265745042625
2009-03-09,4.9922285079956055,49.55752182006836,0.10073604015392873,-0.7394187137221709
2009-03-10,5.372226715087891,52.51157760620117,0.10230556688613895,-0.6190324353604033
2009-03-11,5.410226821899414,52.853580474853516,0.10236254144548394,-0.6095956028373729
2009-03-12,5.533726215362549,54.93455123901367,0.10073307400448157,-0.7233378529881366
2009-03-13,5.661975383758545,55.36383056640625,0.1022684905620336,-0.6050612633728273
2009-03-16,5.685725688934326,55.19647979736328,0.10300884603162558,-0.5455419975370468
2009-03-17,5.94697380065918,56.88452911376953,0.10454466079459289,-0.4281790840197383
2009-03-18,6.037224292755127,58.15785217285156,0.10380755250059492,-0.4782811877813795
2009-03-19,6.146473407745361,57.437538146972656,0.10701143548349176,-0.23877690593730283
2009-03-20,6.10372257232666,56.214447021484375,0.10857925134430127,-0.12077525530124247
2009-03-23,6.507472038269043,60.25227355957031,0.10800375909193244,-0.16045254372650525
2009-03-24,6.360222816467285,59.06511688232422,0.10768154119018836,-0.1814039224856521
2009-03-25,6.474219799041748,59.68803405761719,0.10846763344210915,-0.1196857694265251
2009-03-26,6.654723644256592,60.90449142456055,0.10926490786807533,-0.05733235882714671
2009-03-27,6.45997428894043,59.805267333984375,0.1080168115103391,-0.14589504292004818
2009-03-30,6.151222229003906,57.738704681396484,0.10653550790490528,-0.2517128045966955
2009-03-31,6.360222816467285,58.2736701965332,0.10914402327872709,-0.05482196165318683
2009-04-01,6.469473361968994,59.402225494384766,0.10890961252925696,-0.0686460810453337
2009-04-02,6.844720363616943,61.138980865478516,0.11195345860731779,0.16180056091950876
2009-04-03,6.915971755981445,61.74723815917969,0.11200455214130542,0.17001084624377036
2009-04-06,6.801970481872559,61.263545989990234,0.1110280244467717,0.10158084830524511
2009-04-07,6.640472412109375,59.834590911865234,0.11098049323827774,0.10273102623707156
2009-04-08,6.592973709106445,60.47945785522461,0.10901178586766881,-0.04111336576413529
2009-04-09,6.849470138549805,62.88309860229492,0.10892386493021565,-0.043571477398728915
2009-04-13,6.9824700355529785,62.89776611328125,0.1110130051833206,0.11832844185659039
2009-04-14,6.887470245361328,61.81317138671875,0.11142399088814876,0.1532160674740346
2009-04-15,7.001470565795898,62.47272872924805,0.11207243077439002,0.20691678532256721
2009-04-16,7.020471572875977,63.3887825012207,0.11075258580239777,0.11169266895544207
2009-04-17,6.987220764160156,63.81376647949219,0.10949394072211108,0.02009539443451376
2009-04-20,6.521722316741943,61.138980865478516,0.1066704453430686,-0.19156305171348592
2009-04-21,6.721219539642334,62.33348846435547,0.10782678308604161,-0.09749782986166318
2009-04-22,6.588222503662109,61.952430725097656,0.10634324475331915,-0.20649765005580134
2009-04-23,6.839970588684082,62.56066131591797,0.10933341248014775,0.030394339695543816
2009-04-24,6.930220127105713,63.5059700012207,0.10912706517155003,0.019513806777528297
2009-04-27,6.744969844818115,62.90507125854492,0.10722457998808625,-0.12363279306240978
2009-04-28,6.645222187042236,62.70720291137695,0.10597223091634016,-0.21648407964960525
2009-04-29,6.934970855712891,64.04093933105469,0.10828964921740286,-0.030654988394204667
2009-04-30,6.977719306945801,64.06293487548828,0.1089197571186457,0.023858374898990526
2009-05-01,7.034717559814453,64.4073486328125,0.10922228144989339,0.052183494625498296
2009-05-04,7.4289679527282715,66.59850311279297,0.11154857249788898,0.2407760677302532
2009-05-05,7.357717037200928,66.371337890625,0.1108568437979342,0.1916164153676381
2009-05-06,7.504969120025635,67.52184295654297,0.11114876003689399,0.2204564352871489
2009-05-07,7.452716827392578,66.58380889892578,0.11192986629385834,0.2875479661062816
2009-05-08,7.780467510223389,68.13740539550781,0.11418790406034954,0.4747925882249482
2009-05-11,7.481216907501221,66.8622817993164,0.11188994312152996,0.2970177267184388
2009-05-12,7.542967319488525,66.66443634033203,0.11314829515666398,0.40694601841285094
2009-05-13,7.162968635559082,64.98628997802734,0.11022276603235805,0.17622319017756535
2009-05-14,7.267469882965088,65.54320526123047,0.11088059935426864,0.23779537578453752
2009-05-15,7.129718780517578,65.00827026367188,0.10967402688303537,0.14616196873022147
2009-05-18,7.433716773986816,66.85497283935547,0.11119168041320056,0.2811786079357206
2009-05-19,7.571468353271484,66.77436065673828,0.11338885582437154,0.47423292802969863
2009-05-20,7.576218128204346,66.32736206054688,0.1142246260493279,0.5537206721860269
2009-05-21,7.438469886779785,65.37471771240234,0.11378205745381935,0.5260966560758217
2009-05-22,7.5097174644470215,65.2354507446289,0.1151171238755536,0.6510948071571087
2009-05-26,7.713966369628906,66.90626525878906,0.1152951272917684,0.6772236185153611
2009-05-27,7.447968482971191,65.71175384521484,0.11334301775775166,0.5181526641879085
2009-05-28,7.514468193054199,66.62774658203125,0.112782865675976,0.4786920756994993
2009-05-29,7.823216438293457,67.8076400756836,0.11537367219330392,0.7161926942769522
2009-06-01,8.150967597961426,69.44913482666016,0.11736600633406925,0.9029133391552429
2009-06-02,8.288713455200195,69.50774383544922,0.1192487771552861,1.0802011907509426
2009-06-03,8.065464973449707,68.62841033935547,0.11752370386502319,0.9329893317660869
2009-06-04,8.027464866638184,69.27325439453125,0.11588115697465931,0.7925522252052934
2009-06-05,8.003716468811035,69.2879409790039,0.11551384491619364,0.7669344951684551
2009-06-08,7.889716625213623,69.00212097167969,0.11434020453446313,0.6691977368382092
2009-06-09,8.084465026855469,69.35388946533203,0.11656830048294055,0.8807594290000221
2009-06-10,8.241214752197266,69.17803192138672,0.1191305176412435,1.1219983585390192
2009-06-11,8.478713035583496,69.48577880859375,0.12202083909772454,1.3930744753019542
2009-06-12,8.383712768554688,69.67632293701172,0.12032369699149696,1.2390413821358064
2009-06-15,8.008465766906738,68.07878112792969,0.11763526952484203,0.9951321896478157
2009-06-16,7.941964626312256,67.15544891357422,0.11826240096366829,1.0571349796561254
2009-06-17,7.827966213226318,67.08948516845703,0.11667947955735299,0.9169039625987577
2009-06-18,7.941964626312256,67.58045196533203,0.11751866694212683,1.0031623882890048
2009-06-19,7.984713077545166,67.82958984375,0.11771725431243926,1.0301964176760696
2009-06-22,7.652216911315918,65.79556274414062,0.11630293278397988,0.9040945036587694
2009-06-23,7.636973857879639,65.84713745117188,0.11598034711140999,0.8816363130027719
2009-06-24,7.770369052886963,66.4145736694336,0.11699795125633954,0.9869320408410934
2009-06-25,7.941880226135254,67.85902404785156,0.11703499037261347,0.9993251307014595
2009-06-26,8.008578300476074,67.68217468261719,0.1183262555913842,1.1341035545658322
2009-06-29,8.08480453491211,68.31592559814453,0.11834436061760237,1.1499092114508263
2009-06-30,8.003813743591309,67.76321411132812,0.11811443492691846,1.1383519934645727
2009-07-01,8.037164688110352,68.04324340820312,0.1181184829755104,1.1462775545808912
2009-07-02,7.72749137878418,66.18611907958984,0.11675395817500268,1.0200697636286453
2009-07-06,7.67985200881958,66.17877197265625,0.11604706131435533,0.9584501639259513
2009-07-07,7.455933094024658,64.89647674560547,0.11488964375141589,0.8520952960260157
2009-07-08,7.408291816711426,64.85222625732422,0.1142334233418048,0.7940654784995822
2009-07-09,7.503575801849365,64.97750854492188,0.11547958624270437,0.9278438790822643
2009-07-10,7.489280700683594,64.82273864746094,0.11553477771764806,0.9438111379459599
2009-07-13,7.551218509674072,66.39984130859375,0.11372344211757568,0.7698470896673882
2009-07-14,7.818009376525879,66.77574157714844,0.11707858560422649,1.1274224750006947
2009-07-15,8.203908920288086,68.72860717773438,0.1193667274396019,1.3759428829181626
2009-07-16,8.26584243774414,68.61811065673828,0.12046152770212476,1.5016223814372964
2009-07-17,8.23249340057373,69.36981201171875,0.11867544630484227,1.3260598967134327
2009-07-20,8.48499584197998,70.10672760009766,0.12102969475882598,1.580617802166941
2009-07-21,8.442117691040039,70.43101501464844,0.11986363804758776,1.4717902498080362
2009-07-22,8.427824974060059,70.41629028320312,0.11968572812007969,1.464848949944048
2009-07-23,8.58980655670166,71.97124481201172,0.11935053477452227,1.442286256578725
2009-07-24,8.565985679626465,72.26603698730469,0.11853404499171985,1.368041505860869
2009-07-27,8.680322647094727,72.47976684570312,0.11976201117718316,1.5129187113586666
2009-07-28,8.713675498962402,72.14075469970703,0.12078714085032699,1.6301571114675044
2009-07-29,8.58980655670166,71.9638900756836,0.11936273244356106,1.47885772476648
2009-07-30,8.866130828857422,72.71558380126953,0.12192889564207321,1.7589251014199536
2009-07-31,9.018584251403809,72.81871795654297,0.12384980818786118,1.9644995799014096
2009-08-03,9.261552810668945,74.02001190185547,0.12512228210593931,2.090582105788238
2009-08-04,9.256791114807129,74.21160125732422,0.12473509475573459,2.0365652772613787
2009-08-05,9.175800323486328,73.99791717529297,0.12400079182971949,1.9440809384130584
2009-08-06,9.232969284057617,73.61466979980469,0.1254229531853733,2.081421549510888
2009-08-07,9.275848388671875,74.580078125,0.12437434529265419,1.9558085974191481
2009-08-10,9.171036720275879,74.42533874511719,0.12322465540511311,1.820556151066297
2009-08-11,9.090047836303711,73.49675750732422,0.1236795764139371,1.8535793678444106
2009-08-12,9.30443286895752,74.28530883789062,0.1252526645512392,2.0002702757644895
2009-08-13,9.585518836975098,74.85276794433594,0.12805830833274387,2.2659095123970125
2009-08-14,9.342548370361328,74.27791595458984,0.12577827810991546,2.007690161392581
2009-08-17,9.109101295471191,72.45027160644531,0.12572901513678836,1.980782192546686
2009-08-18,9.275848388671875,73.02507781982422,0.12702277992169078,2.0889548447032342
2009-08-19,9.318723678588867,73.66622161865234,0.12649927570371491,2.0139101382393676
2009-08-20,9.290141105651855,74.42533874511719,0.12482497577159302,1.8299495748644918
2009-08-21,9.285375595092773,75.88450622558594,0.1223619426011634,1.5733213950786826
2009-08-24,9.48547077178955,75.87712097167969,0.12501094730953088,1.8201597054921446
2009-08-25,9.495001792907715,76.02450561523438,0.12489396301980073,1.7928786108395565
2009-08-26,9.404479026794434,76.03189849853516,0.12369122976688031,1.6616646685791165
2009-08-27,9.604576110839844,76.20137023925781,0.12604203941062084,1.8741305490743188
2009-08-28,9.704623222351074,76.18669128417969,0.12737950761180067,1.9850185320054936
2009-08-31,9.656982421875,75.50860595703125,0.12789247397005818,2.015025875735774
2009-09-01,9.456887245178223,73.84310913085938,0.1280672950595758,2.0104782818272633
2009-09-02,9.433067321777344,73.56307220458984,0.12823101372849927,2.004028090184954
2009-09-03,9.61886978149414,74.17475128173828,0.12967849052784478,2.1134782024184697
2009-09-04,9.78084945678711,75.21388244628906,0.13004048107437755,2.1196227815602304
2009-09-08,10.061934471130371,75.86238861083984,0.13263403190145057,2.3259410575118653
2009-09-09,10.09528636932373,76.44458770751953,0.13206018466537822,2.2410009080616273
2009-09-10,10.228682518005371,77.22579193115234,0.13245163645747207,2.2445058309351054
2009-09-11,10.209628105163574,77.21102142333984,0.13223019093589328,2.193649463202455
2009-09-14,10.157222747802734,77.58687591552734,0.13091418655471324,2.051485595688016
2009-09-15,10.157222747802734,77.91109466552734,0.13036940106422243,1.9793891499841063
2009-09-16,10.633635520935059,79.09024047851562,0.1344494018048108,2.3020577050218494
2009-09-17,10.495474815368652,78.97235107421875,0.13290062499855088,2.138702734065633
2009-09-18,10.505002975463867,79.02268981933594,0.13293654011880288,2.113803978125623
2009-09-21,10.395427703857422,78.82282257080078,0.13188347441529347,2.00094836014974
2009-09-22,10.581231117248535,79.2818603515625,0.13346345646189164,2.110480437551479
2009-09-23,10.562174797058105,78.62285614013672,0.13433974947732977,2.1594708626378645
2009-09-24,10.381136894226074,77.7564926147461,0.13350829680115162,2.0696056796052744
2009-09-25,10.481182098388672,77.34184265136719,0.13551761555041505,2.2096647266900398
2009-09-28,10.652695655822754,78.72652435302734,0.1353126629603726,2.1669964408102085
2009-09-29,10.700337409973145,78.48953247070312,0.136328209292967,2.2183799092731356
2009-09-30,10.767037391662598,78.18595886230469,0.13771062666922976,2.2954240916445006
2009-10-01,10.376372337341309,76.24595642089844,0.1360907886060332,2.1389995508732365
2009-10-02,10.214393615722656,75.89054107666016,0.13459376452995211,1.9969713243730522
2009-10-05,10.419249534606934,77.02342987060547,0.13527376737326058,2.0249055501984556
2009-10-06,10.652695655822754,78.12673950195312,0.13635146844386667,2.0807783181018227
2009-10-07,10.781326293945312,78.34146118164062,0.13761967330361619,2.1484059620681952
2009-10-08,11.186284065246582,78.94124603271484,0.14170392066792004,2.4196379962677903
2009-10-09,11.13387680053711,79.42253875732422,0.14018535512389876,2.2717648126428616
2009-10-12,11.16722583770752,79.7335205078125,0.1400568514545062,2.230150300639618
2009-10-13,11.162460327148438,79.5706558227539,0.14028362857801704,2.215090980822378
2009-10-14,11.50547981262207,80.94050598144531,0.14214736704585923,2.3158261066013743
2009-10-15,11.586471557617188,81.23666381835938,0.14262613717771433,2.3151482415175124
2009-10-16,11.45307445526123,80.6294937133789,0.14204571959703147,2.2408968107211464
2009-10-19,11.610296249389648,81.29596710205078,0.1428151563141533,2.2623944989314784
2009-10-20,11.486425399780273,80.8664779663086,0.14204186566114407,2.1775177366750063
2009-10-21,11.476896286010742,80.14079284667969,0.14320916824428748,2.226748730515697
2009-10-22,11.629352569580078,80.95531463623047,0.14365150233602472,2.2257044145433413
2009-10-23,11.50547981262207,80.02974700927734,0.14376504040789123,2.2029027872738403
2009-10-26,11.343497276306152,79.16336822509766,0.1432922515885302,2.143732334656723
2009-10-27,11.205334663391113,78.80054473876953,0.14219869546000913,2.0459561577848104
2009-10-28,10.700337409973145,77.31221008300781,0.1384042365169035,1.7736082644710942
2009-10-29,10.919486045837402,78.97086334228516,0.13827233974268247,1.7470617990276185
2009-10-30,10.447835922241211,76.68282318115234,0.13624740833497578,1.5969959385335617
2009-11-02,10.614581108093262,77.24556732177734,0.13741346560219722,1.6581856939533075
2009-11-03,10.543118476867676,77.48994445800781,0.13605789177692654,1.5536659456360953
2009-11-04,10.628874778747559,77.68988800048828,0.13681156006661713,1.5876720592666769
2009-11-05,10.733685493469238,79.11895751953125,0.1356651532070494,1.4984685250697316
2009-11-06,10.924250602722168,79.32627868652344,0.1377128838463724,1.6160636875340817
2009-11-09,11.414959907531738,81.13304901123047,0.14069432921165917,1.7901769820893443
2009-11-10,11.448310852050781,81.1478500366211,0.14107965703200134,1.7956659588183412
2009-11-11,11.495952606201172,81.56253814697266,0.1409464794423868,1.7683871443618855
2009-11-12,11.2672700881958,80.73321533203125,0.1395617657720795,1.6634868608224431
2009-11-13,11.486425399780273,81.17007446289062,0.14151059335336255,1.7693145223406188
2009-11-16,11.67223072052002,82.34741973876953,0.14174373353224426,1.7662923927116354
2009-11-17,11.495952606201172,82.44366455078125,0.13944009729359166,1.605926448115521
2009-11-18,11.443548202514648,82.39185333251953,0.13889174402146812,1.5582536012076722
2009-11-19,11.205334663391113,81.31815338134766,0.13779622627241478,1.4774635100527052
2009-11-20,11.1005277633667,81.02936553955078,0.1369938872093042,1.4161905022469532
2009-11-23,11.33397388458252,82.05860900878906,0.1381204729337853,1.4747183941491149
2009-11-24,11.152928352355957,82.18448638916016,0.13570600538335892,1.3116915279182566
2009-11-25,11.429256439208984,82.4732666015625,0.13858134775266015,1.4805645003008934
2009-11-27,10.871846199035645,81.13304901123047,0.13400021731625986,1.1821352392284257
2009-11-30,11.114816665649414,81.40699768066406,0.13653392192707564,1.3319373886111503
2009-12-01,11.386378288269043,82.41405487060547,0.13816063663104883,1.4233141812476973
2009-12-02,11.376850128173828,82.37702178955078,0.13810708230310093,1.4085121297749656
2009-12-03,11.252981185913086,81.7328109741211,0.13768009507804763,1.370817015711628
2009-12-04,11.205334663391113,82.1993179321289,0.13631907107359745,1.2757436533701063
2009-12-07,11.019535064697266,82.07341766357422,0.13426436206016495,1.1376664584407292
2009-12-08,10.800386428833008,81.16262817382812,0.13307093020326471,1.0539640250286626
2009-12-09,10.867082595825195,81.46624755859375,0.13339368046882433,1.0671714583296386
2009-12-10,10.990949630737305,81.92533874511719,0.13415812249409068,1.1081862550556358
2009-12-11,10.938545227050781,82.27336883544922,0.13295365659486255,1.023475694242265
2009-12-14,11.038594245910645,82.83612823486328,0.13325821089335782,1.0355596545174746
2009-12-15,10.87661075592041,82.4510726928711,0.1319159399712798,0.9420032181539028
2009-12-16,10.833731651306152,82.57693481445312,0.13119561383150258,0.8884506555206755
2009-12-17,10.666984558105469,81.58470153808594,0.13074736264280912,0.8526182906276045
2009-12-18,10.733685493469238,82.04627990722656,0.13082476750446578,0.8510543856749263
2009-12-21,10.609817504882812,82.88006591796875,0.12801410553152756,0.6618023710672406
2009-12-22,10.671060562133789,83.17784881591797,0.12829209596115018,0.6737496500384553
2009-12-23,10.818046569824219,83.3416519165039,0.12980360145323627,0.7664012871865411
2009-12-24,11.038518905639648,83.73616790771484,0.13182498293694472,0.8923479524730218
2009-12-28,11.063018798828125,83.91485595703125,0.13183623653591164,0.8860118425900007
2009-12-29,11.175704956054688,83.79573059082031,0.13336842912231817,0.9797460063435518
2009-12-30,11.170808792114258,83.7659683227539,0.13335736476026455,0.9714805858746982
2009-12-31,11.190404891967773,82.96195983886719,0.13488597561704582,1.064444871799423
2010-01-04,11.621561050415039,84.36898803710938,0.13774683471731747,1.2444390661159916
2010-01-05,11.655853271484375,84.59230041503906,0.13778858376349537,1.237707788885563
2010-01-06,11.699952125549316,84.65184783935547,0.13821260166408197,1.255798616328608
2010-01-07,11.646056175231934,85.00920104980469,0.13699759592386723,1.1660738232395227
2010-01-08,11.783241271972656,85.29209899902344,0.13815161556884148,1.2330481827039008
2010-01-11,11.900829315185547,85.41120910644531,0.13933568485553127,1.3015959969256174
2010-01-12,11.508870124816895,84.61463928222656,0.136015117743749,1.0728782795079754
2010-01-13,11.685250282287598,85.3293228149414,0.1369429628268593,1.1268484136585475
2010-01-14,11.832236289978027,85.56010437011719,0.13829151304904866,1.2086956361784933
2010-01-15,11.582362174987793,84.5997543334961,0.13690775187513657,1.108112606007328
2010-01-19,11.753849029541016,85.65686798095703,0.13722015883366287,1.1212263868917103
2010-01-20,11.405982971191406,84.78587341308594,0.13452692662161095,0.933567928322754
2010-01-21,11.023825645446777,83.1554946899414,0.1325688180504593,0.7948512633682941
2010-01-22,10.798444747924805,81.30182647705078,0.13281921471927696,0.8058990360609433
2010-01-25,10.965025901794434,81.7187271118164,0.13418008685806987,0.8934430259832862
2010-01-26,10.769049644470215,81.37627410888672,0.13233647967293918,0.7608784185440319
2010-01-27,10.720054626464844,81.76342010498047,0.13111064352128113,0.6699416321064388
2010-01-28,10.622062683105469,80.82536315917969,0.1314199190442991,0.6857686667754387
2010-01-29,10.337896347045898,79.9468994140625,0.1293095344886819,0.5311267145466919
2010-02-01,10.587769508361816,81.19014739990234,0.1304070733633691,0.6033370037165539
2010-02-02,10.661262512207031,82.17284393310547,0.12974191961624276,0.5496936340894064
2010-02-03,10.528976440429688,81.76342010498047,0.12877367931663042,0.47344864014713517
2010-02-04,10.029229164123535,79.23970031738281,0.12656823693114627,0.3056905228352665
2010-02-05,10.088022232055664,79.4034652709961,0.1270476319594649,0.33407921441533556
2010-02-08,10.024327278137207,78.8302230834961,0.12716350260127454,0.3359628262941289
2010-02-09,10.3183012008667,79.82037353515625,0.12926901671691735,0.4873909237673919
2010-02-10,10.254607200622559,79.6640625,0.12872312657445203,0.4398038675376749
2010-02-11,10.612266540527344,80.49781036376953,0.13183298393547005,0.6715296160822399
2010-02-12,10.42608642578125,80.43082427978516,0.12962799423158045,0.4956926985266163
2010-02-16,10.847437858581543,81.69638061523438,0.13277745937937868,0.7346672105037099
2010-02-17,10.965025901794434,82.08351135253906,0.1335837821886168,0.7929076053703494
2010-02-18,11.048317909240723,82.56741333007812,0.1338096648985851,0.8058520705014862
2010-02-19,10.965025901794434,82.73860931396484,0.13252610833940773,0.6980067207180358
2010-02-22,11.11201000213623,82.7535171508789,0.1342784015074121,0.8334524851708447
2010-02-23,10.886636734008789,81.74847412109375,0.133172353992595,0.7383646451979
2010-02-24,10.945430755615234,82.50037384033203,0.13267128676045262,0.6917508476517955
2010-02-25,10.690658569335938,82.38872528076172,0.12975875683116406,0.44579911509533077
2010-02-26,10.847437858581543,82.4408187866211,0.13157848282241855,0.5911614597207573
2010-03-01,11.156108856201172,83.29698181152344,0.13393172974075057,0.7829764828053577
2010-03-02,11.214902877807617,83.52772521972656,0.13426563273818234,0.8062284359886914
2010-03-03,11.342288970947266,83.60218811035156,0.13566976208775655,0.9204195048092836
2010-03-04,11.278595924377441,83.85530853271484,0.13450067886849731,0.8142273986610172
2010-03-05,11.567663192749023,85.05387878417969,0.13600394665246765,0.9384785339472164
2010-03-08,11.503969192504883,85.06875610351562,0.13523142595980028,0.8656199126656597
2010-03-09,11.621561050415039,85.2102279663086,0.13638692593347018,0.9615970943112262
2010-03-10,11.660750389099121,85.58990478515625,0.13623978690441807,0.942990425078076
2010-03-11,11.62645435333252,85.9472427368164,0.13527431460407055,0.8517310525505457
2010-03-12,11.621561050415039,85.95465850830078,0.13520571487457805,0.8406421236896483
2010-03-15,11.499070167541504,85.97697448730469,0.13374592716378325,0.7034036222754325
2010-03-16,11.704850196838379,86.66189575195312,0.13506339891687152,0.8177710266386333
2010-03-17,11.83713436126709,87.17555236816406,0.13578502274669765,0.8780983559067226
2010-03-18,11.748942375183105,87.13087463378906,0.13484247030187513,0.7856196913813868
2010-03-19,11.636256217956543,86.68985748291016,0.1342285770887383,0.7224952560262302
2010-03-22,11.714648246765137,87.1533203125,0.13441425071082413,0.7335985706427336
2010-03-23,11.881230354309082,87.76627349853516,0.13537353109229802,0.8173367404769646
2010-03-24,11.641157150268555,87.34021759033203,0.13328518603962297,0.6143351145231003
2010-03-25,11.670557022094727,87.19816589355469,0.13383947818743472,0.6607910811858873
2010-03-26,11.675450325012207,87.14583587646484,0.13397599790726608,0.6676535414423446
2010-03-29,11.866532325744629,87.69903564453125,0.13530972420087956,0.7893028964678196
2010-03-30,11.886128425598145,87.75883483886719,0.1354408185503158,0.796158357410373
2010-03-31,11.763642311096191,87.45977783203125,0.13450345521902157,0.699150645793902
2010-04-01,11.989020347595215,88.05783081054688,0.13614939451993932,0.8533136763631403
2010-04-05,12.062508583068848,88.77545928955078,0.13587661139240823,0.8199762311777115
2010-04-06,12.140902519226074,88.9847640991211,0.1364379918533266,0.8683650049395213
2010-04-07,12.052716255187988,88.47644805908203,0.13622513696684038,0.8408546976302596
2010-04-08,12.047812461853027,88.78288269042969,0.13569972157652993,0.7824987235355972
2010-04-09,12.145803451538086,89.36598205566406,0.13591081496729637,0.79746229457382
2010-04-12,12.106607437133789,89.50800323486328,0.13525726191619786,0.7261757592215473
2010-04-13,12.082109451293945,89.57530975341797,0.13488213978331146,0.6822903695581961
2010-04-14,12.307485580444336,90.59191131591797,0.13585634083295667,0.774494741854845
2010-04-15,12.282984733581543,90.66666412353516,0.1354741001262132,0.7294063869072526
2010-04-16,11.993919372558594,89.22393798828125,0.13442490482917135,0.6163026356392239
2010-04-19,11.915526390075684,89.56037139892578,0.13304462904693362,0.4684476006958793
2010-04-20,12.087008476257324,90.36016845703125,0.13376478466842423,0.5369428080681541
2010-04-21,12.028217315673828,90.19573211669922,0.13335683444656993,0.4881932622042857
2010-04-22,11.944924354553223,90.46479034423828,0.13203948529698878,0.34250378013382277
2010-04-23,11.900829315185547,91.05537414550781,0.13069881296811595,0.1924148087548763
2010-04-26,11.876330375671387,90.71151733398438,0.13092417285827948,0.20920196400054575
2010-04-27,11.440279960632324,88.5661392211914,0.12917216513255197,0.010063534103764373
2010-04-28,11.636256217956543,89.2389144897461,0.13039441688069384,0.135102196921898
2010-04-29,11.73914623260498,90.34525299072266,0.1299365029594908,0.07555708202728428
2010-04-30,11.484373092651367,88.81281280517578,0.1293098679111094,-0.0038753801901143005
2010-05-03,11.62645435333252,89.96399688720703,0.1292345244276915,-0.02165065003627534
2010-05-04,11.018924713134766,87.8485336303711,0.12543094640028563,-0.4675690474366113
2010-05-05,10.92583179473877,87.32525634765625,0.12511651556156023,-0.5149451333687949
2010-05-06,10.195810317993164,84.42486572265625,0.12076785945372273,-1.0335253061056529
2010-05-07,10.210508346557617,83.16902923583984,0.12276815589134742,-0.8097119219449133
2010-05-10,10.989523887634277,86.83187866210938,0.12656093657028925,-0.3694335374078578
2010-05-11,10.739651679992676,86.58519744873047,0.1240356550131092,-0.6811741947056359
2010-05-12,10.818046569824219,87.79618835449219,0.12321772473930756,-0.7893756550731397
2010-05-13,10.754353523254395,86.7048110961914,0.1240341036130438,-0.7045879093993704
2010-05-14,10.391786575317383,85.13500213623047,0.12206244569875924,-0.9591248850146004
2010-05-17,10.288902282714844,85.17987823486328,0.12079029103969413,-1.132367034565685
2010-05-18,10.014531135559082,84.02120971679688,0.11919051355383013,-1.345032634040834
2010-05-19,9.666667938232422,83.54280853271484,0.11570915687431091,-1.7862442824814657
2010-05-20,9.049331665039062,80.38823699951172,0.11257034614522059,-2.175727901211745
2010-05-21,9.451088905334473,81.56185150146484,0.11587634085482637,-1.765950053700728
2010-05-24,9.43149185180664,80.5153579711914,0.1171390414134562,-1.6112273298633464
2010-05-25,9.358002662658691,80.59757995605469,0.11610773757426814,-1.7426364642299823
2010-05-26,9.279607772827148,80.1116943359375,0.11583337301436136,-1.7827316722915234
2010-05-27,9.916540145874023,82.79528045654297,0.11977180451824124,-1.2971409563268705
2010-05-28,9.852846145629883,81.75624084472656,0.12051491169148355,-1.210209884833176
2010-06-01,9.544179916381836,80.38079071044922,0.11873707426892886,-1.4390568476144847
2010-06-02,9.828348159790039,82.47384643554688,0.11916927104243732,-1.3837877904701545
2010-06-03,9.857745170593262,82.75790405273438,0.11911545227525075,-1.3931447663500314
2010-06-04,9.348201751708984,79.8500747680664,0.11707192233522506,-1.6565582049068472
2010-06-07,9.137523651123047,78.8558349609375,0.1158763160094553,-1.8102602437577702
2010-06-08,9.519682884216309,79.7005386352539,0.1194431436377454,-1.3625098408740544
2010-06-09,9.544179916381836,79.27448272705078,0.12039409893399508,-1.24590087635768
2010-06-10,10.053727149963379,81.59176635742188,0.12321987375444111,-0.8859644686288699
2010-06-11,10.10761833190918,81.9879379272461,0.12328177275147974,-0.8791623095619511
2010-06-14,10.181113243103027,81.86090850830078,0.12437088017500626,-0.7420060972944746
2010-06-15,10.401589393615723,83.72222137451172,0.12423929063093837,-0.7655532317542902
2010-06-16,10.332996368408203,83.69229888916016,0.12346412400611612,-0.8718964923875617
2010-06-17,10.308499336242676,83.82687377929688,0.12297368220343456,-0.9433225051553394
2010-06-18,10.401589393615723,83.91771697998047,0.12394986145889957,-0.822149777081167
2010-06-21,10.514275550842285,83.67740631103516,0.1256525030395892,-0.6050333391295565
2010-06-22,10.3183012008667,82.29544830322266,0.12538118952640348,-0.6495485223366749
2010-06-23,10.260415077209473,82.04005432128906,0.12506592251910462,-0.7006776537294465
2010-06-24,10.052637100219727,80.68060302734375,0.12459794204578208,-0.7713556620667498
2010-06-25,10.112004280090332,81.01859283447266,0.1248109097716613,-0.750829429450532
2010-06-28,9.973478317260742,80.76322174072266,0.12349034749107696,-0.9355874774663236
2010-06-29,9.498553276062012,78.26966857910156,0.12135675860774219,-1.2297471397729431
2010-06-30,9.389713287353516,77.52608489990234,0.121116825381767,-1.2670495216139495
2010-07-01,9.394662857055664,77.18061828613281,0.12172308366624761,-1.1896416694686769
2010-07-02,9.389713287353516,76.75997924804688,0.1223256360845412,-1.11529810400108
2010-07-06,9.538129806518555,77.26319122314453,0.12344985568834964,-0.9706550281956807
2010-07-07,9.83495807647705,79.69670104980469,0.12340483290934354,-0.9888481387967883
2010-07-08,10.06747817993164,80.48529815673828,0.12508468515984225,-0.767921085479458
2010-07-09,10.141685485839844,81.08618927001953,0.125072907940805,-0.7810200813923475
2010-07-12,10.072425842285156,81.13878631591797,0.12413823646643736,-0.9251418857082152
2010-07-13,10.201051712036133,82.36302185058594,0.12385475281057286,-0.9809453312329687
2010-07-14,10.25546932220459,82.35549926757812,0.12452683079345964,-0.8937919771844599
2010-07-15,10.245573997497559,82.37804412841797,0.12437262993918474,-0.9224579317764477
2010-07-16,9.914113998413086,80.10980224609375,0.12375656561924056,-1.0164723051689168
2010-07-19,9.94379997253418,80.58296203613281,0.12339829315377428,-1.0756684541552761
2010-07-20,10.28515338897705,81.47673034667969,0.1262342431417437,-0.665394210868267
2010-07-21,10.052637100219727,80.41773986816406,0.1250052179618565,-0.8521419606193629
2010-07-22,10.36925220489502,82.21279907226562,0.12612698170975026,-0.6935224942125447
2010-07-23,10.542405128479004,82.92633056640625,0.12712976754755587,-0.5523945361720806
2010-07-26,10.690818786621094,83.79004669189453,0.12759055769395192,-0.4922070760440707
2010-07-27,10.651241302490234,83.78253936767578,0.12712960699063747,-0.5684592659459043
2010-07-28,10.577034950256348,83.24177551269531,0.1270640238643544,-0.5844084873333836
2010-07-29,10.666084289550781,82.83617401123047,0.12876118938212588,-0.3354281856377629
2010-07-30,10.6611328125,82.82118225097656,0.12872471175541922,-0.3463061356324897
2010-08-02,11.012386322021484,84.69134521484375,0.13002965408195402,-0.15122245155581496
2010-08-03,10.893653869628906,84.2857666015625,0.12924666060315523,-0.2739234062694337
2010-08-04,11.007437705993652,84.84906005859375,0.1297296363494458,-0.20332155026693524
2010-08-05,10.92333698272705,84.75894165039062,0.12887533480282323,-0.3381358540704399
2010-08-06,10.918384552001953,84.41345977783203,0.12934411858888467,-0.26878940044138255
2010-08-09,11.022281646728516,84.86408233642578,0.1298815864529472,-0.18976272280863943
2010-08-10,10.829339027404785,84.40592193603516,0.12830070188216794,-0.4380111143577382
2010-08-11,10.334624290466309,82.09261322021484,0.12588981986410278,-0.8135389493159462
2010-08-12,10.309886932373047,81.58943176269531,0.12636301920032467,-0.7413167256441928
2010-08-13,10.389043807983398,81.34903717041016,0.12770948703695661,-0.5322823720743407
2010-08-16,10.502827644348145,81.31151580810547,0.12916777580600924,-0.30866175130418577
2010-08-17,10.690818786621094,82.31045532226562,0.12988409242500137,-0.20030813627301022
2010-08-18,10.61661148071289,82.46066284179688,0.12874758842384232,-0.37821487020344446
2010-08-19,10.408829689025879,81.0261001586914,0.12846267645412968,-0.42402898707136455
2010-08-20,10.43851375579834,80.76322174072266,0.12924835749259125,-0.30503893517243463
2010-08-23,10.339569091796875,80.4552993774414,0.12851321381939884,-0.424912218135322
2010-08-24,10.097158432006836,79.26107788085938,0.12739113196497648,-0.6026225130117164
2010-08-25,10.072425842285156,79.56902313232422,0.12658727537140418,-0.7302352910377159
2010-08-26,10.116947174072266,79.03575134277344,0.12800469410603382,-0.5118982801749359
2010-08-27,10.473143577575684,80.260009765625,0.13049018568723478,-0.12432460019398418
2010-08-30,10.398937225341797,79.09584045410156,0.13147261810026767,0.02770013923868339
2010-08-31,10.418725967407227,79.09584045410156,0.13172280498685765,0.06473350741787887
2010-09-01,10.997543334960938,81.46175384521484,0.13500253574035892,0.5769733692242373
2010-09-02,11.007437705993652,82.22030639648438,0.13387736179081322,0.39628586247959163
2010-09-03,11.091538429260254,83.2868423461914,0.13317275714640484,0.2830966641649474
2010-09-07,10.992594718933105,82.34798431396484,0.13348954210004804,0.33080087839514855
2010-09-08,11.096487998962402,82.92633056640625,0.13381139528507763,0.3806791074837332
2010-09-09,11.25479507446289,83.30937194824219,0.13509638605192203,0.5807587527888296
2010-09-10,11.230057716369629,83.72997283935547,0.13412231409552283,0.42628980089995594
2010-09-13,11.492260932922363,84.66131591796875,0.13574394407072066,0.6786163142088669
2010-09-14,11.586255073547363,84.60870361328125,0.1369392814066074,0.8614776886659284
2010-09-15,11.581307411193848,84.93170166015625,0.13636024222774934,0.7660074201555641
2010-09-16,11.477418899536133,84.9091567993164,0.13517292282931417,0.579273749484888
2010-09-17,11.437837600708008,84.9408950805664,0.13465642891871132,0.49702918147881275
2010-09-20,11.695091247558594,86.23963165283203,0.13561156307622677,0.6445470524431248
2010-09-21,11.645622253417969,86.06597137451172,0.1353104144115522,0.5948512655476497
2010-09-22,11.655516624450684,85.64310455322266,0.13609404616115237,0.7152233261611605
2010-09-23,11.541730880737305,84.94844055175781,0.13586748392049763,0.6784967930723816
2010-09-24,11.848455429077148,86.70027160644531,0.13665995745503906,0.799490332944503
2010-09-27,11.863297462463379,86.28495788574219,0.13748975201648309,0.9268970052718484
2010-09-28,12.06118392944336,86.58699035644531,0.1392955671492,1.2033362197732271
2010-09-29,11.937506675720215,86.43594360351562,0.13810813161799831,1.0165107204388488
2010-09-30,11.7445650100708,86.17919158935547,0.13628075169274906,0.7339139298495795
2010-10-01,11.868242263793945,86.54167175292969,0.13713904554186257,0.8663282807080985
2010-10-04,11.76435375213623,85.89229583740234,0.1369663441574159,0.8372107894721369
2010-10-05,12.031501770019531,87.62150573730469,0.13731220056969579,0.8888513142942799
2010-10-06,12.135390281677246,87.61393737792969,0.1385098152743698,1.0720639997735706
2010-10-07,12.105707168579102,87.50821685791016,0.13833794817503273,1.0445269483706285
2010-10-08,12.298648834228516,87.99901580810547,0.13975893618000787,1.2680162641311552
2010-10-11,12.234331130981445,88.08209991455078,0.13889690576008154,1.1361561048328155
2010-10-12,12.125495910644531,88.35392761230469,0.13723776903106075,0.881863528257747
2010-10-13,12.209598541259766,89.04105377197266,0.1371232484796015,0.8678836051625392
2010-10-14,12.313486099243164,88.6937026977539,0.13883157117934813,1.1396664219111965
2010-10-15,12.288753509521484,88.87492370605469,0.13827020037919088,1.058572034009428
2010-10-18,12.249176979064941,89.31290435791016,0.13714901633898183,0.8890378936053333
2010-10-19,11.828665733337402,88.1424789428711,0.13419937668197493,0.432062542650933
2010-10-20,12.105707168579102,89.0032958984375,0.13601414471653991,0.7269777114051859
2010-10-21,11.972136497497559,89.19963073730469,0.13421733249945644,0.4493907369707978
2010-10-22,12.04139518737793,89.36572265625,0.13474288384256453,0.5432293733982357
2010-10-25,12.308539390563965,89.63003540039062,0.1373260574491564,0.9706056129706554
2010-10-26,12.199705123901367,89.64515686035156,0.1360888368225621,0.7791088661334825
2010-10-27,11.977081298828125,89.38842010498047,0.1339891820972099,0.44363197745148913
2010-10-28,12.100759506225586,89.4035415649414,0.13534988988591434,0.6707719143170331
2010-10-29,12.105707168579102,89.4714584350586,0.1353024459455507,0.6660750565040681
2010-11-01,12.18980884552002,89.50167083740234,0.13619643892084698,0.813773863160595
2010-11-02,12.456955909729004,90.21145629882812,0.13808618573305112,1.124900816682785
2010-11-03,12.560844421386719,90.57390594482422,0.13868060883935523,1.2191949345010558
2010-11-04,12.981354713439941,92.31816864013672,0.14061538378260355,1.53087082929868
2010-11-05,12.996195793151855,92.66551971435547,0.14024845307308542,1.462812928052654
2010-11-08,12.872519493103027,92.4918441772461,0.1391746440738587,1.284594053934756
2010-11-09,12.595474243164062,91.8273696899414,0.13716470683733137,0.9608728307714712
2010-11-10,12.649893760681152,92.19735717773438,0.13720451592007343,0.9731015728262344
2010-11-11,12.506430625915527,91.8499984741211,0.13616146797693457,0.8076001870057109
2010-11-12,12.26401424407959,90.7626953125,0.13512175020644818,0.6406306734014576
2010-11-15,12.27391242980957,90.63430786132812,0.13542236620363277,0.6978066110225526
2010-11-16,12.031501770019531,89.2222900390625,0.13484860974485197,0.610134541245742
2010-11-17,12.031501770019531,89.2676010131836,0.13478016249414662,0.6036327559281984
2010-11-18,12.27885913848877,90.58145904541016,0.13555598759270537,0.7377998018083521
2010-11-19,12.179914474487305,90.83062744140625,0.1340947961891425,0.49535100436179
2010-11-22,12.165075302124023,90.75514221191406,0.13404282121798083,0.48927601640038276
2010-11-23,11.729719161987305,89.44122314453125,0.1311444404447917,0.004489072109071762
2010-11-24,12.031501770019531,90.7626953125,0.13255998765345756,0.24659293181993824
2010-11-26,11.70003890991211,89.70553588867188,0.13042716699705492,-0.1098564576410614
2010-11-29,11.8336181640625,89.97737121582031,0.1315177138891767,0.07733287198650002
2010-11-30,11.635726928710938,89.4714584350586,0.13004959494604126,-0.16838471099176258
2010-12-01,11.957293510437012,91.37430572509766,0.13086056759118792,-0.02529568887055591
2010-12-02,12.239280700683594,92.5447006225586,0.13225263703214316,0.2172695562542871
2010-12-03,12.392643928527832,92.79385375976562,0.13355026681628288,0.44353926799110843
2010-12-06,12.318435668945312,92.69572448730469,0.13289108788002846,0.3331030480554196
2010-12-07,12.338223457336426,92.74859619140625,0.133028681446282,0.35776411699363225
2010-12-08,12.259071350097656,93.08838653564453,0.1316928115990444,0.12877192353573177
2010-12-09,12.37285327911377,93.45082092285156,0.1323996210726516,0.2512110760684241
2010-12-10,12.466849327087402,93.99446868896484,0.13263386134285407,0.29272445933177493
2010-12-13,12.615265846252441,94.05488586425781,0.13412664031573102,0.548931953889688
2010-12-14,12.674631118774414,94.13796997070312,0.13463888293659734,0.6359045971792113
2010-12-15,12.43716812133789,93.70755004882812,0.13272322363413902,0.3055234812540156
2010-12-16,12.57073974609375,94.25120544433594,0.13337484318455678,0.4160569740195526
2010-12-17,12.51137638092041,94.35218048095703,0.13260293844979623,0.2819217720387569
2010-12-20,12.51137638092041,94.57989501953125,0.13228367803048147,0.22597536731881712
2010-12-21,12.651897430419922,95.1795883178711,0.13292658283167189,0.333318397442176
2010-12-22,12.727991104125977,95.47561645507812,0.13331143151209268,0.3961619379070925
2010-12-23,12.783797264099121,95.33897399902344,0.1340878418119967,0.5266092095856696
2010-12-27,12.768573760986328,95.37694549560547,0.13387484464549818,0.4883556877412878
2010-12-28,12.804083824157715,95.51356506347656,0.13405513463609442,0.5175835450160342
2010-12-29,12.900471687316895,95.58189392089844,0.1349677345585248,0.6729352156329561
2010-12-30,12.895397186279297,95.43006896972656,0.13512928708424307,0.6990110751394076
2010-12-31,12.905543327331543,95.45284271240234,0.135203341887006,0.7114002491522682
2011-01-03,12.981635093688965,96.43963623046875,0.13460891808701783,0.612681145833805
2011-01-04,12.646822929382324,96.3864974975586,0.1312094874046301,0.03275185371727481
2011-01-05,12.560583114624023,96.88748931884766,0.12964091858432125,-0.23250595897128296
2011-01-06,12.433759689331055,96.69769287109375,0.12858382987385555,-0.4102744312325705
2011-01-07,12.388103485107422,96.50796508789062,0.12836353428264155,-0.44291570717559225
2011-01-10,12.40332317352295,96.3864974975586,0.12868320247695603,-0.3815693963717631
2011-01-11,12.38302993774414,96.72806549072266,0.1280189971227308,-0.4924326908148645
2011-01-12,12.535221099853516,97.60099029541016,0.1284333392715894,-0.4149916285440122
2011-01-13,12.62145709991455,97.44159698486328,0.1295284302644915,-0.21805911914658815
2011-01-14,12.626527786254883,98.14752960205078,0.12864845235993647,-0.36752238289441197
2011-01-18,12.733063697814941,98.31452178955078,0.12951355980829535,-0.21050905142561924
2011-01-19,12.722916603088379,97.35049438476562,0.13069185404239084,-5.292954931950737e-05
2011-01-20,12.509852409362793,97.22144317626953,0.12867379870798176,-0.3534880286000241
2011-01-21,12.499710083007812,97.44159698486328,0.12827899449297342,-0.4199585172784596
2011-01-24,12.697550773620605,97.9957275390625,0.1295724935412024,-0.18859203562685867
2011-01-25,12.636674880981445,98.04887390136719,0.12888138719158956,-0.30821707228603584
2011-01-26,12.733063697814941,98.42835998535156,0.12936376974796612,-0.22178628849942025
2011-01-27,12.697550773620605,98.6712875366211,0.1286853662359276,-0.33960029136448133
2011-01-28,12.46419620513916,96.94820404052734,0.12856551937701435,-0.3601824304970511
2011-01-31,12.616382598876953,97.67691802978516,0.1291644213736327,-0.2535601600350175
2011-02-01,12.870033264160156,99.24058532714844,0.12968518093412945,-0.16160509818377047
2011-02-02,12.829448699951172,99.05081176757812,0.12952391273738736,-0.1906200935850268
2011-02-03,13.001923561096191,99.27095794677734,0.13097409181914998,0.06234682938485861
2011-02-04,13.11860179901123,99.55181121826172,0.1317766260449992,0.200983857989658
2011-02-07,13.164261817932129,100.17425537109375,0.1314136228830986,0.1339088354699546
2011-02-08,13.240357398986816,100.62968444824219,0.13157506625986543,0.16086890323142733
2011-02-09,13.17441177368164,100.4019775390625,0.13121665625117782,0.09571167536135504
2011-02-10,13.11860179901123,100.43989562988281,0.13061146386842912,-0.010554116823139406
2011-02-11,13.08309555053711,101.03955841064453,0.12948488449805817,-0.20987783018437142
2011-02-14,13.204845428466797,101.28250885009766,0.13037636585415277,-0.05039699689047104
2011-02-15,13.072951316833496,100.96366882324219,0.12948173802717494,-0.20601582975038488
2011-02-16,13.199772834777832,101.60127258300781,0.12991739669396044,-0.126179900429486
2011-02-17,13.34688663482666,101.90489959716797,0.13097394421256642,0.06220033557221845
2011-02-18,13.326593399047852,102.11744689941406,0.13050261051056808,-0.018721956467363403
2011-02-22,12.844667434692383,100.06796264648438,0.12835943787593088,-0.39565637339597753
2011-02-23,12.895397186279297,99.453125,0.12966306675913197,-0.16223522532509105
2011-02-24,12.951203346252441,99.38480377197266,0.13031371854360685,-0.04713948063725239
2011-02-25,13.204845428466797,100.447509765625,0.13146015724309912,0.1564425851377998
2011-02-28,13.245429992675781,101.06993103027344,0.13105213249535494,0.08610397249827999
2011-03-01,12.951203346252441,99.38480377197266,0.13031371854360685,-0.04231047291715964
2011-03-02,13.10845947265625,99.59735870361328,0.1316145291730582,0.1921150792290372
2011-03-03,13.245429992675781,101.31282806396484,0.1307379356177201,0.03872281376698751
2011-03-04,13.164261817932129,100.55375671386719,0.13091765288682317,0.07449498741544176
2011-03-07,12.956273078918457,99.76436614990234,0.12986874551431346,-0.10917250102257367
2011-03-08,13.052657127380371,100.63725280761719,0.12970005403796578,-0.13489110509373212
2011-03-09,12.966418266296387,100.49305725097656,0.12902800074947848,-0.2507197872938214
2011-03-10,12.520000457763672,98.6333236694336,0.12693479233979837,-0.621160023205676
2011-03-11,12.667113304138184,99.31649017333984,0.12754290130500903,-0.5069023850811373
2011-03-14,12.535221099853516,98.71681213378906,0.1269816237872913,-0.6030568191903957
2011-03-15,12.175041198730469,97.5858383178711,0.12476237749858864,-0.9944257445884885
2011-03-16,11.89603042602539,95.77925872802734,0.12420257354261943,-1.0863715454865956
2011-03-17,12.043143272399902,97.04683685302734,0.12409619584653388,-1.0966802531217972
2011-03-18,12.37795639038086,97.39984893798828,0.1270839382744993,-0.5553877222318395
2011-03-21,12.65696907043457,98.90934753417969,0.12796534792690606,-0.39280339593701635
2011-03-22,12.65696907043457,98.56627655029297,0.1284107456770614,-0.30824955652648417
2011-03-23,12.758429527282715,98.84833526611328,0.12907075767068077,-0.18650423108172112
2011-03-24,13.017147064208984,99.7936782836914,0.13044059792248672,0.0627790529917521
2011-03-25,13.072951316833496,100.09864044189453,0.13060068807250294,0.09415360270416911
2011-03-28,13.0628023147583,99.8546371459961,0.13081818419368305,0.13686803426309663
2011-03-29,13.270792007446289,100.52554321289062,0.13201412878059976,0.35615756342503135
2011-03-30,13.463567733764648,101.21932983398438,0.13301380038622088,0.5386719008012256
2011-03-31,13.504150390625,101.08211517333984,0.13359584301800093,0.6470471812135736
2011-04-01,13.66141128540039,101.5090103149414,0.1345832379117337,0.8279604968877451
2011-04-04,13.646190643310547,101.59288787841797,0.13432230275451687,0.7832430288642735
2011-04-05,13.630971908569336,101.57762145996094,0.1341926667769267,0.7621831784374996
2011-04-06,13.84910774230957,101.8978042602539,0.135911738656684,1.0751119180497664
2011-04-07,13.838960647583008,101.63863372802734,0.13615846789729966,1.1196647788180056
2011-04-08,13.98100471496582,101.28793334960938,0.138032283339304,1.4554565109257462
2011-04-11,14.01144027709961,100.98297882080078,0.1387505145987384,1.5777430018211922
2011-04-12,13.74257755279541,100.22822570800781,0.13711284875810623,1.2789175810148348
2011-04-13,13.84910774230957,100.22059631347656,0.13818624366384152,1.4676346187486593
2011-04-14,13.879549980163574,100.29684448242188,0.13838471241830663,1.49574944537634
2011-04-15,13.81359577178955,100.66280364990234,0.13722641602385918,1.2809171707255904
2011-04-18,13.630971908569336,99.53446960449219,0.13694725016100495,1.225940188831423
2011-04-19,13.651266098022461,100.10625457763672,0.13636776398856593,1.1180236705129873
2011-04-20,14.057096481323242,101.47088623046875,0.1385332976140136,1.4940104443931401
2011-04-21,14.224507331848145,101.98930358886719,0.13947058006385724,1.6456330627872595
2011-04-25,14.239725112915039,101.882568359375,0.13976605951556512,1.6821720668675377
2011-04-26,14.315818786621094,102.75926208496094,0.1393141454712358,1.587609659021652
2011-04-27,14.346256256103516,103.43021392822266,0.13870469480087674,1.4687510843124043
2011-04-28,14.381766319274902,103.7656021118164,0.13859859169686412,1.4382840307224742
2011-04-29,14.34118366241455,104.009521484375,0.13788337315414895,1.3038313312024155
2011-05-02,14.16870403289795,103.84949493408203,0.13643498258601514,1.0460525620876835
2011-05-03,13.950567245483398,103.47590637207031,0.13481947377509385,0.7609082878813652
2011-05-04,13.605605125427246,102.789794921875,0.13236338428117436,0.33221809453588774
2011-05-05,13.39761734008789,101.85970306396484,0.13153010402626628,0.1817088732842253
2011-05-06,13.636045455932617,102.30949401855469,0.1332823076366657,0.480732656666882
2011-05-09,13.793306350708008,102.7059326171875,0.13429902245393507,0.6528432140427967
2011-05-10,13.864325523376465,103.58263397216797,0.13384797230684176,0.5684474276621899
2011-05-11,13.590389251708984,102.49243927001953,0.13259894435632155,0.34462342896175413
2011-05-12,13.5092191696167,102.9803695678711,0.13118246930268784,0.09146317144712118
2011-05-13,13.296158790588379,102.18749237060547,0.1301153250964113,-0.10228518547941141
2011-05-16,13.291085243225098,101.53951263427734,0.13089569664468076,0.028667510175028322
2011-05-17,13.39761734008789,101.52427673339844,0.1319646666902132,0.21143789820111517
2011-05-18,13.519368171691895,102.43144989013672,0.131984543674742,0.2064441785341894
2011-05-19,13.636045455932617,102.6754150390625,0.1328073078715565,0.3492344170964268
2011-05-20,13.504150390625,101.85970306396484,0.13257598426479603,0.2985409423589534
2011-05-23,13.072951316833496,100.67803192138672,0.12984909485558238,-0.22947457930470427
2011-05-24,13.164261817932129,100.59415435791016,0.13086507761767338,-0.0467956005944081
2011-05-25,13.11860179901123,100.92961120605469,0.12997773044254288,-0.2347808982715095
2011-05-26,13.341816902160645,101.39462280273438,0.13158308136435856,0.07511515055397498
2011-05-27,13.463567733764648,101.78346252441406,0.13227657420806685,0.20663011451805674
2011-05-31,13.554876327514648,102.8431396484375,0.13180146360613942,0.10135741214884933
2011-06-01,13.240357398986816,100.53317260742188,0.13170137831708442,0.07155093818791028
2011-06-02,13.225135803222656,100.42646789550781,0.13168974355429094,0.059557392948902256
2011-06-03,13.133824348449707,99.427734375,0.13209417302937218,0.13449857362387022
2011-06-06,13.078021049499512,98.37570190429688,0.13293954499274874,0.3078920549683311
2011-06-07,13.17948055267334,98.31470489501953,0.13405401121578295,0.5466754353498002
2011-06-08,12.941055297851562,97.90303802490234,0.13218236695126775,0.12226762647926706
2011-06-09,13.113532066345215,98.65013122558594,0.13292969713702807,0.2836048911665688
2011-06-10,12.849740982055664,97.27787017822266,0.132093157040894,0.08692552065082844
2011-06-13,12.88525104522705,97.35411071777344,0.1323544630034267,0.14007334344808597
2011-06-14,13.22005844116211,98.58917236328125,0.13409239700733927,0.5325299540052818
2011-06-15,12.854816436767578,96.835693359375,0.1327487416139109,0.21580266787558874
2011-06-16,12.73813533782959,97.0491714477539,0.13125444707878955,-0.14008145536351546
2011-06-17,12.890324592590332,97.3387680053711,0.13242744752922136,0.12767604521308173
2011-06-20,12.799012184143066,97.8367691040039,0.13082006183725536,-0.25735040579708335
2011-06-21,13.02729320526123,99.17752075195312,0.13135328556803716,-0.13732224526128325
2011-06-22,12.9215087890625,98.57994079589844,0.1310764510988641,-0.2099847451459224
2011-06-23,12.849264144897461,98.29644775390625,0.13071951671200485,-0.3030165998470062
2011-06-24,12.715093612670898,97.15486907958984,0.13087448661224194,-0.27309813649568493
2011-06-27,12.694452285766602,98.02064514160156,0.12950794465215032,-0.6145007484392248
2011-06-28,12.947305679321289,99.30010986328125,0.13038561283716046,-0.4146109280308313
2011-06-29,13.14856243133545,100.15049743652344,0.13128803917992682,-0.204431873228082
2011-06-30,13.442700386047363,101.10819244384766,0.1329536218690985,0.20518796209159257
2011-07-01,13.540746688842773,102.60221862792969,0.13197323478887038,-0.05467896665938058
2011-07-05,13.318849563598633,102.51789855957031,0.12991730956969838,-0.5966904655924298
2011-07-06,13.231123924255371,102.64048767089844,0.12890745381763008,-0.8729576343238834
2011-07-07,13.458186149597168,103.7054672241211,0.12977315960124133,-0.6546580620799632
2011-07-08,13.391097068786621,102.96992492675781,0.13004862418139732,-0.5909654591535962
2011-07-11,13.014392852783203,101.10819244384766,0.12871749101845523,-0.9569707078579301
2011-07-12,12.828621864318848,100.67150115966797,0.12743052121545576,-1.3145400033846382
2011-07-13,13.071158409118652,101.00860595703125,0.129406383597444,-0.7927886047593804
2011-07-14,12.900866508483887,100.3114013671875,0.12860817746190756,-1.0217910061603477
2011-07-15,12.823464393615723,100.8936767578125,0.12709879157637857,-1.4487609940268127
2011-07-18,12.694452285766602,100.06625366210938,0.1268604731484359,-1.5299052730654739
2011-07-19,12.998912811279297,101.69046020507812,0.12782824254177355,-1.2660923110340143
2011-07-20,13.14856243133545,101.62920379638672,0.12937779634364238,-0.8452127260678389
2011-07-21,13.365296363830566,103.0389175415039,0.1297111487846041,-0.7595138742096448
2011-07-22,13.458186149597168,103.10783386230469,0.13052535045562005,-0.5358006190595825
2011-07-25,13.28272819519043,102.53324127197266,0.1295455798569517,-0.8173039787319473
2011-07-26,13.40657901763916,102.15017700195312,0.13124381583188863,-0.3415311419002202
2011-07-27,13.251768112182617,100.05860137939453,0.13244006941427833,-0.006742861885689411
2011-07-28,13.138238906860352,99.76744079589844,0.13168864312895637,-0.22570295544699961
2011-07-29,13.009232521057129,99.08556365966797,0.1312929153407283,-0.3428909593953881
2011-08-01,13.024712562561035,98.66417694091797,0.13201055303345294,-0.13893733496793922
2011-08-02,12.632526397705078,96.14359283447266,0.13139228548962273,-0.3198267785166557
2011-08-03,12.493197441101074,96.66456604003906,0.12924278205445328,-0.938424760614047
2011-08-04,11.610776901245117,92.13665771484375,0.1260169099814715,-1.8557523684674888
2011-08-05,11.497249603271484,91.99872589111328,0.12497183511953477,-2.1342475429618535
2011-08-08,10.5735502243042,86.00747680664062,0.12293757027746938,-2.6694075590566
2011-08-09,11.605615615844727,90.00675964355469,0.12894160018431233,-0.9848802908633099
2011-08-10,11.05862045288086,86.03048706054688,0.12854304131857328,-1.1046837100440259
2011-08-11,11.719146728515625,89.8918228149414,0.13036944141895543,-0.5967625580856638
2011-08-12,11.78622817993164,90.4970932006836,0.13023874870538504,-0.6385115955166437
2011-08-15,12.286783218383789,92.4124526977539,0.13295592595696165,0.13063056970287887
2011-08-16,12.033924102783203,91.62330627441406,0.13134129941503425,-0.33157037273062595
2011-08-17,12.245502471923828,91.68461608886719,0.13356114683465134,0.2969529293720693
2011-08-18,11.667545318603516,87.73131561279297,0.1329917970237546,0.1293727329857584
2011-08-19,11.523054122924805,86.29862213134766,0.13352535461558776,0.27792019006479884
2011-08-22,11.538533210754395,86.36760711669922,0.13359792630544484,0.29370780617431574
2011-08-23,12.070050239562988,89.20997619628906,0.1352993325881537,0.7770038328145235
2011-08-24,12.01328182220459,90.46643829345703,0.13279269139828012,0.04620735097741405
2011-08-25,11.817194938659668,89.0873794555664,0.13264723927089653,-0.0014166584774949786
2011-08-26,12.111331939697266,90.38217163085938,0.13400133810861065,0.38961795299157004
2011-08-29,12.457075119018555,92.97942352294922,0.13397668695960344,0.3795085469546468
2011-08-30,12.446755409240723,93.22456359863281,0.13351368919063797,0.2423561219067824
2011-08-31,12.560286521911621,93.63829040527344,0.13413622213252477,0.42523712542513503
2011-09-01,12.431273460388184,92.65764617919922,0.13416349295498173,0.4328107573029083
2011-09-02,12.116490364074707,90.29022216796875,0.13419493355032566,0.4406512857216041
2011-09-06,11.837835311889648,89.63134002685547,0.13207250174261345,-0.17704514700240198
2011-09-07,12.29710578918457,92.15960693359375,0.13343270656574455,0.22034883412501427
2011-09-08,12.033924102783203,91.2019271850586,0.13194813392884852,-0.20946926332957688
2011-09-09,11.652061462402344,88.81155395507812,0.13119983767310373,-0.4246719007854184
2011-09-12,11.476606369018555,89.38617706298828,0.12839352510770505,-1.234165187633135
2011-09-13,11.502410888671875,90.20597076416016,0.12751274434753837,-1.4783857477763345
2011-09-14,11.39920425415039,91.45478057861328,0.12464306602706011,-2.2823405212120047
2011-09-15,11.600458145141602,93.03301239013672,0.12469184698109885,-2.236135728685276
2011-09-16,11.693344116210938,93.58365631103516,0.12495070803118521,-2.1329292963349666
2011-09-19,11.363081932067871,92.65182495117188,0.12264282908681282,-2.7363358042208374
2011-09-20,11.295995712280273,92.54399871826172,0.12206081289689542,-2.841472087988504
2011-09-21,10.883170127868652,89.81781005859375,0.12116939970779607,-3.0210056907812666
2011-09-22,10.284568786621094,86.91453552246094,0.11832967552318448,-3.676548612049216
2011-09-23,10.35681438446045,87.43820190429688,0.11844724798659768,-3.543828645021237
2011-09-26,10.6303129196167,89.51748657226562,0.11875124432850409,-3.379271545646226
2011-09-27,10.960576057434082,90.51863098144531,0.1210864099312417,-2.7453269984286788
2011-09-28,10.666436195373535,88.67037200927734,0.12029312558040846,-2.8912248133465757
2011-09-29,10.707717895507812,89.37117004394531,0.11981176804827157,-2.9488377534581516
2011-09-30,10.351651191711426,87.13782501220703,0.11879629988769258,-3.1269138782468553
2011-10-03,10.011072158813477,84.65808868408203,0.11825299052252078,-3.1832131818001934
2011-10-04,10.238125801086426,86.51407623291016,0.118340578168155,-3.0947106352014266
2011-10-05,10.532265663146973,88.11585998535156,0.11952746832293146,-2.771981165431952
2011-10-06,10.991539001464844,89.71005249023438,0.1225229357954211,-2.0606842524774653
2011-10-07,11.05862045288086,89.10933685302734,0.12410170295757465,-1.6870137529857046
2011-10-10,11.569497108459473,92.08963775634766,0.1256329961799855,-1.3264930527672236
2011-10-11,11.543695449829102,92.18206024169922,0.12522713659861584,-1.4084164989644579
2011-10-12,11.750109672546387,92.99067687988281,0.12635793250246094,-1.1395348658404725
2011-10-13,11.791388511657715,92.80586242675781,0.12705434983661137,-0.9724466843771563
2011-10-14,12.033924102783203,94.39222717285156,0.12748850687405242,-0.8654412446365561
2011-10-17,11.703666687011719,92.59021759033203,0.12640284245572156,-1.1089903115948847
2011-10-18,11.87911605834961,94.39995574951172,0.1258381528257343,-1.2299900708837457
2011-10-19,11.662381172180176,93.28333282470703,0.1250210602369395,-1.4073754220372536
2011-10-20,11.63142204284668,93.69147491455078,0.12414600211443846,-1.5942801000683646
2011-10-21,11.87911605834961,95.47041320800781,0.12442719853393512,-1.5151760086218187
2011-10-24,12.260980606079102,96.64098358154297,0.126871438510698,-0.9459557158243983
2011-10-25,11.930719375610352,94.76192474365234,0.12590203721468346,-1.1601666769764638
2011-10-26,12.10101318359375,95.72456359863281,0.12641492140233254,-1.0338289428692309
2011-10-27,12.983428001403809,99.05913543701172,0.1310674471781507,0.04134563688282644
2011-10-28,12.83377742767334,99.03601837158203,0.12958696884926402,-0.29555702009183027
2011-10-31,12.250658988952637,96.64868927001953,0.12675452798668008,-0.9428291534195401
2011-11-01,11.796551704406738,93.95330810546875,0.1255575981546529,-1.2116570459467364
2011-11-02,11.941039085388184,95.48580932617188,0.1250556409340214,-1.319921864281579
2011-11-03,12.188735961914062,97.22627258300781,0.12536463281062038,-1.2433226532835175
2011-11-04,12.131970405578613,96.63329315185547,0.1255464862044357,-1.1957232582938284
2011-11-07,12.21453857421875,97.23399353027344,0.12562004429465093,-1.17207293310075
2011-11-08,12.369346618652344,98.48155975341797,0.1256006368057452,-1.168378538967147
2011-11-09,11.744953155517578,94.8466567993164,0.12383096623393296,-1.5774477349989675
2011-11-10,11.935881614685059,95.73994445800781,0.12466981971062473,-1.3666998482872021
2011-11-11,12.281622886657715,97.5420150756836,0.12591110484162452,-1.0625842151893627
2011-11-14,11.992644309997559,96.61788177490234,0.12412447975145727,-1.475448017984909
2011-11-15,12.01844596862793,97.0953598022461,0.12377981803770924,-1.543194494597574
2011-11-16,11.755270004272461,95.55513763427734,0.12302080552972418,-1.7061611711729343
2011-11-17,11.507569313049316,94.03803253173828,0.12237143848331214,-1.8406390100722
2011-11-18,11.486933708190918,93.93791198730469,0.12228219113219516,-1.841165481460544
2011-11-21,11.130867004394531,92.15127563476562,0.12078907131476782,-2.1620348246227414
2011-11-22,11.136027336120605,91.78931427001953,0.12132160943442068,-2.012825124509485
2011-11-23,10.7438383102417,89.76392364501953,0.11968993637944447,-2.3526771457127844
2011-11-25,10.681918144226074,89.594482421875,0.11922517833104891,-2.4198511503425992
2011-11-28,11.161826133728027,92.18975830078125,0.12107447008713372,-1.9780344860037717
2011-11-29,11.295995712280273,92.45159912109375,0.12218280505331984,-1.712710864005139
2011-11-30,12.002964973449707,96.25593566894531,0.1246984395303341,-1.1443341225142514
2011-12-01,11.889436721801758,96.24051666259766,0.12353878734342245,-1.3895627310885432
2011-12-02,12.028762817382812,96.15580749511719,0.1250965815870626,-1.036542791629956
2011-12-05,12.224863052368164,97.20315551757812,0.1257661131192128,-0.8816824423625336
2011-12-06,12.075206756591797,97.23399353027344,0.12418709052438771,-1.220547331132372
2011-12-07,12.142292976379395,97.59593200683594,0.12441392511656027,-1.1614337487887607
2011-12-08,11.744953155517578,95.45503234863281,0.12304173878042585,-1.450143305077917
2011-12-09,11.946202278137207,97.07223510742188,0.1230650789581318,-1.4320164437152418
2011-12-12,11.579816818237305,95.65522766113281,0.12105785644314015,-1.8502631200005777
2011-12-13,11.440485000610352,94.76192474365234,0.12072871073016798,-1.9006376984696856
2011-12-14,11.285676956176758,93.75309753417969,0.12037657691323024,-1.9530890502673401
2011-12-15,11.295995712280273,94.0919418334961,0.12005274301033689,-1.9980596137480158
2011-12-16,11.295995712280273,94.23138427734375,0.11987509043731827,-2.010649810840288
2011-12-19,11.022502899169922,93.22392272949219,0.11823684925975399,-2.3225667101792706
2011-12-20,11.422774314880371,96.04491424560547,0.11893158950269998,-2.1474982271227954
2011-12-21,11.428098678588867,96.23091888427734,0.11875703579565469,-2.1546481184474966
2011-12-22,11.534553527832031,97.08336639404297,0.1188108113290537,-2.1161853404942055
2011-12-23,11.598426818847656,97.95140838623047,0.11841000563375367,-2.169263567325673
2011-12-27,11.577136993408203,98.02889251708984,0.11809923274803809,-2.2025477582891315
2011-12-28,11.23647403717041,96.74240112304688,0.11614838898694187,-2.5550509809550617
2011-12-29,11.417452812194824,97.74217987060547,0.11681193142315477,-2.387594789025591
2011-12-30,11.412129402160645,97.26163482666016,0.1173343366323151,-2.2539381959841105
2012-01-03,11.752791404724121,98.8116683959961,0.11894133147943438,-1.9162116800613607
2012-01-04,11.89118480682373,98.96661376953125,0.12015349776961508,-1.661672509481517
2012-01-05,11.736820220947266,99.23014068603516,0.11827878243247326,-2.002206915254182
2012-01-06,11.5824613571167,98.97439575195312,0.11702482514916628,-2.213792048682632
2012-01-09,11.619719505310059,99.21463775634766,0.1171169876550463,-2.166967263491251
2012-01-10,11.843276023864746,100.07489776611328,0.11834412313409368,-1.9123097063528656
2012-01-11,11.912473678588867,100.12910461425781,0.11897113955508795,-1.7762182184467408
2012-01-12,11.965703010559082,100.36940002441406,0.11921664379430902,-1.7132997953566849
2012-01-13,11.869891166687012,99.85009765625,0.11887711124280538,-1.7577685356747172
2012-01-17,11.965703010559082,100.23761749267578,0.11937337807768025,-1.6501821174152143
2012-01-18,12.178610801696777,101.34588623046875,0.12016877304720223,-1.490615351698245
2012-01-19,12.157322883605957,101.88062286376953,0.11932909852604863,-1.6279698903767537
2012-01-20,12.210553169250488,102.26036834716797,0.1194065048523625,-1.5989530868628021
2012-01-23,12.253134727478027,101.99686431884766,0.1201324649469034,-1.4553518804837233
2012-01-24,12.157322883605957,101.88062286376953,0.11932909852604863,-1.5851346216237998
2012-01-25,12.471370697021484,102.73310089111328,0.12139583628688361,-1.2052677255948971
2012-01-26,12.508628845214844,102.20611572265625,0.12238630493656485,-1.0209607744387341
2012-01-27,12.561858177185059,102.15960693359375,0.12296306293886364,-0.9123543367304452
2012-01-30,12.439434051513672,101.81086730957031,0.12218179041427686,-1.0449191675338065
2012-01-31,12.466047286987305,101.77212524414062,0.1224898001990483,-0.9835527862364251
2012-02-01,12.593793869018555,102.6633529663086,0.12267078275878546,-0.9449281501811998
2012-02-02,12.59911823272705,102.82611846923828,0.12252838500848628,-0.9636079920606964
2012-02-03,12.785417556762695,104.26760864257812,0.12262118334937736,-0.9401742275935606
2012-02-06,12.705574035644531,104.19783782958984,0.12193702192193122,-1.0528939426653587
2012-02-07,12.700254440307617,104.46131896972656,0.12157853802313388,-1.1074460869071179
2012-02-08,12.721543312072754,104.7713394165039,0.12142197840480043,-1.1260500884207574
2012-02-09,12.710899353027344,104.90309143066406,0.12116801497150007,-1.1614225127581284
2012-02-10,12.38620662689209,104.1280746459961,0.1189516532309028,-1.5361193609316461
2012-02-13,12.588472366333008,104.90309143066406,0.12000096655543643,-1.3413773721708164
2012-02-14,12.41814136505127,104.7713394165039,0.11852612970503959,-1.5829951044491029
2012-02-15,12.380884170532227,104.28307342529297,0.11872381359571005,-1.5343189351754456
2012-02-16,12.439434051513672,105.4378662109375,0.11797881063552175,-1.646364031662319
2012-02-17,12.343622207641602,105.71684265136719,0.1167611697253235,-1.834736736056235
2012-02-21,12.51927661895752,105.76332092285156,0.11837068380341076,-1.54495939994726
2012-02-22,12.497983932495117,105.42233276367188,0.11855157825536065,-1.5008345525381688
2012-02-23,12.625731468200684,105.88732147216797,0.11923742420398559,-1.3728864727624432
2012-02-24,12.64702320098877,106.11984252929688,0.1191767995462042,-1.37115197814219
2012-02-27,12.668315887451172,106.2980728149414,0.11917728658642714,-1.3591405983192797
2012-02-28,12.673638343811035,106.60807800292969,0.11888065689977782,-1.39643754482022
2012-02-29,12.64169979095459,106.18960571289062,0.11904837301246314,-1.3566211005619393
2012-03-01,12.721543312072754,106.73982238769531,0.11918272887757081,-1.322796564390767
2012-03-02,12.625731468200684,106.41432189941406,0.11864691935108974,-1.3994054822502624
2012-03-05,12.513951301574707,105.98035430908203,0.11807802854743163,-1.4799224928512336
2012-03-06,12.104097366333008,104.43035125732422,0.11590593367351225,-1.8181508828829147
2012-03-07,12.173294067382812,105.1588363647461,0.11576101912310471,-1.8213796918409475
2012-03-08,12.348945617675781,106.205078125,0.11627453070691653,-1.7195192254344462
2012-03-09,12.322334289550781,106.61585998535156,0.11557693471912905,-1.813295522926641
2012-03-12,12.221196174621582,106.62355041503906,0.1146200452625127,-1.944368850380601
2012-03-13,12.482019424438477,108.54553985595703,0.11499338840640035,-1.8639876042596757
2012-03-14,12.338299751281738,108.42932891845703,0.11379116586214978,-2.0313735287661094
2012-03-15,12.497983932495117,109.05705261230469,0.11460041907537298,-1.8849745716894069
2012-03-16,12.572504043579102,109.20804595947266,0.11512433844155388,-1.7865228163693998
2012-03-19,12.631057739257812,109.63612365722656,0.11520890485647199,-1.7551552502875332
2012-03-20,12.359590530395508,109.3170166015625,0.11306190851735015,-2.0601969943119673
2012-03-21,12.301040649414062,109.13801574707031,0.11271086949136025,-2.0863817087704146
2012-03-22,12.178610801696777,108.35183715820312,0.11239874764573622,-2.105492945775991
2012-03-23,12.348945617675781,108.70208740234375,0.11360357388509103,-1.901546850380633
2012-03-26,12.540568351745605,110.22770690917969,0.1137696564991432,-1.8553407580775454
2012-03-27,12.428788185119629,109.88528442382812,0.11310693920745317,-1.9306656911437894
2012-03-28,12.444756507873535,109.34042358398438,0.11381661145948203,-1.8059840000951295
2012-03-29,12.450082778930664,109.1535415649414,0.11406027326674902,-1.7519065766346982
2012-03-30,12.513951301574707,109.60503387451172,0.1141731438713125,-1.7181160420817043
2012-04-02,12.577828407287598,110.40676879882812,0.1139226203622137,-1.7376544675257888
2012-04-03,12.380884170532227,109.95531463623047,0.11259923371137082,-1.9093138898982969
2012-04-04,12.23184585571289,108.86560821533203,0.11235730049400693,-1.9231644539732504
2012-04-05,12.306364059448242,108.81109619140625,0.11309842920615831,-1.7993825884139472
2012-04-09,12.205231666564941,107.58905029296875,0.11344306538007044,-1.7343710971792843
2012-04-10,12.034902572631836,105.78313446044922,0.11376957805245894,-1.675084282467864
2012-04-11,12.157322883605957,106.63939666748047,0.11400404788030197,-1.630601713681604
2012-04-12,12.482019424438477,108.03266906738281,0.11553930428816041,-1.3997241209880267
2012-04-13,12.322334289550781,106.74834442138672,0.11543349319694028,-1.4062645145381254
2012-04-16,12.370238304138184,106.67830657958984,0.11595833024316972,-1.3225356715836718
2012-04-17,12.503307342529297,108.25846862792969,0.11549495850991151,-1.380744658349495
2012-04-18,12.487339973449707,107.89258575439453,0.1157386291758337,-1.336373600358454
2012-04-19,12.503307342529297,107.1998291015625,0.11663551562832719,-1.1972624689641203
2012-04-20,12.567185401916504,107.37882995605469,0.11703596888753291,-1.1324112182465014
2012-04-23,12.375561714172363,106.47588348388672,0.11622877697037555,-1.2456729554263282
2012-04-24,12.476692199707031,106.88067626953125,0.1167347797111927,-1.1657636802411178
2012-04-25,12.657670974731445,108.34404754638672,0.11682848537952355,-1.1466639172977762
2012-04-26,12.678961753845215,109.0990982055664,0.11621509217202965,-1.2331590730578008
2012-04-27,12.748161315917969,109.27811431884766,0.1166579547549828,-1.1606688040500779
2012-04-30,12.689604759216309,108.87335205078125,0.11655381707451755,-1.1705542579791148
2012-05-01,12.753480911254883,109.55058288574219,0.116416367446957,-1.1845046517943372
2012-05-02,12.721543312072754,109.22364807128906,0.11647242640869808,-1.1678502742171215
2012-05-03,12.60976791381836,108.39076232910156,0.11633618624742152,-1.1796780783146086
2012-05-04,12.29571533203125,106.63939666748047,0.11530180886498592,-1.3283953215167696
2012-05-07,12.290392875671387,106.7171859741211,0.11516788756641133,-1.3387747466007136
2012-05-08,12.040223121643066,106.2890853881836,0.1132780762734986,-1.617654436572449
2012-05-09,11.944413185119629,105.65864562988281,0.11304719186880681,-1.6396950927427216
2012-05-10,12.093450546264648,105.87654876708984,0.11422218316605838,-1.446552659216409
2012-05-11,11.981675148010254,105.5573959350586,0.11350862762266004,-1.5426557139808608
2012-05-14,11.864569664001465,104.38982391357422,0.11365638162034171,-1.5060897825022683
2012-05-15,11.747465133666992,103.79049682617188,0.11318440023792953,-1.5641621732275341
2012-05-16,11.486649513244629,103.39346313476562,0.11109647713678614,-1.8647336664324812
2012-05-17,11.273737907409668,101.8600845336914,0.1106786623928311,-1.9083107408097657
2012-05-18,11.098087310791016,100.98829650878906,0.10989478676695119,-2.0059585591938607
2012-05-21,11.374870300292969,102.72410583496094,0.11073223960272882,-1.860618544072698
2012-05-22,11.300349235534668,102.903076171875,0.10981546573651632,-1.9756993144172765
2012-05-23,11.156634330749512,102.95758056640625,0.10836146565772914,-2.166210127928335
2012-05-24,11.098087310791016,103.15997314453125,0.10758133191099373,-2.2512794204471858
2012-05-25,10.954365730285645,102.82527160644531,0.10653378842715355,-2.372585501664107
2012-05-29,11.289701461791992,104.07068634033203,0.10848108971696797,-2.063256055952414
2012-05-30,10.991626739501953,102.56060028076172,0.10717202034126314,-2.226060297377514
2012-05-31,11.050178527832031,102.33487701416016,0.10798057172925521,-2.084142118837822
2012-06-01,10.842589378356934,99.75841522216797,0.10868846857891475,-1.9605532031206498
2012-06-04,10.949047088623047,99.71170806884766,0.10980703571002003,-1.7825663325702539
2012-06-05,11.06614875793457,100.46672821044922,0.11014739859701747,-1.7186821505740995
2012-06-06,11.449390411376953,102.72410583496094,0.11145767897723854,-1.5198510017895785
2012-06-07,11.454715728759766,102.78634643554688,0.1114419971717017,-1.5097930919349138
2012-06-08,11.438743591308594,103.60369873046875,0.11040864111490047,-1.6444907824450523
2012-06-11,11.252446174621582,102.28817749023438,0.11000729948185725,-1.6871029730917235
2012-06-12,11.438743591308594,103.46355438232422,0.11055819278196764,-1.5949974731470808
2012-06-13,11.31631851196289,102.80191802978516,0.11007886553910574,-1.6513760359239626
2012-06-14,11.374870300292969,103.89164733886719,0.10948782305079001,-1.721390615353855
2012-06-15,11.534553527832031,104.95417022705078,0.10990085961214266,-1.6475705386155335
2012-06-18,11.678271293640137,105.15760040283203,0.11105494276118558,-1.4714037134944329
2012-06-19,11.880537986755371,106.17475891113281,0.11189606747022858,-1.3404741378979583
2012-06-20,11.8113374710083,106.00264739990234,0.11142492910058378,-1.3969157997805386
2012-06-21,11.396143913269043,103.62406158447266,0.10997584671952944,-1.5905576588096983
2012-06-22,11.472225189208984,104.42212677001953,0.10986392964850776,-1.5926394154123915
2012-06-25,11.260281562805176,102.74778747558594,0.10959147480894174,-1.6173864640981452
2012-06-26,11.412449836730957,103.26414489746094,0.11051706134847941,-1.4726967115204872
2012-06-27,11.55918025970459,104.19523620605469,0.11093770387779875,-1.4014744154940362
2012-06-28,11.439620971679688,103.89790344238281,0.1101044447737446,-1.5079757860518717
2012-06-29,11.874378204345703,106.48773193359375,0.11150935407048224,-1.2994821487217338
2012-07-02,11.972203254699707,106.80850219726562,0.11209035805584215,-1.2081570264433228
2012-07-03,12.053719520568848,107.51274871826172,0.11211432750320378,-1.1955158705474374
2012-07-05,12.031981468200684,107.02760314941406,0.11241942372009996,-1.1428334607810477
2012-07-06,11.896119117736816,106.01045989990234,0.11221646551641623,-1.162966289205459
2012-07-09,11.868947982788086,105.8774642944336,0.11210079559311928,-1.1706758228478444
2012-07-10,11.705912590026855,104.95417022705078,0.11153356331342597,-1.242099010412632
2012-07-11,11.820036888122559,104.96981811523438,0.11260414755741208,-1.0798892425473294
2012-07-12,11.64613151550293,104.46125793457031,0.11148756721652277,-1.2304707680989928
2012-07-13,11.852643966674805,106.21390533447266,0.1115922056471821,-1.205886056712462
2012-07-16,11.874378204345703,105.96351623535156,0.11206100577081615,-1.129505216729239
2012-07-17,12.048283576965332,106.69115447998047,0.11292673357683154,-0.997371124705265
2012-07-18,12.124369621276855,107.4814453125,0.11280430390590218,-1.0069596659495115
2012-07-19,12.330880165100098,107.7630844116211,0.11442582803216743,-0.7677010808714536
2012-07-20,12.184149742126465,106.77722930908203,0.11410812793107501,-0.8067757096904041
2012-07-23,11.955899238586426,105.69747924804688,0.11311432707424147,-0.9431590914316164
2012-07-24,11.885252952575684,104.78985595703125,0.11341988061753987,-0.8919307775886118
2012-07-25,12.031981468200684,104.8133773803711,0.11479433035094594,-0.6862977504752737
2012-07-26,12.260229110717773,106.54255676269531,0.11507353946860187,-0.6395815125365034
2012-07-27,12.59173583984375,108.50643157958984,0.1160459859986057,-0.4907062549871572
2012-07-30,12.6026029586792,108.50643157958984,0.11614613783916714,-0.46975914150516035
2012-07-31,12.597168922424316,107.74742126464844,0.11691387853713214,-0.3492576359730238
2012-08-01,12.56456184387207,107.65352630615234,0.11671296124699272,-0.37295601684061064
2012-08-02,12.53739070892334,106.91023254394531,0.11727025945593993,-0.28319101062360713
2012-08-03,12.781941413879395,109.03064727783203,0.11723255555209569,-0.2841894886439676
2012-08-06,12.781941413879395,109.24186706542969,0.11700588572166874,-0.3141678536767455
2012-08-07,12.836287498474121,109.78956604003906,0.1169171895059032,-0.3241514141559662
2012-08-08,12.92324161529541,109.92259216308594,0.1175667472990623,-0.21970467649031677
2012-08-09,12.917804718017578,110.0164794921875,0.1174169976865593,-0.2367757456854433
2012-08-10,12.912369728088379,110.19642639160156,0.11717593892021597,-0.26725248645831723
2012-08-13,12.776505470275879,110.14164733886719,0.11600067530284032,-0.4420327926261008
2012-08-14,12.75477123260498,110.15727996826172,0.11578691155300729,-0.46887278267798116
2012-08-15,12.722163200378418,110.28247833251953,0.11535978691029264,-0.5295114509154317
2012-08-16,12.901500701904297,111.09622192382812,0.11612906792411055,-0.40180788670687984
2012-08-17,12.863459587097168,111.2448501586914,0.1156319557152297,-0.47469556128044726
2012-08-20,12.955843925476074,111.252685546875,0.11645421287396503,-0.3354740333342368
2012-08-21,13.069968223571777,110.91624450683594,0.11783637538112152,-0.10184388005791861
2012-08-22,13.091710090637207,110.96321105957031,0.11798243729274342,-0.0675467806671826
2012-08-23,12.928671836853027,110.05560302734375,0.11747399933505291,-0.144040267232727
2012-08-24,12.912369728088379,110.72061920166016,0.11662118421294712,-0.28076957230304994
2012-08-27,12.825418472290039,110.74410247802734,0.11581129997269805,-0.41288077529307604
2012-08-28,12.868896484375,110.63455963134766,0.11631895609524054,-0.3173414698645781
2012-08-29,12.836287498474121,110.72061920166016,0.11593402919012624,-0.37837775296719867
2012-08-30,12.597168922424316,109.92259216308594,0.11460036262367802,-0.612753151369601
2012-08-31,12.75477123260498,110.4468002319336,0.11548339296222708,-0.44645633650653516
2012-09-04,12.526521682739258,110.3450698852539,0.11352135347565043,-0.8077490506845546
2012-09-05,12.493916511535645,110.251220703125,0.11332225105405579,-0.842215122383114
2012-09-06,12.798245429992676,112.48888397216797,0.1137734234536385,-0.7541389699272384
2012-09-07,12.896069526672363,112.92710876464844,0.11419817320878269,-0.6678871657271194
2012-09-10,12.743904113769531,112.28548431396484,0.1134955617071207,-0.8028342713034483
2012-09-11,12.939542770385742,112.59850311279297,0.11491753809039408,-0.5133174713931541
2012-09-12,12.98845386505127,112.97403717041016,0.11496848470998228,-0.49688724530271305
2012-09-13,13.22213363647461,114.6953353881836,0.11528048278270966,-0.42780433591713496
2012-09-14,13.309087753295898,115.2039566040039,0.115526307825033,-0.3719306819491133
2012-09-17,13.156922340393066,114.81270599365234,0.11459465419376558,-0.5562430668041435
2012-09-18,13.129749298095703,114.71882629394531,0.11445156581756862,-0.5799370947443255
2012-09-19,13.22213363647461,114.78142547607422,0.11519401838436583,-0.4223955977618699
2012-09-20,13.135186195373535,114.78924560546875,0.1144287178305818,-0.5748142620291667
2012-09-21,13.129749298095703,114.74127960205078,0.11442916920251109,-0.5712194007343031
2012-09-24,13.059107780456543,114.56819915771484,0.11398545038208505,-0.6584472516093187
2012-09-25,12.879764556884766,113.34901428222656,0.11362925949065221,-0.7269301657349195
2012-09-26,12.836287498474121,112.71184539794922,0.11388587821584613,-0.6685757528260892
2012-09-27,13.075406074523926,113.77375030517578,0.11492462927038717,-0.4507724916888532
2012-09-28,12.928671836853027,113.24671173095703,0.1141637725214308,-0.6026328080438773
2012-10-01,13.053668022155762,113.54561614990234,0.11496408637144014,-0.4348086860097416
2012-10-02,13.037362098693848,113.66365051269531,0.11470124388832365,-0.4858009246890005
2012-10-03,12.939542770385742,114.12770080566406,0.11337775736338643,-0.753130307632145
2012-10-04,13.059107780456543,114.94580841064453,0.11361099600781273,-0.7000753043457408
2012-10-05,13.048233985900879,114.95366668701172,0.11350863667035303,-0.7148440821697964
2012-10-08,13.048233985900879,114.56037902832031,0.11389831368029293,-0.6285908616013405
2012-10-09,13.026494026184082,113.42765045166016,0.11484407879660372,-0.4271925276786535
2012-10-10,13.048233985900879,112.7040023803711,0.115774362137235,-0.2276003293069228
2012-10-11,13.124316215515137,112.76692199707031,0.11638445018350423,-0.09264772642832185
2012-10-12,13.080839157104492,112.39716339111328,0.11638050963605308,-0.08535496981199818
2012-10-15,13.211267471313477,113.33323669433594,0.11657010649880907,-0.036239194174704656
2012-10-16,13.298219680786133,114.48167419433594,0.1161602481302992,-0.11652055560870662
2012-10-17,13.526466369628906,115.00086212158203,0.11762056492522951,0.2084476947060626
2012-10-18,13.48842716217041,114.70194244384766,0.11759545544552283,0.21078721954174842
2012-10-19,13.347129821777344,112.79046630859375,0.11833562054136483,0.38045917423990666
2012-10-22,13.374302864074707,112.80624389648438,0.11855995202133948,0.43759886942286663
2012-10-23,13.184097290039062,111.24090576171875,0.11851842808867254,0.44018487285704394
2012-10-24,13.271050453186035,110.92626953125,0.1196384815721882,0.7026010029386148
2012-10-25,13.36886978149414,111.24877166748047,0.12017094284378552,0.8358609920521095
2012-10-26,13.309087753295898,111.18585968017578,0.11970126229701565,0.7550066096498425
2012-10-31,13.357999801635742,111.18585968017578,0.12014117478661225,0.8815854575356714
2012-11-01,13.357999801635742,112.35000610351562,0.11889629796128465,0.6005302502051516
2012-11-02,13.151491165161133,111.35102844238281,0.11810839422975071,0.42254316772057543
2012-11-05,13.238438606262207,111.57913208007812,0.11864618732435778,0.5636128349506699
2012-11-06,13.43407917022705,112.45226287841797,0.11946472953373838,0.7758759268015989
2012-11-07,13.314522743225098,109.90364837646484,0.12114723159705694,1.203656506606013
2012-11-08,13.260177612304688,108.58219146728516,0.12212110874829654,1.4583275263040403
2012-11-09,13.314522743225098,108.67658996582031,0.12251509499343534,1.569205551141066
2012-11-12,13.330827713012695,108.76313781738281,0.12256751672056052,1.5871413769733147
2012-11-13,13.173229217529297,108.38552856445312,0.12154048046825396,1.3388508408079802
2012-11-14,12.966717720031738,106.9224853515625,0.12127213165123317,1.2868088883387192
2012-11-15,12.92324161529541,106.74153900146484,0.12107040741766016,1.2446785116906043
2012-11-16,12.928671836853027,107.26860046386719,0.12052615379472557,1.113902159424822
2012-11-19,13.156922340393066,109.4395751953125,0.12022088277400954,1.0421818170190558
2012-11-20,13.097145080566406,109.48680877685547,0.11962304159635918,0.8932401884297207
2012-11-21,13.091710090637207,109.69131469726562,0.11935047115415379,0.8284172316727172
2012-11-23,13.347129821777344,111.18585968017578,0.12004341073739173,1.010931885021045
2012-11-26,13.309087753295898,110.94982147216797,0.11995591860086513,0.9911362352036576
2012-11-27,13.336265563964844,110.38349914550781,0.12081756482809938,1.2139197643525976
2012-11-28,13.43951416015625,111.27233123779297,0.12078037739171228,1.2006446790985266
2012-11-29,13.521035194396973,111.7915267944336,0.12094865847265825,1.2448903563652354
2012-11-30,13.569945335388184,111.81510162353516,0.12136057776056203,1.354935252496462
2012-12-03,13.580814361572266,111.26446533203125,0.12205886507471103,1.5481706214536164
2012-12-04,13.607988357543945,111.10713958740234,0.12247627297469244,1.6622430148796843
2012-12-05,13.62429141998291,111.3038558959961,0.12240628422355504,1.6559984039067477
2012-12-06,13.684070587158203,111.6814193725586,0.12252772810407651,1.70391650717312
2012-12-07,13.803630828857422,112.01961517333984,0.12322512273852752,1.8947896343608523
2012-12-10,13.836234092712402,112.06685638427734,0.12346410472395107,1.9637931927379082
2012-12-11,13.923188209533691,112.8298110961914,0.12339990711908293,1.9448141436859518
2012-12-12,13.966662406921387,112.8849105834961,0.12372479487939045,2.0282672005283264
2012-12-13,13.896013259887695,112.1926498413086,0.1238584994609092,2.050725212184647
2012-12-14,13.912315368652344,111.77581024169922,0.12446624487506688,2.1935215209354806
2012-12-17,13.972098350524902,113.08940887451172,0.1235491324039802,1.9381439534089293
2012-12-18,14.019959449768066,114.34795379638672,0.12260787346254273,1.6821086952608422
2012-12-19,13.980542182922363,113.49842834472656,0.12317828878175771,1.8192626965679277
2012-12-20,14.048111915588379,114.15132141113281,0.12306569684806393,1.774663071828473
2012-12-21,13.935498237609863,113.11510467529297,0.1231975011437505,1.794538575996514
2012-12-24,13.879192352294922,112.76661682128906,0.12307891061669847,1.750239585344967
2012-12-26,13.856674194335938,112.2912826538086,0.12339937586300212,1.817147956581187
2012-12-27,13.952391624450684,112.1407699584961,0.12441854670352753,2.0543945241369004
2012-12-28,13.901716232299805,110.9287109375,0.12532117352497116,2.2530197981078683
2012-12-31,14.155092239379883,112.8141098022461,0.1254727113850617,2.258302025613124
2013-01-02,14.352158546447754,115.70553588867188,0.12404037919375731,1.8829373390514592
2013-01-03,14.284591674804688,115.44413757324219,0.12373596420816081,1.7904216225198946
2013-01-04,14.346529006958008,115.951171875,0.12372905573066686,1.7741810134986995
2013-01-07,14.301483154296875,115.6342544555664,0.12367860390185989,1.7505786584907703
2013-01-08,14.205764770507812,115.30155944824219,0.123205313427566,1.623355809112068
2013-01-09,14.29585075378418,115.59465789794922,0.12367224414821167,1.7192349928864954
2013-01-10,14.459136009216309,116.51360321044922,0.12409826501631681,1.8028189558524044
2013-01-11,14.335265159606934,116.50568389892578,0.12304348320072914,1.5407768790881229
2013-01-14,14.374679565429688,116.42643737792969,0.12346576850727047,1.6289082767288556
2013-01-15,14.363415718078613,116.50568389892578,0.12328510710721684,1.5758926793115309
2013-01-16,14.464767456054688,116.48980712890625,0.12417195815294077,1.768942490723005
2013-01-17,14.53796100616455,117.242431640625,0.12399914265448488,1.7156037325236368
2013-01-18,14.509812355041504,117.50383758544922,0.12348373170782542,1.587024657124059
2013-01-22,14.577378273010254,118.1375732421875,0.12339324291964211,1.5560021110630038
2013-01-23,14.594268798828125,118.32767486572266,0.12333774677301476,1.5336136465811392
2013-01-24,14.583009719848633,118.35935974121094,0.12320960295606474,1.4965770405590775
2013-01-25,14.633682250976562,119.02479553222656,0.12294650190778458,1.4283210838844547
2013-01-28,14.605531692504883,118.88221740722656,0.12285716073476476,1.4043240935417034
2013-01-29,14.757553100585938,119.349609375,0.1236497813261983,1.5809526333375032
2013-01-30,14.701251983642578,118.88221740722656,0.12366232986119356,1.5816681472670555
2013-01-31,14.706878662109375,118.5890884399414,0.12401544573434822,1.656181099481028
2013-02-01,14.819490432739258,119.80904388427734,0.12369258573712759,1.5795170286164402
2013-02-04,14.66746711730957,118.46234893798828,0.12381543375429419,1.6038224233981186
2013-02-05,14.712510108947754,119.6585922241211,0.12295406318495837,1.4082655024709498
2013-02-06,14.706878662109375,119.74569702148438,0.12281759618861891,1.3769708134954342
2013-02-07,14.62805461883545,119.58722686767578,0.12232121274140347,1.264127648206825
2013-02-08,14.808231353759766,120.25267028808594,0.12314264056078009,1.4453533140962849
2013-02-11,14.757553100585938,120.2289047241211,0.12274546736035584,1.3528451562422839
2013-02-12,14.774450302124023,120.4269790649414,0.12268389041094155,1.3355384971334425
2013-02-13,14.943360328674316,120.52993774414062,0.12398048657749983,1.6143289080784455
2013-02-14,15.067235946655273,120.64081573486328,0.12489335267567393,1.8039188464674052
2013-02-15,15.055974960327148,120.49822235107422,0.12494769355568777,1.799117624854646
2013-02-19,15.354386329650879,121.40132904052734,0.12647626225348102,2.1114160216878584
2013-02-20,15.11790657043457,119.88829040527344,0.12609994286622667,2.0059301753902354
2013-02-21,14.853273391723633,119.15946960449219,0.12465038188759847,1.6749716817679756
2013-02-22,15.140425682067871,120.32393646240234,0.12583053818887321,1.9096509128303578
2013-02-25,14.977145195007324,118.0345687866211,0.12688778676425294,2.1106245950472284
2013-02-26,14.977145195007324,118.84261322021484,0.12602504092748903,1.9084473921154612
2013-02-27,15.151689529418945,120.33979797363281,0.12590755331614212,1.8657016367037018
2013-02-28,15.134796142578125,120.10215759277344,0.12601602207593302,1.870306829657606
2013-03-01,15.168578147888184,120.49822235107422,0.12588217362820672,1.8249134979307646
2013-03-04,15.084123611450195,121.1399154663086,0.1245181949598222,1.5314833576449651
2013-03-05,15.326233863830566,122.22518920898438,0.12539341491732364,1.6974800244510446
2013-03-06,15.405062675476074,122.39158630371094,0.1258670072079047,1.7776590866991837
2013-03-07,15.455735206604004,122.61334228515625,0.12605263765389665,1.7974212632448983
2013-03-08,15.444476127624512,123.13614654541016,0.12542601470745957,1.65408360080362
2013-03-11,15.534566879272461,123.60359954833984,0.12568053791343742,1.687969718878586
2013-03-12,15.52330207824707,123.3262939453125,0.12587179571884877,1.7086889434156918
2013-03-13,15.405062675476074,123.50057983398438,0.12473676395839053,1.469566625115565
2013-03-14,15.348755836486816,124.15814971923828,0.123622620594744,1.2386044028955776
2013-03-15,15.590869903564453,123.99420928955078,0.1257386937091289,1.640266829195874
2013-03-18,15.376907348632812,123.30989837646484,0.12470132204380827,1.4233565508270971
2013-03-19,15.101012229919434,123.02342987060547,0.12274907508108408,1.0326505838125357
2013-03-20,15.14605712890625,123.88278198242188,0.12226119632230549,0.9303668122679808
2013-03-21,15.067235946655273,122.82450866699219,0.12267287783341597,1.0034484917990536
2013-03-22,15.253037452697754,123.81121063232422,0.12319593173185192,1.0967327594450977
2013-03-25,15.179844856262207,123.29399108886719,0.12311909706387036,1.0731472021363127
2013-03-26,15.241774559020996,124.28060150146484,0.12264001280072134,0.9720052806386528
2013-03-27,15.25866985321045,124.28060150146484,0.12277595754177777,0.990703319426427
2013-03-28,15.224889755249023,124.66259002685547,0.12212877778304781,0.8578849543222145
2013-04-01,15.162951469421387,124.1692123413086,0.12211522633921854,0.8484342260196895
2013-04-02,15.24740982055664,124.78194427490234,0.12219243664745,0.8567534390213408
2013-04-03,15.05034065246582,123.51676177978516,0.12184856885495982,0.7836301871446044
2013-04-04,15.055974960327148,124.0180892944336,0.12140144269262595,0.6910185683664748
2013-04-05,14.875795364379883,123.46107482910156,0.12048976071989811,0.5087431644850323
2013-04-08,14.999665260314941,124.29657745361328,0.12067641416685608,0.5396983606552045
2013-04-09,15.269929885864258,124.7262191772461,0.12242758568801357,0.8743774998894999
2013-04-10,15.41069221496582,126.25394439697266,0.12206107530795958,0.7962657706298765
2013-04-11,15.517672538757324,126.66778564453125,0.12250685886547891,0.8763894318079486
2013-04-12,15.405062675476074,126.35742950439453,0.12191655635840794,0.7548902691692857
2013-04-15,14.825122833251953,123.42929077148438,0.12011024887681662,0.3974308143037917
2013-04-16,15.179844856262207,125.25138854980469,0.12119502252245393,0.6051452749333441
2013-04-17,15.022184371948242,123.42129516601562,0.12171468749976819,0.7016154354515463
2013-04-18,14.892684936523438,122.64945983886719,0.12142479026070686,0.6403947194101672
2013-04-19,14.903948783874512,123.71569061279297,0.1204693496035284,0.4498651670709016
2013-04-22,15.00529956817627,124.26473999023438,0.12075267344023329,0.501330252966511
2013-04-23,15.253037452697754,125.54583740234375,0.12149377285855757,0.6420029172898334
2013-04-24,15.472628593444824,125.62541198730469,0.12316479881481654,0.9619708196162257
2013-04-25,15.517672538757324,126.13465118408203,0.12302465970362653,0.9280674572309985
2013-04-26,15.450105667114258,125.91184997558594,0.12270573159007674,0.8602302426864027
2013-04-29,15.686592102050781,126.75528717041016,0.12375493324362623,1.0567129407113887
2013-04-30,15.8217191696167,127.05765533447266,0.1245239346497214,1.1964989274292461
2013-05-01,15.5514554977417,125.94369506835938,0.1234794285597284,0.9873619639453063
2013-05-02,15.557085037231445,127.11336517333984,0.12238748471505587,0.7711686166274773
2013-05-03,15.754150390625,128.4023895263672,0.12269359198638523,0.8245687567850243
2013-05-06,15.619017601013184,128.7286376953125,0.1213328897178404,0.5582650626371093
2013-05-07,15.4613618850708,129.38111877441406,0.11950245933511268,0.2030395638902189
2013-05-08,15.590869903564453,129.96987915039062,0.1199575625174196,0.2873936530734918
2013-05-09,15.393800735473633,129.60386657714844,0.11877578302272539,0.05667832773764101
2013-05-10,15.33186149597168,130.02557373046875,0.11791419992311084,-0.11345797837105283
2013-05-13,15.286823272705078,130.12905883789062,0.11747432440703938,-0.2023940415985488
2013-05-14,15.3037109375,131.47381591796875,0.11640120757618032,-0.41256553095388826
2013-05-15,15.168578147888184,132.18197631835938,0.11475526823229491,-0.7335891778548843
2013-05-16,14.971514701843262,131.56134033203125,0.11379873953897493,-0.9195986592257676
2013-05-17,14.937727928161621,132.83444213867188,0.11245372576313793,-1.1795904531691725
2013-05-20,15.129167556762695,132.8264617919922,0.11390175837443559,-0.9029184483045847
2013-05-21,14.971514701843262,133.01747131347656,0.1125529943849296,-1.1691879661468951
2013-05-22,14.678727149963379,132.0308074951172,0.11117653090553303,-1.440870696319321
2013-05-23,14.594268798828125,131.64883422851562,0.11085756197047245,-1.5034943268587297
2013-05-24,14.104418754577637,131.5374298095703,0.107227416371119,-2.201998164011296
2013-05-28,14.115674018859863,132.32522583007812,0.10667409732582754,-2.3019173466375444
2013-05-29,14.059370040893555,131.4658966064453,0.10694309629957884,-2.246803033263005
2013-05-30,14.11004638671875,131.95123291015625,0.1069337972486099,-2.2505041350590616
2013-05-31,13.744062423706055,130.0574188232422,0.10567688139640284,-2.4802476357761543
2013-06-03,14.048111915588379,130.7736053466797,0.10742314458905493,-2.1442218024542603
2013-06-04,13.879192352294922,130.1449737548828,0.10664409044666774,-2.28856709591993
2013-06-05,13.423125267028809,128.3228302001953,0.10460434239244497,-2.6595083273142737
2013-06-06,13.530106544494629,129.48452758789062,0.10449207172888479,-2.653719347760309
2013-06-07,13.445645332336426,131.1317138671875,0.10253541981426714,-2.9799484170818507
2013-06-10,13.316144943237305,131.1317138671875,0.10154786016694733,-3.106600790042729
2013-06-11,13.107815742492676,129.77899169921875,0.10100106011666281,-3.1461016365396386
2013-06-12,13.102182388305664,128.7047576904297,0.10180029567997799,-2.954719314199311
2013-06-13,13.513216018676758,130.6621856689453,0.10342101618378534,-2.634976942594181
2013-06-14,13.479430198669434,129.84255981445312,0.10381365107043278,-2.5371499751299655
2013-06-17,13.693390846252441,130.84521484375,0.10465335597182157,-2.3690477704481823
2013-06-18,13.6145601272583,131.87957763671875,0.10323478715378936,-2.5885252841815807
2013-06-19,13.271098136901855,130.0574188232422,0.10204030079159325,-2.7579017646919426
2013-06-20,12.674269676208496,126.83486938476562,0.0999273286414629,-3.0610883807113574
2013-06-21,12.792506217956543,127.24203491210938,0.10053679373166882,-2.9073399075348303
2013-06-24,12.724942207336426,125.63419342041016,0.10128566006512976,-2.7415166434743283
2013-06-25,12.955792427062988,126.84208679199219,0.10214111699619968,-2.571226629898867
2013-06-26,13.107815742492676,128.09788513183594,0.10232655854546199,-2.5129841807815314
2013-06-27,13.293438911437988,128.84983825683594,0.10317000852527437,-2.355912602377221
2013-06-28,13.016735076904297,128.32191467285156,0.10143813011276852,-2.5971547623265905
2013-07-01,12.947556495666504,129.07383728027344,0.10031123865599446,-2.7327275009856113
2013-07-02,13.005204200744629,128.9538116455078,0.10085164629716994,-2.6144416710653733
2013-07-03,12.797673225402832,129.00979614257812,0.09919923608947642,-2.8202183962356218
2013-07-05,12.90143871307373,130.4016876220703,0.09893613302355896,-2.8109587748694502
2013-07-08,13.034026145935059,131.14559936523438,0.09938592075541859,-2.6999773649458745
2013-07-09,13.304974555969238,132.0894317626953,0.10072701788794301,-2.46812350364294
2013-07-10,13.18967342376709,132.1374969482422,0.09981779380105438,-2.562305970019125
2013-07-11,13.547089576721191,133.9373016357422,0.10114500898012752,-2.3419997835229385
2013-07-12,13.36838150024414,133.9932861328125,0.09976903982333536,-2.503157023008673
2013-07-15,13.449087142944336,134.50521850585938,0.09998933344254195,-2.437953184207795
2013-07-16,13.63355827331543,134.0012664794922,0.10174201059063823,-2.170710912464335
2013-07-17,13.650851249694824,134.34523010253906,0.1016102413109554,-2.165707800919827
2013-07-18,13.60473918914795,135.0811309814453,0.10071531893685944,-2.2611742807649624
2013-07-19,13.575911521911621,135.32113647460938,0.10032365878377693,-2.2850084625208207
2013-07-22,13.67967414855957,135.58509826660156,0.10089364040332197,-2.1825332707058367
2013-07-23,13.731560707092285,135.29708862304688,0.10149191565644092,-2.0783622884809083
2013-07-24,13.63355827331543,134.80120849609375,0.10113824961525104,-2.100241533482794
2013-07-25,13.760381698608398,135.129150390625,0.10183133438514587,-1.9887625818239072
2013-07-26,13.86414909362793,135.27313232421875,0.10249004259322343,-1.8847862534527036
2013-07-29,13.754616737365723,134.85716247558594,0.1019939652063776,-1.9281582834280298
2013-07-30,13.552851676940918,134.85716247558594,0.1004978262047778,-2.094287284890495
2013-07-31,13.408735275268555,134.95315551757812,0.09935844200043192,-2.208923324372061
2013-08-01,13.414498329162598,136.5129852294922,0.09826536506114392,-2.3125189245485642
2013-08-02,13.495203018188477,136.74496459960938,0.098688847941879,-2.228301908921986
2013-08-05,13.460620880126953,136.5449981689453,0.09858010956558295,-2.2109017218720983
2013-08-06,13.500969886779785,135.76905822753906,0.09944069777778927,-2.0789992168759417
2013-08-07,13.270380973815918,135.32911682128906,0.09806005747706403,-2.214872475886286
2013-08-08,13.650851249694824,135.8250732421875,0.1005031760620089,-1.9003568640845756
2013-08-09,13.737322807312012,135.43312072753906,0.10143252059404591,-1.771262555288563
2013-08-12,13.823792457580566,135.27313232421875,0.10219170813941159,-1.6650415787033626
2013-08-13,13.933323860168457,135.67308044433594,0.10269777773554005,-1.5906107731647745
2013-08-14,13.933323860168457,134.97715759277344,0.10322727273754974,-1.5152185632695128
2013-08-15,13.841089248657227,133.08938598632812,0.10399844545138318,-1.4141808579461375
2013-08-16,13.881440162658691,132.64942932128906,0.10464756790650469,-1.3290521527290924
2013-08-19,13.760381698608398,131.801513671875,0.10440230400437892,-1.3474752636865466
2013-08-20,13.685441970825195,132.44944763183594,0.10332577610188329,-1.459336534156228
2013-08-21,13.524030685424805,131.63351440429688,0.10274002594724724,-1.5136577739151635
2013-08-22,13.622031211853027,132.83335876464844,0.10254977618979189,-1.5219824565430342
2013-08-23,13.794970512390137,133.28134155273438,0.10350263849146499,-1.4018549685293722
2013-08-26,13.708501815795898,132.78538513183594,0.10323803182244352,-1.4195828376345336
2013-08-27,13.570147514343262,130.64962768554688,0.1038667140101193,-1.3379033401646585
2013-08-28,13.524030685424805,131.1135711669922,0.1031474512138792,-1.4071123023210523
2013-08-29,13.500969886779785,131.321533203125,0.10280850030814678,-1.4333374946193926
2013-08-30,13.535554885864258,130.90562438964844,0.10339933787393937,-1.3567815719371823
2013-09-03,13.933323860168457,131.49755859375,0.10595880265134215,-1.0658186973882595
2013-09-04,14.12932300567627,132.5854034423828,0.10656771136814017,-0.9929030754705045
2013-09-05,14.04861831665039,132.75338745117188,0.10582493288028243,-1.0683316396431224
2013-09-06,14.135088920593262,132.81736755371094,0.10642500435703241,-0.9971482107541096
2013-09-09,14.348379135131836,134.08929443359375,0.10700614986260304,-0.9289110737120666
2013-09-10,14.578972816467285,135.0811309814453,0.10792753000024738,-0.8240292369506463
2013-09-11,14.625088691711426,135.50514221191406,0.1079301379488574,-0.8199382809889033
2013-09-12,14.480974197387695,135.14512634277344,0.10715128683707824,-0.9011706136251593
2013-09-13,14.475211143493652,135.44906616210938,0.10686829783063473,-0.9270561362825981
2013-09-16,14.584737777709961,136.23301696777344,0.10705729126706523,-0.9015094606924834
2013-09-17,14.723089218139648,136.8409423828125,0.10759272014476347,-0.8385900437263355
2013-09-18,15.10932445526123,138.42478942871094,0.10915186880629184,-0.6653983610322535
2013-09-19,14.930622100830078,138.19277954101562,0.10804198417905524,-0.7824160418078988
2013-09-20,14.757680892944336,137.22665405273438,0.10754237939280481,-0.8326016876066203
2013-09-23,14.80379581451416,136.59164428710938,0.10837995172967725,-0.7379361566605201
2013-09-24,14.723089218139648,136.2700958251953,0.10804343483419977,-0.7707731874717901
2013-09-25,14.757680892944336,135.876220703125,0.10861121111977562,-0.7060792431403072
2013-09-26,14.87297534942627,136.39869689941406,0.10904045044062412,-0.6569624508997658
2013-09-27,14.769207954406738,135.77166748046875,0.10877974932827088,-0.6824664124455841
2013-09-30,14.567444801330566,135.04830932617188,0.10786839816074209,-0.7774166728078031
2013-10-01,14.68850326538086,136.1173858642578,0.10791055949332494,-0.7689541336163347
2013-10-02,14.682734489440918,135.9886932373047,0.10797025943781274,-0.7590096353507133
2013-10-03,14.653912544250488,134.73484802246094,0.10876111681075716,-0.6706254490687963
2013-10-04,14.78073787689209,135.75564575195312,0.1088775188318784,-0.6550598425021711
2013-10-07,14.52132511138916,134.58209228515625,0.10789938590507997,-0.7570040331312696
2013-10-08,14.429089546203613,133.0146484375,0.1084774475270177,-0.6921343621152739
2013-10-09,14.486739158630371,133.111083984375,0.1088319524190102,-0.6516037613798139
2013-10-10,14.746150016784668,135.9807586669922,0.10844291619887933,-0.6903279060716986
2013-10-11,14.94214916229248,136.85690307617188,0.10918082191276805,-0.6084757830285303
2013-10-14,14.970974922180176,137.40345764160156,0.10895631870654922,-0.6291107856244812
2013-10-15,14.919090270996094,136.40675354003906,0.10937207934222215,-0.5813334494987731
2013-10-16,15.10932445526123,138.31178283691406,0.10924105051177678,-0.5919220706606408
2013-10-17,15.328389167785645,139.2361297607422,0.11008916431478911,-0.4984236852205682
2013-10-18,15.507085800170898,140.17657470703125,0.11062537255301519,-0.43871141293725563
2013-10-21,15.48979663848877,140.1846160888672,0.1104956953954871,-0.4494319665777324
2013-10-22,15.708856582641602,140.99647521972656,0.11141311552761288,-0.3489524528258115
2013-10-23,15.472502708435059,140.32131958007812,0.11026480334376602,-0.46793624546615536
2013-10-24,15.524384498596191,140.7875518798828,0.11026816143405414,-0.46403077476420973
2013-10-25,15.593560218811035,141.43057250976562,0.11025593647889897,-0.46180088568744876
2013-10-28,15.645442962646484,141.65562438964844,0.1104470297600819,-0.4376253613609603
2013-10-29,15.472502708435059,142.41116333007812,0.10864669838117368,-0.6246877184553695
2013-10-30,15.386031150817871,141.7038116455078,0.10857880936405727,-0.6271119680755531
2013-10-31,15.374502182006836,141.30197143554688,0.10880599913653521,-0.5981066878960595
2013-11-01,15.362974166870117,141.63954162597656,0.10846529147516361,-0.6298045320783967
2013-11-04,15.426383972167969,142.13792419433594,0.10853109090770509,-0.6184638676384918
2013-11-05,15.443676948547363,141.6877899169922,0.10899793805517782,-0.564531078143929
2013-11-06,15.570504188537598,142.41116333007812,0.10933485707471227,-0.5243954939399564
2013-11-07,15.362974166870117,140.61065673828125,0.10925896033232556,-0.5277292672264686
2013-11-08,15.420620918273926,142.50765991210938,0.10820906699179882,-0.6341210968235683
2013-11-11,15.276497840881348,142.53173828125,0.10717962206240043,-0.7377738823928666
2013-11-12,15.092031478881836,142.24240112304688,0.10610079244814255,-0.8460698505046348
2013-11-13,15.005561828613281,143.38381958007812,0.10465310432208745,-0.9927140282219954
2013-11-14,15.06320571899414,144.09927368164062,0.10453352979608606,-0.9976054566906817
2013-11-15,15.264973640441895,144.72613525390625,0.10547489307070324,-0.8903361700808552
2013-11-18,15.17850112915039,144.21981811523438,0.10524559888865259,-0.9077238335393993
2013-11-19,15.161209106445312,143.9062957763672,0.1053547311787254,-0.8892582976108476
2013-11-20,14.94214916229248,143.45619201660156,0.10415827265624958,-1.008738187612629
2013-11-21,14.838382720947266,144.61366271972656,0.10260705967806998,-1.164164253997881
2013-11-22,14.832616806030273,145.33702087402344,0.10205670046647665,-1.212508882338694
2013-11-25,14.821091651916504,145.19239807128906,0.10207897829912134,-1.2002902149309922
2013-11-26,14.746150016784668,145.23260498046875,0.1015347071600607,-1.24730694695078
2013-11-27,14.68850326538086,145.58624267578125,0.10089211037674743,-1.3038638348107257
2013-11-29,14.619322776794434,145.48974609375,0.10048352663543796,-1.335249031665077
2013-12-02,14.4521484375,145.112060546875,0.09959302061479292,-1.4160007263468395
2013-12-03,14.417559623718262,144.4851531982422,0.09978575171620932,-1.3836811061440735
2013-12-04,14.40602970123291,144.46896362304688,0.09971712497932492,-1.3788385780235393
2013-12-05,14.221559524536133,143.833984375,0.09887482145706313,-1.453579935220865
2013-12-06,14.319559097290039,145.44161987304688,0.09845571790103341,-1.4836852042077402
2013-12-09,14.123556137084961,145.81130981445312,0.09686187000896829,-1.6333153433315348
2013-12-10,14.117794036865234,145.28883361816406,0.09717053737225559,-1.5865367892310778
2013-12-11,13.904500961303711,143.65713500976562,0.09678949089690882,-1.6106076839060692
2013-12-12,13.570147514343262,143.1829071044922,0.09477491265378502,-1.799243369270252
2013-12-13,13.725790023803711,143.1667938232422,0.09587272060272554,-1.67060801547549
2013-12-16,13.829558372497559,144.05902099609375,0.09599925278454138,-1.642380862775715
2013-12-17,13.67967414855957,143.6008758544922,0.09526177376815516,-1.70090093568522
2013-12-18,13.736396789550781,146.052490234375,0.094051096064898,-1.8048575943139862
2013-12-19,13.954992294311523,145.88365173339844,0.0956583697247598,-1.6266587274938038
2013-12-20,14.179503440856934,146.7322540283203,0.0966352185806414,-1.5143897098593335
2013-12-23,14.35084056854248,147.51620483398438,0.09728314651731315,-1.4366611810081344
2013-12-24,14.398107528686523,147.83949279785156,0.09739013071678883,-1.4137707559859922
2013-12-26,14.374468803405762,148.5911102294922,0.09673841713144919,-1.4665426082282935
2013-12-27,14.323612213134766,148.58299255371094,0.09640142500129653,-1.4877274465352834
2013-12-30,14.365011215209961,148.5587158203125,0.09669584942148393,-1.4465286572314746
2013-12-31,14.412323951721191,149.26187133789062,0.09655730443775144,-1.448825540092054
2014-01-02,14.299959182739258,147.8314208984375,0.09673152768086801,-1.4196130131397537
2014-01-03,14.44189167022705,147.80711364746094,0.09770769020409145,-1.311299774901915
2014-01-06,14.394582748413086,147.37876892089844,0.09767066758536291,-1.304585852970703
2014-01-07,14.370923042297363,148.2838897705078,0.09691493165264671,-1.3691363347360388
2014-01-08,14.282214164733887,148.31631469726562,0.09629563810215948,-1.4192523308631213
2014-01-09,14.258562088012695,148.41326904296875,0.09607336446368918,-1.4296589767342993
2014-01-10,14.400496482849121,148.81732177734375,0.09676626558563348,-1.3497074782820933
2014-01-13,14.32952880859375,146.8373260498047,0.09758778094156673,-1.2575933538640982
2014-01-14,14.140279769897461,148.4375457763672,0.09526080275674258,-1.477862685381643
2014-01-15,14.134366989135742,149.23765563964844,0.09471045982700776,-1.5197995848192039
2014-01-16,14.1047945022583,149.0436553955078,0.09463532322009476,-1.51475544043093
2014-01-17,14.02199935913086,148.41326904296875,0.09447941851527572,-1.517692798675779
2014-01-21,14.116622924804688,148.8496551513672,0.09483812985961779,-1.469792020330216
2014-01-22,14.128448486328125,148.94668579101562,0.09485574258531333,-1.4560821299566922
2014-01-23,13.850494384765625,147.72637939453125,0.09375775972803922,-1.5521573367267554
2014-01-24,13.548881530761719,144.57440185546875,0.09371563262151039,-1.5432003594464656
2014-01-27,13.608024597167969,143.8632354736328,0.09459000801954048,-1.4444406575120285
2014-01-28,13.7085599899292,144.71990966796875,0.09472476884058857,-1.4195183155720383
2014-01-29,13.56662368774414,143.329833984375,0.09465317380625095,-1.4155084037403762
2014-01-30,13.773612976074219,144.84921264648438,0.09508931891600805,-1.3617320347805915
2014-01-31,13.625768661499023,144.0006103515625,0.0946229924181094,-1.3974378922465014
2014-02-03,13.41877555847168,140.75979614257812,0.09533102438482904,-1.3171422689502315
2014-02-04,13.744046211242676,141.74578857421875,0.09696264241421346,-1.146382259216225
2014-02-05,13.637593269348145,141.5679931640625,0.09633246162883442,-1.2002829702565034
2014-02-06,13.980602264404297,143.43490600585938,0.0974700137763759,-1.078615084673566
2014-02-07,14.081137657165527,145.21287536621094,0.09696893351677283,-1.1203338164463288
2014-02-10,14.075226783752441,145.47958374023438,0.09675052967490547,-1.1339457207448465
2014-02-11,14.40640640258789,147.07167053222656,0.09795500622556087,-1.005478916726651
2014-02-12,14.506948471069336,147.14447021484375,0.09858983113594365,-0.9344509369898463
2014-02-13,14.471461296081543,147.90403747558594,0.09784358522647026,-1.002615299572334
2014-02-14,14.708023071289062,148.7203826904297,0.09889715723704588,-0.8894637896414562
2014-02-18,14.77307415008545,148.89816284179688,0.09921595987575564,-0.8507129734683335
2014-02-19,14.708023071289062,147.9121856689453,0.09943753453963776,-0.8221785083458174
2014-02-20,14.861780166625977,148.7850799560547,0.0998875705212886,-0.7699898303325793
2014-02-21,14.790817260742188,148.61526489257812,0.0995242128823931,-0.8014140121078929
2014-02-24,14.968234062194824,149.4396514892578,0.10016239942362812,-0.7291458366785468
2014-02-25,14.838126182556152,149.383056640625,0.09932937855363777,-0.8108203785723154
2014-02-26,14.802643775939941,149.39112854003906,0.09908649811138291,-0.8307248832148298
2014-02-27,14.808555603027344,150.17510986328125,0.09860858844391049,-0.8757838914908428
2014-02-28,14.755330085754395,150.5549774169922,0.09800625883584407,-0.9345765497750118
2014-03-03,14.642970085144043,149.4961700439453,0.0979487974898598,-0.9352166574787073
2014-03-04,14.855866432189941,151.59750366210938,0.09799545555381761,-0.9241954052570676
2014-03-05,14.909090995788574,151.73487854003906,0.09825750769526886,-0.8900972305764898
2014-03-06,15.092423439025879,152.08241271972656,0.09923845347482606,-0.7770565613310263
2014-03-07,15.074684143066406,152.14706420898438,0.09907969122795757,-0.7894096814664759
2014-03-10,14.885437965393066,152.06622314453125,0.09788786528383236,-0.9171846646922353
2014-03-11,14.737588882446289,151.3146209716797,0.09739699169721742,-0.9674340550329993
2014-03-12,14.737588882446289,151.35504150390625,0.09737098107872366,-0.9656892970880168
2014-03-13,14.731674194335938,149.6578826904297,0.0984356716098189,-0.8387793785053925
2014-03-14,14.613399505615234,149.23765563964844,0.09792032341288566,-0.8926222757353633
2014-03-17,14.82038402557373,150.58726501464844,0.09841724679794185,-0.8303574902265365
2014-03-18,14.926833152770996,151.66213989257812,0.0984216177046139,-0.8249007444897888
2014-03-19,14.690278053283691,150.85397338867188,0.0973807830399967,-0.9423118608956091
2014-03-20,14.660709381103516,151.73487854003906,0.09662056293296414,-1.026903637545176
2014-03-21,14.702104568481445,151.14634704589844,0.09727065758338754,-0.9436366401755527
2014-03-24,14.802643775939941,150.5212860107422,0.0983425279457387,-0.8092129322786938
2014-03-25,14.985976219177246,151.23561096191406,0.09909026137336921,-0.712957574717579
2014-03-26,15.056937217712402,150.14788818359375,0.10028071256854103,-0.5610679266832542
2014-03-27,15.11608600616455,149.8313446044922,0.10088734133746369,-0.47980313542067526
2014-03-28,15.187054634094238,150.57005310058594,0.10086371307811631,-0.47652326648125
2014-03-31,15.299415588378906,151.8038787841797,0.10078408872628453,-0.4803531783185871
2014-04-01,15.317158699035645,152.81045532226562,0.10023632654410278,-0.5441517289052343
2014-04-02,15.334897994995117,153.32180786132812,0.10001772225947637,-0.5664189499515486
2014-04-03,15.263933181762695,153.11891174316406,0.09968679249344357,-0.6036312625330541
2014-04-04,15.311244010925293,151.30870056152344,0.10119209241837093,-0.4000956922960138
2014-04-07,15.317158699035645,149.63650512695312,0.10236244615603934,-0.2382270853782215
2014-04-08,15.589198112487793,150.25344848632812,0.10375268101687721,-0.043601468381544016
2014-04-09,15.849410057067871,151.86874389648438,0.1043625544692134,0.04870397738884263
2014-04-10,15.6128568649292,148.6787109375,0.10501070910880017,0.1485471785501781
2014-04-11,15.547802925109863,147.3393096923828,0.10552379373549935,0.23133189999281933
2014-04-14,15.518231391906738,148.5000762939453,0.10449982100473475,0.09767576411219078
2014-04-15,15.411781311035156,149.5228729248047,0.10307306841800563,-0.09512440169243774
2014-04-16,15.595113754272461,151.0895233154297,0.10321770439181632,-0.06476695267734459
2014-04-17,15.642422676086426,151.3005828857422,0.10338640061882068,-0.03030163040970783
2014-04-21,15.636510848999023,151.8282012939453,0.10298818477554199,-0.07965990332422807
2014-04-22,15.790276527404785,152.51820373535156,0.10353043860130921,0.011433459724995064
2014-04-23,15.725221633911133,152.16099548339844,0.10334594344597882,-0.0056284047367816635
2014-04-24,15.695655822753906,152.469482421875,0.10294293371656406,-0.05612612400698981
2014-04-25,15.654253959655762,151.2194061279297,0.10352013911767688,0.04697269272695518
2014-04-28,15.772531509399414,151.6983184814453,0.10397301477885927,0.13347671446371093
2014-04-29,15.660167694091797,152.404541015625,0.10275394413927776,-0.05204978228819527
2014-04-30,15.642422676086426,152.85911560058594,0.10233228561232409,-0.11028603842143445
2014-05-01,15.500490188598633,152.8753662109375,0.10139298811040001,-0.2618951674585557
2014-05-02,15.535978317260742,152.65623474121094,0.10177100426718873,-0.18589321333671782
2014-05-05,15.559625625610352,152.94842529296875,0.10173119203944919,-0.18280891377679015
2014-05-06,15.630596160888672,151.6171112060547,0.10309256017710275,0.08243473373467577
2014-05-07,15.618767738342285,152.51011657714844,0.10241135531780549,-0.033614614105839956
2014-05-08,15.719311714172363,152.3477325439453,0.10318047700275464,0.1297354642154051
2014-05-09,15.695655822753906,152.57501220703125,0.10287173237421238,0.08320818401880557
2014-05-12,15.742964744567871,154.0604705810547,0.10218691845605614,-0.042417188750331396
2014-05-13,15.754792213439941,154.1985321044922,0.10217212834920991,-0.033671123672388475
2014-05-14,15.802104949951172,153.4679718017578,0.1029667934255594,0.14564166265442488
2014-05-15,15.772531509399414,152.12046813964844,0.10368447916502622,0.311562036572448
2014-05-16,15.808013916015625,152.64810180664062,0.10355853580177261,0.2968532620665822
2014-05-19,15.60102653503418,153.208251953125,0.10182889195686019,-0.07144496916750094
2014-05-20,15.358556747436523,152.2422332763672,0.10088236632443474,-0.2719650847236484
2014-05-21,15.488664627075195,153.5248260498047,0.10088703583386929,-0.26344160723670557
2014-05-22,15.58328914642334,153.89816284179688,0.10125714861484433,-0.17258722086935746
2014-05-23,15.642422676086426,154.51510620117188,0.10123555593147429,-0.1701865408327157
2014-05-27,15.731136322021484,155.46478271484375,0.10118778058485318,-0.17614318079608193
2014-05-28,15.671993255615234,155.3511962890625,0.10088105936728227,-0.24190099733354137
2014-05-29,15.813931465148926,156.15481567382812,0.10127085352385565,-0.1473073410704991
2014-05-30,15.707475662231445,156.4063720703125,0.10042733844098212,-0.33700540316902594
2014-06-02,15.695655822753906,156.58506774902344,0.10023724514978086,-0.3764973579801151
2014-06-03,15.606941223144531,156.5037841796875,0.09972245275057154,-0.4901585785730403
2014-06-04,15.524144172668457,156.8203887939453,0.09899314937336662,-0.653744296793145
2014-06-05,15.648337364196777,157.8432159423828,0.09913848543170115,-0.6149059096002181
2014-06-06,15.707475662231445,158.59815979003906,0.09903945722337423,-0.6329293433608628
2014-06-09,15.808013916015625,158.76048278808594,0.09957146538232829,-0.5060552089002378
2014-06-10,15.808013916015625,158.77670288085938,0.09956129349705303,-0.5063303490049705
2014-06-11,15.713391304016113,158.22474670410156,0.09931057961117776,-0.5627830225203575
2014-06-12,15.648337364196777,157.10452270507812,0.0996046268736156,-0.4921374677625349
2014-06-13,15.648337364196777,157.58343505859375,0.09930191811327317,-0.5585249073700538
2014-06-16,15.642422676086426,157.7133331298828,0.09918262689435589,-0.5818590353839582
2014-06-17,15.488664627075195,158.1516876220703,0.09793550015152495,-0.864924610318138
2014-06-18,15.6128568649292,159.31246948242188,0.09800147418248313,-0.8438056166457736
2014-06-19,15.778449058532715,159.49099731445312,0.0989300294324692,-0.625110498858585
2014-06-20,15.725221633911133,159.8148956298828,0.09839647031606714,-0.7467511795153836
2014-06-23,15.808013916015625,159.76593017578125,0.09894483697884135,-0.6179141457930951
2014-06-24,15.589198112487793,158.803466796875,0.09816661076063211,-0.7941467420468391
2014-06-25,15.65103530883789,159.52120971679688,0.09811256657734527,-0.8019342407994587
2014-06-26,15.86716079711914,159.4070281982422,0.09953865257049006,-0.4700129179476591
2014-06-27,15.86716079711914,159.7169952392578,0.09934547524732706,-0.510956913268326
2014-06-30,15.687052726745605,159.63543701171875,0.09826798498126721,-0.7557532985230723
2014-07-01,15.759095191955566,160.7039031982422,0.09806292739831812,-0.8000513688562958
2014-07-02,15.909184455871582,160.86703491210938,0.09889648593674681,-0.6059944257495685
2014-07-03,15.933201789855957,161.658203125,0.09856104720857145,-0.6823221647140738
2014-07-07,15.933201789855957,161.0954132080078,0.09890537211809294,-0.6031148508934725
2014-07-08,15.873164176940918,160.0595245361328,0.09917038191224674,-0.5419313830794902
2014-07-09,15.861161231994629,160.77732849121094,0.09865297166485569,-0.6584638005776847
2014-07-10,15.771108627319336,160.14112854003906,0.09848256204449181,-0.6959299896727894
2014-07-11,15.939201354980469,160.36135864257812,0.09939552451976041,-0.4845343078876301
2014-07-14,16.011241912841797,161.16883850097656,0.09934452628536367,-0.49576362471993846
2014-07-15,15.933201789855957,160.86703491210938,0.09904578522604804,-0.5632197578342405
2014-07-16,15.981230735778809,161.46243286132812,0.09897801273379966,-0.5758677048702324
2014-07-17,15.86716079711914,159.62728881835938,0.09940130484314906,-0.4766342092977147
2014-07-18,16.04726219177246,161.25852966308594,0.09951264113160196,-0.44988239355675136
2014-07-21,15.981230735778809,160.9567108154297,0.0992889992272805,-0.49997454743248737
2014-07-22,16.095287322998047,161.658203125,0.09956369062541531,-0.43573619597154095
2014-07-23,16.269392013549805,162.01705932617188,0.10041777132120606,-0.23929183086718894
2014-07-24,16.22136878967285,162.02520751953125,0.10011632781101332,-0.3072815583201335
2014-07-25,16.119306564331055,161.26663208007812,0.0999543821087979,-0.34254983996361155
2014-07-28,16.179344177246094,161.33197021484375,0.1002860385061948,-0.2646872925485223
2014-07-29,16.155324935913086,160.6386260986328,0.1005693669590628,-0.19858518349091114
2014-07-30,16.167333602905273,160.66310119628906,0.10062879082081792,-0.1851183163278914
2014-07-31,15.96321964263916,157.4903106689453,0.10136001113233478,-0.019710867266625555
2014-08-01,15.861161231994629,157.0090789794922,0.10102066285011672,-0.0999618690051726
2014-08-04,15.92719554901123,158.14279174804688,0.1007140153083072,-0.17216705895799547
2014-08-05,15.753095626831055,156.6094207763672,0.10058842915539498,-0.20294104966904436
2014-08-06,15.837142944335938,156.65834045410156,0.10109351917318422,-0.08861611305910505
2014-08-07,15.657042503356934,155.8101043701172,0.10048797904765282,-0.2300543756299056
2014-08-08,15.62102222442627,157.61264038085938,0.09911021214211764,-0.5450624387401677
2014-08-11,15.62102222442627,158.06944274902344,0.0988237951166104,-0.6080081714864037
2014-08-12,15.753095626831055,157.8491973876953,0.09979838914314963,-0.38209755167763937
2014-08-13,15.861161231994629,158.91766357421875,0.09980741520647292,-0.3773484877633551
2014-08-14,15.987226486206055,159.6680908203125,0.10012787404214522,-0.30106329437971474
2014-08-15,16.011241912841797,159.63543701171875,0.10029879463208674,-0.258625893307972
2014-08-18,16.119306564331055,160.97305297851562,0.10013667670502857,-0.2920008192121434
2014-08-19,16.137317657470703,161.81314086914062,0.09972810348277622,-0.3818639763166707
2014-08-20,16.251380920410156,162.24542236328125,0.10016542028546073,-0.27850335233289736
2014-08-21,16.239376068115234,162.71853637695312,0.09980040645458585,-0.35973983129580367
2014-08-22,16.173337936401367,162.46568298339844,0.09954925643007355,-0.4146735892144056
2014-08-25,16.203357696533203,163.28944396972656,0.09923089516758514,-0.48398005933327337
2014-08-26,16.22136878967285,163.3955078125,0.09927671211308474,-0.46980429268560736
2014-08-27,16.281400680541992,163.33023071289062,0.0996839385426583,-0.37251918217867425
2014-08-28,16.29340934753418,163.24049377441406,0.0998123012911884,-0.3399963720137501
2014-08-29,16.305410385131836,163.70541381835938,0.0996021451265114,-0.3853899251061858
2014-09-02,16.305410385131836,163.6238250732422,0.09965181035117056,-0.37062061298264987
2014-09-03,16.413480758666992,163.5341339111328,0.10036730782814035,-0.20136484836165877
2014-09-04,16.359445571899414,163.29762268066406,0.10018177425577747,-0.2389966767130117
2014-09-05,16.329425811767578,164.03164672851562,0.09955045954512651,-0.3799854115274156
2014-09-08,16.095287322998047,163.6074981689453,0.09837744298478081,-0.6457511318217616
2014-09-09,15.999236106872559,162.57167053222656,0.09841343239258302,-0.6313069872714798
2014-09-10,15.981230735778809,163.18345642089844,0.09793413552019933,-0.7365993566092232
2014-09-11,15.723078727722168,163.3710174560547,0.09624154254870533,-1.1244193567593044
2014-09-12,15.554974555969238,162.41671752929688,0.09577200421602794,-1.2252616702276529
2014-09-15,15.404894828796387,162.29437255859375,0.09491946384792053,-1.4139226640071403
2014-09-16,15.518961906433105,163.51783752441406,0.09490684405679009,-1.4057972925460833
2014-09-17,15.110723495483398,163.738037109375,0.09228596948056499,-2.000346782473478
2014-09-18,15.218789100646973,164.61074829101562,0.09245319190057777,-1.9457177351240238
2014-09-19,15.068703651428223,164.4624481201172,0.09162397753207838,-2.1176107904901302
2014-09-22,14.828560829162598,163.19236755371094,0.09086552913868429,-2.267041626190188
2014-09-23,14.840568542480469,162.25816345214844,0.09146269270363769,-2.107731601114747
2014-09-24,14.978650093078613,163.52825927734375,0.09159670725580732,-2.056439319602896
2014-09-25,14.576417922973633,160.8896484375,0.09059885495763303,-2.2627675028093774
2014-09-26,14.528385162353516,162.1680450439453,0.08958845843160114,-2.46651819849874
2014-09-29,14.288247108459473,161.87298583984375,0.08826826189884572,-2.7293335802915357
2014-09-30,14.372297286987305,161.44692993164062,0.08902180607009857,-2.5235647830668553
2014-10-01,14.39631175994873,159.25901794433594,0.09039558290495371,-2.18990781323385
2014-10-02,14.456347465515137,159.2835693359375,0.09075856050805801,-2.0876019804807306
2014-10-03,14.420323371887207,161.03720092773438,0.08954653514102212,-2.3345694995038793
2014-10-06,14.4923677444458,160.84872436523438,0.09009936386898795,-2.1905187903860184
2014-10-07,14.312264442443848,158.3657684326172,0.09037473555109576,-2.108102298406018
2014-10-08,14.594425201416016,161.13552856445312,0.09057236061740626,-2.0462374954576372
2014-10-09,14.330272674560547,157.93966674804688,0.09073257510047114,-1.9949538202103894
2014-10-10,13.916033744812012,156.1368865966797,0.08912713739936928,-2.3272582892164366
2014-10-13,14.018095970153809,153.57203674316406,0.09128026343492378,-1.8382940792493037
2014-10-14,14.11414909362793,153.80963134765625,0.09176375347864717,-1.720600987618357
2014-10-15,14.318264961242676,152.7689971923828,0.09372493911975875,-1.278050039722975
2014-10-16,14.39030647277832,152.63787841796875,0.09427742721484442,-1.1489921121716131
2014-10-17,14.588423728942871,154.4406280517578,0.09445975397130502,-1.1041635380109307
2014-10-20,14.678476333618164,155.9402618408203,0.09412884241916666,-1.1772735710516016
2014-10-21,14.774527549743652,159.0295867919922,0.09290426924813976,-1.457082128027223
2014-10-22,14.72049617767334,157.8987579345703,0.09322743490973616,-1.382504458066335
2014-10-23,14.798541069030762,159.7342529296875,0.09264475713637228,-1.517577128872873
2014-10-24,14.948633193969727,160.96336364746094,0.0928697863615099,-1.462494395695676
2014-10-27,14.966642379760742,160.7421417236328,0.09310963646044478,-1.40388046901206
2014-10-28,15.224785804748535,162.58592224121094,0.09364147642599208,-1.2746222552104909
2014-10-29,14.960637092590332,162.34007263183594,0.09215615620992679,-1.6346097834110342
2014-10-30,15.18877124786377,163.38079833984375,0.09296546107131903,-1.4300106679282802
2014-10-31,15.266817092895508,165.2490997314453,0.09238668844614818,-1.570694857845204
2014-11-03,14.966642379760742,165.33926391601562,0.09052079962907707,-2.0306552456883167
2014-11-04,15.050689697265625,164.76565551757812,0.09134603719438322,-1.816164192457671
2014-11-05,14.882596969604492,165.80633544921875,0.0897589162035522,-2.210513182630907
2014-11-06,14.822561264038086,166.4701385498047,0.08904036119128632,-2.383782231567592
2014-11-07,14.996659278869629,166.6257781982422,0.0900020359456472,-2.131891421051203
2014-11-10,14.996659278869629,167.1501922607422,0.08971966514687538,-2.193937041218432
2014-11-11,15.044682502746582,167.31411743164062,0.08991878709155175,-2.128508734040218
2014-11-12,14.972646713256836,167.1339111328125,0.08958473245659203,-2.195938124961649
2014-11-13,14.876588821411133,167.3223419189453,0.08890975736293295,-2.342679503337432
2014-11-14,14.996659278869629,167.36331176757812,0.08960541662617126,-2.140313246496861
2014-11-17,14.828560829162598,167.4698028564453,0.08854468433257548,-2.386500572460067
2014-11-18,14.840568542480469,168.436767578125,0.08810765461642488,-2.4683801312839524
2014-11-19,14.462347030639648,168.1663360595703,0.08600025052289054,-2.955438455491265
2014-11-20,14.402311325073242,168.4613494873047,0.08549326815263703,-3.024119781169221
2014-11-21,14.558404922485352,169.3627166748047,0.08595991613927116,-2.852779507778209
2014-11-24,14.462347030639648,169.83798217773438,0.08515378506737611,-2.9869335381373983
2014-11-25,14.342278480529785,169.71510314941406,0.08450796784952666,-3.074099379679057
2014-11-26,14.498371124267578,170.1494140625,0.08520964473578484,-2.849915033648002
2014-11-28,14.186188697814941,169.7888641357422,0.08355193828538378,-3.16145569864734
2014-12-01,13.976066589355469,168.60882568359375,0.0828904805705873,-3.2313343900516682
2014-12-02,14.036104202270508,169.69869995117188,0.08271191356391755,-3.19125791885076
2014-12-03,14.096138000488281,170.35427856445312,0.08274601682607603,-3.109017910342747
2014-12-04,14.132160186767578,170.16578674316406,0.08304936296094373,-2.9767356383673826
2014-12-05,14.006084442138672,170.44436645507812,0.0821739358914516,-3.0892446657766737
2014-12-08,13.916033744812012,169.30540466308594,0.08219485829471668,-3.0156046609865403
2014-12-09,13.759943008422852,169.19061279296875,0.08132805231493724,-3.118230298403675
2014-12-10,13.567831039428711,166.4783172607422,0.0814990880654954,-3.0150200676444254
2014-12-11,13.549820899963379,167.3223419189453,0.080980344552715,-3.046811040346088
2014-12-12,13.345703125,164.61817932128906,0.08107065197795006,-2.9660426849038912
2014-12-15,13.207625389099121,163.4873046875,0.08078685629043193,-2.9557415782340426
2014-12-16,13.261656761169434,162.17617797851562,0.08177314896967346,-2.7197697253169366
2014-12-17,13.303190231323242,165.35565185546875,0.0804519838423852,-2.902363192296628
2014-12-18,13.551156044006348,169.44467163085938,0.07997392844271889,-2.9283891746963286
2014-12-19,13.724723815917969,170.1656494140625,0.08065507852599396,-2.7539429191172213
2014-12-22,13.861104965209961,170.9484405517578,0.0810835414495241,-2.6308657864549554
2014-12-23,13.712328910827637,171.17916870117188,0.08010512619538013,-2.7459389202402456
2014-12-24,13.718526840209961,171.1956329345703,0.08013362610396188,-2.689855185965176
2014-12-26,13.755722045898438,171.74771118164062,0.08009260764674975,-2.6477800332341936
2014-12-29,13.966487884521484,171.97833251953125,0.08121074137601222,-2.4239517104574784
2014-12-30,13.885902404785156,171.05551147460938,0.08117775501695139,-2.391501006780897
2014-12-31,13.743321418762207,169.35813903808594,0.08114945934586323,-2.35951758838885
2015-01-02,13.699930191040039,169.26751708984375,0.08093655786165041,-2.35695775346216
2015-01-05,13.56974983215332,166.21063232421875,0.08164188802123976,-2.2138522912763845
2015-01-06,13.513957977294922,164.64505004882812,0.08207934567900547,-2.1168927852827055
2015-01-07,13.637940406799316,166.6967010498047,0.08181289924102728,-2.1294715474525687
2015-01-08,13.81771183013916,169.65476989746094,0.08144605564871864,-2.1564717303653635
2015-01-09,13.947890281677246,168.29522705078125,0.08287751545959543,-1.9164412952195595
2015-01-12,13.78671646118164,166.97689819335938,0.08256661017392126,-1.9402495372951103
2015-01-13,13.78671646118164,166.50726318359375,0.08279948992963851,-1.883398674042397
2015-01-14,13.60074520111084,165.5020294189453,0.08217872160759099,-1.953029338085305
2015-01-15,13.681334495544434,163.9858856201172,0.08342995157057626,-1.750745601585724
2015-01-16,13.836309432983398,166.1364288330078,0.08328281479368367,-1.75486689979628
2015-01-20,13.656536102294922,166.49075317382812,0.08202579327655832,-1.9169210761082158
2015-01-21,13.780518531799316,167.3311767578125,0.08235475778518314,-1.8493201848383194
2015-01-22,13.774316787719727,169.819580078125,0.08111147596397832,-2.0040708463964907
2015-01-23,13.637940406799316,168.88851928710938,0.08075113965334084,-2.0313203709864722
2015-01-26,13.687532424926758,169.28395080566406,0.08085546420546316,-1.9934502431402379
2015-01-27,13.712328910827637,167.051025390625,0.08208467370232125,-1.8020609470091355
2015-01-28,13.637940406799316,164.90867614746094,0.08269995688161551,-1.6996615257236425
2015-01-29,13.668931007385254,166.43307495117188,0.08212869353880198,-1.7609877573319301
2015-01-30,13.588345527648926,164.3401641845703,0.08268426403899576,-1.6682580344928795
2015-02-02,13.867305755615234,166.37542724609375,0.08334948246355785,-1.563247198551911
2015-02-03,14.164856910705566,168.7813720703125,0.08392429055977006,-1.4722575983822557
2015-02-04,14.090469360351562,168.138671875,0.08380266837617759,-1.4754806291470581
2015-02-05,14.344634056091309,169.83602905273438,0.08446166656214786,-1.3748889616656985
2015-02-06,14.2516450881958,169.36639404296875,0.08414682953325509,-1.4050106089455956
2015-02-09,14.233047485351562,168.6083984375,0.08441481929280936,-1.3575856759094278
2015-02-10,14.226848602294922,170.40455627441406,0.08348866317508823,-1.4683278166856524
2015-02-11,14.016081809997559,170.50343322753906,0.08220410313552405,-1.6232035453540796
2015-02-12,14.102867126464844,172.1431427001953,0.08192523329858345,-1.64345508060023
2015-02-13,14.400424003601074,172.85179138183594,0.08331081725262546,-1.4475351156378709
2015-02-17,14.493407249450684,173.1237030029297,0.08371705894718194,-1.3819153387093774
2015-02-18,14.561599731445312,173.14016723632812,0.08410295521760366,-1.319984461885342
2015-02-19,14.499611854553223,173.01658630371094,0.08380475054051062,-1.3471972013189024
2015-02-20,14.580196380615234,174.0547637939453,0.08376786743898602,-1.3403351709899791
2015-02-23,14.543002128601074,174.03004455566406,0.0835660426665549,-1.3547055882472172
2015-02-24,14.679380416870117,174.52442932128906,0.08411074870123915,-1.2732955740371872
2015-02-25,14.778566360473633,174.37612915039062,0.08475108624373617,-1.180788808083825
2015-02-26,14.580196380615234,174.17015075683594,0.08371237159328795,-1.3037997930375569
2015-02-27,14.679380416870117,173.57687377929688,0.08456990898185526,-1.1837021857157595
2015-03-02,14.691778182983398,174.67279052734375,0.084110284942654,-1.232678963050197
2015-03-03,14.697980880737305,173.95590209960938,0.08449256796312121,-1.1742378667393005
2015-03-04,14.617391586303711,173.22259521484375,0.08438501667853503,-1.1785284571914065
2015-03-05,14.543002128601074,173.41207885742188,0.08386383592436039,-1.2348812100521092
2015-03-06,14.288841247558594,170.97308349609375,0.08357363016082618,-1.261230978162628
2015-03-09,14.288841247558594,171.68174743652344,0.0832286568660519,-1.2940466278391107
2015-03-10,13.960291862487793,168.8967742919922,0.08265576368174418,-1.3549108875226836
2015-03-11,13.923095703125,168.50128173828125,0.08262901955102374,-1.3466720572352027
2015-03-12,14.326038360595703,170.64352416992188,0.08395301509555235,-1.1704563154551204
2015-03-13,14.04708194732666,169.5971221923828,0.08282618104446564,-1.3010747427707363
2015-03-16,14.171059608459473,171.86306762695312,0.08245552580976413,-1.336023639267914
2015-03-17,14.127668380737305,171.35211181640625,0.08244817195993635,-1.32549595634254
2015-03-18,14.549200057983398,173.41207885742188,0.08389957697206112,-1.1352992883724247
2015-03-19,14.406625747680664,172.62106323242188,0.08345809878533292,-1.1807994710934915
2015-03-20,14.834358215332031,174.14476013183594,0.0851840629835874,-0.9592859556511603
2015-03-23,14.93974494934082,173.80540466308594,0.08595673407452922,-0.8570647417788027
2015-03-24,14.945940971374512,172.82884216308594,0.08647827980743585,-0.7863113900244363
2015-03-25,14.778566360473633,170.29620361328125,0.08678153738549381,-0.7427450192267135
2015-03-26,14.635991096496582,169.89068603515625,0.08614946138641108,-0.8144802163905729
2015-03-27,14.493407249450684,170.27969360351562,0.08511530026121358,-0.9352558550439172
2015-03-30,14.338435173034668,172.3570556640625,0.0831903000303127,-1.1646113778477796
2015-03-31,14.171059608459473,170.85072326660156,0.08294410077706517,-1.1854706064827087
2015-04-01,14.195857048034668,170.24658203125,0.08338409428642106,-1.12190512437051
2015-04-02,14.245450973510742,170.85899353027344,0.08337548219834667,-1.1139843766296784
2015-04-06,14.375627517700195,172.0094451904297,0.08357464034480841,-1.0806761153071103
2015-04-07,14.450016021728516,171.55422973632812,0.08423001895049514,-0.9917768629483821
2015-04-08,14.604990005493164,172.1335906982422,0.08484683289443697,-0.9082458656989556
2015-04-09,14.567797660827637,172.89501953125,0.08425805266296044,-0.9737542659075137
2015-04-10,14.598796844482422,173.83856201171875,0.0839790474307898,-1.0009922666176017
2015-04-13,14.350830078125,173.05227661132812,0.08292771617420944,-1.123991222493493
2015-04-14,14.43142318725586,173.3833770751953,0.08323417983142085,-1.0784247956773976
2015-04-15,14.474811553955078,174.16136169433594,0.08311149736736255,-1.086070172698011
2015-04-16,14.70417594909668,174.1116485595703,0.08445256862906456,-0.9105682677444119
2015-04-17,14.43142318725586,172.10874938964844,0.08385060747018504,-0.978923125926747
2015-04-20,14.406625747680664,173.68128967285156,0.08294863410340389,-1.084734585708721
2015-04-21,14.363229751586914,173.4744110107422,0.08279739742536142,-1.0957048825034954
2015-04-22,14.400424003601074,174.32687377929688,0.08260587533871828,-1.1119176745691737
2015-04-23,14.505809783935547,174.76548767089844,0.08300156957334444,-1.0539901558650147
2015-04-24,14.834358215332031,175.17105102539062,0.0846849872081993,-0.8330900049635238
2015-04-27,14.908750534057617,174.44271850585938,0.08546502061968753,-0.7272223362279475
2015-04-28,15.119512557983398,174.9972686767578,0.08639856308792487,-0.6015019826735274
2015-04-29,14.759970664978027,174.27716064453125,0.08469251283639839,-0.8145143730369632
2015-04-30,14.456215858459473,172.53085327148438,0.08378916341248266,-0.9240681959247246
2015-05-01,14.536805152893066,174.4012908935547,0.08335262358674606,-0.9730630701602537
2015-05-04,14.512008666992188,174.89793395996094,0.0829741572036774,-1.0144705730233348
2015-05-05,14.493407249450684,172.89501953125,0.08382778919106496,-0.8964922797914929
2015-05-06,14.245450973510742,172.18328857421875,0.08273422520542875,-1.0316401184835955
2015-05-07,14.06567668914795,172.87022399902344,0.08136552590588075,-1.2018495240235714
2015-05-08,14.220648765563965,175.146240234375,0.08119300046940406,-1.2160985142353933
2015-05-11,13.960291862487793,174.31033325195312,0.08008872223489578,-1.3514505529719847
2015-05-12,14.295040130615234,173.7888641357422,0.0822552135414714,-1.0589336212721134
2015-05-13,14.592597007751465,173.8219757080078,0.08395139307508859,-0.8287306348071553
2015-05-14,14.697980880737305,175.63450622558594,0.08368504114936923,-0.8574854797212107
2015-05-15,14.691778182983398,175.82489013671875,0.08355914894392538,-0.867940512991731
2015-05-18,14.400424003601074,176.37110900878906,0.08164842918169472,-1.1159842456912996
2015-05-19,14.127668380737305,176.31320190429688,0.08012825034171762,-1.3103987814467395
2015-05-20,14.06567668914795,176.18907165527344,0.07983285544899434,-1.3398926762800942
2015-05-21,14.21445369720459,176.7021942138672,0.08044299483910468,-1.2486466887320047
2015-05-22,14.090469360351562,176.2801055908203,0.07993227206851251,-1.3078355407622924
2015-05-26,14.10906982421875,174.38482666015625,0.08090766894366742,-1.168048146997694
2015-05-27,14.115267753601074,176.04006958007812,0.08018213005295502,-1.257032153349281
2015-05-28,13.923095703125,175.84144592285156,0.0791798294767981,-1.3823122457844579
2015-05-29,13.97269058227539,174.74893188476562,0.07995866087175502,-1.267889679741578
2015-06-01,13.867305755615234,175.1048583984375,0.07919429467834214,-1.361351611412821
2015-06-02,13.923095703125,174.9310760498047,0.07959189423359489,-1.297676604513667
2015-06-03,13.81771183013916,175.3944854736328,0.07878076550027217,-1.3970072868196945
2015-06-04,13.396175384521484,173.91307067871094,0.07702799641362056,-1.6209204322378616
2015-06-05,13.32178783416748,173.61508178710938,0.07673174298591726,-1.6464047624576894
2015-06-08,13.377578735351562,172.5474395751953,0.0775298594304651,-1.5253176420113246
2015-06-09,13.32178783416748,172.52259826660156,0.07721763970642928,-1.554698008931913
2015-06-10,13.619345664978027,174.59169006347656,0.07800683789718985,-1.4365661954757236
2015-06-11,13.712328910827637,175.154541015625,0.07828703059205529,-1.387809809838088
2015-06-12,13.582143783569336,173.81370544433594,0.07814196095093913,-1.396761206951733
2015-06-15,13.650336265563965,173.06884765625,0.07887228955656025,-1.2881051492456088
2015-06-16,13.749523162841797,174.01234436035156,0.07901464240013195,-1.259373374488894
2015-06-17,13.780518531799316,174.293701171875,0.07906492569235209,-1.242805345489844
2015-06-18,13.83011245727539,176.1062774658203,0.07853276246759355,-1.3047860555143465
2015-06-19,13.84870719909668,175.3245391845703,0.0789889838781647,-1.2336050653703539
2015-06-22,13.873505592346191,176.22274780273438,0.07872709831920419,-1.2596127304773916
2015-06-23,14.009882926940918,176.3474578857422,0.0794447682711599,-1.153443639128576
2015-06-24,13.947890281677246,175.06671142578125,0.07967185861939488,-1.114068079683354
2015-06-25,13.871708869934082,174.534423828125,0.07947835484645954,-1.131978665826283
2015-06-26,13.611419677734375,174.50115966796875,0.0780018866558448,-1.32452332010517
2015-06-29,13.268589973449707,170.84182739257812,0.07766593331362442,-1.3607169130270207
2015-06-30,13.351122856140137,171.19943237304688,0.07798578926972013,-1.3069435647410086
2015-07-01,13.497139930725098,172.57171630859375,0.07821177316559472,-1.2663617806615495
2015-07-02,13.57967472076416,172.4136505126953,0.0787621785188305,-1.1822982540004092
2015-07-06,13.19875717163086,171.92294311523438,0.07677135426179948,-1.4455795274513223
2015-07-07,13.230500221252441,173.00416564941406,0.07647503845695551,-1.4753625088176698
2015-07-08,12.855935096740723,170.10162353515625,0.07557796821429917,-1.586950866110789
2015-07-09,12.976555824279785,170.40931701660156,0.07614933297934401,-1.4966980917498178
2015-07-10,13.141621589660645,172.5550537109375,0.0761590072677637,-1.484084587312828
2015-07-13,13.147969245910645,174.4595947265625,0.07536397907216272,-1.582338904066466
2015-07-14,13.300335884094238,175.21641540527344,0.07590804693344926,-1.4965282293255453
2015-07-15,13.268589973449707,175.15821838378906,0.0757520263444157,-1.5073237632378593
2015-07-16,13.427305221557617,176.563720703125,0.07604792857834224,-1.4560567271497475
2015-07-17,13.357470512390137,176.71339416503906,0.07558833089876091,-1.5096238441700085
2015-07-20,13.4463529586792,176.80487060546875,0.07605193744172391,-1.4357478300998083
2015-07-21,13.478096008300781,176.1062469482422,0.07653388929617022,-1.3597562618640813
2015-07-22,13.211454391479492,175.7902374267578,0.07515465355113354,-1.5427214409339949
2015-07-23,13.05273723602295,174.8004913330078,0.07467219992623775,-1.600769219391273
2015-07-24,12.836885452270508,172.9875030517578,0.07420701048231047,-1.6557198515871794
2015-07-27,12.868632316589355,171.98117065429688,0.07482582115025183,-1.5590113927743725
2015-07-28,13.160666465759277,174.09365844726562,0.07559532370758783,-1.4423771492573834
2015-07-29,13.19875717163086,175.29122924804688,0.075296164150654,-1.4773682138698743
2015-07-30,13.23685073852539,175.3328094482422,0.07549557199351714,-1.4419409222293964
2015-07-31,13.281288146972656,175.06671142578125,0.07586415509154748,-1.3835907122066422
2015-08-03,13.167015075683594,174.4761962890625,0.0754659681706335,-1.4351569038347496
2015-08-04,13.389216423034668,174.13519287109375,0.07688977858109498,-1.2231729797826711
2015-08-05,13.357470512390137,174.70907592773438,0.07645550433748068,-1.2814956848875818
2015-08-06,13.02734661102295,173.2786407470703,0.07518149123779531,-1.4640465202711417
2015-08-07,12.913069725036621,172.94590759277344,0.07466536736701711,-1.5343911783084005
2015-08-10,13.109877586364746,175.12493896484375,0.07486014078780949,-1.4977010847296006
2015-08-11,12.659128189086914,173.54481506347656,0.07294443331226376,-1.77392160665908
2015-08-12,12.665473937988281,173.75262451171875,0.07289371296451443,-1.7725948874615216
2015-08-13,12.6273832321167,173.53639221191406,0.07276504409920406,-1.7832570383144841
2015-08-14,12.608336448669434,174.1685028076172,0.0723915992008976,-1.8314482632328217
2015-08-17,12.652774810791016,175.1415252685547,0.07224314617215866,-1.8462108001460864
2015-08-18,12.506762504577637,174.63421630859375,0.07161690743626728,-1.9330261804730349
2015-08-19,12.601987838745117,173.253662109375,0.07273720904548318,-1.7537843640564752
2015-08-20,12.240116119384766,169.6359100341797,0.07215521829616454,-1.836904932793758
2015-08-21,11.948079109191895,164.52943420410156,0.07261970581124165,-1.7585241451555775
2015-08-24,11.0084867477417,157.6015625,0.069850111719176,-2.1784273325025105
2015-08-25,11.662395477294922,155.74700927734375,0.07488038153289554,-1.3863936273724649
2015-08-26,11.98617172241211,161.72665405273438,0.07411376802801946,-1.5033239784533867
2015-08-27,12.221070289611816,165.72703552246094,0.07374216434321905,-1.5592145219950424
2015-08-28,12.157586097717285,165.7353973388672,0.07335539838155121,-1.6184712279593703
2015-08-31,11.840153694152832,164.39633178710938,0.07202200660709171,-1.8299317285826027
2015-09-01,11.294175148010254,159.4895477294922,0.07081451611591584,-2.0208797829169027
2015-09-02,11.54811954498291,162.5167694091797,0.07105801811693298,-1.9783407795208487
2015-09-03,11.389402389526367,162.6332244873047,0.07003121548767814,-2.14372296682624
2015-09-04,11.135458946228027,160.17147827148438,0.06952210884483354,-2.2213350514886434
2015-09-08,11.64334774017334,164.19671630859375,0.07091096583375431,-1.982013356714424
2015-09-09,11.60525894165039,162.0011749267578,0.071636881318282,-1.8553171298462918
2015-09-10,11.65604305267334,162.88272094726562,0.07156095493055437,-1.8631474306032134
2015-09-11,11.637001991271973,163.62289428710938,0.07112086631869807,-1.928604880369962
2015-09-14,11.706831932067871,163.01576232910156,0.07181411027256208,-1.8008050202452308
2015-09-15,11.694138526916504,165.05340576171875,0.07085063451401229,-1.95421978313074
2015-09-16,11.998869895935059,166.48379516601562,0.07207229919266275,-1.7339919021681551
2015-09-17,11.878247261047363,166.10963439941406,0.07150847874654803,-1.8168559468892183
2015-09-18,11.814759254455566,163.3951416015625,0.07230789813362838,-1.6661575613070467
2015-09-21,11.71318244934082,164.23948669433594,0.07131770005552976,-1.8222268278929064
2015-09-22,11.554468154907227,162.1077117919922,0.07127648664693567,-1.8128394891273427
2015-09-23,11.319568634033203,161.8485565185547,0.06993926221847707,-2.0242474410773608
2015-09-24,11.490982055664062,161.26333618164062,0.07125601099261072,-1.7821650716195627
2015-09-25,11.421146392822266,161.22157287597656,0.07084130361144812,-1.8366364243797297
2015-09-28,11.243387222290039,157.17526245117188,0.07153407633585415,-1.7017046721935507
2015-09-29,11.103715896606445,157.2672576904297,0.07060411721849556,-1.841980516918462
2015-09-30,11.376707077026367,160.20166015625,0.07101491374015904,-1.7546048146948119
2015-10-01,11.471935272216797,160.6195831298828,0.0714230173473939,-1.6708142747998131
2015-10-02,11.586210250854492,163.01890563964844,0.07107280106802881,-1.7161928049877093
2015-10-05,11.916339874267578,165.9197998046875,0.07181987856961555,-1.57548616615523
2015-10-06,11.98617172241211,165.35134887695312,0.07248910761128213,-1.4503667979931258
2015-10-07,12.176629066467285,166.7056427001953,0.07304269291211592,-1.3463178657045285
2015-10-08,12.354391098022461,168.21046447753906,0.07344603165085563,-1.26869051871992
2015-10-09,12.468664169311523,168.31080627441406,0.07408118614192011,-1.1522819494878702
2015-10-12,12.424227714538574,168.46966552734375,0.0737475656264186,-1.2005019758286262
2015-10-13,12.157586097717285,167.40785217285156,0.07262255587130025,-1.384840395663373
2015-10-14,12.2274169921875,166.60536193847656,0.0733914974279327,-1.2451223698512246
2015-10-15,12.45596981048584,169.16351318359375,0.07363272124153235,-1.1986208382469914
2015-10-16,12.424227714538574,169.93258666992188,0.07311268520069945,-1.2852916243789148
2015-10-19,12.316300392150879,170.0161895751953,0.07244192698897998,-1.3995098461637316
2015-10-20,12.240116119384766,169.79885864257812,0.07208597405916532,-1.4584545444746662
2015-10-21,12.151239395141602,168.74546813964844,0.07200927840672805,-1.4661213221158236
2015-10-22,12.398834228515625,171.59620666503906,0.07225587598634113,-1.416886320481607
2015-10-23,12.563897132873535,173.4772186279297,0.07242390229820504,-1.3810573947978932
2015-10-26,12.52580451965332,173.05088806152344,0.07238220306156487,-1.3838596830342846
2015-10-27,12.411528587341309,172.7164306640625,0.07186072882366369,-1.4750746489946818
2015-10-28,12.309953689575195,174.68106079101562,0.07047102664611442,-1.7273977464067876
2015-10-29,11.95443058013916,174.5807342529297,0.06847508478696039,-2.085796305322051
2015-10-30,12.011567115783691,173.82835388183594,0.0691001602877103,-1.960771908119047
2015-11-02,11.979823112487793,175.88490295410156,0.0681117191485958,-2.1333999475122742
2015-11-03,12.19567584991455,176.39480590820312,0.0691385201912422,-1.9268325229286116
2015-11-04,12.056008338928223,175.8597869873047,0.06855466246981493,-2.023719556048686
2015-11-05,11.941730499267578,175.6842498779297,0.06797268683769334,-2.114696697161055
2015-11-06,11.833805084228516,175.59228515625,0.06739365043115794,-2.2012558500273114
2015-11-09,11.529071807861328,173.95372009277344,0.06627666141151,-2.3859860768865593
2015-11-10,11.516373634338379,174.35501098632812,0.06605129138067287,-2.401976450041493
2015-11-11,11.64334774017334,173.6695098876953,0.06704313121919096,-2.197215713817033
2015-11-12,11.649698257446289,171.2451171875,0.0680293747861481,-1.99760052683136
2015-11-13,11.497331619262695,169.32232666015625,0.06790204130810687,-2.0040337406793522
2015-11-16,11.592560768127441,171.8971710205078,0.06743892700098256,-2.0732391675943984
2015-11-17,11.719528198242188,171.77178955078125,0.06822731619022644,-1.9106884096811725
2015-11-18,11.890944480895996,174.49713134765625,0.06814406855322616,-1.9096906552547062
2015-11-19,12.18932819366455,174.3466339111328,0.06991433055069844,-1.567308447877644
2015-11-20,12.284557342529297,174.9820098876953,0.07020468761567897,-1.500629142611674
2015-11-23,12.208372116088867,174.78135681152344,0.06984939548932464,-1.5534509322304537
2015-11-24,12.284557342529297,175.01547241210938,0.07019126465346343,-1.4774807471711882
2015-11-25,12.163934707641602,174.9903564453125,0.06951202886110493,-1.5885508977798328
2015-11-27,12.075053215026855,175.19100952148438,0.06892507354120843,-1.6812790821340804
2015-11-30,12.11949348449707,174.46371459960938,0.06946712966825828,-1.5665666194874146
2015-12-01,12.46231460571289,176.12733459472656,0.07075741329072509,-1.3181216317875721
2015-12-02,12.335344314575195,174.3299560546875,0.07075860393554843,-1.3067249779141306
2015-12-03,12.252815246582031,171.88880920410156,0.07128337966454222,-1.2007344625465997
2015-12-04,12.309953689575195,175.24118041992188,0.07024578161410153,-1.3784137861511376
2015-12-07,12.068707466125488,174.17947387695312,0.0692889190528344,-1.538342268761098
2015-12-08,11.827457427978516,173.00900268554688,0.0683632484112723,-1.6892028560859098
2015-12-09,11.80841064453125,171.6631317138672,0.06878827460874844,-1.5964308261232099
2015-12-10,11.814759254455566,172.10617065429688,0.06864808629196349,-1.6057269401595942
2015-12-11,11.484631538391113,168.7705841064453,0.06804877520094166,-1.6955362355085004
2015-12-14,11.490982055664062,169.62327575683594,0.06774413478570596,-1.7314167898477946
2015-12-15,11.510025024414062,171.40396118164062,0.06715145288980008,-1.816270973342733
2015-12-16,11.840153694152832,173.91188049316406,0.06808133901247898,-1.6355336201482167
2015-12-17,11.62430191040039,171.26181030273438,0.06787445426305176,-1.65497627580044
2015-12-18,11.763971328735352,168.2107696533203,0.069935898593061,-1.2834861891410325
2015-12-21,11.90693187713623,169.598388671875,0.07020663327275345,-1.226143813148379
2015-12-22,11.998322486877441,171.13735961914062,0.07010931168728576,-1.2328456734001931
2015-12-23,12.220273971557617,173.25660705566406,0.07053280206296245,-1.150195008140033
2015-12-24,12.226801872253418,172.970703125,0.07068712591991679,-1.114750180270817
2015-12-28,12.200690269470215,172.575439453125,0.07069772099745497,-1.1043445192242902
2015-12-29,12.533615112304688,174.4171905517578,0.07185997591553553,-0.8966721402326114
2015-12-30,12.507502555847168,173.18096923828125,0.07222215357068468,-0.8277287783065886
2015-12-31,12.376946449279785,171.44850158691406,0.07219046147805158,-0.8267714893229778
2016-01-04,12.207218170166016,169.05178833007812,0.07220993217966495,-0.8171079452379897
2016-01-05,12.024435997009277,169.33766174316406,0.07100863371579351,-1.0161772003879492
2016-01-06,11.67845630645752,167.20166015625,0.06984653319556755,-1.206415443686186
2016-01-07,11.182331085205078,163.19015502929688,0.06852331921124506,-1.4212991915274746
2016-01-08,11.019135475158691,161.39891052246094,0.06827267569210278,-1.4510396934825212
2016-01-11,11.110528945922852,161.55868530273438,0.06877085515460558,-1.3542186582845275
2016-01-12,11.175806045532227,162.86221313476562,0.06862123405067842,-1.367941425613922
2016-01-13,10.979966163635254,158.80030822753906,0.06914322954526303,-1.268383796581318
2016-01-14,11.20844841003418,161.40740966796875,0.06944196944298334,-1.2075382983732215
2016-01-15,10.607876777648926,157.94253540039062,0.0671628877601435,-1.5808322968187094
2016-01-19,10.862465858459473,158.1527862548828,0.06868336698762463,-1.311806120353769
2016-01-20,10.823296546936035,156.12603759765625,0.06932409682251818,-1.1933011033553307
2016-01-21,11.032191276550293,157.00064086914062,0.07026844741191585,-1.0250716998995417
2016-01-22,11.234556198120117,160.2216033935547,0.07011886012976984,-1.0421406076734947
2016-01-25,11.058303833007812,157.799560546875,0.07007816621721769,-1.0407977354793387
2016-01-26,11.280252456665039,159.9524383544922,0.0705225414048728,-0.9580995093664453
2016-01-27,11.156222343444824,158.2116241455078,0.07051455544874759,-0.9518541262139502
2016-01-28,11.358590126037598,159.03582763671875,0.07142158024909782,-0.7918710196028939
2016-01-29,11.515257835388184,162.9126739501953,0.07068362182127438,-0.9095087661764958
2016-02-01,11.534843444824219,162.85385131835938,0.07082941761245186,-0.8777122838623885
2016-02-02,11.169278144836426,159.91883850097656,0.06984341713292408,-1.0367793667641882
2016-02-03,11.325947761535645,160.87754821777344,0.07040104655376875,-0.9348385628369549
2016-02-04,11.521783828735352,161.1298370361328,0.07150620915821836,-0.7405043035072354
2016-02-05,11.221500396728516,158.06031799316406,0.07099505137787862,-0.820966434960027
2016-02-08,11.20844841003418,155.9326171875,0.07188007622905902,-0.6634634785579737
2016-02-09,10.993024826049805,155.94102478027344,0.07049475814038914,-0.8941244080434788
2016-02-10,10.953857421875,155.80645751953125,0.07030425822050328,-0.9196505839289469
2016-02-11,10.914689064025879,153.77975463867188,0.07097611184041452,-0.7972205559699599
2016-02-12,11.058303833007812,156.9502410888672,0.07045738672517529,-0.8796158687132286
2016-02-16,11.306366920471191,159.59925842285156,0.07084222716446116,-0.8064640366586098
2016-02-17,11.489147186279297,162.2062530517578,0.07083048261162452,-0.801866335850349
2016-02-18,11.528315544128418,161.54190063476562,0.07136424357289874,-0.7029285844385519
2016-02-19,11.502202033996582,161.46617126464844,0.0712359867327509,-0.7189298807013639
2016-02-22,11.822071075439453,163.8040771484375,0.07217201965447062,-0.5493549633406204
2016-02-23,11.60012149810791,161.7353057861328,0.0717228773379084,-0.6220386247650908
2016-02-24,11.47608757019043,162.47535705566406,0.07063278873890225,-0.8073902320834424
2016-02-25,11.489147186279297,164.44329833984375,0.06986692253359854,-0.9359573566903326
2016-02-26,11.293309211730957,164.0647735595703,0.06883445462855844,-1.1110065717014763
2016-02-29,11.280252456665039,162.77813720703125,0.06929832623848078,-1.0214817530274645
2016-03-01,11.645816802978516,166.60452270507812,0.06990096435493434,-0.9072090828474434
2016-03-02,11.98526668548584,167.35302734375,0.07161667091248734,-0.5939314935276325
2016-03-03,12.220273971557617,168.0089569091797,0.07273584811411876,-0.3863388055476916
2016-03-04,12.43569278717041,168.55557250976562,0.07377799856750462,-0.19151021282966607
2016-03-07,12.611948013305664,168.6901092529297,0.0747640040614096,-0.005811682486123629
2016-03-08,12.376946449279785,166.84840393066406,0.07418079021255235,-0.10638731870318258
2016-03-09,12.670699119567871,167.672607421875,0.07556809257273361,0.1542886762087647
2016-03-10,12.57930850982666,167.80718994140625,0.07496286967333769,0.048453827422312856
2016-03-11,12.905704498291016,170.51502990722656,0.07568660959278911,0.1897227883533541
2016-03-14,12.735979080200195,170.29638671875,0.07478713627221038,0.028177256030225938
2016-03-15,12.448751449584961,170.0188751220703,0.07321982009730975,-0.2594761873732107
2016-03-16,12.735979080200195,171.00282287597656,0.07447818033645699,-0.017027947209007004
2016-03-17,13.016680717468262,172.087646484375,0.07563983227959442,0.2098016645042852
2016-03-18,12.944869995117188,172.763916015625,0.07492808853641889,0.08147402247072986
2016-03-21,12.873066902160645,173.0089874267578,0.07440692586915677,-0.010028274266421748
2016-03-22,12.853480339050293,172.91604614257812,0.07433364702574763,-0.01541337963263533
2016-03-23,12.57930850982666,171.77490234375,0.0732313529985503,-0.2221600009329968
2016-03-24,12.553196907043457,171.69883728027344,0.07311171762073254,-0.23786105695904725
2016-03-28,12.592369079589844,171.80023193359375,0.07329657787922658,-0.19303182503889826
2016-03-29,12.559724807739258,173.38946533203125,0.07243649309194235,-0.359484423645804
2016-03-30,12.618476867675781,174.15020751953125,0.07245743227874475,-0.34882019157215577
2016-03-31,12.611948013305664,173.72755432128906,0.07259612939684468,-0.3140099414332884
2016-04-01,12.533615112304688,174.91098022460938,0.07165710864011984,-0.501198545828094
2016-04-04,12.376946449279785,174.34458923339844,0.07099128515373959,-0.6332763084529882
2016-04-05,12.011378288269043,172.60336303710938,0.06958948004788655,-0.9200678127098132
2016-04-06,12.272496223449707,174.48831176757812,0.07033420232638227,-0.7582736742112062
2016-04-07,12.017910957336426,172.400390625,0.06970930236160204,-0.8860617362599574
2016-04-08,12.14194107055664,172.86532592773438,0.07023930915811612,-0.7676154640089273
2016-04-11,12.148466110229492,172.45962524414062,0.07044237799445317,-0.7184648950361555
2016-04-12,12.527088165283203,174.06568908691406,0.07196759011494912,-0.380172950223083
2016-04-13,12.72292423248291,175.82394409179688,0.07236172694340386,-0.2867827482172463
2016-04-14,12.853480339050293,175.83236694335938,0.07310076388376643,-0.11559495609106726
2016-04-15,12.97751235961914,175.6379852294922,0.07388784574511292,0.07015567959216157
2016-04-18,13.14071273803711,176.8721160888672,0.07429499362937865,0.17247143754008962
2016-04-19,13.343077659606934,177.43006896972656,0.07520189637013303,0.38991198075185196
2016-04-20,13.356131553649902,177.59909057617188,0.07520382852366851,0.4008507747615683
2016-04-21,13.271269798278809,176.6438446044922,0.0751301005024735,0.39405305388481576
2016-04-22,13.225573539733887,176.6438446044922,0.07487140901708811,0.34437933797630016
2016-04-25,13.153764724731445,176.33953857421875,0.07459339426135118,0.29219621804633994
2016-04-26,13.251684188842773,176.60159301757812,0.075037172442288,0.41558806867228765
2016-04-27,12.931818962097168,176.96514892578125,0.07307551255485192,-0.051473918481489286
2016-04-28,12.970985412597656,175.3590087890625,0.07396817250604056,0.1846355090012037
2016-04-29,13.010150909423828,174.41229248046875,0.0745942314294203,0.35756385979194316
2016-05-02,13.108068466186523,175.79856872558594,0.07456299878440796,0.36338577892102475
2016-05-03,12.944869995117188,174.26858520507812,0.07428114470478858,0.3028707702774637
2016-05-04,12.742510795593262,173.2964630126953,0.07353012620147806,0.11732112506152655
2016-05-05,12.735979080200195,173.26263427734375,0.07350678427186758,0.12252828541874294
2016-05-06,12.709869384765625,173.89663696289062,0.0730886439596753,0.017956836982664783
2016-05-09,12.644587516784668,174.04031372070312,0.07265321031928547,-0.09329158578144729
2016-05-10,12.925291061401367,176.20433044433594,0.07335399208865953,0.10944708670002583
2016-05-11,12.879596710205078,174.55593872070312,0.07378492421740504,0.24264293923947974
2016-05-12,12.846952438354492,174.60667419433594,0.07357652562613917,0.1991455698992409
2016-05-13,12.664172172546387,173.08509826660156,0.07316731653605364,0.09474236160654609
2016-05-16,12.866536140441895,174.79263305664062,0.07361028846262967,0.2419131962639984
2016-05-17,12.846952438354492,173.1611785888672,0.07419071955416018,0.43154716695989176
2016-05-18,12.683756828308105,173.21192932128906,0.0732268087885629,0.1471361825304737
2016-05-19,12.644587516784668,172.61172485351562,0.07325451111455673,0.16530518500731053
2016-05-20,12.696813583374023,173.7021942138672,0.07309529762037052,0.12627583250041924
2016-05-23,12.611948013305664,173.46548461914062,0.07270580681221023,0.012752955113271092
2016-05-24,12.644587516784668,175.71400451660156,0.07196118232903854,-0.21595263712567853
2016-05-25,12.72292423248291,176.90589904785156,0.07191916324419156,-0.2215587449562513
2016-05-26,12.768619537353516,176.95664978027344,0.07215676581359487,-0.13610335938642693
2016-05-27,12.7816743850708,177.71743774414062,0.07192132942785585,-0.20564831672219056
2016-05-31,12.696813583374023,177.37928771972656,0.07158002349990267,-0.3124812615310351
2016-06-01,12.677229881286621,177.74278259277344,0.07132345795627285,-0.39224554872894063
2016-06-02,12.57930850982666,178.28375244140625,0.07055779529859799,-0.6474763506197936
2016-06-03,12.820842742919922,177.75123596191406,0.07212800897579685,-0.10172980049667665
2016-06-06,12.964455604553223,178.65565490722656,0.0725667240216129,0.05573095832012386
2016-06-07,13.095014572143555,178.93466186523438,0.0731832191462498,0.27727759354190595
2016-06-08,13.17988109588623,179.5178985595703,0.07341820064539517,0.3665476787607917
2016-06-09,13.010150909423828,179.2727813720703,0.07257181380157209,0.07769234240327026
2016-06-10,12.683756828308105,177.57373046875,0.07142811492908425,-0.31999007197883056
2016-06-13,12.566254615783691,176.20433044433594,0.07131637788977865,-0.35316214940712
2016-06-14,12.455275535583496,175.8577423095703,0.07082585828753513,-0.5237849104260179
2016-06-15,12.461807250976562,175.61257934570312,0.07096192822522583,-0.46814354597511626
2016-06-16,12.370417594909668,176.13674926757812,0.07023189451576144,-0.7324531269088199
2016-06-17,12.474862098693848,175.48068237304688,0.07108966029761653,-0.40646757397788275
2016-06-20,12.78820514678955,176.61077880859375,0.07240897318418532,0.1013647471732868
2016-06-21,12.879596710205078,177.11215209960938,0.0727200056998996,0.23204230753859
2016-06-22,12.883566856384277,176.8232421875,0.0728612748923741,0.3015352192374412
2016-06-23,13.24107551574707,179.12591552734375,0.07392049038111298,0.7387999151143806
2016-06-24,12.5260591506958,172.6936798095703,0.0725333965001401,0.19937254709241306
2016-06-27,12.155305862426758,169.60081481933594,0.0716700911807232,-0.14302863978462332
2016-06-28,12.499574661254883,172.65969848632812,0.07239428060419466,0.16524721967619255
2016-06-29,12.658469200134277,175.59962463378906,0.0720871085375801,0.047846785812295296
2016-06-30,12.87695026397705,177.99581909179688,0.07234411644992676,0.16820098581383502
2016-07-01,12.936529159545898,178.36972045898438,0.07252648670557633,0.26105776864974695
2016-07-05,12.678330421447754,177.08663940429688,0.07159394104544808,-0.1362744062015075
2016-07-06,12.83060073852539,178.1488037109375,0.07202181811641126,0.05945717484757075
2016-07-07,12.737916946411133,178.03829956054688,0.07154593690151062,-0.14447611730996404
2016-07-08,13.049077987670898,180.6893768310547,0.07221829095061764,0.16223553163462315
2016-07-11,13.18149185180664,181.32667541503906,0.07269471974620112,0.38426378449482806
2016-07-12,13.419827461242676,182.64373779296875,0.07347543158832189,0.7423419789218841
2016-07-13,13.399967193603516,182.6182098388672,0.07337694967783853,0.7064489552007773
2016-07-14,13.53900146484375,183.6378936767578,0.07372662141657595,0.873480253535055
2016-07-15,13.492650985717773,183.3914337158203,0.07357296200991435,0.8127515464190886
2016-07-18,13.558860778808594,183.88429260253906,0.07373582912878647,0.8950763353704132
2016-07-19,13.380104064941406,183.69737243652344,0.07283775422299466,0.48947311838351776
2016-07-20,13.452933311462402,184.4620361328125,0.07293063436519968,0.5443963079334198
2016-07-21,13.466170310974121,183.76535034179688,0.0732791589161261,0.7145560059160033
2016-07-22,13.452933311462402,184.5895233154297,0.07288026465334006,0.5314151191359408
2016-07-25,13.492650985717773,184.08819580078125,0.07329449303919199,0.7303808378306228
2016-07-26,13.605204582214355,184.17311096191406,0.07387182912400189,1.0081263261014421
2016-07-27,13.59858512878418,183.977783203125,0.07391427862662277,1.0361894577247608
2016-07-28,13.644930839538574,184.190185546875,0.0740806617845881,1.1215639802645598
2016-07-29,13.830300331115723,184.487548828125,0.07496603656434565,1.5491838714960298
2016-08-01,13.678030014038086,184.3346405029297,0.07420216827786472,1.1919304522203256
2016-08-02,13.664789199829102,183.15354919433594,0.07460837783345389,1.3930816217775577
2016-08-03,13.611824035644531,183.68885803222656,0.0741026112387092,1.165413600974192
2016-08-04,13.678030014038086,183.88429260253906,0.07438389554894054,1.3163896155776287
2016-08-05,13.77734088897705,185.3882293701172,0.07431615769667535,1.2880373411858217
2016-08-08,13.850163459777832,185.27780151367188,0.0747534963531819,1.5031130475961212
2016-08-09,13.922987937927246,185.3882293701172,0.07510179036302668,1.6730439837185143
2016-08-10,13.929610252380371,184.92938232421875,0.0753239429954886,1.7679846149014298
2016-08-11,13.969334602355957,185.78761291503906,0.07518980616185726,1.6892274536239005
2016-08-12,13.810442924499512,185.62615966796875,0.07439922772308806,1.297060365417758
2016-08-15,13.903128623962402,186.1614532470703,0.0746831762508343,1.425100947090522
2016-08-16,13.896507263183594,185.2013397216797,0.07503459361615443,1.5820637141628275
2016-08-17,13.896507263183594,185.5496826171875,0.07489372693702662,1.5011438761471876
2016-08-18,13.903128623962402,185.966064453125,0.07476164355495545,1.4287097588096551
2016-08-19,13.77734088897705,185.69415283203125,0.07419372489040771,1.1505207931451407
2016-08-22,13.790580749511719,185.6857147216797,0.07426839899979448,1.18006820209046
2016-08-23,13.876646041870117,186.05955505371094,0.07458174366731266,1.3177400203183436
2016-08-24,13.876646041870117,185.10787963867188,0.07496518283801396,1.4991764878894978
2016-08-25,13.87002944946289,184.98037719726562,0.07498108534329401,1.5018903410454585
2016-08-26,13.684650421142578,184.63198852539062,0.07411852372082675,1.0920640961755697
2016-08-29,13.67141056060791,185.5412139892578,0.07368395553022218,0.8854238059903172
2016-08-30,13.552240371704102,185.2353057861328,0.07316229654054782,0.6361246876125415
2016-08-31,13.386725425720215,184.70852661132812,0.07247486443270243,0.3083084610664749
2016-09-01,13.459551811218262,184.7169647216797,0.0728658130101818,0.4895656852117576
2016-09-02,13.466170310974121,185.5496826171875,0.07257447235173416,0.34756406321593153
2016-09-06,13.70451545715332,186.11048889160156,0.0736364486428027,0.8430353901257643
2016-09-07,13.67141056060791,186.09349060058594,0.07346528089986219,0.7566213693664762
2016-09-08,13.51913833618164,185.6686553955078,0.07281325061240644,0.4457313444262431
2016-09-09,13.0888032913208,181.22467041015625,0.07222418041482764,0.16586438755969984
2016-09-12,13.214593887329102,183.8247833251953,0.07188690038574297,0.004902096088419662
2016-09-13,12.764395713806152,181.18218994140625,0.0704506095104277,-0.6714381240320856
2016-09-14,12.87032699584961,181.11427307128906,0.07106191454487781,-0.38295407127931813
2016-09-15,13.115285873413086,182.92408752441406,0.07169797073150712,-0.0815550197063997
2016-09-16,13.102045059204102,182.2169952392578,0.07190352931679408,0.014883523788076941
2016-09-19,13.155007362365723,182.25119018554688,0.07218063897949216,0.14614097162048995
2016-09-20,13.234454154968262,182.25967407226562,0.07261317799636152,0.34817910768678056
2016-09-21,13.532382011413574,184.3092803955078,0.07342214120946348,0.7259438304671123
2016-09-22,13.618447303771973,185.47067260742188,0.07342641891744027,0.7218966653250769
2016-09-23,13.59858512878418,184.45449829101562,0.07372325020412114,0.8564618142012071
2016-09-26,13.585344314575195,182.95997619628906,0.07425309402095749,1.0980747052983841
2016-09-27,13.73099422454834,184.09576416015625,0.0745861496987128,1.2454825936352136
2016-09-28,13.889887809753418,185.00958251953125,0.07507658587515097,1.4623554643010646
2016-09-29,13.73099422454834,183.33570861816406,0.0748953617821724,1.3657306910079563
2016-09-30,13.836920738220215,184.71922302246094,0.07490785480695593,1.3602224446796354
2016-10-03,13.86340618133545,184.27508544921875,0.07523212455736905,1.497055538786821
2016-10-04,13.757477760314941,183.33570861816406,0.07503981556025095,1.3966617393704135
2016-10-05,13.836920738220215,184.1470184326172,0.07514061783891114,1.4325129538242984
2016-10-06,13.843544006347656,184.27508544921875,0.07512433909663042,1.4161550717277354
2016-10-07,13.790580749511719,183.6431427001953,0.07509444973954398,1.3951986462660149
2016-10-10,13.896507263183594,184.59963989257812,0.07527916777773902,1.4734348553319565
2016-10-11,13.631688117980957,182.26820373535156,0.07478917243170835,1.2462283916616959
2016-10-12,13.724374771118164,182.50738525390625,0.0751990104511369,1.4221133743583674
2016-10-13,13.684650421142578,181.9095916748047,0.07522775624501589,1.4270202899253024
2016-10-14,13.70451545715332,182.00347900390625,0.07529809612518004,1.4510642658232291
2016-10-17,13.664789199829102,181.3715362548828,0.07534142061092688,1.460928322158579
2016-10-18,13.836920738220215,182.50738525390625,0.07581567572715012,1.65813309915347
2016-10-19,13.942852973937988,182.99417114257812,0.07619288028073064,1.806897697599067
2016-10-20,13.803821563720703,182.65249633789062,0.07557422887987733,1.5199487482736862
2016-10-21,13.724374771118164,182.7379150390625,0.07510414446933143,1.3035754168594245
2016-10-24,13.697893142700195,183.51507568359375,0.07464178673972989,1.0942593919638135
2016-10-25,13.810442924499512,182.9001922607422,0.0755080831452127,1.4617653986558823
2016-10-26,13.644930839538574,182.5330047607422,0.07475322535463583,1.1249374263041034
2016-10-27,13.413207054138184,182.04615783691406,0.07368025347810085,0.6530689272567108
2016-10-28,13.347002029418945,181.50819396972656,0.07353388151526134,0.5833262410755021
2016-10-31,13.426451683044434,181.51675415039062,0.07396811245269581,0.7664899946946021
2016-11-01,13.37348461151123,180.2014923095703,0.07421406138267024,0.8679226668079728
2016-11-02,13.234454154968262,179.1169891357422,0.07388720756655111,0.7177178194644391
2016-11-03,13.280797958374023,178.297119140625,0.07448689032322112,0.9753634222100683
2016-11-04,13.174871444702148,178.1007537841797,0.07397425987689696,0.7424145367963596
2016-11-07,13.558860778808594,182.02915954589844,0.07448730089527081,0.9660180488119955
2016-11-08,13.691272735595703,182.8489532470703,0.07487750130620488,1.1400235151225953
2016-11-09,13.591961860656738,184.7875213623047,0.07355454394567901,0.5334606758630135
2016-11-10,13.565483093261719,185.2487030029297,0.07322849160810148,0.3759535054689287
2016-11-11,13.52575969696045,184.82168579101562,0.07318275254914892,0.34785949966684426
2016-11-14,13.558860778808594,184.96690368652344,0.07330425340193703,0.39861427799497284
2016-11-15,13.611824035644531,186.41012573242188,0.07302084037636083,0.25609517820739053
2016-11-16,13.347002029418945,186.0599822998047,0.07173494194959383,-0.3727422452814106
2016-11-17,13.37348461151123,187.01646423339844,0.07150966449040008,-0.492772414767378
2016-11-18,13.26093864440918,186.5980224609375,0.07106687664487564,-0.7133860612135362
2016-11-21,13.37348461151123,188.00706481933594,0.0711328833539441,-0.6839351723770856
2016-11-22,13.51913833618164,188.37432861328125,0.07176741350959474,-0.3770100089568487
2016-11-23,13.644930839538574,188.47682189941406,0.0723958028474216,-0.07168205490100055
2016-11-25,13.790580749511719,189.1770477294922,0.07289774798278452,0.17057958457170486
2016-11-28,13.737616539001465,188.2888946533203,0.07296031220691652,0.19495146241860956
2016-11-29,13.757477760314941,188.65609741210938,0.07292357866527076,0.1705496661639074
2016-11-30,13.532382011413574,188.2035369873047,0.07190291015798711,-0.3447967051203297
2016-12-01,13.678030014038086,187.51174926757812,0.07294492247800227,0.1751678004145839
2016-12-02,13.697893142700195,187.60568237304688,0.0730142763771006,0.2068074398551648
2016-12-05,13.724374771118164,188.7329864501953,0.07271847401588108,0.05288589843418531
2016-12-06,13.737616539001465,189.33079528808594,0.07255880649578582,-0.03459213039639673
2016-12-07,13.929610252380371,191.80734252929688,0.0726229250074342,-0.010686872948815719
2016-12-08,13.969334602355957,192.27706909179688,0.07265210910660762,-0.003605422434783769
2016-12-09,14.002437591552734,193.4385528564453,0.07238700551044873,-0.14972346414173626
2016-12-12,14.035540580749512,193.21641540527344,0.07264155352074936,-0.026711682563263284
2016-12-13,14.114983558654785,194.5059814453125,0.07256837786566152,-0.07651067097326321
2016-12-14,13.850163459777832,192.90045166015625,0.07179953878064763,-0.5068215616097264
2016-12-15,13.757477760314941,193.69468688964844,0.07102661400388767,-0.9448545806110683
2016-12-16,13.618447303771973,193.3158721923828,0.07044660714780449,-1.2844731002153889
2016-12-19,13.591961860656738,193.7367706298828,0.07015685156961243,-1.4474993276093666
2016-12-20,13.724374771118164,194.48414611816406,0.07056809022767106,-1.2202598952447843
2016-12-21,13.71757698059082,193.9429473876953,0.07072996035874997,-1.1333114798449393
2016-12-22,13.731171607971191,193.60797119140625,0.07092255305126963,-1.0274797310501649
2016-12-23,13.629207611083984,193.89138793945312,0.07029300143717578,-1.3775007953793406
2016-12-27,13.690385818481445,194.37246704101562,0.07043377092905118,-1.2972640473025903
2016-12-28,13.744765281677246,192.76608276367188,0.07130281989766897,-0.8097552989506512
2016-12-29,13.85352611541748,192.7231903076172,0.07188302608163048,-0.4849111878296996
2016-12-30,13.751564025878906,192.01873779296875,0.0716157401300367,-0.6324472439280224
2017-01-03,13.996278762817383,193.48764038085938,0.07233681043020232,-0.23050784782098818
2017-01-04,14.173016548156738,194.63876342773438,0.07281702934481962,0.03345438156986848
2017-01-05,14.308966636657715,194.48414611816406,0.07357394894267587,0.45046128033467264
2017-01-06,14.234197616577148,195.1799774169922,0.07292857497450418,0.07905028790855355
2017-01-09,14.390541076660156,194.5356903076172,0.07397378369955944,0.6683416806339695
2017-01-10,14.417731285095215,194.5356903076172,0.07411355346824335,0.7438246453090372
2017-01-11,14.567279815673828,195.08546447753906,0.074671272176462,1.0643368006047043
2017-01-12,14.628458023071289,194.59584045410156,0.07517353911026499,1.352973350927393
2017-01-13,14.567279815673828,195.04249572753906,0.07468772259776307,1.0603514282213784
2017-01-17,14.53329086303711,194.3552703857422,0.07477693213151612,1.1189356569757065
2017-01-18,14.410934448242188,194.7848358154297,0.0739838621826671,0.633089567584184
2017-01-19,14.472110748291016,194.06321716308594,0.07457420813615087,0.9909079585797875
2017-01-20,14.472110748291016,194.77627563476562,0.07430119865023176,0.8154397026058965
2017-01-23,14.431327819824219,194.26939392089844,0.07428513328095464,0.7992625347436902
2017-01-24,14.540087699890137,195.5150146484375,0.07436813855976834,0.8449939921272553
2017-01-25,14.587669372558594,197.2072296142578,0.0739712707343054,0.5894753648119458
2017-01-26,14.506099700927734,197.00111389160156,0.07363460751247128,0.37094779243460596
2017-01-27,14.546884536743164,196.69186401367188,0.07395773388843385,0.5703503612254396
2017-01-30,14.431327819824219,195.4720458984375,0.07382809011638618,0.4820554936790283
2017-01-31,14.438124656677246,195.45489501953125,0.07386934287439813,0.5024802654313453
2017-02-01,14.512900352478027,195.5321502685547,0.07422257839718535,0.7229620934919361
2017-02-02,14.662445068359375,195.66104125976562,0.07493798956580765,1.1767047659361578
2017-02-03,14.676036834716797,197.0097198486328,0.07449397342421857,0.8822362511685157
2017-02-06,14.540087699890137,196.65748596191406,0.07393610077322997,0.515124629047143
2017-02-07,14.506099700927734,196.6660919189453,0.07376004454751829,0.3963018951865116
2017-02-08,14.5808744430542,196.92381286621094,0.0740432263159579,0.574381263866569
2017-02-09,14.655644416809082,198.09205627441406,0.07398400871010612,0.5295358401071029
2017-02-10,14.852773666381836,198.87380981445312,0.07468441259429431,0.9830474124175117
2017-02-13,14.9275541305542,199.95614624023438,0.07465413997637116,0.9566044983870696
2017-02-14,14.941144943237305,200.7550048828125,0.07442476939471052,0.7980956137915254
2017-02-15,15.145073890686035,201.8030548095703,0.0750487840978302,1.2046863821188456
2017-02-16,15.145073890686035,201.63125610351562,0.07511272896554637,1.2374866107514855
2017-02-17,15.117886543273926,201.94911193847656,0.07485988127484097,1.060795977847815
2017-02-21,15.179065704345703,203.15171813964844,0.07471788003245666,0.9585158275753726
2017-02-22,15.206249237060547,202.9713592529297,0.07491820172574944,1.083491409846586
2017-02-23,15.206249237060547,203.1088104248047,0.0748675018343935,1.0427961712214504
2017-02-24,15.009126663208008,203.36648559570312,0.07380334384617566,0.3229789000888493
2017-02-27,14.995528221130371,203.68435668945312,0.07362140355232713,0.19051239894373853
2017-02-28,14.920756340026855,203.1345977783203,0.07345256053481247,0.06369252836191643
2017-03-01,15.090696334838867,205.97796630859375,0.07326364370560959,-0.07896293977349277
2017-03-02,14.920756340026855,204.68081665039062,0.07289767836676442,-0.3430502682927315
2017-03-03,14.941144943237305,204.8096160888672,0.07295138396604542,-0.30553872296912404
2017-03-06,14.900360107421875,204.1997833251953,0.07296951967717091,-0.29035447233326533
2017-03-07,14.961540222167969,203.58987426757812,0.07348862646530259,0.08263383757982119
2017-03-08,14.859575271606445,203.2119140625,0.07312354366701267,-0.1746594322970775
2017-03-09,14.859575271606445,203.46963500976562,0.0730309231197729,-0.23465799575011284
2017-03-10,14.988730430603027,204.1825714111328,0.07340847128632931,0.04039697530623755
2017-03-13,15.036314964294434,204.28564453125,0.07360436411866571,0.18811843446037405
2017-03-14,14.934344291687012,203.50396728515625,0.07338601055752654,0.03445767392263474
2017-03-15,15.396587371826172,205.26495361328125,0.07500835920014534,1.200503656102837
2017-03-16,15.260636329650879,204.8612060546875,0.07449256315310897,0.8280507425950885
2017-03-17,15.287823677062988,204.50144958496094,0.0747565540884423,1.0246561535487038
2017-03-20,15.31501579284668,204.27713012695312,0.07497175911629844,1.1802523797135815
2017-03-21,15.104293823242188,201.65426635742188,0.07490193039839087,1.1267255573053652
2017-03-22,15.02271842956543,202.12884521484375,0.07432248679597268,0.7076533336715781
2017-03-23,14.968337059020996,201.9131622314453,0.07413254734658341,0.5673193404895368
2017-03-24,15.070297241210938,201.7664337158203,0.07469179567517573,0.9653061850000835
2017-03-27,15.070297241210938,201.55941772460938,0.07476850951118287,1.0143555376789426
2017-03-28,15.287823677062988,203.02613830566406,0.07529978063241567,1.38462404974448
2017-03-29,15.46456241607666,203.21591186523438,0.07609917094647693,1.9351942407419682
2017-03-30,15.484954833984375,203.8629913330078,0.07595765534848786,1.8138599258921941
2017-03-31,15.369397163391113,203.38845825195312,0.0755667125631674,1.5232733189490826
2017-04-03,15.321812629699707,203.0347900390625,0.07546397652713555,1.4405164897285891
2017-04-04,15.281028747558594,203.16415405273438,0.07521518162890176,1.2631940790486766
2017-04-05,15.260636329650879,202.56021118164062,0.0753387658939904,1.3463216137721776
2017-04-06,15.240242004394531,203.12969970703125,0.0750271478093806,1.119952056286868
2017-04-07,15.165468215942383,202.92259216308594,0.07473523797564205,0.9022859229432477
2017-04-10,15.219850540161133,203.04335021972656,0.07495862594707353,1.0626188141992499
2017-04-11,15.328609466552734,202.80184936523438,0.07558417003854238,1.5147763628758584
2017-04-12,15.287823677062988,201.9131622314453,0.07571484448120892,1.5962787653639847
2017-04-13,15.247035026550293,200.60177612304688,0.07600648070632203,1.792463372587035
2017-04-17,15.335406303405762,202.37908935546875,0.07577564634886703,1.6088785958675917
2017-04-18,15.131481170654297,201.77508544921875,0.07499182139839795,1.031392509282219
2017-04-19,14.98193359375,201.4041290283203,0.07438742028790941,0.5932294201760797
2017-04-20,15.13827896118164,203.04335021972656,0.07455688130046866,0.7205370359514254
2017-04-21,15.179065704345703,202.3963623046875,0.07499673181623263,1.0441338817863115
2017-04-24,15.342204093933105,204.6222686767578,0.07497817414080779,1.029880672078674
2017-04-25,15.376194953918457,205.8128204345703,0.07470960711510527,0.8322205666398746
2017-04-26,15.233445167541504,205.68338012695312,0.07406259639519258,0.36108930515513654
2017-04-27,15.226644515991211,205.8560333251953,0.07396744350911176,0.2885600143996746
2017-04-28,15.267430305480957,205.40736389160156,0.07432757042506981,0.5520563414078682
2017-05-01,15.416982650756836,205.9249725341797,0.07486698898647616,0.9470608539093933
2017-05-02,15.403383255004883,206.00265502929688,0.07477274141352341,0.8767993127449992
2017-05-03,15.063502311706543,205.75244140625,0.07321177920783092,-0.26606661876647986
2017-05-04,14.954740524291992,205.99404907226562,0.07259792499658889,-0.7134208464289505
2017-05-05,15.02271842956543,206.80496215820312,0.07264196309793207,-0.6779745849850484
2017-05-08,14.9275541305542,206.7705078125,0.07219382632696604,-1.0020635228944748
2017-05-09,14.744014739990234,206.58070373535156,0.07137169383873647,-1.5931356515344606
2017-05-10,14.873167991638184,206.95167541503906,0.07186783079581369,-1.2237349265895503
2017-05-11,14.852773666381836,206.52890014648438,0.07191619989186615,-1.1799791925983583
2017-05-12,14.784801483154297,206.18386840820312,0.07170687793034965,-1.3216069683721796
2017-05-15,14.886763572692871,207.32269287109375,0.07180479554135909,-1.243332261422131
2017-05-16,14.961540222167969,207.13284301757812,0.0722316171796004,-0.9305676161208289
2017-05-17,14.5808744430542,203.45750427246094,0.07166545414578644,-1.3260925930657397
2017-05-18,14.614862442016602,204.27713012695312,0.07154429099789013,-1.4026719127508176
2017-05-19,14.744014739990234,205.6057891845703,0.0717101147709157,-1.2758832241189748
2017-05-22,14.852773666381836,206.64971923828125,0.07187415362154725,-1.152876145614877
2017-05-23,14.852773666381836,207.1070098876953,0.07171545605547498,-1.2594717872050754
2017-05-24,14.873167991638184,207.5901336669922,0.07164679615986531,-1.3057959549797358
2017-05-25,14.825589179992676,208.58233642578125,0.07107787473302174,-1.699971613466996
2017-05-26,14.730422019958496,208.5391845703125,0.07063623102924278,-1.9944029025161627
2017-05-30,14.655644416809082,208.3579864501953,0.07033876966512288,-2.182486928277157
2017-05-31,14.608063697814941,208.30621337890625,0.07012783469518054,-2.308262371911859
2017-06-01,14.5808744430542,209.9627227783203,0.06944506267642928,-2.744321183265052
2017-06-02,14.764405250549316,210.66156005859375,0.0700859010369178,-2.299234031577308
2017-06-05,14.771208763122559,210.50631713867188,0.07016990731632992,-2.218297859733624
2017-06-06,14.608063697814941,209.83334350585938,0.06961745666225362,-2.551387861209168
2017-06-07,14.608063697814941,210.2215576171875,0.0694888947803163,-2.591954559803109
2017-06-08,14.676036834716797,210.3251495361328,0.06977785047144601,-2.365441467957416
2017-06-09,14.662445068359375,210.0059356689453,0.06981919354638312,-2.307863787645707
2017-06-12,14.648850440979004,209.9627227783203,0.0697688153741716,-2.318327178589619
2017-06-13,14.968337059020996,210.98944091796875,0.07094353629213408,-1.5646189443295817
2017-06-14,15.111083030700684,210.7220001220703,0.07171098898998159,-1.0804597725773026
2017-06-15,14.995528221130371,210.31649780273438,0.07129981897661387,-1.3461748824137751
2017-06-16,15.063502311706543,210.3624267578125,0.07160738038570431,-1.1590665917158252
2017-06-19,15.117886543273926,212.11370849609375,0.07127255777319236,-1.3762445051398617
2017-06-20,14.840112686157227,210.68321228027344,0.07043804072255798,-1.8971611398807542
2017-06-21,14.6942777633667,210.63116455078125,0.06976307515891858,-2.2983500473650684
2017-06-22,14.729000091552734,210.5358428955078,0.06995958450107218,-2.146834377439561
2017-06-23,14.833165168762207,210.78726196289062,0.07037031095063802,-1.8671336597687997
2017-06-26,14.847052574157715,210.92596435546875,0.07038987646459832,-1.8380531402392355
2017-06-27,14.798444747924805,209.22666931152344,0.07072924688148138,-1.620197148590768
2017-06-28,15.110942840576172,211.09934997558594,0.0715821381843373,-1.0889380744462547
2017-06-29,15.138717651367188,209.24403381347656,0.07234957850631994,-0.6160622184138206
2017-06-30,15.05538558959961,209.6342315673828,0.07181740060787901,-0.9425165024059213
2017-07-03,14.98593807220459,209.98965454101562,0.07136512560564028,-1.215750047532744
2017-07-05,15.05538558959961,210.47511291503906,0.07153047873967364,-1.1136285224919478
2017-07-06,14.916498184204102,208.55044555664062,0.0715246526776319,-1.1146912247110585
2017-07-07,14.916498184204102,209.9029541015625,0.07106378396650238,-1.394748825025462
2017-07-10,14.951221466064453,210.12835693359375,0.07115280243108475,-1.3340036223709222
2017-07-11,14.98593807220459,209.97227478027344,0.0713710326179335,-1.1941385495147308
2017-07-12,15.048440933227539,211.55023193359375,0.07113412637595826,-1.328430516548369
2017-07-13,15.208160400390625,211.90562438964844,0.07176855472427726,-0.9368774609129822
2017-07-14,15.458160400390625,212.89401245117188,0.07260965314342045,-0.42321226506651866
2017-07-17,15.402604103088379,212.8679962158203,0.07235753789626578,-0.5730338174911281
2017-07-18,15.451213836669922,212.98068237304688,0.0725474895869021,-0.45476841520263517
2017-07-19,15.728989601135254,214.13380432128906,0.0734540239967683,0.09377000781804991
2017-07-20,15.770657539367676,214.22911071777344,0.07361584747529491,0.19031981389661443
2017-07-21,15.54843521118164,214.03842163085938,0.0726431969209584,-0.398243221483671
2017-07-24,15.555376052856445,213.9864044189453,0.07269329140370026,-0.36735298301631136
2017-07-25,15.722044944763184,214.50657653808594,0.07329399964560859,-0.0029986524789326176
2017-07-26,15.888708114624023,214.51522827148438,0.07406797290174535,0.46588462207851083
2017-07-27,15.805379867553711,214.31588745117188,0.0737480550580026,0.2723145576379704
2017-07-28,15.70815372467041,214.06442260742188,0.07338049701737681,0.05109808769755021
2017-07-31,15.763712882995605,213.9430389404297,0.0736818218581295,0.23748658598996103
2017-08-01,15.819265365600586,214.41990661621094,0.0737770369143729,0.2965281824709169
2017-08-02,15.770657539367676,214.52392578125,0.07351467898946158,0.13977168115015062
2017-08-03,15.645655632019043,214.10777282714844,0.07307373957250003,-0.1263230533283872
2017-08-04,15.659544944763184,214.49790954589844,0.07300558302836206,-0.16465562871847883
2017-08-07,15.694267272949219,214.8966827392578,0.07303168700836421,-0.14574108346897288
2017-08-08,15.624822616577148,214.36788940429688,0.0728878875469488,-0.22932796244063405
2017-08-09,15.583155632019043,214.3591766357422,0.07269647083268704,-0.34126842959021947
2017-08-10,15.402604103088379,211.33346557617188,0.07288293910808342,-0.2217991501085046
2017-08-11,15.444269180297852,211.6455535888672,0.07297233000367762,-0.16191554660641405
2017-08-14,15.513712882995605,213.74362182617188,0.07258093949400846,-0.3989439858217723
2017-08-15,15.47204303741455,213.71763610839844,0.07239478837192018,-0.5086967124367306
2017-08-16,15.826213836669922,214.09042358398438,0.07392303481739594,0.43843377399054706
2017-08-17,15.624822616577148,210.75265502929688,0.07413820060489928,0.5742692763960037
2017-08-18,15.701212882995605,210.42311096191406,0.07461734032550006,0.8717866978832886
2017-08-21,15.687320709228516,210.5878143310547,0.07449301261357533,0.7935797887603848
2017-08-22,15.78454303741455,212.78993225097656,0.0741789936696693,0.5993516165104491
2017-08-23,15.70815372467041,212.0270233154297,0.07408562115830682,0.5431833207455268
2017-08-24,15.680376052856445,211.5328826904297,0.07412736900959307,0.5721164394196971
2017-08-25,15.763712882995605,212.0270233154297,0.07434765925824534,0.7115272574578669
2017-08-28,15.728989601135254,212.03567504882812,0.07418086412823287,0.6075625002613853
2017-08-29,15.617881774902344,212.2784423828125,0.07357262282308358,0.22952919462160906
2017-08-30,15.541488647460938,213.28411865234375,0.07286753812548881,-0.20831856329671686
2017-08-31,15.728989601135254,214.56727600097656,0.07330563119542827,0.06214543738131568
2017-09-01,15.84704303741455,214.87074279785156,0.0737515160559728,0.3373593078982973
2017-09-05,15.749824523925781,213.32748413085938,0.07382932671846691,0.38267877492177843
2017-09-06,15.805379867553711,214.0557403564453,0.07383768284482638,0.3873180537872675
2017-09-07,15.895650863647461,214.0297088623047,0.07426843193004518,0.6527641636087664
2017-09-08,15.840096473693848,213.7783203125,0.0740958973320535,0.5421088488613448
2017-09-11,15.978985786437988,216.0584716796875,0.07395676578758395,0.45156194478238093
2017-09-12,16.083154678344727,216.78672790527344,0.07418883449992557,0.5905284102262708
2017-09-13,15.951208114624023,216.8907470703125,0.07354489912588524,0.18349883666022232
2017-09-14,15.951208114624023,216.82142639160156,0.07356841240318435,0.1926977141411138
2017-09-15,15.90259838104248,217.11329650878906,0.07324562169502466,-0.013894277296746116
2017-09-18,15.853983879089355,217.5750274658203,0.07286674423874274,-0.2550323967855379
2017-09-19,15.958150863647461,217.79287719726562,0.0732721430976523,-0.002342621981151205
2017-09-20,15.923428535461426,217.8712921142578,0.07308640060348444,-0.1207030499103248
2017-09-21,15.659544944763184,217.2875518798828,0.07206830216127533,-0.7587155020025202
2017-09-22,15.770657539367676,217.33111572265625,0.07256511561599471,-0.4433385137006644
2017-09-25,15.722044944763184,216.8867645263672,0.07248964674767804,-0.4876402813205918
2017-09-26,15.603992462158203,217.0174560546875,0.07190201537624726,-0.8512210519218156
2017-09-27,15.54843521118164,217.86256408691406,0.07136809059577005,-1.1775494525173547
2017-09-28,15.520657539367676,218.12393188476562,0.07115522540446045,-1.3005885193463576
2017-09-29,15.583155632019043,218.8907012939453,0.07119149210040054,-1.2672909463401663
2017-10-02,15.652600288391113,219.8403778076172,0.07119984256071803,-1.251727595949639
2017-10-03,15.583155632019043,220.3108673095703,0.07073257811709459,-1.531183656243369
2017-10-04,15.499820709228516,220.57229614257812,0.07027093148275257,-1.8013827569482401
2017-10-05,15.430381774902344,221.879150390625,0.06954408175683334,-2.2252031568265043
2017-10-06,15.430381774902344,221.62648010253906,0.0696233670622898,-2.1490398596831755
2017-10-09,15.437324523925781,221.26058959960938,0.0697698788196352,-2.034918467477831
2017-10-10,15.562326431274414,221.84432983398438,0.07014975971177793,-1.7849304140175508
2017-10-11,15.603992462158203,222.19281005859375,0.07022726099032334,-1.7201105921634312
2017-10-12,15.715100288391113,221.86172485351562,0.0708328590646585,-1.3411215455606829
2017-10-13,15.94426155090332,222.13180541992188,0.07177838185199102,-0.7598970678483408
2017-10-16,15.965094566345215,222.42808532714844,0.07177643301143229,-0.7546111921356485
2017-10-17,16.02065086364746,222.58485412597656,0.07197547616865359,-0.6269002404290038
2017-10-18,16.02065086364746,222.80270385742188,0.07190510072938593,-0.6639146969229792
2017-10-19,16.04842758178711,222.8637237548828,0.07201004861355548,-0.5932747232738305
2017-10-20,16.04842758178711,224.0137481689453,0.07164036900844052,-0.8161918303383309
2017-10-23,15.951208114624023,223.14251708984375,0.0714843962623295,-0.9061936740967289
2017-10-24,15.972044944763184,223.53457641601562,0.07145223437396968,-0.9189022946799671
2017-10-25,15.756767272949219,222.42808532714844,0.07083982784716274,-1.2922633372428924
2017-10-26,15.756767272949219,222.71556091308594,0.07074838959769968,-1.3383147772270605
2017-10-27,15.833151817321777,224.53656005859375,0.0705148053091668,-1.4708128152284303
2017-10-30,15.805379867553711,223.7001190185547,0.07065432033249272,-1.372075856908438
2017-10-31,15.763712882995605,224.0486602783203,0.07035843402684677,-1.5409058558400566
2017-11-01,15.840096473693848,224.3448486328125,0.07060601823587889,-1.375708351790381
2017-11-02,15.958150863647461,224.4320068359375,0.07110461243307895,-1.059870806631615
2017-11-03,15.867877960205078,225.1813201904297,0.07046711488673238,-1.4397223253235136
2017-11-06,15.930379867553711,225.5298309326172,0.07063535587145152,-1.3248563856513418
2017-11-07,15.90259838104248,225.3730010986328,0.07056123982696058,-1.3586379795362122
2017-11-08,16.055374145507812,225.75637817382812,0.07111814193415825,-1.0098594240908012
2017-11-09,16.09009552001953,224.93731689453125,0.07153146370801544,-0.751097339780532
2017-11-10,16.09009552001953,224.86761474609375,0.0715536362947926,-0.7327784512223432
2017-11-13,15.978985786437988,225.0767059326172,0.07099351183512402,-1.0679544421985419
2017-11-14,15.798431396484375,224.5540313720703,0.07035469949015291,-1.4451789559589883
2017-11-15,15.749824523925781,223.4300079345703,0.0704910887732591,-1.3512358936143056
2017-11-16,15.853983879089355,225.32945251464844,0.07035912838805972,-1.423125029428566
2017-11-17,15.715100288391113,224.667236328125,0.06994834024414363,-1.6600616107763129
2017-11-20,15.749824523925781,225.0506134033203,0.06998347743091916,-1.6308031244167236
2017-11-21,15.84704303741455,226.5230255126953,0.06995775816408745,-1.6374936135159663
2017-11-22,15.930379867553711,226.32269287109375,0.0703879035083201,-1.3730150403882866
2017-11-24,15.923428535461426,226.84542846679688,0.07019506032404846,-1.4762252885769498
2017-11-27,15.853983879089355,226.73216247558594,0.06992384188456933,-1.6214385502499797
2017-11-28,15.94426155090332,229.0323028564453,0.06961577625535639,-1.7838850251769167
2017-11-29,15.853983879089355,228.89285278320312,0.06926377860345655,-1.9663078091710382
2017-11-30,15.81231689453125,230.89683532714844,0.06848217244782681,-2.3860534724422853
2017-12-01,15.867877960205078,230.41763305664062,0.06886572763424091,-2.136604188071655
2017-12-04,15.763712882995605,230.1388702392578,0.06849652501816524,-2.311836464649593
2017-12-05,15.735931396484375,229.3111572265625,0.06862261560582097,-2.2097317385613646
2017-12-06,15.694267272949219,229.3547821044922,0.06842790513868177,-2.2850050390676446
2017-12-07,15.687320709228516,230.07786560058594,0.06818265924137887,-2.3831671344438923
2017-12-08,15.735931396484375,231.33253479003906,0.06802299300773472,-2.431062533783713
2017-12-11,15.770657539367676,232.0294647216797,0.0679683399618434,-2.4221825044908973
2017-12-12,15.853983879089355,232.4390106201172,0.06820707004729103,-2.26205714800928
2017-12-13,16.09009552001953,232.4128875732422,0.06923065105393059,-1.7050562893658028
2017-12-14,16.04842758178711,231.4631805419922,0.06933468875787609,-1.6369357105097344
2017-12-15,16.06926155090332,233.39068603515625,0.06885134031648017,-1.8735055173992898
2017-12-18,16.18037223815918,234.8706512451172,0.06889056658370193,-1.841400186994537
2017-12-19,16.151203155517578,233.96868896484375,0.0690314726597646,-1.760331373615383
2017-12-20,16.151203155517578,233.84605407714844,0.06906767454023027,-1.7314419151594822
2017-12-21,16.265043258666992,234.3277130126953,0.06941152222053135,-1.5475002913044509
2017-12-22,16.343307495117188,234.26646423339844,0.06976375192496369,-1.3618076140937236
2017-12-26,16.343307495117188,233.98614501953125,0.06984733003637024,-1.3168891407919294
2017-12-27,16.42868423461914,234.10012817382812,0.07017802323636588,-1.1474261506633376
2017-12-28,16.499835968017578,234.58169555664062,0.07033726961886347,-1.0627726846670538
2017-12-29,16.485610961914062,233.6971893310547,0.07054261546363999,-0.9541943380079292
2018-01-02,16.592330932617188,235.3698272705078,0.07049472366544168,-0.9746910320033215
2018-01-03,16.69906234741211,236.8585205078125,0.0705022657053256,-0.9653872030010118
2018-01-04,16.763097763061523,237.85691833496094,0.07047555261543818,-0.9724264242175021
2018-01-05,16.862707138061523,239.44198608398438,0.07042502200155874,-0.9903521143775432
2018-01-08,16.770212173461914,239.87985229492188,0.0699108825231544,-1.2396471290539952
2018-01-09,16.79155731201172,240.4227752685547,0.0698417913746124,-1.2636832701321792
2018-01-10,16.649255752563477,240.05502319335938,0.06935599818360329,-1.4933356993351936
2018-01-11,16.748865127563477,241.8064422607422,0.06926558685108569,-1.524812066209759
2018-01-12,16.84136199951172,243.3827667236328,0.06919701927226221,-1.5460368167345737
2018-01-16,16.69194221496582,242.5508575439453,0.06881831869813768,-1.717865673638947
2018-01-17,16.784439086914062,244.86265563964844,0.0685463409806959,-1.8339779348150032
2018-01-18,16.798669815063477,244.45114135742188,0.06871994837815654,-1.72980535294973
2018-01-19,16.834251403808594,245.56338500976562,0.0685535891400875,-1.7931989876991838
2018-01-22,16.855592727661133,247.55999755859375,0.06808689971679155,-1.9983357995809468
2018-01-23,16.891170501708984,248.08541870117188,0.06808610755981201,-1.9753213438088737
2018-01-24,16.99077796936035,247.98904418945312,0.0685142282188084,-1.7495458379109412
2018-01-25,16.940969467163086,248.0941162109375,0.06828444674906896,-1.8400523564434832
2018-01-26,17.154428482055664,250.96653747558594,0.06835344924709115,-1.7871980722407141
2018-01-29,17.033470153808594,249.30276489257812,0.06832443338985082,-1.781826033853765
2018-01-30,16.898277282714844,246.7455596923828,0.06848462563533825,-1.6881588359267818
2018-01-31,16.91250991821289,246.86819458007812,0.06850825780526733,-1.6601418607635345
2018-02-01,16.99077796936035,246.5879669189453,0.06890351618392354,-1.4604847149266897
2018-02-02,16.734636306762695,241.21975708007812,0.06937506491728732,-1.2289524482405922
2018-02-05,16.17254638671875,231.13131713867188,0.06997124659232443,-0.9404128269682062
2018-02-06,16.329078674316406,235.68511962890625,0.06928345200590967,-1.2544982103012297
2018-02-07,15.987553596496582,234.40650939941406,0.06820439260607217,-1.7444678622076673
2018-02-08,15.539302825927734,225.6142120361328,0.06887554948639081,-1.4171269780923452
2018-02-09,15.73852825164795,229.0032501220703,0.06872622219666541,-1.473629621824805
2018-02-12,15.987553596496582,232.36602783203125,0.06880331753165479,-1.4258110802812012
2018-02-13,16.080049514770508,232.94398498535156,0.06902968331971175,-1.3097270226633522
2018-02-14,16.36465072631836,236.08795166015625,0.06931590795397699,-1.1669329980623613
2018-02-15,16.485610961914062,239.10043334960938,0.0689484779720538,-1.3284919232629722
2018-02-16,16.350421905517578,239.17047119140625,0.06836304592314184,-1.5891151619529087
2018-02-20,16.30773162841797,237.67300415039062,0.06861415198042031,-1.460123486632839
2018-02-21,16.265043258666992,236.49078369140625,0.06877664746500665,-1.3733503530588649
2018-02-22,16.393112182617188,236.7972412109375,0.06922847622204477,-1.1538566176043796
2018-02-23,16.521181106567383,240.57168579101562,0.06867466988995254,-1.4021859510090622
2018-02-26,16.69906234741211,243.36520385742188,0.06861729648580096,-1.4165340648990137
2018-02-27,16.435802459716797,240.3264617919922,0.06838948294400615,-1.5089323485214448
2018-02-28,16.236583709716797,237.8919219970703,0.06825193379166844,-1.5580435174205478
2018-03-01,16.129852294921875,234.4328155517578,0.06880373064222634,-1.2908416664893734
2018-03-02,16.17966079711914,235.64132690429688,0.06866223768842691,-1.3447084812998487
2018-03-05,16.250816345214844,238.36483764648438,0.06817623146798274,-1.5541686839593751
2018-03-06,16.378883361816406,238.96902465820312,0.06853977575228877,-1.3747645831652417
2018-03-07,16.272157669067383,238.88150024414062,0.0681181156868028,-1.5533710525247117
2018-03-08,16.293500900268555,240.03750610351562,0.06787897926769003,-1.645997851790096
2018-03-09,16.58521842956543,244.21469116210938,0.06791245174745111,-1.6146165375088544
2018-03-12,16.578105926513672,243.90817260742188,0.06796863651303998,-1.5739389344126313
2018-03-13,16.36465072631836,242.33184814453125,0.06752992168226347,-1.75369460113063
2018-03-14,16.435802459716797,241.08828735351562,0.06817337598660048,-1.451059708178212
2018-03-15,16.25792694091797,240.8256072998047,0.06750912879741404,-1.734306814639127
2018-03-16,16.201004028320312,241.08677673339844,0.06719988648002834,-1.8543630705371998
2018-03-19,16.072933197021484,237.82479858398438,0.06758308339887256,-1.66881316381837
2018-03-20,16.016014099121094,238.229248046875,0.06722941968892801,-1.8107255486726193
2018-03-21,16.17966079711914,237.7720947265625,0.0680469287858431,-1.435586598172992
2018-03-22,15.766986846923828,231.82846069335938,0.06801143742130479,-1.4396499192497807
2018-03-23,15.560648918151855,226.88710021972656,0.06858322444547221,-1.1753559511783034
2018-03-26,15.838140487670898,233.094482421875,0.067947298979843,-1.4482468859303175
2018-03-27,15.532190322875977,229.129150390625,0.06778792788432339,-1.5079362124346107
2018-03-28,15.539302825927734,228.4521484375,0.06801994611216791,-1.3954613118612336
2018-03-29,15.667378425598145,231.3712615966797,0.06771531744037039,-1.5252551449370249
2018-04-02,15.397002220153809,226.3771209716797,0.06801483362835067,-1.3840971129315425
2018-04-03,15.574877738952637,229.27859497070312,0.06792992490617265,-1.4150270955083732
2018-04-04,15.68160629272461,231.73170471191406,0.06767138882536503,-1.5240445127767261
2018-04-05,15.695837020874023,233.560546875,0.06720243307733959,-1.726338819606348
2018-04-06,15.517963409423828,228.3553924560547,0.06795531842940887,-1.374194132174015
2018-04-09,15.695837020874023,229.4808349609375,0.0683971584099639,-1.1641057177019214
2018-04-10,15.980435371398926,233.12960815429688,0.06854742946602592,-1.0876077463361402
2018-04-11,15.873711585998535,231.9075469970703,0.068448447631586,-1.1266766900102414
2018-04-12,15.923515319824219,233.81539916992188,0.06810293666009586,-1.2819332131588024
2018-04-13,15.923515319824219,233.12960815429688,0.06830327321309285,-1.1834086418103518
2018-04-16,15.994668960571289,235.04640197753906,0.06804898448136948,-1.2999634828558186
2018-04-17,16.016014099121094,237.5609893798828,0.06741853593440778,-1.5945973174332801
2018-04-18,16.10850715637207,237.73681640625,0.0677577305857646,-1.424314293468645
2018-04-19,15.937746047973633,236.41798400878906,0.06741342506068038,-1.5787805753324704
2018-04-20,15.774101257324219,234.413330078125,0.06729182701370713,-1.6262453471931495
2018-04-23,15.781217575073242,234.37818908691406,0.06733227881209168,-1.597954426012656
2018-04-24,15.781217575073242,231.22177124023438,0.06825143450128189,-1.146737041017171
2018-04-25,15.752754211425781,231.79322814941406,0.06796037285986434,-1.281779013319908
2018-04-26,15.831023216247559,234.14952087402344,0.06761074358450184,-1.4430346137802283
2018-04-27,15.923515319824219,234.36935424804688,0.06794196865419284,-1.2717490198366452
2018-04-30,15.788333892822266,232.56695556640625,0.06788726220528835,-1.2908698289038167
2018-05-01,15.866594314575195,232.98023986816406,0.06810274692632123,-1.178928244847879
2018-05-02,16.001785278320312,231.4151153564453,0.06914753711603064,-0.6537620307497929
2018-05-03,16.151203155517578,230.9051513671875,0.06994734877020473,-0.2471424735722105
2018-05-04,16.17254638671875,233.8946075439453,0.06914458848171678,-0.6452582084673041
2018-05-07,16.08716583251953,234.6859588623047,0.06854762811761661,-0.9386691765040439
2018-05-08,16.016014099121094,234.6859588623047,0.06824444963287316,-1.0829118147254029
2018-05-09,16.08716583251953,236.95431518554688,0.0678914237958591,-1.250581703158409
2018-05-10,16.27927017211914,239.1699676513672,0.0680656954214631,-1.1535976933935537
2018-05-11,16.25792694091797,239.8998260498047,0.06776964872639267,-1.2911892146086035
2018-05-14,16.293500900268555,240.0141143798828,0.06788559473831603,-1.2229804807987104
2018-05-15,16.094280242919922,238.361083984375,0.06752058672452979,-1.3930122432856789
2018-05-16,16.243694305419922,239.36341857910156,0.06786205846258804,-1.2127999806442502
2018-05-17,16.265043258666992,239.1612548828125,0.06800868839159069,-1.130718132203122
2018-05-18,16.151203155517578,238.56333923339844,0.06770194954270006,-1.2724752490190119
2018-05-21,16.35753631591797,240.3570556640625,0.06805515349123034,-1.0886711796928819
2018-05-22,16.243694305419922,239.6887969970703,0.06776993547019415,-1.219773266903265
2018-05-23,16.158315658569336,240.34823608398438,0.067228767399496,-1.4736364461225366
2018-05-24,16.17966079711914,239.85586547851562,0.06745576458945668,-1.3499882774549143
2018-05-25,16.080049514770508,239.28431701660156,0.06720059933411714,-1.4620701914130885
2018-05-29,15.859481811523438,236.53231811523438,0.06704995722316888,-1.5218897972451986
2018-05-30,16.208118438720703,239.6887969970703,0.06762151023236523,-1.2343779670636732
2018-05-31,16.05870246887207,238.22042846679688,0.06741110563954145,-1.3266573114605982
2018-06-01,16.165430068969727,240.5592803955078,0.06719936159765633,-1.4194211040122848
2018-06-04,16.265043258666992,241.70225524902344,0.06729371739584837,-1.363481310137781
2018-06-05,16.19389533996582,241.87808227539062,0.06695065211211754,-1.5151587603145134
2018-06-06,16.421573638916016,243.90032958984375,0.06732903422693787,-1.3253389491519882
2018-06-07,16.293500900268555,243.8739471435547,0.06681115835090617,-1.5597198196068303
2018-06-08,16.28638458251953,244.59486389160156,0.06658514542536452,-1.651906657821746
2018-06-11,16.37176513671875,244.92019653320312,0.0668453045867913,-1.5166255690476311
2018-06-12,16.158315658569336,245.23672485351562,0.06588864562687743,-1.9438782957093668
2018-06-13,16.136972427368164,244.4542236328125,0.06601224633208644,-1.8646850191422804
2018-06-14,15.987553596496582,245.06971740722656,0.06523675697528325,-2.193072464642369
2018-06-15,16.001785278320312,244.757080078125,0.06537823246303084,-2.1000458276838176
2018-06-18,16.136972427368164,244.2535858154297,0.06606647093223054,-1.7674596038448989
2018-06-19,16.007863998413086,243.31747436523438,0.06579003024823571,-1.8708950058296034
2018-06-20,16.167434692382812,243.73255920410156,0.06633268343456816,-1.6110595930639178
2018-06-21,16.225460052490234,242.20458984375,0.06699072079087161,-1.3070083487495345
2018-06-22,16.457561492919922,242.6462860107422,0.06782531792879504,-0.9291854706251199
2018-06-25,16.12391471862793,239.34315490722656,0.06736735264009464,-1.125123953505383
2018-06-26,16.239967346191406,239.87306213378906,0.06770233890262164,-0.9697856807981509
2018-06-27,16.09490394592285,237.88587951660156,0.06765808873830034,-0.9823806456201835
2018-06-28,16.312496185302734,239.2459716796875,0.06818295025315028,-0.743995292316034
2018-06-29,16.399538040161133,239.5904541015625,0.06844821135156479,-0.6206926013006037
2018-07-02,16.18194007873535,240.1027374267578,0.06739589998915183,-1.078853221592928
2018-07-03,16.268978118896484,239.2547607421875,0.0679985554662687,-0.8055050952840656
2018-07-05,16.443056106567383,241.2066192626953,0.06817000361279241,-0.7237073508729918
2018-07-06,16.66790771484375,243.246826171875,0.0685226112798957,-0.5624760627284938
2018-07-09,16.80571937561035,245.43711853027344,0.06847260706223394,-0.5800662966693455
2018-07-10,16.711423873901367,246.32025146484375,0.0678442952803112,-0.8521993515050169
2018-07-11,16.30524253845215,244.51858520507812,0.06668303975657686,-1.3548054878148794
2018-07-12,16.617137908935547,246.7354278564453,0.06734800127123887,-1.0528018105638215
2018-07-13,16.559104919433594,246.92967224121094,0.06706000445040881,-1.1702960393373596
2018-07-16,16.45030975341797,246.7089080810547,0.06667902623124303,-1.3274602137052582
2018-07-17,16.38503074645996,247.7069091796875,0.06614684588621708,-1.5478956700341924
2018-07-18,16.479320526123047,248.22796630859375,0.06638784811875778,-1.42991367608285
2018-07-19,16.38503074645996,247.29180908203125,0.06625787892968482,-1.4763212022554866
2018-07-20,16.56635856628418,247.0091094970703,0.06706780409845843,-1.1128191074463532
2018-07-23,16.406789779663086,247.46847534179688,0.06629850431252896,-1.4406013175146772
2018-07-24,16.588119506835938,248.71371459960938,0.06669563652145297,-1.2556942380548537
2018-07-25,16.638891220092773,250.8332977294922,0.06633445946254218,-1.4051759647484308
2018-07-26,16.472064971923828,250.2416534423828,0.06582463289116837,-1.6208824841020413
2018-07-27,16.56635856628418,248.5458984375,0.06665311586483492,-1.2460378292982552
2018-07-30,16.551856994628906,247.24771118164062,0.06694442959865897,-1.109015546831944
2018-07-31,16.6243896484375,248.46649169921875,0.06690797432984309,-1.1186348679126032
2018-08-01,16.486576080322266,248.05137634277344,0.06646436042160898,-1.3105408898493074
2018-08-02,16.435802459716797,249.40264892578125,0.06590067319055566,-1.5545933274511943
2018-08-03,16.479320526123047,250.4712677001953,0.06579325715653811,-1.5911204215859336
2018-08-06,16.472064971923828,251.38980102539062,0.06552399860589465,-1.6991819323147668
2018-08-07,16.522842407226562,252.22000122070312,0.06550964367321678,-1.6922246208132024
2018-08-08,16.609874725341797,252.11399841308594,0.065882397764073,-1.5123253775521932
2018-08-09,16.5736141204834,251.76963806152344,0.06582848610376682,-1.5248474518656403
2018-08-10,16.30524253845215,250.08265686035156,0.06519941343856221,-1.7943414538616747
2018-08-13,16.210954666137695,249.1465606689453,0.06506593798691077,-1.8389901767600791
2018-08-14,16.276233673095703,250.73619079589844,0.06491377898591714,-1.8896465053865914
2018-08-15,16.254474639892578,248.8638153076172,0.0653147369769311,-1.6938549141518666
2018-08-16,16.457561492919922,250.87753295898438,0.06559998138857076,-1.5578813872169048
2018-08-17,16.682411193847656,251.76065063476562,0.06626298093759368,-1.2531806634740124
2018-08-20,16.696916580200195,252.29942321777344,0.0661789724576111,-1.2889318142106343
2018-08-21,16.544599533081055,252.8911590576172,0.0654218185986946,-1.6336072596084616
2018-08-22,16.501081466674805,252.7410888671875,0.06528847976652474,-1.689589277199167
2018-08-23,16.189193725585938,252.4054412841797,0.06413963836603172,-2.212005352660214
2018-08-24,16.334259033203125,253.92454528808594,0.06432721584544479,-2.1129079151834085
2018-08-27,16.49382972717285,255.92933654785156,0.06444681156780543,-2.0488345600380433
2018-08-28,16.486576080322266,256.0530090332031,0.06438735534712815,-2.0678219886361044
2018-08-29,16.646148681640625,257.43072509765625,0.0646626337059258,-1.9265122844448974
2018-08-30,16.472064971923828,256.3885803222656,0.06424648457906898,-2.1058169708520116
2018-08-31,16.312496185302734,256.3974609375,0.06362191000510377,-2.3801232698886885
2018-09-04,16.131168365478516,255.9558563232422,0.06302324391869644,-2.6378828844917988
2018-09-05,15.99335765838623,255.2670135498047,0.06265344446968976,-2.7825528073774004
2018-09-06,15.826529502868652,254.49868774414062,0.062187077046070266,-2.964797968954169
2018-09-07,15.565418243408203,254.00401306152344,0.06128020599280073,-3.3391201273655655
2018-09-10,15.674214363098145,254.44557189941406,0.06160144287869306,-3.146864524030377
2018-09-11,15.717734336853027,255.28463745117188,0.061569448493975075,-3.1186007399453155
2018-09-12,15.87730598449707,255.3465118408203,0.06217945124856366,-2.8122280678150586
2018-09-13,15.87730598449707,256.8567199707031,0.061813862554610306,-2.941027605008783
2018-09-14,15.855545043945312,256.90081787109375,0.06171854638431404,-2.945830343024985
2018-09-17,15.87730598449707,255.54080200195312,0.062132175606053386,-2.7258157656981377
2018-09-18,16.05138397216797,256.9272766113281,0.06247442538555383,-2.5424681581071185
2018-09-19,16.12391471862793,257.2012023925781,0.06268988857220524,-2.4240878547678477
2018-09-20,16.225460052490234,259.2854919433594,0.06257758554433376,-2.450885466798456
2018-09-21,16.174684524536133,259.0485534667969,0.06243881429976522,-2.4811649956924255
2018-09-24,16.109405517578125,258.18798828125,0.06239409364013397,-2.472987314284979
2018-09-25,16.138423919677734,257.9484558105469,0.06256453006848306,-2.3721322435231116
2018-09-26,16.11665916442871,257.1766357421875,0.0626676646496971,-2.299990021176969
2018-09-27,16.044126510620117,257.8952941894531,0.06221178467426358,-2.4657982925312374
2018-09-28,16.044126510620117,257.9218444824219,0.06220538063697653,-2.433966365654045
2018-10-01,16.022371292114258,258.81787109375,0.06190596972459669,-2.525833411536189
2018-10-02,15.833785057067871,258.66693115234375,0.06121302397074657,-2.7749414612716907
2018-10-03,15.73949146270752,258.80902099609375,0.060815080564541366,-2.887366891088152
2018-10-04,15.652456283569336,256.7862548828125,0.0609551951708339,-2.7758943139904346
2018-10-05,15.587176322937012,255.34909057617188,0.06104261537711363,-2.6893183134375263
2018-10-08,15.47838020324707,255.34909057617188,0.06061654720728208,-2.8069938026464407
2018-10-09,15.4203519821167,254.97650146484375,0.06047754163041123,-2.807083453864062
2018-10-10,15.093955993652344,246.9029998779297,0.06113314135962255,-2.5064018373499137
2018-10-11,14.854598999023438,241.46458435058594,0.06151874834553721,-2.321521809273002
2018-10-12,14.9343843460083,244.8181915283203,0.06100193883786903,-2.484458142715702
2018-10-15,14.963398933410645,243.44302368164062,0.06146571262185287,-2.2788631400058157
2018-10-16,15.195501327514648,248.76620483398438,0.06108346323671842,-2.394732405953545
2018-10-17,15.159235954284668,248.81045532226562,0.06092684463219217,-2.4238480389579835
2018-10-18,15.021424293518066,245.21737670898438,0.06125758498487234,-2.2725819171592936
2018-10-19,15.166488647460938,245.08433532714844,0.061882733660705395,-2.0179999915951
2018-10-22,15.021424293518066,243.98419189453125,0.06156720309163096,-2.114290648377569
2018-10-23,14.861849784851074,242.74215698242188,0.06122484025684625,-2.216904138303284
2018-10-24,14.51369857788086,235.38742065429688,0.061658768924599795,-2.033899110950249
2018-10-25,14.571724891662598,239.61032104492188,0.06081426220755619,-2.3170666640569264
2018-10-26,14.477433204650879,235.3961944580078,0.061502409747892076,-2.0395753465219006
2018-10-29,14.441166877746582,234.09210205078125,0.061690107232297314,-1.9490768367604594
2018-10-30,14.81833267211914,237.56097412109375,0.0623769654377898,-1.6819492743031954
2018-10-31,14.941638946533203,240.09829711914062,0.06223134077089652,-1.7184183420060946
2018-11-01,15.180994987487793,242.65338134765625,0.06256247039779578,-1.58379461265576
2018-11-02,15.144729614257812,241.21620178222656,0.0627848772278186,-1.491161982702035
2018-11-05,15.202753067016602,242.54693603515625,0.06267963354034298,-1.5163869668403347
2018-11-06,15.347817420959473,244.08180236816406,0.06287981026053464,-1.4319825779905868
2018-11-07,15.5581636428833,249.30735778808594,0.062405553453853194,-1.5903570096472228
2018-11-08,15.507387161254883,248.8548583984375,0.062314986579149904,-1.610139584824328
2018-11-09,15.3768310546875,246.42393493652344,0.06239990875337833,-1.5679172327983593
2018-11-12,15.275287628173828,241.8195037841797,0.06316813734679894,-1.2805691097567877
2018-11-13,15.253527641296387,241.3669891357422,0.06319641180392721,-1.2612196625944327
2018-11-14,15.079451560974121,239.71681213378906,0.0629052732127861,-1.3566166859758382
2018-11-15,15.195501327514648,242.2187042236328,0.06273463222511969,-1.407673646689802
2018-11-16,15.2462739944458,242.84857177734375,0.06278099098076798,-1.3797446000198927
2018-11-19,14.956147193908691,238.740966796875,0.06264591868991484,-1.4170765031638686
2018-11-20,14.673266410827637,234.32276916503906,0.06261989162689055,-1.4147144006731622
2018-11-21,14.94888973236084,235.1212615966797,0.06357948928499602,-1.0570071443103641
2018-11-23,14.927131652832031,233.5509490966797,0.0639138128556817,-0.927950761768708
2018-11-26,15.093955993652344,237.3214569091797,0.06360131186717194,-1.0342365507848832
2018-11-27,15.086700439453125,238.11993408203125,0.0633575701992922,-1.1147892086819982
2018-11-28,15.318805694580078,243.60269165039062,0.06288438600902263,-1.2776844498343138
2018-11-29,15.2462739944458,243.07040405273438,0.06272369544067613,-1.325309095311373
2018-11-30,15.086700439453125,244.55201721191406,0.06169117152029009,-1.685372125075888
2018-12-03,15.347817420959473,247.79017639160156,0.061938764661534265,-1.580025987075076
2018-12-04,14.9343843460083,239.76116943359375,0.062288586518363026,-1.4400191831483644
2018-12-06,14.81833267211914,239.3974609375,0.061898453785137655,-1.566034785556742
2018-12-07,14.731294631958008,233.8348388671875,0.06299871611657075,-1.1599595729937402
2018-12-10,14.535459518432617,234.27845764160156,0.0620435172092046,-1.4898510626257382
2018-12-11,14.651507377624512,234.33163452148438,0.06252466683614247,-1.3060782852182362
2018-12-12,14.796574592590332,235.51153564453125,0.06282738784788659,-1.18808170791839
2018-12-13,14.78931999206543,235.43177795410156,0.06281785798240318,-1.181806932886949
2018-12-14,14.535459518432617,231.0845489501953,0.06290104459370575,-1.1430002241929482
2018-12-17,14.535459518432617,226.55104064941406,0.06415975612721252,-0.6882553346752117
2018-12-18,14.539224624633789,226.3026123046875,0.06424682630290889,-0.6513650923246717
2018-12-19,14.373493194580078,222.91360473632812,0.06448010749088944,-0.5625257537644474
2018-12-20,14.21529483795166,219.28506469726562,0.06482564080493403,-0.43371170384630725
2018-12-21,13.883831977844238,214.7919464111328,0.06463851280191495,-0.49543969761019513
2018-12-24,13.876294136047363,209.1165008544922,0.06635676323650228,0.1265758514612492
2018-12-26,14.3508939743042,219.68212890625,0.06532572333377416,-0.23943014170832969
2018-12-27,14.396095275878906,221.3687286376953,0.06503219928339733,-0.33990812712942114
2018-12-28,14.501557350158691,221.0831298828125,0.06559323344954181,-0.13029108759584965
2018-12-31,14.501557350158691,223.01954650878906,0.06502370566692545,-0.3318988587251765
2019-01-02,14.388561248779297,223.25155639648438,0.06444999300800341,-0.5360298240462494
2019-01-03,14.283092498779297,217.92422485351562,0.06554155467745777,-0.12746310799101115
2019-01-04,14.787822723388672,225.2237091064453,0.06565837487562043,-0.07752159467633925
2019-01-07,14.833024978637695,226.99951171875,0.06534386292872583,-0.18822790896736666
2019-01-08,14.946022987365723,229.13229370117188,0.06522879313929411,-0.2249352855883214
2019-01-09,15.156952857971191,230.20310974121094,0.06584165120536509,0.012259605523926569
2019-01-10,15.224752426147461,231.01519775390625,0.06590368328219663,0.041873018931391795
2019-01-11,15.224752426147461,231.10440063476562,0.06587824543509434,0.037582395701864196
2019-01-14,15.164484977722168,229.69444274902344,0.0660202519322233,0.09708961853931601
2019-01-15,15.262423515319824,232.32691955566406,0.06569373684508843,-0.022827406596082067
2019-01-16,15.300085067749023,232.8891143798828,0.06569686654736431,-0.01690569697385096
2019-01-17,15.443221092224121,234.65602111816406,0.06581216633025362,0.03183095943605462
2019-01-18,15.503483772277832,237.7792205810547,0.06520117163473067,-0.19953225679348616
2019-01-22,15.119284629821777,234.56674194335938,0.06445621619058263,-0.48296513867981233
2019-01-23,15.187088012695312,235.05763244628906,0.06461006117793508,-0.41842314120160606
2019-01-24,15.194620132446289,235.18247985839844,0.06460778941354328,-0.4145190131054883
2019-01-25,15.465816497802734,237.17251586914062,0.06520914297816853,-0.17560271766679672
2019-01-28,15.390483856201172,235.36990356445312,0.065388495398634,-0.1013014048083907
2019-01-29,15.337752342224121,235.05763244628906,0.06525102879068952,-0.15059970332373368
2019-01-30,15.586347579956055,238.77874755859375,0.06527527151942755,-0.13664846647937567
2019-01-31,15.511017799377441,240.87574768066406,0.06439426944692185,-0.47747182111849945
2019-02-01,15.488418579101562,240.99171447753906,0.06426950657901194,-0.5210583950130091
2019-02-04,15.616485595703125,242.68724060058594,0.06434819381957002,-0.4843068018697181
2019-02-05,15.872614860534668,243.70457458496094,0.06513055771548973,-0.1687539678751999
2019-02-06,15.691818237304688,243.38333129882812,0.06447367678618114,-0.4237009521822442
2019-02-07,15.684282302856445,241.0631866455078,0.06506295100927523,-0.1821663514273258
2019-02-08,15.654151916503906,241.35763549804688,0.06485873912462398,-0.25943141998911323
2019-02-11,15.608949661254883,241.49147033691406,0.06463561482928666,-0.34366792176319305
2019-02-12,15.767149925231934,244.5970001220703,0.06446174694441496,-0.4083329003525821
2019-02-13,15.624015808105469,245.3910675048828,0.06366986364650205,-0.7228506960439162
2019-02-14,15.631552696228027,244.84678649902344,0.06384218032728958,-0.6466826179285421
2019-02-15,15.880146980285645,247.51495361328125,0.0641583336621224,-0.511764247984194
2019-02-19,15.978081703186035,247.9433135986328,0.06444247869112184,-0.3896038065499204
2019-02-20,15.925348281860352,248.44302368164062,0.06410060562725794,-0.5244829292429086
2019-02-21,15.8575439453125,247.5596160888672,0.0640554553922885,-0.5372462696884551
2019-02-22,16.03834342956543,249.09442138671875,0.06438660223813653,-0.3946187398399138
2019-02-25,16.1212158203125,249.43353271484375,0.06463130937067119,-0.28697251943779994
2019-02-26,16.1212158203125,249.25502014160156,0.0646775973103934,-0.262047523855165
2019-02-27,16.05341148376465,249.14797973632812,0.06443323963836224,-0.35867610965625085
2019-02-28,16.03081703186035,248.68397521972656,0.06446260567330969,-0.3408737402692683
2019-03-01,16.14381217956543,250.23666381835938,0.06451417603330831,-0.3138187139246245
2019-03-04,16.060951232910156,249.32638549804688,0.06441737484312896,-0.3488665818339792
2019-03-05,16.113677978515625,248.9873504638672,0.06471685388231811,-0.21598225222522063
2019-03-06,16.12874412536621,247.479248046875,0.06517210736922584,-0.016890961196626367
2019-03-07,16.083545684814453,245.40896606445312,0.0655377264439081,0.14513681632363207
2019-03-08,16.015748977661133,244.9181671142578,0.06539224577076619,0.08759218135576288
2019-03-11,16.15888214111328,248.46981811523438,0.06503358139707406,-0.06218980537565288
2019-03-12,16.05341148376465,249.40667724609375,0.06436640614847886,-0.3451229818623738
2019-03-13,16.13627815246582,251.05763244628906,0.06427320291056275,-0.38014141426808
2019-03-14,16.091079711914062,250.89697265625,0.06413421230857257,-0.43539769601713213
2019-03-15,16.15888214111328,252.13661193847656,0.0640878054832282,-0.44992079347427366
2019-03-18,16.21161460876465,253.05075073242188,0.0640646769940112,-0.454849671604391
2019-03-19,16.151348114013672,253.113525390625,0.06381068767102675,-0.5605566751633223
2019-03-20,16.15888214111328,252.35169982910156,0.06403318127857452,-0.45795670254109766
2019-03-21,16.25681495666504,255.2018585205078,0.06370178905009288,-0.5977172509688655
2019-03-22,15.993144989013672,250.2902069091797,0.06389840492167935,-0.505696718087742
2019-03-25,16.068477630615234,250.1020050048828,0.06424769617621229,-0.34650445444897454
2019-03-26,16.14381217956543,251.96620178222656,0.06407133998677515,-0.41837363063505006
2019-03-27,15.978081703186035,250.64874267578125,0.06374690546065885,-0.5564142964853667
2019-03-28,16.098615646362305,251.59873962402344,0.06398527937945662,-0.44488355082769426
2019-03-29,16.21161460876465,253.1852264404297,0.06403064995808108,-0.41898442930064766
2019-04-01,16.392412185668945,256.18780517578125,0.06398591913624234,-0.43352728609463537
2019-04-02,16.309545516967773,256.3133239746094,0.06363128246342516,-0.5866382305622123
2019-04-03,16.445144653320312,256.71673583984375,0.06405949576882997,-0.3883198349254928
2019-04-04,16.294479370117188,257.3978271484375,0.06330465004555148,-0.7228085129227687
2019-04-05,16.219144821166992,258.6437072753906,0.06270844549833827,-0.9847182048491526
2019-04-08,16.324609756469727,258.8408203125,0.06306814256252523,-0.8152324964497852
2019-04-09,16.241748809814453,257.5142822265625,0.06307125441502648,-0.8073402447035349
2019-04-10,16.354747772216797,258.39276123046875,0.06329414064982058,-0.6996399777709185
2019-04-11,16.309545516967773,258.32110595703125,0.06313671295476986,-0.7653692902127593
2019-04-12,16.467742919921875,260.06884765625,0.06332070552982327,-0.6745794547527894
2019-04-15,16.430076599121094,259.8984680175781,0.06321728913773302,-0.7160343597405483
2019-04-16,16.512943267822266,260.06884765625,0.0634945069993485,-0.581531437348348
2019-04-17,16.49787712097168,259.43243408203125,0.06359219185275475,-0.5303745883857621
2019-04-18,16.512943267822266,259.943359375,0.06352515912514746,-0.5556812263725508
2019-04-22,16.490345001220703,260.1673583984375,0.06338360470250191,-0.6159402366147849
2019-04-23,16.558137893676758,262.50665283203125,0.0630770219155997,-0.7532875276170864
2019-04-24,16.47528076171875,261.9241638183594,0.06290095774876318,-0.8292045528346659
2019-04-25,16.48280906677246,261.76275634765625,0.06296850360515407,-0.7910810251503271
2019-04-26,16.52048110961914,262.9818115234375,0.06281986200458886,-0.8546994127587793
2019-04-29,16.49787712097168,263.39410400390625,0.06263571154473149,-0.9348546040467042
2019-04-30,16.399946212768555,263.5285339355469,0.0622321460520841,-1.118885811345769
2019-05-01,16.339677810668945,261.54766845703125,0.06247303945419545,-0.9967719446725529
2019-05-02,16.31707763671875,260.98309326171875,0.06252158878489374,-0.9667338563261779
2019-05-03,16.445144653320312,263.53741455078125,0.06240155570074276,-1.0194596876790933
2019-05-06,16.286949157714844,262.4529724121094,0.06205663821608666,-1.1844558384060164
2019-05-07,16.1212158203125,258.0699768066406,0.06246838946473556,-0.9783891455562994
2019-05-08,16.1212158203125,257.7115173339844,0.06255527881363569,-0.9297991962440638
2019-05-09,16.15888214111328,256.9317626953125,0.0628917264708747,-0.7566821256095295
2019-05-10,16.354747772216797,258.22247314453125,0.06333588077387356,-0.5285389323343959
2019-05-13,16.023283004760742,251.73330688476562,0.06365181947137262,-0.3633149865578296
2019-05-14,16.00821304321289,254.00982666015625,0.06302202262682748,-0.6758706123922624
2019-05-15,16.12874412536621,255.49769592285156,0.06312676937108797,-0.6165258637500023
2019-05-16,16.264347076416016,257.86383056640625,0.06307339435969306,-0.6376857709705387
2019-05-17,16.13627815246582,256.19677734375,0.06298392321623585,-0.67761174353017
2019-05-20,16.48280906677246,254.50283813476562,0.06476473577887724,0.2512037994273834
2019-05-21,16.625947952270508,256.79736328125,0.0647434527357721,0.24778121152027624
2019-05-22,16.618408203125,256.00848388671875,0.06491350579802849,0.34604484286190085
2019-05-23,16.512943267822266,252.88050842285156,0.0652993912848764,0.558434927156805
2019-05-24,16.59581184387207,253.45411682128906,0.06547856492531863,0.6600527191274443
2019-05-28,16.490345001220703,251.09683227539062,0.06567324984464522,0.7713169307521924
2019-05-29,16.399946212768555,249.41188049316406,0.06575447079882808,0.8209834143643531
2019-05-30,16.430076599121094,250.0930633544922,0.06569585089144367,0.7950075174349991
2019-05-31,16.422544479370117,246.72291564941406,0.06656270430390854,1.2696884099741959
2019-06-03,16.354747772216797,246.09552001953125,0.06645690978413102,1.2181273544870437
2019-06-04,16.603343963623047,251.4375,0.066033682181946,0.9939569156464412
2019-06-05,16.535545349121094,253.6154327392578,0.06519928685144842,0.5463799811311898
2019-06-06,16.641008377075195,255.2645721435547,0.065191218026592,0.5479477981030819
2019-06-07,16.836875915527344,257.819091796875,0.06530500048767693,0.6181746540804616
2019-06-10,16.836875915527344,259.0022277832031,0.06500668376343306,0.45891279048736705
2019-06-11,17.010141372680664,258.9394836425781,0.06569157060713178,0.8428745840402171
2019-06-12,16.836875915527344,258.4823303222656,0.06513743471182648,0.5404549217198523
2019-06-13,16.84440803527832,259.5489196777344,0.06489877922124648,0.40999299899471137
2019-06-14,16.731409072875977,259.2620849609375,0.06453473162262374,0.2100972228277099
2019-06-17,16.66453742980957,259.3606872558594,0.06425236455889709,0.05407892218230463
2019-06-18,16.91819190979004,262.0765075683594,0.0645544007998395,0.22549373102774964
2019-06-19,17.025806427001953,262.6680908203125,0.0648187085604131,0.37739492609023906
2019-06-20,17.217967987060547,265.1775817871094,0.06492995324500517,0.4424661558782081
2019-06-21,17.118043899536133,264.79217529296875,0.06464709117856883,0.28775722048580465
2019-06-24,17.241029739379883,264.46795654296875,0.06519137503366572,0.6019076708950655
2019-06-25,17.17953872680664,261.8741455078125,0.06560227124939344,0.8463039368057208
2019-06-26,17.24871826171875,261.6128845214844,0.06593222001763539,1.043097557069411
2019-06-27,17.364015579223633,262.5405578613281,0.06613841198735919,1.1718609691606177
2019-06-28,17.325584411621094,263.8916320800781,0.06565416369990705,0.9028823833978488
2019-07-01,17.294837951660156,266.2872619628906,0.06494804830007354,0.505128354032851
2019-07-02,17.287145614624023,266.9808044433594,0.06475051886470562,0.40281068076592513
2019-07-03,17.502376556396484,269.1153564453125,0.06503670688875453,0.5830510945164963
2019-07-05,17.510059356689453,268.8091125488281,0.06513938158814768,0.6582713269697036
2019-07-08,17.287145614624023,267.3320617675781,0.06466544080168612,0.3840755208192463
2019-07-09,17.225658416748047,267.6653137207031,0.06435521352132409,0.20695765519885664
2019-07-10,17.294837951660156,268.9442443847656,0.06430640667259367,0.18977130712813836
2019-07-11,17.348644256591797,269.5745849609375,0.0643556374541231,0.23243182356970277
2019-07-12,17.3793888092041,270.78155517578125,0.06418232142112505,0.12853562983583072
2019-07-15,17.402450561523438,270.87158203125,0.06424612885199506,0.17926313668544486
2019-07-16,17.287145614624023,269.9979248046875,0.06402695734468807,0.04489582285894732
2019-07-17,17.364015579223633,268.16064453125,0.0647522890973665,0.5286384044067515
2019-07-18,17.45625114440918,269.142333984375,0.0648588086682142,0.6043725237263302
2019-07-19,17.486997604370117,267.6473388671875,0.06533596664320862,0.9262397690994749
2019-07-22,17.45625114440918,268.3047180175781,0.06506129028735724,0.7496565534185727
2019-07-23,17.525434494018555,270.2231750488281,0.06485540883327934,0.6232282360695846
2019-07-24,17.53312110900879,271.4930114746094,0.06458037727666711,0.44506829426745864
2019-07-25,17.47162437438965,270.196044921875,0.0646627687664393,0.5094717897303749
2019-07-26,17.433197021484375,272.00653076171875,0.06409109727132281,0.12767976852753865
2019-07-29,17.517749786376953,271.5110778808594,0.06451946610467159,0.4252500148279111
2019-07-30,17.364015579223633,270.8446350097656,0.06411061300364156,0.15300552244065607
2019-07-31,17.225658416748047,267.8813781738281,0.06430330668812045,0.2958608512345435
2019-08-01,17.133419036865234,265.548828125,0.06452078571704385,0.4578275196155881
2019-08-02,17.064241409301758,263.54931640625,0.06474781130905291,0.6257722527981996
2019-08-05,16.441625595092773,255.62347412109375,0.06431970166912003,0.32899558768972553
2019-08-06,16.326324462890625,259.2081298828125,0.06298538734210121,-0.6115305807960724
2019-08-07,16.33401107788086,259.3612060546875,0.06297784979622881,-0.6109962696373519
2019-08-08,16.610727310180664,264.4499206542969,0.06281237396132593,-0.7226717924090159
2019-08-09,16.518489837646484,262.648681640625,0.06289195793584178,-0.659628296784085
2019-08-12,16.387821197509766,259.45135498046875,0.06316336717047952,-0.4592149621529224
2019-08-13,16.60304069519043,263.4862365722656,0.06301293346924693,-0.5620027000594595
2019-08-14,16.211023330688477,255.695556640625,0.06339970683758399,-0.27896620060222777
2019-08-15,16.149532318115234,256.3710632324219,0.06299280470461804,-0.567503337015648
2019-08-16,16.318634033203125,260.15380859375,0.06272686962152423,-0.7531393222325036
2019-08-19,16.380126953125,263.2881164550781,0.06221369643897223,-1.1156569102086502
2019-08-20,16.433937072753906,261.2705993652344,0.06290006266560685,-0.612750129573509
2019-08-21,16.45699691772461,263.3962097167969,0.062480006585588846,-0.912176158988409
2019-08-22,16.403194427490234,263.3151550292969,0.06229491206332271,-1.0394600969272183
2019-08-23,16.20334243774414,256.5511779785156,0.06315832406390688,-0.4019961553997131
2019-08-26,16.310951232910156,259.3882751464844,0.06288237671382359,-0.6005521957300175
2019-08-27,16.29557991027832,258.37042236328125,0.06307060909381473,-0.45881452276531454
2019-08-28,16.341699600219727,260.18988037109375,0.06280682237492291,-0.6473945306360593
2019-08-29,16.480058670043945,263.51324462890625,0.06253977363927975,-0.8371325956176
2019-08-30,16.66453742980957,263.3962097167969,0.06326794697511878,-0.2997653374260459
2019-09-03,16.579984664916992,261.85601806640625,0.06331718013336755,-0.26101016753690126
2019-09-04,16.764463424682617,264.8282775878906,0.0633031471464329,-0.2703371569745922
2019-09-05,16.964313507080078,268.2326965332031,0.06324476369337828,-0.3138819511712577
2019-09-06,17.087295532226562,268.4398498535156,0.06365409435875818,-0.01652346643366357
2019-09-09,17.141101837158203,268.5749206542969,0.06382242167436704,0.10257932750466967
2019-09-10,17.141101837158203,268.5118713378906,0.06383740782763433,0.10680949355121071
2019-09-11,17.217967987060547,270.4212341308594,0.06367091712453546,-0.022722612138350008
2019-09-12,17.287145614624023,271.3580017089844,0.06370604701446571,-0.002898025247198743
2019-09-13,17.34095573425293,271.1778869628906,0.06394679126851503,0.17241675056566308
2019-09-16,17.287145614624023,270.3401794433594,0.06394589827608647,0.16606977095375777
2019-09-17,17.39476203918457,271.02471923828125,0.06418145949222931,0.33758813720313147
2019-09-18,17.264089584350586,271.18682861328125,0.06366123927415952,-0.060689635039728365
2019-09-19,17.310209274291992,271.1688232421875,0.06383554373000992,0.06757439182948759
2019-09-20,17.202594757080078,269.88763427734375,0.0637398404826589,-0.008342966485727608
2019-09-23,17.217967987060547,269.8243103027344,0.06381177429025031,0.04274223276243843
2019-09-24,17.15648078918457,267.7070617675781,0.06408676960520278,0.24784277324623924
2019-09-25,17.15648078918457,269.2903747558594,0.0637099666289178,-0.04400508212765049
2019-09-26,17.125730514526367,268.72955322265625,0.06372849695595936,-0.03341434222086244
2019-09-27,17.133419036865234,267.28173828125,0.06410246785673182,0.24925875436533357
2019-09-30,17.10266876220703,268.5213623046875,0.0636920229192077,-0.07054203377904815
2019-10-01,16.887449264526367,265.3273010253906,0.06364761258740696,-0.10946064026812344
2019-10-02,16.487747192382812,260.64044189453125,0.06325859130892134,-0.41561063611973104
2019-10-03,16.595354080200195,262.7757568359375,0.06315405302233192,-0.5064324892457257
2019-10-04,16.772146224975586,266.3317565917969,0.06297463899763944,-0.6599155227743929
2019-10-07,16.70296859741211,265.1826171875,0.0629866647164211,-0.6629767378614507
2019-10-08,16.579984664916992,261.065673828125,0.06350886511350619,-0.2573570820345777
2019-10-09,16.679908752441406,263.5447692871094,0.06329060826196888,-0.447259735072773
2019-10-10,16.818267822265625,265.3273010253906,0.06338687258065537,-0.3839183908628884
2019-10-11,17.018115997314453,268.07794189453125,0.0634819704935284,-0.3161163599357948
2019-10-14,16.8797607421875,267.77935791015625,0.06303607893425041,-0.6983686853993695
2019-10-15,17.09498405456543,270.43048095703125,0.06321396905433029,-0.5623391157281228
2019-10-16,17.15648078918457,269.9961853027344,0.06354341921515592,-0.2915556962117052
2019-10-17,17.17953872680664,270.7923889160156,0.06344173407375477,-0.39120736062697686
2019-10-18,17.15648078918457,269.607177734375,0.06363510398112489,-0.23591568190968576
2019-10-21,17.302522659301758,271.434814453125,0.06374466994649203,-0.14990331791522157
2019-10-22,17.302522659301758,270.5481872558594,0.06395357084000211,0.028622418696957558
2019-10-23,17.38707160949707,271.3353271484375,0.06407964562603839,0.13366445009799366
2019-10-24,17.39476203918457,271.7786865234375,0.06400340755817323,0.055574609823266
2019-10-25,17.448572158813477,272.89154052734375,0.06393958612676426,-0.011089165140059452
2019-10-28,17.525434494018555,274.42974853515625,0.06386127811421811,-0.09601172060400164
2019-10-29,17.47931480407715,274.3482360839844,0.06371214575159989,-0.24662434977424375
2019-10-30,17.46394157409668,275.1898498535156,0.06346143065739085,-0.49520649524840005
2019-10-31,17.317895889282227,274.4569396972656,0.06309877210022233,-0.8473647044956347
2019-11-01,17.494686126708984,276.9994812011719,0.06315782993832904,-0.7977546963053996
2019-11-04,17.44088363647461,278.1123046875,0.0627116576379891,-1.2290001566747681
2019-11-05,17.47162437438965,277.8047180175781,0.06289174820020202,-1.0562936499622368
2019-11-06,17.371702194213867,277.8680419921875,0.06251781266268212,-1.4151101633245917
2019-11-07,17.55617904663086,278.84527587890625,0.06296028860913877,-0.9893752940194899
2019-11-08,17.502376556396484,279.5329284667969,0.06261293312524871,-1.3264819974120834
2019-11-11,17.602298736572266,278.99908447265625,0.06309088350538085,-0.8714767706213695
2019-11-12,17.571552276611328,279.5871276855469,0.06284821630405726,-1.1107866971088793
2019-11-13,17.38707160949707,279.677734375,0.062168236768480045,-1.758345723816611
2019-11-14,17.3793888092041,280.0848388671875,0.06205044471345047,-1.8569902781091647
2019-11-15,17.53312110900879,282.11163330078125,0.06214958562277848,-1.7518258761161898
2019-11-18,17.47931480407715,282.31964111328125,0.06191320850065668,-1.9651062756148674
2019-11-19,17.56386947631836,282.23828125,0.062230642131641596,-1.6560361007763944
2019-11-20,17.24871826171875,281.188720703125,0.06134214138670839,-2.471633089689617
2019-11-21,17.225658416748047,280.73638916015625,0.06135883726466627,-2.4299562591952304
2019-11-22,17.302522659301758,281.360595703125,0.061495898585452076,-2.271259772193424
2019-11-25,17.38707160949707,283.5411682128906,0.06132115388775704,-2.395077094054914
2019-11-26,17.44088363647461,284.1837158203125,0.06137186145986762,-2.3159648596365146
2019-11-27,17.65610694885254,285.4504699707031,0.061853487053864904,-1.8638309469779932
2019-11-29,17.54849624633789,284.3917541503906,0.06170536237509187,-1.9802756493649616
2019-12-02,17.47162437438965,281.97589111328125,0.06196141203919658,-1.742728650945657
2019-12-03,17.164167404174805,280.0848388671875,0.0612820296649967,-2.337189157710777
2019-12-04,17.294837951660156,281.8130187988281,0.06136990414912682,-2.248380040718607
2019-12-05,17.264089584350586,282.31964111328125,0.0611508626047854,-2.418840506900706
2019-12-06,17.417823791503906,284.8984680175781,0.061136951394309476,-2.4149656794208854
2019-12-09,17.333271026611328,284.0027160644531,0.061032060773241414,-2.4718274588485105
2019-12-10,17.279462814331055,283.6860656738281,0.0609105095567096,-2.551938074274326
2019-12-11,17.486997604370117,284.4913635253906,0.06146758688092623,-2.0609026707093254
2019-12-12,17.59461212158203,286.943359375,0.0613173699503114,-2.166265222959892
2019-12-13,17.579242706298828,287.1152648925781,0.06122712671817,-2.2184236319519552
2019-12-16,17.89766502380371,289.0877380371094,0.06191084113538651,-1.637621944741486
2019-12-17,17.73296356201172,289.151123046875,0.061327666222264626,-2.0948459098586927
2019-12-18,17.74080467224121,289.169189453125,0.06135095065208196,-2.0491507119719965
2019-12-19,17.725120544433594,290.3545227050781,0.06104647649121531,-2.2645382432222396
2019-12-20,17.73296356201172,291.62750244140625,0.06080689720124947,-2.4198327167873694
2019-12-23,17.748647689819336,292.072998046875,0.0607678484779714,-2.4122939088673
2019-12-24,17.76432991027832,292.08203125,0.06081966026548687,-2.3469127248899984
2019-12-26,17.874135971069336,293.6369323730469,0.06087155258917292,-2.274812541819713
2019-12-27,17.842763900756836,293.5641174316406,0.06077978486220035,-2.3129489636556637
2019-12-30,17.819232940673828,291.9457092285156,0.06103611862548773,-2.0897978074727277
2019-12-31,17.756492614746094,292.6548767089844,0.060673831286956914,-2.3354577529984866
2020-01-02,17.834922790527344,295.3917541503906,0.06037718568625711,-2.5194525806126284
2020-01-03,17.646690368652344,293.1549377441406,0.06019578078556534,-2.614541221765703
2020-01-06,17.74080467224121,294.2733459472656,0.060286821475909,-2.50926874704982
2020-01-07,17.717273712158203,293.4459228515625,0.060376622513581,-2.4070900095899908
2020-01-08,17.819232940673828,295.00994873046875,0.060402142427251136,-2.3541470620725318
2020-01-09,17.827075958251953,297.01019287109375,0.060021764862423874,-2.593543126922558
2020-01-10,17.921192169189453,296.155517578125,0.060512774895243655,-2.2126450617514823
2020-01-13,18.062368392944336,298.1922607421875,0.060572894641825685,-2.145984690596294
2020-01-14,18.172170639038086,297.73773193359375,0.06103415419007469,-1.7997212701502798
2020-01-15,18.258441925048828,298.4105529785156,0.061185644216688824,-1.6765728009550571
2020-01-16,18.462356567382812,300.89288330078125,0.06135856842093306,-1.5402250414095526
2020-01-17,18.446670532226562,301.8293762207031,0.06111621990941671,-1.7004632397784558
2020-01-21,18.297657012939453,301.2383728027344,0.06074145482428845,-1.9479347045010007
2020-01-22,18.399612426757812,301.274658203125,0.061072552655100684,-1.6935420284780385
2020-01-23,18.383928298950195,301.6202087402344,0.06095058542573672,-1.7613630694529872
2020-01-24,18.234912872314453,298.93792724609375,0.06099899414002086,-1.709232776870707
2020-01-27,17.842763900756836,294.14605712890625,0.06065953790071523,-1.9274502343461668
2020-01-28,17.99178123474121,297.228515625,0.06053181403846407,-1.9952878072053923
2020-01-29,17.91335105895996,296.9830322265625,0.06031775931661382,-2.119193034979214
2020-01-30,17.90550422668457,297.94683837890625,0.060096305515797095,-2.2438616047803115
2020-01-31,17.45846176147461,292.5367431640625,0.05967955195181562,-2.489846514813991
2020-02-03,17.497671127319336,294.7098388671875,0.05937253806855343,-2.6503023004259365
2020-02-04,17.803552627563477,299.2015686035156,0.05950354040809091,-2.5190542300252785
2020-02-05,17.91335105895996,302.6566467285156,0.059187040009163645,-2.6826890663252403
2020-02-06,17.944725036621094,303.6751708984375,0.059091841402544594,-2.694707748607473
2020-02-07,17.717273712158203,302.0566711425781,0.058655462384392155,-2.918653089945436
2020-02-10,17.780017852783203,304.3116760253906,0.058426998546384085,-2.999697795522409
2020-02-11,17.90550422668457,304.83905029296875,0.05873756728173867,-2.7514843998069165
2020-02-12,18.132951736450195,306.8030090332031,0.05910291360437014,-2.4835048173304726
2020-02-13,18.030994415283203,306.47564697265625,0.05883336765381534,-2.6017743760968464
2020-02-14,18.078054428100586,306.96673583984375,0.05889255191980344,-2.522270086843418
2020-02-18,18.023151397705078,306.1756591796875,0.058865395916818136,-2.496236664221707
2020-02-19,18.11726951599121,307.6394958496094,0.05889123392936484,-2.4414739344337035
2020-02-20,17.976097106933594,306.3757019042969,0.05867337714839024,-2.5252991930818296
2020-02-21,17.834922790527344,303.2204895019531,0.05881832992164095,-2.402980401674612
2020-02-24,17.074155807495117,293.16412353515625,0.05824094572556926,-2.6827456325060735
2020-02-25,16.83102035522461,284.2806396484375,0.05920565106381882,-2.1113176976610135
2020-02-26,16.619258880615234,283.2349548339844,0.05867658139284561,-2.371281579956301
2020-02-27,16.22711181640625,270.51446533203125,0.05998611496242534,-1.6291257956524594
2020-02-28,15.78006362915039,269.3778076171875,0.05857967205515096,-2.369060431875438
2020-03-02,16.01534652709961,281.0436706542969,0.05698525958550973,-3.1639101394870783
2020-03-03,15.858490943908691,272.99664306640625,0.05809042472383488,-2.5281606754350414
2020-03-04,16.289854049682617,284.4714660644531,0.057263578224720085,-2.9062510956292473
2020-03-05,15.811434745788574,275.0152282714844,0.057492942645998274,-2.7369501596477432
2020-03-06,15.513402938842773,270.4688720703125,0.057357443095373384,-2.758354192644016
2020-03-09,13.678145408630371,249.34683227539062,0.054855902053424006,-3.9026462787924965
2020-03-10,14.854592323303223,262.249267578125,0.05664302692047743,-2.954663512493404
2020-03-11,13.693832397460938,249.4649200439453,0.05489281777593682,-3.6915055942526704
2020-03-12,11.858574867248535,225.59683227539062,0.05256534299547492,-4.57741538874198
2020-03-13,13.536972045898438,244.88232421875,0.055279498383909685,-3.256079633799696
2020-03-16,11.356623649597168,218.0863800048828,0.05207397018256207,-4.4790518363245955
2020-03-17,12.203667640686035,229.86134338378906,0.053091430951528566,-3.9031579922513213
2020-03-18,10.760560035705566,218.2227325439453,0.04930998668316383,-5.1563478499975
2020-03-19,10.940947532653809,218.68650817871094,0.0500302813546817,-4.6412749822655535
2020-03-20,10.493896484375,209.26235961914062,0.050147080934545445,-4.398637850539352
2020-03-23,10.054691314697266,203.911865234375,0.0493090056487908,-4.490879947397927
2020-03-24,11.28603744506836,222.38697814941406,0.050749542706972996,-3.856337791866628
2020-03-25,11.75661563873291,225.7161102294922,0.05208585079186246,-3.317526574661846
2020-03-26,12.297780990600586,238.89569091796875,0.05147761746285896,-3.4208311915652536
2020-03-27,11.372310638427734,231.77999877929688,0.04906510785366151,-4.042360387778543
2020-03-30,12.352682113647461,239.30728149414062,0.05161849667307308,-3.1687777010541844
2020-03-31,12.187979698181152,235.7402801513672,0.05170087899427003,-3.071409855724804
2020-04-01,11.77230167388916,225.13079833984375,0.05229094269065048,-2.8358012479474892
2020-04-02,12.164450645446777,230.32579040527344,0.05281410572408163,-2.6331729160238693
2020-04-03,11.63113021850586,226.99664306640625,0.05123921685089966,-3.0220425587786943
2020-04-06,12.611501693725586,242.2431182861328,0.05206134144470981,-2.7335358752505683
2020-04-07,12.258567810058594,242.4900665283203,0.0505528658784335,-3.0847197229911654
2020-04-08,12.360526084899902,250.6300811767578,0.04931780745098428,-3.3350192561512717
2020-04-09,13.042864799499512,254.4440155029297,0.051260253748626035,-2.755705554719102
2020-04-13,12.995805740356445,252.1208953857422,0.05154592887064361,-2.631125083506159
2020-04-14,13.442855834960938,259.556640625,0.051791608192305084,-2.5229711770582597
2020-04-15,12.784043312072754,254.0415496826172,0.050322647330896454,-2.844400485237472
2020-04-16,12.870318412780762,255.26719665527344,0.05041900636438427,-2.764815747281731
2020-04-17,13.199723243713379,262.1633605957031,0.05034922963193707,-2.72920365149481
2020-04-20,12.729145050048828,257.54449462890625,0.04942503262743064,-2.89606531477447
2020-04-21,12.156608581542969,249.72459411621094,0.0486800614275333,-3.008878011142778
2020-04-22,12.697773933410645,255.26719665527344,0.04974306961406562,-2.7025528161414787
2020-04-23,12.619342803955078,255.24879455566406,0.04943938256759556,-2.7212418884624103
2020-04-24,12.870318412780762,258.8066711425781,0.049729469321486024,-2.6064135182510606
2020-04-27,13.027178764343262,262.53814697265625,0.04962013678606508,-2.585034527798652
2020-04-28,13.027178764343262,261.33099365234375,0.04984934462719603,-2.4908473436038174
2020-04-29,13.442855834960938,268.17230224609375,0.050127681801474144,-2.390473018325929
2020-04-30,13.364424705505371,265.6754455566406,0.05030357501614181,-2.3162080007018693
2020-05-01,12.697773933410645,258.64202880859375,0.04909400839415602,-2.5363922679183637
2020-05-04,12.987960815429688,259.35552978515625,0.050077824930853006,-2.2895967943918527
2020-05-05,13.11345100402832,261.751708984375,0.050098817138233526,-2.2521066104341756
2020-05-06,12.870318412780762,259.9774169921875,0.04950552460165232,-2.3412354853429296
2020-05-07,13.08207893371582,263.1144714355469,0.0497201041901659,-2.262842541745961
2020-05-08,13.27031135559082,267.46807861328125,0.04961456120069454,-2.2515931583447593
2020-05-11,13.309523582458496,267.5229187011719,0.049750965812859885,-2.1925720888872564
2020-05-12,12.980120658874512,262.1907958984375,0.04950639329041323,-2.210730379289103
2020-05-13,12.933060646057129,257.5537109375,0.050215004081985704,-2.0416116177434134
2020-05-14,12.956591606140137,260.6358947753906,0.049711462871627095,-2.1136923829481797
2020-05-15,13.066394805908203,261.83404541015625,0.04990334540124465,-2.0490666491967167
2020-05-18,13.646771430969238,269.8094177246094,0.05057929981116635,-1.8938089315828104
2020-05-19,13.43501091003418,267.03814697265625,0.0503112048310082,-1.9235491021179054
2020-05-20,13.835004806518555,271.57470703125,0.05094364257171625,-1.7814907470024344
2020-05-21,13.623244285583496,269.69964599609375,0.05051265171397671,-1.8441720194608957
2020-05-22,13.599713325500488,270.2118835449219,0.0503298120981403,-1.858651817213645
2020-05-26,14.242839813232422,273.5409240722656,0.052068405711277285,-1.512281301892014
2020-05-27,14.415385246276855,277.6111145019531,0.05192654217803458,-1.5253925237098984
2020-05-28,14.501655578613281,277.098876953125,0.052333866300968195,-1.4353077078856427
2020-05-29,14.164411544799805,278.3336181640625,0.05089004928053878,-1.6928708204979288
2020-06-01,14.862434387207031,279.4584655761719,0.05318298143720389,-1.248716236363402
2020-06-02,15.097722053527832,281.7724609375,0.053581254900835255,-1.1641743000791973
2020-06-03,15.536928176879883,285.5223693847656,0.05441580010126126,-0.9981483476787143
2020-06-04,15.513402938842773,284.77239990234375,0.05447649752631485,-0.9788367682213898
2020-06-05,15.936921119689941,292.07098388671875,0.05456523242264681,-0.9543842680307278
2020-06-08,16.203584671020508,295.60137939453125,0.05481565987347446,-0.8996112874158627
2020-06-09,15.921235084533691,293.3971252441406,0.054265136617427205,-0.9962476959342691
2020-06-10,15.92907428741455,291.760009765625,0.054596496278604474,-0.9259028703396821
2020-06-11,14.784008979797363,274.9403076171875,0.05377170451260949,-1.0742040176564271
2020-06-12,15.058506965637207,278.23291015625,0.05412194753374305,-0.99963442277216
2020-06-15,15.268671035766602,280.8304138183594,0.05436972024562251,-0.9449633426430634
2020-06-16,15.42788314819336,286.2356872558594,0.05389923002299408,-1.0262857749898404
2020-06-17,15.40400505065918,285.04681396484375,0.05404026390050805,-0.9915639718939067
2020-06-18,15.324395179748535,285.1565856933594,0.053740281475481995,-1.040332551385763
2020-06-19,15.1412992477417,283.5269775390625,0.053403381149702514,-1.0956719716884173
2020-06-22,15.483611106872559,285.3457946777344,0.0542626223889493,-0.9248483151503848
2020-06-23,15.507494926452637,286.659423828125,0.054097279340624804,-0.9487574100592084
2020-06-24,15.069650650024414,279.3470153808594,0.05394598767944085,-0.969934579778901
2020-06-25,15.212946891784668,282.3418273925781,0.05388130774768998,-0.9746776889302942
2020-06-26,14.958205223083496,275.63580322265625,0.054268005274337984,-0.8937497058189173
2020-06-29,15.244791030883789,279.68701171875,0.05450661057587391,-0.841213883115649
2020-06-30,15.340320587158203,283.26971435546875,0.05415446766719291,-0.9014912516864567
2020-07-01,15.491575241088867,285.2538757324219,0.054308027196168604,-0.8649884326478381
2020-07-02,15.786120414733887,286.8247985839844,0.05503750196171269,-0.7185089254895546
2020-07-06,15.802040100097656,291.2525329589844,0.05425545982229441,-0.8620625954025977
2020-07-07,15.563217163085938,288.2486267089844,0.05399233758986318,-0.9055209826303094
2020-07-08,15.603021621704102,290.4533386230469,0.05371954647060832,-0.9505848864033878
2020-07-09,15.451770782470703,288.7998352050781,0.05350339196522854,-0.9844974300021501
2020-07-10,15.626903533935547,291.7486572265625,0.05356289788096678,-0.9653178533293584
2020-07-13,15.40400505065918,289.222412109375,0.053260067013181055,-1.015789571115894
2020-07-14,15.634864807128906,292.9704284667969,0.05336669946161767,-0.9873251870787739
2020-07-15,15.9771728515625,295.6619567871094,0.054038649494114056,-0.8503899893779281
2020-07-16,15.770196914672852,294.6883239746094,0.0535148345953185,-0.9443389070828131
2020-07-17,15.857766151428223,295.5426025390625,0.05365644754830995,-0.9096301546435613
2020-07-20,15.921453475952148,297.9310607910156,0.05344005903137534,-0.9442883595361399
2020-07-21,16.303564071655273,298.56494140625,0.05460642497027611,-0.711060506617163
2020-07-22,16.263761520385742,300.264404296875,0.054164800381418396,-0.7905536302812409
2020-07-23,16.048824310302734,296.6816711425781,0.054094424669025316,-0.7976376890292768
2020-07-24,15.94533634185791,294.77093505859375,0.054093991114450755,-0.7910846150811713
2020-07-27,16.20803451538086,296.92047119140625,0.05458712378552216,-0.6881803308812235
2020-07-28,16.040864944458008,295.037353515625,0.05436892906378545,-0.7247048740154217
2020-07-29,16.303564071655273,298.6659851074219,0.054587950702827216,-0.6754380947223354
2020-07-30,16.1602725982666,297.6004333496094,0.05430191218600191,-0.7255307218225898
2020-07-31,15.849803924560547,299.9520263671875,0.05284112968504485,-1.006566044958337
2020-08-03,16.072704315185547,302.0373840332031,0.05321428791549415,-0.925417516854384
2020-08-04,16.176193237304688,303.2039794921875,0.053350860580381965,-0.8911878895208303
2020-08-05,16.23988151550293,305.0872497558594,0.053230285855926804,-0.907863135385684
2020-08-06,16.351329803466797,307.1265563964844,0.05323971328079517,-0.8987628829772737
2020-08-07,16.231918334960938,307.34698486328125,0.052813006583362014,-0.9758634211413265
2020-08-10,16.407052993774414,308.2655944824219,0.05322375668073457,-0.8870016281560079
2020-08-11,16.422975540161133,305.7210388183594,0.05371882682211692,-0.7819082562619797
2020-08-12,16.629955291748047,309.98345947265625,0.0536478795353756,-0.7894676940466698
2020-08-13,16.36725425720215,309.42315673828125,0.05289602248821354,-0.9320150058131805
2020-08-14,16.375215530395508,309.43243408203125,0.052920165201733184,-0.9198208030598257
2020-08-17,16.534427642822266,310.415283203125,0.05326550765222056,-0.8439407195021333
2020-08-18,16.6060733795166,311.0859069824219,0.053380989002677445,-0.8142175850619595
2020-08-19,16.62199592590332,309.7906799316406,0.053655571334719245,-0.7528873007608162
2020-08-20,16.56627082824707,310.7551574707031,0.053309721270865404,-0.815468056138952
2020-08-21,16.399093627929688,311.8575134277344,0.052585212546850474,-0.9530897046118875
2020-08-24,16.550350189208984,315.0176086425781,0.05253785736145043,-0.9549948343915278
2020-08-25,16.502582550048828,316.1199951171875,0.052203539177998616,-1.0140369802019973
2020-08-26,16.590152740478516,319.28924560546875,0.051959635248655434,-1.054679156725081
2020-08-27,16.57423210144043,319.9873962402344,0.05179651541336686,-1.0788807256335768
2020-08-28,16.637914657592773,322.05426025390625,0.05166183687331293,-1.0971781736028796
2020-08-31,16.550350189208984,320.8876647949219,0.05157677282417899,-1.105614215248563
2020-09-01,16.534427642822266,323.90997314453125,0.051046367860505704,-1.2027387963007716
2020-09-02,16.813053131103516,328.5950927734375,0.051166476617762274,-1.1694352702738986
2020-09-03,16.359289169311523,317.28668212890625,0.051559961671083065,-1.081873435094602
2020-09-04,16.152313232421875,314.6961669921875,0.05132669198612408,-1.120278374412916
2020-09-08,15.993098258972168,306.09765625,0.05224835255161209,-0.9273160525484845
2020-09-09,16.311521530151367,312.1423645019531,0.05225667318877923,-0.9184832343282988
2020-09-10,15.881645202636719,306.7223815917969,0.051778566403324594,-1.0075904517868506
2020-09-11,16.040864944458008,306.87860107421875,0.0522710442771424,-0.900638410445552
2020-09-14,16.18415641784668,310.9205322265625,0.05205238876297034,-0.9379284729656969
2020-09-15,16.303564071655273,312.49139404296875,0.05217284182044857,-0.906380678756178
2020-09-16,16.31948471069336,311.2511901855469,0.052431878898084816,-0.8467600554321288
2020-09-17,16.21599769592285,308.5137023925781,0.05256167739119829,-0.8134889525550653
2020-09-18,16.02493667602539,304.9619140625,0.052547337674242106,-0.809844481077065
2020-09-21,15.642822265625,301.5677795410156,0.05187166311146795,-0.9421417004026624
2020-09-22,15.810003280639648,304.6390380859375,0.051897496066081024,-0.9297638386411755
2020-09-23,15.587100982666016,297.57421875,0.05238054912196931,-0.8229795690271158
2020-09-24,15.57913875579834,298.36737060546875,0.05221461959524602,-0.8508477028751508
2020-09-25,15.825922966003418,303.19110107421875,0.05219784785876469,-0.847688006359501
2020-09-28,15.969215393066406,308.2268371582031,0.05180994471571569,-0.9222825678592845
2020-09-29,15.802040100097656,306.5483093261719,0.0515482865811015,-0.9702539833318301
2020-09-30,15.698552131652832,308.8725280761719,0.05082534283457339,-1.1150360388596663
2020-10-01,15.825922966003418,310.8554992675781,0.05091086695680678,-1.0889999013129623
2020-10-02,15.802040100097656,307.9040832519531,0.051321307379893016,-0.99451211864954
2020-10-05,16.120471954345703,313.36419677734375,0.05144324756985516,-0.9613067428616083
2020-10-06,15.921453475952148,308.90936279296875,0.05154085759007155,-0.9333891999414891
2020-10-07,16.231918334960938,314.2864685058594,0.05164688894220821,-0.9039630083630179
2020-10-08,16.470739364624023,317.0718688964844,0.05194639127699243,-0.8330983603604253
2020-10-09,16.57423210144043,319.9032287597656,0.05181014322892942,-0.8558823706977639
2020-10-12,16.68567657470703,325.0498352050781,0.051332672001448094,-0.9523454032374193
2020-10-13,16.558307647705078,322.92852783203125,0.05127545639547136,-0.9577321124112642
2020-10-14,16.542387008666992,320.8993835449219,0.05155007412580855,-0.8912343406477501
2020-10-15,16.518505096435547,320.5028381347656,0.051539341094663925,-0.887109192667796
2020-10-16,16.518505096435547,320.3091735839844,0.05157050268528894,-0.8738171113072805
2020-10-19,16.3831729888916,315.4393310546875,0.05193763546896205,-0.7866413640620818
2020-10-20,16.36725425720215,316.70281982421875,0.0516801658611267,-0.8376049498485642
2020-10-21,16.359289169311523,316.10333251953125,0.05175297912526981,-0.8153969172715182
2020-10-22,16.502582550048828,317.83721923828125,0.051921491729629406,-0.7717480781662224
2020-10-23,16.62199592590332,318.91644287109375,0.052120222388852944,-0.7210248289606249
2020-10-26,16.375215530395508,313.02288818359375,0.052313157115818125,-0.6712901887949624
2020-10-27,16.18415641784668,311.9437561035156,0.05188164885876452,-0.7642462757720935
2020-10-28,15.746317863464355,301.2818908691406,0.052264402012478214,-0.6701729363626409
2020-10-29,15.817961692810059,304.3439636230469,0.05197396230405216,-0.7316521837448061
2020-10-30,15.738356590270996,301.1712341308594,0.05225717069457123,-0.6595223888871974
2020-11-02,15.825922966003418,304.5469055175781,0.05196546961824231,-0.7221036484100593
2020-11-03,16.335411071777344,309.923828125,0.05270782556670301,-0.5405105043252166
2020-11-04,16.34337043762207,316.8504333496094,0.05158071038390839,-0.8025627762632287
2020-11-05,16.876737594604492,323.0298767089844,0.05224512904671242,-0.6375651204989512
2020-11-06,16.908580780029297,322.9560852050781,0.052355665536669774,-0.6049775961695406
2020-11-09,17.57728385925293,327.0143127441406,0.05375080898372047,-0.26027516903175874
2020-11-10,17.5374813079834,326.5347900390625,0.05370784934090923,-0.26379357714580737
2020-11-11,17.776302337646484,328.96044921875,0.054037810259146724,-0.1754202732416315
2020-11-12,17.441951751708984,325.7691955566406,0.05354082580431212,-0.292063527009942
2020-11-13,17.664854049682617,330.279296875,0.053484593847758465,-0.29957630100652355
2020-11-16,17.927553176879883,334.40203857421875,0.05361077717503495,-0.26118124971026907
2020-11-17,17.959396362304688,332.603515625,0.053996411699247765,-0.1567492947720474
2020-11-18,17.983278274536133,328.6006774902344,0.0547268447889021,0.03712131722699438
2020-11-19,18.11861228942871,329.98419189453125,0.05490751597949194,0.0905771400842475
2020-11-20,18.150455474853516,327.7244567871094,0.0553832803715473,0.2208597118958695
2020-11-23,18.15841293334961,329.6890563964844,0.05507739059288727,0.14899841122555751
2020-11-24,18.636056900024414,335.00152587890625,0.05562976721115244,0.3011743580990733
2020-11-25,18.651981353759766,334.4849548339844,0.05576328945203931,0.34433987240782
2020-11-27,18.548490524291992,335.4165954589844,0.055299859265789224,0.23028226754329845
2020-11-30,18.08676528930664,333.9316101074219,0.0541630823254149,-0.0654762247179825
2020-12-01,18.445003509521484,337.583984375,0.054638265922687064,0.07064301970708503
2020-12-02,18.516647338867188,338.2942199707031,0.05473533464589127,0.10472641920184286
2020-12-03,18.604215621948242,338.20196533203125,0.05500918838151479,0.18773179181330568
2020-12-04,18.763431549072266,341.1164855957031,0.05500593592334026,0.19490463017204385
2020-12-07,18.715669631958008,340.4154968261719,0.054978900215917274,0.19557609865442838
2020-12-08,18.843036651611328,341.4115295410156,0.055191565079666154,0.26318266942693863
2020-12-09,18.874881744384766,338.3494873046875,0.05578516431262603,0.43850174025672656
2020-12-10,18.994295120239258,338.2388610839844,0.05615645422695233,0.5537386060207627
2020-12-11,18.906726837158203,337.84222412109375,0.055963184845661595,0.5086495888025061
2020-12-14,18.962923049926758,336.3297424316406,0.05638193908402553,0.6391301397220587
2020-12-15,19.18771743774414,340.8766784667969,0.05628932294238229,0.6245998670061926
2020-12-16,19.243913650512695,341.4115295410156,0.056365740420025325,0.6579017884251716
2020-12-17,19.500822067260742,343.32073974609375,0.05680059434126458,0.7974378509897255
2020-12-18,19.259967803955078,341.9498596191406,0.05632395294855972,0.6666783257483607
2020-12-21,19.107431411743164,340.7272644042969,0.05607837531037978,0.6033202213612097
2020-12-22,18.98700523376465,340.1530456542969,0.05581900699210982,0.5351883625350577
2020-12-23,19.21179962158203,340.4587097167969,0.05642916181396254,0.7310356956003823
2020-12-24,19.219825744628906,341.7832336425781,0.05623396308763395,0.6823389183175079
2020-12-28,19.308137893676758,344.71942138671875,0.05601116936204238,0.6244803630417026
2020-12-29,19.235881805419922,344.0617980957031,0.05590821739549629,0.6041847992534545
2020-12-30,19.340253829956055,344.55267333984375,0.05613148678396734,0.6852181246174464
2020-12-31,19.227853775024414,346.30328369140625,0.05552316330952991,0.5030456338267307
2021-01-04,19.292083740234375,341.5887145996094,0.05647752081870575,0.8169652397071085
2021-01-05,19.565048217773438,343.94122314453125,0.056884859682992395,0.9580680634732568
2021-01-06,19.829984664916992,345.99755859375,0.05731249880927684,1.1068918048082668
2021-01-07,19.838008880615234,351.13824462890625,0.056496292226956527,0.8533761521756208
2021-01-08,19.934350967407227,353.1389465332031,0.05644902994445826,0.8481991146452934
2021-01-11,19.605186462402344,350.7584228515625,0.055893701149121275,0.677283324674806
2021-01-12,19.725616455078125,350.83258056640625,0.05622515566607823,0.8000922029689371
2021-01-13,19.653356552124023,351.7774353027344,0.055868724312037356,0.6949993997005618
2021-01-14,19.886180877685547,350.5454406738281,0.05672925267394658,1.0030254389881763
2021-01-15,19.629274368286133,347.9890441894531,0.05640773666885763,0.9104756893368602
2021-01-19,19.725616455078125,350.7214660644531,0.056242968747892634,0.8701081425189452
2021-01-20,20.070831298828125,355.574951171875,0.056446133881704295,0.9570691143624713
2021-01-21,20.119001388549805,355.899169921875,0.056530059884562854,1.0047852626117306
2021-01-22,19.966463088989258,354.6394958496094,0.05630073165188674,0.9402865653746648
2021-01-25,20.05477523803711,356.0380859375,0.05632761221381688,0.9685820106602783
2021-01-26,20.070831298828125,355.482421875,0.056460826369315466,1.0350192096691173
2021-01-27,19.516876220703125,346.79412841796875,0.0562779892201078,0.984393930570682
2021-01-28,19.653356552124023,349.7766418457031,0.056188304766199064,0.9672680059838357
2021-01-29,19.067289352416992,342.77435302734375,0.05562635939362698,0.7692412855840286
2021-02-01,19.39645004272461,348.4799499511719,0.05566016077952947,0.7959611911661539
2021-02-02,19.637298583984375,353.407470703125,0.05556560121639424,0.772025524291763
2021-02-03,19.717586517333984,353.6853942871094,0.05574894195751816,0.8574193471513948
2021-02-04,19.709556579589844,357.70526123046875,0.05509999073480504,0.6135138197887314
2021-02-05,19.91829490661621,359.1131896972656,0.05546522789488028,0.7711806563837135
2021-02-08,20.062801361083984,361.7066955566406,0.05546704445215971,0.7826518310013604
2021-02-09,20.04674530029297,361.4658508300781,0.05545958284650454,0.7896284514897259
2021-02-10,20.006603240966797,361.3083190917969,0.055372661474433864,0.7657345064597882
2021-02-11,20.15111541748047,361.8918762207031,0.05568269624596691,0.906615554442574
2021-02-12,20.17519760131836,363.6795349121094,0.05547520733107545,0.8332825125818657
2021-02-16,20.335765838623047,363.3646545410156,0.055965173234337244,1.0511573857467502
2021-02-17,20.223371505737305,363.447998046875,0.055643095062884444,0.9290382628525595
2021-02-18,20.287593841552734,361.90118408203125,0.05605837928663476,1.119316036479669
2021-02-19,20.303653717041016,361.2620849609375,0.056202005586156116,1.1936366725541927
2021-02-22,20.37590980529785,358.4833679199219,0.05683920546587096,1.4813509858374634
2021-02-23,20.568592071533203,358.9186706542969,0.05730711092303262,1.6911847394930375
2021-02-24,20.713098526000977,362.8736267089844,0.05708074933374083,1.608557768228096
2021-02-25,20.25547981262207,354.1299743652344,0.05719786880206713,1.6711026699738434
2021-02-26,19.67744255065918,352.30523681640625,0.05585339215639736,1.101586110689924
2021-03-01,20.367881774902344,360.84521484375,0.05644492690230592,1.3797776171769394
2021-03-02,20.335765838623047,358.02947998046875,0.05679913799202346,1.540537521829045
2021-03-03,20.207313537597656,353.28717041015625,0.05719798291610065,1.7272856664050826
2021-03-04,20.070831298828125,348.915283203125,0.0575235086138192,1.8724464502431353
2021-03-05,20.191255569458008,355.3341369628906,0.05682329241439216,1.5604603451775807
2021-03-08,20.014631271362305,353.56500244140625,0.056608066785906457,1.4675971549849618
2021-03-09,20.231399536132812,358.61297607421875,0.056415692922237456,1.3735243255757286
2021-03-10,20.070831298828125,360.84521484375,0.055621719433134285,1.0184284617818216
2021-03-11,20.223371505737305,364.50390625,0.05548190611671203,0.953125241218259
2021-03-12,20.183229446411133,364.99481201171875,0.05529730500871645,0.8635065588045702
2021-03-15,20.247451782226562,367.1715087890625,0.055144397910946254,0.7947050032872858
2021-03-16,20.215343475341797,366.7083435058594,0.055126489029608865,0.7807152490781709
2021-03-17,20.25547981262207,367.9588317871094,0.05504822296082656,0.7410046932703366
2021-03-18,19.902236938476562,362.60516357421875,0.05488679957642945,0.6620266889415319
2021-03-19,19.813922882080078,361.93426513671875,0.054744534548547025,0.5912541612747872
2021-03-22,19.95843505859375,364.82421875,0.05470699047058194,0.5680744746454515
2021-03-23,19.709556579589844,361.95281982421875,0.0544533859113509,0.44554697491253553
2021-03-24,19.701528549194336,360.11279296875,0.054709327004953144,0.5578635251177064
2021-03-25,19.773784637451172,362.1386413574219,0.05460280229508824,0.5041258289114231
2021-03-26,20.11096954345703,367.9745178222656,0.05465315821996885,0.5222469202966546
2021-03-29,20.022663116455078,367.7886962890625,0.05444067019590597,0.417315501728642
2021-03-30,19.85406494140625,366.81292724609375,0.054125859441388265,0.2659393109776893
2021-03-31,19.902236938476562,368.2997131347656,0.05403815487413664,0.22086249739981703
2021-04-01,20.17519760131836,372.2770080566406,0.05419404681110141,0.2905469618624883
2021-04-05,20.464221954345703,377.620361328125,0.0541925808300463,0.2873199192782865
2021-04-06,20.26350975036621,377.39727783203125,0.053692781958498706,0.04847009386520343
2021-04-07,20.31970977783203,377.83404541015625,0.05377945694590346,0.08610028792414937
2021-04-08,20.45619010925293,379.6276550292969,0.05388487861263498,0.13001959094555698
2021-04-09,20.488309860229492,382.38751220703125,0.05357996588846961,-0.022235744273269898
2021-04-12,20.4240779876709,382.5269470214844,0.05339252083206518,-0.11586971263352425
2021-04-13,20.512386322021484,383.66070556640625,0.05346491320172762,-0.08509620492640131
2021-04-14,20.672956466674805,382.3504638671875,0.054068082610868026,0.1995626440566331
2021-04-15,21.058317184448242,386.4577941894531,0.054490600270115985,0.39605783912670317
2021-04-16,21.0824031829834,387.74945068359375,0.054371200644683274,0.33255664863138623
2021-04-19,20.97803497314453,385.8443908691406,0.05436915883600144,0.3254801911447789
2021-04-20,20.576616287231445,383.0195007324219,0.053722111401336474,0.0025218451988658444
2021-04-21,20.945920944213867,386.64361572265625,0.05417371474003235,0.21601909871227978
2021-04-22,20.80944061279297,383.11236572265625,0.05431680748163946,0.28024572053184804
2021-04-23,21.06634521484375,387.2662353515625,0.054397577923930296,0.3137091171605134
2021-04-26,21.178741455078125,388.0747375488281,0.054573873034993385,0.3962621354569439
2021-04-27,21.058317184448242,387.99102783203125,0.05427526843111638,0.23690097652838948
2021-04-28,21.242965698242188,387.8796081542969,0.05476690512121953,0.4833368412250254
2021-04-29,21.138599395751953,390.3513488769531,0.054152750993606225,0.1580983682120393
2021-04-30,20.777324676513672,387.7866516113281,0.053579267337284284,-0.1489606165231548
2021-05-03,21.050283432006836,388.62298583984375,0.054166336524113665,0.1508167834149114
2021-05-04,20.921833038330078,386.2254638671875,0.05416999912135397,0.1453150976990186
2021-05-05,21.210853576660156,386.3462219238281,0.05490115438696352,0.5315009321671489
2021-05-06,21.242965698242188,389.4314270019531,0.054548668200154395,0.3338331189830266
2021-05-07,21.48381805419922,392.2657470703125,0.054768529280606056,0.4477235692192257
2021-05-10,21.540014266967773,388.3813781738281,0.055460986230207704,0.825979053914194
2021-05-11,21.355365753173828,384.9151916503906,0.05548070384442088,0.8324893025034152
2021-05-12,20.986061096191406,376.7375793457031,0.05570471927074233,0.9555686887579126
2021-05-13,21.074377059936523,381.2630615234375,0.055275160871153556,0.7052034951117624
2021-05-14,21.27507972717285,387.1175537109375,0.05495767247759334,0.516853352497488
2021-05-17,21.234941482543945,386.1324462890625,0.054993931969776144,0.5321986331186164
2021-05-18,21.17071533203125,382.8057556152344,0.05530406745845889,0.7091075900567366
2021-05-19,20.801410675048828,381.80206298828125,0.05448218512032318,0.21392943019390012
2021-05-20,21.307191848754883,385.909423828125,0.0552129347798581,0.6458455478471603
2021-05-21,21.114513397216797,385.5935363769531,0.054758473380050174,0.36500002433499845
2021-05-24,21.267051696777344,389.5244140625,0.05459748074575115,0.2594720461528232
2021-05-25,21.315221786499023,388.6601257324219,0.05484283150048113,0.40493784182996834
2021-05-26,21.347335815429688,389.4314270019531,0.054816674606291145,0.3830919931041564
2021-05-27,21.467761993408203,389.6358642578125,0.05509698660389104,0.5511183383066972
2021-05-28,21.467761993408203,390.3328857421875,0.054998599343196335,0.4838112411220811
2021-06-01,21.564102172851562,389.9890441894531,0.055294122986634255,0.6635261011005512
2021-06-02,21.772842407226562,390.60223388671875,0.0557417252599253,0.9369843442025959
2021-06-03,21.62833023071289,389.15264892578125,0.05557801107204546,0.8306475741766773
2021-06-04,21.981576919555664,392.7118225097656,0.05597380995324897,1.0715610650526783
2021-06-07,21.941431045532227,392.330810546875,0.05592584231390795,1.0361723627250203
2021-06-08,21.97354507446289,392.4143981933594,0.05599576665796953,1.0744867168348824
2021-06-09,21.764812469482422,391.8290100097656,0.055546710206423905,0.7918397793553879
2021-06-10,21.98950958251953,393.6502990722656,0.055860517912327906,0.9812934487283971
2021-06-11,21.97322654724121,394.3008117675781,0.05572706393562639,0.8927320225031052
2021-06-14,22.022071838378906,395.18365478515625,0.05572617078596362,0.8868690353465128
2021-06-15,21.98950958251953,394.45892333984375,0.05574600619080076,0.8943003745288085
2021-06-16,21.891813278198242,392.2564697265625,0.05580994825517798,0.9274964365630034
2021-06-17,21.71270751953125,392.1263122558594,0.05537171783913311,0.6544447764544739
2021-06-18,21.175382614135742,386.8364562988281,0.05473988366230386,0.2641090082402299
2021-06-21,21.460325241088867,392.3742370605469,0.054693512504434244,0.23261101860760697
2021-06-22,21.460325241088867,394.4720153808594,0.05440265571277371,0.05358255960889576
2021-06-23,21.273080825805664,393.9966125488281,0.05399305513868925,-0.19779077182132357
2021-06-24,21.444042205810547,396.327392578125,0.054106888919073254,-0.12826179970417387
2021-06-25,21.460325241088867,397.735107421875,0.053956326310229494,-0.22095442093554257
2021-06-28,21.305644989013672,398.5369567871094,0.05345964690645924,-0.5238510228244787
2021-06-29,21.32192611694336,398.75140380859375,0.05347172677836686,-0.5136549359639895
2021-06-30,21.150959014892578,399.0870361328125,0.05299836150992821,-0.8003522473221578
2021-07-01,21.07769012451172,401.2965393066406,0.05252397681009089,-1.0842381244884822
2021-07-02,21.28936004638672,404.36395263671875,0.052649005697877116,-1.0003862961399772
2021-07-06,21.004417419433594,403.6273193359375,0.052039137127761405,-1.362289716724483
2021-07-07,21.232372283935547,405.0538635253906,0.05241863908947657,-1.12485772060152
2021-07-08,20.906721115112305,401.75347900390625,0.05203868095168139,-1.3467530528609617
2021-07-09,21.264938354492188,406.0420227050781,0.05237127480752804,-1.1404219990967301
2021-07-12,21.232372283935547,407.4964294433594,0.052104437609279165,-1.2940425002962792
2021-07-13,21.11025619506836,406.1073303222656,0.05198196294146269,-1.360584068931436
2021-07-14,21.191665649414062,406.71331787109375,0.052104675992269034,-1.2804819333743809
2021-07-15,20.988136291503906,405.32421875,0.05178110589155094,-1.4624148287433916
2021-07-16,20.841594696044922,402.1450500488281,0.051826062992729495,-1.4263370688944055
2021-07-19,20.40196418762207,396.20623779296875,0.05149329374840078,-1.6106581519336673
2021-07-20,20.654342651367188,401.8840026855469,0.0513937915252828,-1.656161893495917
2021-07-21,20.96371078491211,405.1376953125,0.05174465626740041,-1.4375534189339445
2021-07-22,20.93114471435547,405.9861755371094,0.05155629914408809,-1.5344243787705258
2021-07-23,21.07769012451172,410.1629333496094,0.05138857856408441,-1.6173199899656965
2021-07-26,21.102113723754883,411.1698303222656,0.0513221354475729,-1.6405421991476195
2021-07-27,21.061405181884766,409.2958984375,0.051457650228813295,-1.548019439698513
2021-07-28,21.004417419433594,409.12811279296875,0.05133946253667116,-1.6006803240896454
2021-07-29,21.183523178100586,410.8248291015625,0.05156339558255783,-1.4600006121387432
2021-07-30,20.97999382019043,408.8296813964844,0.05131719827319475,-1.5851492622428722
2021-08-02,21.13467788696289,407.9720153808594,0.05180423433512409,-1.3044168549900979
2021-08-03,21.305644989013672,411.29107666015625,0.05180186538940696,-1.2988632657061558
2021-08-04,21.28936004638672,409.2679443359375,0.05201814689134772,-1.1714672031889395
2021-08-05,21.444042205810547,411.8597412109375,0.05206637129125907,-1.139404251517536
2021-08-06,21.444042205810547,412.54034423828125,0.05198047295326969,-1.1819297828946063
2021-08-09,21.36263084411621,412.2047424316406,0.05182529128145331,-1.2636593252795314
2021-08-10,21.476608276367188,412.7174987792969,0.052037067339981945,-1.1405713489957907
2021-08-11,21.58244514465332,413.7430419921875,0.05216388664987108,-1.0642863736759263
2021-08-12,21.517314910888672,414.98297119140625,0.051851079212028806,-1.2303043092198047
2021-08-13,21.663860321044922,415.7381591796875,0.052109386263197256,-1.0840320771663825
2021-08-16,21.435903549194336,416.7171630859375,0.051439934440074206,-1.4457109060056297
2021-08-17,20.91486358642578,413.9854431152344,0.050520770559084736,-1.9319477174249848
2021-08-18,20.752038955688477,409.4542541503906,0.05068219158877355,-1.8260499078625916
2021-08-19,20.581069946289062,410.0883483886719,0.050186917104952274,-2.0698003954825217
2021-08-20,20.62177848815918,413.35137939453125,0.04988922141342686,-2.2018117336150906
2021-08-23,20.8253116607666,416.98748779296875,0.049942293882703305,-2.150275473958145
2021-08-24,21.004417419433594,417.6493835449219,0.0502919871236309,-1.9479572262501006
2021-08-25,21.061405181884766,418.52581787109375,0.05032283381946987,-1.9170091751861997
2021-08-26,20.86601448059082,416.05517578125,0.050152036785528605,-1.9910936773092822
2021-08-27,21.175382614135742,419.7750549316406,0.05044459494522394,-1.828651338303646
2021-08-30,21.1672420501709,421.62109375,0.050204419000729604,-1.9408147318182225
2021-08-31,21.102113723754883,420.9964294433594,0.05012421067716905,-1.9697551812674492
2021-09-01,21.313783645629883,421.2201232910156,0.0506001077989915,-1.7223123184673852
2021-09-02,21.49289321899414,422.51611328125,0.05086881314911483,-1.5826870093463739
2021-09-03,21.60686683654785,422.41363525390625,0.051150969176362644,-1.4359356762689177
2021-09-07,21.49289321899414,420.9031677246094,0.0510637478334604,-1.4788497167839307
2021-09-08,21.37077522277832,420.3905029296875,0.050835532853016646,-1.5868901332099858
2021-09-09,21.159101486206055,418.591064453125,0.05054838309520463,-1.7218176732218489
2021-09-10,21.004417419433594,415.2906188964844,0.05057763518773144,-1.698827393110467
2021-09-13,21.175382614135742,416.35345458984375,0.05085914955358288,-1.5486338163128661
2021-09-14,20.96371078491211,414.1067199707031,0.05062393285092121,-1.657923613540838
2021-09-15,21.1672420501709,417.5655517578125,0.05069202179409635,-1.6148887177936124
2021-09-16,21.102113723754883,416.903564453125,0.05061629480533626,-1.6420179026511788
2021-09-17,20.711332321166992,412.84246826171875,0.050167639992010654,-1.8492854673563093
2021-09-20,20.174009323120117,405.958740234375,0.04969472836444638,-2.0615602857580644
2021-09-21,20.410104751586914,405.5752258300781,0.050323844879366565,-1.7427680534189627
2021-09-22,20.540363311767578,409.53143310546875,0.050155767424274154,-1.812920290215746
2021-09-23,20.849733352661133,414.50732421875,0.05030003605354389,-1.7301808819536804
2021-09-24,20.62177848815918,415.190185546875,0.04966827060470334,-2.01692678242211
2021-09-27,20.743896484375,414.0022277832031,0.05010576053044278,-1.7934326919598802
2021-09-28,20.133302688598633,405.6593322753906,0.049631060071189746,-2.003763903383992
2021-09-29,20.076313018798828,406.3421630859375,0.04940740794981908,-2.0924452024766906
2021-09-30,20.206575393676758,401.3757019042969,0.0503432950669614,-1.6475649730853832
2021-10-01,20.304271697998047,406.145751953125,0.04999257434149268,-1.8061751417295693
2021-10-04,20.39381980895996,400.9080505371094,0.05086907030586616,-1.3918663371232882
2021-10-05,20.613637924194336,405.0794677734375,0.050887886363382956,-1.3802037898101813
2021-10-06,20.45895004272461,406.76300048828125,0.05029697887508337,-1.6497282234219375
2021-10-07,20.71947479248047,410.2796630859375,0.050500857480085606,-1.5480697148666234
2021-10-08,20.735755920410156,409.53143310546875,0.05063288002869848,-1.4798517110902787
2021-10-11,20.752038955688477,406.566650390625,0.051042157382436885,-1.2861808914157569
2021-10-12,20.874160766601562,405.56585693359375,0.051469226044882375,-1.088558886789687
2021-10-13,20.96371078491211,407.0249328613281,0.051504733721200235,-1.0730113998993038
2021-10-14,21.19980812072754,413.8713073730469,0.05122318881028128,-1.202339638260491
2021-10-15,21.297500610351562,417.0232849121094,0.051070291230476884,-1.271150972341653
2021-10-18,21.191665649414062,418.2579650878906,0.05066649632114227,-1.4536687010121858
2021-10-19,21.484750747680664,421.48468017578125,0.05097397784118843,-1.307118640881621
2021-10-20,21.680139541625977,423.1401672363281,0.05123630706871039,-1.184124174039083
2021-10-21,21.476608276367188,424.24383544921875,0.050623265400253296,-1.4612341164004508
2021-10-22,21.60686683654785,423.80426025390625,0.05098312797422781,-1.2915144317195562
2021-10-25,21.73712921142578,426.0770568847656,0.05101689673308244,-1.271371554420924
2021-10-26,21.696420669555664,426.4604797363281,0.050875571595684836,-1.3300352223515435
2021-10-27,21.623149871826172,424.5711669921875,0.05092938841092819,-1.3012513364450653
2021-10-28,21.8592472076416,428.6677551269531,0.05099344876352509,-1.2668480498102814
2021-10-29,21.541736602783203,429.5376281738281,0.05015098838806632,-1.6404591705784224
2021-11-01,21.549880981445312,430.2764587402344,0.05008380203866873,-1.659369196024843
2021-11-02,21.305644989013672,432.0162048339844,0.04931677272893276,-1.9875909842152817
2021-11-03,21.468469619750977,434.6537780761719,0.049392115524160216,-1.9341234487561243
2021-11-04,21.36263084411621,436.7020263671875,0.0489180941563896,-2.124964278889753
2021-11-05,21.517314910888672,438.21734619140625,0.04910192418875691,-2.0231778192454657
2021-11-08,21.55802345275879,438.59136962890625,0.049152867442419375,-1.9809358835067914
2021-11-09,21.39519691467285,437.1416320800781,0.04894339807642379,-2.046511038353618
2021-11-10,21.13467788696289,433.6248779296875,0.04873954185439953,-2.107084809036955
2021-11-11,21.036985397338867,433.7652587890625,0.04849854839935217,-2.179934819325885
2021-11-12,21.22422981262207,437.038818359375,0.0485637177317496,-2.124494331836834
2021-11-15,21.240514755249023,437.1884460449219,0.04858434605809899,-2.089190756135905
2021-11-16,21.11839485168457,438.9187927246094,0.04811458338475581,-2.25254509430295
2021-11-17,20.776466369628906,437.8525085449219,0.04745083324673319,-2.4843637889499304
2021-11-18,20.792739868164062,439.3396301269531,0.04732725764383176,-2.4923235248505913
2021-11-19,20.62177848815918,438.5540771484375,0.047022202192819475,-2.5694428378297145
2021-11-22,20.597354888916016,437.3193359375,0.04709911772997778,-2.4969652430685363
2021-11-23,20.86601448059082,437.8992919921875,0.047650258546120434,-2.2477881292665622
2021-11-24,20.784603118896484,439.068359375,0.047337966116444176,-2.334052749950908
2021-11-26,19.994903564453125,429.2757568359375,0.046578226806539336,-2.5819099079885857
2021-11-29,20.149585723876953,434.5414733886719,0.046369764355850863,-2.614190499897381
2021-11-30,19.91348648071289,426.0864562988281,0.046735788444650594,-2.436571760473892
2021-12-01,19.742523193359375,421.3537902832031,0.04685497947007881,-2.3554329031881656
2021-12-02,20.076313018798828,427.8073425292969,0.04692839748869895,-2.2938950456312264
2021-12-03,19.791372299194336,424.0848693847656,0.046668423534907896,-2.3519594002611988
2021-12-06,20.076313018798828,429.1074523925781,0.04678621381861153,-2.275801404690769
2021-12-07,20.45895004272461,437.98345947265625,0.04671169561370589,-2.268863789879389
2021-12-08,20.6380615234375,439.1431884765625,0.046996200931712674,-2.139309794957542
2021-12-09,20.51594352722168,436.17828369140625,0.04703568310094181,-2.098331502127223
2021-12-10,20.548505783081055,440.2842712402344,0.04667099672944954,-2.19573705739767
2021-12-13,20.320220947265625,436.3840637207031,0.04656499317140757,-2.202347550818504
2021-12-14,20.236595153808594,433.3818054199219,0.04669461177356189,-2.130952860646709
2021-12-15,20.462373733520508,440.1533508300781,0.04648919222114485,-2.17250023090574
2021-12-16,20.345306396484375,436.2718811035156,0.04663446643643985,-2.0973996287488315
2021-12-17,20.111160278320312,431.62860107421875,0.046593669252381606,-2.0864211119633524
2021-12-20,20.127887725830078,427.0389404296875,0.047133611997016836,-1.8853956958167681
2021-12-21,20.47073745727539,434.6227111816406,0.04710001785599307,-1.8758770403192495
2021-12-22,20.77178192138672,438.96844482421875,0.04731953325188239,-1.784219728928307
2021-12-23,20.90557289123535,441.69970703125,0.04732983191622605,-1.7631377312553935
2021-12-27,21.047731399536133,447.9507141113281,0.046986712458516565,-1.8559894177109821
2021-12-28,20.98919677734375,447.5846252441406,0.046894364983817154,-1.865776051722892
2021-12-29,21.081180572509766,448.1572265625,0.04703969795200833,-1.7993577923450974
2021-12-30,21.088775634765625,446.9182434082031,0.047187099532886384,-1.7341233335078357
2021-12-31,20.94536781311035,445.79193115234375,0.046984627467275844,-1.7805411530982036
2022-01-03,20.979108810424805,448.3730163574219,0.04678940981073947,-1.824700759874273
2022-01-04,21.29966163635254,448.2228698730469,0.047520247332282224,-1.5768251814508563
2022-01-05,21.038162231445312,439.61602783203125,0.0478557670774542,-1.4582077618864528
2022-01-06,20.66699981689453,439.2030944824219,0.047055678970681025,-1.6987167432085306
2022-01-07,20.768224716186523,437.4666442871094,0.047473847406195244,-1.5513738155572632
2022-01-10,20.607948303222656,436.9222717285156,0.04716616578435153,-1.6340508626431136
2022-01-11,20.86945152282715,440.90191650390625,0.04733354685393447,-1.566688799136068
2022-01-12,21.063467025756836,442.0938720703125,0.047644783962096655,-1.4550046709020177
2022-01-13,20.987545013427734,436.00250244140625,0.04813629485130815,-1.2891409402283465
2022-01-14,20.751354217529297,436.1808166503906,0.04757511890799637,-1.4553240442415654
2022-01-18,20.405494689941406,428.4561767578125,0.047625628469993415,-1.4274063285131018
2022-01-19,20.498289108276367,424.00732421875,0.048344186379434044,-1.1903553554894384
2022-01-20,20.346450805664062,419.3144226074219,0.04852313612096568,-1.1250705504519722
2022-01-21,19.77283477783203,411.0830078125,0.04809937263777797,-1.2501195387398585
2022-01-24,19.612558364868164,412.8287353515625,0.04750773549754531,-1.4267475990800236
2022-01-25,19.56194496154785,407.78851318359375,0.04797080920408543,-1.2697871223614905
2022-01-26,19.384798049926758,406.7655029296875,0.04765595388573934,-1.3592349351780226
2022-01-27,18.95458984375,404.7568664550781,0.04682956958768153,-1.6080705107969393
2022-01-28,19.038942337036133,414.80908203125,0.045898084593050975,-1.8837398466448299
2022-01-31,19.26670265197754,422.2803039550781,0.04562538785618359,-1.9482039701474174
2022-02-01,19.51976776123047,425.1335754394531,0.04591443463634512,-1.837734928466021
2022-02-02,19.63786506652832,429.26336669921875,0.045747824272851144,-1.8702098696697667
2022-02-03,19.418542861938477,419.173583984375,0.046325779113653105,-1.6729928425139557
2022-02-04,19.494462966918945,421.1446533203125,0.04628923295885209,-1.6682972256952688
2022-02-07,19.65473747253418,419.7930603027344,0.04682006286230682,-1.490302636451861
2022-02-08,20.025901794433594,423.24700927734375,0.04731492805732053,-1.3259205293733758
2022-02-09,20.346450805664062,429.4416809082031,0.04737884492868612,-1.2954851389847315
2022-02-10,20.160865783691406,421.72650146484375,0.04780554628097535,-1.1543616489013304
2022-02-11,19.958415985107422,413.4106140136719,0.04827746387867869,-1.0002842820879307
2022-02-14,20.000593185424805,412.0591125488281,0.048538164977615386,-0.9122738279941622
2022-02-15,20.329578399658203,418.7042236328125,0.04855355463881458,-0.9003177221165504
2022-02-16,20.548900604248047,419.173583984375,0.049022413122803137,-0.747896488923678
2022-02-17,20.388629913330078,410.21942138671875,0.04970176654339696,-0.5297486311189624
2022-02-18,20.228349685668945,407.56317138671875,0.04963242781933099,-0.5453910685844258
2022-02-22,20.346450805664062,403.18939208984375,0.050463755259538695,-0.2767103260862286
2022-02-23,20.219919204711914,396.03741455078125,0.05105557824037165,-0.08183336869747954
2022-02-24,20.068077087402344,401.99737548828125,0.04992091568515067,-0.43808427597343114
2022-02-25,20.430803298950195,410.8670349121094,0.049726070876726945,-0.4948409405248091
2022-02-28,20.287395477294922,409.8158874511719,0.049503682259541715,-0.5605608709064569
2022-03-01,20.110252380371094,403.5741882324219,0.04983037311788985,-0.44832257019580385
2022-03-02,20.759788513183594,410.9985046386719,0.05051061811388949,-0.2191935295479817
2022-03-03,20.565773010253906,408.9523620605469,0.05028892095556369,-0.2851470382758129
2022-03-04,20.894758224487305,405.6297302246094,0.05151190030601862,0.12866307409358532
2022-03-07,20.489852905273438,393.6721496582031,0.052048012344950705,0.31598156634341523
2022-03-08,20.16930389404297,390.6874084472656,0.05162517004119264,0.18125346181266938
2022-03-09,20.59951400756836,401.1619873046875,0.05134961601414835,0.09413129903015399
2022-03-10,20.785093307495117,399.35052490234375,0.05204724173726291,0.33755292659225944
2022-03-11,20.565773010253906,394.2728271484375,0.052161274108071407,0.3822617399978938
2022-03-14,20.312705993652344,391.3913879394531,0.05189870451823699,0.29774057129048864
2022-03-15,20.506723403930664,399.9981689453125,0.051267043191726036,0.08586268010963578
2022-03-16,21.19000244140625,408.8678894042969,0.051826037188391544,0.28458045685522426
2022-03-17,21.400888442993164,413.98309326171875,0.051695078353027314,0.24439386066226138
2022-03-18,21.670822143554688,418.5174255371094,0.0517799757459159,0.2789620699352953
2022-03-21,21.670822143554688,418.3950500488281,0.051795120762125724,0.28922281422177853
2022-03-22,21.915451049804688,423.2908630371094,0.05177397615568987,0.286346671128656
2022-03-23,21.932327270507812,417.83953857421875,0.052489832210103504,0.5426115709022423
2022-03-24,22.236003875732422,424.13824462890625,0.05242631183893237,0.5247198809621273
2022-03-25,22.35409927368164,426.2095642089844,0.052448610145972,0.5372366869299002
2022-03-28,22.24443817138672,429.24114990234375,0.05182270659848789,0.31997211750087756
2022-03-29,22.50594139099121,434.5513000488281,0.05179121863969189,0.3128226823844927
2022-03-30,22.522808074951172,431.86798095703125,0.05215206745598507,0.44501402590949163
2022-03-31,22.29505157470703,425.2210388183594,0.05243167562137196,0.5485487003266729
2022-04-01,22.514371871948242,426.4261169433594,0.05279782587739283,0.6828342342706402
2022-04-04,22.67464828491211,430.0791320800781,0.052722037861372514,0.6577994521843193
2022-04-05,22.55655288696289,424.64666748046875,0.05311840316750009,0.8017191736281856
2022-04-06,22.404712677001953,420.4004821777344,0.053293736869525814,0.8662675713369119
2022-04-07,22.379409790039062,422.5188293457031,0.052966656716092346,0.7501002270494869
2022-04-08,22.387842178344727,421.3890075683594,0.053128681043519824,0.8090425237756141
2022-04-11,22.151647567749023,414.1864929199219,0.05348230313254514,0.9362860082992621
2022-04-12,22.236003875732422,412.6518859863281,0.05388562279942939,1.0820381212339523
2022-04-13,22.35409927368164,417.37823486328125,0.0535583732127385,0.9670072869395191
2022-04-14,22.261308670043945,412.1811828613281,0.054008551568287905,1.1305665099382098
2022-04-18,22.19382095336914,412.3506774902344,0.0538226857985331,1.0652565256552096
2022-04-19,22.472198486328125,419.0069885253906,0.05363203741640308,0.9966620967733038
2022-04-20,22.60716438293457,418.6963195800781,0.05399417985237584,1.1280656832618112
2022-04-21,22.168516159057617,412.4353332519531,0.05375028367299235,1.041725937545632
2022-04-22,21.333402633666992,401.1184997558594,0.05318478865136253,0.8405086579066046
2022-04-25,20.970678329467773,403.44403076171875,0.05197915133326989,0.40875336750585556
2022-04-26,20.5826416015625,391.7598876953125,0.052538920517484045,0.6161844451273322
2022-04-27,20.768224716186523,392.8614807128906,0.05286398829047908,0.7395955698888527
2022-04-28,21.0718994140625,402.784912109375,0.052315513269127846,0.5430871742599387
2022-04-29,20.73448371887207,387.89971923828125,0.053453206307002184,0.9602067252864149
2022-05-02,20.675432205200195,390.2347106933594,0.05298204295682616,0.7906750460339952
2022-05-03,20.9116268157959,392.0235290527344,0.05334278497600816,0.9254867752317059
2022-05-04,21.400888442993164,403.9617919921875,0.05297750645538044,0.7966259538432148
2022-05-05,20.624820709228516,389.6037902832031,0.05293793649757957,0.7864056043827397
2022-05-06,20.321144104003906,387.2783203125,0.052471680024863014,0.6196099951324647
2022-05-09,19.646303176879883,374.8787841796875,0.05240708198483429,0.6033215200203976
2022-05-10,19.663171768188477,375.7449645996094,0.052331165074005405,0.582856656460364
2022-05-11,19.604124069213867,369.7757263183594,0.05301625464819085,0.8483394041668365
2022-05-12,19.232959747314453,369.3898010253906,0.05206684021574392,0.49784226531058406
2022-05-13,19.9331111907959,378.2210998535156,0.052702271762511285,0.7450438576537514
2022-05-16,20.009023666381836,376.6864013671875,0.05311851873005997,0.9095410297735222
2022-05-17,20.346450805664062,384.4349670410156,0.052925598735906056,0.8434203793008441
2022-05-18,19.840316772460938,368.9378662109375,0.05377685130622342,1.1727771722214395
2022-05-19,20.10181999206543,366.6782531738281,0.054821413100099844,1.5763031604375455
2022-05-20,20.278963088989258,366.8383483886719,0.05528037943160547,1.7497272982841112
2022-05-23,20.540464401245117,373.7018737792969,0.05496484187653827,1.6265392026160905
2022-05-24,20.51515769958496,370.84912109375,0.0553194184176016,1.7597530301872237
2022-05-25,20.5826416015625,374.1255187988281,0.055015337279438664,1.6420917202740448
2022-05-26,20.607948303222656,381.60107421875,0.05400390537530118,1.2593239286303302
2022-05-27,21.04659652709961,390.96905517578125,0.05383187300497983,1.1980666569002831
2022-05-31,20.818836212158203,388.7752685546875,0.05354979572017117,1.0963119670165022
2022-06-01,20.886320114135742,385.6307678222656,0.05416144627692698,1.3405130892166168
2022-06-02,21.375577926635742,392.9745178222656,0.05439431046341656,1.4370816738422965
2022-06-03,21.0718994140625,386.5251770019531,0.054516240255045596,1.4927783277327216
2022-06-06,21.038162231445312,387.7020263671875,0.0542637407097799,1.4029316823614217
2022-06-07,20.987545013427734,391.4208984375,0.05361886679328368,1.1604720006187155
2022-06-08,20.624820709228516,387.1653747558594,0.05327134618439011,1.0322436575434801
2022-06-09,20.018436431884766,377.9574890136719,0.052964783113903686,0.9213815203665743
2022-06-10,19.47034454345703,366.9983825683594,0.05305294374105413,0.9670412033324317
2022-06-13,18.62645721435547,353.0641174316406,0.052756585262340845,0.8584743781328258
2022-06-14,18.478557586669922,352.00018310546875,0.05249587492723902,0.763754956001362
2022-06-15,18.852651596069336,357.0184020996094,0.05280582593277469,0.9018049500114862
2022-06-16,18.426361083984375,345.2024841308594,0.0533784139195224,1.146344578584015
2022-06-17,18.104461669921875,345.9466857910156,0.05233309759428849,0.7217006608819801
2022-06-21,18.539457321166992,354.65545654296875,0.05227455824839627,0.7047719496587587
2022-06-22,18.330659866333008,354.01239013671875,0.05177971273619477,0.5049019536633439
2022-06-23,18.304561614990234,357.482666015625,0.05120405366505287,0.26925125985059856
2022-06-24,18.800453186035156,368.8484191894531,0.05097067577881797,0.1770282640214832
2022-06-27,18.756954193115234,367.43951416015625,0.0510477329472508,0.21536282118554845
2022-06-28,18.722156524658203,359.93157958984375,0.05201587631180581,0.6302391119975173
2022-06-29,18.669954299926758,359.6385803222656,0.05191310199032859,0.590576746362638
2022-06-30,18.461158752441406,356.71673583984375,0.0517529930547749,0.5252698631334002
2022-07-01,18.348060607910156,360.48956298828125,0.05089761949226423,0.16279656770772355
2022-07-05,18.113162994384766,361.1703796386719,0.05015129704851721,-0.15252736186327842
2022-07-06,18.243663787841797,362.3901672363281,0.05034260153075407,-0.06771674585722878
2022-07-07,18.62645721435547,367.8177185058594,0.05064045660991926,0.06314923227616168
2022-07-08,18.548158645629883,367.5152282714844,0.05046908867658761,-0.007783839962893097
2022-07-11,18.052261352539062,363.3168640136719,0.0496873752379954,-0.3396096611873991
2022-07-12,18.13056182861328,360.1017761230469,0.05034843766618375,-0.052181926673122284
2022-07-13,18.15666389465332,358.2107849121094,0.05068709446899607,0.0959904123687496
2022-07-14,17.973962783813477,357.3408203125,0.05029921509693455,-0.06820960369859991
2022-07-15,18.330659866333008,364.16790771484375,0.050335736559978694,-0.05000622044053151
2022-07-18,18.321956634521484,361.1609802246094,0.05073072019886226,0.1225168187175767
2022-07-19,18.756954193115234,370.91925048828125,0.050568834506225874,0.054170527949613655
2022-07-20,18.748254776000977,373.2831726074219,0.05022528780240069,-0.09236629097553097
2022-07-21,18.922250747680664,377.08441162109375,0.05018041097571102,-0.10915510508436872
2022-07-22,18.922250747680664,373.58575439453125,0.05065035410236097,0.09578554701760518
2022-07-25,19.157148361206055,374.03955078125,0.05121690559512449,0.34137359792404537
2022-07-26,18.913551330566406,369.6143493652344,0.05117104182521059,0.32180667244516664
2022-07-27,19.444244384765625,379.21185302734375,0.05127541301659567,0.36735730616000783
2022-07-28,19.5312442779541,383.9681701660156,0.05086683166864955,0.19128534212058573
2022-07-29,19.78354263305664,389.5658264160156,0.05078356799174136,0.1566295070789646
2022-08-01,19.77484130859375,388.4122314453125,0.050911994287641274,0.21302170666263462
2022-08-02,19.522546768188477,385.84979248046875,0.05059623498223518,0.07829876756394703
2022-08-03,19.618242263793945,391.89208984375,0.05006031704190781,-0.15124752289947618
2022-08-04,19.60954475402832,391.6272277832031,0.05007196477381742,-0.14297400775007682
2022-08-05,19.47034454345703,390.9653625488281,0.04980068929002721,-0.2571525877588747
2022-08-08,19.653043746948242,390.51141357421875,0.05032642597324003,-0.025720245380041043
2022-08-09,19.49644660949707,388.960693359375,0.05012446486844261,-0.11076827118267135
2022-08-10,20.027137756347656,397.1304931640625,0.050429614701165866,0.024950316281878507
2022-08-11,20.044536590576172,397.1304931640625,0.05047342607936021,0.047035322236432094
2022-08-12,20.22723388671875,403.8534851074219,0.05008557467651533,-0.11932201778285993
2022-08-15,19.99233627319336,405.5177001953125,0.04930077346454742,-0.4576851228333372
2022-08-16,20.09673500061035,406.31201171875,0.04946133616773642,-0.3841096260446167
2022-08-17,19.844440460205078,403.427978515625,0.04918954935456092,-0.5004101896312689
2022-08-18,19.931440353393555,404.6005554199219,0.04926201925923546,-0.4660894284734641
2022-08-19,19.661741256713867,399.1634521484375,0.04925736850627854,-0.466310442621586
2022-08-22,19.461645126342773,390.8519287109375,0.04979288496932563,-0.23225353880306923
2022-08-23,19.505142211914062,389.90631103515625,0.05002520261888083,-0.13094110851827603
2022-08-24,19.557344436645508,391.15447998046875,0.049999029635611106,-0.14185838319675323
2022-08-25,19.89664077758789,396.6766357421875,0.05015833801343252,-0.07199988791327051
2022-08-26,19.522546768188477,383.2494812011719,0.05093952562440881,0.26775437155993853
2022-08-29,19.452943801879883,380.71533203125,0.05109577199870464,0.3347784788239324
2022-08-30,19.18324851989746,376.5359802246094,0.05094665457589037,0.268356993901347
2022-08-31,19.061452865600586,373.6708984375,0.051011338975836235,0.2950085186489705
2022-09-01,18.90485191345215,374.8433532714844,0.0504340059613118,0.043331697555492044
2022-09-02,18.939653396606445,370.8908996582031,0.051065295519680864,0.3184814600875547
2022-09-06,18.678653717041016,369.49139404296875,0.05055233766789395,0.09568635329065212
2022-09-07,18.669954299926758,376.1293029785156,0.04963706404175901,-0.3013673225600458
2022-09-08,18.84395408630371,378.587890625,0.04977431807233655,-0.23961225657531565
2022-09-09,19.444244384765625,384.4692687988281,0.05057424861423643,0.10951519369796563
2022-09-12,19.653043746948242,388.6014099121094,0.0505737839484247,0.10931911780470942
2022-09-13,18.809154510498047,371.7040710449219,0.05060249799692102,0.12230714286855139
2022-09-14,18.77435302734375,373.1224670410156,0.05031686560241352,-0.0018500541947959583
2022-09-15,18.62645721435547,368.88623046875,0.05049377199763329,0.07572532163442423
2022-09-16,18.478557586669922,366.072021484375,0.05047792921114743,0.06905019330257232
2022-09-19,18.652557373046875,368.9109802246094,0.05056113364175382,0.104692522386176
2022-09-20,18.443758010864258,364.6763916015625,0.05057568418362411,0.1095324833615953
2022-09-21,18.069664001464844,358.3149719238281,0.05042955337435958,0.04554412567480712
2022-09-22,18.034862518310547,355.3052673339844,0.050758781747409075,0.18823823506849274
2022-09-23,17.356271743774414,349.35211181640625,0.04968131337043582,-0.2810697279252807
2022-09-26,17.21707534790039,345.8961486816406,0.049775273340053335,-0.24025027745293961
2022-09-27,17.06917953491211,345.01318359375,0.049473992144633286,-0.37058634189598777
2022-09-28,17.5650691986084,351.8017578125,0.049928884118794155,-0.17258933858238798
2022-09-29,17.39977264404297,344.45294189453125,0.05051422277987291,0.08101626010460486
2022-09-30,17.06917953491211,339.12646484375,0.05033278527164374,0.0018134240718587612
2022-10-03,17.55636978149414,348.079833984375,0.05043776762511967,0.04688230966340641
2022-10-04,18.13056182861328,358.86566162109375,0.050521863102511964,0.08421207308982662
2022-10-05,18.078365325927734,358.0301513671875,0.05049397447922473,0.07272392013283904
2022-10-06,17.799964904785156,354.3368225097656,0.05023458972936572,-0.04045059262364923
2022-10-07,17.521570205688477,344.45294189453125,0.05086781988075875,0.235443871130172
2022-10-10,17.312772750854492,341.822998046875,0.05064835558103774,0.13957830230753235
2022-10-11,17.06917953491211,339.65826416015625,0.0502539797673335,-0.031281893707849284
2022-10-12,17.06917953491211,338.5378723144531,0.050420295425787076,0.04319990860274255
2022-10-13,17.478071212768555,347.47222900390625,0.05030062765842524,-0.007009493447229418
2022-10-14,17.034378051757812,339.5537414550781,0.05016695730920522,-0.06364032898098118
2022-10-17,17.373674392700195,348.2792663574219,0.04988432005846265,-0.18522374275484446
2022-10-18,17.460670471191406,352.3714294433594,0.04955189045483625,-0.32864697542064036
2022-10-19,17.34757423400879,349.8743591308594,0.04958229656240822,-0.31292608211019096
2022-10-20,17.330171585083008,346.9405212402344,0.049951419693299415,-0.14930716998830892
2022-10-21,17.74776840209961,355.3717041015625,0.049941422452214806,-0.15249626592432544
2022-10-24,17.608566284179688,359.7202453613281,0.048950723544882536,-0.5820782667497626
2022-10-25,17.95656394958496,365.4645080566406,0.04913353705690624,-0.49872985595463026
2022-10-26,18.15666389465332,362.7109680175781,0.05005821575754883,-0.09312456168396559
2022-10-27,18.060964584350586,360.77410888671875,0.05006169827453343,-0.09011025455223814
2022-10-28,18.08706283569336,369.357177734375,0.048969030320836916,-0.5641118293405286
2022-10-31,18.026161193847656,366.6891174316406,0.04915924781216926,-0.47903920482934537
2022-11-01,18.278459548950195,365.0845947265625,0.05006636766648622,-0.08273118867967609
2022-11-02,17.947864532470703,355.9223937988281,0.05042634249817691,0.07262454352649274
2022-11-03,17.67816734313965,352.2574462890625,0.05018536167048955,-0.0340679154432561
2022-11-04,18.556856155395508,357.32763671875,0.05193232834101068,0.7240764410224838
2022-11-07,18.51335906982422,360.74560546875,0.05131970781949819,0.4525912756403612
2022-11-08,18.69605255126953,362.69195556640625,0.051548021025369616,0.5481519671972126
2022-11-09,18.313261032104492,355.21978759765625,0.05155473222918318,0.5466104574196641
2022-11-10,19.426847457885742,374.7406005859375,0.05184078647339061,0.6662715048728196
2022-11-11,19.835739135742188,378.3675537109375,0.052424524622151275,0.9141972388304187
2022-11-14,19.592147827148438,375.14886474609375,0.052224995643819126,0.8205601590092458
2022-11-15,19.90534019470215,378.3485412597656,0.05261111917710709,0.981501295325528
2022-11-16,19.76613998413086,375.4621276855469,0.05264483026816806,0.9883399308341753
2022-11-17,19.731342315673828,374.3133544921875,0.05271343402225755,1.010413306941846
2022-11-18,19.800939559936523,376.01287841796875,0.05266026962493071,0.9795963707337905
2022-11-21,19.583444595336914,374.6456298828125,0.05227191520013867,0.8030173951393497
2022-11-22,19.887941360473633,379.687255859375,0.05237979693434731,0.8436355270601752
2022-11-23,20.157636642456055,382.0798645019531,0.05275765230060432,1.0021825891357405
2022-11-25,20.24463653564453,381.99444580078125,0.052997201289682015,1.0994709681477703
2022-11-28,19.87923812866211,375.8988952636719,0.05288453458932872,1.0427125305235598
2022-11-29,20.070636749267578,375.2532958984375,0.05348557086277986,1.3010690060367187
2022-11-30,20.610031127929688,387.0740661621094,0.053245703935375664,1.186450679401596
2022-12-01,20.64482879638672,386.7891845703125,0.05337488642377951,1.2356294333613267
2022-12-02,20.5665283203125,386.3429870605469,0.053233859573305405,1.1645556524635663
2022-12-05,20.166336059570312,379.3929443359375,0.05315422007878411,1.121613969139452
2022-12-06,20.061939239501953,373.924072265625,0.05365244103688121,1.3370141055620173
2022-12-07,20.09673500061035,373.2879638671875,0.05383708275084002,1.4110907371833332
2022-12-08,20.18373680114746,376.2121887207031,0.053649874741649325,1.3173699269560504
2022-12-09,20.157636642456055,373.4018859863281,0.05398375690902138,1.4583238084508825
2022-12-12,20.201133728027344,378.7853088378906,0.053331354877527354,1.1550526638011918
2022-12-13,20.47591781616211,381.65264892578125,0.05365066343387019,1.2932060223155402
2022-12-14,20.422739028930664,379.2125549316406,0.05385565104143823,1.3787370405122517
2022-12-15,19.76679801940918,369.9363708496094,0.05343296733438788,1.1781215544866719
2022-12-16,19.68701934814453,365.5688171386719,0.053853114448425776,1.364452781404362
2022-12-19,19.669296264648438,362.4690246582031,0.05426476450834927,1.546322855085151
2022-12-20,19.545196533203125,362.9649353027344,0.053848718242993,1.3439409812600596
2022-12-21,19.855438232421875,368.39215087890625,0.053897560480186596,1.3580171015531606
2022-12-22,19.527469635009766,363.1365661621094,0.05377445141752104,1.2917848648257255
2022-12-23,19.78452491760254,365.2254638671875,0.05417071610537289,1.467456342073049
2022-12-27,19.86430549621582,363.7852478027344,0.054604483321400124,1.660075009363892
2022-12-28,19.59838104248047,359.26409912109375,0.054551459749042804,1.6248838279406037
2022-12-29,19.81111717224121,365.7309875488281,0.05416854969008133,1.435529174781969
2022-12-30,19.704748153686523,364.7676086425781,0.054020005304238665,1.3568880339981055
2023-01-03,19.474281311035156,363.23193359375,0.05361390205525213,1.1575186857009707
2023-01-04,19.988399505615234,366.0362243652344,0.054607708677681645,1.6232261340843368
2023-01-05,19.704748153686523,361.8584899902344,0.054454292765711544,1.538919594379748
2023-01-06,20.405006408691406,370.15667724609375,0.055125323040236304,1.8444418351540972
2023-01-09,20.39614486694336,369.94677734375,0.055132646413058255,1.8352992460237174
2023-01-10,20.422739028930664,372.54119873046875,0.05482008190913239,1.6732483265839575
2023-01-11,20.70638656616211,377.2530822753906,0.054887256165734054,1.694759953447588
2023-01-12,21.122997283935547,378.6265563964844,0.05578847264431259,2.1099139467305394
2023-01-13,21.282546997070312,380.095458984375,0.0559926368337518,2.1855031673352485
2023-01-17,21.388914108276367,379.399169921875,0.05637575357025879,2.339434950481699
2023-01-18,21.14958953857422,373.4091796875,0.05663917945529342,2.4355143321500843
2023-01-19,21.326866149902344,370.6908264160156,0.05753275945913972,2.8145121084711313
2023-01-20,21.610517501831055,377.596435546875,0.05723178363835035,2.631367624820754
2023-01-23,21.76120376586914,382.12701416015625,0.05694756706404597,2.4631628230588327
2023-01-24,21.82325553894043,381.7169189453125,0.057171307992420914,2.530341608071735
2023-01-25,22.035993576049805,381.8600158691406,0.05770699382048239,2.7354428151668273
2023-01-26,22.177812576293945,386.0567932128906,0.05744702066170874,2.580106737038891
2023-01-27,22.106903076171875,386.9438171386719,0.057132074727658105,2.4091172078515926
2023-01-30,21.88530158996582,382.08892822265625,0.057278031299594495,2.4505089292564586
2023-01-31,22.035993576049805,387.7069091796875,0.05683673170197995,2.2424828583947867
2023-02-01,22.266456604003906,391.8273620605469,0.05682721208368086,2.231247806237138
2023-02-02,22.106903076171875,397.5312194824219,0.05561048288221147,1.6788686616021768
2023-02-03,21.74347686767578,393.3058166503906,0.055283893467061404,1.5300067652211926
2023-02-06,21.539602279663086,390.90216064453125,0.05510228504275326,1.4438455457343056
2023-02-07,21.75234031677246,396.0146484375,0.05492812046876965,1.3611404501845983
2023-02-08,21.583921432495117,391.6842346191406,0.055105412791205476,1.440776281938181
2023-02-09,21.521879196166992,388.2887268066406,0.055427514914396216,1.5868083018175603
2023-02-10,21.42437171936035,389.1948547363281,0.055047931540294755,1.3998855986496752
2023-02-13,21.690292358398438,393.7635803222656,0.055084556932986486,1.410273250460101
2023-02-14,21.654836654663086,393.58245849609375,0.05501982160843179,1.3706417638489015
2023-02-15,21.22049903869629,394.86053466796875,0.053741757343615595,0.7453360319812454
2023-02-16,21.131858825683594,389.4237365722656,0.05426443444790413,0.9931981602856563
2023-02-17,20.998899459838867,388.450927734375,0.05405804944865014,0.8854720126702935
2023-02-21,20.79502296447754,380.658203125,0.05462912080643879,1.1566851157554923
2023-02-22,20.697521209716797,380.1336364746094,0.05444801307684138,1.0595665313369185
2023-02-23,20.70638656616211,382.1556396484375,0.05418312440766507,0.9220239999489944
2023-02-24,20.31636619567871,378.0733337402344,0.053736575374653706,0.697155872829473
2023-02-27,20.39614486694336,379.3610534667969,0.05376446707049359,0.7046263796708312
2023-02-28,20.28091049194336,377.9588623046875,0.05365904206684303,0.6466369997075964
2023-03-01,20.467056274414062,376.50909423828125,0.05436005819679107,0.9850686537795482
2023-03-02,20.47591781616211,379.43731689453125,0.05396390103046616,0.7825659002247113
2023-03-03,20.812753677368164,385.5226745605469,0.05398580952752623,0.7869710257106546
2023-03-06,20.6088809967041,385.78973388671875,0.05341998292457306,0.5011741086916093
2023-03-07,20.156814575195312,379.87603759765625,0.05306155845645705,0.32020921091484755
2023-03-08,20.31636619567871,380.4960021972656,0.05339442747980786,0.4826789632967422
2023-03-09,20.077037811279297,373.4759216308594,0.053757248187804946,0.6582331415808808
2023-03-10,19.72247886657715,368.0869445800781,0.053581033386220736,0.5663702712567118
2023-03-13,19.59838104248047,367.5622863769531,0.05331989099224769,0.4341723289093056
2023-03-14,19.873165130615234,373.6380920410156,0.05318827377063494,0.3667867185825639
2023-03-15,19.359050750732422,371.3013000488281,0.052138386663840394,-0.15430811860705024
2023-03-16,19.589519500732422,377.8157653808594,0.05184939670525684,-0.29892238239903157
2023-03-17,19.474281311035156,373.39813232421875,0.05215420117346968,-0.14835486428881506
2023-03-20,19.660429000854492,376.9886169433594,0.05215125369105872,-0.1507516828663265
2023-03-21,19.73134422302246,381.9386291503906,0.05166103325791937,-0.39381179882383377
2023-03-22,19.624971389770508,375.427978515625,0.052273598433883725,-0.0907424072287355
2023-03-23,19.536333084106445,376.4428405761719,0.051897209823952906,-0.2778530306508891
2023-03-24,19.518606185913086,378.9130554199219,0.05151209731816189,-0.4669154302461088
2023-03-27,19.624971389770508,379.62152099609375,0.05169615078269613,-0.37403805794076866
2023-03-28,19.81111717224121,378.76947021484375,0.05230389123232146,-0.07225068389294646
2023-03-29,19.997264862060547,384.2747497558594,0.052038976994365035,-0.20412222832063712
2023-03-30,20.254318237304688,386.5248718261719,0.05240107354957864,-0.025673399765971102
2023-03-31,20.334096908569336,391.9728088378906,0.05187629460537139,-0.28552208813025554
2023-04-03,20.679792404174805,393.4664306640625,0.052557958678388486,0.052469946007067156
2023-04-04,20.520240783691406,391.2834167480469,0.05244342056260639,-0.0036658202295543254
2023-04-05,20.467056274414062,390.2589111328125,0.052444814687264724,-0.0024282144114661664
2023-04-06,20.467056274414062,391.78125,0.05224103061188881,-0.10184730132541497
2023-04-10,20.431596755981445,392.1833801269531,0.05209704896053362,-0.17100502488157135
2023-04-11,20.6088809967041,392.2887878417969,0.052534973303940816,0.04727638029107352
2023-04-12,20.72411346435547,390.68975830078125,0.05304493661285215,0.30068195934274494
2023-04-13,20.998899459838867,395.87921142578125,0.05304370336651462,0.3010408033790465
2023-04-14,20.79502296447754,394.9121398925781,0.052657340364705145,0.11164618307154282
2023-04-17,20.786161422729492,396.3292541503906,0.05244669982105838,0.009102426027225618
2023-04-18,20.874799728393555,396.5877380371094,0.05263601903506221,0.10614124699592066
2023-04-19,20.812753677368164,396.52069091796875,0.052488442984363344,0.035294214711946166
2023-04-20,20.830480575561523,394.3568420410156,0.05282140020128019,0.20306318165292883
2023-04-21,20.6088809967041,394.6632385253906,0.05221890205357505,-0.09417486297349123
2023-04-24,20.679792404174805,395.074951171875,0.05234397256225486,-0.028927849931231
2023-04-25,20.307504653930664,388.80352783203125,0.05223076232658002,-0.08366972787332466
2023-04-26,20.24545669555664,387.15679931640625,0.05229265437492916,-0.05333836217918549
2023-04-27,20.493648529052734,394.8643493652344,0.051900478131280715,-0.24822306460221397
2023-04-28,20.511375427246094,398.2345275878906,0.05150576860194329,-0.4428268960863503
2023-05-01,20.44932746887207,397.8323669433594,0.051401869651755874,-0.49272924133925644
2023-05-02,20.254318237304688,393.36102294921875,0.05149040462994585,-0.44466345854214184
2023-05-03,20.1036319732666,390.6609802246094,0.051460557851741626,-0.4564576088613607
2023-05-04,20.085901260375977,387.8940124511719,0.051781931702037785,-0.29283845919494267
2023-05-05,20.653200149536133,395.074951171875,0.05227666317055642,-0.04413400632654301
2023-05-08,20.662063598632812,395.1802673339844,0.052285160233393906,-0.03859647326606822
2023-05-09,20.537967681884766,393.447265625,0.05220005189071459,-0.08061815411811171
2023-05-10,20.600013732910156,395.28558349609375,0.05211425509302372,-0.12293873353213976
2023-05-11,20.369550704956055,394.59613037109375,0.051621263203467625,-0.367958696995779
2023-05-12,20.289775848388672,394.0791015625,0.0514865562978116,-0.4322003601674703
2023-05-15,20.520240783691406,395.4387512207031,0.051892336601676664,-0.22900938907888432
2023-05-16,20.147953033447266,392.796142578125,0.051293663173996036,-0.5251868428346149
2023-05-17,20.31636619567871,397.5643005371094,0.05110208881489434,-0.6166100559959629
2023-05-18,20.22772789001465,401.39410400390625,0.0503936846312466,-0.9637022090528822
2023-05-19,20.387279510498047,400.81011962890625,0.05086518157119835,-0.7229001677358008
2023-05-22,20.387279510498047,400.9728698730469,0.05084453598307766,-0.7268305708508186
2023-05-23,20.139087677001953,396.47283935546875,0.05079563006066525,-0.7448569308881775
2023-05-24,19.749069213867188,393.6004943847656,0.05017541770301084,-1.0476843281415305
2023-05-25,19.554059982299805,397.009033203125,0.04925343845336436,-1.4986940182601007
2023-05-26,19.873165130615234,402.1505432128906,0.049417228115230395,-1.405224068815288
2023-05-30,19.72247886657715,402.3036804199219,0.04902385890676157,-1.5872881716176548
2023-05-31,19.385643005371094,400.0728454589844,0.04845528314507543,-1.850743848156458
2023-06-01,19.828845977783203,403.8739013671875,0.04909662622580689,-1.517274863617818
2023-06-02,20.13022232055664,409.7144775390625,0.04913231878323707,-1.4860319641547821
2023-06-05,19.988399505615234,408.9293212890625,0.04887983929009068,-1.5958586534334185
2023-06-06,20.121360778808594,409.8197326660156,0.04909807697133653,-1.4753243730780612
2023-06-07,19.910959243774414,408.40277099609375,0.04875324228386505,-1.629370861321611
2023-06-08,20.208948135375977,410.87298583984375,0.04918539021023233,-1.4046492398036567
2023-06-09,20.190889358520508,411.61016845703125,0.049053427018599695,-1.4558793528784957
2023-06-12,20.272159576416016,415.3442687988281,0.04880808789066217,-1.5604893433535725
2023-06-13,20.524995803833008,418.0825500488281,0.04909316545604661,-1.4095029875709133
2023-06-14,20.59723472595215,418.5804443359375,0.049207350712785695,-1.3429186119063568
2023-06-15,20.97649383544922,423.7699890136719,0.04949971536274237,-1.192913950036963
2023-06-16,21.066789627075195,422.32635498046875,0.04988272547672159,-1.001422755978962
2023-06-20,21.030672073364258,420.13531494140625,0.0500569014920759,-0.9107853124108499
2023-06-21,20.958431243896484,417.982666015625,0.05014186699099388,-0.8646088393102908
2023-06-22,20.51596450805664,419.49139404296875,0.04890675899290363,-1.4439670545355296
2023-06-23,20.010286331176758,416.3200988769531,0.04806466559062517,-1.8264309880318916
2023-06-26,20.028352737426758,414.6191101074219,0.048305425990224374,-1.697398845002759
2023-06-27,20.190889358520508,419.1646728515625,0.04816934886511928,-1.7462303355378714
2023-06-28,20.064470291137695,419.37615966796875,0.04784361206183792,-1.8800797281601032
2023-06-29,20.172832489013672,421.02899169921875,0.047913167232495606,-1.8278066529275176
2023-06-30,20.362457275390625,425.9974670410156,0.04779947969369053,-1.85982010196222
2023-07-03,20.4708194732666,426.4876403808594,0.04799862301985088,-1.7507279113904641
2023-07-05,20.29924774169922,425.8533020019531,0.04766723105414859,-1.883279880177625
2023-07-06,19.7935733795166,422.5185852050781,0.04684663366916601,-2.229323952155271
2023-07-07,19.956111907958984,421.451904296875,0.04735086424927314,-1.9834405031920153
2023-07-10,19.856781005859375,422.5185852050781,0.04699623093791597,-2.1170699443632857
2023-07-11,20.136707305908203,425.2094421386719,0.04735714993680949,-1.9385758406973437
2023-07-12,20.615293502807617,428.6306457519531,0.04809570595831267,-1.605781110313152
2023-07-13,21.157089233398438,432.03265380859375,0.04897104199621865,-1.2175910274738677
2023-07-14,21.039703369140625,431.7635803222656,0.0487296852444959,-1.3156024006017133
2023-07-17,20.94940185546875,433.2626953125,0.04835265551851526,-1.4711643548475895
2023-07-18,21.030672073364258,436.482177734375,0.04818220112107912,-1.5352698618929266
2023-07-19,20.940372467041016,437.4527587890625,0.047868877373198504,-1.6572045286177879
2023-07-20,20.967458724975586,434.55047607421875,0.048250916474417725,-1.483178507862395
2023-07-21,20.895221710205078,434.55047607421875,0.0480846825873372,-1.5445647616797429
2023-07-24,20.93134307861328,436.4917907714844,0.04795357787054333,-1.5899672580128936
2023-07-25,21.130001068115234,437.6833801269531,0.0482769098108919,-1.4431686526058254
2023-07-26,21.193208694458008,437.7506408691406,0.048413883877770084,-1.3753844386372183
2023-07-27,20.994552612304688,434.8484191894531,0.048280163123136155,-1.4212693917181882
2023-07-28,20.88619041442871,439.1056823730469,0.047565292941676454,-1.705323701812068
2023-07-31,21.09387969970703,439.9417724609375,0.04794698076000491,-1.5342116244182613
2023-08-01,20.678503036499023,438.68280029296875,0.04713771094442077,-1.8521306189187292
2023-08-02,20.172832489013672,432.5804138183594,0.04663371674863728,-2.036424436288174
2023-08-03,20.172832489013672,431.3407287597656,0.04676774332675849,-1.9607541880073032
2023-08-04,20.29021644592285,429.38983154296875,0.047253602566721294,-1.7493273184716245
2023-08-07,20.371488571166992,433.1378479003906,0.047032344714082464,-1.8230183882818844
2023-08-08,20.236040115356445,431.25421142578125,0.04692369275294385,-1.851155636891929
2023-08-09,20.272159576416016,428.37115478515625,0.04732382035990085,-1.6778438903502941
2023-08-10,20.263126373291016,428.5249328613281,0.04728575823579493,-1.680007616118756
2023-08-11,20.09156036376953,428.27508544921875,0.04691274614467812,-1.8106889809238869
2023-08-14,19.992231369018555,430.63916015625,0.046424554984188425,-1.9811558571339147
2023-08-15,19.748424530029297,425.6227111816406,0.04639889745357449,-1.971174964523423
2023-08-16,19.53170394897461,422.49945068359375,0.046228945191225196,-2.0185333624081427
2023-08-17,19.360136032104492,419.2800598144531,0.04617471205444892,-2.020132942315352
2023-08-18,19.37819480895996,419.4817810058594,0.04619555767712659,-1.994610071282269
2023-08-21,19.42334747314453,422.2111511230469,0.04600387133660498,-2.04789159618918
2023-08-22,19.324018478393555,421.0675048828125,0.0458929227601442,-2.069525965946896
2023-08-23,19.64006233215332,425.7572326660156,0.04612972094254457,-1.9617281611831578
2023-08-24,19.287899017333984,419.8565673828125,0.045939257631637476,-2.0110512787825665
2023-08-25,19.4323787689209,422.8164978027344,0.04595936740857047,-1.9830089142768426
2023-08-28,19.603944778442383,425.4977722167969,0.04607296690722486,-1.921933097130228
2023-08-29,19.974170684814453,431.6482849121094,0.04627418058404082,-1.8298199537934288
2023-08-30,20.09156036376953,433.4261169433594,0.046355213906953185,-1.782385204504795
2023-08-31,20.055437088012695,432.7918395996094,0.046339684007366384,-1.7702638285121404
2023-09-01,20.09156036376953,433.5990905761719,0.04633672164088632,-1.7538587287093248
2023-09-05,19.910959243774414,431.72515869140625,0.04611952498697582,-1.8130094211530197
2023-09-06,19.73939323425293,428.82281494140625,0.04603158355030642,-1.8246708614443674
2023-09-07,19.64006233215332,427.5062561035156,0.04594099396617417,-1.8376211167970662
2023-09-08,19.594913482666016,428.1501770019531,0.04576644956654223,-1.8806077576089089
2023-09-11,19.910959243774414,430.9659729003906,0.04620076872838507,-1.7165559300580764
2023-09-12,19.865812301635742,428.60174560546875,0.04635028322988301,-1.6505992334185051
2023-09-13,19.775514602661133,429.1015625,0.0460858601573168,-1.7245516732911912
2023-09-14,20.16379737854004,432.8013916015625,0.04658903083450077,-1.5412053962680792
2023-09-15,20.082530975341797,427.5869140625,0.04696713186224018,-1.403720687270011
2023-09-18,20.01932144165039,427.83770751953125,0.04679185843088991,-1.4517127575513507
2023-09-19,20.010286331176758,426.9503479003906,0.046867947126829006,-1.4158509120896186
2023-09-20,19.910959243774414,423.02532958984375,0.04706800716420374,-1.3397325070316002
2023-09-21,19.278867721557617,416.03338623046875,0.046339713012545976,-1.5685963777968375
2023-09-22,19.540735244750977,415.0979309082031,0.0470750003547291,-1.3164605148924264
2023-09-25,19.52267837524414,416.843505859375,0.04683455085859068,-1.3852902831179303
2023-09-26,19.26983642578125,410.71954345703125,0.04691726199242142,-1.3501199413269018
2023-09-27,19.188568115234375,410.8834533691406,0.04670075652327432,-1.4118343588691182
2023-09-28,19.53170394897461,413.26556396484375,0.04726187142618096,-1.2228895141567389
2023-09-29,19.42334747314453,412.2626037597656,0.04711401736661746,-1.2636306995048194
2023-10-02,19.026029586791992,412.0986022949219,0.046168634110474005,-1.5572257098143183
2023-10-03,18.773191452026367,406.5822448730469,0.046173170837521926,-1.5431691982237903
2023-10-04,18.872520446777344,409.5429992675781,0.04608190221912897,-1.55939851875935
2023-10-05,19.044090270996094,409.3887023925781,0.046518358126878656,-1.4091572833637662
2023-10-06,19.34207534790039,414.24920654296875,0.04669188266965117,-1.3442442736338194
2023-10-09,19.37819480895996,416.9013671875,0.04648148539231027,-1.4009048760138965
2023-10-10,19.622005462646484,419.0712890625,0.04682259552197591,-1.2837195669389272
2023-10-11,19.622005462646484,420.78790283203125,0.04663158168422711,-1.3341364054598315
2023-10-12,19.16147804260254,418.22259521484375,0.04581645817763423,-1.5768054252843071
2023-10-13,19.107297897338867,416.1394958496094,0.045915607838012434,-1.5330376834301085
2023-10-16,19.405284881591797,420.51788330078125,0.04614615846839479,-1.4501470117753261
2023-10-17,19.486555099487305,420.49853515625,0.04634155287187014,-1.3797565779684289
2023-10-18,19.170509338378906,414.8953552246094,0.046205649441413206,-1.4117608838080618
2023-10-19,18.95379066467285,411.2499694824219,0.04608824819738496,-1.4380640383709744
2023-10-20,18.62871551513672,406.19647216796875,0.04586134245753234,-1.4966818309075707
2023-10-23,18.66483497619629,405.4924621582031,0.04603004178389435,-1.4347324217613115
2023-10-24,18.890581130981445,408.54962158203125,0.04623815598661244,-1.3621477135186617
2023-10-25,18.646772384643555,402.68603515625,0.04630598222113227,-1.3344535819011345
2023-10-26,18.610654830932617,397.8640441894531,0.046776417981793494,-1.18689018411494
2023-10-27,18.55647087097168,396.0605773925781,0.04685260773272663,-1.1571093551940537
2023-10-30,18.782222747802734,400.7958679199219,0.04686231633394829,-1.147436121154466
2023-10-31,18.728042602539062,403.3129577636719,0.04643550930370325,-1.2688055362224648
2023-11-01,19.07118034362793,407.6141662597656,0.04678733449973912,-1.1582871939715977
2023-11-02,19.45946502685547,415.42578125,0.04684221804506859,-1.1352591081141856
2023-11-03,19.694242477416992,419.2159729003906,0.046978750215933486,-1.088039596811911
2023-11-06,19.612972259521484,420.1802978515625,0.04667751524715749,-1.1700584465648822
2023-11-07,19.387226104736328,421.3760986328125,0.046009316066192865,-1.3560854498644095
2023-11-08,19.4323787689209,421.684814453125,0.0460827094144293,-1.3237835128074271
2023-11-09,19.324018478393555,418.39617919921875,0.04618593438252325,-1.2831748325152115
2023-11-10,19.30595588684082,424.9251708984375,0.04543377801324739,-1.489865780252346
2023-11-13,19.405284881591797,424.52008056640625,0.045711111841166,-1.3968442905490972
2023-11-14,20.037382125854492,432.7561340332031,0.04630178650296642,-1.2153581497567303
2023-11-15,20.037382125854492,433.67230224609375,0.04620397019149262,-1.2336292415911512
2023-11-16,19.847749710083008,434.2027282714844,0.045710789955408206,-1.3642057083627301
2023-11-17,20.055437088012695,434.7427673339844,0.04613173258982689,-1.2326795385751936
2023-11-20,20.190889358520508,438.08929443359375,0.0460885249082047,-1.2348400697828696
2023-11-21,20.16379737854004,437.134521484375,0.046127213449237446,-1.213741060554058
2023-11-22,20.09156036376953,438.82220458984375,0.04578519535616621,-1.300647343962821
2023-11-24,20.272159576416016,439.09222412109375,0.04616834109734842,-1.1817087554026529
2023-11-27,20.100589752197266,438.30145263671875,0.04586019423681312,-1.2589153755936588
2023-11-28,20.326337814331055,438.73541259765625,0.04632937581669841,-1.1165520615528859
2023-11-29,20.227006912231445,438.4267883300781,0.04613542659944207,-1.162151003339344
2023-11-30,20.272159576416016,440.1531066894531,0.04605706348159186,-1.1747524101916926
2023-12-01,20.705595016479492,442.7569580078125,0.04676514878420982,-0.9666061001384754
2023-12-04,20.362457275390625,440.4327392578125,0.04623284206733601,-1.108329959519577
2023-12-05,20.172832489013672,440.345947265625,0.045811327694234544,-1.2174357920747947
2023-12-06,20.353425979614258,438.5715026855469,0.04640845530314253,-1.0405233892403163
2023-12-07,20.534027099609375,441.91796875,0.04646569850438872,-1.0162701484156413
2023-12-08,20.606264114379883,443.81781005859375,0.04642955655984018,-1.0183673190288254
2023-12-11,20.59723472595215,445.5440368652344,0.04622940275639304,-1.0663365213989133
2023-12-12,20.65141487121582,447.5790100097656,0.046140266655411814,-1.0828922061324295
2023-12-13,21.328659057617188,453.75115966796875,0.047005189084749405,-0.8320461109992179
2023-12-14,21.662763595581055,455.2073974609375,0.04758877759107592,-0.6613506263154381
2023-12-15,21.51828384399414,454.4579162597656,0.04734934319351675,-0.722771569557192
2023-12-18,21.671796798706055,457.0142822265625,0.04742039284444588,-0.6966193509077718
2023-12-19,22.1413516998291,459.7933044433594,0.04815501114491899,-0.48301957337004686
2023-12-20,21.83547019958496,453.42181396484375,0.0481570791856035,-0.47683032017307125
2023-12-21,22.277706146240234,457.7210998535156,0.04867091806204644,-0.32544339917700815
2023-12-22,22.332984924316406,458.64105224609375,0.04869382017799218,-0.31380515218491056
2023-12-26,22.51725196838379,460.5776062011719,0.04888915931911085,-0.25298348380289043
2023-12-27,22.627811431884766,461.4104309082031,0.04904052859695002,-0.20435351686183356
2023-12-28,22.563318252563477,461.5846862792969,0.048882293809268194,-0.2442809584034579
2023-12-29,22.425119400024414,460.2484130859375,0.04872394724767296,-0.28440295398357374
2024-01-02,22.25006675720215,457.6727294921875,0.04861567081326824,-0.31039065528514964
2024-01-03,22.01973533630371,453.9350280761719,0.04850856174203134,-0.33618003090673587
2024-01-04,21.946027755737305,452.4728698730469,0.048502416867324746,-0.33286820518860855
2024-01-05,21.927602767944336,453.0926513671875,0.0483954058883514,-0.35837797993587495
2024-01-08,22.084228515625,459.5609436035156,0.04805505955849477,-0.45249859212593985
2024-01-09,21.85389518737793,458.8637390136719,0.047626110606065544,-0.5728165839420847
2024-01-10,21.81704330444336,461.4588317871094,0.047278417491657176,-0.6695879591311237
2024-01-11,21.798616409301758,461.2555236816406,0.04725930702208176,-0.6690727856899646
2024-01-12,21.844682693481445,461.574951171875,0.0473264041690755,-0.6428819298772969
2024-01-16,21.282672882080078,459.88043212890625,0.04627870941052448,-0.9509717105191379
2024-01-17,21.052339553833008,457.32415771484375,0.046033736024414906,-1.018838350789499
2024-01-18,21.245819091796875,461.39105224609375,0.04604731493679882,-1.0093418502240394
2024-01-19,21.448511123657227,467.1427917480469,0.04591425042308148,-1.0451336243357132
2024-01-22,21.448511123657227,468.1304626464844,0.04581737963046081,-1.0720391104064875
2024-01-23,21.632776260375977,469.4958190917969,0.04607661108084604,-0.9879113286336585
2024-01-24,21.651201248168945,470.009033203125,0.04606550027478278,-0.9876565381663335
2024-01-25,21.780187606811523,472.56536865234375,0.046089258865760735,-0.976983229032781
2024-01-26,21.826255798339844,471.96502685546875,0.046245493959076255,-0.9247724126602661
2024-01-29,21.982885360717773,475.7026672363281,0.0462113981584987,-0.9336966222922407
2024-01-30,21.927602767944336,475.3347473144531,0.04613086438942437,-0.9578849372650111
2024-01-31,21.761764526367188,467.5785217285156,0.046541411795220256,-0.8179942647199089
2024-02-01,21.87232208251953,473.6982727050781,0.046173531428807035,-0.9402287082259442
2024-02-02,21.743337631225586,478.68511962890625,0.04542304897232192,-1.1967499871979894
2024-02-05,21.522218704223633,476.9421081542969,0.04512543207290248,-1.2956947059611057
2024-02-06,21.770977020263672,478.3268737792969,0.045514852318979136,-1.1545626095683985
2024-02-07,21.697267532348633,482.3162536621094,0.04498556158455492,-1.335764706622824
2024-02-08,21.669631958007812,482.52935791015625,0.044908421845790684,-1.3572090886113595
2024-02-09,21.78940200805664,485.31805419921875,0.044897159336075895,-1.3560486672429608
2024-02-12,21.770977020263672,485.1050109863281,0.04487889534679997,-1.358751299932245
2024-02-13,21.17211151123047,478.4236145019531,0.044253901499554923,-1.5793365294351374
2024-02-14,21.53143310546875,482.7714538574219,0.04459964012666682,-1.4483399660732819
2024-02-15,21.881532669067383,486.1023254394531,0.045014252193271716,-1.2918035586012533
2024-02-16,21.863107681274414,483.68157958984375,0.04520144781989438,-1.2155016372266507
2024-02-20,21.881532669067383,481.018798828125,0.04548997403506047,-1.1027803147058515
2024-02-21,21.770977020263672,481.4544982910156,0.045219178754259313,-1.1984372343459864
2024-02-22,21.982885360717773,491.4184265136719,0.04473353902635188,-1.3769164379687202
2024-02-23,22.028945922851562,491.7572937011719,0.04479637863030453,-1.3481315270063414
2024-02-26,21.955242156982422,489.9562072753906,0.044810621502427456,-1.337226731054078
2024-02-27,22.10265350341797,490.8664245605469,0.04502783730463047,-1.2474320048875165
2024-02-28,21.844682693481445,490.21771240234375,0.04456118606247449,-1.4214289093491477
2024-02-29,22.038162231445312,491.9799499511719,0.04479483815068594,-1.3240771009206127
2024-03-01,22.28692054748535,496.598876953125,0.04487911991309046,-1.2872900389851762
2024-03-04,22.130294799804688,496.0662841796875,0.04461156806171602,-1.387782080937144
2024-03-05,22.06580352783203,491.1085205078125,0.04493060618255148,-1.2564971401604668
2024-03-06,22.4527587890625,493.5971374511719,0.04548802471789779,-1.0277676371969444
2024-03-07,22.812076568603516,498.4967956542969,0.04576173160483762,-0.9115899587202659
2024-03-08,22.821290969848633,495.504638671875,0.0460566646379288,-0.7864889315804433
2024-03-11,22.489612579345703,495.07861328125,0.045426346394344334,-1.0408548415191574
2024-03-12,22.489612579345703,500.4043273925781,0.04494288188219865,-1.2364720405743865
2024-03-13,22.65545082092285,499.6199645996094,0.04534536733150508,-1.063931524396174
2024-03-14,22.222429275512695,498.63232421875,0.04456676431944215,-1.3854527651726092
2024-03-15,22.139509201049805,495.2084045410156,0.04470745851248189,-1.3176288478255624
2024-03-18,22.185575485229492,498.1515197753906,0.04453579805444065,-1.3810192772111423
2024-03-19,22.222429275512695,500.9197998046875,0.04436324793744905,-1.4452317295606607
2024-03-20,22.498823165893555,505.5530090332031,0.04450339086878208,-1.3770409105296313
2024-03-21,22.498823165893555,507.2236022949219,0.04435681435977768,-1.4296423132852418
2024-03-22,22.35141372680664,506.2619934082031,0.044149894753771325,-1.509295330112456
2024-03-25,22.44354820251465,504.86334228515625,0.04445469956469549,-1.36955665068954
2024-03-26,22.369840621948242,503.93084716796875,0.04439069516713271,-1.387412865783078
2024-03-27,22.719942092895508,508.1658935546875,0.04470969496588312,-1.2416325577686045
2024-03-28,22.719942092895508,508.0687255859375,0.04471824567964385,-1.2315456294750782
2024-04-01,22.646238327026367,507.1847229003906,0.044650868420329004,-1.2538398627500358
2024-04-02,22.590957641601562,503.9600830078125,0.04482687895987856,-1.1712201338409869
2024-04-03,22.63702392578125,504.5136413574219,0.04486900267924388,-1.1460223065842812
2024-04-04,22.508037567138672,498.3555603027344,0.045164616109561996,-1.0104949748778342
2024-04-05,22.627811431884766,503.56170654296875,0.04493552853180257,-1.1078868844491017
2024-04-08,22.756797790527344,503.8434753417969,0.04516640366353778,-0.9994345534186431
2024-04-09,22.894996643066406,504.42633056640625,0.045388187046775004,-0.8938702073904967
2024-04-10,22.37905502319336,499.3753967285156,0.04481409210345957,-1.1510659805627168
2024-04-11,22.4343318939209,503.1441345214844,0.044588280682745285,-1.251169412989784
2024-04-12,22.01973533630371,496.1991882324219,0.04437680644892464,-1.3479900752760232
2024-04-15,21.863107681274414,489.9827575683594,0.04462015722711265,-1.2327343401051458
2024-04-16,21.411657333374023,489.089111328125,0.04377864245480852,-1.6291475071951083
2024-04-17,21.651201248168945,486.194580078125,0.04453196751944435,-1.2654267482666224
2024-04-18,21.466938018798828,485.1941223144531,0.044244019108059515,-1.4030354798357347
2024-04-19,21.522218704223633,480.9591369628906,0.044748539013376144,-1.1544407469885525
2024-04-22,21.78940200805664,485.3883972167969,0.04489065279062385,-1.0836995124111801
2024-04-23,21.982885360717773,491.1483154296875,0.044758140606642946,-1.1477855551886682
2024-04-24,21.85389518737793,490.9151916503906,0.04451664067251226,-1.2689749184329293
2024-04-25,21.724910736083984,489.0502624511719,0.04442265428341951,-1.3158801115496803
2024-04-26,21.85389518737793,493.6834716796875,0.04426701812200269,-1.396159691202474
2024-04-29,22.047374725341797,495.4318542480469,0.044501326542284426,-1.2712057331422242
2024-04-30,21.503793716430664,487.5835876464844,0.04410278414051477,-1.4781699279102904
2024-05-01,21.54985809326172,486.00030517578125,0.04434124395347316,-1.3468612280381052
2024-05-02,21.946027755737305,490.5460510253906,0.04473795622218021,-1.1301898947112996
2024-05-03,22.259279251098633,496.6265869140625,0.044820957712742096,-1.0821022676456782
2024-05-06,22.498823165893555,501.7551574707031,0.04484024295695901,-1.0701822617243588
2024-05-07,22.692304611206055,502.3088073730469,0.04517600384090675,-0.8829472160996507
2024-05-08,22.572532653808594,502.3572998046875,0.044933223151300106,-1.0223985692603788
2024-05-09,22.563318252563477,505.2519226074219,0.0446575604029815,-1.1850769646716701
2024-05-10,22.55410385131836,505.9028015136719,0.04458189158833674,-1.233754401344612
2024-05-13,22.590957641601562,505.970703125,0.0446487464631336,-1.195220878520121
2024-05-14,22.719942092895508,508.2919921875,0.04469860324794281,-1.1660346903485086
2024-05-15,23.051620483398438,514.5863037109375,0.04479641280220976,-1.1096650134782826
2024-05-16,23.15296745300293,513.5275268554688,0.04508612731001523,-0.9270516364302149
2024-05-17,23.254314422607422,514.2656860351562,0.04521848346890815,-0.8408281830093913
2024-05-20,23.116113662719727,514.8582153320312,0.044898018472546236,-1.0457890769572755
2024-05-21,23.143754959106445,516.1209716796875,0.044841725543115135,-1.0825103166140044
2024-05-22,22.70151710510254,514.634765625,0.044111899586753725,-1.5697243240157754
2024-05-23,22.572532653808594,510.8758239746094,0.044183990696984816,-1.5229274122542626
2024-05-24,22.766008377075195,514.2559814453125,0.04426979791871648,-1.4615452194627796
2024-05-28,22.68309211730957,514.6153564453125,0.04407775989040093,-1.5840855109907972
2024-05-29,22.296133041381836,511.01177978515625,0.04363134848037311,-1.8799822800581876
2024-05-30,22.508037567138672,507.62188720703125,0.04434016368163194,-1.3808746286508167
2024-05-31,22.710729598999023,512.245361328125,0.04433564715962628,-1.3734670629818229
2024-06-03,22.858144760131836,512.6630859375,0.04458706972890677,-1.1919867976705512
2024-06-04,22.710729598999023,513.236083984375,0.044250064069326876,-1.419084062079749
2024-06-05,22.98712921142578,519.3359375,0.0442625428967657,-1.4013640107755094
2024-06-06,23.125329971313477,519.3262939453125,0.04452948029191967,-1.2072748080040352
2024-06-07,22.793651580810547,518.6949462890625,0.043944233009950935,-1.608811536176559
2024-06-10,22.821290969848633,520.2974853515625,0.043862005126602516,-1.6575201520633502
2024-06-11,22.585573196411133,521.5505981445312,0.04330466358731364,-2.0363807000251413
2024-06-12,22.914260864257812,525.8341674804688,0.04357697213562853,-1.8290762859023362
2024-06-13,22.782787322998047,526.8928833007812,0.043239884320077825,-2.0522331181724263
2024-06-14,22.623138427734375,527.2134399414062,0.042910777142268375,-2.2662554911091912
2024-06-17,22.688875198364258,531.4096069335938,0.04269564362843654,-2.3997483333334784
2024-06-18,22.94243812561035,532.7596435546875,0.04306339341421104,-2.1316958424533734
2024-06-20,22.970609664916992,531.3123779296875,0.043233718277794125,-2.0078286553019553
2024-06-21,22.886089324951172,530.6001586914062,0.04313245850018974,-2.0794702453195306
2024-06-24,22.970609664916992,528.8753051757812,0.043432940506235765,-1.849570464606136
2024-06-25,23.026954650878906,530.9119262695312,0.043372456920827716,-1.8753995751798143
2024-06-26,22.76400375366211,531.5745849609375,0.042823724831266924,-2.2477444185181175
2024-06-27,22.970609664916992,532.4126586914062,0.043144371738597365,-1.9961916322136644
2024-06-28,22.94243812561035,530.3175048828125,0.04326170249778966,-1.892266681221761
2024-07-01,22.8579158782959,531.4089965820312,0.04301379168458888,-2.047501406971187
2024-07-02,22.93304443359375,534.9850463867188,0.042866701767616124,-2.1272146972188253
2024-07-03,23.280515670776367,537.3726196289062,0.043322854236327125,-1.7866032234477824
2024-07-05,23.43077278137207,540.4713134765625,0.04335248180084611,-1.7485602587837363
2024-07-08,23.224164962768555,541.094970703125,0.04292068161821935,-2.0283181858131387
2024-07-09,23.26173210144043,541.6211547851562,0.0429483447903131,-1.9854785176339609
2024-07-10,23.609203338623047,546.980712890625,0.04316277115852159,-1.815568626349149
2024-07-11,23.72189712524414,542.2643432617188,0.0437460021482456,-1.398206580830286
2024-07-12,24.069364547729492,545.6845703125,0.044108567214839085,-1.1386948876306928
2024-07-15,23.984848022460938,547.185302734375,0.04383313642125383,-1.3249238621375172
2024-07-16,24.031801223754883,550.4302368164062,0.043660031038176034,-1.4389344854260324
2024-07-17,23.862760543823242,542.7125854492188,0.043969425407872846,-1.2138524817883147
2024-07-18,23.581029891967773,538.5418090820312,0.04378681375205149,-1.3341318387527867
2024-07-19,23.43077278137207,534.965576171875,0.043798655137847926,-1.3161425614597655
2024-07-22,23.505901336669922,540.4810791015625,0.04349070160928408,-1.5245268287758116
2024-07-23,23.37442398071289,539.6333618164062,0.04331537972751456,-1.636901075582729
2024-07-24,22.961219787597656,527.4038696289062,0.043536312700461814,-1.469033620288956
2024-07-25,22.848526000976562,524.6558837890625,0.04354954686863437,-1.450744200108524
2024-07-26,23.17721176147461,530.5319213867188,0.0436867431103738,-1.3455226049197448
2024-07-29,23.017562866210938,530.84375,0.043360335063210104,-1.5701233415441547
2024-07-30,23.167821884155273,528.1541748046875,0.04386564187005202,-1.1974436624481064
2024-07-31,23.496511459350586,536.7390747070312,0.043776413096392706,-1.253559680603871
2024-08-01,22.94243812561035,529.1385498046875,0.043358092382569234,-1.5420921257585936
2024-08-02,22.55739974975586,519.2867431640625,0.04343919818232124,-1.470018313947961
2024-08-05,21.796720504760742,504.16314697265625,0.043233466459504835,-1.6024058114858284
2024-08-06,22.172365188598633,508.8113098144531,0.043576793127267886,-1.3453236289123143
2024-08-07,22.125410079956055,505.4104309082031,0.04377711405796976,-1.1921515655863668
2024-08-08,22.64192008972168,517.0941162109375,0.04378684533413912,-1.1756607996866653
2024-08-09,22.810962677001953,519.37451171875,0.04392006569886216,-1.0720750401027686
2024-08-12,22.773395538330078,519.647216796875,0.043824723393509436,-1.1317824025916365
2024-08-13,23.1302547454834,528.193115234375,0.04379128405568069,-1.1465800577603686
2024-08-14,22.989391326904297,529.8595581054688,0.043387707129609335,-1.4233589694752105
2024-08-15,23.195995330810547,538.9414672851562,0.04303991572156656,-1.6553300871273449
2024-08-16,23.43077278137207,540.1497802734375,0.04337828809170453,-1.4017388422340542
2024-08-19,23.853370666503906,545.3143310546875,0.04374242397108713,-1.1341406309297533
2024-08-20,23.72189712524414,544.4275512695312,0.04357218342445729,-1.2444697207326858
2024-08-21,23.97545623779297,546.2985229492188,0.04388709694538495,-1.0142130723466556
2024-08-22,23.731287002563477,542.0109252929688,0.043783779800630765,-1.0790723880871032
2024-08-23,24.322925567626953,547.7699584960938,0.04440354055634178,-0.6374843513749637
2024-08-26,24.294754028320312,546.4642333984375,0.04445808626345458,-0.5947325018069691
2024-08-27,24.2477970123291,547.2145385742188,0.044311317231277056,-0.6931172352583923
2024-08-28,24.21962547302246,544.037841796875,0.0445182735690383,-0.5431104117518835
2024-08-29,24.46379280090332,544.0864868164062,0.04496305898727137,-0.22657227953618236
2024-08-30,24.294754028320312,549.2803955078125,0.04423014953202488,-0.7369841162229244
2024-09-03,23.947280883789062,537.9767456054688,0.04451359855124866,-0.5324828712668054
2024-09-04,23.91910743713379,536.8755493164062,0.04455242461235113,-0.5004399757820515
2024-09-05,24.022409439086914,535.5698852539062,0.044853921216459404,-0.28439994179018113
2024-09-06,23.590421676635742,526.55615234375,0.04480134088573953,-0.3181889649169798
2024-09-09,24.003629684448242,532.4514770507812,0.04508134678751009,-0.11814076595799052
2024-09-10,23.900325775146484,534.7706909179688,0.04469266207188733,-0.38966198401053614
2024-09-11,24.05058479309082,540.2569580078125,0.044516936684678536,-0.509261424049965
2024-09-12,24.46379280090332,544.8076171875,0.04490354398346069,-0.23229150826231568
2024-09-13,24.379270553588867,547.653076171875,0.04451590178950752,-0.5022142157802036
2024-09-16,24.745525360107422,548.4619140625,0.04511803778099265,-0.07217310214937049
2024-09-17,24.604658126831055,548.68603515625,0.04484287288234765,-0.26202265790829105
2024-09-18,24.557701110839844,547.0587158203125,0.04489043022377527,-0.22338960605972447
2024-09-19,25.186906814575195,556.3938598632812,0.04526812503064681,0.05045484152470486
2024-09-20,24.895784378051758,555.4320068359375,0.04482237982624114,-0.2626531475687659
2024-09-23,25.027259826660156,556.8200073242188,0.04494676825088932,-0.16970356907032813
2024-09-24,25.243249893188477,558.4132690429688,0.04520531887870677,0.02136948552658841
2024-09-25,24.830045700073242,557.1817016601562,0.04456364167396495,-0.43571863794853594
2024-09-26,25.327770233154297,559.3907470703125,0.045277420775733226,0.08500552668129643
2024-09-27,25.40290069580078,558.5794067382812,0.04547768927633085,0.23425301484833186
2024-09-30,25.459247589111328,560.8178100585938,0.04539664599177292,0.18158511179508532
2024-10-01,25.271427154541016,555.793701171875,0.04546907800728389,0.24018897694940816
2024-10-02,25.262033462524414,556.0282592773438,0.04543300280341301,0.2161127814095729
2024-10-03,25.00847625732422,555.0118408203125,0.04505935624789818,-0.05485098361285164
2024-10-04,24.848825454711914,560.0553588867188,0.04436851654112649,-0.5575008380969193
2024-10-07,24.76430892944336,554.9921875,0.044621004560435114,-0.367110244068136
2024-10-08,24.689178466796875,560.2411499023438,0.04406884155349972,-0.7670721133975617
2024-10-09,24.623437881469727,564.1214599609375,0.04364917775539823,-1.067931710300621
2024-10-10,24.717350006103516,563.1343383789062,0.04389245748582355,-0.8815300850045779
2024-10-11,24.886390686035156,566.5064086914062,0.04392958368029964,-0.8471951530613708
2024-10-14,24.914566040039062,571.1396484375,0.04362254679428979,-1.0659272990533306
2024-10-15,24.76430892944336,566.7020263671875,0.04369899484601037,-1.0017924967719403
2024-10-16,24.848825454711914,569.1652221679688,0.04365836928697424,-1.0236271267691752
2024-10-17,24.848825454711914,569.2140502929688,0.04365462419967053,-1.0182674406043024
2024-10-18,24.942737579345703,571.403564453125,0.043651701058633974,-1.012377775559544
2024-10-21,24.61404800415039,570.4652099609375,0.0431473253309099,-1.3714154632799516
2024-10-22,24.548311233520508,570.1621704101562,0.04305496314471591,-1.4262959437890184
2024-10-23,24.266578674316406,564.9523315429688,0.04295332069528906,-1.486782648052543
2024-10-24,24.407445907592773,566.1741943359375,0.04310942842638762,-1.3610961994206996
2024-10-25,24.21962547302246,565.9786987304688,0.042792468210109035,-1.576626057542916
2024-10-28,24.322925567626953,567.7284545898438,0.042842533910334095,-1.5271160754682027
2024-10-29,24.153884887695312,568.6470947265625,0.04247605432559162,-1.7755213157456997
2024-10-30,24.022409439086914,566.9268188476562,0.04237303412090332,-1.8318532596403834
2024-10-31,23.806415557861328,555.8132934570312,0.04283167718028275,-1.4880348362836404
2024-11-01,23.900325775146484,558.1591796875,0.04281990988400067,-1.4840894498696435
2024-11-04,23.928497314453125,556.95703125,0.04296291450123088,-1.3705457937151104
2024-11-05,24.294754028320312,563.6914672851562,0.04309938226549428,-1.2631889280014725
2024-11-06,24.144493103027344,577.7080688476562,0.041793588154633056,-2.175706003311386
2024-11-07,24.858217239379883,582.1749877929688,0.04269887535639007,-1.5138946626870657
2024-11-08,24.360490798950195,584.6967163085938,0.04166346435592621,-2.2210702521477033
2024-11-11,24.35110092163086,585.25390625,0.041607754619973306,-2.2294214106544397
2024-11-12,23.947280883789062,583.4358520507812,0.041045267958104044,-2.5778504351326745
2024-11-13,23.95667266845703,583.7193603515625,0.041041422121117256,-2.5365865324468753
2024-11-14,24.003629684448242,579.9659423828125,0.04138799872597415,-2.267699558078243
2024-11-15,24.013017654418945,572.5374145507812,0.04194139464799834,-1.871340099490373
2024-11-18,24.34170913696289,574.8833618164062,0.04234199622694354,-1.5853446029715441
2024-11-19,24.548311233520508,576.9847412109375,0.04254585863397381,-1.4354697766781883
2024-11-20,24.398054122924805,577.18017578125,0.042271122860206505,-1.604090351764384
2024-11-21,24.642221450805664,580.2786865234375,0.04246618396143757,-1.4605215639987463
2024-11-22,24.717350006103516,582.0772094726562,0.04246404017174399,-1.448692688386406
2024-11-25,24.717350006103516,584.0516967773438,0.042320483173814726,-1.5299148410705883
2024-11-26,24.388662338256836,587.1012573242188,0.04154081094871259,-2.0214294782870774
2024-11-27,24.651613235473633,585.3223266601562,0.042116304320963645,-1.6270341793032759
2024-11-29,24.82065200805664,588.9584350585938,0.04214329998616508,-1.594029327319007
2024-12-02,24.754915237426758,590.0139770507812,0.04195648950752934,-1.6989691640517703
2024-12-03,24.689178466796875,590.2877197265625,0.04182566846932472,-1.7676877760472058
2024-12-04,24.53891944885254,593.9531860351562,0.04131456826195065,-2.0744927561692736
2024-12-05,24.50135612487793,592.9756469726562,0.04131932946987915,-2.0454205657930338
2024-12-06,24.135103225708008,594.0997314453125,0.040624666109497595,-2.45399075662394
2024-12-09,24.43562126159668,591.0403442382812,0.04134340658773256,-1.9746142382432543
2024-12-10,24.022409439086914,589.2027587890625,0.040771040326522054,-2.305148941698115
2024-12-11,24.069364547729492,593.7576293945312,0.04053735624799229,-2.4153002464400264
2024-12-12,23.66554832458496,590.6983032226562,0.04006368089339937,-2.662820224137101
2024-12-13,23.571638107299805,590.5810546875,0.039912621510983785,-2.7118834170188535
2024-12-16,23.618593215942383,593.1026611328125,0.039822099551587595,-2.728155773264768
2024-12-17,23.682573318481445,590.6591796875,0.040095158312804316,-2.5297233694317462
2024-12-18,22.899520874023438,573.055419921875,0.03996039489015799,-2.5763791370567275
2024-12-19,22.75628089904785,572.87939453125,0.039722638161332084,-2.6880740732297768
2024-12-20,22.698984146118164,579.7603759765625,0.03915235515687571,-2.9845215966973506
2024-12-23,23.014114379882812,583.2321166992188,0.03945961431296062,-2.7771299367737807
2024-12-24,23.10961151123047,589.7147216796875,0.03918778124684973,-2.9071315025406665
2024-12-26,23.22420310974121,589.75390625,0.039379481617026105,-2.7729948714889074
2024-12-27,22.97591781616211,583.5458984375,0.03937294029087057,-2.7591207871805956
2024-12-30,22.889972686767578,576.8867797851562,0.03967844902823435,-2.5655409177086894
2024-12-31,22.784929275512695,574.7880249023438,0.039640577549234515,-2.5725078820161977
2025-01-02,22.83267593383789,573.375732421875,0.03982148989353843,-2.4522993474632004
2025-01-03,23.10961151123047,580.5448608398438,0.03980676269840544,-2.4473247528868134
2025-01-06,23.233753204345703,583.8890991210938,0.03979138031403326,-2.4434385530074874
2025-01-07,23.128707885742188,577.2888793945312,0.0400643572244106,-2.270420464480652
2025-01-08,23.262401580810547,578.13232421875,0.04023715783794969,-2.155702364730743
2025-01-10,22.7371826171875,569.3056640625,0.039938444411280874,-2.3168292507727584
2025-01-13,22.804027557373047,570.1883544921875,0.03999385006325221,-2.2628483500805103
2025-01-14,22.899520874023438,570.9728393554688,0.040106147430538204,-2.176905069376923
2025-01-15,23.252849578857422,581.3589477539062,0.03999740550772521,-2.223592502984091
2025-01-16,23.233753204345703,580.2409057617188,0.04004156372575162,-2.1719699386346134
2025-01-17,23.14780616760254,586.0664672851562,0.03949689576138085,-2.461722273303924
2025-01-21,23.682573318481445,591.4310302734375,0.04004283188782339,-2.1133361798830776
2025-01-22,23.596630096435547,594.7557373046875,0.0396744892337999,-2.2998836510343996
2025-01-23,23.63482666015625,598.001953125,0.03952299241941753,-2.3555072437735833
2025-01-24,23.78761863708496,596.2561645507812,0.03989496470029207,-2.1148454146883497
2025-01-27,23.749420166015625,587.8218994140625,0.04040240792268698,-1.8040548390955782
2025-01-28,23.67302703857422,592.8726806640625,0.03992936057039874,-2.0545719260369832
2025-01-29,23.52978515625,590.2147827148438,0.03986647885710137,-2.0686418158248108
2025-01-30,23.825817108154297,593.3826293945312,0.040152535527481485,-1.8867590936158074
2025-01-31,23.501134872436523,590.2247314453125,0.03981726556067573,-2.0562062245749164
2025-02-03,23.38654136657715,586.2527465820312,0.039891568104243914,-1.99546885643947
2025-02-04,23.66347885131836,590.185546875,0.04009498195375197,-1.8624044669890738
2025-02-05,23.88311195373535,592.578369140625,0.04030371879481757,-1.7267528104643104
2025-02-06,23.997705459594727,594.637939453125,0.040356835424367424,-1.6798366294685156
2025-02-07,23.806718826293945,589.1948852539062,0.04040550829974489,-1.6371025539695132
2025-02-10,23.959508895874023,593.1962890625,0.04039052390860391,-1.6294335776453226
2025-02-11,23.91176414489746,593.6474609375,0.04027940102217488,-1.6746412750178594
2025-02-12,24.121849060058594,591.7349853515625,0.040764615338278985,-1.3916950909690136
2025-02-13,24.503826141357422,597.9822998046875,0.040977510788130084,-1.262596361609563
2025-02-14,24.322385787963867,597.9528198242188,0.04067609513926862,-1.4173458632035605
2025-02-18,24.274641036987305,599.7083129882812,0.04047741295435678,-1.5130686978312964
2025-02-19,23.91176414489746,601.1206665039062,0.03977864258763107,-1.8775520128504835
2025-02-20,23.959508895874023,598.6197509765625,0.040024587990602566,-1.7250871270767445
2025-02-21,23.44384002685547,588.3809204101562,0.0398446639134949,-1.805203894690868
2025-02-24,23.520233154296875,585.7035522460938,0.040157231527963196,-1.6193947806044502
2025-02-25,23.434289932250977,582.7907104492188,0.04021047266554348,-1.5752024565379172
2025-02-26,23.338796615600586,583.0848999023438,0.040026412310641926,-1.6582479106447692
2025-02-27,22.9854679107666,573.7777099609375,0.04005988296814709,-1.6241598648094042
2025-02-28,22.90907096862793,582.7318725585938,0.039313227999768316,-2.0017369791882516
2025-03-03,22.870874404907227,572.5224609375,0.03994755833239519,-1.6459356022687812
2025-03-04,22.842226028442383,565.74560546875,0.040375436959013404,-1.405649780238007
2025-03-05,23.310148239135742,571.826171875,0.04076439552023738,-1.1892745870873442
2025-03-06,22.937719345092773,561.675537109375,0.04083802449923347,-1.1409258795962152
2025-03-07,22.813575744628906,564.82373046875,0.04039061128981923,-1.3663708977395805
2025-03-10,22.36475372314453,549.779296875,0.040679512397553,-1.2041277369091288
2025-03-11,22.26926040649414,545.2090454101562,0.04084536123156424,-1.1081432872159
2025-03-12,22.25971031188965,548.1022338867188,0.0406123327650773,-1.2234384454881553
2025-03-13,21.982776641845703,540.7957763671875,0.040648942914302495,-1.194743994849239
2025-03-14,22.44114875793457,551.9663696289062,0.04065673199079507,-1.181057447380202
2025-03-17,22.794479370117188,556.2227172851562,0.0409808493284377,-1.0007871398439872
2025-03-18,22.374303817749023,550.2108764648438,0.040664960971884115,-1.1597104708503359
2025-03-19,22.58439064025879,556.203125,0.0406045734465422,-1.1822171405783624
2025-03-20,22.469799041748047,554.5946655273438,0.04051571433775393,-1.2193880686265777
2025-03-21,22.374303817749023,554.7776489257812,0.04033021853182532,-1.3067449103499476
2025-03-24,22.632139205932617,564.7129516601562,0.040077244800917226,-1.4280637471450437
2025-03-25,22.7371826171875,566.0703735351562,0.040166706614924774,-1.368711481511636
2025-03-26,22.641687393188477,559.3125,0.04048128263392733,-1.1929073114282835
2025-03-27,22.67988395690918,557.8270874023438,0.0406575522578574,-1.0912847070371414
2025-03-28,22.412500381469727,546.5933227539062,0.041003977634685725,-0.9017787575085402
2025-03-31,22.383853912353516,550.2626342773438,0.04067849153840889,-1.0645902860267258
2025-04-01,22.641687393188477,551.8167724609375,0.04103116926332872,-0.8719297993665429
2025-04-02,22.813575744628906,555.3088989257812,0.04108267630639575,-0.8379647786563162
2025-04-03,22.20241355895996,527.9428100585938,0.042054580791612305,-0.3206964751589853
2025-04-04,20.197032928466797,497.0354309082031,0.040634996365474324,-1.0622738879695017
2025-04-07,19.910551071166992,496.1501159667969,0.04013009456295166,-1.3186683886636683
2025-04-08,19.88190269470215,488.3790283203125,0.040709984544345,-1.0042630091878635
2025-04-09,21.782238006591797,539.6682739257812,0.040362272638593974,-1.1791958756756806
2025-04-10,21.342967987060547,516.0205078125,0.04136069722797854,-0.6443087637590531
2025-04-11,21.744041442871094,525.2278442382812,0.04139925497363089,-0.6178994463750173
2025-04-14,22.24061393737793,530.3233032226562,0.041937840185838876,-0.32615672284712965
2025-04-15,22.307458877563477,528.8379516601562,0.04218203101259037,-0.1915335570421568
2025-04-16,22.36475372314453,517.0828857421875,0.04325177711314812,0.3841842942939274
2025-04-17,22.546192169189453,517.8206787109375,0.04354054037647923,0.5395907452042535
2025-04-21,22.42205047607422,505.4951171875,0.044356611396816625,0.9777672459745931
2025-04-22,22.880422592163086,518.64697265625,0.04411560039573936,0.8490105106552855
2025-04-23,22.918621063232422,526.6837158203125,0.04351496044934018,0.5306838299929779
2025-04-24,23.405641555786133,537.769775390625,0.04352353484125201,0.5396401532549964
2025-04-25,23.405641555786133,541.6553344726562,0.0432113192027793,0.3756510677367787
2025-04-28,23.415191650390625,541.86181640625,0.04321247768607404,0.3798534517780802
2025-04-29,23.44384002685547,545.2752685546875,0.042994504571967775,0.2654152182682808
2025-04-30,23.558433532714844,545.4916381835938,0.04318752458087338,0.3730547963529361
2025-05-01,23.53933334350586,549.3574829101562,0.04284884446974132,0.193000828463008
2025-05-02,24.16959571838379,557.5123291015625,0.0433525761794961,0.46952509325365405
2025-05-05,23.864013671875,554.3152465820312,0.043051339141441866,0.3086191297275309
2025-05-06,23.921310424804688,549.6821899414062,0.04351843822219271,0.5678027240379224
2025-05-07,23.768518447875977,551.9937744140625,0.043059395865661876,0.3212379413212363
2025-05-08,23.711223602294922,555.8400268554688,0.042658359342049305,0.10605404890932485
2025-05-09,23.88311195373535,555.1318359375,0.043022414510603305,0.3127583883904674
2025-05-12,24.045454025268555,573.4774780273438,0.04192920375527294,-0.2868086598398868
2025-05-13,24.274641036987305,577.2646484375,0.04205114777544792,-0.21394598271909823
2025-05-14,24.026355743408203,578.0023803710938,0.04156791833276294,-0.4776751223682264
2025-05-15,24.398780822753906,580.8256225585938,0.042007066966630854,-0.22722778508323743
2025-05-16,24.322385787963867,584.5045166015625,0.04161197235802309,-0.4429776221378001
2025-05-19,24.475175857543945,585.1439208984375,0.04182761707575197,-0.3162906629053946
2025-05-20,24.475175857543945,583.1766357421875,0.04196871815071138,-0.2308158946929285
2025-05-21,24.26508903503418,573.3495483398438,0.0423216327723545,-0.02457111494468368
2025-05-22,24.26508903503418,573.5758666992188,0.042304933739059684,-0.028337676489110463
2025-05-23,24.49427604675293,569.6607055664062,0.04299800882772595,0.3734555967890941
2025-05-27,24.704364776611328,581.50439453125,0.042483539262889815,0.08211657218376354
2025-05-28,24.40833282470703,578.1400756835938,0.04221871800851477,-0.0658177136991328
2025-05-29,24.484725952148438,580.4222412109375,0.04218433446152209,-0.08106452897232144
2025-05-30,24.647066116333008,579.7730712890625,0.042511574505405936,0.11180610126310041
2025-06-02,24.97174644470215,583.038818359375,0.04283033248964565,0.298465438307998
2025-06-03,24.89535140991211,586.36376953125,0.042457178808666694,0.08680510496738815
2025-06-04,25.14363670349121,586.206298828125,0.04289212987604436,0.3437387601763972
2025-06-05,25.172285079956055,583.373291015625,0.04314953301364262,0.4985314528880225
2025-06-06,25.18183708190918,589.3639526367188,0.04272714164015245,0.2558844965880146
2025-06-09,25.248682022094727,589.8952026367188,0.042801978909538414,0.30387356829114126
2025-06-10,25.506513595581055,593.2396850585938,0.042995292186263294,0.42228938910184605
2025-06-11,25.401470184326172,591.5476684570312,0.042940698677052226,0.3931119299466604
2025-06-12,25.439668655395508,593.898681640625,0.04283503136447329,0.3336811824270955
2025-06-13,25.13408660888672,587.2588500976562,0.04279899162815023,0.3137424444441287
2025-06-16,25.29600715637207,592.8461303710938,0.042668756462217204,0.23912907314445664
2025-06-17,24.98574447631836,587.7802734375,0.042508647543060406,0.1461683245759676
2025-06-18,25.07300567626953,587.6917724609375,0.04266353018909427,0.23852600846055957
2025-06-20,24.77243995666504,586.3115234375,0.04225132709557899,-0.004612410106871747
2025-06-23,25.005136489868164,592.1027221679688,0.042231078415435254,-0.014658829743227925
2025-06-24,25.25722312927246,598.6438598632812,0.04219073279234957,-0.03614391670475811
2025-06-25,25.23783302307129,598.9793090820312,0.042134732603284174,-0.06704687587335671
2025-06-26,25.62565803527832,603.6655883789062,0.042450089136427165,0.12253262824780549
2025-06-27,25.29600715637207,606.6648559570312,0.04169683954490308,-0.32118327826403037
2025-06-30,25.519004821777344,609.5653686523438,0.041864262856986086,-0.21943100879760333
2025-07-01,25.548093795776367,609.3681030273438,0.04192555151615798,-0.1802125274063674
2025-07-02,25.73231315612793,612.1305541992188,0.04203729576902203,-0.11093503122413466
2025-07-03,25.674137115478516,616.9548950195312,0.04161428545706852,-0.3594973146756417
2025-07-07,25.18935203552246,612.3574829101562,0.04113504405272073,-0.6403980967876233
2025-07-08,25.344484329223633,612.0220336914062,0.041411065180706925,-0.4718374542612623
2025-07-09,25.44144058227539,615.692138671875,0.041321691449814124,-0.520450845856096
2025-07-10,25.771093368530273,617.4285278320312,0.04173939526088951,-0.2689563979231238
2025-07-11,25.557790756225586,615.2579956054688,0.04153995712168591,-0.38447291614723
2025-07-14,25.586875915527344,616.43212890625,0.04150801802126495,-0.39973222899635824
2025-07-15,25.276613235473633,613.7978515625,0.04118068053045285,-0.589368105860992
2025-07-16,25.392963409423828,615.8499755859375,0.04123238518482399,-0.5528579220281925
2025-07-17,25.480224609375,619.6187133789062,0.04112242587126876,-0.612936396157869
2025-07-18,25.645051956176758,619.1649780273438,0.04141877022483047,-0.4307724750353507
2025-07-21,25.567485809326172,620.3389892578125,0.04121534556439163,-0.5471386751757343
2025-07-22,25.742006301879883,620.427734375,0.04149074078355249,-0.37695209177421213
2025-07-23,26.0037899017334,625.7060546875,0.04155911503001297,-0.3310872227792454
2025-07-24,25.771093368530273,625.9132080078125,0.04117358930730314,-0.5582796466604326
2025-07-25,25.674137115478516,628.5572509765625,0.04084613943374244,-0.7497962252376337
2025-07-28,25.422048568725586,628.3994140625,0.040455239135848614,-0.9777542077042054
2025-07-29,25.567485809326172,626.741943359375,0.04079427917698134,-0.7671084649447241
2025-07-30,25.35417938232422,625.9526977539062,0.040504944660039205,-0.9341189923414345
2025-07-31,25.228137969970703,623.6046142578125,0.04045534204392659,-0.9565177818259859
2025-08-01,25.121484756469727,613.3834838867188,0.04095559371322953,-0.6490546640188762
2025-08-04,25.480224609375,622.706787109375,0.04091849508763992,-0.6654955709600441
2025-08-05,25.606266021728516,619.5496215820312,0.041330452202266624,-0.41199934318862336
2025-08-06,25.84865951538086,624.2952270507812,0.041404544509321205,-0.36272722567153315
2025-08-07,25.790485382080078,623.7723388671875,0.04134599079676623,-0.3939796177420725
2025-08-08,25.81957244873047,628.63623046875,0.04107235822134814,-0.5545448644589155
2025-08-11,25.83896255493164,627.39306640625,0.04118464793201967,-0.4810481642431213
2025-08-12,26.139528274536133,634.0723266601562,0.04122483693969211,-0.45133352484889055
2025-08-13,26.09105110168457,636.2428588867188,0.041008006199610654,-0.5776989582481948
2025-08-14,25.926223754882812,636.302001953125,0.04074515509192558,-0.7319137335723164
2025-08-15,26.013484954833984,634.8123168945312,0.040978229726371086,-0.583603063860166
2025-08-18,26.023181915283203,634.6741333007812,0.04100243030221375,-0.5635114652712858
2025-08-19,25.800180435180664,631.2310180664062,0.04087280202771413,-0.6378430457361471
2025-08-20,25.887441635131836,629.5537109375,0.04112030663210856,-0.4810417656587707
2025-08-21,26.042572021484375,627.028076171875,0.041533342781840336,-0.22248555102278583
2025-08-22,26.430400848388672,636.6572265625,0.041514334159205565,-0.22962869293639454
2025-08-25,26.013484954833984,633.8551635742188,0.04104010892353966,-0.5165760351770553
2025-08-26,26.14922523498535,636.5091552734375,0.041082245272264666,-0.4850051715548223
2025-08-27,26.178312301635742,637.9595336914062,0.041034440147262874,-0.5086221322357422
2025-08-28,26.265573501586914,640.21875,0.04102593605949047,-0.5078601158802728
2025-08-29,26.255878448486328,636.400634765625,0.04125683887502076,-0.3574019049704221
2025-09-02,25.955310821533203,631.6846923828125,0.04108902928077258,-0.45677870327084125
2025-09-03,25.790485382080078,635.108154296875,0.040608021181262575,-0.7550278001261926
2025-09-04,26.081356048583984,640.4161376953125,0.04072563839887585,-0.6739645369675964
2025-09-05,26.110443115234375,638.561279296875,0.0408894869792055,-0.563186139034331
2025-09-08,26.178312301635742,640.1300048828125,0.040895305800308736,-0.5533452383777498
2025-09-09,26.071659088134766,641.60986328125,0.04063475420219069,-0.7159334835845358
2025-09-10,26.28496551513672,643.4646606445312,0.0408491205854385,-0.5704204492019193
2025-09-11,26.575834274291992,648.8119506835938,0.04096076566760441,-0.4910696267566672
2025-09-12,26.411008834838867,648.594970703125,0.040720341704480655,-0.6442627694978997
2025-09-15,26.73096466064453,652.0480346679688,0.040995391810752534,-0.45471507888926266
2025-09-16,26.5467472076416,651.1502075195312,0.04076900675309288,-0.6008337653730781
2025-09-17,26.314050674438477,650.3412475585938,0.04046191253164772,-0.80279909301062
2025-09-18,26.071659088134766,653.3799438476562,0.03990275387793921,-1.1795764926620294
2025-09-19,26.071659088134766,656.615966796875,0.03970609976988279,-1.3090897694368016
2025-09-22,26.100746154785156,659.7225341796875,0.03956321756879103,-1.402362622273941
2025-09-23,26.052268981933594,656.1312255859375,0.03970588194254652,-1.3006236873152062
2025-09-24,25.664440155029297,654.043701171875,0.03923964118765358,-1.6214309508248195
2025-09-25,25.664440155029297,651.0263061523438,0.039421510179380795,-1.4882727071898922
2025-09-26,25.858354568481445,654.756103515625,0.03949310961690694,-1.4352795486576742
2025-09-29,26.158920288085938,656.59619140625,0.03984019497898802,-1.1806017540014326
2025-09-30,26.178312301635742,659.0695190429688,0.039720107735598406,-1.266947395421198
2025-10-01,26.323747634887695,661.3153686523438,0.039805135163471755,-1.2058873358294024
2025-10-02,26.352834701538086,662.0769653320312,0.03980327980195196,-1.2085422708114089
2025-10-03,26.595226287841797,662.0671997070312,0.040169980176650265,-0.9319575197102566
2025-10-06,26.52735710144043,664.4415283203125,0.0399242912593088,-1.123082473379335
2025-10-07,26.314050674438477,661.9780883789062,0.039750636971803685,-1.259619669615292
2025-10-08,26.40131187438965,665.925537109375,0.03964604209202051,-1.3383965660301897
2025-10-09,26.100746154785156,663.9963989257812,0.03930856582507248,-1.6053964209802247
2025-10-10,25.63535499572754,646.0499877929688,0.03968014159910884,-1.3005025689549545
2025-10-13,25.84865951538086,655.9630126953125,0.03940566619628487,-1.5138177661502634
2025-10-14,25.887441635131836,655.1616821289062,0.039513058137057466,-1.4196148756326563
2025-10-15,26.071659088134766,658.0703125,0.039618348667164294,-1.3276717943137837
2025-10-16,26.14922523498535,653.5886840820312,0.04000868722461448,-1.000411996799919
2025-10-17,26.100746154785156,657.298583984375,0.03970911666440713,-1.241991733040536
2025-10-20,26.430400848388672,664.1348266601562,0.03979673973928391,-1.1629468345905296
2025-10-21,26.28496551513672,664.1249389648438,0.039578344333984036,-1.3389097519119453
2025-10-22,26.24618148803711,660.6721801757812,0.03972648202177052,-1.2082528525116396
2025-10-23,26.362529754638672,664.5899658203125,0.03966736049362262,-1.2498248960166225
2025-10-24,26.352834701538086,670.0213623046875,0.039331335065036804,-1.5233456578615758
2025-10-27,26.537052154541016,677.926025390625,0.03914446585709733,-1.6678903087575192
2025-10-28,26.68248748779297,679.7266235351562,0.03925473354128951,-1.5627418389905925
2025-10-29,26.178312301635742,680.0531616210938,0.03849450863404934,-2.181810643367692
2025-10-30,26.071659088134766,672.5739135742188,0.038764005802103936,-1.934599724876969
2025-10-31,25.955310821533203,674.7799682617188,0.03846485082892418,-2.1588124022592057
2025-11-03,26.023181915283203,676.04638671875,0.03849318985578635,-2.108480876728218
2025-11-04,25.606266021728516,668.0328369140625,0.03833084933371707,-2.2164716842890195
2025-11-05,25.858354568481445,670.3478393554688,0.03857453257900247,-1.9941043111668986
2025-11-06,25.65474510192871,663.1553955078125,0.038685872535627254,-1.8848901332317818
2025-11-07,25.63535499572754,663.808349609375,0.03861860883613912,-1.9229839281924601
2025-11-10,25.994094848632812,674.1665649414062,0.03855737765768914,-1.949547392725293
2025-11-11,25.81957244873047,675.7099609375,0.03821102831295787,-2.2047527831114357
2025-11-12,25.771093368530273,676.0859985351562,0.03811806992655859,-2.2472616675056565
2025-11-13,25.150571823120117,664.8670043945312,0.037827974101412615,-2.440103020485642
2025-11-14,25.160266876220703,664.7581176757812,0.03784875461797968,-2.385960402499729
2025-11-17,24.85970115661621,658.56494140625,0.03774829116097902,-2.425565253582905
2025-11-18,24.627004623413086,653.03466796875,0.03771163436087527,-2.4147868701616595
2025-11-19,24.530048370361328,655.5574340820312,0.037418610628236475,-2.5936768847688225
2025-11-20,24.19070053100586,645.5652465820312,0.03747212331996557,-2.5127362116987357
2025-11-21,24.55913543701172,651.9959106445312,0.03766762189157561,-2.333702436035755
2025-11-24,24.665786743164062,661.59228515625,0.03728245823987908,-2.576815397679891
2025-11-25,24.840309143066406,667.815185546875,0.037196382593074215,-2.5970702321045644
2025-11-26,25.034223556518555,672.4254150390625,0.037229740275453845,-2.5324179114251355
2025-11-28,25.063310623168945,676.0958251953125,0.03707064840391314,-2.6029008619347196
2025-12-01,24.946962356567383,673.0090942382812,0.03706779383836205,-2.5598284862665515
2025-12-02,25.14087677001953,674.2557373046875,0.03728685627580903,-2.3698110162959267
2025-12-03,25.334787368774414,676.5905151367188,0.03744478647273825,-2.2288629367609873
2025-12-04,25.489919662475586,677.085205078125,0.03764654650744355,-2.062988855800873
2025-12-05,25.53839683532715,678.3712158203125,0.03764663983339143,-2.037095679710734
2025-12-08,25.44144058227539,676.3333740234375,0.03761671619267712,-2.03140724209964
2025-12-09,25.548093795776367,675.7495727539062,0.037807043949224135,-1.8805781860665778
2025-12-10,25.83896255493164,680.2312622070312,0.03798555578156807,-1.7428483481811985
2025-12-11,25.829267501831055,681.8141479492188,0.0378831497989901,-1.791392143220504
2025-12-12,25.712919235229492,674.4832153320312,0.03812240045524582,-1.6170329286402159
2025-12-15,25.615962982177734,673.4641723632812,0.03803611837625703,-1.6582890914635462
2025-12-16,25.462125778198242,671.6240844726562,0.037911275618101925,-1.7247243435937538
2025-12-17,25.225452423095703,664.2338256835938,0.037976765782945524,-1.668143128056988
2025-12-18,25.4522647857666,669.2495727539062,0.038031051228068255,-1.6203849558232586
2025-12-19,25.52129364013672,675.3153686523438,0.03779166715999207,-1.7586023563994666
2025-12-22,25.787551879882812,679.5225219726562,0.03794951755980282,-1.6434891022435303
2025-12-23,26.24117660522461,682.6282348632812,0.038441387661734015,-1.3217215288895163
2025-12-24,26.23131561279297,685.0294799804688,0.038292243442633836,-1.4111269085176943
2025-12-26,26.310205459594727,684.9600219726562,0.0384113008286563,-1.3292279089737693
2025-12-29,26.112977981567383,682.51904296875,0.03825970608524545,-1.4192992601109609
2025-12-30,26.043947219848633,681.685546875,0.038205221365246705,-1.4462030182501797
2025-12-31,25.826997756958008,676.635009765625,0.03816976269954469,-1.4607590208213312
2026-01-02,26.10311508178711,677.8753051757812,0.03850725182416589,-1.2424937625199675
2026-01-05,26.24117660522461,682.3900756835938,0.038454803990132985,-1.2690407145851057
2026-01-06,26.122838973999023,686.4484252929688,0.0380550643157934,-1.508231583352208
2026-01-07,25.9058895111084,684.2356567382812,0.03786106329886481,-1.6162788191351436
2026-01-08,26.00450325012207,684.1661987304688,0.038009044145086004,-1.5137547698817941
2026-01-09,25.896028518676758,688.69091796875,0.03760181504216063,-1.7484101970864683
2026-01-12,26.08339500427246,689.7723999023438,0.03781449505368044,-1.603820730427151
2026-01-13,26.043947219848633,688.3931884765625,0.03783295310850587,-1.5798164470429734
2026-01-14,26.172147750854492,685.009521484375,0.03820698388854654,-1.343709680146894
2026-01-15,26.280620574951172,686.875,0.038261140054524,-1.3021697907254717
2026-01-16,26.369373321533203,686.299560546875,0.038422541463556927,-1.1977656665332657
2026-01-20,26.09325408935547,672.3286743164062,0.03881026510714558,-0.9599580035288248
2026-01-21,26.32992935180664,680.088134765625,0.038715466431245085,-1.0135330521626778
2026-01-22,26.694799423217773,683.6402587890625,0.039048021353368635,-0.8108042463439524
2026-01-23,27.000503540039062,683.8883056640625,0.039480867440511797,-0.5510385851847783
2026-01-26,27.237178802490234,687.3612060546875,0.039625714344319864,-0.4646271658087869
2026-01-27,27.848583221435547,690.099853515625,0.04035442563791967,-0.029432142682483373
2026-01-28,27.77955436706543,690.0303955078125,0.04025845027684858,-0.08656134576177045
2026-01-29,28.02608871459961,688.6610717773438,0.04069649042636889,0.1739393198423938
2026-01-30,27.365375518798828,686.6071166992188,0.039855945056839176,-0.329416750608392
2026-02-02,27.562604904174805,690.0203857421875,0.039944624062850556,-0.2757859685374037
2026-02-03,27.730247497558594,684.18603515625,0.040530274037566025,0.07322972049380214
2026-02-04,27.957059860229492,680.8719482421875,0.0410606721754457,0.38809097474448917
2026-02-05,27.45412826538086,672.3682861328125,0.04083197978192247,0.24936597226500787
2026-02-06,27.838722229003906,685.2676391601562,0.04062459780403788,0.12440911179316327
2026-02-09,28.43040657043457,688.5718383789062,0.04128894762435801,0.5197543798853939
2026-02-10,28.243038177490234,686.7559814453125,0.04112528895351059,0.4199438909902288
2026-02-11,28.893890380859375,686.5972290039062,0.04208273666175106,0.9868478435153899
2026-02-12,28.696664810180664,675.9900512695312,0.04245131234740422,1.19835608935572
2026-02-13,28.75583267211914,676.4663696289062,0.042508887304913506,1.2249169257849029
2026-02-17,28.91361427307129,677.5578002929688,0.0426732808043378,1.314220148358795
2026-02-18,28.90375328063965,680.9711303710938,0.04244490256861346,1.1717335021468174
2026-02-19,28.962923049926758,679.1751098632812,0.04264426453401249,1.2800962189816718
2026-02-20,29.288349151611328,684.0867919921875,0.04281379131194483,1.3680311632718667
2026-02-23,29.041812896728516,677.1013793945312,0.0428913804941557,1.4015073037502248
2026-02-24,29.170011520385742,682.02294921875,0.04276983868915214,1.3195105168907613
2026-02-25,29.741971969604492,687.7779541015625,0.04324356689864556,1.580315076385037
2026-02-26,29.722248077392578,683.957763671875,0.04345626244203533,1.6864846668072773
2026-02-27,29.672943115234375,680.6734619140625,0.04359350668938036,1.7469127640395585
2026-03-02,29.515159606933594,681.0604858398438,0.043337060687843654,1.584863848014316
2026-03-03,28.68680191040039,675.057373046875,0.04249535381107292,1.0965715519650838
2026-03-04,28.943199157714844,679.8201904296875,0.04257478604661769,1.1331935807705642
2026-03-05,28.213455200195312,676.0297241210938,0.04173404540292311,0.6523776187516283
2026-03-06,27.937335968017578,667.1690063476562,0.04187445115437461,0.7287500678041494
2026-03-09,28.459991455078125,673.0133056640625,0.042287412768157145,0.9577340416119676
2026-03-10,28.548744201660156,671.9317016601562,0.04248756850007843,1.0638358383179725
2026-03-11,28.59804916381836,671.08837890625,0.04261443062153437,1.1282091720553855
2026-03-12,28.02608871459961,660.89794921875,0.04240607607835575,1.0054503418602772
2026-03-13,27.592187881469727,657.1571655273438,0.04198719777989188,0.7661938157167167
2026-03-16,28.282485961914062,663.8449096679688,0.042604056384284,1.10522389518626
2026-03-17,28.302207946777344,665.5912475585938,0.042521905224250756,1.052761866869007
2026-03-18,27.611909866333008,656.3038330078125,0.042071840019261814,0.7980491691811938
2026-03-19,27.86830711364746,654.6864624023438,0.04256741007196928,1.0678104165514315
2026-03-20,26.921611785888672,645.3009643554688,0.041719466222676686,0.5930517286600961
2026-03-23,27.70066261291504,652.07666015625,0.04248068410588018,1.009979790485419
2026-03-24,27.178009033203125,649.8877563476562,0.04181954309455293,0.6393005482386367
2026-03-25,27.414682388305664,653.5094604492188,0.041949939591480384,0.7069360090876431
2026-03-26,26.793415069580078,641.838623046875,0.0417447846039382,0.5894674419486451
2026-03-27,26.83285903930664,630.89404296875,0.042531482644916574,1.018562254178955
2026-03-30,26.763830184936523,628.78466796875,0.04256438101678818,1.030368659371398
2026-03-31,27.37523651123047,647.0621337890625,0.0423069672628295,0.8842140944909179
2026-04-01,27.70066261291504,651.9373779296875,0.04248975983074037,0.9790353755457543
2026-04-02,27.710525512695312,652.5244750976562,0.04246664542130497,0.9614781668366826
2026-04-06,27.828861236572266,655.6087646484375,0.042447359976182084,0.9463042627377544
2026-04-07,28.144426345825195,655.8972778320312,0.04290980813162134,1.1955820967398567
2026-04-08,29.110843658447266,672.6027221679688,0.0432808888501308,1.3873556383816825
2026-04-09,29.357378005981445,676.4830322265625,0.043397064830074404,1.4378957528869978
2026-04-10,29.426406860351562,676.0353393554688,0.0435279121479162,1.4960704554638684
2026-04-13,29.73211097717285,682.6417846679688,0.04355448442353159,1.4969623739982738
2026-04-14,29.761695861816406,690.959716796875,0.043072982604231334,1.2309221189673945
2026-04-15,29.840585708618164,696.412109375,0.04284903336244226,1.1053042663800077
2026-04-16,29.515159606933594,698.1234130859375,0.042277853820239,0.7986184578257657
2026-04-17,29.791278839111328,706.5607299804688,0.0421637908463082,0.7376914309112653
2026-04-20,29.633495330810547,705.1477661132812,0.04202451848376126,0.667561999461379
2026-04-21,29.071395874023438,700.53125,0.04149907070387429,0.391820284558898
2026-04-22,29.022090911865234,707.6253051757812,0.041013359329561926,0.13854050186397862
2026-04-23,28.864307403564453,704.8792114257812,0.040949295901605204,0.11134981145851323
2026-04-24,28.76569366455078,710.3414916992188,0.04049558416718686,-0.13040157824894366
2026-04-27,28.785417556762695,711.5653686523438,0.040453651659973715,-0.14740331701650738
2026-04-28,28.66707992553711,708.1029052734375,0.040484341628943286,-0.12499830712459958
2026-04-29,28.223318099975586,707.993408203125,0.039863814793990635,-0.46241904767979486
2026-04-30,29.08125877380371,715.0377197265625,0.0406709436041006,-0.009408708084748384
2026-05-01,28.864307403564453,717.0177001953125,0.04025605978165105,-0.2348134950261615
2026-05-04,28.479711532592773,714.3909912109375,0.039865720428973885,-0.4474933563321468
2026-05-05,28.785417556762695,720.1220092773438,0.03997297289337041,-0.3815085799677039
2026-05-06,29.70252799987793,730.1312866210938,0.040681078244620195,0.022321735640636137
2026-05-07,29.071395874023438,727.8926391601562,0.039939126060631776,-0.39063900601471757
2026-05-08,29.130565643310547,733.9021606445312,0.03969271001699648,-0.5246378885616801
2026-05-11,29.179872512817383,735.5736694335938,0.03966954463621089,-0.5322193861388634
2026-05-12,28.91361427307129,734.4593505859375,0.03936720834176128,-0.6984727608491508
2026-05-13,28.716386795043945,738.5685424804688,0.038881139858191756,-0.9690585111213655
2026-05-14,28.874170303344727,744.3989868164062,0.03878856744127469,-1.013955146837252
2026-05-15,28.321929931640625,735.4443969726562,0.03850995404713598,-1.1638683553065075
2026-05-18,28.410682678222656,734.927001953125,0.03865782942077116,-1.070959447730781
2026-05-19,28.134565353393555,730.03173828125,0.038538824927847874,-1.129781166819657
2026-05-20,28.499435424804688,737.5138549804688,0.03864257631547739,-1.0623383620375857
2026-05-21,28.58818817138672,738.9764404296875,0.03868619702512267,-1.0293785650150433
2026-05-22,28.381099700927734,741.8817749023438,0.03825555588646672,-1.2633759892389511
2026-05-26,28.548744201660156,746.8068237304688,0.03822774952571099,-1.2685874534288162
2026-05-27,28.529020309448242,746.6774291992188,0.03820795860944191,-1.2701634133491102
2026-05-28,28.568464279174805,750.7965698242188,0.0380508721368605,-1.3479468964874541
2026-05-29,28.844585418701172,752.6671142578125,0.0383231642146929,-1.1840475947825817
2026-06-01,28.726247787475586,754.7166748046875,0.038062293767273166,-1.3204868976389132
2026-06-02,29.061534881591797,755.7415771484375,0.03845432851696041,-1.0903254636201165
2026-06-03,28.736108779907227,750.4384155273438,0.038292427713357335,-1.172969188099072
2026-06-04,28.637496948242188,753.2740478515625,0.03801736835341683,-1.3178213728642592
2026-06-05,27.671077728271484,733.83251953125,0.03770761991570901,-1.4810531631185033
2026-06-08,27.680940628051758,735.4940795898438,0.03763584425246269,-1.5100943231866748
2026-06-09,27.85844612121582,733.3350830078125,0.03798869952730604,-1.3002725233246326
2026-06-10,27.78941535949707,721.7736206054688,0.03850156692646314,-1.0023411358245637
2026-06-11,28.558603286743164,734.04150390625,0.03890597893275337,-0.766503680041841
2026-06-12,28.815000534057617,738.0113525390625,0.0390441155612609,-0.6816242970709467
2026-06-15,28.600000381469727,751.0254516601562,0.03808126651133976,-1.2228477634383994
2026-06-16,28.979999542236328,746.5481567382812,0.03881866063249273,-0.7942668952768189
2026-06-17,28.649999618530273,737.225341796875,0.038861929988326556,-0.762933327449744
2026-06-18,28.559999465942383,744.8902587890625,0.038341217553806116,-1.0546363130575116
2026-06-22,28.450000762939453,742.546142578125,0.03831411831749724,-1.0623112313129714
2026-06-23,28.020000457763672,731.7628784179688,0.0382910930359591,-1.0672405559951448
2026-06-24,27.90999984741211,731.4237060546875,0.03815845674179628,-1.1349640345945542
2026-06-25,27.93000030517578,732.4810791015625,0.03813067818684656,-1.1420025509874754
2026-06-26,27.969999313354492,727.1842651367188,0.038463427571684077,-0.942060065454726
2026-06-29,28.110000610351562,739.1644897460938,0.038029425114844834,-1.1842587430670708
2026-06-30,28.15999984741211,744.9202270507812,0.03780270534322924,-1.3045349341380839
2026-07-01,27.700000762939453,743.9127197265625,0.037235552005510875,-1.617041207060602
2026-07-02,28.09000015258789,742.9351806640625,0.037809489823163345,-1.2754744680493364
2026-07-06,28.329999923706055,749.4190673828125,0.03780261426045988,-1.269080595126355
2026-07-07,28.1299991607666,745.85791015625,0.03771495720260396,-1.3084032020810854
2026-07-08,28.1200008392334,743.5536499023438,0.037818388549268236,-1.23862900549242
2026-07-09,28.200000762939453,749.8480224609375,0.03760762170231435,-1.3477855516975732
2026-07-10,28.450000762939453,753.0799560546875,0.03777819411365858,-1.2397891091447573
2026-07-13,28.350000381469727,747.3142700195312,0.03793584776686894,-1.1405214377175406
2026-07-14,28.709999084472656,749.9677124023438,0.038281646809176596,-0.9356309628065215
2026-07-15,28.799999237060547,752.9403076171875,0.03825004312520235,-0.9461536799209364
2026-07-16,28.6299991607666,748.8604125976562,0.03823142294497116,-0.9493914890573788
2026-07-17,28.75,741.4487915039062,0.038775435781189124,-0.6337370920761438
2026-07-20,28.520000457763672,740.2518310546875,0.03852742980335391,-0.769236954613838
2026-07-21,28.68000030517578,746.426513671875,0.038423072840876274,-0.82215659624561
2026-07-22,28.860000610351562,745.55859375,0.03870923204733238,-0.6534072305283263
2026-07-23,28.489999771118164,736.3515014648438,0.03869076075005245,-0.6581889515765205
2026-07-24,28.719999313354492,737.099609375,0.03896352534728203,-0.49717537804991696
2026-07-27,28.8799991607666,737.25927734375,0.03917210681270436,-0.37362605517951947
2026-07-28,29.31999969482422,739.0248413085938,0.0396739027647666,-0.08365452728302618
2026-07-29,29.110000610351562,727.6531372070312,0.04000532550726736,0.10731799526828183
2026-07-30,29.81999969482422,739.852783203125,0.04030531528951105,0.2805140012045274
2026-07-31,29.34000015258789,745.1796264648438,0.039373057328174414,-0.2515720221317735
2026-08-03,29.399999618530273,755.793212890625,0.038899528491512014,-0.5194934707015374
2026-08-04,30.1200008392334,769.4193725585938,0.0391464030065602,-0.374035879372349
2026-08-05,30.139999389648438,767.8831787109375,0.03925076134659587,-0.31055950248909503
2026-08-06,30.15999984741211,766.65625,0.039339664742069354,-0.25534854717176325
2026-08-07,30.40999984741211,771.3446044921875,0.03942466139039431,-0.20229839351793785
2026-08-10,30.049999237060547,771.1151733398438,0.038969534352317814,-0.45953121286850046
2026-08-11,29.950000762939453,768.6513061523438,0.03896435291687838,-0.45802307377833773
2026-08-12,29.889999389648438,770.5764770507812,0.03878914070157721,-0.5540482102443676
2026-08-13,29.739999771118164,775.9531860351562,0.03832705413979798,-0.814337723656994
2026-08-14,29.649999618530273,774.4169921875,0.03828686601359011,-0.8310574516832918
2026-08-17,29.549999237060547,770.7560424804688,0.03833897836462223,-0.7950027725156047
2026-08-18,29.610000610351562,765.5490112304688,0.038678125340086765,-0.594257410254265
2026-08-19,29.969999313354492,767.1549682617188,0.039066421457535395,-0.36600643321352855
2026-08-20,29.75,760.7109985351562,0.039108150213796475,-0.3380876830889169
2026-08-21,30.139999389648438,763.8232421875,0.03945939024234327,-0.13140086380389318
2026-08-24,30.059999465942383,761.5787963867188,0.03947063601108761,-0.12042497191315693
2026-08-25,30.43000030517578,764.0127563476562,0.03982917831195075,0.09167980566529087
2026-08-26,30.149999618530273,764.182373046875,0.039453932309795464,-0.12301382466750344
2026-08-27,30.110000610351562,769.18994140625,0.03914507846436967,-0.29870960735952024
2026-08-28,30.0,767.4442749023438,0.039090786107978275,-0.32621192626860585
2026-08-31,30.020000457763672,765.1499633789062,0.03923413957336571,-0.23869296898889733
2026-09-01,29.68000030517578,759.89306640625,0.0390581275409459,-0.33694797231972
2026-09-02,30.030000686645508,763.2646484375,0.039344152448460366,-0.16576780230528124
2026-09-03,30.3700008392334,771.2548217773438,0.03937738861618556,-0.1435208607579651
2026-09-04,30.229999542236328,768.2822265625,0.039347519045824376,-0.15795161186956352
2026-09-08,30.0,764.0626831054688,0.03926379427152169,-0.2035035560297619
2026-09-09,29.6200008392334,760.5115356445312,0.03894747081532503,-0.38508870125959743
2026-09-10,29.079999923706055,755.9528198242188,0.03846800906234864,-0.6618030403405984
2026-09-11,29.270000457763672,762.3967895507812,0.03839208252045515,-0.7007755290085816
2026-09-14,29.059999465942383,758.9952392578125,0.03828745947650325,-0.7561680800951119
2026-09-15,28.889999389648438,755.513916015625,0.038238871286456824,-0.7787089374554117
2026-09-16,28.489999771118164,752.1821899414062,0.037876461517039495,-0.9839344149776387
2026-09-17,29.1299991607666,760.7109985351562,0.03829312211452186,-0.7333513125821355
2026-09-18,28.75,761.6900024414062,0.03774501425494504,-1.047303377921275
2026-09-21,29.040000915527344,773.5,0.03754363402136696,-1.1569205959038413
2026-09-22,29.09000015258789,773.3800048828125,0.0376141094532122,-1.1081329047795954
2026-09-23,28.360000610351562,767.8099975585938,0.03693622211292883,-1.4909567319525099
2026-09-24,28.309999465942383,767.1799926757812,0.0369013787327826,-1.498006835721339
2026-09-25,28.43000030517578,771.3499755859375,0.036857459266242426,-1.5110569452306652
2026-09-28,28.5,765.6099853515625,0.03722521981856468,-1.2899982833411008
2026-09-29,28.3700008392334,764.2000122070312,0.03712379008906325,-1.337988461803252
2026-09-30,28.309999465942383,762.6300048828125,0.03712153899621687,-1.3285162516118512
2026-10-01,27.989999771118164,763.989990234375,0.03663660535988365,-1.5898261694077032
2026-10-02,28.31999969482422,769.6400146484375,0.03679642320541307,-1.4859748118000842
2026-10-05,28.43000030517578,774.8300170898438,0.03669191910240519,-1.5309045766641325
