Date,Close
2000-01-03,7.947596549987793
2000-01-04,7.589061260223389
2000-01-05,7.738447189331055
2000-01-06,7.648814678192139
2000-01-07,7.768327713012695
2000-01-10,8.037230491638184
2000-01-11,8.007355690002441
2000-01-12,7.857962131500244
2000-01-13,7.857962131500244
2000-01-14,8.007355690002441
2000-01-18,7.947596549987793
2000-01-19,8.067108154296875
2000-01-20,8.067108154296875
2000-01-21,8.037230491638184
2000-01-24,7.977473735809326
2000-01-25,7.768327713012695
2000-01-26,8.15674114227295
2000-01-27,8.15674114227295
2000-01-28,8.007355690002441
2000-01-31,7.977473735809326
2000-02-01,8.007355690002441
2000-02-02,8.306133270263672
2000-02-03,8.246377944946289
2000-02-04,8.63479232788086
2000-02-07,8.485404014587402
2000-02-08,8.485404014587402
2000-02-09,8.575037002563477
2000-02-10,8.425649642944336
2000-02-11,8.395771026611328
2000-02-14,8.455523490905762
2000-02-15,8.545160293579102
2000-02-16,8.664673805236816
2000-02-17,8.7244291305542
2000-02-18,8.694551467895508
2000-02-22,8.455523490905762
2000-02-23,8.365891456604004
2000-02-24,8.365891456604004
2000-02-25,8.306133270263672
2000-02-28,8.306133270263672
2000-02-29,8.306133270263672
2000-03-01,8.365891456604004
2000-03-02,8.545160293579102
2000-03-03,8.545160293579102
2000-03-06,8.455523490905762
2000-03-07,8.6049165725708
2000-03-08,8.425649642944336
2000-03-09,8.276256561279297
2000-03-10,8.306133270263672
2000-03-13,8.186620712280273
2000-03-14,8.246377944946289
2000-03-15,8.365891456604004
2000-03-16,8.425649642944336
2000-03-17,8.515280723571777
2000-03-20,8.545160293579102
2000-03-21,8.6049165725708
2000-03-22,8.754307746887207
2000-03-23,9.082965850830078
2000-03-24,9.112846374511719
2000-03-27,9.05309009552002
2000-03-28,9.05309009552002
2000-03-29,8.843942642211914
2000-03-30,8.664673805236816
2000-03-31,8.81406307220459
2000-04-03,8.81406307220459
2000-04-04,8.365891456604004
2000-04-05,8.6049165725708
2000-04-06,8.784186363220215
2000-04-07,8.694551467895508
2000-04-10,8.7244291305542
2000-04-11,8.63479232788086
2000-04-12,8.6049165725708
2000-04-13,8.485404014587402
2000-04-14,8.126864433288574
2000-04-17,8.067108154296875
2000-04-18,8.306133270263672
2000-04-19,8.485404014587402
2000-04-20,8.485404014587402
2000-04-24,8.216499328613281
2000-04-25,8.395771026611328
2000-04-26,8.63479232788086
2000-04-27,8.545160293579102
2000-04-28,8.63479232788086
2000-05-01,8.694551467895508
2000-05-02,8.485404014587402
2000-05-03,8.395771026611328
2000-05-04,8.485404014587402
2000-05-05,8.63479232788086
2000-05-08,8.6049165725708
2000-05-09,8.515280723571777
2000-05-10,8.336014747619629
2000-05-11,8.485404014587402
2000-05-12,8.425649642944336
2000-05-15,8.485404014587402
2000-05-16,8.7244291305542
2000-05-17,8.81406307220459
2000-05-18,8.81406307220459
2000-05-19,8.694551467895508
2000-05-22,8.664673805236816
2000-05-23,8.485404014587402
2000-05-24,8.485404014587402
2000-05-25,8.694551467895508
2000-05-26,8.455523490905762
2000-05-30,8.694551467895508
2000-05-31,8.664673805236816
2000-06-01,8.933577537536621
2000-06-02,9.202481269836426
2000-06-05,9.082965850830078
2000-06-06,9.023213386535645
2000-06-07,9.082965850830078
2000-06-08,9.082965850830078
2000-06-09,9.05309009552002
2000-06-12,9.202481269836426
2000-06-13,9.292116165161133
2000-06-14,9.471383094787598
2000-06-15,9.44150447845459
2000-06-16,9.471383094787598
2000-06-19,9.44150447845459
2000-06-20,9.561017036437988
2000-06-21,9.531142234802246
2000-06-22,9.44150447845459
2000-06-23,9.321991920471191
2000-06-26,9.351871490478516
2000-06-27,9.2323579788208
2000-06-28,9.561017036437988
2000-06-29,9.351871490478516
2000-06-30,9.531142234802246
2000-07-03,9.44150447845459
2000-07-05,9.471383094787598
2000-07-06,9.471383094787598
2000-07-07,9.590897560119629
2000-07-10,9.620774269104004
2000-07-11,9.620774269104004
2000-07-12,9.740285873413086
2000-07-13,9.859801292419434
2000-07-14,9.94943618774414
2000-07-17,10.00919246673584
2000-07-18,9.94943618774414
2000-07-19,9.859801292419434
2000-07-20,10.039071083068848
2000-07-21,10.158580780029297
2000-07-24,10.128705024719238
2000-07-25,10.278096199035645
2000-07-26,10.278096199035645
2000-07-27,10.098827362060547
2000-07-28,9.710408210754395
2000-07-31,9.800044059753418
2000-08-01,9.561017036437988
2000-08-02,9.82991886138916
2000-08-03,9.770169258117676
2000-08-04,9.859801292419434
2000-08-07,10.00919246673584
2000-08-08,10.128705024719238
2000-08-09,10.188461303710938
2000-08-10,10.158580780029297
2000-08-11,10.098827362060547
2000-08-14,10.188461303710938
2000-08-15,10.248217582702637
2000-08-16,10.278096199035645
2000-08-17,10.367730140686035
2000-08-18,10.30797290802002
2000-08-21,10.30797290802002
2000-08-22,10.397605895996094
2000-08-23,10.337851524353027
2000-08-24,10.373416900634766
2000-08-25,10.451412200927734
2000-08-28,10.451412200927734
2000-08-29,10.41241455078125
2000-08-30,10.490411758422852
2000-08-31,10.607400894165039
2000-09-01,10.763398170471191
2000-09-05,10.80239200592041
2000-09-06,10.607400894165039
2000-09-07,10.490411758422852
2000-09-08,10.29542350769043
2000-09-11,10.373416900634766
2000-09-12,10.29542350769043
2000-09-13,10.373416900634766
2000-09-14,10.607400894165039
2000-09-15,10.685403823852539
2000-09-18,10.451412200927734
2000-09-19,10.490411758422852
2000-09-20,10.29542350769043
2000-09-21,10.139434814453125
2000-09-22,10.061436653137207
2000-09-25,10.217428207397461
2000-09-26,10.217428207397461
2000-09-27,9.905445098876953
2000-09-28,10.061436653137207
2000-09-29,10.061436653137207
2000-10-02,10.061436653137207
2000-10-03,10.061436653137207
2000-10-04,10.217428207397461
2000-10-05,10.256424903869629
2000-10-06,10.139434814453125
2000-10-09,10.061436653137207
2000-10-10,10.022438049316406
2000-10-11,9.827446937561035
2000-10-12,9.593462944030762
2000-10-13,9.827446937561035
2000-10-16,9.86644458770752
2000-10-17,9.710453987121582
2000-10-18,9.515466690063477
2000-10-19,9.827446937561035
2000-10-20,9.944440841674805
2000-10-23,9.983442306518555
2000-10-24,9.983442306518555
2000-10-25,9.164483070373535
2000-10-26,9.086488723754883
2000-10-27,9.164483070373535
2000-10-30,8.930499076843262
2000-10-31,9.281478881835938
2000-11-01,9.24248218536377
2000-11-02,9.203484535217285
2000-11-03,9.398470878601074
2000-11-06,9.35947322845459
2000-11-07,9.281478881835938
2000-11-08,9.047492980957031
2000-11-09,8.930499076843262
2000-11-10,8.73550796508789
2000-11-13,8.657514572143555
2000-11-14,8.73550796508789
2000-11-15,8.657514572143555
2000-11-16,8.501521110534668
2000-11-17,8.384527206420898
2000-11-20,8.384527206420898
2000-11-21,8.462523460388184
2000-11-22,8.267535209655762
2000-11-24,8.462523460388184
2000-11-27,8.657514572143555
2000-11-28,8.462523460388184
2000-11-29,8.267535209655762
2000-11-30,8.228538513183594
2000-12-01,8.384527206420898
2000-12-04,8.423528671264648
2000-12-05,8.657514572143555
2000-12-06,8.891502380371094
2000-12-07,8.73550796508789
2000-12-08,9.047492980957031
2000-12-11,9.047492980957031
2000-12-12,8.930499076843262
2000-12-13,8.696511268615723
2000-12-14,8.657514572143555
2000-12-15,8.462523460388184
2000-12-18,8.462523460388184
2000-12-19,8.306532859802246
2000-12-20,8.054220199584961
2000-12-21,8.133967399597168
2000-12-22,8.133967399597168
2000-12-26,8.253583908081055
2000-12-27,8.293453216552734
2000-12-28,8.4529447555542
2000-12-29,8.53269100189209
2001-01-02,8.333329200744629
2001-01-03,8.492816925048828
2001-01-04,8.57256031036377
2001-01-05,8.413073539733887
2001-01-08,8.133967399597168
2001-01-09,8.253583908081055
2001-01-10,8.094091415405273
2001-01-11,8.4529447555542
2001-01-12,8.253583908081055
2001-01-16,8.293453216552734
2001-01-17,8.492816925048828
2001-01-18,8.53269100189209
2001-01-19,8.771923065185547
2001-01-22,8.771923065185547
2001-01-23,8.851669311523438
2001-01-24,8.931411743164062
2001-01-25,8.89154052734375
2001-01-26,8.771923065185547
2001-01-29,9.027106285095215
2001-01-30,8.995209693908691
2001-01-31,8.995209693908691
2001-02-01,9.02072525024414
2001-02-02,9.05900764465332
2001-02-05,8.995209693908691
2001-02-06,8.963313102722168
2001-02-07,8.931411743164062
2001-02-08,8.759167671203613
2001-02-09,8.67623233795166
2001-02-12,8.59329891204834
2001-02-13,8.612436294555664
2001-02-14,8.370010375976562
2001-02-15,8.542259216308594
2001-02-16,7.974474906921387
2001-02-20,7.719295501708984
2001-02-21,7.591702461242676
2001-02-22,7.655496597290039
2001-02-23,7.5151472091674805
2001-02-26,7.687396049499512
2001-02-27,7.687396049499512
2001-02-28,7.5725626945495605
2001-03-01,7.5279059410095215
2001-03-02,7.540665149688721
2001-03-05,7.502387523651123
2001-03-06,7.795846462249756
2001-03-07,7.681016445159912
2001-03-08,7.6618757247924805
2001-03-09,7.591702461242676
2001-03-12,7.336517333984375
2001-03-13,7.432209491729736
2001-03-14,7.145131587982178
2001-03-15,7.240825653076172
2001-03-16,7.145131587982178
2001-03-19,7.272721767425537
2001-03-20,7.081335067749023
2001-03-21,7.081335067749023
2001-03-22,6.858047008514404
2001-03-23,6.9984002113342285
2001-03-26,7.113232135772705
2001-03-27,7.113232135772705
2001-03-28,6.921846866607666
2001-03-29,6.826150417327881
2001-03-30,6.921846866607666
2001-04-02,6.921846866607666
2001-04-03,6.730457305908203
2001-04-04,6.858047008514404
2001-04-05,6.9537458419799805
2001-04-06,6.762356281280518
2001-04-09,6.9856414794921875
2001-04-10,7.208923816680908
2001-04-11,7.177030563354492
2001-04-12,7.259963035583496
2001-04-16,7.081335067749023
2001-04-17,7.272721767425537
2001-04-18,7.432209491729736
2001-04-19,7.591702461242676
2001-04-20,7.496006965637207
2001-04-23,7.5279059410095215
2001-04-24,7.464110374450684
2001-04-25,7.400314807891846
2001-04-26,7.496006965637207
2001-04-27,7.496006965637207
2001-04-30,7.5279059410095215
2001-05-01,7.559802532196045
2001-05-02,7.534286022186279
2001-05-03,7.623597145080566
2001-05-04,7.623597145080566
2001-05-07,7.655496597290039
2001-05-08,7.655496597290039
2001-05-09,7.591702461242676
2001-05-10,7.719295501708984
2001-05-11,7.496006965637207
2001-05-14,7.496006965637207
2001-05-15,7.5279059410095215
2001-05-16,7.655496597290039
2001-05-17,7.814985275268555
2001-05-18,7.846884727478027
2001-05-21,7.910680770874023
2001-05-22,7.980855464935303
2001-05-23,7.94257926940918
2001-05-24,7.878780841827393
2001-05-25,7.878780841827393
2001-05-29,7.878780841827393
2001-05-30,7.719295501708984
2001-05-31,7.783085823059082
2001-06-01,7.814985275268555
2001-06-04,7.846884727478027
2001-06-05,7.846884727478027
2001-06-06,7.814985275268555
2001-06-07,7.725672245025635
2001-06-08,7.66825532913208
2001-06-11,7.655496597290039
2001-06-12,7.655496597290039
2001-06-13,7.744808673858643
2001-06-14,7.534286022186279
2001-06-15,7.4130706787109375
2001-06-18,7.208923816680908
2001-06-19,7.208923816680908
2001-06-20,7.145131587982178
2001-06-21,7.368417263031006
2001-06-22,7.368417263031006
2001-06-25,7.272721767425537
2001-06-26,7.113232135772705
2001-06-27,7.1259918212890625
2001-06-28,7.145131587982178
2001-06-29,7.336517333984375
2001-07-02,7.317376613616943
2001-07-03,7.3939337730407715
2001-07-05,7.240825653076172
2001-07-06,7.145131587982178
2001-07-09,7.094094276428223
2001-07-10,7.113232135772705
2001-07-11,7.062195777893066
2001-07-12,7.304622650146484
2001-07-13,7.272721767425537
2001-07-16,7.049437046051025
2001-07-17,7.113232135772705
2001-07-18,7.208923816680908
2001-07-19,7.106854438781738
2001-07-20,7.145131587982178
2001-07-23,7.145131587982178
2001-07-24,7.081335067749023
2001-07-25,7.208923816680908
2001-07-26,7.208923816680908
2001-07-27,7.240825653076172
2001-07-30,7.157890319824219
2001-07-31,7.2472052574157715
2001-08-01,7.285480976104736
2001-08-02,7.304622650146484
2001-08-03,7.368417263031006
2001-08-06,7.362037181854248
2001-08-07,7.330140590667725
2001-08-08,7.177030563354492
2001-08-09,7.157890319824219
2001-08-10,7.145131587982178
2001-08-13,7.272721767425537
2001-08-14,7.049437046051025
2001-08-15,7.17064905166626
2001-08-16,7.055816650390625
2001-08-17,6.9601240158081055
2001-08-20,7.081335067749023
2001-08-21,6.972883224487305
2001-08-22,6.9856414794921875
2001-08-23,6.992023468017578
2001-08-24,7.072314739227295
2001-08-27,7.104434013366699
2001-08-28,7.072314739227295
2001-08-29,7.0016560554504395
2001-08-30,7.033773422241211
2001-08-31,6.879610061645508
2001-09-04,7.033773422241211
2001-09-05,6.796103477478027
2001-09-06,6.808950901031494
2001-09-07,6.821798324584961
2001-09-10,6.841066360473633
2001-09-17,6.519891738891602
2001-09-18,6.423539161682129
2001-09-19,6.10236120223999
2001-09-20,6.10236120223999
2001-09-21,6.10236120223999
2001-09-24,6.192290782928467
2001-09-25,6.166597843170166
2001-09-26,6.0381245613098145
2001-09-27,6.0381245613098145
2001-09-28,6.198712348937988
2001-10-01,6.166597843170166
2001-10-02,6.230832099914551
2001-10-03,6.327184677124023
2001-10-04,6.423539161682129
2001-10-05,6.3593034744262695
2001-10-08,6.352877616882324
2001-10-09,6.269373416900635
2001-10-10,6.519891738891602
2001-10-11,6.423539161682129
2001-10-12,6.3593034744262695
2001-10-15,6.391418933868408
2001-10-16,6.3593034744262695
2001-10-17,6.3978447914123535
2001-10-18,6.327184677124023
2001-10-19,6.327184677124023
2001-10-22,6.243679523468018
2001-10-23,6.327184677124023
2001-10-24,6.301490783691406
2001-10-25,6.301490783691406
2001-10-26,6.410688400268555
2001-10-29,6.410688400268555
2001-10-30,6.327184677124023
2001-10-31,6.179444789886475
2001-11-01,6.327184677124023
2001-11-02,6.327184677124023
2001-11-05,6.340029239654541
2001-11-06,6.48777437210083
2001-11-07,6.532740592956543
2001-11-08,6.48777437210083
2001-11-09,6.455656051635742
2001-11-12,6.423539161682129
2001-11-13,6.744715213775635
2001-11-14,6.622668266296387
2001-11-15,6.622668266296387
2001-11-16,6.796103477478027
2001-11-19,6.873185157775879
2001-11-20,6.834644794464111
2001-11-21,6.616244316101074
2001-11-23,6.808950901031494
2001-11-26,6.808950901031494
2001-11-27,6.873185157775879
2001-11-28,6.744715213775635
2001-11-29,6.744715213775635
2001-11-30,6.808950901031494
2001-12-03,6.866758346557617
2001-12-04,6.866758346557617
2001-12-05,7.091586589813232
2001-12-06,7.033773422241211
2001-12-07,7.0016560554504395
2001-12-10,7.033773422241211
2001-12-11,7.027351379394531
2001-12-12,6.943846225738525
2001-12-13,6.776833534240723
2001-12-14,6.905303955078125
2001-12-17,6.905303955078125
2001-12-18,6.905303955078125
2001-12-19,6.930996417999268
2001-12-20,7.0016560554504395
2001-12-21,7.033773422241211
2001-12-24,6.905187129974365
2001-12-26,6.783027648925781
2001-12-27,6.783027648925781
2001-12-28,6.885898590087891
2001-12-31,6.828033924102783
2002-01-02,6.892328262329102
2002-01-03,6.97590970993042
2002-01-04,7.297379016876221
2002-01-07,7.297379016876221
2002-01-08,7.05949068069458
2002-01-09,7.181652069091797
2002-01-10,7.053061008453369
2002-01-11,7.104499340057373
2002-01-14,6.802316188812256
2002-01-15,6.943760395050049
2002-01-16,6.789455413818359
2002-01-17,6.815174579620361
2002-01-18,6.815174579620361
2002-01-22,6.879467487335205
2002-01-23,6.905187129974365
2002-01-24,6.963050365447998
2002-01-25,6.8730363845825195
2002-01-28,6.8730363845825195
2002-01-29,6.860180377960205
2002-01-30,6.8730363845825195
2002-01-31,6.815174579620361
2002-02-01,6.847320556640625
2002-02-04,6.911615371704102
2002-02-05,6.6930155754089355
2002-02-06,6.622293949127197
2002-02-07,6.815174579620361
2002-02-08,6.847320556640625
2002-02-11,6.879467487335205
2002-02-12,6.866611480712891
2002-02-13,6.898756980895996
2002-02-14,6.757312297821045
2002-02-15,6.8730363845825195
2002-02-19,6.763739585876465
2002-02-20,6.808745861053467
2002-02-21,6.635151386260986
2002-02-22,6.648010730743408
2002-02-25,6.635151386260986
2002-02-26,6.635151386260986
2002-02-27,6.808745861053467
2002-02-28,6.879467487335205
2002-03-01,6.879467487335205
2002-03-04,7.1366448402404785
2002-03-05,7.072349548339844
2002-03-06,7.297379016876221
2002-03-07,7.297379016876221
2002-03-08,7.200939655303955
2002-03-11,7.233087062835693
2002-03-12,7.175220489501953
2002-03-13,7.1366448402404785
2002-03-14,7.046631813049316
2002-03-15,7.053061008453369
2002-03-18,7.2266526222229
2002-03-19,7.2588043212890625
2002-03-20,7.290951251983643
2002-03-21,7.290951251983643
2002-03-22,7.200939655303955
2002-03-25,7.130215167999268
2002-03-26,7.104499340057373
2002-03-27,7.1366448402404785
2002-03-28,7.110927104949951
2002-04-01,7.072349548339844
2002-04-02,7.085210800170898
2002-04-03,7.085210800170898
2002-04-04,7.072349548339844
2002-04-05,7.072349548339844
2002-04-08,6.995198726654053
2002-04-09,7.130215167999268
2002-04-10,7.168790340423584
2002-04-11,7.0337748527526855
2002-04-12,7.008056163787842
2002-04-15,6.97590970993042
2002-04-16,7.200939655303955
2002-04-17,7.2588043212890625
2002-04-18,7.265233039855957
2002-04-19,7.361674785614014
2002-04-22,7.265233039855957
2002-04-23,7.278090476989746
2002-04-24,7.200939655303955
2002-04-25,7.188079833984375
2002-04-26,7.104499340057373
2002-04-29,6.982335567474365
2002-04-30,7.1623640060424805
2002-05-01,7.155933380126953
2002-05-02,7.168790340423584
2002-05-03,7.168790340423584
2002-05-06,7.130215167999268
2002-05-07,7.104499340057373
2002-05-08,7.149502277374268
2002-05-09,7.104499340057373
2002-05-10,7.104499340057373
2002-05-13,7.1623640060424805
2002-05-14,7.168790340423584
2002-05-15,7.104499340057373
2002-05-16,7.2588043212890625
2002-05-17,7.303809642791748
2002-05-20,7.168790340423584
2002-05-21,7.290951251983643
2002-05-22,7.297379016876221
2002-05-23,7.329526901245117
2002-05-24,7.265233039855957
2002-05-28,7.3423871994018555
2002-05-29,7.3423871994018555
2002-05-30,7.297379016876221
2002-05-31,7.271665096282959
2002-06-03,7.297379016876221
2002-06-04,7.200939655303955
2002-06-05,7.2588043212890625
2002-06-06,7.104499340057373
2002-06-07,7.1366448402404785
2002-06-10,7.1366448402404785
2002-06-11,7.04020357131958
2002-06-12,7.104499340057373
2002-06-13,6.879467487335205
2002-06-14,6.866611480712891
2002-06-17,6.97590970993042
2002-06-18,6.97590970993042
2002-06-19,6.911615371704102
2002-06-20,6.847320556640625
2002-06-21,6.770166397094727
2002-06-24,6.847320556640625
2002-06-25,6.776599407196045
2002-06-26,6.815174579620361
2002-06-27,6.834465503692627
2002-06-28,6.828033924102783
2002-07-01,6.866611480712891
2002-07-02,6.622293949127197
2002-07-03,6.622293949127197
2002-07-05,6.6930155754089355
2002-07-08,6.828033924102783
2002-07-09,6.879467487335205
2002-07-10,6.667296886444092
2002-07-11,6.590144157409668
2002-07-12,6.525850772857666
2002-07-15,6.493704795837402
2002-07-16,6.326540470123291
2002-07-17,6.300822734832764
2002-07-18,6.397262096405029
2002-07-19,6.191521644592285
2002-07-22,5.863621711730957
2002-07-23,5.7864670753479
2002-07-24,5.818615436553955
2002-07-25,5.850762367248535
2002-07-26,5.773609638214111
2002-07-29,6.101511001586914
2002-07-30,6.0179266929626465
2002-07-31,5.953634738922119
2002-08-01,6.011497974395752
2002-08-02,5.927915573120117
2002-08-05,5.7607502937316895
2002-08-06,5.960062026977539
2002-08-07,5.915057182312012
2002-08-08,6.0179266929626465
2002-08-09,6.107940673828125
2002-08-12,6.114367485046387
2002-08-13,6.140088081359863
2002-08-14,6.133656024932861
2002-08-15,6.217239856719971
2002-08-16,6.1979498863220215
2002-08-19,6.1979498863220215
2002-08-20,6.204379558563232
2002-08-21,6.236528396606445
2002-08-22,6.300822734832764
2002-08-23,6.1979498863220215
2002-08-26,6.287963390350342
2002-08-27,6.3201093673706055
2002-08-28,6.300822734832764
2002-08-29,6.204379558563232
2002-08-30,6.236528396606445
2002-09-03,5.979350566864014
2002-09-04,5.979350566864014
2002-09-05,5.85719108581543
2002-09-06,5.940773963928223
2002-09-09,5.902198314666748
2002-09-10,5.979350566864014
2002-09-11,5.992210865020752
2002-09-12,5.915057182312012
2002-09-13,5.85719108581543
2002-09-16,5.85719108581543
2002-09-17,5.882910251617432
2002-09-18,5.812187671661377
2002-09-19,5.71574592590332
2002-09-20,5.625734329223633
2002-09-23,5.516434669494629
2002-09-24,5.477858066558838
2002-09-25,5.503575325012207
2002-09-26,5.632163047790527
2002-09-27,5.6193037033081055
2002-09-30,5.529292583465576
2002-10-01,5.722175598144531
2002-10-02,5.600015640258789
2002-10-03,5.6578803062438965
2002-10-04,5.426421642303467
2002-10-07,5.368556499481201
2002-10-08,5.310693264007568
2002-10-09,5.2142510414123535
2002-10-10,5.336411476135254
2002-10-11,5.432851791381836
2002-10-14,5.394275665283203
2002-10-15,5.690028190612793
2002-10-16,5.587157249450684
2002-10-17,5.85719108581543
2002-10-18,5.7864670753479
2002-10-21,5.972921848297119
2002-10-22,5.902198314666748
2002-10-23,5.722175598144531
2002-10-24,6.030787944793701
2002-10-25,5.940773963928223
2002-10-28,5.895767688751221
2002-10-29,5.850762367248535
2002-10-30,5.7993292808532715
2002-10-31,5.850762367248535
2002-11-01,5.895767688751221
2002-11-04,6.107940673828125
2002-11-05,5.921487808227539
2002-11-06,5.953634738922119
2002-11-07,5.947202205657959
2002-11-08,5.972921848297119
2002-11-11,5.805756568908691
2002-11-12,5.850762367248535
2002-11-13,5.812187671661377
2002-11-14,5.8764801025390625
2002-11-15,5.902198314666748
2002-11-18,5.927915573120117
2002-11-19,5.8764801025390625
2002-11-20,6.0179266929626465
2002-11-21,6.043643951416016
2002-11-22,6.011497974395752
2002-11-25,6.050074577331543
2002-11-26,5.947202205657959
2002-11-27,6.204379558563232
2002-11-29,6.191521644592285
2002-12-02,6.223667621612549
2002-12-03,6.2622456550598145
2002-12-04,6.268674850463867
2002-12-05,6.159373760223389
2002-12-06,6.204379558563232
2002-12-09,6.191521644592285
2002-12-10,6.127228736877441
2002-12-11,6.178664207458496
2002-12-12,6.2622456550598145
2002-12-13,6.230096817016602
2002-12-16,6.332967281341553
2002-12-17,6.2558159828186035
2002-12-18,6.140088081359863
2002-12-19,6.127228736877441
2002-12-20,6.127228736877441
2002-12-23,6.288470268249512
2002-12-24,6.288470268249512
2002-12-26,6.198176383972168
2002-12-27,6.1014275550842285
2002-12-30,6.049832344055176
2002-12-31,6.088529109954834
2003-01-02,6.249771595001221
2003-01-03,6.262671947479248
2003-01-06,6.417463779449463
2003-01-07,6.423914909362793
2003-01-08,6.2820210456848145
2003-01-09,6.333616733551025
2003-01-10,6.372317314147949
2003-01-13,6.423914909362793
2003-01-14,6.481961727142334
2003-01-15,6.443262100219727
2003-01-16,6.423914909362793
2003-01-17,6.443262100219727
2003-01-21,6.3207197189331055
2003-01-22,6.307820796966553
2003-01-23,6.430363655090332
2003-01-24,6.3207197189331055
2003-01-27,6.198176383972168
2003-01-28,6.1917243003845215
2003-01-29,6.256222248077393
2003-01-30,6.256222248077393
2003-01-31,6.3465189933776855
2003-02-03,6.275571346282959
2003-02-04,6.288470268249512
2003-02-05,6.230421543121338
2003-02-06,6.211073875427246
2003-02-07,6.1917243003845215
2003-02-10,6.223972320556641
2003-02-11,6.140126705169678
2003-02-12,6.114326000213623
2003-02-13,6.133676052093506
2003-02-14,6.133676052093506
2003-02-18,6.35296630859375
2003-02-19,6.3465189933776855
2003-02-20,6.3207197189331055
2003-02-21,6.269121170043945
2003-02-24,6.340067386627197
2003-02-25,6.398115634918213
2003-02-26,6.436812877655029
2003-02-27,6.443262100219727
2003-02-28,6.449713230133057
2003-03-03,6.385216236114502
2003-03-04,6.385216236114502
2003-03-05,6.378764629364014
2003-03-06,6.288470268249512
2003-03-07,6.3465189933776855
2003-03-10,6.385216236114502
2003-03-11,6.2820210456848145
2003-03-12,6.204623699188232
2003-03-13,6.1917243003845215
2003-03-14,6.230421543121338
2003-03-17,6.385216236114502
2003-03-18,6.449713230133057
2003-03-19,6.35941743850708
2003-03-20,6.514211654663086
2003-03-21,6.475511074066162
2003-03-24,6.35941743850708
2003-03-25,6.449713230133057
2003-03-26,6.372317314147949
2003-03-27,6.35296630859375
2003-03-28,6.385216236114502
2003-03-31,6.294920444488525
2003-04-01,6.340067386627197
2003-04-02,6.423914909362793
2003-04-03,6.385216236114502
2003-04-04,6.417463779449463
2003-04-07,6.35296630859375
2003-04-08,6.449713230133057
2003-04-09,6.443262100219727
2003-04-10,6.481961727142334
2003-04-11,6.604506969451904
2003-04-14,6.591606616973877
2003-04-15,6.623857021331787
2003-04-16,6.578708171844482
2003-04-17,6.643205642700195
2003-04-21,6.675454616546631
2003-04-22,6.669004440307617
2003-04-23,6.70125150680542
2003-04-24,6.662552833557129
2003-04-25,6.5851593017578125
2003-04-28,6.643205642700195
2003-04-29,6.675454616546631
2003-04-30,6.7721991539001465
2003-05-01,6.739949703216553
2003-05-02,6.856047630310059
2003-05-05,6.894740581512451
2003-05-06,6.985039234161377
2003-05-07,6.997939109802246
2003-05-08,6.946342945098877
2003-05-09,7.010837554931641
2003-05-12,7.075334548950195
2003-05-13,7.146284103393555
2003-05-14,7.178531169891357
2003-05-15,7.223679542541504
2003-05-16,7.236576557159424
2003-05-19,7.2043304443359375
2003-05-20,7.352673053741455
2003-05-21,7.326873302459717
2003-05-22,7.268824577331543
2003-05-23,7.281726837158203
2003-05-27,7.275275707244873
2003-05-28,7.249473571777344
2003-05-29,7.365573406219482
2003-05-30,7.417171478271484
2003-06-02,7.526813983917236
2003-06-03,7.494565010070801
2003-06-04,7.578413486480713
2003-06-05,7.739655494689941
2003-06-06,7.668711185455322
2003-06-09,7.597759246826172
2003-06-10,7.546164035797119
2003-06-11,7.739655494689941
2003-06-12,7.726752281188965
2003-06-13,7.662259578704834
2003-06-16,7.752553462982178
2003-06-17,7.791253089904785
2003-06-18,7.797703266143799
2003-06-19,7.707406997680664
2003-06-20,7.610661029815674
2003-06-23,7.584863185882568
2003-06-24,7.597759246826172
2003-06-25,7.578413486480713
2003-06-26,7.533264636993408
2003-06-27,7.48167085647583
2003-06-30,7.610661029815674
2003-07-01,7.475217819213867
2003-07-02,7.642909049987793
2003-07-03,7.681609153747559
2003-07-07,7.675156593322754
2003-07-08,7.578413486480713
2003-07-09,7.552617073059082
2003-07-10,7.436517238616943
2003-07-11,7.455868244171143
2003-07-14,7.5203657150268555
2003-07-15,7.417171478271484
2003-07-16,7.423621654510498
2003-07-17,7.339772701263428
2003-07-18,7.442969799041748
2003-07-21,7.417171478271484
2003-07-22,7.391369342803955
2003-07-23,7.513915061950684
2003-07-24,7.675156593322754
2003-07-25,7.688056945800781
2003-07-28,7.64935827255249
2003-07-29,7.65580940246582
2003-07-30,7.533264636993408
2003-07-31,7.5203657150268555
2003-08-01,7.5655131340026855
2003-08-04,7.449418544769287
2003-08-05,7.436517238616943
2003-08-06,7.378472328186035
2003-08-07,7.475217819213867
2003-08-08,7.578413486480713
2003-08-11,7.720307350158691
2003-08-12,7.739655494689941
2003-08-13,7.759007930755615
2003-08-14,7.739655494689941
2003-08-15,7.771904468536377
2003-08-18,7.771904468536377
2003-08-19,7.797703266143799
2003-08-20,7.797703266143799
2003-08-21,7.810603618621826
2003-08-22,7.778354167938232
2003-08-25,7.720307350158691
2003-08-26,7.778354167938232
2003-08-27,7.752553462982178
2003-08-28,7.8622002601623535
2003-08-29,7.946047306060791
2003-09-02,7.920246124267578
2003-09-03,7.984744548797607
2003-09-04,8.12663745880127
2003-09-05,8.075040817260742
2003-09-08,8.184688568115234
2003-09-09,8.152438163757324
2003-09-10,8.100837707519531
2003-09-11,7.99764347076416
2003-09-12,8.152438163757324
2003-09-15,8.113739967346191
2003-09-16,8.068592071533203
2003-09-17,8.17823600769043
2003-09-18,8.10728931427002
2003-09-19,8.19113826751709
2003-09-22,8.21048641204834
2003-09-23,8.242733001708984
2003-09-24,8.229830741882324
2003-09-25,8.19113826751709
2003-09-26,7.965395450592041
2003-09-29,8.042792320251465
2003-09-30,8.004094123840332
2003-10-01,8.081491470336914
2003-10-02,8.197586059570312
2003-10-03,8.204035758972168
2003-10-06,8.223383903503418
2003-10-07,8.326580047607422
2003-10-08,8.223383903503418
2003-10-09,8.294331550598145
2003-10-10,8.44267463684082
2003-10-13,8.468472480773926
2003-10-14,8.532968521118164
2003-10-15,8.578120231628418
2003-10-16,8.578120231628418
2003-10-17,8.539419174194336
2003-10-20,8.520069122314453
2003-10-21,8.532968521118164
2003-10-22,8.603917121887207
2003-10-23,8.539419174194336
2003-10-24,8.474924087524414
2003-10-27,8.507170677185059
2003-10-28,8.571671485900879
2003-10-29,8.532968521118164
2003-10-30,8.50072193145752
2003-10-31,8.526522636413574
2003-11-03,8.558770179748535
2003-11-04,8.578120231628418
2003-11-05,8.610366821289062
2003-11-06,8.597467422485352
2003-11-07,8.603917121887207
2003-11-10,8.649066925048828
2003-11-11,8.610366821289062
2003-11-12,8.6942138671875
2003-11-13,8.707111358642578
2003-11-14,8.64261531829834
2003-11-17,8.591018676757812
2003-11-18,8.64261531829834
2003-11-19,8.726462364196777
2003-11-20,8.732909202575684
2003-11-21,8.771611213684082
2003-11-24,8.661964416503906
2003-11-25,8.76516056060791
2003-11-26,8.803861618041992
2003-11-28,8.881257057189941
2003-12-01,8.900605201721191
2003-12-02,8.965100288391113
2003-12-03,8.990899085998535
2003-12-04,8.952201843261719
2003-12-05,8.965100288391113
2003-12-08,9.042499542236328
2003-12-09,8.965100288391113
2003-12-10,8.836109161376953
2003-12-11,8.881257057189941
2003-12-12,8.849006652832031
2003-12-15,8.829658508300781
2003-12-16,8.79733943939209
2003-12-17,8.874903678894043
2003-12-18,8.97186279296875
2003-12-19,8.94600772857666
2003-12-22,9.006354331970215
2003-12-23,9.052271842956543
2003-12-24,9.117868423461914
2003-12-26,9.183465957641602
2003-12-29,9.2687406539917
2003-12-30,9.314655303955078
2003-12-31,9.347455024719238
2004-01-02,9.531126022338867
2004-01-05,9.577044486999512
2004-01-06,9.557364463806152
2004-01-07,9.563923835754395
2004-01-08,9.603281021118164
2004-01-09,9.636078834533691
2004-01-12,9.629517555236816
2004-01-13,9.64263916015625
2004-01-14,9.590160369873047
2004-01-15,9.557364463806152
2004-01-16,9.524564743041992
2004-01-20,9.800065994262695
2004-01-21,9.773832321166992
2004-01-22,9.727913856506348
2004-01-23,9.577044486999512
2004-01-26,9.603281021118164
2004-01-27,9.60983943939209
2004-01-28,9.419612884521484
2004-01-29,9.288418769836426
2004-01-30,9.386815071105957
2004-02-02,9.504888534545898
2004-02-03,9.518006324768066
2004-02-04,9.380250930786133
2004-02-05,9.419612884521484
2004-02-06,9.57048225402832
2004-02-09,9.596720695495605
2004-02-10,9.675435066223145
2004-02-11,9.80663013458252
2004-02-12,9.747591018676758
2004-02-13,9.708235740661621
2004-02-17,9.786951065063477
2004-02-18,9.603281021118164
2004-02-19,9.577044486999512
2004-02-20,9.44584846496582
2004-02-23,9.386815071105957
2004-02-24,9.432730674743652
2004-02-25,9.478646278381348
2004-02-26,9.511445045471191
2004-02-27,9.636078834533691
2004-03-01,9.721353530883789
2004-03-02,9.60983943939209
2004-03-03,9.563923835754395
2004-03-04,9.64263916015625
2004-03-05,9.754151344299316
2004-03-08,9.741034507751465
2004-03-09,9.662317276000977
2004-03-10,9.432730674743652
2004-03-11,9.380250930786133
2004-03-12,9.334336280822754
2004-03-15,9.150666236877441
2004-03-16,9.275299072265625
2004-03-17,9.406489372253418
2004-03-18,9.426172256469727
2004-03-19,9.327776908874512
2004-03-22,9.262182235717773
2004-03-23,9.281859397888184
2004-03-24,9.183465957641602
2004-03-25,9.340895652770996
2004-03-26,9.406489372253418
2004-03-29,9.55080509185791
2004-03-30,9.675435066223145
2004-03-31,9.57048225402832
2004-04-01,9.708235740661621
2004-04-02,9.819747924804688
2004-04-05,9.898465156555176
2004-04-06,9.885343551635742
2004-04-07,9.839427947998047
2004-04-08,9.760710716247559
2004-04-12,9.80663013458252
2004-04-13,9.649200439453125
2004-04-14,9.406489372253418
2004-04-15,9.452410697937012
2004-04-16,9.472088813781738
2004-04-19,9.498327255249023
2004-04-20,9.249063491821289
2004-04-21,9.222825050354004
2004-04-22,9.399932861328125
2004-04-23,9.334336280822754
2004-04-26,9.380250930786133
2004-04-27,9.301536560058594
2004-04-28,8.888280868530273
2004-04-29,8.76364803314209
2004-04-30,8.76364803314209
2004-05-03,8.835803985595703
2004-05-04,9.02603530883789
2004-05-05,9.03259563446045
2004-05-06,8.98011589050293
2004-05-07,8.783329010009766
2004-05-10,8.560300827026367
2004-05-11,8.67181396484375
2004-05-12,8.612777709960938
2004-05-13,8.65213394165039
2004-05-14,8.65213394165039
2004-05-17,8.52750301361084
2004-05-18,8.573421478271484
2004-05-19,8.65213394165039
2004-05-20,8.717733383178711
2004-05-21,8.684935569763184
2004-05-24,8.730853080749512
2004-05-25,8.888280868530273
2004-05-26,8.875164031982422
2004-05-27,8.960437774658203
2004-05-28,8.914520263671875
2004-06-01,8.953880310058594
2004-06-02,8.907963752746582
2004-06-03,8.914520263671875
2004-06-04,8.999795913696289
2004-06-07,9.117868423461914
2004-06-08,9.130988121032715
2004-06-09,8.92763900756836
2004-06-10,8.98011589050293
2004-06-14,8.80956745147705
2004-06-15,8.98011589050293
2004-06-16,9.006354331970215
2004-06-17,9.085068702697754
2004-06-18,9.104748725891113
2004-06-21,9.130988121032715
2004-06-22,9.235939025878906
2004-06-23,9.2687406539917
2004-06-24,9.30810260772705
2004-06-25,9.281859397888184
2004-06-28,9.216261863708496
2004-06-29,9.294981002807617
2004-06-30,9.426172256469727
2004-07-01,9.439290046691895
2004-07-02,9.367134094238281
2004-07-06,9.354015350341797
2004-07-07,9.419612884521484
2004-07-08,9.399932861328125
2004-07-09,9.426172256469727
2004-07-12,9.380250930786133
2004-07-13,9.406489372253418
2004-07-14,9.432730674743652
2004-07-15,9.327776908874512
2004-07-16,9.386815071105957
2004-07-19,9.458968162536621
2004-07-20,9.452410697937012
2004-07-21,9.41305160522461
2004-07-22,9.432730674743652
2004-07-23,9.426172256469727
2004-07-26,9.249063491821289
2004-07-27,9.196581840515137
2004-07-28,9.255620956420898
2004-07-29,9.399932861328125
2004-07-30,9.419612884521484
2004-08-02,9.452410697937012
2004-08-03,9.485208511352539
2004-08-04,9.44584846496582
2004-08-05,9.314655303955078
2004-08-06,9.216261863708496
2004-08-09,9.242502212524414
2004-08-10,9.275299072265625
2004-08-11,9.111310958862305
2004-08-12,8.999795913696289
2004-08-13,9.183465957641602
2004-08-16,9.340895652770996
2004-08-17,9.288418769836426
2004-08-18,9.340895652770996
2004-08-19,9.399932861328125
2004-08-20,9.511445045471191
2004-08-23,9.406489372253418
2004-08-24,9.386815071105957
2004-08-25,9.465527534484863
2004-08-26,9.426172256469727
2004-08-27,9.380250930786133
2004-08-30,9.2687406539917
2004-08-31,9.367134094238281
2004-09-01,9.504888534545898
2004-09-02,9.511445045471191
2004-09-03,9.485208511352539
2004-09-07,9.577044486999512
2004-09-08,9.590160369873047
2004-09-09,9.64263916015625
2004-09-10,9.616400718688965
2004-09-13,9.636078834533691
2004-09-14,9.727913856506348
2004-09-15,9.636078834533691
2004-09-16,9.708235740661621
2004-09-17,9.727913856506348
2004-09-20,9.741034507751465
2004-09-21,9.957498550415039
2004-09-22,9.905024528503418
2004-09-23,9.8787841796875
2004-09-24,9.95094108581543
2004-09-27,9.885343551635742
2004-09-28,10.003418922424316
2004-09-29,10.055895805358887
2004-09-30,10.141168594360352
2004-10-01,10.259245872497559
2004-10-04,10.259245872497559
2004-10-05,10.305159568786621
2004-10-06,10.43635082244873
2004-10-07,10.318277359008789
2004-10-08,10.416674613952637
2004-10-11,10.410113334655762
2004-10-12,10.337958335876465
2004-10-13,10.252683639526367
2004-10-14,10.292038917541504
2004-10-15,10.37731647491455
2004-10-18,10.331398010253906
2004-10-19,10.265803337097168
2004-10-20,10.396992683410645
2004-10-21,10.515066146850586
2004-10-22,10.528185844421387
2004-10-25,10.613462448120117
2004-10-26,10.67249584197998
2004-10-27,10.646258354187012
2004-10-28,10.600341796875
2004-10-29,10.790571212768555
2004-11-01,10.744654655456543
2004-11-02,10.692178726196289
2004-11-03,10.875845909118652
2004-11-04,10.94144344329834
2004-11-05,11.020160675048828
2004-11-08,11.007040023803711
2004-11-09,10.961121559143066
2004-11-10,10.987361907958984
2004-11-11,11.000480651855469
2004-11-12,11.066076278686523
2004-11-15,11.013598442077637
2004-11-16,11.066076278686523
2004-11-17,11.13823127746582
2004-11-18,11.007040023803711
2004-11-19,11.098873138427734
2004-11-22,11.256307601928711
2004-11-23,11.269421577453613
2004-11-24,11.348136901855469
2004-11-26,11.426858901977539
2004-11-29,11.35469913482666
2004-11-30,11.328459739685059
2004-12-01,11.361259460449219
2004-12-02,11.184146881103516
2004-12-03,11.197267532348633
2004-12-06,11.164467811584473
2004-12-07,10.954561233520508
2004-12-08,10.94144344329834
2004-12-09,10.948001861572266
2004-12-10,10.764330863952637
2004-12-13,10.895524024963379
2004-12-14,10.810249328613281
2004-12-15,11.020160675048828
2004-12-16,10.934879302978516
2004-12-17,10.967679977416992
2004-12-20,11.046395301818848
2004-12-21,11.105433464050293
2004-12-22,11.105433464050293
2004-12-23,11.124017715454102
2004-12-27,11.323132514953613
2004-12-28,11.369596481323242
2004-12-29,11.296586990356445
2004-12-30,11.40278434753418
2004-12-31,11.475790023803711
2005-01-03,11.362958908081055
2005-01-04,11.031097412109375
2005-01-05,10.885077476501465
2005-01-06,10.82534122467041
2005-01-07,10.798794746398926
2005-01-10,10.865167617797852
2005-01-11,10.984634399414062
2005-01-12,11.11738109588623
2005-01-13,11.110740661621094
2005-01-14,11.017823219299316
2005-01-18,10.99127197265625
2005-01-19,10.971362113952637
2005-01-20,10.82534122467041
2005-01-21,10.96472454071045
2005-01-24,10.938178062438965
2005-01-25,10.885077476501465
2005-01-26,10.977997779846191
2005-01-27,10.951448440551758
2005-01-28,10.904987335205078
2005-01-31,10.951448440551758
2005-02-01,11.057645797729492
2005-02-02,11.104104995727539
2005-02-03,11.077557563781738
2005-02-04,11.057645797729492
2005-02-07,11.004548072814941
2005-02-08,11.064285278320312
2005-02-09,11.024459838867188
2005-02-10,11.336408615112305
2005-02-11,11.416060447692871
2005-02-14,11.455880165100098
2005-02-15,11.522252082824707
2005-02-16,11.502339363098145
2005-02-17,11.535523414611816
2005-02-18,11.555438041687012
2005-02-22,11.621811866760254
2005-02-23,11.581988334655762
2005-02-24,11.581988334655762
2005-02-25,11.701455116271973
2005-02-28,11.681546211242676
2005-03-01,11.635083198547363
2005-03-02,11.73464584350586
2005-03-03,11.741279602050781
2005-03-04,12.013406753540039
2005-03-07,11.980218887329102
2005-03-08,12.159428596496582
2005-03-09,12.099690437316895
2005-03-10,11.940398216247559
2005-03-11,11.980218887329102
2005-03-14,11.966947555541992
2005-03-15,11.953673362731934
2005-03-16,11.913849830627441
2005-03-17,12.046592712402344
2005-03-18,12.020042419433594
2005-03-21,11.867388725280762
2005-03-22,11.81429386138916
2005-03-23,11.588623046875
2005-03-24,11.6151704788208
2005-03-28,11.48906421661377
2005-03-29,11.455880165100098
2005-03-30,11.548800468444824
2005-03-31,11.847479820251465
2005-04-01,11.7943754196167
2005-04-04,11.73464584350586
2005-04-05,11.781106948852539
2005-04-06,11.840836524963379
2005-04-07,11.747920036315918
2005-04-08,11.688182830810547
2005-04-11,11.635083198547363
2005-04-12,11.562074661254883
2005-04-13,11.442605972290039
2005-04-14,11.223576545715332
2005-04-15,11.104104995727539
2005-04-18,11.210299491882324
2005-04-19,11.283308982849121
2005-04-20,11.270036697387695
2005-04-21,11.303223609924316
2005-04-22,11.289949417114258
2005-04-25,11.356322288513184
2005-04-26,11.316496849060059
2005-04-27,11.170476913452148
2005-04-28,11.0443696975708
2005-04-29,11.124017715454102
2005-05-02,11.223576545715332
2005-05-03,11.177114486694336
2005-05-04,11.389508247375488
2005-05-05,11.382868766784668
2005-05-06,11.462518692016602
2005-05-09,11.535523414611816
2005-05-10,11.462518692016602
2005-05-11,11.316496849060059
2005-05-12,11.150564193725586
2005-05-13,10.94481086730957
2005-05-16,10.984634399414062
2005-05-17,11.090832710266113
2005-05-18,11.203664779663086
2005-05-19,11.230216026306152
2005-05-20,11.170476913452148
2005-05-23,11.349685668945312
2005-05-24,11.283308982849121
2005-05-25,11.263400077819824
2005-05-26,11.270036697387695
2005-05-27,11.462518692016602
2005-05-31,11.42933177947998
2005-06-01,11.522252082824707
2005-06-02,11.455880165100098
2005-06-03,11.535523414611816
2005-06-06,11.542160987854004
2005-06-07,11.542160987854004
2005-06-08,11.542160987854004
2005-06-09,11.59526252746582
2005-06-10,11.694818496704102
2005-06-13,11.70809555053711
2005-06-14,11.747920036315918
2005-06-15,11.920483589172363
2005-06-16,12.026680946350098
2005-06-17,12.093052864074707
2005-06-20,12.11960506439209
2005-06-21,12.086417198181152
2005-06-22,12.152787208557129
2005-06-23,12.132880210876465
2005-06-24,12.13951587677002
2005-06-27,12.146154403686523
2005-06-28,12.212529182434082
2005-06-29,12.245709419250488
2005-06-30,12.046592712402344
2005-07-01,11.960311889648438
2005-07-05,12.086417198181152
2005-07-06,12.23907470703125
2005-07-07,12.338634490966797
2005-07-08,12.537750244140625
2005-07-11,12.604121208190918
2005-07-12,12.776689529418945
2005-07-13,12.683767318725586
2005-07-14,12.5244779586792
2005-07-15,12.411645889282227
2005-07-18,12.491289138793945
2005-07-19,12.62403678894043
2005-07-20,12.683767318725586
2005-07-21,12.723594665527344
2005-07-22,12.7567777633667
2005-07-25,12.776689529418945
2005-07-26,12.637307167053223
2005-07-27,12.763412475585938
2005-07-28,12.83642292022705
2005-07-29,12.750142097473145
2005-08-01,12.856340408325195
2005-08-02,13.055458068847656
2005-08-03,13.088641166687012
2005-08-04,13.108551979064941
2005-08-05,13.015630722045898
2005-08-08,13.12846565246582
2005-08-09,13.135104179382324
2005-08-10,13.26784896850586
2005-08-11,13.440412521362305
2005-08-12,13.427135467529297
2005-08-15,13.393952369689941
2005-08-16,13.208109855651855
2005-08-17,12.995718955993652
2005-08-18,12.803238868713379
2005-08-19,12.995718955993652
2005-08-22,13.168289184570312
2005-08-23,13.121826171875
2005-08-24,13.234658241271973
2005-08-25,13.294394493103027
2005-08-26,13.148374557495117
2005-08-29,13.22138500213623
2005-08-30,13.30103588104248
2005-08-31,13.539971351623535
2005-09-01,13.76563835144043
2005-09-02,13.652806282043457
2005-09-06,13.652806282043457
2005-09-07,13.659444808959961
2005-09-08,13.67271900177002
2005-09-09,13.93820571899414
2005-09-12,13.792184829711914
2005-09-13,13.772276878356934
2005-09-14,13.898384094238281
2005-09-15,13.931571960449219
2005-09-16,13.997944831848145
2005-09-19,14.210335731506348
2005-09-20,14.07095718383789
2005-09-21,14.09749984741211
2005-09-22,14.004579544067383
2005-09-23,14.024492263793945
2005-09-26,14.183785438537598
2005-09-27,14.243521690368652
2005-09-28,14.243521690368652
2005-09-29,14.223609924316406
2005-09-30,14.3165283203125
2005-10-03,14.402814865112305
2005-10-04,14.09749984741211
2005-10-05,13.639533996582031
2005-10-06,13.38731575012207
2005-10-07,13.57979965209961
2005-10-10,13.466965675354004
2005-10-11,13.559887886047363
2005-10-12,13.41386604309082
2005-10-13,13.181563377380371
2005-10-14,13.247932434082031
2005-10-17,13.41386604309082
2005-10-18,13.141739845275879
2005-10-19,13.274482727050781
2005-10-20,12.975807189941406
2005-10-21,12.969172477722168
2005-10-24,13.155014038085938
2005-10-25,13.307670593261719
2005-10-26,13.208109855651855
2005-10-27,13.10191535949707
2005-10-28,13.148374557495117
2005-10-31,13.274482727050781
2005-11-01,13.32094669342041
2005-11-02,13.546608924865723
2005-11-03,13.639533996582031
2005-11-04,13.619625091552734
2005-11-07,13.533337593078613
2005-11-08,13.47359848022461
2005-11-09,13.546608924865723
2005-11-10,13.360767364501953
2005-11-11,13.486875534057617
2005-11-14,13.493513107299805
2005-11-15,13.47359848022461
2005-11-16,13.56652545928955
2005-11-17,13.639533996582031
2005-11-18,13.559887886047363
2005-11-21,13.818737030029297
2005-11-22,14.004579544067383
2005-11-23,14.051039695739746
2005-11-25,14.2368803024292
2005-11-28,14.130690574645996
2005-11-29,14.084230422973633
2005-11-30,13.971397399902344
2005-12-01,14.2368803024292
2005-12-02,14.329808235168457
2005-12-05,14.362988471984863
2005-12-06,14.482461929321289
2005-12-07,14.482461929321289
2005-12-08,14.568746566772461
2005-12-09,14.542196273803711
2005-12-12,14.542196273803711
2005-12-13,14.641756057739258
2005-12-14,14.548831939697266
2005-12-15,14.436001777648926
2005-12-16,14.495737075805664
2005-12-19,14.42936897277832
2005-12-20,14.42272663116455
2005-12-21,14.575380325317383
2005-12-22,14.58201789855957
2005-12-23,14.60808277130127
2005-12-27,14.360828399658203
2005-12-28,14.634810447692871
2005-12-29,14.688276290893555
2005-12-30,14.634810447692871
2006-01-03,15.00235652923584
2006-01-04,15.182777404785156
2006-01-05,14.955573081970215
2006-01-06,15.102591514587402
2006-01-09,14.995672225952148
2006-01-10,15.062499046325684
2006-01-11,15.149368286132812
2006-01-12,15.042451858520508
2006-01-13,15.122637748718262
2006-01-17,15.209511756896973
2006-01-18,14.928845405578613
2006-01-19,15.182777404785156
2006-01-20,15.229560852050781
2006-01-23,15.483495712280273
2006-01-24,15.389945030212402
2006-01-25,15.343160629272461
2006-01-26,15.496864318847656
2006-01-27,15.663928031921387
2006-01-30,15.83767032623291
2006-01-31,15.957963943481445
2006-02-01,15.931234359741211
2006-02-02,15.830992698669434
2006-02-03,15.824311256408691
2006-02-06,15.998055458068848
2006-02-07,15.496864318847656
2006-02-08,15.463451385498047
2006-02-09,15.470134735107422
2006-02-10,15.303068161010742
2006-02-13,15.102591514587402
2006-02-14,15.309751510620117
2006-02-15,15.149368286132812
2006-02-16,15.356531143188477
2006-02-17,15.523591995239258
2006-02-21,15.61047077178955
2006-02-22,15.570367813110352
2006-02-23,15.436715126037598
2006-02-24,15.583736419677734
2006-02-27,15.536955833435059
2006-02-28,15.597101211547852
2006-03-01,15.770845413208008
2006-03-02,15.957963943481445
2006-03-03,16.018108367919922
2006-03-06,15.83767032623291
2006-03-07,15.536955833435059
2006-03-08,15.369893074035645
2006-03-09,15.369893074035645
2006-03-10,15.476814270019531
2006-03-13,15.55700969696045
2006-03-14,15.72407341003418
2006-03-15,15.871085166931152
2006-03-16,15.93791675567627
2006-03-17,15.717388153076172
2006-03-20,15.603780746459961
2006-03-21,15.623833656311035
2006-03-22,15.61047077178955
2006-03-23,15.637198448181152
2006-03-24,15.744122505187988
2006-03-27,15.690656661987305
2006-03-28,15.650564193725586
2006-03-29,15.784219741821289
2006-03-30,16.01141929626465
2006-03-31,15.790894508361816
2006-04-03,15.864409446716309
2006-04-04,15.957963943481445
2006-04-05,16.11834144592285
2006-04-06,16.312135696411133
2006-04-07,16.205215454101562
2006-04-10,16.272043228149414
2006-04-11,16.18516731262207
2006-04-12,16.178482055664062
2006-04-13,16.205215454101562
2006-04-17,16.358915328979492
2006-04-18,16.652942657470703
2006-04-19,16.75318717956543
2006-04-20,16.439102172851562
2006-04-21,16.646263122558594
2006-04-24,16.5460262298584
2006-04-25,16.572755813598633
2006-04-26,16.619539260864258
2006-04-27,16.505935668945312
2006-04-28,16.612852096557617
2006-05-01,16.68635368347168
2006-05-02,16.866785049438477
2006-05-03,16.73314094543457
2006-05-04,16.659631729125977
2006-05-05,16.873472213745117
2006-05-08,16.8066463470459
2006-05-09,17.013803482055664
2006-05-10,17.02716827392578
2006-05-11,16.766550064086914
2006-05-12,16.492565155029297
2006-05-15,16.11834144592285
2006-05-16,16.178482055664062
2006-05-17,15.844361305236816
2006-05-18,15.630513191223145
2006-05-19,15.683977127075195
2006-05-22,15.550321578979492
2006-05-23,15.563689231872559
2006-05-24,15.416668891906738
2006-05-25,15.978008270263672
2006-05-26,16.11834144592285
2006-05-30,16.0515193939209
2006-05-31,16.238630294799805
2006-06-01,16.238630294799805
2006-06-02,16.385648727416992
2006-06-05,16.044836044311523
2006-06-06,15.891131401062012
2006-06-07,15.61047077178955
2006-06-08,15.343160629272461
2006-06-09,15.530272483825684
2006-06-12,15.32979965209961
2006-06-13,14.801877975463867
2006-06-14,14.92216682434082
2006-06-15,15.316434860229492
2006-06-16,15.169414520263672
2006-06-19,14.862021446228027
2006-06-20,14.841975212097168
2006-06-21,15.196145057678223
2006-06-22,15.089229583740234
2006-06-23,15.169414520263672
2006-06-26,15.37657642364502
2006-06-27,15.28302001953125
2006-06-28,15.269655227661133
2006-06-29,15.737434387207031
2006-06-30,15.871085166931152
2006-07-03,16.03146743774414
2006-07-05,15.911185264587402
2006-07-06,15.864409446716309
2006-07-07,15.864409446716309
2006-07-10,15.744122505187988
2006-07-11,15.851041793823242
2006-07-12,15.764169692993164
2006-07-13,15.570367813110352
2006-07-14,15.590422630310059
2006-07-17,15.316434860229492
2006-07-18,15.356531143188477
2006-07-19,15.597101211547852
2006-07-20,15.37657642364502
2006-07-21,15.269655227661133
2006-07-24,15.51022720336914
2006-07-25,15.690656661987305
2006-07-26,15.917863845825195
2006-07-27,15.717388153076172
2006-07-28,15.871085166931152
2006-07-31,15.891131401062012
2006-08-01,15.971325874328613
2006-08-02,16.145071029663086
2006-08-03,16.13838768005371
2006-08-04,16.09160804748535
2006-08-07,16.11166000366211
2006-08-08,16.258676528930664
2006-08-09,16.272043228149414
2006-08-10,16.158437728881836
2006-08-11,16.171802520751953
2006-08-14,15.991373062133789
2006-08-15,16.225261688232422
2006-08-16,16.3388671875
2006-08-17,16.285402297973633
2006-08-18,16.25199317932129
2006-08-21,16.532663345336914
2006-08-22,16.659631729125977
2006-08-23,16.6796817779541
2006-08-24,16.55270767211914
2006-08-25,16.566078186035156
2006-08-28,16.612852096557617
2006-08-29,16.572755813598633
2006-08-30,16.532663345336914
2006-08-31,16.539339065551758
2006-09-01,16.68635368347168
2006-09-05,16.67299461364746
2006-09-06,16.405691146850586
2006-09-07,16.198535919189453
2006-09-08,16.038148880004883
2006-09-11,15.677292823791504
2006-09-12,15.730751037597656
2006-09-13,15.857719421386719
2006-09-14,15.70402717590332
2006-09-15,15.717388153076172
2006-09-18,15.931234359741211
2006-09-19,15.70402717590332
2006-09-20,15.590422630310059
2006-09-21,15.717388153076172
2006-09-22,15.657246589660645
2006-09-25,15.710707664489746
2006-09-26,15.857719421386719
2006-09-27,16.06488037109375
2006-09-28,16.158437728881836
2006-09-29,16.038148880004883
2006-10-02,15.991373062133789
2006-10-03,15.536955833435059
2006-10-04,15.630513191223145
2006-10-05,15.844361305236816
2006-10-06,15.770845413208008
2006-10-09,15.757484436035156
2006-10-10,15.75080394744873
2006-10-11,15.476814270019531
2006-10-12,15.643882751464844
2006-10-13,15.897819519042969
2006-10-16,16.145071029663086
2006-10-17,15.957963943481445
2006-10-18,15.944595336914062
2006-10-19,16.23194122314453
2006-10-20,16.25199317932129
2006-10-23,16.318817138671875
2006-10-24,16.465837478637695
2006-10-25,16.6796817779541
2006-10-26,16.773235321044922
2006-10-27,16.532663345336914
2006-10-30,16.57944107055664
2006-10-31,16.799957275390625
2006-11-01,16.312135696411133
2006-11-02,16.572755813598633
2006-11-03,16.67299461364746
2006-11-06,16.813322067260742
2006-11-07,16.773235321044922
2006-11-08,16.880159378051758
2006-11-09,16.980392456054688
2006-11-10,16.84006118774414
2006-11-13,16.719776153564453
2006-11-14,16.719776153564453
2006-11-15,16.86009979248047
2006-11-16,16.719776153564453
2006-11-17,16.699726104736328
2006-11-20,16.766550064086914
2006-11-21,17.000442504882812
2006-11-22,17.033855438232422
2006-11-24,17.22764778137207
2006-11-27,17.080631256103516
2006-11-28,17.093996047973633
2006-11-29,17.20091438293457
2006-11-30,17.220964431762695
2006-12-01,17.220964431762695
2006-12-04,17.41475486755371
2006-12-05,17.488265991210938
2006-12-06,17.388032913208008
2006-12-07,17.354616165161133
2006-12-08,17.361297607421875
2006-12-11,17.334571838378906
2006-12-12,17.274425506591797
2006-12-13,17.247695922851562
2006-12-14,17.40139389038086
2006-12-15,17.140775680541992
2006-12-18,16.980392456054688
2006-12-19,17.067264556884766
2006-12-20,17.185523986816406
2006-12-21,16.976032257080078
2006-12-22,16.921972274780273
2006-12-26,16.820598602294922
2006-12-27,17.077402114868164
2006-12-28,17.131471633911133
2006-12-29,17.11119270324707
2007-01-03,16.725982666015625
2007-01-04,16.455671310424805
2007-01-05,16.4016056060791
2007-01-08,16.29347801208496
2007-01-09,16.327272415161133
2007-01-10,16.30699348449707
2007-01-11,16.381330490112305
2007-01-12,16.74626350402832
2007-01-16,16.51649284362793
2007-01-17,16.692201614379883
2007-01-18,16.509729385375977
2007-01-19,16.739503860473633
2007-01-22,16.550275802612305
2007-01-23,16.881420135498047
2007-01-24,17.05036735534668
2007-01-25,16.87466049194336
2007-01-26,16.99630355834961
2007-01-29,16.881420135498047
2007-01-30,17.063886642456055
2007-01-31,17.124711990356445
2007-02-01,17.246353149414062
2007-02-02,17.138227462768555
2007-02-05,17.212560653686523
2007-02-06,17.26662254333496
2007-02-07,17.192291259765625
2007-02-08,17.2801456451416
2007-02-09,17.25311279296875
2007-02-12,17.185523986816406
2007-02-13,17.503150939941406
2007-02-14,17.536951065063477
2007-02-15,17.6923828125
2007-02-16,17.712648391723633
2007-02-20,17.584253311157227
2007-02-21,17.773473739624023
2007-02-22,17.719409942626953
2007-02-23,17.75995635986328
2007-02-26,17.854570388793945
2007-02-27,17.22608184814453
2007-02-28,17.22608184814453
2007-03-01,17.063886642456055
2007-03-02,16.813838958740234
2007-03-05,16.638132095336914
2007-03-06,16.87466049194336
2007-03-07,16.99630355834961
2007-03-08,17.077402114868164
2007-03-09,17.219322204589844
2007-03-12,17.172016143798828
2007-03-13,16.800325393676758
2007-03-14,16.854387283325195
2007-03-15,16.935487747192383
2007-03-16,16.894929885864258
2007-03-19,17.05036735534668
2007-03-20,17.3004150390625
2007-03-21,17.59101104736328
2007-03-22,17.543701171875
2007-03-23,17.638320922851562
2007-03-26,17.6923828125
2007-03-27,17.64507293701172
2007-03-28,17.577491760253906
2007-03-29,17.719409942626953
2007-03-30,17.672100067138672
2007-04-02,17.807266235351562
2007-04-03,18.009998321533203
2007-04-04,17.96269989013672
2007-04-05,18.08434295654297
2007-04-09,18.111379623413086
2007-04-10,18.077585220336914
2007-04-11,18.19247055053711
2007-04-12,18.422239303588867
2007-04-13,18.476303100585938
2007-04-16,18.75337791442871
2007-04-17,18.64525032043457
2007-04-18,18.733108520507812
2007-04-19,18.5168514251709
2007-04-20,18.76689338684082
2007-04-23,18.71282958984375
2007-04-24,18.64525032043457
2007-04-25,18.93584632873535
2007-04-26,18.68579864501953
2007-04-27,18.841230392456055
2007-04-30,18.75337791442871
2007-05-01,18.58443260192871
2007-05-02,18.895299911499023
2007-05-03,19.043973922729492
2007-05-04,19.172378540039062
2007-05-07,19.41566276550293
2007-05-08,19.3953914642334
2007-05-09,19.388628005981445
2007-05-10,19.192644119262695
2007-05-11,19.483243942260742
2007-05-14,19.41566276550293
2007-05-15,19.645429611206055
2007-05-16,19.685977935791016
2007-05-17,19.93602752685547
2007-05-18,20.091461181640625
2007-05-21,20.192829132080078
2007-05-22,20.05767059326172
2007-05-23,20.023880004882812
2007-05-24,19.902240753173828
2007-05-25,20.138761520385742
2007-05-29,20.145524978637695
2007-05-30,20.32123565673828
2007-05-31,20.34150505065918
2007-06-01,20.584794998168945
2007-06-04,20.63885498046875
2007-06-05,20.55776023864746
2007-06-06,20.294206619262695
2007-06-07,19.821138381958008
2007-06-08,20.037395477294922
2007-06-11,19.949541091918945
2007-06-12,19.841421127319336
2007-06-13,20.138761520385742
2007-06-14,20.361780166625977
2007-06-15,20.6658878326416
2007-06-18,20.719953536987305
2007-06-19,20.55776023864746
2007-06-20,20.260412216186523
2007-06-21,20.307716369628906
2007-06-22,20.15903663635254
2007-06-25,19.98332977294922
2007-06-26,19.699493408203125
2007-06-27,19.8616886138916
2007-06-28,20.104982376098633
2007-06-29,20.1793155670166
2007-07-02,20.42935562133789
2007-07-03,20.490177154541016
2007-07-05,20.63885498046875
2007-07-06,20.841590881347656
2007-07-09,20.88214111328125
2007-07-10,20.760498046875
2007-07-11,20.780773162841797
2007-07-12,21.240320205688477
2007-07-13,21.422779083251953
2007-07-16,21.287620544433594
2007-07-17,21.355201721191406
2007-07-18,21.625520706176758
2007-07-19,21.753923416137695
2007-07-20,21.571453094482422
2007-07-23,21.422779083251953
2007-07-24,21.07137107849121
2007-07-25,21.024063110351562
2007-07-26,20.382055282592773
2007-07-27,20.071186065673828
2007-07-30,20.15903663635254
2007-07-31,20.1793155670166
2007-08-01,19.996845245361328
2007-08-02,20.39556884765625
2007-08-03,20.003610610961914
2007-08-06,19.908992767333984
2007-08-07,19.956300735473633
2007-08-08,20.409086227416992
2007-08-09,19.794109344482422
2007-08-10,19.848176956176758
2007-08-13,19.800867080688477
2007-08-14,19.29401397705078
2007-08-15,18.834470748901367
2007-08-16,18.597951889038086
2007-08-17,19.20616340637207
2007-08-20,19.381872177124023
2007-08-21,19.456209182739258
2007-08-22,19.7873477935791
2007-08-23,19.922510147094727
2007-08-24,20.118494033813477
2007-08-27,19.93602752685547
2007-08-28,19.422420501708984
2007-08-29,20.165796279907227
2007-08-30,19.881961822509766
2007-08-31,20.206344604492188
2007-09-04,20.46990394592285
2007-09-05,20.32123565673828
2007-09-06,20.43611717224121
2007-09-07,20.25364875793457
2007-09-10,20.165796279907227
2007-09-11,20.483417510986328
2007-09-12,20.73346519470215
2007-09-13,20.88214111328125
2007-09-14,21.010547637939453
2007-09-17,21.003786087036133
2007-09-18,21.578214645385742
2007-09-19,21.463329315185547
2007-09-20,21.58497428894043
2007-09-21,21.733644485473633
2007-09-24,21.740407943725586
2007-09-25,21.8079776763916
2007-09-26,21.875560760498047
2007-09-27,22.078304290771484
2007-09-28,22.11884880065918
2007-10-01,22.402690887451172
2007-10-02,22.226978302001953
2007-10-03,22.00396728515625
2007-10-04,22.267526626586914
2007-10-05,22.693281173706055
2007-10-08,22.591915130615234
2007-10-09,22.700031280517578
2007-10-10,22.821678161621094
2007-10-11,22.78789520263672
2007-10-12,23.132545471191406
2007-10-15,22.794649124145508
2007-10-16,22.585153579711914
2007-10-17,22.841949462890625
2007-10-18,23.29473876953125
2007-10-19,22.679759979248047
2007-10-22,22.740583419799805
2007-10-23,22.82843589782715
2007-10-24,22.855472564697266
2007-10-25,22.909542083740234
2007-10-26,23.3420467376709
2007-10-29,23.754283905029297
2007-10-30,23.524507522583008
2007-10-31,24.382774353027344
2007-11-01,23.740760803222656
2007-11-02,24.267887115478516
2007-11-05,24.092182159423828
2007-11-06,24.612539291381836
2007-11-07,24.02460479736328
2007-11-08,23.65290641784668
2007-11-09,23.13930892944336
2007-11-12,22.078304290771484
2007-11-13,22.6121826171875
2007-11-14,22.47702407836914
2007-11-15,21.557941436767578
2007-11-16,21.848533630371094
2007-11-19,21.301136016845703
2007-11-20,21.632274627685547
2007-11-21,21.091638565063477
2007-11-23,21.524150848388672
2007-11-26,21.578214645385742
2007-11-27,21.233558654785156
2007-11-28,21.828256607055664
2007-11-29,21.902589797973633
2007-11-30,21.5647029876709
2007-12-03,21.490360260009766
2007-12-04,21.08487892150879
2007-12-05,21.361963272094727
2007-12-06,21.58497428894043
2007-12-07,21.67282485961914
2007-12-10,21.8079776763916
2007-12-11,21.220041275024414
2007-12-12,21.42953872680664
2007-12-13,21.253833770751953
2007-12-14,21.138944625854492
2007-12-17,20.969993591308594
2007-12-18,20.949722290039062
2007-12-19,21.06460952758789
2007-12-20,21.152462005615234
2007-12-21,21.59848976135254
2007-12-24,21.960390090942383
2007-12-26,22.042482376098633
2007-12-27,22.028806686401367
2007-12-28,22.261409759521484
2007-12-31,21.974079132080078
2008-01-02,22.16562843322754
2008-01-03,22.261409759521484
2008-01-04,21.707263946533203
2008-01-07,21.3994083404541
2008-01-08,21.269418716430664
2008-01-09,21.324155807495117
2008-01-10,21.41309356689453
2008-01-11,21.071027755737305
2008-01-14,21.2557430267334
2008-01-15,20.681079864501953
2008-01-16,20.120092391967773
2008-01-17,19.538591384887695
2008-01-18,19.5180606842041
2008-01-22,19.40176773071289
2008-01-23,19.60016441345215
2008-01-24,20.236392974853516
2008-01-25,20.277446746826172
2008-01-28,20.236392974853516
2008-01-29,20.660558700561523
2008-01-30,20.694761276245117
2008-01-31,20.715282440185547
2008-02-01,21.153121948242188
2008-02-04,20.79737663269043
2008-02-05,20.35954475402832
2008-02-06,20.41427230834961
2008-02-07,20.222715377807617
2008-02-08,20.551095962524414
2008-02-11,20.763168334960938
2008-02-12,20.722131729125977
2008-02-13,21.091554641723633
2008-02-14,20.920515060424805
2008-02-15,20.783700942993164
2008-02-19,20.913681030273438
2008-02-20,21.228376388549805
2008-02-21,21.214693069458008
2008-02-22,21.324155807495117
2008-02-25,21.857769012451172
2008-02-26,22.254560470581055
2008-02-27,22.254560470581055
2008-02-28,22.541894912719727
2008-02-29,21.898815155029297
2008-03-03,21.734628677368164
2008-03-04,21.48150062561035
2008-03-05,21.898815155029297
2008-03-06,21.46097755432129
2008-03-07,21.228376388549805
2008-03-10,20.694761276245117
2008-03-11,21.296785354614258
2008-03-12,21.30362892150879
2008-03-13,21.64569091796875
2008-03-14,21.358356475830078
2008-03-17,20.61266326904297
2008-03-18,20.995773315429688
2008-03-19,19.853288650512695
2008-03-20,19.853288650512695
2008-03-24,20.318490982055664
2008-03-25,20.824745178222656
2008-03-26,20.86579704284668
2008-03-27,20.86579704284668
2008-03-28,20.70160484313965
2008-03-31,20.735807418823242
2008-04-01,20.988933563232422
2008-04-02,21.276262283325195
2008-04-03,21.556758880615234
2008-04-04,21.632003784179688
2008-04-07,21.63885498046875
2008-04-08,21.673049926757812
2008-04-09,21.604650497436523
2008-04-10,21.83040428161621
2008-04-11,21.372039794921875
2008-04-14,21.53623390197754
2008-04-15,21.734628677368164
2008-04-16,22.562423706054688
2008-04-17,22.39822769165039
2008-04-18,22.678720474243164
2008-04-21,22.856597900390625
2008-04-22,22.870281219482422
2008-04-23,22.240877151489258
2008-04-24,22.11773681640625
2008-04-25,22.336660385131836
2008-04-28,22.32297706604004
2008-04-29,21.885133743286133
2008-04-30,22.206674575805664
2008-05-01,22.13825798034668
2008-05-02,22.5145320892334
2008-05-05,22.60346031188965
2008-05-06,23.08919334411621
2008-05-07,22.911319732666016
2008-05-08,23.08919334411621
2008-05-09,23.212337493896484
2008-05-12,23.56808853149414
2008-05-13,23.44493865966797
2008-05-14,23.438091278076172
2008-05-15,23.855411529541016
2008-05-16,24.163270950317383
2008-05-19,24.211158752441406
2008-05-20,24.457433700561523
2008-05-21,24.17694854736328
2008-05-22,24.224842071533203
2008-05-23,24.03328514099121
2008-05-27,23.561229705810547
2008-05-28,23.923830032348633
2008-05-29,23.725427627563477
2008-05-30,23.951189041137695
2008-06-02,23.882783889770508
2008-06-03,23.533878326416016
2008-06-04,23.362842559814453
2008-06-05,23.869091033935547
2008-06-06,23.711748123168945
2008-06-09,23.68438148498535
2008-06-10,23.23285484313965
2008-06-11,23.410734176635742
2008-06-12,23.068675994873047
2008-06-13,23.239707946777344
2008-06-16,23.622806549072266
2008-06-17,23.951189041137695
2008-06-18,23.93067169189453
2008-06-19,23.52703857421875
2008-06-20,23.13024139404297
2008-06-23,23.301273345947266
2008-06-24,22.986574172973633
2008-06-25,22.970787048339844
2008-06-26,22.723644256591797
2008-06-27,22.819751739501953
2008-06-30,22.76483154296875
2008-07-01,22.819751739501953
2008-07-02,22.33232307434082
2008-07-03,22.17442512512207
2008-07-07,21.844898223876953
2008-07-08,21.92728614807129
2008-07-09,21.73505973815918
2008-07-10,21.98906898498535
2008-07-11,21.879228591918945
2008-07-14,21.995933532714844
2008-07-15,21.391803741455078
2008-07-16,21.73505973815918
2008-07-17,21.59775733947754
2008-07-18,21.707595825195312
2008-07-21,22.057723999023438
2008-07-22,21.872365951538086
2008-07-23,21.638944625854492
2008-07-24,20.979887008666992
2008-07-25,21.18584442138672
2008-07-28,20.966163635253906
2008-07-29,21.034814834594727
2008-07-30,21.645811080932617
2008-07-31,21.522239685058594
2008-08-01,21.144657135009766
2008-08-04,20.45813751220703
2008-08-05,20.526790618896484
2008-08-06,20.767074584960938
2008-08-07,20.478742599487305
2008-08-08,20.149208068847656
2008-08-11,20.025636672973633
2008-08-12,19.970718383789062
2008-08-13,20.286514282226562
2008-08-14,20.31397247314453
2008-08-15,19.991313934326172
2008-08-18,19.888330459594727
2008-08-19,19.888330459594727
2008-08-20,20.334564208984375
2008-08-21,20.938701629638672
2008-08-22,20.760208129882812
2008-08-25,20.430679321289062
2008-08-26,20.47187042236328
2008-08-27,20.87691307067871
2008-08-28,21.10346221923828
2008-08-29,20.856319427490234
2008-09-02,20.114885330200195
2008-09-03,19.970718383789062
2008-09-04,19.304798126220703
2008-09-05,19.455827713012695
2008-09-08,19.20868492126465
2008-09-09,18.329944610595703
2008-09-10,18.837968826293945
2008-09-11,19.12630271911621
2008-09-12,19.50388526916504
2008-09-15,18.508441925048828
2008-09-16,18.61827850341797
2008-09-17,18.06219482421875
2008-09-18,18.515302658081055
2008-09-19,19.915790557861328
2008-09-22,19.9981746673584
2008-09-23,19.819684982299805
2008-09-24,19.709840774536133
2008-09-25,19.675512313842773
2008-09-26,19.06451988220215
2008-09-29,17.712087631225586
2008-09-30,18.08280372619629
2008-10-01,17.95236587524414
2008-10-02,16.483213424682617
2008-10-03,16.15369415283203
2008-10-06,15.329878807067871
2008-10-07,14.444271087646484
2008-10-08,14.801259994506836
2008-10-09,13.675375938415527
2008-10-10,12.940805435180664
2008-10-13,14.540387153625488
2008-10-14,14.004900932312012
2008-10-15,12.872150421142578
2008-10-16,12.906476974487305
2008-10-17,13.091839790344238
2008-10-20,13.929383277893066
2008-10-21,13.167354583740234
2008-10-22,12.055196762084961
2008-10-23,12.123855590820312
2008-10-24,11.801190376281738
2008-10-27,10.840068817138672
2008-10-28,11.801190376281738
2008-10-29,12.446513175964355
2008-10-30,13.215411186218262
2008-10-31,13.167354583740234
2008-11-03,13.435091018676758
2008-11-04,14.471731185913086
2008-11-05,13.853873252868652
2008-11-06,13.194816589355469
2008-11-07,13.194816589355469
2008-11-10,13.26346492767334
2008-11-11,12.776040077209473
2008-11-12,11.71881103515625
2008-11-13,12.604410171508789
2008-11-14,12.034605979919434
2008-11-17,11.773728370666504
2008-11-18,11.691346168518066
2008-11-19,11.162728309631348
2008-11-20,9.933871269226074
2008-11-21,10.435027122497559
2008-11-24,11.107810974121094
2008-11-25,11.32062816619873
2008-11-26,11.499123573303223
2008-11-28,11.74626636505127
2008-12-01,11.217653274536133
2008-12-02,11.00483226776123
2008-12-03,10.970505714416504
2008-12-04,10.476215362548828
2008-12-05,10.599788665771484
2008-12-08,11.203922271728516
2008-12-09,11.02542781829834
2008-12-10,11.203922271728516
2008-12-11,11.251975059509277
2008-12-12,11.306900024414062
2008-12-15,11.327493667602539
2008-12-16,11.917899131774902
2008-12-17,11.876703262329102
2008-12-18,11.547179222106934
2008-12-19,11.533448219299316
2008-12-22,11.217653274536133
2008-12-23,11.411701202392578
2008-12-24,11.362663269042969
2008-12-26,11.341647148132324
2008-12-29,11.691914558410645
2008-12-30,11.972125053405762
2008-12-31,12.210310935974121
2009-01-02,12.525547981262207
2009-01-05,12.903838157653809
2009-01-06,13.226079940795898
2009-01-07,12.693680763244629
2009-01-08,12.96688461303711
2009-01-09,12.637638092041016
2009-01-12,12.01416015625
2009-01-13,12.126241683959961
2009-01-14,11.572822570800781
2009-01-15,11.71292781829834
2009-01-16,11.867046356201172
2009-01-20,11.033411979675293
2009-01-21,11.537796020507812
2009-01-22,11.173519134521484
2009-01-23,11.551810264587402
2009-01-26,11.66389274597168
2009-01-27,11.818009376525879
2009-01-28,12.168278694152832
2009-01-29,11.85303783416748
2009-01-30,11.698918342590332
2009-02-02,11.467743873596191
2009-02-03,11.60784912109375
2009-02-04,11.6708984375
2009-02-05,11.979134559631348
2009-02-06,12.23132610321045
2009-02-09,12.329402923583984
2009-02-10,11.754962921142578
2009-02-11,11.705924034118652
2009-02-12,11.71292781829834
2009-02-13,11.614856719970703
2009-02-17,10.87228775024414
2009-02-18,10.76020336151123
2009-02-19,10.711166381835938
2009-02-20,10.55004596710205
2009-02-23,10.094697952270508
2009-02-24,10.430952072143555
2009-02-25,10.430952072143555
2009-02-26,10.753199577331543
2009-02-27,10.57105827331543
2009-03-02,9.78646183013916
2009-03-03,9.79346752166748
2009-03-04,10.157745361328125
2009-03-05,9.821489334106445
2009-03-06,9.828495025634766
2009-03-09,9.660367965698242
2009-03-10,10.220791816711426
2009-03-11,10.374908447265625
2009-03-12,10.823250770568848
2009-03-13,10.844268798828125
2009-03-16,11.026406288146973
2009-03-17,11.250578880310059
2009-03-18,11.586834907531738
2009-03-19,11.789986610412598
2009-03-20,11.446728706359863
2009-03-23,12.23132610321045
2009-03-24,12.01416015625
2009-03-25,12.007155418395996
2009-03-26,12.266353607177734
2009-03-27,11.951108932495117
2009-03-30,11.348651885986328
2009-03-31,11.530790328979492
2009-04-01,11.902074813842773
2009-04-02,12.19629955291748
2009-04-03,12.42747688293457
2009-04-06,12.29437255859375
2009-04-07,11.958120346069336
2009-04-08,12.077207565307617
2009-04-09,12.616618156433105
2009-04-13,12.791753768920898
2009-04-14,12.665657997131348
2009-04-15,12.88282299041748
2009-04-16,12.980899810791016
2009-04-17,13.05795669555664
2009-04-20,12.38544750213623
2009-04-21,12.58159351348877
2009-04-22,12.58159351348877
2009-04-23,12.952875137329102
2009-04-24,13.261112213134766
2009-04-27,12.92485523223877
2009-04-28,12.81277084350586
2009-04-29,13.177050590515137
2009-04-30,13.128005981445312
2009-05-01,13.555336952209473
2009-05-04,14.178804397583008
2009-05-05,14.178804397583008
2009-05-06,14.669180870056152
2009-05-07,14.29089641571045
2009-05-08,14.956403732299805
2009-05-11,14.655174255371094
2009-05-12,14.68319320678711
2009-05-13,13.884583473205566
2009-05-14,14.234851837158203
2009-05-15,14.017685890197754
2009-05-18,14.634157180786133
2009-05-19,14.718226432800293
2009-05-20,15.166565895080566
2009-05-21,14.809288024902344
2009-05-22,15.068490028381348
2009-05-26,15.544853210449219
2009-05-27,15.362713813781738
2009-05-28,15.811054229736328
2009-05-29,16.18233871459961
2009-06-01,16.462547302246094
2009-06-02,16.56062126159668
2009-06-03,15.797043800354004
2009-06-04,16.17533302307129
2009-06-05,15.958168029785156
2009-06-08,15.951164245605469
2009-06-09,16.168325424194336
2009-06-10,16.11929702758789
2009-06-11,16.37148666381836
2009-06-12,16.133298873901367
2009-06-15,15.49581241607666
2009-06-16,15.348702430725098
2009-06-17,15.019448280334473
2009-06-18,15.040467262268066
2009-06-19,15.250621795654297
2009-06-22,14.40298080444336
2009-06-23,14.473341941833496
2009-06-24,14.804039001464844
2009-06-25,15.198065757751465
2009-06-26,15.183988571166992
2009-06-29,15.373970985412598
2009-06-30,15.0714111328125
2009-07-01,15.289534568786621
2009-07-02,14.958836555480957
2009-07-06,14.6703519821167
2009-07-07,14.283367156982422
2009-07-08,13.980813026428223
2009-07-09,14.241146087646484
2009-07-10,14.093389511108398
2009-07-13,14.445199966430664
2009-07-14,14.860331535339355
2009-07-15,15.50765609741211
2009-07-16,15.641338348388672
2009-07-17,15.767987251281738
2009-07-20,16.140901565551758
2009-07-21,16.070547103881836
2009-07-22,16.140901565551758
2009-07-23,16.66861915588379
2009-07-24,16.760087966918945
2009-07-27,16.87969970703125
2009-07-28,16.591218948364258
2009-07-29,16.288663864135742
2009-07-30,16.717872619628906
2009-07-31,17.0274600982666
2009-08-03,17.477773666381836
2009-08-04,17.386301040649414
2009-08-05,17.414445877075195
2009-08-06,17.006349563598633
2009-08-07,16.971176147460938
2009-08-10,16.781198501586914
2009-08-11,16.31681251525879
2009-08-12,16.549007415771484
2009-08-13,16.788232803344727
2009-08-14,16.61936378479004
2009-08-17,16.02129364013672
2009-08-18,16.25348472595215
2009-08-19,16.415311813354492
2009-08-20,16.54197120666504
2009-08-21,16.837488174438477
2009-08-24,16.8515567779541
2009-08-25,16.935989379882812
2009-08-26,16.8304500579834
2009-08-27,17.020423889160156
2009-08-28,16.992279052734375
2009-08-31,16.73194122314453
2009-09-01,16.302738189697266
2009-09-02,16.31681251525879
2009-09-03,16.7741641998291
2009-09-04,17.062646865844727
2009-09-08,17.322982788085938
2009-09-09,17.2033634185791
2009-09-10,17.449628829956055
2009-09-11,17.597387313842773
2009-09-14,17.70292854309082
2009-09-15,18.13213539123535
2009-09-16,18.329147338867188
2009-09-17,18.2587890625
2009-09-18,18.22360610961914
2009-09-21,17.899946212768555
2009-09-22,18.322111129760742
2009-09-23,18.0828800201416
2009-09-24,17.54109764099121
2009-09-25,17.36519432067871
2009-09-28,17.625534057617188
2009-09-29,17.70292854309082
2009-09-30,17.92808723449707
2009-10-01,17.1822566986084
2009-10-02,17.08374786376953
2009-10-05,17.47073745727539
2009-10-06,17.843650817871094
2009-10-07,17.96326446533203
2009-10-08,18.329147338867188
2009-10-09,18.371366500854492
2009-10-12,18.526155471801758
2009-10-13,18.490976333618164
2009-10-14,18.856855392456055
2009-10-15,18.687992095947266
2009-10-16,18.645774841308594
2009-10-19,18.849822998046875
2009-10-20,18.46986961364746
2009-10-21,18.34322166442871
2009-10-22,18.48394203186035
2009-10-23,18.181394577026367
2009-10-26,17.667749404907227
2009-10-27,17.386301040649414
2009-10-28,16.79526710510254
2009-10-29,17.34408950805664
2009-10-30,16.781198501586914
2009-11-02,16.8515567779541
2009-11-03,17.210399627685547
2009-11-04,17.337051391601562
2009-11-05,17.534061431884766
2009-11-06,17.519994735717773
2009-11-09,18.23767852783203
2009-11-10,18.22360610961914
2009-11-11,18.30100440979004
2009-11-12,17.998449325561523
2009-11-13,18.20249366760254
2009-11-16,18.371366500854492
2009-11-17,18.56134033203125
2009-11-18,18.51912498474121
2009-11-19,18.23767852783203
2009-11-20,18.13213539123535
2009-11-23,18.46986961364746
2009-11-24,18.308040618896484
2009-11-25,18.631702423095703
2009-11-27,18.075847625732422
2009-11-30,18.23064422607422
2009-12-01,18.80760955810547
2009-12-02,18.814645767211914
2009-12-03,18.46986961364746
2009-12-04,18.23064422607422
2009-12-07,18.279890060424805
2009-12-08,17.871797561645508
2009-12-09,18.061777114868164
2009-12-10,18.209535598754883
2009-12-11,18.019554138183594
2009-12-14,18.30100440979004
2009-12-15,18.216562271118164
2009-12-16,18.392471313476562
2009-12-17,18.0054874420166
2009-12-18,18.0828800201416
2009-12-21,18.188425064086914
2009-12-22,18.423513412475586
2009-12-23,18.65789031982422
2009-12-24,18.73601531982422
2009-12-28,18.821247100830078
2009-12-29,18.785730361938477
2009-12-30,18.601072311401367
2009-12-31,18.700496673583984
2010-01-04,19.119544982910156
2010-01-05,19.226078033447266
2010-01-06,19.375228881835938
2010-01-07,19.311309814453125
2010-01-08,19.41073989868164
2010-01-11,19.35391616821289
2010-01-12,19.013010025024414
2010-01-13,19.204769134521484
2010-01-14,19.261587142944336
2010-01-15,18.977493286132812
2010-01-19,18.998804092407227
2010-01-20,18.5655574798584
2010-01-21,18.182037353515625
2010-01-22,17.81270980834961
2010-01-25,17.8624267578125
2010-01-26,17.80561065673828
2010-01-27,17.72037696838379
2010-01-28,17.535717010498047
2010-01-29,17.358158111572266
2010-02-01,17.68486976623535
2010-02-02,17.897937774658203
2010-02-03,17.819812774658203
2010-02-04,17.280031204223633
2010-02-05,17.407878875732422
2010-02-08,17.223215103149414
2010-02-09,17.56412696838379
2010-02-10,17.699068069458008
2010-02-11,18.103906631469727
2010-02-12,18.111003875732422
2010-02-16,18.5229434967041
2010-02-17,18.54425811767578
2010-02-18,18.764427185058594
2010-02-19,18.77863121032715
2010-02-22,18.664989471435547
2010-02-23,18.196243286132812
2010-02-24,18.267261505126953
2010-02-25,18.345386505126953
2010-02-26,18.402206420898438
2010-03-01,18.77863121032715
2010-03-02,19.055620193481445
2010-03-03,19.197668075561523
2010-03-04,19.14084815979004
2010-03-05,19.43204689025879
2010-03-08,19.47466278076172
2010-03-09,19.43204689025879
2010-03-10,19.467559814453125
2010-03-11,19.53858184814453
2010-03-12,19.666423797607422
2010-03-15,19.638017654418945
2010-03-16,19.922107696533203
2010-03-17,20.02153968811035
2010-03-18,19.82978057861328
2010-03-19,19.69483184814453
2010-03-22,19.652219772338867
2010-03-23,19.82978057861328
2010-03-24,19.510173797607422
2010-03-25,19.545682907104492
2010-03-26,19.517269134521484
2010-03-29,19.75875473022461
2010-03-30,19.822677612304688
2010-03-31,19.822677612304688
2010-04-01,20.184894561767578
2010-04-05,20.334043502807617
2010-04-06,20.319843292236328
2010-04-07,20.149385452270508
2010-04-08,20.213302612304688
2010-04-09,20.32694435119629
2010-04-12,20.29143524169922
2010-04-13,20.227510452270508
2010-04-14,20.44058609008789
2010-04-15,20.412174224853516
2010-04-16,19.936315536499023
2010-04-19,19.964725494384766
2010-04-20,20.341148376464844
2010-04-21,20.29143524169922
2010-04-22,20.348251342773438
2010-04-23,20.433481216430664
2010-04-26,20.490299224853516
2010-04-27,19.915008544921875
2010-04-28,19.964725494384766
2010-04-29,20.32694435119629
2010-04-30,20.049949645996094
2010-05-03,20.213302612304688
2010-05-04,19.623809814453125
2010-05-05,19.275793075561523
2010-05-06,18.743114471435547
2010-05-07,18.721813201904297
2010-05-10,19.53858184814453
2010-05-11,19.652219772338867
2010-05-12,20.000234603881836
2010-05-13,19.78716468811035
2010-05-14,19.43204689025879
2010-05-17,19.204769134521484
2010-05-18,19.04141616821289
2010-05-19,18.81414222717285
2010-05-20,17.897937774658203
2010-05-21,18.238853454589844
2010-05-24,18.02578353881836
2010-05-25,18.061288833618164
2010-05-26,18.08970069885254
2010-05-27,18.743114471435547
2010-05-28,18.58686637878418
2010-06-01,18.366697311401367
2010-06-02,18.977493286132812
2010-06-03,18.94198226928711
2010-06-04,18.253053665161133
2010-06-07,18.096803665161133
2010-06-08,18.402206420898438
2010-06-09,18.316978454589844
2010-06-10,18.885168075561523
2010-06-11,18.885168075561523
2010-06-14,18.93488121032715
2010-06-15,19.446252822875977
2010-06-16,19.481761932373047
2010-06-17,19.481761932373047
2010-06-18,19.616710662841797
2010-06-21,19.53858184814453
2010-06-22,19.233182907104492
2010-06-23,19.05443572998047
2010-06-24,18.732690811157227
2010-06-25,18.897136688232422
2010-06-28,18.768434524536133
2010-06-29,17.896156311035156
2010-06-30,17.781753540039062
2010-07-01,17.59586524963379
2010-07-02,17.59586524963379
2010-07-06,17.746009826660156
2010-07-07,18.189302444458008
2010-07-08,18.339447021484375
2010-07-09,18.739839553833008
2010-07-12,18.68979263305664
2010-07-13,18.90428924560547
2010-07-14,18.81133460998535
2010-07-15,18.925737380981445
2010-07-16,18.360897064208984
2010-07-19,18.289400100708008
2010-07-20,18.63258934020996
2010-07-21,18.339447021484375
2010-07-22,18.754138946533203
2010-07-23,18.8685359954834
2010-07-26,19.004384994506836
2010-07-27,18.90428924560547
2010-07-28,18.832786560058594
2010-07-29,18.961484909057617
2010-07-30,19.061582565307617
2010-08-02,19.4047794342041
2010-08-03,19.29753303527832
2010-08-04,19.469125747680664
2010-08-05,19.36903190612793
2010-08-06,19.21888542175293
2010-08-09,19.290380477905273
2010-08-10,19.183130264282227
2010-08-11,18.51819610595703
2010-08-12,18.44669532775879
2010-08-13,18.425243377685547
2010-08-16,18.396642684936523
2010-08-17,18.9185791015625
2010-08-18,19.075885772705078
2010-08-19,18.81133460998535
2010-08-20,18.654041290283203
2010-08-23,18.546794891357422
2010-08-24,18.182147979736328
2010-08-25,18.282249450683594
2010-08-26,18.332294464111328
2010-08-27,18.81848907470703
2010-08-30,18.739839553833008
2010-08-31,18.66118812561035
2010-09-01,19.047283172607422
2010-09-02,19.204580307006836
2010-09-03,19.469125747680664
2010-09-07,19.31183433532715
2010-09-08,19.39047622680664
2010-09-09,19.440534591674805
2010-09-10,19.47627830505371
2010-09-13,19.740825653076172
2010-09-14,19.798023223876953
2010-09-15,19.73367691040039
2010-09-16,19.78372573852539
2010-09-17,19.69077491760254
2010-09-20,19.862375259399414
2010-09-21,19.81232452392578
2010-09-22,19.6550235748291
2010-09-23,19.51917266845703
2010-09-24,19.876670837402344
2010-09-27,19.776567459106445
2010-09-28,19.883821487426758
2010-09-29,19.941017150878906
2010-09-30,20.04112434387207
2010-10-01,20.255615234375
2010-10-04,20.126916885375977
2010-10-05,20.534460067749023
2010-10-06,20.66316032409668
2010-10-07,20.41291046142578
2010-10-08,20.670307159423828
2010-10-11,20.734655380249023
2010-10-12,20.741802215576172
2010-10-13,21.02065086364746
2010-10-14,20.927703857421875
2010-10-15,20.79185676574707
2010-10-18,20.741802215576172
2010-10-19,20.31281280517578
2010-10-20,20.598804473876953
2010-10-21,20.477256774902344
2010-10-22,20.44151496887207
2010-10-25,20.64885711669922
2010-10-26,20.598804473876953
2010-10-27,20.355710983276367
2010-10-28,20.44866371154785
2010-10-29,20.677453994750977
2010-11-01,20.756107330322266
2010-11-02,20.891950607299805
2010-11-03,20.93485450744629
2010-11-04,21.39959716796875
2010-11-05,21.456796646118164
2010-11-08,21.55689239501953
2010-11-09,21.342395782470703
2010-11-10,21.492544174194336
2010-11-11,21.421045303344727
2010-11-12,21.013500213623047
2010-11-15,20.99920082092285
2010-11-16,20.48441505432129
2010-11-17,20.534460067749023
2010-11-18,20.90625762939453
2010-11-19,21.12790298461914
2010-11-22,21.12790298461914
2010-11-23,20.770408630371094
2010-11-24,21.177946090698242
2010-11-26,21.00635528564453
2010-11-29,21.04924964904785
2010-11-30,20.970603942871094
2010-12-01,21.47824478149414
2010-12-02,21.764236450195312
2010-12-03,21.807140350341797
2010-12-06,21.85003089904785
2010-12-07,21.742788314819336
2010-12-08,21.599790573120117
2010-12-09,21.64269256591797
2010-12-10,21.807140350341797
2010-12-13,21.914382934570312
2010-12-14,21.90008544921875
2010-12-15,21.85719108581543
2010-12-16,21.77854347229004
2010-12-17,21.721338272094727
2010-12-20,21.614093780517578
2010-12-21,21.836650848388672
2010-12-22,21.923362731933594
2010-12-23,22.038976669311523
2010-12-27,22.01007080078125
2010-12-28,22.161815643310547
2010-12-29,22.3641357421875
2010-12-30,22.349687576293945
2010-12-31,22.4002685546875
2011-01-03,22.580917358398438
2011-01-04,22.342464447021484
2011-01-05,22.385818481445312
2011-01-06,22.277429580688477
2011-01-07,22.291881561279297
2011-01-10,22.205171585083008
2011-01-11,22.530336380004883
2011-01-12,22.71820640563965
2011-01-13,22.57368278503418
2011-01-14,22.63149642944336
2011-01-18,22.754337310791016
2011-01-19,22.494199752807617
2011-01-20,22.291881561279297
2011-01-21,22.342464447021484
2011-01-24,22.4002685546875
2011-01-25,22.197948455810547
2011-01-26,22.57368278503418
2011-01-27,22.537559509277344
2011-01-28,22.40749168395996
2011-01-31,22.609821319580078
2011-02-01,23.065053939819336
2011-02-02,23.101179122924805
2011-02-03,23.274600982666016
2011-02-04,23.274600982666016
2011-02-07,23.260147094726562
2011-02-08,23.289051055908203
2011-02-09,23.130081176757812
2011-02-10,23.20956802368164
2011-02-11,23.281831741333008
2011-02-14,23.46969985961914
2011-02-15,23.462474822998047
2011-02-16,23.809314727783203
2011-02-17,23.9249324798584
2011-02-18,23.9249324798584
2011-02-22,23.556411743164062
2011-02-23,23.592546463012695
2011-02-24,23.563640594482422
2011-02-25,23.97551155090332
2011-02-28,24.329578399658203
2011-03-01,24.18506622314453
2011-03-02,24.300678253173828
2011-03-03,24.488554000854492
2011-03-04,24.5535888671875
2011-03-07,24.22841453552246
2011-03-08,24.134483337402344
2011-03-09,24.00441551208496
2011-03-10,23.375762939453125
2011-03-11,23.549184799194336
2011-03-14,23.448026657104492
2011-03-15,23.065053939819336
2011-03-16,22.855499267578125
2011-03-17,23.346866607666016
2011-03-18,23.46969985961914
2011-03-21,23.97551155090332
2011-03-22,23.953840255737305
2011-03-23,24.026090621948242
2011-03-24,24.0694522857666
2011-03-25,23.939382553100586
2011-03-28,23.758737564086914
2011-03-29,23.896024703979492
2011-03-30,24.23565101623535
2011-03-31,24.286230087280273
2011-04-01,24.5174617767334
2011-04-04,24.568031311035156
2011-04-05,24.71255874633789
2011-04-06,24.719783782958984
2011-04-07,24.54636001586914
2011-04-08,24.777591705322266
2011-04-11,24.394617080688477
2011-04-12,23.93215560913086
2011-04-13,23.968286514282227
2011-04-14,23.98274040222168
2011-04-15,23.9249324798584
2011-04-18,23.67202377319336
2011-04-19,23.9249324798584
2011-04-20,24.26455307006836
2011-04-21,24.452423095703125
2011-04-25,24.293453216552734
2011-04-26,24.365711212158203
2011-04-27,24.37293243408203
2011-04-28,24.358484268188477
2011-04-29,24.351259231567383
2011-05-02,24.430742263793945
2011-05-03,23.953840255737305
2011-05-04,23.67202377319336
2011-05-05,23.151762008666992
2011-05-06,23.325180053710938
2011-05-09,23.592546463012695
2011-05-10,23.693702697753906
2011-05-11,23.224018096923828
2011-05-12,23.151762008666992
2011-05-13,22.956661224365234
2011-05-16,22.949434280395508
2011-05-17,23.05782699584961
2011-05-18,23.411890029907227
2011-05-19,23.462474822998047
2011-05-20,23.36853790283203
2011-05-23,22.949434280395508
2011-05-24,23.187891006469727
2011-05-25,23.42634391784668
2011-05-26,23.520280838012695
2011-05-27,23.541959762573242
2011-05-31,23.77318572998047
2011-06-01,23.101179122924805
2011-06-02,23.079500198364258
2011-06-03,23.01447105407715
2011-06-06,22.63149642944336
2011-06-07,22.660400390625
2011-06-08,22.45807456970215
2011-06-09,22.682079315185547
2011-06-10,22.284656524658203
2011-06-13,22.19071388244629
2011-06-14,22.59536361694336
2011-06-15,22.132911682128906
2011-06-16,21.894454956054688
2011-06-17,21.85110092163086
2011-06-20,21.916133880615234
2011-06-21,22.4363956451416
2011-06-22,22.389846801757812
2011-06-23,22.135251998901367
2011-06-24,21.82246208190918
2011-06-27,21.931575775146484
2011-06-28,22.30982780456543
2011-06-29,22.73172950744629
2011-06-30,23.037246704101562
2011-07-01,23.20454978942871
2011-07-05,23.270021438598633
2011-07-06,23.160905838012695
2011-07-07,23.29911231994629
2011-07-08,23.233646392822266
2011-07-11,22.746274948120117
2011-07-12,22.84084129333496
2011-07-13,23.15363121032715
2011-07-14,22.97905158996582
2011-07-15,23.248191833496094
2011-07-18,22.986324310302734
2011-07-19,23.350032806396484
2011-07-20,23.45186996459961
2011-07-21,23.706462860107422
2011-07-22,23.721017837524414
2011-07-25,23.691913604736328
2011-07-26,23.488235473632812
2011-07-27,22.84084129333496
2011-07-28,22.811742782592773
2011-07-29,22.506227493286133
2011-08-01,22.549869537353516
2011-08-02,21.997039794921875
2011-08-03,22.106149673461914
2011-08-04,21.044126510620117
2011-08-05,20.680419921875
2011-08-08,19.55292320251465
2011-08-09,20.64404296875
2011-08-10,20.316709518432617
2011-08-11,21.14596176147461
2011-08-12,21.109596252441406
2011-08-15,21.596967697143555
2011-08-16,21.284170150756836
2011-08-17,21.41510772705078
2011-08-18,20.53493309020996
2011-08-19,20.222148895263672
2011-08-22,20.294891357421875
2011-08-23,20.818622589111328
2011-08-24,20.92046356201172
2011-08-25,20.745880126953125
2011-08-26,20.87681770324707
2011-08-29,21.305997848510742
2011-08-30,21.49512481689453
2011-08-31,21.74244499206543
2011-09-01,21.713340759277344
2011-09-02,21.327817916870117
2011-09-06,21.073219299316406
2011-09-07,21.487850189208984
2011-09-08,21.34236717224121
2011-09-09,20.68768882751465
2011-09-12,20.360349655151367
2011-09-13,20.556753158569336
2011-09-14,20.600406646728516
2011-09-15,21.015026092529297
2011-09-16,20.862274169921875
2011-09-19,20.44036865234375
2011-09-20,20.42582130432129
2011-09-21,19.698408126831055
2011-09-22,18.65092658996582
2011-09-23,18.498170852661133
2011-09-26,18.934621810913086
2011-09-27,19.291053771972656
2011-09-28,18.738222122192383
2011-09-29,18.854602813720703
2011-09-30,18.541818618774414
2011-10-03,17.865318298339844
2011-10-04,17.719837188720703
2011-10-05,18.49089813232422
2011-10-06,19.05101203918457
2011-10-07,18.730945587158203
2011-10-10,19.480180740356445
2011-10-11,19.34197235107422
2011-10-12,19.785703659057617
2011-10-13,19.516551971435547
2011-10-14,20.01119613647461
2011-10-17,19.50200653076172
2011-10-18,19.82206916809082
2011-10-19,19.40016746520996
2011-10-20,19.451082229614258
2011-10-21,19.807518005371094
2011-10-24,20.251245498657227
2011-10-25,19.894811630249023
2011-10-26,20.265790939331055
2011-10-27,21.058679580688477
2011-10-28,21.0877742767334
2011-10-31,20.542207717895508
2011-11-01,19.872987747192383
2011-11-02,20.134859085083008
2011-11-03,20.651321411132812
2011-11-04,20.404001235961914
2011-11-07,20.542207717895508
2011-11-08,20.665868759155273
2011-11-09,19.851163864135742
2011-11-10,19.86571502685547
2011-11-11,20.280338287353516
2011-11-14,20.062114715576172
2011-11-15,19.94573211669922
2011-11-16,19.84389305114746
2011-11-17,19.320152282714844
2011-11-18,19.349246978759766
2011-11-21,18.9055233001709
2011-11-22,18.92007064819336
2011-11-23,18.37451171875
2011-11-25,18.156288146972656
2011-11-28,18.723674774169922
2011-11-29,19.014636993408203
2011-11-30,19.97482681274414
2011-12-01,19.93117904663086
2011-12-02,19.778427124023438
2011-12-05,19.93844985961914
2011-12-06,19.94573211669922
2011-12-07,20.062114715576172
2011-12-08,19.458362579345703
2011-12-09,19.720230102539062
2011-12-12,19.31287384033203
2011-12-13,18.934621810913086
2011-12-14,18.498170852661133
2011-12-15,18.505447387695312
2011-12-16,18.738222122192383
2011-12-19,18.47634506225586
2011-12-20,18.89903450012207
2011-12-21,19.076074600219727
2011-12-22,19.385894775390625
2011-12-23,19.474414825439453
2011-12-27,19.40802001953125
2011-12-28,19.105575561523438
2011-12-29,19.319507598876953
2011-12-30,19.621944427490234
2012-01-03,20.212080001831055
2012-01-04,20.175195693969727
2012-01-05,20.04979133605957
2012-01-06,19.843244552612305
2012-01-09,19.90226173400879
2012-01-10,20.160442352294922
2012-01-11,20.064552307128906
2012-01-12,20.16782569885254
2012-01-13,20.012908935546875
2012-01-17,20.130939483642578
2012-01-18,20.381746292114258
2012-01-19,20.49976921081543
2012-01-20,20.470264434814453
2012-01-23,20.83171844482422
2012-01-24,20.55140495300293
2012-01-25,20.91286277770996
2012-01-26,20.79483985900879
2012-01-27,20.846473693847656
2012-01-30,20.706323623657227
2012-01-31,20.735824584960938
2012-02-01,20.920244216918945
2012-02-02,20.99401092529297
2012-02-03,21.23006248474121
2012-02-06,21.104660034179688
2012-02-07,21.023515701293945
2012-02-08,21.030893325805664
2012-02-09,20.979251861572266
2012-02-10,20.654682159423828
2012-02-13,20.757953643798828
2012-02-14,20.67681312561035
2012-02-15,20.721067428588867
2012-02-16,21.008760452270508
2012-02-17,20.934986114501953
2012-02-21,21.20793342590332
2012-02-22,21.29645538330078
2012-02-23,21.392343521118164
2012-02-24,21.31858253479004
2012-02-27,21.28169822692871
2012-02-28,21.466115951538086
2012-02-29,21.407100677490234
2012-03-01,21.628402709960938
2012-03-02,21.429227828979492
2012-03-05,21.119407653808594
2012-03-06,20.588289260864258
2012-03-07,20.64729881286621
2012-03-08,21.008760452270508
2012-03-09,21.08990478515625
2012-03-12,20.905488967895508
2012-03-13,21.237436294555664
2012-03-14,20.890737533569336
2012-03-15,21.04564666748047
2012-03-16,21.185800552368164
2012-03-19,21.215301513671875
2012-03-20,21.04564666748047
2012-03-21,21.060394287109375
2012-03-22,20.735824584960938
2012-03-23,20.927616119384766
2012-03-26,21.29645538330078
2012-03-27,21.119407653808594
2012-03-28,20.920244216918945
2012-03-29,20.875980377197266
2012-03-30,20.905488967895508
2012-04-02,21.24481964111328
2012-04-03,20.927616119384766
2012-04-04,20.55878448486328
2012-04-05,20.440757751464844
2012-04-09,20.25634002685547
2012-04-10,19.939144134521484
2012-04-11,20.09405517578125
2012-04-12,20.625173568725586
2012-04-13,20.24158477783203
2012-04-16,20.219453811645508
2012-04-17,20.617795944213867
2012-04-18,20.580915451049805
2012-04-19,20.529277801513672
2012-04-20,20.59566307067871
2012-04-23,20.33748435974121
2012-04-24,20.38912010192871
2012-04-25,20.713693618774414
2012-04-26,20.735824584960938
2012-04-27,20.986631393432617
2012-04-30,20.920244216918945
2012-05-01,21.03826332092285
2012-05-02,20.846473693847656
2012-05-03,20.41863250732422
2012-05-04,19.998157501220703
2012-05-07,20.064552307128906
2012-05-08,19.666210174560547
2012-05-09,19.555561065673828
2012-05-10,19.62932586669922
2012-05-11,19.61456871032715
2012-05-14,19.223604202270508
2012-05-15,18.943296432495117
2012-05-16,18.803136825561523
2012-05-17,18.640850067138672
2012-05-18,18.530193328857422
2012-05-21,18.906404495239258
2012-05-22,18.81789207458496
2012-05-23,18.98017692565918
2012-05-24,18.943296432495117
2012-05-25,18.84002113342285
2012-05-29,19.09082794189453
2012-05-30,18.63347053527832
2012-05-31,18.677736282348633
2012-06-01,18.33102798461914
2012-06-04,18.294147491455078
2012-06-05,18.5744571685791
2012-06-06,19.002307891845703
2012-06-07,18.95804214477539
2012-06-08,18.81789207458496
2012-06-11,18.51544761657715
2012-06-12,18.82526206970215
2012-06-13,18.766254425048828
2012-06-14,18.862146377563477
2012-06-15,19.009685516357422
2012-06-18,19.076074600219727
2012-06-19,19.481788635253906
2012-06-20,19.430150985717773
2012-06-21,18.68341064453125
2012-06-22,18.817291259765625
2012-06-25,18.534658432006836
2012-06-26,18.64622688293457
2012-06-27,18.772663116455078
2012-06-28,18.661102294921875
2012-06-29,19.218931198120117
2012-07-02,19.30074119567871
2012-07-03,19.776748657226562
2012-07-05,19.702373504638672
2012-07-06,19.30817413330078
2012-07-09,19.2561092376709
2012-07-10,19.003232955932617
2012-07-11,19.10736083984375
2012-07-12,18.921419143676758
2012-07-13,19.15198516845703
2012-07-16,19.159423828125
2012-07-17,19.27842140197754
2012-07-18,19.33792495727539
2012-07-19,19.538745880126953
2012-07-20,19.360240936279297
2012-07-23,19.15198516845703
2012-07-24,18.951169967651367
2012-07-25,19.077608108520508
2012-07-26,19.43461799621582
2012-07-27,19.732131958007812
2012-07-30,19.784189224243164
2012-07-31,19.553619384765625
2012-08-01,19.46436882019043
2012-08-02,19.263547897338867
2012-08-03,19.635433197021484
2012-08-06,19.6800594329834
2012-08-07,20.03706932067871
2012-08-08,19.97012710571289
2012-08-09,20.13375473022461
2012-08-10,20.22300910949707
2012-08-13,20.07425308227539
2012-08-14,20.163515090942383
2012-08-15,20.275074005126953
2012-08-16,20.565141677856445
2012-08-17,20.609769821166992
2012-08-20,20.646955490112305
2012-08-21,20.67671012878418
2012-08-22,20.632080078125
2012-08-23,20.45357894897461
2012-08-24,20.55026626586914
2012-08-27,20.520517349243164
2012-08-28,20.51307487487793
2012-08-29,20.49076271057129
2012-08-30,20.26763153076172
2012-08-31,20.45357894897461
2012-09-04,20.47589111328125
2012-09-05,20.46845054626465
2012-09-06,20.870084762573242
2012-09-07,21.227094650268555
2012-09-10,21.14527702331543
2012-09-11,21.24197006225586
2012-09-12,21.256845474243164
2012-09-13,21.63616180419922
2012-09-14,21.859298706054688
2012-09-17,21.695667266845703
2012-09-18,21.658477783203125
2012-09-19,21.651039123535156
2012-09-20,21.55434799194336
2012-09-21,21.4799747467041
2012-09-24,21.316341400146484
2012-09-25,21.13783836364746
2012-09-26,21.056020736694336
2012-09-27,21.34609603881836
2012-09-28,21.189899444580078
2012-10-01,21.34609603881836
2012-10-02,21.36841583251953
2012-10-03,21.219661712646484
2012-10-04,21.53947639465332
2012-10-05,21.49485206604004
2012-10-08,21.442787170410156
2012-10-09,21.294031143188477
2012-10-10,21.10065460205078
2012-10-11,21.212217330932617
2012-10-12,21.093215942382812
2012-10-15,21.1527156829834
2012-10-16,21.34609603881836
2012-10-17,21.613849639892578
2012-10-18,21.509727478027344
2012-10-19,21.249406814575195
2012-10-22,21.24197006225586
2012-10-23,20.922149658203125
2012-10-24,20.840333938598633
2012-10-25,21.04859161376953
2012-10-26,20.966777801513672
2012-10-31,21.189899444580078
2012-11-01,21.33865737915039
2012-11-02,21.115522384643555
2012-11-05,21.063467025756836
2012-11-06,21.182466506958008
2012-11-07,20.892398834228516
2012-11-08,20.69158172607422
2012-11-09,20.713897705078125
2012-11-12,20.736207962036133
2012-11-13,20.609769821166992
2012-11-14,20.208131790161133
2012-11-15,20.03706932067871
2012-11-16,20.15607261657715
2012-11-19,20.55769920349121
2012-11-20,20.542829513549805
2012-11-21,20.661832809448242
2012-11-23,20.95933723449707
2012-11-26,20.892398834228516
2012-11-27,20.736207962036133
2012-11-28,20.862648010253906
2012-11-29,20.95933723449707
2012-11-30,20.907276153564453
2012-12-03,20.862648010253906
2012-12-04,20.825462341308594
2012-12-05,20.89983558654785
2012-12-06,20.922149658203125
2012-12-07,20.937026977539062
2012-12-10,21.13040542602539
2012-12-11,21.227094650268555
2012-12-12,21.39072036743164
2012-12-13,21.286592483520508
2012-12-14,21.197343826293945
2012-12-17,21.286592483520508
2012-12-18,21.389848709106445
2012-12-19,21.42753791809082
2012-12-20,21.46521759033203
2012-12-21,21.344633102416992
2012-12-24,21.299407958984375
2012-12-26,21.26172637939453
2012-12-27,21.254186630249023
2012-12-28,21.10344696044922
2012-12-31,21.404924392700195
2013-01-02,21.76669692993164
2013-01-03,21.570737838745117
2013-01-04,21.69132423400879
2013-01-07,21.646106719970703
2013-01-08,21.631031036376953
2013-01-09,21.69132423400879
2013-01-10,21.879751205444336
2013-01-11,21.89482307434082
2013-01-14,21.947587966918945
2013-01-15,21.992807388305664
2013-01-16,21.887292861938477
2013-01-17,21.977731704711914
2013-01-18,22.000343322753906
2013-01-22,22.143545150756836
2013-01-23,21.940048217773438
2013-01-24,21.917434692382812
2013-01-25,21.842065811157227
2013-01-28,21.857139587402344
2013-01-29,21.977731704711914
2013-01-30,21.902360916137695
2013-01-31,21.759166717529297
2013-02-01,21.917434692382812
2013-02-04,21.796852111816406
2013-02-05,21.909896850585938
2013-02-06,21.970199584960938
2013-02-07,21.842065811157227
2013-02-08,21.842065811157227
2013-02-11,21.76669692993164
2013-02-12,21.864673614501953
2013-02-13,21.834531784057617
2013-02-14,21.78177261352539
2013-02-15,21.578271865844727
2013-02-19,21.66118049621582
2013-02-20,21.404924392700195
2013-02-21,21.269256591796875
2013-02-22,21.322017669677734
2013-02-25,21.07329559326172
2013-02-26,21.141132354736328
2013-02-27,21.329553604125977
2013-02-28,21.269256591796875
2013-03-01,21.329553604125977
2013-03-04,21.24665069580078
2013-03-05,21.269256591796875
2013-03-06,21.322017669677734
2013-03-07,21.382314682006836
2013-03-08,21.389848709106445
2013-03-11,21.49536895751953
2013-03-12,21.53305435180664
2013-03-13,21.269256591796875
2013-03-14,21.50290870666504
2013-03-15,21.608423233032227
2013-03-18,21.41246223449707
2013-03-19,21.306941986083984
2013-03-20,21.44261360168457
2013-03-21,21.329553604125977
2013-03-22,21.389848709106445
2013-03-25,21.254186630249023
2013-03-26,21.41246223449707
2013-03-27,21.389848709106445
2013-03-28,21.487834930419922
2013-04-01,21.41246223449707
2013-04-02,21.45014762878418
2013-04-03,20.990392684936523
2013-04-04,20.884876251220703
2013-04-05,20.756750106811523
2013-04-08,20.756750106811523
2013-04-09,21.028079986572266
2013-04-10,21.17127799987793
2013-04-11,21.148670196533203
2013-04-12,20.847187042236328
2013-04-15,19.99551773071289
2013-04-16,20.327136993408203
2013-04-17,19.93522071838379
2013-04-18,19.99551773071289
2013-04-19,20.11610221862793
2013-04-22,20.131181716918945
2013-04-23,20.138713836669922
2013-04-24,20.477880477905273
2013-04-25,20.643692016601562
2013-04-26,20.53817367553711
2013-04-29,20.817045211791992
2013-04-30,21.11852264404297
2013-05-01,20.930103302001953
2013-05-02,20.997928619384766
2013-05-03,21.11098289489746
2013-05-06,21.178815841674805
2013-05-07,21.269256591796875
2013-05-08,21.563201904296875
2013-05-09,21.367237091064453
2013-05-10,21.344633102416992
2013-05-13,21.2918701171875
2013-05-14,21.23910903930664
2013-05-15,21.058225631713867
2013-05-16,21.043149948120117
2013-05-17,21.050697326660156
2013-05-20,21.284332275390625
2013-05-21,21.306941986083984
2013-05-22,21.17127799987793
2013-05-23,21.11852264404297
2013-05-24,21.10344696044922
2013-05-28,21.11852264404297
2013-05-29,21.20142936706543
2013-05-30,21.322017669677734
2013-05-31,20.899951934814453
2013-06-03,21.11098289489746
2013-06-04,20.945173263549805
2013-06-05,20.658769607543945
2013-06-06,20.786895751953125
2013-06-07,20.847187042236328
2013-06-10,20.907487869262695
2013-06-11,20.643692016601562
2013-06-12,20.41758918762207
2013-06-13,20.824581146240234
2013-06-14,20.636157989501953
2013-06-17,20.809505462646484
2013-06-18,20.892414093017578
2013-06-19,20.5909366607666
2013-06-20,19.912609100341797
2013-06-21,19.837244033813477
2013-06-24,19.528223037719727
2013-06-25,19.73926544189453
2013-06-26,19.822162628173828
2013-06-27,19.901470184326172
2013-06-28,19.939594268798828
2013-07-01,19.992963790893555
2013-07-02,19.96246910095215
2013-07-03,19.90909194946289
2013-07-05,19.855722427368164
2013-07-08,20.02347183227539
2013-07-09,20.25984764099121
2013-07-10,20.275096893310547
2013-07-11,20.869853973388672
2013-07-12,20.770729064941406
2013-07-15,20.869853973388672
2013-07-16,20.93085289001465
2013-07-17,20.9537296295166
2013-07-18,21.174856185913086
2013-07-19,21.28160285949707
2013-07-22,21.441734313964844
2013-07-23,21.487483978271484
2013-07-24,21.304481506347656
2013-07-25,21.434114456176758
2013-07-26,21.3807315826416
2013-07-29,21.464611053466797
2013-07-30,21.174856185913086
2013-07-31,21.068105697631836
2013-08-01,21.12148094177246
2013-08-02,21.045228958129883
2013-08-05,20.97660255432129
2013-08-06,20.83172607421875
2013-08-07,20.633472442626953
2013-08-08,21.075729370117188
2013-08-09,21.113855361938477
2013-08-12,21.174856185913086
2013-08-13,21.205354690551758
2013-08-14,21.23586082458496
2013-08-15,21.373111724853516
2013-08-16,21.373111724853516
2013-08-19,21.090974807739258
2013-08-20,21.129106521606445
2013-08-21,20.808855056762695
2013-08-22,20.91560173034668
2013-08-23,21.106229782104492
2013-08-26,21.09860610961914
2013-08-27,20.862228393554688
2013-08-28,20.900358200073242
2013-08-29,20.93085289001465
2013-08-30,20.885107040405273
2013-09-03,21.02998161315918
2013-09-04,21.136728286743164
2013-09-05,21.28160285949707
2013-09-06,21.418853759765625
2013-09-09,21.54085922241211
2013-09-10,21.548484802246094
2013-09-11,21.655241012573242
2013-09-12,21.40361213684082
2013-09-13,21.40361213684082
2013-09-16,21.61711311340332
2013-09-17,21.693363189697266
2013-09-18,22.005990982055664
2013-09-19,21.883991241455078
2013-09-20,21.64760971069336
2013-09-23,21.639986038208008
2013-09-24,21.64760971069336
2013-09-25,21.61711311340332
2013-09-26,21.655241012573242
2013-09-27,21.678112030029297
2013-09-30,21.586610794067383
2013-10-01,21.678112030029297
2013-10-02,21.639986038208008
2013-10-03,21.479862213134766
2013-10-04,21.586610794067383
2013-10-07,21.5789852142334
2013-10-08,21.31972885131836
2013-10-09,21.342605590820312
2013-10-10,21.655241012573242
2013-10-11,21.739112854003906
2013-10-14,21.78486442565918
2013-10-15,21.723857879638672
2013-10-16,21.86111831665039
2013-10-17,22.066991806030273
2013-10-18,22.24999237060547
2013-10-21,22.29574203491211
2013-10-22,22.44824981689453
2013-10-23,22.257617950439453
2013-10-24,22.29574203491211
2013-10-25,22.356746673583984
2013-10-28,22.356746673583984
2013-10-29,22.402494430541992
2013-10-30,22.402494430541992
2013-10-31,22.387248992919922
2013-11-01,22.318620681762695
2013-11-04,22.387248992919922
2013-11-05,22.29574203491211
2013-11-06,22.44824981689453
2013-11-07,22.21949577331543
2013-11-08,22.356746673583984
2013-11-11,22.32624626159668
2013-11-12,22.234743118286133
2013-11-13,22.387248992919922
2013-11-14,22.47874641418457
2013-11-15,22.57787322998047
2013-11-18,22.593122482299805
2013-11-19,22.471118927001953
2013-11-20,22.501619338989258
2013-11-21,22.44824981689453
2013-11-22,22.45587158203125
2013-11-25,22.37961769104004
2013-11-26,22.211864471435547
2013-11-27,22.097488403320312
2013-11-29,22.181365966796875
2013-12-02,22.097488403320312
2013-12-03,21.883991241455078
2013-12-04,21.800119400024414
2013-12-05,21.716238021850586
2013-12-06,21.815366744995117
2013-12-09,21.92973518371582
2013-12-10,21.998361587524414
2013-12-11,21.670482635498047
2013-12-12,21.57136344909668
2013-12-13,21.64760971069336
2013-12-16,21.8077392578125
2013-12-17,21.74673843383789
2013-12-18,21.868871688842773
2013-12-19,22.023475646972656
2013-12-20,22.09305191040039
2013-12-23,22.247657775878906
2013-12-24,22.35588264465332
2013-12-26,22.471834182739258
2013-12-27,22.30950164794922
2013-12-30,22.433185577392578
2013-12-31,22.54140281677246
2014-01-02,22.386798858642578
2014-01-03,22.371339797973633
2014-01-06,22.22446632385254
2014-01-07,22.13943862915039
2014-01-08,22.123973846435547
2014-01-09,22.062135696411133
2014-01-10,22.162626266479492
2014-01-13,22.13943862915039
2014-01-14,21.9925594329834
2014-01-15,22.09305191040039
2014-01-16,22.216732025146484
2014-01-17,22.209007263183594
2014-01-21,22.33268928527832
2014-01-22,22.185813903808594
2014-01-23,22.108510971069336
2014-01-24,21.76065444946289
2014-01-27,21.44371223449707
2014-01-28,21.567394256591797
2014-01-29,21.44371223449707
2014-01-30,21.606046676635742
2014-01-31,21.59058952331543
2014-02-03,21.31229591369629
2014-02-04,21.374143600463867
2014-02-05,21.459171295166016
2014-02-06,21.752918243408203
2014-02-07,21.91525650024414
2014-02-10,21.91525650024414
2014-02-11,22.11624526977539
2014-02-12,22.209007263183594
2014-02-13,22.371339797973633
2014-02-14,22.46410369873047
2014-02-18,22.54140281677246
2014-02-19,22.371339797973633
2014-02-20,22.46410369873047
2014-02-21,22.409992218017578
2014-02-24,22.525949478149414
2014-02-25,22.502756118774414
2014-02-26,22.40226173400879
2014-02-27,22.433185577392578
2014-02-28,22.556867599487305
2014-03-03,22.502756118774414
2014-03-04,22.595523834228516
2014-03-05,22.71920394897461
2014-03-06,22.796506881713867
2014-03-07,22.634170532226562
2014-03-10,22.626445770263672
2014-03-11,22.57233428955078
2014-03-12,22.680551528930664
2014-03-13,22.634170532226562
2014-03-14,22.518213272094727
2014-03-17,22.61098289489746
2014-03-18,22.67281723022461
2014-03-19,22.409992218017578
2014-03-20,22.4409122467041
2014-03-21,22.487295150756836
2014-03-24,22.4409122467041
2014-03-25,22.54913902282715
2014-03-26,22.518213272094727
2014-03-27,22.595523834228516
2014-03-28,22.696014404296875
2014-03-31,22.842884063720703
2014-04-01,22.95884132385254
2014-04-02,23.067066192626953
2014-04-03,22.943382263183594
2014-04-04,23.067066192626953
2014-04-07,22.850614547729492
2014-04-08,23.13663673400879
2014-04-09,23.345352172851562
2014-04-10,22.997495651245117
2014-04-11,22.80423355102539
2014-04-14,22.92018699645996
2014-04-15,22.92792510986328
2014-04-16,23.059329986572266
2014-04-17,23.144367218017578
2014-04-21,23.13663673400879
2014-04-22,23.20621109008789
2014-04-23,23.17528533935547
2014-04-24,23.190750122070312
2014-04-25,23.159828186035156
2014-04-28,23.190750122070312
2014-04-29,23.4844970703125
2014-04-30,23.608177185058594
2014-05-01,23.56953239440918
2014-05-02,23.67776107788086
2014-05-05,23.615909576416016
2014-05-06,23.631370544433594
2014-05-07,23.670028686523438
2014-05-08,23.65456199645996
2014-05-09,23.492225646972656
2014-05-12,23.685482025146484
2014-05-13,23.700944900512695
2014-05-14,23.73958969116211
2014-05-15,23.615909576416016
2014-05-16,23.54633903503418
2014-05-19,23.592721939086914
2014-05-20,23.45357322692871
2014-05-21,23.65456199645996
2014-05-22,23.77052116394043
2014-05-23,23.855552673339844
2014-05-27,23.762788772583008
2014-05-28,23.670028686523438
2014-05-29,23.693214416503906
2014-05-30,23.73186683654785
2014-06-02,23.70867347717285
2014-06-03,23.77052116394043
2014-06-04,23.78597640991211
2014-06-05,23.809165954589844
2014-06-06,23.886472702026367
2014-06-09,24.002424240112305
2014-06-10,24.048809051513672
2014-06-11,24.141571044921875
2014-06-12,24.1956787109375
2014-06-13,24.365747451782227
2014-06-16,24.46623992919922
2014-06-17,24.404394149780273
2014-06-18,24.52035140991211
2014-06-19,24.613115310668945
2014-06-20,24.767715454101562
2014-06-23,24.82956314086914
2014-06-24,24.574464797973633
2014-06-25,24.632871627807617
2014-06-26,24.811994552612305
2014-06-27,25.01447296142578
2014-06-30,25.084566116333008
2014-07-01,25.20916748046875
2014-07-02,25.224748611450195
2014-07-03,25.341564178466797
2014-07-07,25.13907814025879
2014-07-08,25.13907814025879
2014-07-09,25.28704833984375
2014-07-10,25.14687156677246
2014-07-11,24.975536346435547
2014-07-14,25.09235191345215
2014-07-15,24.9210205078125
2014-07-16,25.14687156677246
2014-07-17,25.084566116333008
2014-07-18,25.271472930908203
2014-07-21,25.24810791015625
2014-07-22,25.372718811035156
2014-07-23,25.497318267822266
2014-07-24,25.481748580932617
2014-07-25,25.427234649658203
2014-07-28,25.450597763061523
2014-07-29,25.318195343017578
2014-07-30,25.396076202392578
2014-07-31,25.045629501342773
2014-08-01,24.804203033447266
2014-08-04,24.952177047729492
2014-08-05,24.648447036743164
2014-08-06,24.780841827392578
2014-08-07,24.609506607055664
2014-08-08,24.617298126220703
2014-08-11,24.850933074951172
2014-08-12,24.858713150024414
2014-08-13,24.858713150024414
2014-08-14,24.944385528564453
2014-08-15,25.01447296142578
2014-08-18,25.076780319213867
2014-08-19,25.18580436706543
2014-08-20,25.24810791015625
2014-08-21,25.31041717529297
2014-08-22,25.26368522644043
2014-08-25,25.28704833984375
2014-08-26,25.396076202392578
2014-08-27,25.582984924316406
2014-08-28,25.567415237426758
2014-08-29,25.590776443481445
2014-09-02,25.489530563354492
2014-09-03,25.66086196899414
2014-09-04,25.544052124023438
2014-09-05,25.5751953125
2014-09-08,25.24810791015625
2014-09-09,25.302623748779297
2014-09-10,25.26368522644043
2014-09-11,25.15465545654297
2014-09-12,25.061203002929688
2014-09-15,25.084566116333008
2014-09-16,25.325984954833984
2014-09-17,25.170230865478516
2014-09-18,25.28704833984375
2014-09-19,24.98333168029785
2014-09-22,24.617298126220703
2014-09-23,24.500476837158203
2014-09-24,24.477115631103516
2014-09-25,23.978696823120117
2014-09-26,24.134449005126953
2014-09-29,24.03321075439453
2014-09-30,23.900815963745117
2014-10-01,23.713909149169922
2014-10-02,23.659395217895508
2014-10-03,23.57373046875
2014-10-06,23.729482650756836
2014-10-07,23.35566520690918
2014-10-08,23.63602638244629
2014-10-09,23.145397186279297
2014-10-10,22.70928382873535
2014-10-13,22.460065841674805
2014-10-14,22.234224319458008
2014-10-15,22.039525985717773
2014-10-16,22.374404907226562
2014-10-17,22.608041763305664
2014-10-20,22.732646942138672
2014-10-21,23.207700729370117
2014-10-22,22.7637939453125
2014-10-23,23.083097457885742
2014-10-24,23.2232723236084
2014-10-27,23.075305938720703
2014-10-28,23.456907272338867
2014-10-29,23.270008087158203
2014-10-30,23.176551818847656
2014-10-31,23.3011531829834
2014-11-03,22.94291877746582
2014-11-04,22.615829467773438
2014-11-05,22.919551849365234
2014-11-06,22.849468231201172
2014-11-07,23.246646881103516
2014-11-10,23.207700729370117
2014-11-11,23.371246337890625
2014-11-12,23.55815315246582
2014-11-13,23.36345672607422
2014-11-14,23.6126651763916
2014-11-17,23.62045669555664
2014-11-18,23.76842498779297
2014-11-19,23.706125259399414
2014-11-20,23.931970596313477
2014-11-21,24.165603637695312
2014-11-24,23.908605575561523
2014-11-25,24.07215118408203
2014-11-26,24.09551239013672
2014-11-28,23.316728591918945
2014-12-01,23.246646881103516
2014-12-02,23.137611389160156
2014-12-03,23.386821746826172
2014-12-04,22.94291877746582
2014-12-05,22.802736282348633
2014-12-08,22.195283889770508
2014-12-09,22.319889068603516
2014-12-10,21.728017807006836
2014-12-11,21.696866989135742
2014-12-12,21.338626861572266
2014-12-15,21.151718139648438
2014-12-16,21.455442428588867
2014-12-17,22.004369735717773
2014-12-18,22.30450439453125
2014-12-19,22.557239532470703
2014-12-22,22.391376495361328
2014-12-23,22.67571449279785
2014-12-24,22.715206146240234
2014-12-26,22.809982299804688
2014-12-29,22.794189453125
2014-12-30,22.794189453125
2014-12-31,22.794189453125
2015-01-02,22.659921646118164
2015-01-05,22.051753997802734
2015-01-06,21.72793197631836
2015-01-07,21.75162696838379
2015-01-08,22.020158767700195
2015-01-09,21.830610275268555
2015-01-12,21.483081817626953
2015-01-13,21.3883056640625
2015-01-14,21.25404167175293
2015-01-15,21.13556480407715
2015-01-16,21.530473709106445
2015-01-20,21.277734756469727
2015-01-21,21.340919494628906
2015-01-22,21.5225772857666
2015-01-23,21.530473709106445
2015-01-26,21.47518539428711
2015-01-27,21.633150100708008
2015-01-28,21.08817481994629
2015-01-29,20.993398666381836
2015-01-30,20.88282585144043
2015-02-02,21.435697555541992
2015-02-03,22.012264251708984
2015-02-04,21.601560592651367
2015-02-05,22.028059005737305
2015-02-06,21.806909561157227
2015-02-09,21.956974029541016
2015-02-10,21.799013137817383
2015-02-11,21.7358341217041
2015-02-12,22.099145889282227
2015-02-13,22.178123474121094
2015-02-17,22.407175064086914
2015-02-18,22.162328720092773
2015-02-19,21.980670928955078
2015-02-20,21.88589096069336
2015-02-23,21.88589096069336
2015-02-24,22.012264251708984
2015-02-25,22.233413696289062
2015-02-26,22.08334732055664
2015-02-27,22.1307373046875
2015-03-02,22.138635635375977
2015-03-03,22.012264251708984
2015-03-04,22.028059005737305
2015-03-05,21.917482376098633
2015-03-06,21.53837776184082
2015-03-09,21.451492309570312
2015-03-10,21.00129508972168
2015-03-11,21.009197235107422
2015-03-12,21.15926170349121
2015-03-13,20.977602005004883
2015-03-16,21.246135711669922
2015-03-17,21.269840240478516
2015-03-18,21.72793197631836
2015-03-19,21.206647872924805
2015-03-20,21.680538177490234
2015-03-23,21.791112899780273
2015-03-24,21.96487808227539
2015-03-25,21.743724822998047
2015-03-26,21.696338653564453
2015-03-27,21.380409240722656
2015-03-30,21.396207809448242
2015-03-31,21.467287063598633
2015-04-01,21.562068939208984
2015-04-02,21.822708129882812
2015-04-06,22.035959243774414
2015-04-07,22.11493682861328
2015-04-08,22.11493682861328
2015-04-09,22.2097225189209
2015-04-10,22.312393188476562
2015-04-13,22.28080177307129
2015-04-14,22.48615837097168
2015-04-15,22.92845344543457
2015-04-16,23.03113555908203
2015-04-17,22.91265869140625
2015-04-20,22.99953842163086
2015-04-21,22.809982299804688
2015-04-22,22.85736846923828
2015-04-23,23.15750503540039
2015-04-24,23.125911712646484
2015-04-27,23.13381004333496
2015-04-28,23.299671173095703
2015-04-29,23.33126449584961
2015-04-30,22.99953842163086
2015-05-01,23.01533317565918
2015-05-04,23.165401458740234
2015-05-05,22.90475845336914
2015-05-06,22.730998992919922
2015-05-07,22.644123077392578
2015-05-08,22.849475860595703
2015-05-11,22.794189453125
2015-05-12,22.77838897705078
2015-05-13,22.75469398498535
2015-05-14,22.78628921508789
2015-05-15,22.849475860595703
2015-05-18,22.67571449279785
2015-05-19,22.494054794311523
2015-05-20,22.478261947631836
2015-05-21,22.659921646118164
2015-05-22,22.494054794311523
2015-05-26,22.035959243774414
2015-05-27,22.06755256652832
2015-05-28,22.10704231262207
2015-05-29,21.941181182861328
2015-06-01,21.870098114013672
2015-06-02,22.099145889282227
2015-06-03,22.122838973999023
2015-06-04,21.838504791259766
2015-06-05,21.87799644470215
2015-06-08,21.601560592651367
2015-06-09,21.81481170654297
2015-06-10,22.059654235839844
2015-06-11,22.012264251708984
2015-06-12,21.76742172241211
2015-06-15,21.791112899780273
2015-06-16,21.81481170654297
2015-06-17,21.901689529418945
2015-06-18,21.96487808227539
2015-06-19,21.696338653564453
2015-06-22,21.854297637939453
2015-06-23,21.99646759033203
2015-06-24,21.941181182861328
2015-06-25,21.966650009155273
2015-06-26,21.910938262939453
2015-06-29,21.290142059326172
2015-06-30,21.226465225219727
2015-07-01,21.1389217376709
2015-07-02,21.250343322753906
2015-07-06,21.019533157348633
2015-07-07,20.971784591674805
2015-07-08,20.613630294799805
2015-07-09,20.51016616821289
2015-07-10,20.72505760192871
2015-07-13,20.820560455322266
2015-07-14,20.90015411376953
2015-07-15,20.72505760192871
2015-07-16,20.748929977416992
2015-07-17,20.613630294799805
2015-07-20,20.327112197875977
2015-07-21,20.29527473449707
2015-07-22,20.10425567626953
2015-07-23,20.000791549682617
2015-07-24,19.921205520629883
2015-07-27,19.698354721069336
2015-07-28,20.000791549682617
2015-07-29,20.29527473449707
2015-07-30,20.319150924682617
2015-07-31,20.335067749023438
2015-08-03,20.088342666625977
2015-08-04,20.215682983398438
2015-08-05,20.223644256591797
2015-08-06,20.207719802856445
2015-08-07,20.02467155456543
2015-08-10,20.43852996826172
2015-08-11,20.183847427368164
2015-08-12,20.27139663696289
2015-08-13,20.01671028137207
2015-08-14,20.02467155456543
2015-08-17,19.99283218383789
2015-08-18,19.92916488647461
2015-08-19,19.626726150512695
2015-08-20,19.2208194732666
2015-08-21,18.711448669433594
2015-08-24,18.026981353759766
2015-08-25,18.08268928527832
2015-08-26,18.464725494384766
2015-08-27,19.133270263671875
2015-08-28,19.260610580444336
2015-08-31,19.316322326660156
2015-09-01,18.703487396240234
2015-09-02,18.7432861328125
2015-09-03,18.894500732421875
2015-09-04,18.60002326965332
2015-09-08,18.91838264465332
2015-09-09,18.751237869262695
2015-09-10,18.838790893554688
2015-09-11,18.655729293823242
2015-09-14,18.504518508911133
2015-09-15,18.655729293823242
2015-09-16,19.22877311706543
2015-09-17,19.2208194732666
2015-09-18,18.974090576171875
2015-09-21,19.069597244262695
2015-09-22,18.60002326965332
2015-09-23,18.345335006713867
2015-09-24,18.337379455566406
2015-09-25,18.36920928955078
2015-09-28,17.76432991027832
2015-09-29,17.772289276123047
2015-09-30,18.305538177490234
2015-10-01,18.305538177490234
2015-10-02,18.584102630615234
2015-10-05,18.974090576171875
2015-10-06,19.19693946838379
2015-10-07,19.491424560546875
2015-10-08,19.722230911254883
2015-10-09,19.833654403686523
2015-10-12,19.658557891845703
2015-10-13,19.491424560546875
2015-10-14,19.722230911254883
2015-10-15,19.762022018432617
2015-10-16,19.698354721069336
2015-10-19,19.395917892456055
2015-10-20,19.57896614074707
2015-10-21,19.12531280517578
2015-10-22,19.443666458129883
2015-10-23,19.443666458129883
2015-10-26,19.22877311706543
2015-10-27,18.997968673706055
2015-10-28,19.332244873046875
2015-10-29,19.268569946289062
2015-10-30,18.942256927490234
2015-11-02,19.07755470275879
2015-11-03,19.32427978515625
2015-11-04,19.08551597595215
2015-11-05,18.9024600982666
2015-11-06,18.71940803527832
2015-11-09,18.631851196289062
2015-11-10,18.560226440429688
2015-11-11,18.47267723083496
2015-11-12,18.13044548034668
2015-11-13,17.971267700195312
2015-11-16,18.329418182373047
2015-11-17,18.313499450683594
2015-11-18,18.488595962524414
2015-11-19,18.631851196289062
2015-11-20,18.49655532836914
2015-11-23,18.361249923706055
2015-11-24,18.520431518554688
2015-11-25,18.49655532836914
2015-11-27,18.39309310913086
2015-11-30,18.520431518554688
2015-12-01,18.7830753326416
2015-12-02,18.528392791748047
2015-12-03,18.35329818725586
2015-12-04,18.3851318359375
2015-12-07,17.756372451782227
2015-12-08,17.485769271850586
2015-12-09,17.573322296142578
2015-12-10,17.573322296142578
2015-12-11,17.167417526245117
2015-12-14,17.055988311767578
2015-12-15,17.374345779418945
2015-12-16,17.61311149597168
2015-12-17,17.215167999267578
2015-12-18,17.215167999267578
2015-12-21,17.20709800720215
2015-12-22,17.303903579711914
2015-12-23,17.683063507080078
2015-12-24,17.731460571289062
2015-12-28,17.465246200561523
2015-12-29,17.66692352294922
2015-12-30,17.473312377929688
2015-12-31,17.34423828125
2016-01-04,17.094158172607422
2016-01-05,17.013492584228516
2016-01-06,16.64240074157715
2016-01-07,16.247116088867188
2016-01-08,16.17451286315918
2016-01-11,15.956700325012207
2016-01-12,15.988973617553711
2016-01-13,15.634016990661621
2016-01-14,15.835697174072266
2016-01-15,15.303265571594238
2016-01-19,15.238727569580078
2016-01-20,15.045122146606445
2016-01-21,15.529145240783691
2016-01-22,16.142248153686523
2016-01-25,15.71468734741211
2016-01-26,16.15837287902832
2016-01-27,16.182579040527344
2016-01-28,16.569799423217773
2016-01-29,16.868284225463867
2016-02-01,16.78761100769043
2016-02-02,16.376190185546875
2016-02-03,16.86021614074707
2016-02-04,17.150630950927734
2016-02-05,16.92475128173828
2016-02-08,16.602062225341797
2016-02-09,16.295520782470703
2016-02-10,16.126110076904297
2016-02-11,15.972833633422852
2016-02-12,16.464927673339844
2016-02-16,16.715007781982422
2016-02-17,17.38457489013672
2016-02-18,17.376510620117188
2016-02-19,17.18289566040039
2016-02-22,17.303903579711914
2016-02-23,17.086095809936523
2016-02-24,17.126426696777344
2016-02-25,17.33617401123047
2016-02-26,17.449111938476562
2016-02-29,17.449111938476562
2016-03-01,17.836332321166992
2016-03-02,17.868595123291016
2016-03-03,18.062210083007812
2016-03-04,18.247751235961914
2016-03-07,18.58657455444336
2016-03-08,18.296157836914062
2016-03-09,18.63497543334961
2016-03-10,18.489763259887695
2016-03-11,18.86891746520996
2016-03-14,18.772111892700195
2016-03-15,18.546232223510742
2016-03-16,18.94959259033203
2016-03-17,19.320674896240234
2016-03-18,19.127063751220703
2016-03-21,19.127063751220703
2016-03-22,19.118995666503906
2016-03-23,18.71565055847168
2016-03-24,18.626909255981445
2016-03-28,18.73984718322754
2016-03-29,18.93345832824707
2016-03-30,19.19967269897461
2016-03-31,19.127063751220703
2016-04-01,19.04639434814453
2016-04-04,18.812450408935547
2016-04-05,18.618837356567383
2016-04-06,18.780183792114258
2016-04-07,18.570438385009766
2016-04-08,18.957658767700195
2016-04-11,19.135135650634766
2016-04-12,19.58688735961914
2016-04-13,19.667556762695312
2016-04-14,19.619163513183594
2016-04-15,19.554622650146484
2016-04-18,19.724037170410156
2016-04-19,20.151586532592773
2016-04-20,20.264522552490234
2016-04-21,20.111255645751953
2016-04-22,20.216121673583984
2016-04-25,20.078983306884766
2016-04-26,20.216121673583984
2016-04-27,20.312931060791016
2016-04-28,20.37746238708496
2016-04-29,20.490402221679688
2016-05-02,20.369401931762695
2016-05-03,19.869237899780273
2016-05-04,19.490083694458008
2016-05-05,19.48202133178711
2016-05-06,19.50621795654297
2016-05-09,19.19967269897461
2016-05-10,19.554622650146484
2016-05-11,19.635292053222656
2016-05-12,19.691761016845703
2016-05-13,19.473953247070312
2016-05-16,19.764366149902344
2016-05-17,19.80470085144043
2016-05-18,19.522354125976562
2016-05-19,19.377145767211914
2016-05-20,19.490083694458008
2016-05-23,19.45781707763672
2016-05-24,19.490083694458008
2016-05-25,19.853103637695312
2016-05-26,19.949907302856445
2016-05-27,19.949907302856445
2016-05-31,19.748231887817383
2016-06-01,19.79663848876953
2016-06-02,19.853103637695312
2016-06-03,20.208059310913086
2016-06-06,20.48233413696289
2016-06-07,20.692081451416016
2016-06-08,20.708215713500977
2016-06-09,20.554941177368164
2016-06-10,20.208059310913086
2016-06-13,20.08704948425293
2016-06-14,19.82890510559082
2016-06-15,19.764366149902344
2016-06-16,19.667556762695312
2016-06-17,19.82890510559082
2016-06-20,20.103185653686523
2016-06-21,20.119321823120117
2016-06-22,20.042884826660156
2016-06-23,20.368127822875977
2016-06-24,19.62820816040039
2016-06-27,19.20539665222168
2016-06-28,19.49811553955078
2016-06-29,19.81522560119629
2016-06-30,19.929054260253906
2016-07-01,20.189245223999023
2016-07-05,19.985971450805664
2016-07-06,20.107933044433594
2016-07-07,19.912796020507812
2016-07-08,20.034753799438477
2016-07-11,20.0510196685791
2016-07-12,20.384387969970703
2016-07-13,20.44943618774414
2016-07-14,20.660844802856445
2016-07-15,20.555143356323242
2016-07-18,20.636451721191406
2016-07-19,20.490095138549805
2016-07-20,20.490095138549805
2016-07-21,20.44130516052246
2016-07-22,20.416915893554688
2016-07-25,20.156721115112305
2016-07-26,20.294946670532227
2016-07-27,20.286819458007812
2016-07-28,20.311208724975586
2016-07-29,20.522619247436523
2016-08-01,20.270557403564453
2016-08-02,20.24616241455078
2016-08-03,20.408781051635742
2016-08-04,20.43317413330078
2016-08-05,20.416915893554688
2016-08-08,20.595794677734375
2016-08-09,20.71776008605957
2016-08-10,20.758413314819336
2016-08-11,20.99421501159668
2016-08-12,20.92103385925293
2016-08-15,21.026735305786133
2016-08-16,21.051128387451172
2016-08-17,21.026735305786133
2016-08-18,21.173095703125
2016-08-19,21.03487205505371
2016-08-22,20.969825744628906
2016-08-23,21.09178352355957
2016-08-24,20.92103385925293
2016-08-25,20.888511657714844
2016-08-26,20.81533432006836
2016-08-29,20.855985641479492
2016-08-30,20.758413314819336
2016-08-31,20.579532623291016
2016-09-01,20.72589111328125
2016-09-02,21.026735305786133
2016-09-06,21.278799057006836
2016-09-07,21.197484970092773
2016-09-08,21.156829833984375
2016-09-09,20.6120548248291
2016-09-12,20.685232162475586
2016-09-13,20.140457153320312
2016-09-14,20.124197006225586
2016-09-15,20.400650024414062
2016-09-16,20.25429344177246
2016-09-19,20.327470779418945
2016-09-20,20.343738555908203
2016-09-21,20.76654624938965
2016-09-22,20.95355987548828
2016-09-23,20.677104949951172
2016-09-26,20.490095138549805
2016-09-27,20.473833084106445
2016-09-28,20.880374908447266
2016-09-29,20.823463439941406
2016-09-30,20.888511657714844
2016-10-03,20.847850799560547
2016-10-04,20.51448631286621
2016-10-05,20.69336700439453
2016-10-06,20.6120548248291
2016-10-07,20.44130516052246
2016-10-10,20.660844802856445
2016-10-11,20.506351470947266
2016-10-12,20.547012329101562
2016-10-13,20.636451721191406
2016-10-14,20.66897201538086
2016-10-17,20.72589111328125
2016-10-18,20.929166793823242
2016-10-19,21.075523376464844
2016-10-20,20.929166793823242
2016-10-21,20.896644592285156
2016-10-24,20.799070358276367
2016-10-25,20.782804489135742
2016-10-26,20.709627151489258
2016-10-27,20.742149353027344
2016-10-28,20.69336700439453
2016-10-31,20.6120548248291
2016-11-01,20.636451721191406
2016-11-02,20.408781051635742
2016-11-03,20.384387969970703
2016-11-04,20.270557403564453
2016-11-07,20.53074836730957
2016-11-08,20.660844802856445
2016-11-09,20.69336700439453
2016-11-10,20.571399688720703
2016-11-11,20.20551109313965
2016-11-14,20.238033294677734
2016-11-15,20.628320693969727
2016-11-16,20.587665557861328
2016-11-17,20.66897201538086
2016-11-18,20.701494216918945
2016-11-21,21.12430763244629
2016-11-22,21.12430763244629
2016-11-23,21.083650588989258
2016-11-25,21.043001174926758
2016-11-28,21.05925750732422
2016-11-29,21.01860237121582
2016-11-30,21.148706436157227
2016-12-01,21.23001480102539
2016-12-02,21.32758331298828
2016-12-05,21.400760650634766
2016-12-06,21.433284759521484
2016-12-07,21.669082641601562
2016-12-08,21.83983612060547
2016-12-09,21.904882431030273
2016-12-12,21.95367431640625
2016-12-13,22.091899871826172
2016-12-14,21.61216926574707
2016-12-15,21.57151222229004
2016-12-16,21.62030029296875
2016-12-19,21.49833869934082
2016-12-20,21.61216926574707
2016-12-21,21.598207473754883
2016-12-22,21.524293899536133
2016-12-23,21.409320831298828
2016-12-27,21.409320831298828
2016-12-28,21.368263244628906
2016-12-29,21.49144744873047
2016-12-30,21.475027084350586
2017-01-03,21.598207473754883
2017-01-04,21.95954704284668
2017-01-05,22.12379264831543
2017-01-06,22.082731246948242
2017-01-09,21.926694869995117
2017-01-10,21.95954704284668
2017-01-11,22.164854049682617
2017-01-12,22.173067092895508
2017-01-13,22.279823303222656
2017-01-17,22.304462432861328
2017-01-18,21.934911727905273
2017-01-19,21.861000061035156
2017-01-20,22.03346061706543
2017-01-23,22.025245666503906
2017-01-24,22.419429779052734
2017-01-25,22.616525650024414
2017-01-26,22.559040069580078
2017-01-27,22.386585235595703
2017-01-30,22.181276321411133
2017-01-31,22.32088851928711
2017-02-01,22.255186080932617
2017-02-02,22.312673568725586
2017-02-03,22.394798278808594
2017-02-06,22.23876190185547
2017-02-07,22.173067092895508
2017-02-08,22.255186080932617
2017-02-09,22.411226272583008
2017-02-10,22.6575870513916
2017-02-13,22.73150062561035
2017-02-14,22.805410385131836
2017-02-15,22.85468101501465
2017-02-16,22.862895965576172
2017-02-17,22.813621520996094
2017-02-21,22.85468101501465
2017-02-22,22.73150062561035
2017-02-23,22.665800094604492
2017-02-24,22.353736877441406
2017-02-27,22.312673568725586
2017-02-28,21.918485641479492
2017-03-01,22.074514389038086
2017-03-02,21.910274505615234
2017-03-03,22.041669845581055
2017-03-06,22.074514389038086
2017-03-07,22.03346061706543
2017-03-08,21.762451171875
2017-03-09,21.762451171875
2017-03-10,21.787090301513672
2017-03-13,21.89385223388672
2017-03-14,21.61463165283203
2017-03-15,22.049880981445312
2017-03-16,22.066301345825195
2017-03-17,21.934911727905273
2017-03-20,21.85279083251953
2017-03-21,21.606416702270508
2017-03-22,21.73781394958496
2017-03-23,21.81993865966797
2017-03-24,21.787090301513672
2017-03-27,21.861000061035156
2017-03-28,22.03346061706543
2017-03-29,22.205909729003906
2017-03-30,22.074514389038086
2017-03-31,22.074514389038086
2017-04-03,21.99239730834961
2017-04-04,22.074514389038086
2017-04-05,21.984182357788086
2017-04-06,22.09915542602539
2017-04-07,22.066301345825195
2017-04-10,22.255186080932617
2017-04-11,22.230546951293945
2017-04-12,22.214126586914062
2017-04-13,21.918485641479492
2017-04-17,22.197704315185547
2017-04-18,22.008819580078125
2017-04-19,21.754241943359375
2017-04-20,21.88563346862793
2017-04-21,21.81993865966797
2017-04-24,22.01703453063965
2017-04-25,21.99239730834961
2017-04-26,21.754241943359375
2017-04-27,21.524293899536133
2017-04-28,21.56536102294922
2017-05-01,21.53251075744629
2017-05-02,21.53251075744629
2017-05-03,21.458600997924805
2017-05-04,21.195804595947266
2017-05-05,21.589994430541992
2017-05-08,21.61463165283203
2017-05-09,21.458600997924805
2017-05-10,21.65569496154785
2017-05-11,21.475027084350586
2017-05-12,21.44217872619629
2017-05-15,21.65569496154785
2017-05-16,21.631053924560547
2017-05-17,21.187597274780273
2017-05-18,21.195804595947266
2017-05-19,21.581783294677734
2017-05-22,21.704967498779297
2017-05-23,21.672119140625
2017-05-24,21.688541412353516
2017-05-25,21.606416702270508
2017-05-26,21.663902282714844
2017-05-30,21.589994430541992
2017-05-31,21.48323631286621
2017-06-01,21.639270782470703
2017-06-02,21.631053924560547
2017-06-05,21.639270782470703
2017-06-06,21.754241943359375
2017-06-07,21.499664306640625
2017-06-08,21.598207473754883
2017-06-09,21.770666122436523
2017-06-12,21.828153610229492
2017-06-13,21.967761993408203
2017-06-14,21.696754455566406
2017-06-15,21.61463165283203
2017-06-16,21.803510665893555
2017-06-19,21.869213104248047
2017-06-20,21.608421325683594
2017-06-21,21.509071350097656
2017-06-22,21.740888595581055
2017-06-23,21.82367706298828
2017-06-26,21.88163185119629
2017-06-27,21.97270393371582
2017-06-28,22.328699111938477
2017-06-29,22.17967987060547
2017-06-30,22.154844284057617
2017-07-03,22.303865432739258
2017-07-05,22.154844284057617
2017-07-06,22.06376838684082
2017-07-07,22.154844284057617
2017-07-10,22.2707462310791
2017-07-11,22.254186630249023
2017-07-12,22.593637466430664
2017-07-13,22.626745223999023
2017-07-14,22.808887481689453
2017-07-17,22.70954132080078
2017-07-18,22.800609588623047
2017-07-19,23.007585525512695
2017-07-20,23.06554412841797
2017-07-21,23.015865325927734
2017-07-24,23.03242301940918
2017-07-25,23.13177490234375
2017-07-26,23.164892196655273
2017-07-27,22.99103355407715
2017-07-28,23.09865951538086
2017-07-31,23.09865951538086
2017-08-01,23.04070281982422
2017-08-02,23.09865951538086
2017-08-03,22.99103355407715
2017-08-04,22.99103355407715
2017-08-07,22.9661922454834
2017-08-08,22.933076858520508
2017-08-09,22.808887481689453
2017-08-10,22.494285583496094
2017-08-11,22.52739715576172
2017-08-14,22.601909637451172
2017-08-15,22.52739715576172
2017-08-16,22.692977905273438
2017-08-17,22.535682678222656
2017-08-18,22.577077865600586
2017-08-21,22.610193252563477
2017-08-22,22.684701919555664
2017-08-23,22.833723068237305
2017-08-24,22.88340187072754
2017-08-25,22.94963264465332
2017-08-28,22.866840362548828
2017-08-29,22.891681671142578
2017-08-30,22.79233169555664
2017-08-31,23.073820114135742
2017-09-01,23.272520065307617
2017-09-05,23.090381622314453
2017-09-06,23.35530662536621
2017-09-07,23.496051788330078
2017-09-08,23.41326332092285
2017-09-11,23.57884407043457
2017-09-12,23.59540367126465
2017-09-13,23.587121963500977
2017-09-14,23.67819595336914
2017-09-15,23.66991424560547
2017-09-18,23.587121963500977
2017-09-19,23.7113094329834
2017-09-20,23.752708435058594
2017-09-21,23.86861228942871
2017-09-22,23.852054595947266
2017-09-25,23.876890182495117
2017-09-26,23.852054595947266
2017-09-27,23.86861228942871
2017-09-28,23.95968246459961
2017-09-29,23.95968246459961
2017-10-02,23.97623634338379
2017-10-03,24.075592041015625
2017-10-04,24.100427627563477
2017-10-05,24.001075744628906
2017-10-06,23.96796417236328
2017-10-09,23.97623634338379
2017-10-10,24.100427627563477
2017-10-11,24.241172790527344
2017-10-12,24.15837860107422
2017-10-13,24.224613189697266
2017-10-16,24.150104522705078
2017-10-17,24.141820907592773
2017-10-18,24.241172790527344
2017-10-19,24.282567977905273
2017-10-20,24.092151641845703
2017-10-23,24.034194946289062
2017-10-24,24.04247283935547
2017-10-25,23.777544021606445
2017-10-26,23.719593048095703
2017-10-27,23.86861228942871
2017-10-30,23.9431209564209
2017-10-31,23.83549690246582
2017-11-01,23.918283462524414
2017-11-02,23.98451805114746
2017-11-03,24.100427627563477
2017-11-06,24.282567977905273
2017-11-07,24.232892990112305
2017-11-08,24.29912567138672
2017-11-09,24.348798751831055
2017-11-10,24.274290084838867
2017-11-13,24.174938201904297
2017-11-14,24.017635345458984
2017-11-15,23.926565170288086
2017-11-16,24.025915145874023
2017-11-17,24.05075454711914
2017-11-20,24.04247283935547
2017-11-21,24.15837860107422
2017-11-22,24.332239151000977
2017-11-24,24.348798751831055
2017-11-27,24.141820907592773
2017-11-28,24.067312240600586
2017-11-29,23.89345359802246
2017-11-30,23.95968246459961
2017-12-01,24.31568717956543
2017-12-04,24.183218002319336
2017-12-05,24.116981506347656
2017-12-06,23.934844970703125
2017-12-07,24.04247283935547
2017-12-08,24.125263214111328
2017-12-11,24.141820907592773
2017-12-12,24.174938201904297
2017-12-13,24.241172790527344
2017-12-14,24.16666030883789
2017-12-15,24.009357452392578
2017-12-18,24.16666030883789
2017-12-19,24.14066505432129
2017-12-20,24.24128532409668
2017-12-21,24.442527770996094
2017-12-22,24.459300994873047
2017-12-26,24.534765243530273
2017-12-27,24.6353816986084
2017-12-28,24.83663558959961
2017-12-29,24.8533992767334
2018-01-02,25.079792022705078
2018-01-03,25.17203140258789
2018-01-04,25.348121643066406
2018-01-05,25.44035530090332
2018-01-08,25.356502532958984
2018-01-09,25.289424896240234
2018-01-10,25.037870407104492
2018-01-11,25.163646697998047
2018-01-12,25.247495651245117
2018-01-16,25.348121643066406
2018-01-17,25.406810760498047
2018-01-18,25.348121643066406
2018-01-19,25.27264976501465
2018-01-22,25.373273849487305
2018-01-23,25.431970596313477
2018-01-24,25.507434844970703
2018-01-25,25.32296371459961
2018-01-26,25.423583984375
2018-01-29,25.188800811767578
2018-01-30,25.029483795166016
2018-01-31,25.054637908935547
2018-02-01,24.970792770385742
2018-02-02,24.28321075439453
2018-02-05,23.604021072387695
2018-02-06,23.704641342163086
2018-02-07,23.52855682373047
2018-02-08,22.991910934448242
2018-02-09,23.033832550048828
2018-02-12,23.31892967224121
2018-02-13,23.33570098876953
2018-02-14,23.6627140045166
2018-02-15,23.813644409179688
2018-02-16,23.704641342163086
2018-02-20,23.578868865966797
2018-02-21,23.612403869628906
2018-02-22,23.562091827392578
2018-02-23,23.86395835876465
2018-02-26,23.981353759765625
2018-02-27,23.75495147705078
2018-02-28,23.302160263061523
2018-03-01,23.151227951049805
2018-03-02,23.042219161987305
2018-03-05,23.109296798706055
2018-03-06,23.260231018066406
2018-03-07,23.167991638183594
2018-03-08,23.260231018066406
2018-03-09,23.495012283325195
2018-03-12,23.478246688842773
2018-03-13,23.285385131835938
2018-03-14,23.36085319519043
2018-03-15,23.23507308959961
2018-03-16,23.2015380859375
2018-03-19,23.058988571166992
2018-03-20,23.142837524414062
2018-03-21,23.495012283325195
2018-03-22,23.025447845458984
2018-03-23,22.799049377441406
2018-03-26,22.9583683013916
2018-03-27,22.790666580200195
2018-03-28,22.706815719604492
2018-03-29,23.109296798706055
2018-04-02,22.782283782958984
2018-04-03,22.924829483032227
2018-04-04,23.00029182434082
2018-04-05,23.31053924560547
2018-04-06,23.058988571166992
2018-04-09,23.218307495117188
2018-04-10,23.453088760375977
2018-04-11,23.486629486083984
2018-04-12,23.486629486083984
2018-04-13,23.43631935119629
2018-04-16,23.536935806274414
2018-04-17,23.679485321044922
2018-04-18,23.796875
2018-04-19,23.612403869628906
2018-04-20,23.511781692504883
2018-04-23,23.427934646606445
2018-04-24,23.37761878967285
2018-04-25,23.39439582824707
2018-04-26,23.553709030151367
2018-04-27,23.654329299926758
2018-04-30,23.587249755859375
2018-05-01,23.587249755859375
2018-05-02,23.553709030151367
2018-05-03,23.57048225402832
2018-05-04,23.738182067871094
2018-05-07,23.805261611938477
2018-05-08,23.780105590820312
2018-05-09,24.031661987304688
2018-05-10,24.35029411315918
2018-05-11,24.333528518676758
2018-05-14,24.467681884765625
2018-05-15,24.383834838867188
2018-05-16,24.50960922241211
2018-05-17,24.5850772857666
2018-05-18,24.434141159057617
2018-05-21,24.660541534423828
2018-05-22,24.534765243530273
2018-05-23,24.459300994873047
2018-05-24,24.29159927368164
2018-05-25,24.115509033203125
2018-05-29,23.75495147705078
2018-05-30,24.207744598388672
2018-05-31,24.098739624023438
2018-06-01,24.065195083618164
2018-06-04,23.629173278808594
2018-06-05,24.149051666259766
2018-06-06,24.266443252563477
2018-06-07,24.24966812133789
2018-06-08,24.358678817749023
2018-06-11,24.35029411315918
2018-06-12,24.325136184692383
2018-06-13,24.358678817749023
2018-06-14,24.29159927368164
2018-06-15,24.065195083618164
2018-06-18,24.16581916809082
2018-06-19,23.881874084472656
2018-06-20,24.01708984375
2018-06-21,23.864974975585938
2018-06-22,24.093143463134766
2018-06-25,23.645254135131836
2018-06-26,23.822717666625977
2018-06-27,23.628353118896484
2018-06-28,23.763568878173828
2018-06-29,24.093143463134766
2018-07-02,23.96638298034668
2018-07-03,24.033992767333984
2018-07-05,24.093143463134766
2018-07-06,24.32131576538086
2018-07-09,24.448076248168945
2018-07-10,24.608644485473633
2018-07-11,24.270610809326172
2018-07-12,24.557937622070312
2018-07-13,24.566389083862305
2018-07-16,24.498781204223633
2018-07-17,24.448076248168945
2018-07-18,24.405820846557617
2018-07-19,24.36356544494629
2018-07-20,24.422725677490234
2018-07-23,24.32131576538086
2018-07-24,24.3889217376709
2018-07-25,24.608644485473633
2018-07-26,24.61709213256836
2018-07-27,24.541038513183594
2018-07-30,24.566389083862305
2018-07-31,24.6846981048584
2018-08-01,24.600191116333008
2018-08-02,24.676250457763672
2018-08-03,24.710052490234375
2018-08-06,24.794557571411133
2018-08-07,24.3889217376709
2018-08-08,24.490331649780273
2018-08-09,24.608644485473633
2018-08-10,24.32131576538086
2018-08-13,24.23680877685547
2018-08-14,24.490331649780273
2018-08-15,24.050891876220703
2018-08-16,24.143850326538086
2018-08-17,24.464981079101562
2018-08-20,24.464981079101562
2018-08-21,24.405820846557617
2018-08-22,24.583284378051758
2018-08-23,24.372018814086914
2018-08-24,24.498781204223633
2018-08-27,24.777658462524414
2018-08-28,24.693145751953125
2018-08-29,24.777658462524414
2018-08-30,24.650896072387695
2018-08-31,24.338214874267578
2018-09-04,23.941028594970703
2018-09-05,23.9072265625
2018-09-06,23.890323638916016
2018-09-07,23.797367095947266
2018-09-10,23.77201271057129
2018-09-11,23.924131393432617
2018-09-12,24.033992767333984
2018-09-13,24.00864028930664
2018-09-14,23.94948387145996
2018-09-17,24.033992767333984
2018-09-18,24.34666633605957
2018-09-19,24.397371292114258
2018-09-20,24.52413558959961
2018-09-21,24.549488067626953
2018-09-24,24.448076248168945
2018-09-25,24.34666633605957
2018-09-26,24.253707885742188
2018-09-27,24.3128604888916
2018-09-28,24.32131576538086
2018-10-01,24.608644485473633
2018-10-02,24.405820846557617
2018-10-03,24.464981079101562
2018-10-04,24.253707885742188
2018-10-05,24.110048294067383
2018-10-08,24.025541305541992
2018-10-09,23.98328399658203
2018-10-10,23.23961639404297
2018-10-11,22.92694091796875
2018-10-12,23.045251846313477
2018-10-15,23.053701400756836
2018-10-16,23.408634185791016
2018-10-17,23.248071670532227
2018-10-18,22.901588439941406
2018-10-19,22.97764015197754
2018-10-22,22.935386657714844
2018-10-23,22.749469757080078
2018-10-24,22.267778396606445
2018-10-25,22.27623176574707
2018-10-26,22.191720962524414
2018-10-29,21.929746627807617
2018-10-30,22.250877380371094
2018-10-31,22.40298843383789
2018-11-01,22.639612197875977
2018-11-02,22.597360610961914
2018-11-05,22.7241153717041
2018-11-06,22.783275604248047
2018-11-07,22.92694091796875
2018-11-08,22.825529098510742
2018-11-09,22.631166458129883
2018-11-12,22.40298843383789
2018-11-13,22.37763786315918
2018-11-14,22.44524383544922
2018-11-15,22.55510711669922
2018-11-16,22.605810165405273
2018-11-19,22.436792373657227
2018-11-20,21.9128475189209
2018-11-21,22.41144371032715
2018-11-23,22.107213973999023
2018-11-26,22.27623176574707
2018-11-27,22.098764419555664
2018-11-28,22.470598220825195
2018-11-29,22.50440216064453
2018-11-30,22.512847900390625
2018-12-03,22.74102210998535
2018-12-04,22.34383773803711
2018-12-06,21.921300888061523
2018-12-07,21.80298614501953
2018-12-10,21.583269119262695
2018-12-11,21.498762130737305
2018-12-12,21.73537826538086
2018-12-13,21.693130493164062
2018-12-14,21.439605712890625
2018-12-17,21.00861358642578
2018-12-18,21.00775718688965
2018-12-19,20.758583068847656
2018-12-20,20.560962677001953
2018-12-21,20.131357192993164
2018-12-24,19.847816467285156
2018-12-26,20.466453552246094
2018-12-27,20.371936798095703
2018-12-28,20.492229461669922
2018-12-31,20.58673858642578
2019-01-02,20.77576446533203
2019-01-03,20.64688491821289
2019-01-04,21.179595947265625
2019-01-07,21.41158676147461
2019-01-08,21.643571853637695
2019-01-09,22.047399520874023
2019-01-10,22.14191436767578
2019-01-11,22.098955154418945
2019-01-14,22.184873580932617
2019-01-15,22.30516242980957
2019-01-16,22.373903274536133
2019-01-17,22.554336547851562
2019-01-18,22.700403213500977
2019-01-22,22.47701072692871
2019-01-23,22.43404769897461
2019-01-24,22.562931060791016
2019-01-25,22.872249603271484
2019-01-28,22.82928466796875
2019-01-29,22.966760635375977
2019-01-30,23.164379119873047
2019-01-31,23.24170684814453
2019-02-01,23.31044578552246
2019-02-04,23.370588302612305
2019-02-05,23.508060455322266
2019-02-06,23.370588302612305
2019-02-07,23.207340240478516
2019-02-08,23.155792236328125
2019-02-11,22.940982818603516
2019-02-12,23.207340240478516
2019-02-13,23.164379119873047
2019-02-14,23.24170684814453
2019-02-15,23.551023483276367
2019-02-19,23.722869873046875
2019-02-20,23.96344566345215
2019-02-21,23.84315299987793
2019-02-22,23.97203826904297
2019-02-25,23.954853057861328
2019-02-26,23.997814178466797
2019-02-27,24.057960510253906
2019-02-28,23.929079055786133
2019-03-01,23.817380905151367
2019-03-04,23.75723648071289
2019-03-05,23.74005126953125
2019-03-06,23.611169815063477
2019-03-07,23.482288360595703
2019-03-08,23.473697662353516
2019-03-11,23.679906845092773
2019-03-12,23.800195693969727
2019-03-13,23.929079055786133
2019-03-14,23.825971603393555
2019-03-15,23.851747512817383
2019-03-18,24.023590087890625
2019-03-19,24.00640869140625
2019-03-20,23.98063087463379
2019-03-21,23.937673568725586
2019-03-22,23.56821060180664
2019-03-25,23.559619903564453
2019-03-26,23.73145866394043
2019-03-27,23.63694953918457
2019-03-28,23.69709014892578
2019-03-29,23.748645782470703
2019-04-01,24.057960510253906
2019-04-02,24.057960510253906
2019-04-03,24.083736419677734
2019-04-04,24.100919723510742
2019-04-05,24.186840057373047
2019-04-08,24.367273330688477
2019-04-09,24.221208572387695
2019-04-10,24.32431411743164
2019-04-11,24.281356811523438
2019-04-12,24.478971481323242
2019-04-15,24.478971481323242
2019-04-16,24.50475311279297
2019-04-17,24.60785484313965
2019-04-18,24.625038146972656
2019-04-22,24.625038146972656
2019-04-23,24.625038146972656
2019-04-24,24.38446044921875
2019-04-25,24.35868263244629
2019-04-26,24.453201293945312
2019-04-29,24.50475311279297
2019-04-30,24.53053092956543
2019-05-01,24.35868263244629
2019-05-02,24.20402717590332
2019-05-03,24.38446044921875
2019-05-06,24.350093841552734
2019-05-07,24.083736419677734
2019-05-08,24.118104934692383
2019-05-09,24.057960510253906
2019-05-10,24.04077911376953
2019-05-13,23.74005126953125
2019-05-14,23.937673568725586
2019-05-15,24.014999389648438
2019-05-16,24.186840057373047
2019-05-17,24.126697540283203
2019-05-20,24.049367904663086
2019-05-21,24.272764205932617
2019-05-22,24.075143814086914
2019-05-23,23.73145866394043
2019-05-24,23.911893844604492
2019-05-28,23.868934631347656
2019-05-29,23.645540237426758
2019-05-30,23.576799392700195
2019-05-31,23.482288360595703
2019-06-03,23.542430877685547
2019-06-04,23.8861141204834
2019-06-05,23.911893844604492
2019-06-06,24.057960510253906
2019-06-07,24.186840057373047
2019-06-10,24.22980308532715
2019-06-11,24.22980308532715
2019-06-12,24.057960510253906
2019-06-13,24.143878936767578
2019-06-14,24.075143814086914
2019-06-17,24.147109985351562
2019-06-18,24.485258102416992
2019-06-19,24.66733741760254
2019-06-20,24.944786071777344
2019-06-21,24.788719177246094
2019-06-24,24.840744018554688
2019-06-25,24.658666610717773
2019-06-26,24.684675216674805
2019-06-27,24.693342208862305
2019-06-28,24.814727783203125
2019-07-01,24.875423431396484
2019-07-02,24.927446365356445
2019-07-03,25.144207000732422
2019-07-05,25.109519958496094
2019-07-08,24.970800399780273
2019-07-09,25.0488338470459
2019-07-10,25.118194580078125
2019-07-11,25.13553810119629
2019-07-12,25.13553810119629
2019-07-15,25.12686538696289
2019-07-16,25.06617546081543
2019-07-17,25.0314884185791
2019-07-18,25.118194580078125
2019-07-19,24.996809005737305
2019-07-22,24.996809005737305
2019-07-23,24.996809005737305
2019-07-24,25.074840545654297
2019-07-25,24.83207130432129
2019-07-26,24.884092330932617
2019-07-29,24.840744018554688
2019-07-30,24.780048370361328
2019-07-31,24.615312576293945
2019-08-01,24.485258102416992
2019-08-02,24.32918930053711
2019-08-05,23.878326416015625
2019-08-06,23.965030670166016
2019-08-07,24.12976837158203
2019-08-08,24.45924186706543
2019-08-09,24.424564361572266
2019-08-12,24.199129104614258
2019-08-13,24.424564361572266
2019-08-14,23.7742862701416
2019-08-15,23.72225570678711
2019-08-16,24.034395217895508
2019-08-19,24.18178939819336
2019-08-20,24.017051696777344
2019-08-21,24.242483139038086
2019-08-22,24.147109985351562
2019-08-23,23.7742862701416
2019-08-26,23.99971580505371
2019-08-27,24.017051696777344
2019-08-28,24.15578269958496
2019-08-29,24.39855194091797
2019-08-30,24.44190216064453
2019-09-03,24.268495559692383
2019-09-04,24.54594612121582
2019-09-05,24.797393798828125
2019-09-06,24.823402404785156
2019-09-09,24.83207130432129
2019-09-10,24.936115264892578
2019-09-11,24.988134384155273
2019-09-12,24.996809005737305
2019-09-13,25.00547981262207
2019-09-16,25.12686538696289
2019-09-17,25.256921768188477
2019-09-18,25.17021942138672
2019-09-19,25.28293228149414
2019-09-20,25.28293228149414
2019-09-23,25.27426528930664
2019-09-24,25.17888832092285
2019-09-25,25.152877807617188
2019-09-26,25.109519958496094
2019-09-27,25.040159225463867
2019-09-30,25.05750274658203
2019-10-01,24.7367000579834
2019-10-02,24.346529006958008
2019-10-03,24.346529006958008
2019-10-04,24.528606414794922
2019-10-07,24.467912673950195
2019-10-08,24.242483139038086
2019-10-09,24.39855194091797
2019-10-10,24.54594612121582
2019-10-11,24.754039764404297
2019-10-14,24.676006317138672
2019-10-15,24.76270866394043
2019-10-16,24.77137565612793
2019-10-17,24.875423431396484
2019-10-18,24.788719177246094
2019-10-21,24.970800399780273
2019-10-22,24.944786071777344
2019-10-23,24.927446365356445
2019-10-24,24.979469299316406
2019-10-25,25.06617546081543
2019-10-28,25.05750274658203
2019-10-29,25.01415252685547
2019-10-30,24.996809005737305
2019-10-31,24.95345687866211
2019-11-01,25.17021942138672
2019-11-04,25.352294921875
2019-11-05,25.343626022338867
2019-11-06,25.404319763183594
2019-11-07,25.525705337524414
2019-11-08,25.543045043945312
2019-11-11,25.525705337524414
2019-11-12,25.543045043945312
2019-11-13,25.621076583862305
2019-11-14,25.621076583862305
2019-11-15,25.777145385742188
2019-11-18,25.80316162109375
2019-11-19,25.65576171875
2019-11-20,25.551715850830078
2019-11-21,25.603734970092773
2019-11-22,25.508365631103516
2019-11-25,25.629749298095703
2019-11-26,25.68177604675293
2019-11-27,25.716455459594727
2019-11-29,25.69044303894043
2019-12-02,25.525705337524414
2019-12-03,25.33495330810547
2019-12-04,25.517030715942383
2019-12-05,25.491024017333984
2019-12-06,25.560382843017578
2019-12-09,25.560382843017578
2019-12-10,25.560382843017578
2019-12-11,25.65576171875
2019-12-12,25.699113845825195
2019-12-13,25.733797073364258
2019-12-16,25.93062400817871
2019-12-17,25.965770721435547
2019-12-18,25.956987380981445
2019-12-19,25.983346939086914
2019-12-20,26.036069869995117
2019-12-23,26.036069869995117
2019-12-24,26.06243133544922
2019-12-26,26.20302391052246
2019-12-27,26.19423484802246
2019-12-30,26.106367111206055
2019-12-31,26.2645320892334
2020-01-02,26.343612670898438
2020-01-03,26.21181297302246
2020-01-06,26.343612670898438
2020-01-07,26.369979858398438
2020-01-08,26.343612670898438
2020-01-09,26.387556076049805
2020-01-10,26.369979858398438
2020-01-13,26.51057243347168
2020-01-14,26.52814483642578
2020-01-15,26.668737411499023
2020-01-16,26.809329986572266
2020-01-17,26.870838165283203
2020-01-21,26.879629135131836
2020-01-22,26.739032745361328
2020-01-23,26.844480514526367
2020-01-24,26.72146224975586
2020-01-27,26.387556076049805
2020-01-28,26.58965492248535
2020-01-29,26.449058532714844
2020-01-30,26.492996215820312
2020-01-31,26.071216583251953
2020-02-03,26.02728271484375
2020-02-04,26.369979858398438
2020-02-05,26.563291549682617
2020-02-06,26.686311721801758
2020-02-07,26.475419998168945
2020-02-10,26.563291549682617
2020-02-11,26.739032745361328
2020-02-12,26.897205352783203
2020-02-13,26.80054473876953
2020-02-14,26.897205352783203
2020-02-18,26.818117141723633
2020-02-19,27.046581268310547
2020-02-20,27.011432647705078
2020-02-21,26.91477394104004
2020-02-24,26.290895462036133
2020-02-25,25.737308502197266
2020-02-26,25.482486724853516
2020-02-27,24.568628311157227
2020-02-28,24.24350929260254
2020-03-02,24.753158569335938
2020-03-03,24.454395294189453
2020-03-04,24.902538299560547
2020-03-05,24.515907287597656
2020-03-06,23.98868179321289
2020-03-09,21.00986671447754
2020-03-10,21.52830696105957
2020-03-11,20.579303741455078
2020-03-12,17.837738037109375
2020-03-13,19.770891189575195
2020-03-16,17.521404266357422
2020-03-17,17.1874942779541
2020-03-18,16.361515045166016
2020-03-19,16.704208374023438
2020-03-20,16.48453140258789
2020-03-23,15.50916576385498
2020-03-24,17.503833770751953
2020-03-25,18.523130416870117
2020-03-26,19.138225555419922
2020-03-27,18.154075622558594
2020-03-30,18.637361526489258
2020-03-31,19.19973373413086
2020-04-01,18.268306732177734
2020-04-02,18.602210998535156
2020-04-03,18.461624145507812
2020-04-06,19.419408798217773
2020-04-07,19.560001373291016
2020-04-08,19.98178482055664
2020-04-09,20.33326530456543
2020-04-13,20.385990142822266
2020-04-14,20.579303741455078
2020-04-15,19.8587646484375
2020-04-16,19.718168258666992
2020-04-17,20.54415512084961
2020-04-20,20.42113494873047
2020-04-21,19.76210594177246
2020-04-22,20.227819442749023
2020-04-23,20.30690574645996
2020-04-24,20.57051658630371
2020-04-27,20.9132080078125
2020-04-28,21.19439697265625
2020-04-29,22.064319610595703
2020-04-30,21.33498764038086
2020-05-01,20.86048698425293
2020-05-04,21.053804397583008
2020-05-05,21.203187942504883
2020-05-06,21.036230087280273
2020-05-07,21.211973190307617
2020-05-08,21.58102798461914
2020-05-11,21.651323318481445
2020-05-12,21.22075843811035
2020-05-13,20.675960540771484
2020-05-14,20.78140640258789
2020-05-15,20.851701736450195
2020-05-18,21.62496566772461
2020-05-19,21.4404354095459
2020-05-20,21.686471939086914
2020-05-21,21.43164825439453
2020-05-22,21.43164825439453
2020-05-26,22.12582778930664
2020-05-27,22.345502853393555
2020-05-28,22.30156707763672
2020-05-29,22.09067726135254
2020-06-01,22.538816452026367
2020-06-02,22.943023681640625
2020-06-03,23.224210739135742
2020-06-04,23.109973907470703
2020-06-05,23.672348022460938
2020-06-08,23.971111297607422
2020-06-09,23.733861923217773
2020-06-10,23.53175926208496
2020-06-11,22.178546905517578
2020-06-12,22.5651798248291
2020-06-15,22.767559051513672
2020-06-16,23.0427188873291
2020-06-17,22.874073028564453
2020-06-18,22.918455123901367
2020-06-19,22.803064346313477
2020-06-22,23.0427188873291
2020-06-23,23.095975875854492
2020-06-24,22.545654296875
2020-06-25,22.776432037353516
2020-06-26,22.31486701965332
2020-06-29,22.634414672851562
2020-06-30,22.971710205078125
2020-07-01,23.00721549987793
2020-07-02,23.122604370117188
2020-07-06,23.264625549316406
2020-07-07,23.0427188873291
2020-07-08,23.229122161865234
2020-07-09,22.98946189880371
2020-07-10,23.23799705505371
2020-07-13,23.095975875854492
2020-07-14,23.5397891998291
2020-07-15,23.87708854675293
2020-07-16,23.743946075439453
2020-07-17,23.85933494567871
2020-07-20,24.010231018066406
2020-07-21,24.12562370300293
2020-07-22,24.241010665893555
2020-07-23,23.992481231689453
2020-07-24,23.930343627929688
2020-07-27,24.2853946685791
2020-07-28,24.18775749206543
2020-07-29,24.516178131103516
2020-07-30,24.356409072875977
2020-07-31,24.241010665893555
2020-08-03,24.303146362304688
2020-08-04,24.649320602416992
2020-08-05,24.93336296081543
2020-08-06,25.03099822998047
2020-08-07,24.80909538269043
2020-08-10,24.977737426757812
2020-08-11,24.9688663482666
2020-08-12,25.199647903442383
2020-08-13,25.13751220703125
2020-08-14,25.084257125854492
2020-08-17,25.412675857543945
2020-08-18,25.386049270629883
2020-08-19,25.252906799316406
2020-08-20,25.323915481567383
2020-08-21,25.226276397705078
2020-08-24,25.297283172607422
2020-08-25,25.394929885864258
2020-08-26,25.741100311279297
2020-08-27,25.69671630859375
2020-08-28,25.678966522216797
2020-08-31,25.483686447143555
2020-09-01,25.6523380279541
2020-09-02,25.741100311279297
2020-09-03,25.235157012939453
2020-09-04,25.039873123168945
2020-09-08,24.489551544189453
2020-09-09,25.075382232666016
2020-09-10,24.675949096679688
2020-09-11,24.74695587158203
2020-09-14,24.977737426757812
2020-09-15,25.013242721557617
2020-09-16,24.800216674804688
2020-09-17,24.800216674804688
2020-09-18,24.59606170654297
2020-09-21,24.152250289916992
2020-09-22,24.427417755126953
2020-09-23,23.868209838867188
2020-09-24,24.027986526489258
2020-09-25,24.152250289916992
2020-09-28,24.471797943115234
2020-09-29,24.3475284576416
2020-09-30,24.329774856567383
2020-10-01,24.471797943115234
2020-10-02,24.445167541503906
2020-10-05,24.91560935974121
2020-10-06,24.533931732177734
2020-10-07,24.89785385131836
2020-10-08,25.261781692504883
2020-10-09,25.386049270629883
2020-10-12,25.457059860229492
2020-10-13,25.235157012939453
2020-10-14,25.164142608642578
2020-10-15,25.09313201904297
2020-10-16,25.03099822998047
2020-10-19,24.800216674804688
2020-10-20,24.888980865478516
2020-10-21,24.78246307373047
2020-10-22,24.871225357055664
2020-10-23,24.95111656188965
2020-10-26,24.489551544189453
2020-10-27,24.41853904724121
2020-10-28,23.522037506103516
2020-10-29,23.628555297851562
2020-10-30,23.49540901184082
2020-11-02,23.797203063964844
2020-11-03,24.329774856567383
2020-11-04,24.45404052734375
2020-11-05,25.048749923706055
2020-11-06,25.039873123168945
2020-11-09,25.430429458618164
2020-11-10,25.670087814331055
2020-11-11,25.84761619567871
2020-11-12,25.430429458618164
2020-11-13,25.554697036743164
2020-11-16,26.016260147094727
2020-11-17,26.140531539916992
2020-11-18,26.069520950317383
2020-11-19,26.176036834716797
2020-11-20,26.291427612304688
2020-11-23,26.46007537841797
2020-11-24,26.92163848876953
2020-11-25,26.983776092529297
2020-11-27,27.072534561157227
2020-11-30,26.87725830078125
2020-12-01,27.028154373168945
2020-12-02,27.214553833007812
2020-12-03,27.400955200195312
2020-12-04,27.818140029907227
2020-12-07,27.83588981628418
2020-12-08,27.898025512695312
2020-12-09,27.827014923095703
2020-12-10,28.04004669189453
2020-12-11,27.898025512695312
2020-12-14,27.668874740600586
2020-12-15,27.983394622802734
2020-12-16,27.965423583984375
2020-12-17,28.154132843017578
2020-12-18,27.839614868164062
2020-12-21,27.6329288482666
2020-12-22,27.596982955932617
2020-12-23,27.78569793701172
2020-12-24,27.911500930786133
2020-12-28,27.722795486450195
2020-12-29,27.7946834564209
2020-12-30,27.90252113342285
2020-12-31,27.713804244995117
2021-01-04,27.803668975830078
2021-01-05,28.32487678527832
2021-01-06,28.585477828979492
2021-01-07,28.891016006469727
2021-01-08,28.855066299438477
2021-01-11,28.55851936340332
2021-01-12,28.7562198638916
2021-01-13,28.71129035949707
2021-01-14,28.908981323242188
2021-01-15,28.603450775146484
2021-01-19,28.66635513305664
2021-01-20,28.926958084106445
2021-01-21,28.810136795043945
2021-01-22,28.432708740234375
2021-01-25,28.513587951660156
2021-01-26,28.41473960876465
2021-01-27,27.65988540649414
2021-01-28,27.983394622802734
2021-01-29,27.49813461303711
2021-02-01,27.803668975830078
2021-02-02,28.297916412353516
2021-02-03,28.396764755249023
2021-02-04,28.50459861755371
2021-02-05,28.792165756225586
2021-02-08,29.169591903686523
2021-02-09,29.36728858947754
2021-02-10,29.439180374145508
2021-02-11,29.466142654418945
2021-02-12,29.54701805114746
2021-02-16,29.681806564331055
2021-02-17,29.466142654418945
2021-02-18,29.3852596282959
2021-02-19,29.6907958984375
2021-02-22,29.76268768310547
2021-02-23,29.708772659301758
2021-02-24,30.167072296142578
2021-02-25,29.529041290283203
2021-02-26,28.908981323242188
2021-03-01,29.555997848510742
2021-03-02,29.870525360107422
2021-03-03,29.63688087463379
2021-03-04,29.322359085083008
2021-03-05,29.744714736938477
2021-03-08,29.843564987182617
2021-03-09,30.104169845581055
2021-03-10,30.31983757019043
2021-03-11,30.814090728759766
2021-03-12,30.98482322692871
2021-03-15,31.182523727416992
2021-03-16,31.137596130371094
2021-03-17,31.398193359375
2021-03-18,30.903949737548828
2021-03-19,30.912939071655273
2021-03-22,30.76915168762207
2021-03-23,30.42767333984375
2021-03-24,30.42767333984375
2021-03-25,30.364770889282227
2021-03-26,30.661317825317383
2021-03-29,30.607397079467773
2021-03-30,30.481586456298828
2021-03-31,30.59840965270996
2021-04-01,31.12860679626465
2021-04-05,31.245433807373047
2021-04-06,31.182523727416992
2021-04-07,31.182523727416992
2021-04-08,31.41617202758789
2021-04-09,31.5150203704834
2021-04-12,31.407182693481445
2021-04-13,31.524005889892578
2021-04-14,31.524005889892578
2021-04-15,31.721704483032227
2021-04-16,31.79359245300293
2021-04-19,31.559946060180664
2021-04-20,30.98482322692871
2021-04-21,31.497045516967773
2021-04-22,31.29035758972168
2021-04-23,31.479074478149414
2021-04-26,31.802583694458008
2021-04-27,31.838523864746094
2021-04-28,32.377708435058594
2021-04-29,32.350746154785156
2021-04-30,32.00027847290039
2021-05-03,32.18001174926758
2021-05-04,32.12608337402344
2021-05-05,32.42264175415039
2021-05-06,32.701210021972656
2021-05-07,33.07863998413086
2021-05-10,33.07863998413086
2021-05-11,32.880943298339844
2021-05-12,32.5484504699707
2021-05-13,32.61134719848633
2021-05-14,33.10559844970703
2021-05-17,33.42012023925781
2021-05-18,33.474037170410156
2021-05-19,33.159515380859375
2021-05-20,33.55491256713867
2021-05-21,33.509979248046875
2021-05-24,33.77058410644531
2021-05-25,33.545928955078125
2021-05-26,33.725650787353516
2021-05-27,33.977272033691406
2021-05-28,34.031185150146484
2021-06-01,34.26483154296875
2021-06-02,34.3457145690918
2021-06-03,34.112064361572266
2021-06-04,34.33671951293945
2021-06-07,34.3457145690918
2021-06-08,34.300777435302734
2021-06-09,34.148006439208984
2021-06-10,34.24113845825195
2021-06-11,34.1959342956543
2021-06-14,34.34964370727539
2021-06-15,34.37677001953125
2021-06-16,34.14167404174805
2021-06-17,33.770965576171875
2021-06-18,33.33695983886719
2021-06-21,33.798099517822266
2021-06-22,33.987972259521484
2021-06-23,33.924678802490234
2021-06-24,33.97893142700195
2021-06-25,34.08742904663086
2021-06-28,33.83426284790039
2021-06-29,33.74384689331055
2021-06-30,33.69863510131836
2021-07-01,34.024139404296875
2021-07-02,34.024139404296875
2021-07-06,33.761932373046875
2021-07-07,33.644378662109375
2021-07-08,33.16516876220703
2021-07-09,33.68959045410156
2021-07-12,33.68054962158203
2021-07-13,33.57204818725586
2021-07-14,33.38217544555664
2021-07-15,33.23749923706055
2021-07-16,32.84871292114258
2021-07-19,32.09824752807617
2021-07-20,32.61362838745117
2021-07-21,33.228458404541016
2021-07-22,33.19230270385742
2021-07-23,33.39121627807617
2021-07-26,33.38217544555664
2021-07-27,33.27366638183594
2021-07-28,33.50876235961914
2021-07-29,33.85234832763672
2021-07-30,33.75288772583008
2021-08-02,33.68054962158203
2021-08-03,33.69863510131836
2021-08-04,33.62630081176758
2021-08-05,33.84330368041992
2021-08-06,33.89755630493164
2021-08-09,33.78905487060547
2021-08-10,34.01509475708008
2021-08-11,34.1868896484375
2021-08-12,34.11455154418945
2021-08-13,34.096473693847656
2021-08-16,33.89755630493164
2021-08-17,33.544921875
2021-08-18,33.355045318603516
2021-08-19,32.740211486816406
2021-08-20,32.984336853027344
2021-08-23,33.65342712402344
2021-08-24,33.89755630493164
2021-08-25,33.94276428222656
2021-08-26,33.517799377441406
2021-08-27,33.960845947265625
2021-08-30,33.906593322753906
2021-08-31,33.761932373046875
2021-09-01,33.97893142700195
2021-09-02,34.37677001953125
2021-09-03,34.4490966796875
2021-09-07,34.0512580871582
2021-09-08,33.83426284790039
2021-09-09,33.906593322753906
2021-09-10,33.671504974365234
2021-09-13,33.78001022338867
2021-09-14,33.517799377441406
2021-09-15,33.969879150390625
2021-09-16,33.671504974365234
2021-09-17,33.23749923706055
2021-09-20,32.55937194824219
2021-09-21,32.69499588012695
2021-09-22,33.10187911987305
2021-09-23,33.517799377441406
2021-09-24,33.36408996582031
2021-09-27,33.63534164428711
2021-09-28,33.002418518066406
2021-09-29,32.830623626708984
2021-09-30,32.82158660888672
2021-10-01,33.119964599609375
2021-10-04,33.13804626464844
2021-10-05,33.36408996582031
2021-10-06,33.33695983886719
2021-10-07,33.86138153076172
2021-10-08,34.096473693847656
2021-10-11,34.00605392456055
2021-10-12,34.13264465332031
2021-10-13,34.50334930419922
2021-10-14,35.00064468383789
2021-10-15,35.253814697265625
2021-10-18,35.308067321777344
2021-10-19,35.561241149902344
2021-10-20,35.8505744934082
2021-10-21,35.71494674682617
2021-10-22,35.769203186035156
2021-10-25,35.82344436645508
2021-10-26,35.55219650268555
2021-10-27,35.26286315917969
2021-10-28,35.80536651611328
2021-10-29,35.42561340332031
2021-11-01,35.84153366088867
2021-11-02,35.561241149902344
2021-11-03,35.81441116333008
2021-11-04,35.66973876953125
2021-11-05,35.85961151123047
2021-11-08,36.04044723510742
2021-11-09,36.04044723510742
2021-11-10,35.696861267089844
2021-11-11,35.67877960205078
2021-11-12,36.16703796386719
2021-11-15,36.07661437988281
2021-11-16,36.00428009033203
2021-11-17,35.742069244384766
2021-11-18,35.83249282836914
2021-11-19,35.4889030456543
2021-11-22,35.127235412597656
2021-11-23,35.3623161315918
2021-11-24,35.54315185546875
2021-11-26,34.53047561645508
2021-11-29,34.602813720703125
2021-11-30,33.798099517822266
2021-12-01,33.327919006347656
2021-12-02,33.924678802490234
2021-12-03,33.599178314208984
2021-12-06,34.23210144042969
2021-12-07,35.03681945800781
2021-12-08,34.801734924316406
2021-12-09,34.42198181152344
2021-12-10,34.385807037353516
2021-12-13,33.816253662109375
2021-12-14,33.642269134521484
2021-12-15,33.94445037841797
2021-12-16,34.0543327331543
2021-12-17,33.688053131103516
2021-12-20,33.21189880371094
2021-12-21,33.97191619873047
2021-12-22,34.42060852050781
2021-12-23,34.7502555847168
2021-12-27,35.07990264892578
2021-12-28,35.01579666137695
2021-12-29,34.915069580078125
2021-12-30,35.02495574951172
2021-12-31,35.189781188964844
2022-01-03,35.3179817199707
2022-01-04,34.97001266479492
2022-01-05,34.539642333984375
2022-01-06,34.8051872253418
2022-01-07,35.07990264892578
2022-01-10,34.951698303222656
2022-01-11,35.58353042602539
2022-01-12,36.0413703918457
2022-01-13,35.73918914794922
2022-01-14,35.83076095581055
2022-01-18,35.75750732421875
2022-01-19,35.66593551635742
2022-01-20,35.35460662841797
2022-01-21,34.42976379394531
2022-01-24,34.21915054321289
2022-01-25,34.40229034423828
2022-01-26,34.18252944946289
2022-01-27,33.9169807434082
2022-01-28,34.173362731933594
2022-01-31,34.97001266479492
2022-02-01,35.418697357177734
2022-02-02,35.56521224975586
2022-02-03,34.960853576660156
2022-02-04,35.15314483642578
2022-02-07,35.30881881713867
2022-02-08,35.49196243286133
2022-02-09,35.96811294555664
2022-02-10,35.63846206665039
2022-02-11,35.56521224975586
2022-02-14,35.263031005859375
2022-02-15,35.574363708496094
2022-02-16,35.4553337097168
2022-02-17,34.98832702636719
2022-02-18,34.567115783691406
2022-02-22,34.37482452392578
2022-02-23,34.13674545288086
2022-02-24,33.97191619873047
2022-02-25,34.933387756347656
2022-02-28,34.99748611450195
2022-03-01,34.521331787109375
2022-03-02,35.32712936401367
2022-03-03,35.19892883300781
2022-03-04,35.29050064086914
2022-03-07,34.85097122192383
2022-03-08,34.512176513671875
2022-03-09,35.208099365234375
2022-03-10,35.4553337097168
2022-03-11,35.272193908691406
2022-03-14,34.7227783203125
2022-03-15,34.88759994506836
2022-03-16,35.574363708496094
2022-03-17,36.28860092163086
2022-03-18,36.42594909667969
2022-03-21,36.8197021484375
2022-03-22,36.975364685058594
2022-03-23,36.68234634399414
2022-03-24,36.80138397216797
2022-03-25,37.16765594482422
2022-03-28,36.96620178222656
2022-03-29,37.16765594482422
2022-03-30,37.23175811767578
2022-03-31,36.8197021484375
2022-04-01,36.828857421875
2022-04-04,37.195133209228516
2022-04-05,36.9295768737793
2022-04-06,36.53583526611328
2022-04-07,36.435115814208984
2022-04-08,36.52667999267578
2022-04-11,36.2336540222168
2022-04-12,36.07799530029297
2022-04-13,36.453426361083984
2022-04-14,36.334381103515625
2022-04-18,36.36185073852539
2022-04-19,36.64571762084961
2022-04-20,36.93873977661133
2022-04-21,36.123779296875
2022-04-22,34.960853576660156
2022-04-25,34.64952850341797
2022-04-26,33.88950729370117
2022-04-27,33.962764739990234
2022-04-28,34.6861572265625
2022-04-29,33.92613220214844
2022-05-02,33.84371566772461
2022-05-03,34.30156326293945
2022-05-04,35.061580657958984
2022-05-05,33.94445037841797
2022-05-06,33.71552276611328
2022-05-09,32.406097412109375
2022-05-10,32.19548416137695
2022-05-11,32.22295379638672
2022-05-12,31.939096450805664
2022-05-13,32.87310028076172
2022-05-16,33.18442916870117
2022-05-17,33.73383331298828
2022-05-18,32.88225173950195
2022-05-19,33.257686614990234
2022-05-20,33.15696334838867
2022-05-23,33.73383331298828
2022-05-24,33.39503860473633
2022-05-25,33.55985641479492
2022-05-26,33.90781784057617
2022-05-27,34.44807434082031
2022-05-31,34.6403694152832
2022-06-01,34.567115783691406
2022-06-02,35.32712936401367
2022-06-03,34.81434631347656
2022-06-06,34.942543029785156
2022-06-07,35.235565185546875
2022-06-08,34.905914306640625
2022-06-09,34.1458854675293
2022-06-10,33.4172248840332
2022-06-13,32.282711029052734
2022-06-14,31.895328521728516
2022-06-15,32.18125534057617
2022-06-16,31.074419021606445
2022-06-17,30.72392463684082
2022-06-21,31.57249641418457
2022-06-22,31.092866897583008
2022-06-23,30.49333381652832
2022-06-24,31.295787811279297
2022-06-27,31.67395782470703
2022-06-28,31.62784194946289
2022-06-29,31.35112953186035
2022-06-30,31.06519889831543
2022-07-01,31.397245407104492
2022-07-05,30.62246322631836
2022-07-06,30.456436157226562
2022-07-07,31.138986587524414
2022-07-08,31.129762649536133
2022-07-11,30.687028884887695
2022-07-12,30.43798828125
2022-07-13,30.44721031188965
2022-07-14,29.56174659729004
2022-07-15,29.875349044799805
2022-07-18,30.336530685424805
2022-07-19,31.138986587524414
2022-07-20,31.258888244628906
2022-07-21,31.32345962524414
2022-07-22,31.111312866210938
2022-07-25,31.53559684753418
2022-07-26,31.148208618164062
2022-07-27,31.867652893066406
2022-07-28,32.15358352661133
2022-07-29,32.56864547729492
2022-08-01,32.24582290649414
2022-08-02,32.06134796142578
2022-08-03,32.255043029785156
2022-08-04,32.22737503051758
2022-08-05,32.06134796142578
2022-08-08,32.33805847167969
2022-08-09,32.116695404052734
2022-08-10,32.91914367675781
2022-08-11,33.10361862182617
2022-08-12,33.42644500732422
2022-08-15,33.06672668457031
2022-08-16,33.44489669799805
2022-08-17,33.094398498535156
2022-08-18,33.18663024902344
2022-08-19,32.77156448364258
2022-08-22,32.43029022216797
2022-08-23,32.688560485839844
2022-08-24,32.66088104248047
2022-08-25,33.03905487060547
2022-08-26,32.24582290649414
2022-08-29,32.26426315307617
2022-08-30,31.480262756347656
2022-08-31,31.074419021606445
2022-09-01,30.77004051208496
2022-09-02,31.046749114990234
2022-09-06,30.696252822875977
2022-09-07,31.055973052978516
2022-09-08,31.397245407104492
2022-09-09,32.18125534057617
2022-09-12,32.633209228515625
2022-09-13,31.60016441345215
2022-09-14,31.766197204589844
2022-09-15,31.341907501220703
2022-09-16,30.95451545715332
2022-09-19,31.33268165588379
2022-09-20,30.742368698120117
2022-09-21,30.216623306274414
2022-09-22,29.86612319946289
2022-09-23,28.86997413635254
2022-09-26,28.344223022460938
2022-09-27,28.33500099182129
2022-09-28,29.091339111328125
2022-09-29,28.667051315307617
2022-09-30,28.371896743774414
2022-10-03,29.441837310791016
2022-10-04,30.474885940551758
2022-10-05,30.01370620727539
2022-10-06,29.312705993652344
2022-10-07,28.750064849853516
2022-10-10,28.464130401611328
2022-10-11,28.076740264892578
2022-10-12,27.99372673034668
2022-10-13,28.786956787109375
2022-10-14,28.10441017150879
2022-10-17,28.860748291015625
2022-10-18,29.119007110595703
2022-10-19,28.89764404296875
2022-10-20,28.750064849853516
2022-10-21,29.478729248046875
2022-10-24,29.414167404174805
2022-10-25,29.912240982055664
2022-10-26,30.29963493347168
2022-10-27,30.42876625061035
2022-10-28,30.548669815063477
2022-10-31,30.46565818786621
2022-11-01,30.585569381713867
2022-11-02,30.022924423217773
2022-11-03,29.8292293548584
2022-11-04,30.760814666748047
2022-11-07,30.871503829956055
2022-11-08,31.185100555419922
2022-11-09,30.456436157226562
2022-11-10,31.996782302856445
2022-11-11,32.319610595703125
2022-11-14,31.8861026763916
2022-11-15,32.10746765136719
2022-11-16,31.969114303588867
2022-11-17,31.867652893066406
2022-11-18,31.858430862426758
2022-11-21,31.692401885986328
2022-11-22,32.32883071899414
2022-11-23,32.439510345458984
2022-11-25,32.587100982666016
2022-11-28,31.996782302856445
2022-11-29,31.895328521728516
2022-11-30,32.45795822143555
2022-12-01,32.66088104248047
2022-12-02,32.46718978881836
2022-12-05,31.756969451904297
2022-12-06,31.258888244628906
2022-12-07,31.231224060058594
2022-12-08,31.443361282348633
2022-12-09,31.22199821472168
2022-12-12,31.36957550048828
2022-12-13,31.567045211791992
2022-12-14,31.40795135498047
2022-12-15,30.67796516418457
2022-12-16,30.341049194335938
2022-12-19,30.088367462158203
2022-12-20,30.359766006469727
2022-12-21,30.780914306640625
2022-12-22,30.359766006469727
2022-12-23,30.74347686767578
2022-12-27,30.91193199157715
2022-12-28,30.32233238220215
2022-12-29,30.865142822265625
2022-12-30,30.63117218017578
2023-01-03,30.453359603881836
2023-01-04,31.089750289916992
2023-01-05,30.790273666381836
2023-01-06,31.576404571533203
2023-01-09,31.77294158935547
2023-01-10,31.716781616210938
2023-01-11,32.05370330810547
2023-01-12,32.474849700927734
2023-01-13,32.57779312133789
2023-01-17,32.70881271362305
2023-01-18,32.34382629394531
2023-01-19,32.39997863769531
2023-01-20,32.84918975830078
2023-01-23,33.064449310302734
2023-01-24,33.064449310302734
2023-01-25,32.970855712890625
2023-01-26,33.33584976196289
2023-01-27,33.38263702392578
2023-01-30,32.94278335571289
2023-01-31,33.532386779785156
2023-02-01,33.532386779785156
2023-02-02,33.43879699707031
2023-02-03,33.24226379394531
2023-02-06,32.87726974487305
2023-02-07,33.24226379394531
2023-02-08,33.02701187133789
2023-02-09,32.830474853515625
2023-02-10,33.21418762207031
2023-02-13,33.43879699707031
2023-02-14,33.38263702392578
2023-02-15,33.2890510559082
2023-02-16,32.91469955444336
2023-02-17,32.74625015258789
2023-02-21,32.156646728515625
2023-02-22,32.00690841674805
2023-02-23,32.03498458862305
2023-02-24,31.913318634033203
2023-02-27,32.0817756652832
2023-02-28,31.866527557373047
2023-03-01,32.044342041015625
2023-03-02,32.17536544799805
2023-03-03,32.605873107910156
2023-03-06,32.43741226196289
2023-03-07,31.726146697998047
2023-03-08,31.73550796508789
2023-03-09,31.239492416381836
2023-03-10,30.76219367980957
2023-03-13,30.640531539916992
2023-03-14,30.930648803710938
2023-03-15,30.247461318969727
2023-03-16,30.60309600830078
2023-03-17,30.28489875793457
2023-03-20,30.70604133605957
2023-03-21,30.81834602355957
2023-03-22,30.621816635131836
2023-03-23,30.48143196105957
2023-03-24,30.528221130371094
2023-03-27,30.874500274658203
2023-03-28,31.061674118041992
2023-03-29,31.445383071899414
2023-03-30,31.70743179321289
2023-03-31,31.98818588256836
2023-04-03,32.56843185424805
2023-04-04,32.493568420410156
2023-04-05,32.297027587890625
2023-04-06,32.28767013549805
2023-04-10,32.35318374633789
2023-04-11,32.65266036987305
2023-04-12,32.783687591552734
2023-04-13,33.21418762207031
2023-04-14,33.17675018310547
2023-04-17,33.23290252685547
2023-04-18,33.3171272277832
2023-04-19,33.1486701965332
2023-04-20,32.99892807006836
2023-04-21,32.96149826049805
2023-04-24,32.970855712890625
2023-04-25,32.32510757446289
2023-04-26,32.23152160644531
2023-04-27,32.61522674560547
2023-04-28,32.94278335571289
2023-05-01,32.88663101196289
2023-05-02,32.362545013427734
2023-05-03,32.23152160644531
2023-05-04,32.28767013549805
2023-05-05,33.17675018310547
2023-05-08,33.260982513427734
2023-05-09,33.23290252685547
2023-05-10,33.09252166748047
2023-05-11,32.69945526123047
2023-05-12,32.56843185424805
2023-05-15,32.980220794677734
2023-05-16,32.4467658996582
2023-05-17,32.605873107910156
2023-05-18,32.493568420410156
2023-05-19,32.549713134765625
2023-05-22,32.59651184082031
2023-05-23,32.22216033935547
2023-05-24,31.64191436767578
2023-05-25,31.342437744140625
2023-05-26,31.61383819580078
2023-05-30,31.37051010131836
2023-05-31,31.12718391418457
2023-06-01,31.567045211791992
2023-06-02,32.23152160644531
2023-06-05,32.02562713623047
2023-06-06,32.31575012207031
2023-06-07,32.283607482910156
2023-06-08,32.274147033691406
2023-06-09,32.2363395690918
2023-06-12,32.2552375793457
2023-06-13,32.491580963134766
2023-06-14,32.51994323730469
2023-06-15,32.869720458984375
2023-06-16,32.831905364990234
2023-06-20,32.3875846862793
2023-06-21,32.47267150878906
2023-06-22,32.3214111328125
2023-06-23,31.962182998657227
2023-06-26,32.359230041503906
2023-06-27,32.576663970947266
2023-06-28,32.491580963134766
2023-06-29,32.69955062866211
2023-06-30,33.077693939208984
2023-07-03,33.27621841430664
2023-07-05,32.89807891845703
2023-07-06,32.21743392944336
2023-07-07,32.453765869140625
2023-07-10,32.406497955322266
2023-07-11,32.56720733642578
2023-07-12,33.030426025390625
2023-07-13,33.58817672729492
2023-07-14,33.31403350830078
2023-07-17,33.361297607421875
2023-07-18,33.63545227050781
2023-07-19,33.852882385253906
2023-07-20,33.729984283447266
2023-07-21,33.84342956542969
2023-07-24,34.04195022583008
2023-07-25,33.93796157836914
2023-07-26,33.91905212402344
2023-07-27,33.607086181640625
2023-07-28,33.824520111083984
2023-07-31,34.10811996459961
2023-08-01,33.67326354980469
2023-08-02,33.00206756591797
2023-08-03,32.831905364990234
2023-08-04,32.91698455810547
2023-08-07,33.039886474609375
2023-08-08,32.831905364990234
2023-08-09,32.907535552978516
2023-08-10,32.97370910644531
2023-08-11,33.04933547973633
2023-08-14,32.85081481933594
2023-08-15,32.14179611206055
2023-08-16,32.037811279296875
2023-08-17,31.886560440063477
2023-08-18,31.886560440063477
2023-08-21,31.83929443359375
2023-08-22,31.650222778320312
2023-08-23,31.999998092651367
2023-08-24,31.763660430908203
2023-08-25,31.77311897277832
2023-08-28,32.06616973876953
2023-08-29,32.5955696105957
2023-08-30,32.756282806396484
2023-08-31,32.794090270996094
2023-09-01,33.02097702026367
2023-09-05,32.70901107788086
2023-09-06,32.406497955322266
2023-09-07,32.1512565612793
2023-09-08,32.1512565612793
2023-09-11,32.491580963134766
2023-09-12,32.5955696105957
2023-09-13,32.70901107788086
2023-09-14,33.31403350830078
2023-09-15,33.34239196777344
2023-09-18,33.24785232543945
2023-09-19,32.94534683227539
2023-09-20,32.86026382446289
2023-09-21,32.1512565612793
2023-09-22,32.09453582763672
2023-09-25,32.2363395690918
2023-09-26,31.725852966308594
2023-09-27,31.565141677856445
2023-09-28,31.886560440063477
2023-09-29,31.631315231323242
2023-10-02,30.90339469909668
2023-10-03,30.534711837768555
2023-10-04,30.449626922607422
2023-10-05,30.70487403869629
2023-10-06,30.979022979736328
2023-10-09,31.328800201416016
2023-10-10,31.584047317504883
2023-10-11,31.820384979248047
2023-10-12,31.394975662231445
2023-10-13,31.36661720275879
2023-10-16,31.763660430908203
2023-10-17,31.782569885253906
2023-10-18,31.196455001831055
2023-10-19,31.073556900024414
2023-10-20,30.70487403869629
2023-10-23,30.638700485229492
2023-10-24,30.430723190307617
2023-10-25,30.241655349731445
2023-10-26,30.080944061279297
2023-10-27,29.759525299072266
2023-10-30,30.080944061279297
2023-10-31,30.00531768798828
2023-11-01,30.317279815673828
2023-11-02,31.508419036865234
2023-11-03,31.95273208618164
2023-11-06,31.79202651977539
2023-11-07,31.385528564453125
2023-11-08,31.281539916992188
2023-11-09,31.36661720275879
2023-11-10,31.470605850219727
2023-11-13,31.631315231323242
2023-11-14,32.33087158203125
2023-11-15,32.41595458984375
2023-11-16,32.22687911987305
2023-11-17,32.586116790771484
2023-11-20,32.64283752441406
2023-11-21,32.51994323730469
2023-11-22,32.53884506225586
2023-11-24,32.73737335205078
2023-11-27,32.55775451660156
2023-11-28,32.67119598388672
2023-11-29,32.76573181152344
2023-11-30,33.068241119384766
2023-12-01,33.55036926269531
2023-12-04,33.38020706176758
2023-12-05,33.210044860839844
2023-12-06,33.030426025390625
2023-12-07,33.01152038574219
2023-12-08,33.14386749267578
2023-12-11,33.210044860839844
2023-12-12,33.01152038574219
2023-12-13,33.8339729309082
2023-12-14,34.29719161987305
2023-12-15,33.9852294921875
2023-12-18,34.12702941894531
2023-12-19,34.60915756225586
2023-12-20,34.164615631103516
2023-12-21,34.643646240234375
2023-12-22,34.90232467651367
2023-12-26,35.285552978515625
2023-12-27,35.323875427246094
2023-12-28,35.16100311279297
2023-12-29,35.141841888427734
2024-01-02,34.77777862548828
2024-01-03,34.662811279296875
2024-01-04,34.72029495239258
2024-01-05,34.844844818115234
2024-01-08,35.11309814453125
2024-01-09,34.82567596435547
2024-01-10,34.90232467651367
2024-01-11,34.73945617675781
2024-01-12,34.78736114501953
2024-01-16,34.46161651611328
2024-01-17,34.01132583618164
2024-01-18,34.174190521240234
2024-01-19,34.57658386230469
2024-01-22,34.490360260009766
2024-01-23,34.672393798828125
2024-01-24,34.57658386230469
2024-01-25,34.835262298583984
2024-01-26,34.940650939941406
2024-01-29,35.16100311279297
2024-01-30,35.266395568847656
2024-01-31,34.82567596435547
2024-02-01,35.0651969909668
2024-02-02,34.8640022277832
2024-02-05,34.317909240722656
2024-02-06,34.59574890136719
2024-02-07,34.691551208496094
2024-02-08,34.681968688964844
2024-02-09,34.816097259521484
2024-02-12,34.92148971557617
2024-02-13,33.81013107299805
2024-02-14,34.41371536254883
2024-02-15,35.16100311279297
2024-02-16,35.141841888427734
2024-02-20,35.007713317871094
2024-02-21,34.95981216430664
2024-02-22,35.29513168334961
2024-02-23,35.43885040283203
2024-02-26,35.30471420288086
2024-02-27,35.21848678588867
2024-02-28,35.007713317871094
2024-02-29,35.22806930541992
2024-03-01,35.55381774902344
2024-03-04,35.46758270263672
2024-03-05,35.42926025390625
2024-03-06,35.70710372924805
2024-03-07,36.20530319213867
2024-03-08,36.032840728759766
2024-03-11,36.13822937011719
2024-03-12,36.23403549194336
2024-03-13,36.550201416015625
2024-03-14,36.186134338378906
2024-03-15,36.14780807495117
2024-03-18,36.13822937011719
2024-03-19,36.13822937011719
2024-03-20,36.65559005737305
2024-03-21,36.59810256958008
2024-03-22,36.22446060180664
2024-03-25,36.21487045288086
2024-03-26,36.13822937011719
2024-03-27,36.47355651855469
2024-03-28,36.674747467041016
2024-04-01,36.61726379394531
2024-04-02,36.44480895996094
2024-04-03,36.59810256958008
2024-04-04,36.43523025512695
2024-04-05,36.684326171875
2024-04-08,36.73223114013672
2024-04-09,36.904685974121094
2024-04-10,36.368167877197266
2024-04-11,36.176551818847656
2024-04-12,35.592132568359375
2024-04-15,35.333457946777344
2024-04-16,35.0843620300293
2024-04-17,35.22806930541992
2024-04-18,35.30471420288086
2024-04-19,35.55381774902344
2024-04-22,35.79332733154297
2024-04-23,36.11907196044922
2024-04-24,35.79332733154297
2024-04-25,35.92745590209961
2024-04-26,36.052005767822266
2024-04-29,36.099910736083984
2024-04-30,35.37178039550781
2024-05-01,35.390933990478516
2024-05-02,35.774169921875
2024-05-03,35.9945182800293
2024-05-06,36.52145767211914
2024-05-07,36.41606903076172
2024-05-08,36.31068420410156
2024-05-09,36.674747467041016
2024-05-10,36.58852005004883
2024-05-13,36.51187515258789
2024-05-14,36.540618896484375
2024-05-15,36.693904876708984
2024-05-16,36.693904876708984
2024-05-17,36.971744537353516
2024-05-20,37.00048828125
2024-05-21,36.904685974121094
2024-05-22,36.578941345214844
2024-05-23,36.24361801147461
2024-05-24,36.6268424987793
2024-05-28,36.540618896484375
2024-05-29,35.74542236328125
2024-05-30,36.11907196044922
2024-05-31,36.65559005737305
2024-06-03,36.34900665283203
2024-06-04,36.032840728759766
2024-06-05,36.25320053100586
2024-06-06,36.396907806396484
2024-06-07,35.88913345336914
2024-06-10,35.956199645996094
2024-06-11,35.67478561401367
2024-06-12,35.887542724609375
2024-06-13,35.39433670043945
2024-06-14,35.3363151550293
2024-06-17,35.278289794921875
2024-06-18,35.316978454589844
2024-06-20,35.3363151550293
2024-06-21,35.2879638671875
2024-06-24,35.85852813720703
2024-06-25,35.800498962402344
2024-06-26,35.71346664428711
2024-06-27,35.99391174316406
2024-06-28,35.86819839477539
2024-07-01,35.71346664428711
2024-07-02,36.090614318847656
2024-07-03,36.58382034301758
2024-07-05,36.380733489990234
2024-07-08,36.4194221496582
2024-07-09,36.303375244140625
2024-07-10,36.86426544189453
2024-07-11,37.11570739746094
2024-07-12,37.33812713623047
2024-07-15,37.328453063964844
2024-07-16,37.74428939819336
2024-07-17,37.473514556884766
2024-07-18,37.18339920043945
2024-07-19,37.11570739746094
2024-07-22,37.376808166503906
2024-07-23,37.1253662109375
2024-07-24,36.796573638916016
2024-07-25,36.74821853637695
2024-07-26,37.067352294921875
2024-07-29,36.96097183227539
2024-07-30,37.08668899536133
2024-07-31,37.637908935546875
2024-08-01,36.796573638916016
2024-08-02,35.974571228027344
2024-08-05,35.316978454589844
2024-08-06,35.819847106933594
2024-08-07,35.800498962402344
2024-08-08,36.4194221496582
2024-08-09,36.58382034301758
2024-08-12,36.65151596069336
2024-08-13,37.16405487060547
2024-08-14,37.386478424072266
2024-08-15,37.811981201171875
2024-08-16,37.976383209228516
2024-08-19,38.247161865234375
2024-08-20,38.150455474853516
2024-08-21,38.33419418334961
2024-08-22,38.160125732421875
2024-08-23,38.88541793823242
2024-08-26,39.04014587402344
2024-08-27,39.02080535888672
2024-08-28,38.730690002441406
2024-08-29,38.90475845336914
2024-08-30,39.15619659423828
2024-09-03,38.47925567626953
2024-09-04,38.575958251953125
2024-09-05,38.469581604003906
2024-09-06,38.01506805419922
2024-09-09,38.440574645996094
2024-09-10,38.247161865234375
2024-09-11,38.730690002441406
2024-09-12,39.06916427612305
2024-09-13,39.20454788208008
2024-09-16,39.45598602294922
2024-09-17,39.339935302734375
2024-09-18,39.15619659423828
2024-09-19,39.79445266723633
2024-09-20,39.75577163696289
2024-09-23,39.98786163330078
2024-09-24,40.287654876708984
2024-09-25,40.05555725097656
2024-09-26,40.287654876708984
2024-09-27,40.08456802368164
2024-09-30,40.15226364135742
2024-10-01,40.268310546875
2024-10-02,40.2296257019043
2024-10-03,40.05555725097656
2024-10-04,40.29732131958008
2024-10-07,40.06522750854492
2024-10-08,39.78478240966797
2024-10-09,39.997535705566406
2024-10-10,40.03622055053711
2024-10-11,40.2296257019043
2024-10-14,40.23930358886719
2024-10-15,40.113582611083984
2024-10-16,40.4907341003418
2024-10-17,40.50040817260742
2024-10-18,40.65513610839844
2024-10-21,40.3940315246582
2024-10-22,40.4423828125
2024-10-23,40.15226364135742
2024-10-24,40.07490158081055
2024-10-25,39.80412292480469
2024-10-28,40.06522750854492
2024-10-29,39.91050338745117
2024-10-30,39.8718147277832
2024-10-31,39.29158401489258
2024-11-01,39.33026123046875
2024-11-04,39.55268859863281
2024-11-05,39.997535705566406
2024-11-06,40.21029281616211
2024-11-07,40.771183013916016
2024-11-08,40.31666564941406
2024-11-11,40.4907341003418
2024-11-12,40.858219146728516
2024-11-13,40.7518424987793
2024-11-14,40.693817138671875
2024-11-15,40.34567642211914
2024-11-18,40.64546203613281
2024-11-19,40.887229919433594
2024-11-20,40.81953430175781
2024-11-21,41.525482177734375
2024-11-22,41.55450439453125
2024-11-25,41.47713088989258
2024-11-26,41.19668197631836
2024-11-27,41.41911315917969
2024-11-29,41.82527542114258
2024-12-02,41.680213928222656
2024-12-03,41.58351135253906
2024-12-04,41.544830322265625
2024-12-05,41.854286193847656
2024-12-06,41.46746826171875
2024-12-09,41.293392181396484
2024-12-10,41.128990173339844
2024-12-11,41.351417541503906
2024-12-12,40.761512756347656
2024-12-13,40.626121520996094
2024-12-16,40.42304229736328
2024-12-17,40.17805099487305
2024-12-18,39.05110549926758
2024-12-19,38.84531784057617
2024-12-20,39.12950134277344
2024-12-23,39.345096588134766
2024-12-24,39.64887619018555
2024-12-26,39.60968017578125
2024-12-27,39.413692474365234
2024-12-30,39.28629684448242
2024-12-31,39.492088317871094
2025-01-02,39.54108428955078
2025-01-03,39.77627182006836
2025-01-06,40.00166320800781
2025-01-07,39.766475677490234
2025-01-08,39.98206329345703
2025-01-10,39.21770095825195
2025-01-13,39.04130935668945
2025-01-14,39.26669692993164
2025-01-15,39.688079833984375
2025-01-16,39.59988021850586
2025-01-17,39.73707580566406
2025-01-21,40.4034423828125
2025-01-22,40.236854553222656
2025-01-23,40.6190299987793
2025-01-24,40.81502151489258
2025-01-27,40.48183822631836
2025-01-28,40.53083801269531
2025-01-29,40.658233642578125
2025-01-30,40.942413330078125
2025-01-31,40.39364242553711
2025-02-03,39.766475677490234
2025-02-04,40.491641998291016
2025-02-05,40.903221130371094
2025-02-06,40.962013244628906
2025-02-07,40.81502151489258
2025-02-10,41.17760467529297
2025-02-11,41.226600646972656
2025-02-12,41.11880874633789
2025-02-13,41.66758346557617
2025-02-14,41.3245964050293
2025-02-18,41.58918762207031
2025-02-19,41.383392333984375
2025-02-20,41.37359619140625
2025-02-21,40.71702575683594
2025-02-24,40.55043411254883
2025-02-25,40.521034240722656
2025-02-26,40.59943389892578
2025-02-27,39.98206329345703
2025-02-28,40.4034423828125
2025-03-03,39.63908004760742
2025-03-04,38.97270965576172
2025-03-05,39.91346740722656
2025-03-06,39.5606803894043
2025-03-07,39.65868377685547
2025-03-10,38.884517669677734
2025-03-11,38.68852615356445
2025-03-12,39.04130935668945
2025-03-13,38.51213455200195
2025-03-14,39.30589294433594
2025-03-17,39.874267578125
2025-03-18,39.70767593383789
2025-03-19,40.21725082397461
2025-03-20,40.20745086669922
2025-03-21,40.06045913696289
2025-03-24,40.67782974243164
2025-03-25,40.873817443847656
2025-03-26,40.55043411254883
2025-03-27,40.42304229736328
2025-03-28,39.756675720214844
2025-03-31,39.933067321777344
2025-04-01,40.30544662475586
2025-04-02,40.756229400634766
2025-04-03,39.80567169189453
2025-04-04,37.639976501464844
2025-04-07,37.03240966796875
2025-04-08,36.42483139038086
2025-04-09,38.7473258972168
2025-04-10,37.96335983276367
2025-04-11,39.070709228515625
2025-04-14,39.629276275634766
2025-04-15,39.717472076416016
2025-04-16,40.0114631652832
2025-04-17,40.27604675292969
2025-04-21,39.952667236328125
2025-04-22,40.56023406982422
2025-04-23,40.68762969970703
2025-04-24,41.21680450439453
2025-04-25,41.19720458984375
2025-04-28,41.52058792114258
2025-04-29,41.59898376464844
2025-04-30,41.59898376464844
2025-05-01,41.4617919921875
2025-05-02,41.981163024902344
2025-05-05,41.80477523803711
2025-05-06,41.91257095336914
2025-05-07,42.0301628112793
2025-05-08,41.9517707824707
2025-05-09,41.990966796875
2025-05-12,42.21635818481445
2025-05-13,42.52994155883789
2025-05-14,42.56913375854492
2025-05-15,42.95132064819336
2025-05-16,43.01011657714844
2025-05-19,43.16691207885742
2025-05-20,43.304100036621094
2025-05-21,43.05910873413086
2025-05-22,43.11791229248047
2025-05-23,43.54908752441406
2025-05-27,43.92147445678711
2025-05-28,43.8626708984375
2025-05-29,43.88227081298828
2025-05-30,44.05866241455078
2025-06-02,44.480045318603516
2025-06-03,44.43104934692383
2025-06-04,44.34285354614258
2025-06-05,44.41144561767578
2025-06-06,44.480045318603516
2025-06-09,44.391849517822266
2025-06-10,44.51924133300781
2025-06-11,44.74462890625
2025-06-12,45.07781219482422
2025-06-13,44.96022033691406
2025-06-16,45.14371871948242
2025-06-17,44.837894439697266
2025-06-18,44.70964050292969
2025-06-20,44.49260330200195
2025-06-23,44.71950912475586
2025-06-24,45.00559997558594
2025-06-25,44.70964050292969
2025-06-26,45.30155944824219
2025-06-27,44.96614074707031
2025-06-30,45.57779312133789
2025-07-01,45.56792449951172
2025-07-02,45.70603942871094
2025-07-03,46.04145812988281
2025-07-07,45.55805969238281
2025-07-08,45.38048553466797
2025-07-09,45.50873565673828
2025-07-10,45.78496170043945
2025-07-11,45.50873565673828
2025-07-14,45.81455612182617
2025-07-15,45.41994857788086
2025-07-16,45.84415817260742
2025-07-17,46.0809211730957
2025-07-18,45.96253967285156
2025-07-21,46.0809211730957
2025-07-22,46.455806732177734
2025-07-23,46.534725189208984
2025-07-24,46.33742141723633
2025-07-25,46.37688064575195
2025-07-28,46.090789794921875
2025-07-29,46.159847259521484
2025-07-30,45.755367279052734
2025-07-31,45.55805969238281
2025-08-01,45.24237060546875
2025-08-04,45.95267868041992
2025-08-05,46.29795837402344
2025-08-06,47.08718490600586
2025-08-07,46.70243835449219
2025-08-08,46.70243835449219
2025-08-11,46.643245697021484
2025-08-12,46.870147705078125
2025-08-13,46.99839782714844
2025-08-14,46.69257354736328
2025-08-15,46.63338088989258
2025-08-18,46.712303161621094
2025-08-19,46.36701583862305
2025-08-20,46.47553634643555
2025-08-21,46.643245697021484
2025-08-22,47.38314437866211
2025-08-25,46.909610748291016
2025-08-26,47.3732795715332
2025-08-27,47.71856689453125
2025-08-28,47.80735397338867
2025-08-29,48.132911682128906
2025-09-02,47.935604095458984
2025-09-03,48.211830139160156
2025-09-04,48.45846176147461
2025-09-05,48.507789611816406
2025-09-08,48.636043548583984
2025-09-09,48.6064453125
2025-09-10,48.75442123413086
2025-09-11,49.24768829345703
2025-09-12,48.932003021240234
2025-09-15,49.454864501953125
2025-09-16,49.405540466308594
2025-09-17,49.306880950927734
2025-09-18,49.504188537597656
2025-09-19,50.046783447265625
2025-09-22,50.19476318359375
2025-09-23,49.8494758605957
2025-09-24,49.56338119506836
2025-09-25,49.375938415527344
2025-09-26,49.346343994140625
2025-09-29,49.78041458129883
2025-09-30,49.869205474853516
2025-10-01,49.888938903808594
2025-10-02,49.908668518066406
2025-10-03,50.54991912841797
2025-10-06,50.60910415649414
2025-10-07,50.25395584106445
2025-10-08,50.45125961303711
2025-10-09,49.8494758605957
2025-10-10,49.18850326538086
2025-10-13,49.908668518066406
2025-10-14,49.8494758605957
2025-10-15,50.273685455322266
2025-10-16,49.938262939453125
2025-10-17,49.602840423583984
2025-10-20,50.03691864013672
2025-10-21,49.316749572753906
2025-10-22,49.52391815185547
2025-10-23,49.8988037109375
2025-10-24,50.15530014038086
2025-10-27,50.10597610473633
2025-10-28,50.71762466430664
2025-10-29,50.06651306152344
2025-10-30,49.98759078979492
2025-10-31,50.05664825439453
2025-11-03,49.98759078979492
2025-11-04,49.050384521484375
2025-11-05,49.58311080932617
2025-11-06,49.07998275756836
2025-11-07,49.42526626586914
2025-11-10,50.204627990722656
2025-11-11,50.35260772705078
2025-11-12,51.05304718017578
2025-11-13,49.9579963684082
2025-11-14,50.204627990722656
2025-11-17,49.66203689575195
2025-11-18,49.8494758605957
2025-11-19,49.938262939453125
2025-11-20,49.237823486328125
2025-11-21,49.750823974609375
2025-11-24,50.36247253417969
2025-11-25,50.865604400634766
2025-11-26,51.54631042480469
2025-11-28,51.99024963378906
2025-12-01,51.47725296020508
2025-12-02,51.43778991699219
2025-12-03,51.76335144042969
2025-12-04,52.35526657104492
2025-12-05,52.572303771972656
2025-12-08,52.23688507080078
2025-12-09,52.35526657104492
2025-12-10,52.996517181396484
2025-12-11,53.35166549682617
2025-12-12,53.164222717285156
2025-12-15,53.075435638427734
2025-12-16,52.732051849365234
2025-12-17,52.56284713745117
2025-12-18,52.97092819213867
2025-12-19,53.428775787353516
2025-12-22,53.916481018066406
2025-12-23,54.284751892089844
2025-12-24,54.34446716308594
2025-12-26,54.54353332519531
2025-12-29,54.07573699951172
2025-12-30,54.04587173461914
2025-12-31,53.67760467529297
2026-01-02,53.93638610839844
2026-01-05,54.33451843261719
2026-01-06,54.39423751831055
2026-01-07,53.75722885131836
2026-01-08,54.20512390136719
2026-01-09,54.374332427978516
2026-01-12,54.832176208496094
2026-01-13,54.86203384399414
2026-01-14,54.921756744384766
2026-01-15,54.961570739746094
2026-01-16,54.87199020385742
2026-01-20,54.49376678466797
2026-01-21,54.76250457763672
2026-01-22,54.9416618347168
2026-01-23,55.508995056152344
2026-01-26,55.42936706542969
2026-01-27,55.917076110839844
2026-01-28,56.08627700805664
2026-01-29,56.265438079833984
2026-01-30,54.00605773925781
2026-02-02,54.29470443725586
2026-02-03,54.58334732055664
2026-02-04,54.75254821777344
2026-02-05,53.88662338256836
2026-02-06,54.75254821777344
2026-02-09,56.006656646728516
2026-02-10,56.45454788208008
2026-02-11,56.31520462036133
2026-02-12,55.001380920410156
2026-02-13,55.90711975097656
2026-02-17,55.598575592041016
2026-02-18,56.195762634277344
2026-02-19,56.48440933227539
2026-02-20,56.89249038696289
2026-02-23,56.6834716796875
2026-02-24,56.882537841796875
2026-02-25,57.32047653198242
2026-02-26,57.87785720825195
2026-02-27,57.70865249633789
2026-03-02,57.88780975341797
2026-03-03,56.80290985107422
2026-03-04,57.2010383605957
2026-03-05,56.64365768432617
2026-03-06,56.08627700805664
2026-03-09,56.345062255859375
2026-03-10,56.43464279174805
2026-03-11,56.21567153930664
2026-03-12,55.588619232177734
2026-03-13,54.772457122802734
2026-03-16,55.588619232177734
2026-03-17,55.63838577270508
2026-03-18,54.553489685058594
2026-03-19,53.84680938720703
2026-03-20,52.960975646972656
2026-03-23,53.966251373291016
2026-03-24,53.826904296875
2026-03-25,54.374332427978516
2026-03-26,53.45863342285156
2026-03-27,53.37900924682617
2026-03-30,53.16999053955078
2026-03-31,54.5335807800293
2026-04-01,54.921756744384766
2026-04-02,55.061100006103516
2026-04-06,55.23030471801758
2026-04-07,55.459228515625
2026-04-08,56.37492370605469
2026-04-09,56.17585754394531
2026-04-10,56.49435806274414
2026-04-13,56.99201965332031
2026-04-14,57.429962158203125
2026-04-15,57.76837158203125
2026-04-16,57.718605041503906
2026-04-17,58.246124267578125
2026-04-20,58.49495315551758
2026-04-21,57.549400329589844
2026-04-22,57.718605041503906
2026-04-23,57.569305419921875
2026-04-24,57.66883850097656
2026-04-27,57.70865249633789
2026-04-28,57.19108581542969
2026-04-29,56.71332931518555
2026-04-30,58.325748443603516
2026-05-01,58.126686096191406
2026-05-04,57.61907196044922
2026-05-05,57.429962158203125
2026-05-06,57.93757247924805
2026-05-07,57.549400329589844
2026-05-08,57.818138122558594
2026-05-11,57.86790084838867
2026-05-12,57.99729537963867
2026-05-13,57.46977615356445
2026-05-14,57.897762298583984
2026-05-15,57.17117691040039
2026-05-18,57.290618896484375
2026-05-19,57.220947265625
2026-05-20,58.00724792480469
2026-05-21,58.305843353271484
2026-05-22,58.236167907714844
2026-05-26,58.4252815246582
2026-05-27,57.98733901977539
2026-05-28,58.305843353271484
2026-05-29,58.534767150878906
2026-06-01,58.43523406982422
2026-06-02,59.181724548339844
2026-06-03,58.365562438964844
2026-06-04,59.141910552978516
2026-06-05,57.75841522216797
2026-06-08,57.78827667236328
2026-06-09,57.75841522216797
2026-06-10,57.43991470336914
2026-06-11,58.21626663208008
2026-06-12,58.48500061035156
2026-06-15,58.93000030517578
2026-06-16,59.11000061035156
2026-06-17,58.189998626708984
2026-06-18,57.869998931884766
2026-06-22,57.88999938964844
2026-06-23,57.66999816894531
2026-06-24,57.290000915527344
2026-06-25,57.619998931884766
2026-06-26,57.79999923706055
2026-06-29,57.4900016784668
2026-06-30,57.63999938964844
2026-07-01,57.66999816894531
2026-07-02,57.77000045776367
2026-07-06,58.060001373291016
2026-07-07,58.36000061035156
2026-07-08,57.970001220703125
2026-07-09,58.380001068115234
2026-07-10,58.650001525878906
2026-07-13,58.72999954223633
2026-07-14,59.18000030517578
2026-07-15,59.4900016784668
2026-07-16,59.38999938964844
2026-07-17,59.45000076293945
2026-07-20,58.619998931884766
2026-07-21,59.04999923706055
2026-07-22,59.279998779296875
2026-07-23,58.81999969482422
2026-07-24,59.06999969482422
2026-07-27,59.38999938964844
2026-07-28,59.84000015258789
2026-07-29,59.290000915527344
2026-07-30,59.790000915527344
2026-07-31,59.38999938964844
2026-08-03,59.650001525878906
2026-08-04,60.0
2026-08-05,60.779998779296875
2026-08-06,60.70000076293945
2026-08-07,61.29999923706055
2026-08-10,61.5
2026-08-11,61.5099983215332
2026-08-12,61.77000045776367
2026-08-13,62.099998474121094
2026-08-14,62.22999954223633
2026-08-17,62.18000030517578
2026-08-18,61.58000183105469
2026-08-19,61.83000183105469
2026-08-20,61.77000045776367
2026-08-21,62.36000061035156
2026-08-24,62.119998931884766
2026-08-25,62.63999938964844
2026-08-26,62.22999954223633
2026-08-27,62.2599983215332
2026-08-28,61.72999954223633
2026-08-31,61.43000030517578
2026-09-01,60.599998474121094
2026-09-02,61.27000045776367
2026-09-03,62.470001220703125
2026-09-04,62.040000915527344
2026-09-08,61.4900016784668
2026-09-09,60.9900016784668
2026-09-10,60.290000915527344
2026-09-11,60.58000183105469
2026-09-14,60.5
2026-09-15,60.290000915527344
2026-09-16,59.86000061035156
2026-09-17,60.40999984741211
2026-09-18,60.220001220703125
2026-09-21,60.43000030517578
2026-09-22,60.7599983215332
2026-09-23,59.650001525878906
2026-09-24,59.439998626708984
2026-09-25,59.59000015258789
2026-09-28,59.06999969482422
