Date,Close
2000-01-03,18.124053955078125
2000-01-04,17.623138427734375
2000-01-05,17.486520767211914
2000-01-06,17.03114128112793
2000-01-07,17.486520767211914
2000-01-10,17.486520767211914
2000-01-11,17.34990119934082
2000-01-12,17.714204788208008
2000-01-13,17.896360397338867
2000-01-14,18.260665893554688
2000-01-18,17.668676376342773
2000-01-19,17.759748458862305
2000-01-20,17.98743438720703
2000-01-21,17.941896438598633
2000-01-24,17.714204788208008
2000-01-25,17.623138427734375
2000-01-26,17.623138427734375
2000-01-27,17.80528450012207
2000-01-28,17.167757034301758
2000-01-31,17.03114128112793
2000-02-01,17.167757034301758
2000-02-02,17.80528450012207
2000-02-03,18.624963760375977
2000-02-04,18.442813873291016
2000-02-07,18.306203842163086
2000-02-08,19.080337524414062
2000-02-09,18.943729400634766
2000-02-10,19.17141342163086
2000-02-11,19.216955184936523
2000-02-14,19.763408660888672
2000-02-15,19.35357093811035
2000-02-16,19.35357093811035
2000-02-17,19.39910316467285
2000-02-18,19.12588119506836
2000-02-22,19.39910316467285
2000-02-23,20.127717971801758
2000-02-24,19.58125877380371
2000-02-25,19.80894660949707
2000-02-28,19.35357093811035
2000-02-29,19.58125877380371
2000-03-01,19.672330856323242
2000-03-02,19.900020599365234
2000-03-03,19.8544864654541
2000-03-06,19.945558547973633
2000-03-07,19.39910316467285
2000-03-08,19.44464683532715
2000-03-09,19.763408660888672
2000-03-10,19.672330856323242
2000-03-13,19.35357093811035
2000-03-14,19.12588119506836
2000-03-15,18.351741790771484
2000-03-16,18.943729400634766
2000-03-17,19.034809112548828
2000-03-20,18.852657318115234
2000-03-21,18.636350631713867
2000-03-22,18.488351821899414
2000-03-23,18.533889770507812
2000-03-24,18.943729400634766
2000-03-27,18.852657318115234
2000-03-28,18.761577606201172
2000-03-29,18.397274017333984
2000-03-30,18.260665893554688
2000-03-31,18.215120315551758
2000-04-03,17.714204788208008
2000-04-04,18.032974243164062
2000-04-05,17.623138427734375
2000-04-06,17.98743438720703
2000-04-07,17.941896438598633
2000-04-10,18.032974243164062
2000-04-11,17.668676376342773
2000-04-12,17.80528450012207
2000-04-13,17.714204788208008
2000-04-14,17.03114128112793
2000-04-17,16.985605239868164
2000-04-18,17.076679229736328
2000-04-19,16.66683578491211
2000-04-20,17.076679229736328
2000-04-24,16.985605239868164
2000-04-25,17.167757034301758
2000-04-26,17.122215270996094
2000-04-27,16.71237564086914
2000-04-28,17.03114128112793
2000-05-01,17.122215270996094
2000-05-02,17.44097900390625
2000-05-03,16.757915496826172
2000-05-04,17.076679229736328
2000-05-05,17.03114128112793
2000-05-08,16.940067291259766
2000-05-09,16.940067291259766
2000-05-10,16.757915496826172
2000-05-11,17.03114128112793
2000-05-12,17.34990119934082
2000-05-15,17.395442962646484
2000-05-16,17.623138427734375
2000-05-17,16.985605239868164
2000-05-18,16.940067291259766
2000-05-19,16.302536010742188
2000-05-22,16.256996154785156
2000-05-23,16.57576560974121
2000-05-24,16.84899139404297
2000-05-25,17.076679229736328
2000-05-26,17.486520767211914
2000-05-30,17.941896438598633
2000-05-31,17.941896438598633
2000-06-01,18.169591903686523
2000-06-02,18.716032028198242
2000-06-05,18.624963760375977
2000-06-06,18.488351821899414
2000-06-07,18.624963760375977
2000-06-08,18.533889770507812
2000-06-09,18.579425811767578
2000-06-12,18.670509338378906
2000-06-13,18.943729400634766
2000-06-14,19.12588119506836
2000-06-15,18.8981990814209
2000-06-16,18.80711555480957
2000-06-19,18.80711555480957
2000-06-20,18.670509338378906
2000-06-21,18.442813873291016
2000-06-22,17.98743438720703
2000-06-23,18.169591903686523
2000-06-26,18.306203842163086
2000-06-27,18.306203842163086
2000-06-28,18.761577606201172
2000-06-29,18.488351821899414
2000-06-30,18.943729400634766
2000-07-03,18.761577606201172
2000-07-05,18.8981990814209
2000-07-06,18.989269256591797
2000-07-07,19.12588119506836
2000-07-10,19.39910316467285
2000-07-11,19.58125877380371
2000-07-12,19.39910316467285
2000-07-13,19.308029174804688
2000-07-14,19.216955184936523
2000-07-17,19.12588119506836
2000-07-18,18.989269256591797
2000-07-19,18.761577606201172
2000-07-20,19.262489318847656
2000-07-21,19.12588119506836
2000-07-24,18.8981990814209
2000-07-25,19.034809112548828
2000-07-26,18.852657318115234
2000-07-27,18.533889770507812
2000-07-28,17.98743438720703
2000-07-31,18.215120315551758
2000-08-01,18.078506469726562
2000-08-02,17.896360397338867
2000-08-03,17.486520767211914
2000-08-04,17.486520767211914
2000-08-07,17.941896438598633
2000-08-08,18.078506469726562
2000-08-09,18.215120315551758
2000-08-10,18.488351821899414
2000-08-11,18.306203842163086
2000-08-14,18.488351821899414
2000-08-15,18.579425811767578
2000-08-16,18.716032028198242
2000-08-17,18.579425811767578
2000-08-18,18.306203842163086
2000-08-21,18.032974243164062
2000-08-22,18.032974243164062
2000-08-23,17.896360397338867
2000-08-24,17.928007125854492
2000-08-25,18.128328323364258
2000-08-28,18.178396224975586
2000-08-29,17.928007125854492
2000-08-30,18.32862663269043
2000-08-31,17.928007125854492
2000-09-01,18.42879867553711
2000-09-05,18.078245162963867
2000-09-06,17.727703094482422
2000-09-07,17.877931594848633
2000-09-08,17.57745933532715
2000-09-11,17.57745933532715
2000-09-12,17.377145767211914
2000-09-13,17.377145767211914
2000-09-14,17.377145767211914
2000-09-15,17.02660369873047
2000-09-18,16.876365661621094
2000-09-19,16.726131439208984
2000-09-20,16.27542495727539
2000-09-21,16.325510025024414
2000-09-22,16.876365661621094
2000-09-25,17.02660369873047
2000-09-26,17.02660369873047
2000-09-27,17.12676239013672
2000-09-28,17.12676239013672
2000-09-29,17.02660369873047
2000-10-02,17.02660369873047
2000-10-03,17.176837921142578
2000-10-04,17.02660369873047
2000-10-05,16.876365661621094
2000-10-06,16.676044464111328
2000-10-09,16.525819778442383
2000-10-10,16.57589340209961
2000-10-11,16.525819778442383
2000-10-12,16.27542495727539
2000-10-13,16.27542495727539
2000-10-16,16.17527198791504
2000-10-17,16.325510025024414
2000-10-18,15.774649620056152
2000-10-19,16.425662994384766
2000-10-20,16.525819778442383
2000-10-23,16.325510025024414
2000-10-24,16.6259708404541
2000-10-25,16.425662994384766
2000-10-26,16.475738525390625
2000-10-27,17.12676239013672
2000-10-30,17.176837921142578
2000-10-31,17.427221298217773
2000-11-01,17.477306365966797
2000-11-02,17.777772903442383
2000-11-03,17.877931594848633
2000-11-06,17.877931594848633
2000-11-07,18.028165817260742
2000-11-08,17.777772903442383
2000-11-09,17.97808837890625
2000-11-10,17.62753677368164
2000-11-13,17.276992797851562
2000-11-14,17.777772903442383
2000-11-15,17.928007125854492
2000-11-16,17.677621841430664
2000-11-17,17.62753677368164
2000-11-20,17.427221298217773
2000-11-21,17.276992797851562
2000-11-22,17.076677322387695
2000-11-24,17.427221298217773
2000-11-27,17.477306365966797
2000-11-28,17.727703094482422
2000-11-29,17.777772903442383
2000-11-30,18.128328323364258
2000-12-01,17.777772903442383
2000-12-04,17.527379989624023
2000-12-05,17.677621841430664
2000-12-06,17.677621841430664
2000-12-07,17.527379989624023
2000-12-08,17.477306365966797
2000-12-11,17.527379989624023
2000-12-12,17.57745933532715
2000-12-13,17.327072143554688
2000-12-14,17.327072143554688
2000-12-15,17.226911544799805
2000-12-18,16.976518630981445
2000-12-19,17.12676239013672
2000-12-20,19.177581787109375
2000-12-21,19.065757751464844
2000-12-22,19.568965911865234
2000-12-26,19.568965911865234
2000-12-27,19.96034049987793
2000-12-28,20.128080368041992
2000-12-29,20.239900588989258
2001-01-02,20.01625633239746
2001-01-03,20.01625633239746
2001-01-04,20.01625633239746
2001-01-05,20.01625633239746
2001-01-08,19.96034049987793
2001-01-09,20.01625633239746
2001-01-10,19.904428482055664
2001-01-11,20.351720809936523
2001-01-12,20.57537269592285
2001-01-16,20.295806884765625
2001-01-17,20.239900588989258
2001-01-18,20.68718910217285
2001-01-19,20.463544845581055
2001-01-22,20.463544845581055
2001-01-23,20.351720809936523
2001-01-24,20.239900588989258
2001-01-25,20.239900588989258
2001-01-26,20.18399429321289
2001-01-29,20.03862190246582
2001-01-30,20.342775344848633
2001-01-31,20.43223762512207
2001-02-01,20.566417694091797
2001-02-02,20.306989669799805
2001-02-05,20.21753692626953
2001-02-06,19.91337776184082
2001-02-07,19.72551727294922
2001-02-08,19.591331481933594
2001-02-09,19.340848922729492
2001-02-12,19.761301040649414
2001-02-13,19.36768341064453
2001-02-14,19.233491897583008
2001-02-15,18.93828582763672
2001-02-16,18.786205291748047
2001-02-20,18.517826080322266
2001-02-21,18.338916778564453
2001-02-22,18.204727172851562
2001-02-23,18.159997940063477
2001-02-26,18.401533126831055
2001-02-27,18.338916778564453
2001-02-28,18.48204803466797
2001-03-01,18.517826080322266
2001-03-02,18.437320709228516
2001-03-05,18.159997940063477
2001-03-06,18.56255531311035
2001-03-07,18.607290267944336
2001-03-08,18.71463966369629
2001-03-09,18.303133010864258
2001-03-12,18.025806427001953
2001-03-13,17.667984008789062
2001-03-14,17.131235122680664
2001-03-15,17.17595672607422
2001-03-16,16.81812858581543
2001-03-19,16.99704933166504
2001-03-20,17.131235122680664
2001-03-21,16.916534423828125
2001-03-22,15.923545837402344
2001-03-23,16.585535049438477
2001-03-26,16.862857818603516
2001-03-27,17.43538475036621
2001-03-28,16.907581329345703
2001-03-29,16.99704933166504
2001-03-30,17.310142517089844
2001-04-02,17.041772842407227
2001-04-03,16.99704933166504
2001-04-04,17.26541519165039
2001-04-05,17.650087356567383
2001-04-06,17.578519821166992
2001-04-09,17.80216407775879
2001-04-10,17.81111717224121
2001-04-11,17.533784866333008
2001-04-12,17.64113998413086
2001-04-16,17.667984008789062
2001-04-17,17.4443302154541
2001-04-18,17.98108673095703
2001-04-19,18.115272521972656
2001-04-20,18.204727172851562
2001-04-23,17.891624450683594
2001-04-24,17.891624450683594
2001-04-25,18.159997940063477
2001-04-26,18.159997940063477
2001-04-27,18.115272521972656
2001-04-30,18.12421989440918
2001-05-01,18.294191360473633
2001-05-02,18.38364601135254
2001-05-03,17.972135543823242
2001-05-04,18.115272521972656
2001-05-07,17.954246520996094
2001-05-08,17.793214797973633
2001-05-09,17.40855598449707
2001-05-10,17.667984008789062
2001-05-11,17.61430549621582
2001-05-14,17.712705612182617
2001-05-15,17.533784866333008
2001-05-16,17.712705612182617
2001-05-17,17.712705612182617
2001-05-18,17.533784866333008
2001-05-21,17.480117797851562
2001-05-22,17.354875564575195
2001-05-23,17.310142517089844
2001-05-24,17.354875564575195
2001-05-25,17.354875564575195
2001-05-29,17.10439682006836
2001-05-30,16.81812858581543
2001-05-31,16.719724655151367
2001-06-01,16.558698654174805
2001-06-04,16.549753189086914
2001-06-05,16.5944766998291
2001-06-06,16.630264282226562
2001-06-07,16.5944766998291
2001-06-08,16.81812858581543
2001-06-11,16.639209747314453
2001-06-12,16.549753189086914
2001-06-13,16.719724655151367
2001-06-14,16.505033493041992
2001-06-15,16.46029281616211
2001-06-18,16.11140251159668
2001-06-19,16.013002395629883
2001-06-20,15.923545837402344
2001-06-21,15.789358139038086
2001-06-22,16.00405502319336
2001-06-25,16.236652374267578
2001-06-26,16.19192123413086
2001-06-27,16.19192123413086
2001-06-28,15.923545837402344
2001-06-29,16.013002395629883
2001-07-02,16.406618118286133
2001-07-03,16.326107025146484
2001-07-05,15.923545837402344
2001-07-06,15.789358139038086
2001-07-09,15.923545837402344
2001-07-10,15.896708488464355
2001-07-11,15.941437721252441
2001-07-12,15.74462604522705
2001-07-13,15.655172348022461
2001-07-16,15.708849906921387
2001-07-17,15.485194206237793
2001-07-18,15.690953254699707
2001-07-19,15.923545837402344
2001-07-20,15.664117813110352
2001-07-23,15.834085464477539
2001-07-24,15.878816604614258
2001-07-25,15.789358139038086
2001-07-26,15.968276023864746
2001-07-27,16.093517303466797
2001-07-30,16.236652374267578
2001-07-31,16.415565490722656
2001-08-01,16.415565490722656
2001-08-02,16.415565490722656
2001-08-03,16.415565490722656
2001-08-06,16.415565490722656
2001-08-07,16.415565490722656
2001-08-08,16.370830535888672
2001-08-09,16.379783630371094
2001-08-10,16.35294532775879
2001-08-13,16.46029281616211
2001-08-14,16.549753189086914
2001-08-15,16.70182991027832
2001-08-16,16.70182991027832
2001-08-17,16.370830535888672
2001-08-20,16.236652374267578
2001-08-21,16.2813777923584
2001-08-22,16.630264282226562
2001-08-23,16.42451286315918
2001-08-24,16.582874298095703
2001-08-27,16.573774337768555
2001-08-28,16.546470642089844
2001-08-29,16.655681610107422
2001-08-30,16.382646560668945
2001-08-31,16.164213180541992
2001-09-04,16.164213180541992
2001-09-05,15.281368255615234
2001-09-06,14.835394859313965
2001-09-07,15.053832054138184
2001-09-10,14.698870658874512
2001-09-17,13.561186790466309
2001-09-18,13.060611724853516
2001-09-19,12.742053985595703
2001-09-20,11.96843147277832
2001-09-21,11.449644088745117
2001-09-24,12.150460243225098
2001-09-25,12.696552276611328
2001-09-26,12.96959400177002
2001-09-27,13.242637634277344
2001-09-28,13.743217468261719
2001-10-01,13.470175743103027
2001-10-02,13.615798950195312
2001-10-03,13.834232330322266
2001-10-04,14.189191818237305
2001-10-05,13.961655616760254
2001-10-08,14.16188907623291
2001-10-09,14.098175048828125
2001-10-10,14.462234497070312
2001-10-11,14.289308547973633
2001-10-12,14.280205726623535
2001-10-15,14.06177043914795
2001-10-16,14.243799209594727
2001-10-17,14.51684284210205
2001-10-18,14.380324363708496
2001-10-19,13.888842582702637
2001-10-22,14.025362014770508
2001-10-23,14.425832748413086
2001-10-24,14.525944709777832
2001-10-25,14.243799209594727
2001-10-26,14.562350273132324
2001-10-29,14.653364181518555
2001-10-30,14.025362014770508
2001-10-31,14.234696388244629
2001-11-01,14.380324363708496
2001-11-02,14.107276916503906
2001-11-05,14.489540100097656
2001-11-06,14.152787208557129
2001-11-07,14.25290298461914
2001-11-08,14.471339225769043
2001-11-09,14.416727066040039
2001-11-12,14.025362014770508
2001-11-13,14.280205726623535
2001-11-14,14.107276916503906
2001-11-15,14.2164945602417
2001-11-16,14.389421463012695
2001-11-19,14.835394859313965
2001-11-20,14.653364181518555
2001-11-21,14.698870658874512
2001-11-23,14.717076301574707
2001-11-26,14.616958618164062
2001-11-27,14.407626152038574
2001-11-28,14.471339225769043
2001-11-29,14.480438232421875
2001-11-30,14.471339225769043
2001-12-03,14.343914031982422
2001-12-04,14.480438232421875
2001-12-05,14.935510635375977
2001-12-06,15.108437538146973
2001-12-07,15.062928199768066
2001-12-10,14.662467956542969
2001-12-11,14.880902290344238
2001-12-12,14.726175308227539
2001-12-13,14.25290298461914
2001-12-14,14.380324363708496
2001-12-17,14.717076301574707
2001-12-18,14.662467956542969
2001-12-19,14.389421463012695
2001-12-20,14.243799209594727
2001-12-21,14.398526191711426
2001-12-24,14.398526191711426
2001-12-26,14.25290298461914
2001-12-27,14.562350273132324
2001-12-28,14.562350273132324
2001-12-31,14.653364181518555
2002-01-02,14.926408767700195
2002-01-03,15.053832054138184
2002-01-04,14.80809211730957
2002-01-07,14.789888381958008
2002-01-08,14.917306900024414
2002-01-09,14.87179946899414
2002-01-10,14.607856750488281
2002-01-11,14.644262313842773
2002-01-14,14.471339225769043
2002-01-15,14.389421463012695
2002-01-16,14.107276916503906
2002-01-17,14.407626152038574
2002-01-18,14.362114906311035
2002-01-22,14.425832748413086
2002-01-23,14.471339225769043
2002-01-24,14.407626152038574
2002-01-25,14.152787208557129
2002-01-28,14.380324363708496
2002-01-29,14.243799209594727
2002-01-30,14.243799209594727
2002-01-31,14.243799209594727
2002-02-01,14.289308547973633
2002-02-04,14.06177043914795
2002-02-05,13.788727760314941
2002-02-06,13.661301612854004
2002-02-07,13.661301612854004
2002-02-08,13.797830581665039
2002-02-11,13.907042503356934
2002-02-12,13.86153793334961
2002-02-13,13.970758438110352
2002-02-14,14.034463882446289
2002-02-15,13.943449974060059
2002-02-19,13.579398155212402
2002-02-20,13.688612937927246
2002-02-21,13.606696128845215
2002-02-22,13.916147232055664
2002-02-25,13.925250053405762
2002-02-26,13.725014686584473
2002-02-27,14.152787208557129
2002-02-28,14.27110481262207
2002-03-01,14.225598335266113
2002-03-04,14.644262313842773
2002-03-05,14.562350273132324
2002-03-06,14.817193031311035
2002-03-07,14.853597640991211
2002-03-08,14.835394859313965
2002-03-11,14.753480911254883
2002-03-12,14.698870658874512
2002-03-13,14.798989295959473
2002-03-14,15.144842147827148
2002-03-15,14.999217987060547
2002-03-18,15.199453353881836
2002-03-19,15.244965553283691
2002-03-20,15.081132888793945
2002-03-21,15.281368255615234
2002-03-22,15.181248664855957
2002-03-25,14.971917152404785
2002-03-26,14.971917152404785
2002-03-27,14.999217987060547
2002-03-28,15.1357421875
2002-04-01,15.308669090270996
2002-04-02,15.290468215942383
2002-04-03,15.235859870910645
2002-04-04,15.199453353881836
2002-04-05,15.235859870910645
2002-04-08,14.835394859313965
2002-04-09,14.962818145751953
2002-04-10,15.153945922851562
2002-04-11,14.999217987060547
2002-04-12,15.062928199768066
2002-04-15,14.944609642028809
2002-04-16,15.372380256652832
2002-04-17,15.299568176269531
2002-04-18,15.463396072387695
2002-04-19,15.517998695373535
2002-04-22,15.308669090270996
2002-04-23,15.290468215942383
2002-04-24,15.517998695373535
2002-04-25,15.426992416381836
2002-04-26,15.381485939025879
2002-04-29,15.263161659240723
2002-04-30,15.199453353881836
2002-05-01,15.436086654663086
2002-05-02,15.026524543762207
2002-05-03,15.017427444458008
2002-05-06,15.062928199768066
2002-05-07,15.044727325439453
2002-05-08,15.226757049560547
2002-05-09,15.081132888793945
2002-05-10,15.008318901062012
2002-05-13,15.181248664855957
2002-05-14,15.25406551361084
2002-05-15,15.335972785949707
2002-05-16,15.335972785949707
2002-05-17,15.472494125366211
2002-05-20,15.263161659240723
2002-05-21,15.363279342651367
2002-05-22,15.153945922851562
2002-05-23,15.217657089233398
2002-05-24,15.153945922851562
2002-05-28,15.244965553283691
2002-05-29,15.354175567626953
2002-05-30,15.25406551361084
2002-05-31,15.072032928466797
2002-06-03,15.044727325439453
2002-06-04,14.771685600280762
2002-06-05,14.726175308227539
2002-06-06,14.535051345825195
2002-06-07,14.416727066040039
2002-06-10,14.544154167175293
2002-06-11,14.853597640991211
2002-06-12,14.744379997253418
2002-06-13,14.580554008483887
2002-06-14,14.198290824890137
2002-06-17,14.571455001831055
2002-06-18,14.70797348022461
2002-06-19,14.653364181518555
2002-06-20,14.425832748413086
2002-06-21,14.51684284210205
2002-06-24,14.343914031982422
2002-06-25,14.425832748413086
2002-06-26,14.689773559570312
2002-06-27,14.726175308227539
2002-06-28,14.990118026733398
2002-07-01,15.244965553283691
2002-07-02,14.735280990600586
2002-07-03,14.51684284210205
2002-07-05,14.981017112731934
2002-07-08,15.108437538146973
2002-07-09,14.935510635375977
2002-07-10,14.525944709777832
2002-07-11,14.471339225769043
2002-07-12,14.16188907623291
2002-07-15,13.743217468261719
2002-07-16,13.788727760314941
2002-07-17,14.16188907623291
2002-07-18,14.25290298461914
2002-07-19,13.87064266204834
2002-07-22,13.297246932983398
2002-07-23,12.478116035461426
2002-07-24,12.833074569702148
2002-07-25,13.097016334533691
2002-07-26,13.097016334533691
2002-07-29,13.643096923828125
2002-07-30,13.734116554260254
2002-07-31,13.652205467224121
2002-08-01,13.379158973693848
2002-08-02,13.324555397033691
2002-08-05,12.651040077209473
2002-08-06,13.224431037902832
2002-08-07,13.02420425415039
2002-08-08,13.50657844543457
2002-08-09,13.743217468261719
2002-08-12,13.743217468261719
2002-08-13,13.624898910522461
2002-08-14,13.743217468261719
2002-08-15,13.688612937927246
2002-08-16,13.652205467224121
2002-08-19,14.06177043914795
2002-08-20,14.189191818237305
2002-08-21,14.26200008392334
2002-08-22,13.979856491088867
2002-08-23,13.925250053405762
2002-08-26,14.134586334228516
2002-08-27,14.325712203979492
2002-08-28,13.925250053405762
2002-08-29,13.825136184692383
2002-08-30,13.6795072555542
2002-09-03,13.41556453704834
2002-09-04,13.488375663757324
2002-09-05,13.19713020324707
2002-09-06,13.388267517089844
2002-09-09,13.133419036865234
2002-09-10,13.424668312072754
2002-09-11,13.652205467224121
2002-09-12,13.288148880004883
2002-09-13,13.10611629486084
2002-09-16,13.07880973815918
2002-09-17,12.787565231323242
2002-09-18,12.58733081817627
2002-09-19,12.39620304107666
2002-09-20,12.414405822753906
2002-09-23,11.759099006652832
2002-09-24,11.613475799560547
2002-09-25,11.868317604064941
2002-09-26,12.104955673217773
2002-09-27,11.977530479431152
2002-09-30,11.959330558776855
2002-10-01,12.059444427490234
2002-10-02,11.92292594909668
2002-10-03,12.086752891540527
2002-10-04,11.704487800598145
2002-10-07,11.859214782714844
2002-10-08,11.713587760925293
2002-10-09,11.531562805175781
2002-10-10,11.932023048400879
2002-10-11,12.159564018249512
2002-10-14,11.92292594909668
2002-10-15,12.732955932617188
2002-10-16,12.523622512817383
2002-10-17,12.414405822753906
2002-10-18,12.605537414550781
2002-10-21,12.787565231323242
2002-10-22,12.687447547912598
2002-10-23,12.223275184631348
2002-10-24,12.623739242553711
2002-10-25,12.377998352050781
2002-10-28,12.541825294494629
2002-10-29,12.405305862426758
2002-10-30,12.705650329589844
2002-10-31,12.696552276611328
2002-11-01,12.623739242553711
2002-11-04,13.188030242919922
2002-11-05,13.269942283630371
2002-11-06,13.288148880004883
2002-11-07,13.160722732543945
2002-11-08,12.942292213439941
2002-11-11,12.742053985595703
2002-11-12,12.887683868408203
2002-11-13,12.833074569702148
2002-11-14,13.351856231689453
2002-11-15,13.34274959564209
2002-11-18,13.524781227111816
2002-11-19,13.524781227111816
2002-11-20,13.552087783813477
2002-11-21,13.652205467224121
2002-11-22,13.752320289611816
2002-11-25,13.770523071289062
2002-11-26,13.333650588989258
2002-11-27,13.970758438110352
2002-11-29,13.970758438110352
2002-12-02,14.116377830505371
2002-12-03,13.634005546569824
2002-12-04,13.907042503356934
2002-12-05,13.488375663757324
2002-12-06,13.524781227111816
2002-12-09,13.370060920715332
2002-12-10,13.370060920715332
2002-12-11,13.606696128845215
2002-12-12,13.561186790466309
2002-12-13,13.561186790466309
2002-12-16,13.852438926696777
2002-12-17,13.925250053405762
2002-12-18,13.561186790466309
2002-12-19,13.206235885620117
2002-12-20,13.606696128845215
2002-12-23,13.630973815917969
2002-12-24,13.612298965454102
2002-12-26,13.771014213562012
2002-12-27,13.677650451660156
2002-12-30,13.630973815917969
2002-12-31,13.630973815917969
2003-01-02,14.097782135009766
2003-01-03,14.237829208374023
2003-01-06,14.508578300476074
2003-01-07,14.191146850585938
2003-01-08,14.1444673538208
2003-01-09,14.377872467041016
2003-01-10,14.191146850585938
2003-01-13,14.200478553771973
2003-01-14,14.265835762023926
2003-01-15,14.219156265258789
2003-01-16,14.377872467041016
2003-01-17,14.135129928588867
2003-01-21,13.593626022338867
2003-01-22,13.453580856323242
2003-01-23,13.518933296203613
2003-01-24,13.294862747192383
2003-01-27,13.09880256652832
2003-01-28,13.25752067565918
2003-01-29,13.285526275634766
2003-01-30,13.509601593017578
2003-01-31,13.658976554870605
2003-02-03,13.883048057556152
2003-02-04,13.500261306762695
2003-02-05,13.509601593017578
2003-02-06,13.360220909118652
2003-02-07,13.602960586547852
2003-02-10,13.42557430267334
2003-02-11,13.54694938659668
2003-02-12,13.556282997131348
2003-02-13,13.649645805358887
2003-02-14,13.686983108520508
2003-02-18,13.686983108520508
2003-02-19,13.864380836486816
2003-02-20,13.864380836486816
2003-02-21,13.911056518554688
2003-02-24,13.883048057556152
2003-02-25,13.864380836486816
2003-02-26,13.630973815917969
2003-02-27,13.799023628234863
2003-02-28,14.02309513092041
2003-03-03,13.911056518554688
2003-03-04,13.780350685119629
2003-03-05,13.724332809448242
2003-03-06,13.360220909118652
2003-03-07,13.164158821105957
2003-03-10,12.88407039642334
2003-03-11,12.744022369384766
2003-03-12,12.137162208557129
2003-03-13,12.641324996948242
2003-03-14,12.697342872619629
2003-03-17,13.238849639892578
2003-03-18,12.986763000488281
2003-03-19,13.154820442199707
2003-03-20,12.88407039642334
2003-03-21,13.136148452758789
2003-03-24,12.818711280822754
2003-03-25,13.304201126098633
2003-03-26,13.117475509643555
2003-03-27,13.070792198181152
2003-03-28,12.99610424041748
2003-03-31,13.005441665649414
2003-04-01,13.126811027526855
2003-04-02,13.19216537475586
2003-04-03,13.22017765045166
2003-04-04,13.22017765045166
2003-04-07,13.649645805358887
2003-04-08,13.808359146118164
2003-04-09,13.677650451660156
2003-04-10,13.799023628234863
2003-04-11,13.640307426452637
2003-04-14,13.929737091064453
2003-04-15,13.892388343811035
2003-04-16,13.939074516296387
2003-04-17,14.1444673538208
2003-04-21,14.032427787780762
2003-04-22,14.368538856506348
2003-04-23,14.517919540405273
2003-04-24,14.555264472961426
2003-04-25,14.135129928588867
2003-04-28,14.480570793151855
2003-04-29,14.648626327514648
2003-04-30,14.741988182067871
2003-05-01,14.741988182067871
2003-05-02,14.741988182067871
2003-05-05,15.115440368652344
2003-05-06,15.386187553405762
2003-05-07,15.302165031433105
2003-05-08,15.302165031433105
2003-05-09,15.180793762207031
2003-05-12,15.246146202087402
2003-05-13,15.171457290649414
2003-05-14,15.227470397949219
2003-05-15,15.498226165771484
2003-05-16,15.544907569885254
2003-05-19,15.348846435546875
2003-05-20,15.432873725891113
2003-05-21,15.460884094238281
2003-05-22,15.582254409790039
2003-05-23,15.79698657989502
2003-05-27,16.049068450927734
2003-05-28,16.030397415161133
2003-05-29,16.329158782958984
2003-05-30,16.469196319580078
2003-06-02,16.515886306762695
2003-06-03,16.282474517822266
2003-06-04,16.291810989379883
2003-06-05,16.506547927856445
2003-06-06,16.385164260864258
2003-06-09,16.291810989379883
2003-06-10,16.217119216918945
2003-06-11,16.62791633605957
2003-06-12,16.618581771850586
2003-06-13,16.655921936035156
2003-06-16,16.945356369018555
2003-06-17,17.001367568969727
2003-06-18,16.945356369018555
2003-06-19,16.66526222229004
2003-06-20,16.553226470947266
2003-06-23,16.357160568237305
2003-06-24,16.375839233398438
2003-06-25,16.385164260864258
2003-06-26,16.431852340698242
2003-06-27,16.226457595825195
2003-06-30,16.226457595825195
2003-07-01,15.965043067932129
2003-07-02,16.217119216918945
2003-07-03,15.937027931213379
2003-07-07,15.983717918395996
2003-07-08,16.105083465576172
2003-07-09,15.974379539489746
2003-07-10,15.824999809265137
2003-07-11,16.05840301513672
2003-07-14,16.067739486694336
2003-07-15,15.946372032165527
2003-07-16,15.853002548217773
2003-07-17,15.750303268432617
2003-07-18,16.011720657348633
2003-07-21,16.00238800048828
2003-07-22,16.105083465576172
2003-07-23,16.24512481689453
2003-07-24,16.235795974731445
2003-07-25,16.291810989379883
2003-07-28,16.431852340698242
2003-07-29,16.207786560058594
2003-07-30,16.12375831604004
2003-07-31,16.095748901367188
2003-08-01,16.030397415161133
2003-08-04,16.05840301513672
2003-08-05,16.030397415161133
2003-08-06,15.79698657989502
2003-08-07,15.79698657989502
2003-08-08,16.049068450927734
2003-08-11,16.105083465576172
2003-08-12,16.207786560058594
2003-08-13,16.114418029785156
2003-08-14,16.151769638061523
2003-08-15,16.24512481689453
2003-08-18,16.3198184967041
2003-08-19,16.114418029785156
2003-08-20,16.00238800048828
2003-08-21,15.843667984008789
2003-08-22,15.684951782226562
2003-08-25,15.498226165771484
2003-08-26,15.4888916015625
2003-08-27,15.460884094238281
2003-08-28,15.53557014465332
2003-08-29,15.53557014465332
2003-09-02,15.544907569885254
2003-09-03,15.843667984008789
2003-09-04,15.79698657989502
2003-09-05,16.030397415161133
2003-09-08,16.207786560058594
2003-09-09,16.263797760009766
2003-09-10,16.049068450927734
2003-09-11,16.17977523803711
2003-09-12,16.254467010498047
2003-09-15,16.254467010498047
2003-09-16,16.24512481689453
2003-09-17,16.394515991210938
2003-09-18,16.562559127807617
2003-09-19,16.66526222229004
2003-09-22,16.478534698486328
2003-09-23,16.487873077392578
2003-09-24,16.282474517822266
2003-09-25,16.347827911376953
2003-09-26,16.151769638061523
2003-09-29,16.291810989379883
2003-09-30,16.170442581176758
2003-10-01,16.469196319580078
2003-10-02,16.366498947143555
2003-10-03,16.553226470947266
2003-10-06,16.693269729614258
2003-10-07,16.693269729614258
2003-10-08,16.66526222229004
2003-10-09,16.693269729614258
2003-10-10,16.92667579650879
2003-10-13,16.889331817626953
2003-10-14,16.889331817626953
2003-10-15,16.992036819458008
2003-10-16,16.973360061645508
2003-10-17,16.87065887451172
2003-10-20,16.889331817626953
2003-10-21,16.992036819458008
2003-10-22,16.898670196533203
2003-10-23,16.76796531677246
2003-10-24,16.90800666809082
2003-10-27,16.917343139648438
2003-10-28,16.898670196533203
2003-10-29,16.898670196533203
2003-10-30,16.85198211669922
2003-10-31,16.973360061645508
2003-11-03,16.87065887451172
2003-11-04,16.90800666809082
2003-11-05,16.917343139648438
2003-11-06,16.92667579650879
2003-11-07,17.272119522094727
2003-11-10,17.113405227661133
2003-11-11,17.08538818359375
2003-11-12,17.393491744995117
2003-11-13,17.66423797607422
2003-11-14,17.66423797607422
2003-11-17,17.393491744995117
2003-11-18,17.748266220092773
2003-11-19,17.813621520996094
2003-11-20,17.50553321838379
2003-11-21,17.673583984375
2003-11-24,17.89765167236328
2003-11-25,17.9630126953125
2003-11-26,18.159067153930664
2003-11-28,18.159067153930664
2003-12-01,18.597871780395508
2003-12-02,18.672561645507812
2003-12-03,18.905973434448242
2003-12-04,18.971323013305664
2003-12-05,18.831281661987305
2003-12-08,18.99933433532715
2003-12-09,18.99933433532715
2003-12-10,18.765928268432617
2003-12-11,18.99933433532715
2003-12-12,18.88729476928711
2003-12-15,18.99933433532715
2003-12-16,19.436758041381836
2003-12-17,19.626930236816406
2003-12-18,19.77907943725586
2003-12-19,19.39872169494629
2003-12-22,19.135019302368164
2003-12-23,19.046798706054688
2003-12-24,19.282060623168945
2003-12-26,19.282060623168945
2003-12-29,19.536941528320312
2003-12-30,19.409494400024414
2003-12-31,19.33107566833496
2004-01-02,19.683977127075195
2004-01-05,20.134906768798828
2004-01-06,20.34075927734375
2004-01-07,19.899633407592773
2004-01-08,20.203527450561523
2004-01-09,20.203527450561523
2004-01-12,20.193721771240234
2004-01-13,20.144702911376953
2004-01-14,20.056489944458008
2004-01-15,20.0956974029541
2004-01-16,19.80160903930664
2004-01-20,20.223133087158203
2004-01-21,20.576032638549805
2004-01-22,20.52701187133789
2004-01-23,20.25253677368164
2004-01-26,20.262338638305664
2004-01-27,20.487810134887695
2004-01-28,19.909439086914062
2004-01-29,20.08588981628418
2004-01-30,19.909439086914062
2004-02-02,19.91924476623535
2004-02-03,19.909439086914062
2004-02-04,19.899633407592773
2004-02-05,20.017271041870117
2004-02-06,20.281949996948242
2004-02-09,20.379980087280273
2004-02-10,20.536815643310547
2004-02-11,20.713268280029297
2004-02-12,20.595643997192383
2004-02-13,20.301551818847656
2004-02-17,20.595643997192383
2004-02-18,20.478002548217773
2004-02-19,20.487810134887695
2004-02-20,20.04668617248535
2004-02-23,20.301551818847656
2004-02-24,20.34075927734375
2004-02-25,20.0956974029541
2004-02-26,19.99766731262207
2004-02-27,20.11530303955078
2004-03-01,20.40938949584961
2004-03-02,19.850631713867188
2004-03-03,19.91924476623535
2004-03-04,19.98785972595215
2004-03-05,20.291751861572266
2004-03-08,20.193721771240234
2004-03-09,20.0662841796875
2004-03-10,19.94865608215332
2004-03-11,19.605554580688477
2004-03-12,19.487926483154297
2004-03-15,19.046798706054688
2004-03-16,19.095809936523438
2004-03-17,19.291868209838867
2004-03-18,19.252653121948242
2004-03-19,18.91935920715332
2004-03-22,18.772319793701172
2004-03-23,18.80173110961914
2004-03-24,18.66448974609375
2004-03-25,19.066404342651367
2004-03-26,18.860544204711914
2004-03-29,19.291868209838867
2004-03-30,19.242849349975586
2004-03-31,19.37028694152832
2004-04-01,19.546743392944336
2004-04-02,19.536941528320312
2004-04-05,19.605554580688477
2004-04-06,19.576147079467773
2004-04-07,19.693784713745117
2004-04-08,19.703580856323242
2004-04-12,19.664371490478516
2004-04-13,19.536941528320312
2004-04-14,19.605554580688477
2004-04-15,19.605554580688477
2004-04-16,19.71339225769043
2004-04-19,19.938846588134766
2004-04-20,19.536941528320312
2004-04-21,19.67417335510254
2004-04-22,19.840822219848633
2004-04-23,19.67417335510254
2004-04-26,19.7427921295166
2004-04-27,19.909439086914062
2004-04-28,19.683977127075195
2004-04-29,19.448707580566406
2004-04-30,19.576147079467773
2004-05-03,19.772197723388672
2004-05-04,19.88983154296875
2004-05-05,20.164310455322266
2004-05-06,19.683977127075195
2004-05-07,19.115413665771484
2004-05-10,18.821332931518555
2004-05-11,18.98798370361328
2004-05-12,18.98798370361328
2004-05-13,18.94876480102539
2004-05-14,18.94876480102539
2004-05-17,18.958568572998047
2004-05-18,19.036996841430664
2004-05-19,19.242849349975586
2004-05-20,19.242849349975586
2004-05-21,19.095809936523438
2004-05-24,19.2624568939209
2004-05-25,19.654573440551758
2004-05-26,19.72319221496582
2004-05-27,20.00747299194336
2004-05-28,19.791807174682617
2004-06-01,19.860431671142578
2004-06-02,20.027080535888672
2004-06-03,19.91924476623535
2004-06-04,20.144702911376953
2004-06-07,20.37017059326172
2004-06-08,20.428991317749023
2004-06-09,19.98785972595215
2004-06-10,20.08588981628418
2004-06-14,19.938846588134766
2004-06-15,20.291751861572266
2004-06-16,20.08588981628418
2004-06-17,20.350568771362305
2004-06-18,20.33095932006836
2004-06-21,20.478002548217773
2004-06-22,20.262338638305664
2004-06-23,20.497604370117188
2004-06-24,20.399587631225586
2004-06-25,20.66425132751465
2004-06-28,20.595643997192383
2004-06-29,20.58582878112793
2004-06-30,20.615238189697266
2004-07-01,20.487810134887695
2004-07-02,20.693660736083984
2004-07-06,20.536815643310547
2004-07-07,20.732873916625977
2004-07-08,20.63484764099121
2004-07-09,20.919130325317383
2004-07-12,20.830900192260742
2004-07-13,20.536815643310547
2004-07-14,20.63484764099121
2004-07-15,20.428991317749023
2004-07-16,20.428991317749023
2004-07-19,20.52701187133789
2004-07-20,20.428991317749023
2004-07-21,20.11530303955078
2004-07-22,20.272151947021484
2004-07-23,19.67417335510254
2004-07-26,19.811418533325195
2004-07-27,19.870229721069336
2004-07-28,19.67417335510254
2004-07-29,19.880033493041992
2004-07-30,19.899633407592773
2004-08-02,19.96826171875
2004-08-03,20.056489944458008
2004-08-04,19.91924476623535
2004-08-05,19.67417335510254
2004-08-06,19.703580856323242
2004-08-09,19.55653953552246
2004-08-10,19.703580856323242
2004-08-11,19.360490798950195
2004-08-12,19.242849349975586
2004-08-13,19.438901901245117
2004-08-16,19.654573440551758
2004-08-17,19.67417335510254
2004-08-18,20.027080535888672
2004-08-19,19.880033493041992
2004-08-20,19.791807174682617
2004-08-23,19.615358352661133
2004-08-24,19.576147079467773
2004-08-25,19.772197723388672
2004-08-26,19.64476776123047
2004-08-27,19.703580856323242
2004-08-30,19.654573440551758
2004-08-31,19.94865608215332
2004-09-01,20.134906768798828
2004-09-02,20.164310455322266
2004-09-03,20.193721771240234
2004-09-07,20.37017059326172
2004-09-08,20.419187545776367
2004-09-09,20.34075927734375
2004-09-10,20.399587631225586
2004-09-13,20.487810134887695
2004-09-14,20.487810134887695
2004-09-15,20.40938949584961
2004-09-16,20.389774322509766
2004-09-17,20.66425132751465
2004-09-20,20.478002548217773
2004-09-21,20.899526596069336
2004-09-22,20.595643997192383
2004-09-23,20.63484764099121
2004-09-24,20.86031150817871
2004-09-27,20.76228904724121
2004-09-28,20.821102142333984
2004-09-29,21.026958465576172
2004-09-30,20.99755096435547
2004-10-01,21.419065475463867
2004-10-04,21.301433563232422
2004-10-05,21.39946746826172
2004-10-06,21.252426147460938
2004-10-07,21.223012924194336
2004-10-08,21.507293701171875
2004-10-11,21.536701202392578
2004-10-12,21.360258102416992
2004-10-13,21.105377197265625
2004-10-14,21.33084487915039
2004-10-15,21.566112518310547
2004-10-18,21.713150024414062
2004-10-19,21.61512565612793
2004-10-20,21.78177261352539
2004-10-21,21.879806518554688
2004-10-22,21.938613891601562
2004-10-25,22.007238388061523
2004-10-26,22.017038345336914
2004-10-27,22.046443939208984
2004-10-28,22.271915435791016
2004-10-29,22.301319122314453
2004-11-01,22.262113571166992
2004-11-02,22.4189510345459
2004-11-03,22.6738224029541
2004-11-04,23.036527633666992
2004-11-05,23.124752044677734
2004-11-08,23.17376708984375
2004-11-09,23.10514259338379
2004-11-10,23.046327590942383
2004-11-11,23.4776611328125
2004-11-12,23.59528350830078
2004-11-15,23.379621505737305
2004-11-16,23.134550094604492
2004-11-17,23.546268463134766
2004-11-18,23.585485458374023
2004-11-19,23.575681686401367
2004-11-22,23.526660919189453
2004-11-23,23.62469482421875
2004-11-24,23.81093978881836
2004-11-26,24.114830017089844
2004-11-29,24.134445190429688
2004-11-30,23.97758674621582
2004-12-01,24.399112701416016
2004-12-02,24.114830017089844
2004-12-03,24.555953979492188
2004-12-06,24.663793563842773
2004-12-07,24.7030029296875
2004-12-08,24.5755615234375
2004-12-09,24.693193435668945
2004-12-10,24.438325881958008
2004-12-13,24.869646072387695
2004-12-14,24.85984230041504
2004-12-15,25.026500701904297
2004-12-16,24.604976654052734
2004-12-17,24.65398406982422
2004-12-20,25.055896759033203
2004-12-21,25.23234748840332
2004-12-22,25.31077003479004
2004-12-23,25.586240768432617
2004-12-27,25.837574005126953
2004-12-28,25.847631454467773
2004-12-29,25.847631454467773
2004-12-30,25.787311553955078
2004-12-31,25.737043380737305
2005-01-03,25.596284866333008
2005-01-04,25.013181686401367
2005-01-05,25.143884658813477
2005-01-06,25.123775482177734
2005-01-07,24.86237907409668
2005-01-10,25.02324104309082
2005-01-11,24.621097564697266
2005-01-12,25.123775482177734
2005-01-13,25.133827209472656
2005-01-14,25.204204559326172
2005-01-18,24.993080139160156
2005-01-19,25.05341148376465
2005-01-20,24.942808151245117
2005-01-21,25.05341148376465
2005-01-24,24.91265296936035
2005-01-25,24.882497787475586
2005-01-26,25.05341148376465
2005-01-27,24.892555236816406
2005-01-28,24.993080139160156
2005-01-31,25.264524459838867
2005-02-01,25.515869140625
2005-02-02,25.525915145874023
2005-02-03,25.264524459838867
2005-02-04,25.4052791595459
2005-02-07,25.334901809692383
2005-02-08,25.204204559326172
2005-02-09,25.16399574279785
2005-02-10,25.586240768432617
2005-02-11,25.726993560791016
2005-02-14,25.907949447631836
2005-02-15,26.04869842529297
2005-02-16,25.716938018798828
2005-02-17,25.797367095947266
2005-02-18,25.636510848999023
2005-02-22,25.375106811523438
2005-02-23,25.385169982910156
2005-02-24,25.586240768432617
2005-02-25,26.00849151611328
2005-02-28,25.978328704833984
2005-03-01,25.837574005126953
2005-03-02,25.76720428466797
2005-03-03,25.726993560791016
2005-03-04,26.27993392944336
2005-03-07,26.19950294494629
2005-03-08,26.098966598510742
2005-03-09,26.209558486938477
2005-03-10,25.988372802734375
2005-03-11,26.00849151611328
2005-03-14,25.907949447631836
2005-03-15,26.078861236572266
2005-03-16,25.887840270996094
2005-03-17,25.86773681640625
2005-03-18,26.068809509277344
2005-03-21,25.837574005126953
2005-03-22,25.43543243408203
2005-03-23,25.385169982910156
2005-03-24,25.43543243408203
2005-03-28,25.385169982910156
2005-03-29,25.385169982910156
2005-03-30,25.797367095947266
2005-03-31,25.92806053161621
2005-04-01,25.716938018798828
2005-04-04,25.6566104888916
2005-04-05,25.82752799987793
2005-04-06,25.737043380737305
2005-04-07,26.00849151611328
2005-04-08,26.139184951782227
2005-04-11,26.35030174255371
2005-04-12,26.19950294494629
2005-04-13,25.918004989624023
2005-04-14,25.636510848999023
2005-04-15,25.334901809692383
2005-04-18,25.184097290039062
2005-04-19,25.09362030029297
2005-04-20,25.143884658813477
2005-04-21,25.234375
2005-04-22,25.32484245300293
2005-04-25,25.365062713623047
2005-04-26,25.224313735961914
2005-04-27,24.802066802978516
2005-04-28,24.510517120361328
2005-04-29,24.641204833984375
2005-05-02,24.832223892211914
2005-05-03,24.86237907409668
2005-05-04,25.083555221557617
2005-05-05,25.204204559326172
2005-05-06,24.91265296936035
2005-05-09,25.013181686401367
2005-05-10,24.731689453125
2005-05-11,24.711585998535156
2005-05-12,24.611047744750977
2005-05-13,24.29938316345215
2005-05-16,24.550731658935547
2005-05-17,24.289329528808594
2005-05-18,24.641204833984375
2005-05-19,24.65126609802246
2005-05-20,24.731689453125
2005-05-23,25.063459396362305
2005-05-24,24.731689453125
2005-05-25,24.932754516601562
2005-05-26,24.932754516601562
2005-05-27,24.972970962524414
2005-05-31,24.430084228515625
2005-06-01,24.530622482299805
2005-06-02,24.751789093017578
2005-06-03,24.530622482299805
2005-06-06,24.46024513244629
2005-06-07,24.631145477294922
2005-06-08,24.580881118774414
2005-06-09,24.681415557861328
2005-06-10,24.45018768310547
2005-06-13,24.761842727661133
2005-06-14,24.631145477294922
2005-06-15,24.86237907409668
2005-06-16,24.65126609802246
2005-06-17,25.05341148376465
2005-06-20,24.852336883544922
2005-06-21,24.882497787475586
2005-06-22,24.802066802978516
2005-06-23,24.430084228515625
2005-06-24,24.349655151367188
2005-06-27,24.27927017211914
2005-06-28,24.399921417236328
2005-06-29,24.500465393066406
2005-06-30,24.761842727661133
2005-07-01,24.570837020874023
2005-07-05,24.440135955810547
2005-07-06,24.520565032958984
2005-07-07,24.329547882080078
2005-07-08,24.882497787475586
2005-07-11,25.033294677734375
2005-07-12,25.264524459838867
2005-07-13,25.184097290039062
2005-07-14,25.395225524902344
2005-07-15,25.254484176635742
2005-07-18,25.184097290039062
2005-07-19,25.395225524902344
2005-07-20,25.586240768432617
2005-07-21,25.515869140625
2005-07-22,25.535974502563477
2005-07-25,25.425384521484375
2005-07-26,25.385169982910156
2005-07-27,25.586240768432617
2005-07-28,25.887840270996094
2005-07-29,25.696826934814453
2005-08-01,25.887840270996094
2005-08-02,26.038650512695312
2005-08-03,26.39052963256836
2005-08-04,26.088916778564453
2005-08-05,25.86773681640625
2005-08-08,26.078861236572266
2005-08-09,26.219614028930664
2005-08-10,26.330202102661133
2005-08-11,26.581541061401367
2005-08-12,26.4407901763916
2005-08-15,26.300039291381836
2005-08-16,25.998430252075195
2005-08-17,25.92806053161621
2005-08-18,25.425384521484375
2005-08-19,25.64655876159668
2005-08-22,25.777254104614258
2005-08-23,25.68677520751953
2005-08-24,25.747095108032227
2005-08-25,25.82752799987793
2005-08-26,25.455547332763672
2005-08-29,25.636510848999023
2005-08-30,25.425384521484375
2005-08-31,26.078861236572266
2005-09-01,26.470951080322266
2005-09-02,26.64185333251953
2005-09-06,26.742395401000977
2005-09-07,26.60165023803711
2005-09-08,26.631807327270508
2005-09-09,26.802717208862305
2005-09-12,26.4407901763916
2005-09-13,26.300039291381836
2005-09-14,26.561429977416992
2005-09-15,26.420686721801758
2005-09-16,26.661970138549805
2005-09-19,26.4407901763916
2005-09-20,26.27993392944336
2005-09-21,26.460893630981445
2005-09-22,26.320146560668945
2005-09-23,26.098966598510742
2005-09-26,26.340251922607422
2005-09-27,26.39052963256836
2005-09-28,26.521209716796875
2005-09-29,26.64185333251953
2005-09-30,26.450841903686523
2005-10-03,26.25983428955078
2005-10-04,25.998430252075195
2005-10-05,25.837574005126953
2005-10-06,25.747095108032227
2005-10-07,25.85768699645996
2005-10-10,25.66666030883789
2005-10-11,25.525915145874023
2005-10-12,25.294681549072266
2005-10-13,25.09362030029297
2005-10-14,25.355012893676758
2005-10-17,25.16399574279785
2005-10-18,24.701528549194336
2005-10-19,24.671369552612305
2005-10-20,24.229007720947266
2005-10-21,24.530622482299805
2005-10-24,24.882497787475586
2005-10-25,24.91265296936035
2005-10-26,24.751789093017578
2005-10-27,24.470291137695312
2005-10-28,24.631145477294922
2005-10-31,24.832223892211914
2005-11-01,24.792007446289062
2005-11-02,25.033294677734375
2005-11-03,25.033294677734375
2005-11-04,24.86237907409668
2005-11-07,24.781953811645508
2005-11-08,24.781953811645508
2005-11-09,24.741744995117188
2005-11-10,24.611047744750977
2005-11-11,24.86237907409668
2005-11-14,24.721641540527344
2005-11-15,24.731689453125
2005-11-16,24.661317825317383
2005-11-17,25.043352127075195
2005-11-18,25.003131866455078
2005-11-21,25.204204559326172
2005-11-22,25.395225524902344
2005-11-23,25.566131591796875
2005-11-25,25.445486068725586
2005-11-28,25.284631729125977
2005-11-29,25.16399574279785
2005-11-30,25.113723754882812
2005-12-01,25.41533088684082
2005-12-02,25.334901809692383
2005-12-05,25.586240768432617
2005-12-06,25.737043380737305
2005-12-07,25.525915145874023
2005-12-08,25.706886291503906
2005-12-09,25.747095108032227
2005-12-12,26.139184951782227
2005-12-13,26.17939567565918
2005-12-14,26.340251922607422
2005-12-15,26.149234771728516
2005-12-16,26.31009864807129
2005-12-19,26.31009864807129
2005-12-20,26.139184951782227
2005-12-21,26.269880294799805
2005-12-22,26.501108169555664
2005-12-23,26.333011627197266
2005-12-27,26.22025489807129
2005-12-28,26.35350799560547
2005-12-29,26.445756912231445
2005-12-30,26.22025489807129
2006-01-03,27.21453094482422
2006-01-04,27.3580322265625
2006-01-05,27.183780670166016
2006-01-06,27.573291778564453
2006-01-09,27.20427894592285
2006-01-10,27.265779495239258
2006-01-11,27.552791595458984
2006-01-12,27.235034942626953
2006-01-13,27.3682861328125
2006-01-17,27.255531311035156
2006-01-18,27.19403076171875
2006-01-19,27.112030029296875
2006-01-20,26.722517013549805
2006-01-23,27.337535858154297
2006-01-24,27.265779495239258
2006-01-25,27.296525955200195
2006-01-26,27.645050048828125
2006-01-27,27.542539596557617
2006-01-30,27.460548400878906
2006-01-31,27.624544143676758
2006-02-01,27.655290603637695
2006-02-02,27.3682861328125
2006-02-03,27.17352867126465
2006-02-06,27.460548400878906
2006-02-07,27.235034942626953
2006-02-08,27.440034866333008
2006-02-09,27.614288330078125
2006-02-10,27.409284591674805
2006-02-13,27.19403076171875
2006-02-14,27.542539596557617
2006-02-15,27.3682861328125
2006-02-16,27.645050048828125
2006-02-17,27.839805603027344
2006-02-21,27.993560791015625
2006-02-22,28.126808166503906
2006-02-23,28.034557342529297
2006-02-24,28.147314071655273
2006-02-27,28.24981117248535
2006-02-28,27.921812057495117
2006-03-01,28.024301528930664
2006-03-02,27.942310333251953
2006-03-03,27.983301162719727
2006-03-06,28.034557342529297
2006-03-07,27.69629669189453
2006-03-08,27.839805603027344
2006-03-09,27.81929588317871
2006-03-10,28.147314071655273
2006-03-13,28.465070724487305
2006-03-14,28.85457420349121
2006-03-15,28.93658447265625
2006-03-16,29.17233657836914
2006-03-17,29.18259048461914
2006-03-20,29.162094116210938
2006-03-21,28.957082748413086
2006-03-22,29.09033203125
2006-03-23,28.536815643310547
2006-03-24,28.670066833496094
2006-03-27,28.311311721801758
2006-03-28,27.901288986206055
2006-03-29,28.321565628051758
2006-03-30,28.813581466674805
2006-03-31,28.598329544067383
2006-04-03,28.78281593322754
2006-04-04,29.162094116210938
2006-04-05,29.315845489501953
2006-04-06,29.295337677001953
2006-04-07,28.762327194213867
2006-04-10,28.94683265686035
2006-04-11,28.49582290649414
2006-04-12,28.393314361572266
2006-04-13,28.465070724487305
2006-04-17,28.629072189331055
2006-04-18,29.121089935302734
2006-04-19,29.377349853515625
2006-04-20,29.408096313476562
2006-04-21,29.520845413208008
2006-04-24,29.705360412597656
2006-04-25,29.684850692749023
2006-04-26,29.94110870361328
2006-04-27,30.043607711791992
2006-04-28,30.1256160736084
2006-05-01,29.982105255126953
2006-05-02,30.330615997314453
2006-05-03,30.207618713378906
2006-05-04,30.453622817993164
2006-05-05,30.791889190673828
2006-05-08,30.8123722076416
2006-05-09,31.109638214111328
2006-05-10,31.20189094543457
2006-05-11,31.07889747619629
2006-05-12,30.720134735107422
2006-05-15,30.320369720458984
2006-05-16,30.412630081176758
2006-05-17,29.4388370513916
2006-05-18,29.408096313476562
2006-05-19,29.592599868774414
2006-05-22,29.34659194946289
2006-05-23,29.1005859375
2006-05-24,29.131336212158203
2006-05-25,29.428586959838867
2006-05-26,29.541349411010742
2006-05-30,29.25434684753418
2006-05-31,29.77710723876953
2006-06-01,30.033357620239258
2006-06-02,30.44337272644043
2006-06-05,30.043607711791992
2006-06-06,29.69510269165039
2006-06-07,29.4490966796875
2006-06-08,28.905832290649414
2006-06-09,28.70082664489746
2006-06-12,28.485563278198242
2006-06-13,27.66554832458496
2006-06-14,27.942310333251953
2006-06-15,28.7315731048584
2006-06-16,28.485563278198242
2006-06-19,28.321565628051758
2006-06-20,28.49582290649414
2006-06-21,29.018592834472656
2006-06-22,28.793079376220703
2006-06-23,28.7315731048584
2006-06-26,28.987834930419922
2006-06-27,28.598329544067383
2006-06-28,28.885330200195312
2006-06-29,29.879606246948242
2006-06-30,29.982105255126953
2006-07-03,30.238361358642578
2006-07-05,29.828359603881836
2006-07-06,30.023117065429688
2006-07-07,29.81810188293457
2006-07-10,29.961605072021484
2006-07-11,30.012861251831055
2006-07-12,29.551599502563477
2006-07-13,29.080076217651367
2006-07-14,28.957082748413086
2006-07-17,28.516313552856445
2006-07-18,28.403566360473633
2006-07-19,29.131336212158203
2006-07-20,29.039081573486328
2006-07-21,29.059574127197266
2006-07-24,29.479843139648438
2006-07-25,29.336334228515625
2006-07-26,29.654104232788086
2006-07-27,29.715600967407227
2006-07-28,30.176870346069336
2006-07-31,30.15636444091797
2006-08-01,30.023117065429688
2006-08-02,30.1871280670166
2006-08-03,30.1871280670166
2006-08-04,30.392122268676758
2006-08-07,30.15636444091797
2006-08-08,30.1358699798584
2006-08-09,30.320369720458984
2006-08-10,30.299861907958984
2006-08-11,30.012861251831055
2006-08-14,30.074369430541992
2006-08-15,30.730384826660156
2006-08-16,30.87389373779297
2006-08-17,30.8431339263916
2006-08-18,30.986631393432617
2006-08-21,30.97638511657715
2006-08-22,30.8431339263916
2006-08-23,30.566375732421875
2006-08-24,31.00714874267578
2006-08-25,30.99688148498535
2006-08-28,30.955888748168945
2006-08-29,31.263399124145508
2006-08-30,31.417142868041992
2006-08-31,31.396650314331055
2006-09-01,31.54015350341797
2006-09-05,31.642663955688477
2006-09-06,31.181396484375
2006-09-07,30.884132385253906
2006-09-08,30.99688148498535
2006-09-11,31.00714874267578
2006-09-12,31.242891311645508
2006-09-13,31.20189094543457
2006-09-14,31.1711483001709
2006-09-15,30.90462875366211
2006-09-18,30.955888748168945
2006-09-19,30.66887664794922
2006-09-20,31.08914566040039
2006-09-21,31.160892486572266
2006-09-22,31.00714874267578
2006-09-25,31.1916561126709
2006-09-26,31.058393478393555
2006-09-27,31.099397659301758
2006-09-28,31.345399856567383
2006-09-29,31.242891311645508
2006-10-02,31.27364158630371
2006-10-03,31.396650314331055
2006-10-04,31.734912872314453
2006-10-05,31.673404693603516
2006-10-06,31.376150131225586
2006-10-09,31.601661682128906
2006-10-10,31.642663955688477
2006-10-11,31.775922775268555
2006-10-12,31.960412979125977
2006-10-13,31.806663513183594
2006-10-16,31.704160690307617
2006-10-17,31.57090950012207
2006-10-18,31.499149322509766
2006-10-19,31.837411880493164
2006-10-20,31.76566505432129
2006-10-23,31.75541114807129
2006-10-24,31.673404693603516
2006-10-25,31.980915069580078
2006-10-26,32.08341598510742
2006-10-27,32.052669525146484
2006-10-30,32.073177337646484
2006-10-31,32.339683532714844
2006-11-01,32.380680084228516
2006-11-02,32.48318099975586
2006-11-03,32.5241813659668
2006-11-06,32.88294982910156
2006-11-07,33.06745529174805
2006-11-08,33.10844421386719
2006-11-09,32.97520446777344
2006-11-10,33.323707580566406
2006-11-13,33.25196075439453
2006-11-14,33.43645477294922
2006-11-15,33.55947494506836
2006-11-16,33.446712493896484
2006-11-17,33.43645477294922
2006-11-20,33.47746276855469
2006-11-21,33.6517219543457
2006-11-22,33.86697769165039
2006-11-24,33.9694709777832
2006-11-27,33.54921340942383
2006-11-28,33.78495788574219
2006-11-29,34.12323760986328
2006-11-30,34.235984802246094
2006-12-01,34.07197952270508
2006-12-04,34.225730895996094
2006-12-05,34.44098663330078
2006-12-06,34.246238708496094
2006-12-07,34.38972854614258
2006-12-08,34.21548843383789
2006-12-11,34.47172927856445
2006-12-12,34.563995361328125
2006-12-13,34.63574981689453
2006-12-14,34.51273727416992
2006-12-15,34.235984802246094
2006-12-18,34.28723907470703
2006-12-19,34.67675018310547
2006-12-20,34.3609619140625
2006-12-21,34.48643112182617
2006-12-22,34.06815719604492
2006-12-26,34.078617095947266
2006-12-27,34.58053207397461
2006-12-28,34.674652099609375
2006-12-29,34.726932525634766
2007-01-03,34.94652557373047
2007-01-04,34.86286926269531
2007-01-05,34.413230895996094
2007-01-08,34.455055236816406
2007-01-09,34.43415069580078
2007-01-10,34.06815719604492
2007-01-11,34.28774642944336
2007-01-12,34.674652099609375
2007-01-16,34.65373611450195
2007-01-17,34.44459915161133
2007-01-18,34.371402740478516
2007-01-19,34.841957092285156
2007-01-22,34.71647644042969
2007-01-23,34.9779052734375
2007-01-24,35.207942962646484
2007-01-25,34.758304595947266
2007-01-26,34.83150100708008
2007-01-29,34.73740005493164
2007-01-30,34.821048736572266
2007-01-31,35.13474655151367
2007-02-01,35.06155014038086
2007-02-02,35.197486877441406
2007-02-05,35.06155014038086
2007-02-06,35.08246612548828
2007-02-07,35.417091369628906
2007-02-08,35.23931884765625
2007-02-09,35.01973342895508
2007-02-12,34.87332534790039
2007-02-13,35.27069091796875
2007-02-14,35.78307342529297
2007-02-15,35.709877014160156
2007-02-16,35.80398941040039
2007-02-20,35.647132873535156
2007-02-21,35.417091369628906
2007-02-22,35.47981643676758
2007-02-23,35.37525939941406
2007-02-26,35.73078536987305
2007-02-27,34.04725646972656
2007-02-28,34.53871154785156
2007-03-01,33.91130447387695
2007-03-02,33.56623458862305
2007-03-05,32.94929885864258
2007-03-06,33.68126678466797
2007-03-07,33.58715057373047
2007-03-08,33.96358108520508
2007-03-09,33.93222427368164
2007-03-12,33.94268035888672
2007-03-13,33.17932891845703
2007-03-14,33.37801742553711
2007-03-15,33.461669921875
2007-03-16,33.6185188293457
2007-03-19,34.00542068481445
2007-03-20,34.109981536865234
2007-03-21,35.0720100402832
2007-03-22,34.98835372924805
2007-03-23,35.27069091796875
2007-03-26,35.24977111816406
2007-03-27,35.06155014038086
2007-03-28,34.8524169921875
2007-03-29,35.228858947753906
2007-03-30,35.32296371459961
2007-04-02,35.67850112915039
2007-04-03,35.824886322021484
2007-04-04,35.929466247558594
2007-04-05,36.15952682495117
2007-04-09,35.93992233276367
2007-04-10,36.46275329589844
2007-04-11,36.29545211791992
2007-04-12,36.577789306640625
2007-04-13,36.818275451660156
2007-04-16,37.142459869384766
2007-04-17,37.2051887512207
2007-04-18,37.23655700683594
2007-04-19,37.02742385864258
2007-04-20,37.41432189941406
2007-04-23,37.27838134765625
2007-04-24,37.341129302978516
2007-04-25,37.85352325439453
2007-04-26,37.74895095825195
2007-04-27,37.81169128417969
2007-04-30,37.65483474731445
2007-05-01,37.69666290283203
2007-05-02,37.790775299072266
2007-05-03,37.51889419555664
2007-05-04,37.83259963989258
2007-05-07,38.02082443237305
2007-05-08,37.59209442138672
2007-05-09,37.717567443847656
2007-05-10,36.93330764770508
2007-05-11,37.539817810058594
2007-05-14,37.43523025512695
2007-05-15,37.728031158447266
2007-05-16,37.76986312866211
2007-05-17,37.69666290283203
2007-05-18,38.01036071777344
2007-05-21,37.728031158447266
2007-05-22,37.56071853637695
2007-05-23,37.83259963989258
2007-05-24,37.23655700683594
2007-05-25,37.44570541381836
2007-05-29,37.403873443603516
2007-05-30,37.38294982910156
2007-05-31,37.43523025512695
2007-06-01,37.173824310302734
2007-06-04,37.04833984375
2007-06-05,37.173824310302734
2007-06-06,36.63007354736328
2007-06-07,35.76215744018555
2007-06-08,36.20134353637695
2007-06-11,35.91900634765625
2007-06-12,35.40663146972656
2007-06-13,36.1176872253418
2007-06-14,36.5255012512207
2007-06-15,36.96468734741211
2007-06-18,37.00651550292969
2007-06-19,37.351585388183594
2007-06-20,36.73463439941406
2007-06-21,36.99605941772461
2007-06-22,36.431392669677734
2007-06-25,36.337284088134766
2007-06-26,35.98174285888672
2007-06-27,36.35818862915039
2007-06-28,36.3059196472168
2007-06-29,36.50458526611328
2007-07-02,37.07970428466797
2007-07-03,37.37250900268555
2007-07-05,36.97513961791992
2007-07-06,37.30976486206055
2007-07-09,37.539817810058594
2007-07-10,37.00651550292969
2007-07-11,37.288841247558594
2007-07-12,37.81169128417969
2007-07-13,37.67574691772461
2007-07-16,37.57118225097656
2007-07-17,37.487518310546875
2007-07-18,37.55026626586914
2007-07-19,37.539817810058594
2007-07-20,37.12154006958008
2007-07-23,37.142459869384766
2007-07-24,36.400020599365234
2007-07-25,36.2745361328125
2007-07-26,35.18703079223633
2007-07-27,34.74784851074219
2007-07-30,35.24977111816406
2007-07-31,35.15565490722656
2007-08-01,35.34389114379883
2007-08-02,35.16611862182617
2007-08-03,34.768760681152344
2007-08-06,35.32296371459961
2007-08-07,35.626220703125
2007-08-08,36.0549430847168
2007-08-09,35.93992233276367
2007-08-10,34.64329147338867
2007-08-13,34.40277862548828
2007-08-14,34.1413459777832
2007-08-15,33.30482482910156
2007-08-16,33.16886520385742
2007-08-17,33.82764434814453
2007-08-20,33.84857177734375
2007-08-21,33.68126678466797
2007-08-22,34.64329147338867
2007-08-23,34.68510818481445
2007-08-24,35.49028396606445
2007-08-27,35.11383819580078
2007-08-28,34.1727180480957
2007-08-29,35.218406677246094
2007-08-30,34.883785247802734
2007-08-31,35.36479949951172
2007-09-04,35.573944091796875
2007-09-05,34.81059265136719
2007-09-06,34.87332534790039
2007-09-07,34.3295783996582
2007-09-10,34.3923225402832
2007-09-11,34.841957092285156
2007-09-12,34.998817443847656
2007-09-13,35.228858947753906
2007-09-14,34.98835372924805
2007-09-17,34.528255462646484
2007-09-18,35.971290588378906
2007-09-19,36.01311111450195
2007-09-20,36.096763610839844
2007-09-21,36.28498840332031
2007-09-24,36.08631134033203
2007-09-25,36.10722732543945
2007-09-26,36.35818862915039
2007-09-27,36.609153747558594
2007-09-28,36.431392669677734
2007-10-01,37.21565628051758
2007-10-02,36.84965133666992
2007-10-03,36.50458526611328
2007-10-04,36.98560333251953
2007-10-05,37.22610092163086
2007-10-08,36.86011505126953
2007-10-09,37.41432189941406
2007-10-10,37.111083984375
2007-10-11,37.23655700683594
2007-10-12,37.42478561401367
2007-10-15,37.12154006958008
2007-10-16,36.7660026550293
2007-10-17,36.8914909362793
2007-10-18,36.88103103637695
2007-10-19,36.316368103027344
2007-10-22,36.1490592956543
2007-10-23,36.6196174621582
2007-10-24,36.420936584472656
2007-10-25,36.68235778808594
2007-10-26,37.36205291748047
2007-10-29,37.41432189941406
2007-10-30,37.37250900268555
2007-10-31,37.83259963989258
2007-11-01,36.786922454833984
2007-11-02,37.22610092163086
2007-11-05,36.786922454833984
2007-11-06,37.22610092163086
2007-11-07,36.54641342163086
2007-11-08,36.483673095703125
2007-11-09,35.63666915893555
2007-11-12,35.4379997253418
2007-11-13,36.55687713623047
2007-11-14,36.41048049926758
2007-11-15,36.08631134033203
2007-11-16,36.661434173583984
2007-11-19,35.563472747802734
2007-11-20,36.326820373535156
2007-11-21,35.78307342529297
2007-11-23,36.54641342163086
2007-11-26,35.76215744018555
2007-11-27,36.3059196472168
2007-11-28,37.24701690673828
2007-11-29,36.96468734741211
2007-11-30,36.99605941772461
2007-12-03,36.9228515625
2007-12-04,36.91239929199219
2007-12-05,37.173824310302734
2007-12-06,37.51889419555664
2007-12-07,37.42478561401367
2007-12-10,37.790775299072266
2007-12-11,36.83920669555664
2007-12-12,37.487518310546875
2007-12-13,37.00651550292969
2007-12-14,36.096763610839844
2007-12-17,35.469364166259766
2007-12-18,35.80398941040039
2007-12-19,35.36479949951172
2007-12-20,35.46214294433594
2007-12-21,35.691856384277344
2007-12-24,35.85593032836914
2007-12-26,36.052833557128906
2007-12-27,36.02000427246094
2007-12-28,36.741943359375
2007-12-31,36.03093719482422
2008-01-02,36.28252410888672
2008-01-03,36.35909652709961
2008-01-04,35.582481384277344
2008-01-07,35.921566009521484
2008-01-08,35.39653396606445
2008-01-09,35.62622833251953
2008-01-10,35.888755798339844
2008-01-11,35.52778625488281
2008-01-14,36.14033508300781
2008-01-15,35.14493942260742
2008-01-16,34.65271759033203
2008-01-17,33.95265579223633
2008-01-18,33.8760871887207
2008-01-22,32.81507110595703
2008-01-23,32.09313201904297
2008-01-24,32.7603759765625
2008-01-25,32.136898040771484
2008-01-28,33.143218994140625
2008-01-29,33.022911071777344
2008-01-30,33.06665802001953
2008-01-31,33.25260925292969
2008-02-01,33.28542709350586
2008-02-04,33.296356201171875
2008-02-05,31.688417434692383
2008-02-06,31.74311065673828
2008-02-07,31.75404930114746
2008-02-08,30.999311447143555
2008-02-11,31.185251235961914
2008-02-12,31.841548919677734
2008-02-13,32.51973342895508
2008-02-14,32.10408020019531
2008-02-15,32.22439956665039
2008-02-19,32.475982666015625
2008-02-20,32.57442855834961
2008-02-21,32.10408020019531
2008-02-22,32.213462829589844
2008-02-25,32.62911605834961
2008-02-26,33.34011459350586
2008-02-27,33.60262680053711
2008-02-28,33.48231506347656
2008-02-29,32.618167877197266
2008-03-03,32.705684661865234
2008-03-04,32.18064498901367
2008-03-05,32.74943161010742
2008-03-06,32.22439956665039
2008-03-07,31.557161331176758
2008-03-10,31.11962890625
2008-03-11,32.432228088378906
2008-03-12,32.12595748901367
2008-03-13,32.246280670166016
2008-03-14,31.644670486450195
2008-03-17,31.31651496887207
2008-03-18,32.136898040771484
2008-03-19,30.5070858001709
2008-03-20,30.44144058227539
2008-03-24,30.999311447143555
2008-03-25,31.732175827026367
2008-03-26,31.907176971435547
2008-03-27,31.85249137878418
2008-03-28,31.797807693481445
2008-03-31,32.322845458984375
2008-04-01,33.0994758605957
2008-04-02,33.43855667114258
2008-04-03,33.646385192871094
2008-04-04,33.701087951660156
2008-04-07,33.97453308105469
2008-04-08,33.9307746887207
2008-04-09,34.062042236328125
2008-04-10,34.0401611328125
2008-04-11,33.48231506347656
2008-04-14,33.526058197021484
2008-04-15,33.5369987487793
2008-04-16,34.40113067626953
2008-04-17,33.96358871459961
2008-04-18,34.37925338745117
2008-04-21,34.68552780151367
2008-04-22,34.466766357421875
2008-04-23,34.28081512451172
2008-04-24,34.215179443359375
2008-04-25,34.49958801269531
2008-04-28,34.22611999511719
2008-04-29,34.193302154541016
2008-04-30,34.215179443359375
2008-05-01,34.444881439208984
2008-05-02,34.477699279785156
2008-05-05,34.69646072387695
2008-05-06,34.904300689697266
2008-05-07,34.14955139160156
2008-05-08,34.1276741027832
2008-05-09,33.96358871459961
2008-05-12,34.40113067626953
2008-05-13,34.07297897338867
2008-05-14,34.26987838745117
2008-05-15,34.66365051269531
2008-05-16,35.1558837890625
2008-05-19,34.84960174560547
2008-05-20,34.630828857421875
2008-05-21,34.532386779785156
2008-05-22,34.96992111206055
2008-05-23,34.86054229736328
2008-05-27,34.521453857421875
2008-05-28,34.444881439208984
2008-05-29,34.138607025146484
2008-05-30,34.521453857421875
2008-06-02,33.90890884399414
2008-06-03,33.58075714111328
2008-06-04,33.43855667114258
2008-06-05,34.10578918457031
2008-06-06,33.07759475708008
2008-06-09,32.97914505004883
2008-06-10,32.432228088378906
2008-06-11,31.907176971435547
2008-06-12,31.589977264404297
2008-06-13,31.677474975585938
2008-06-16,31.950946807861328
2008-06-17,32.027503967285156
2008-06-18,31.644670486450195
2008-06-19,31.60091209411621
2008-06-20,30.889915466308594
2008-06-23,30.846168518066406
2008-06-24,30.90085792541504
2008-06-25,31.455270767211914
2008-06-26,30.567293167114258
2008-06-27,30.555904388427734
2008-06-30,30.63559913635254
2008-07-01,30.3396053314209
2008-07-02,30.510360717773438
2008-07-03,30.669755935668945
2008-07-07,30.11192512512207
2008-07-08,30.202993392944336
2008-07-09,29.83868408203125
2008-07-10,30.385129928588867
2008-07-11,29.78175926208496
2008-07-14,29.474382400512695
2008-07-15,29.075925827026367
2008-07-16,29.440231323242188
2008-07-17,29.690685272216797
2008-07-18,30.089147567749023
2008-07-21,30.3396053314209
2008-07-22,30.442062377929688
2008-07-23,30.601444244384766
2008-07-24,30.18022346496582
2008-07-25,30.350976943969727
2008-07-28,29.91838836669922
2008-07-29,30.123292922973633
2008-07-30,30.11192512512207
2008-07-31,29.645145416259766
2008-08-01,29.406078338623047
2008-08-04,29.235313415527344
2008-08-05,30.157453536987305
2008-08-06,30.13467788696289
2008-08-07,29.872838973999023
2008-08-08,29.542695999145508
2008-08-11,29.599613189697266
2008-08-12,29.50853729248047
2008-08-13,29.09869384765625
2008-08-14,28.65470314025879
2008-08-15,28.41562843322754
2008-08-18,28.3359317779541
2008-08-19,28.09686279296875
2008-08-20,27.891939163208008
2008-08-21,27.903324127197266
2008-08-22,27.94886589050293
2008-08-25,27.516258239746094
2008-08-26,27.527639389038086
2008-08-27,27.78948211669922
2008-08-28,28.37009048461914
2008-08-29,28.267621994018555
2008-09-02,28.222082138061523
2008-09-03,28.187942504882812
2008-09-04,26.924259185791016
2008-09-05,26.73072052001953
2008-09-08,27.083646774291992
2008-09-09,26.457502365112305
2008-09-10,26.548568725585938
2008-09-11,26.537185668945312
2008-09-12,26.924259185791016
2008-09-15,25.888275146484375
2008-09-16,25.62643814086914
2008-09-17,24.499370574951172
2008-09-18,25.227975845336914
2008-09-19,27.299955368041992
2008-09-22,26.799036026000977
2008-09-23,26.503036499023438
2008-09-24,26.411956787109375
2008-09-25,27.129180908203125
2008-09-26,26.901491165161133
2008-09-29,24.055374145507812
2008-09-30,24.522144317626953
2008-10-01,24.670143127441406
2008-10-02,23.33815574645996
2008-10-03,23.292619705200195
2008-10-06,21.82402229309082
2008-10-07,20.68557357788086
2008-10-08,20.082195281982422
2008-10-09,19.30805206298828
2008-10-10,18.47698211669922
2008-10-13,21.300334930419922
2008-10-14,21.12957191467285
2008-10-15,19.08036231994629
2008-10-16,19.854511260986328
2008-10-17,19.478818893432617
2008-10-20,20.37819480895996
2008-10-21,19.251136779785156
2008-10-22,17.759769439697266
2008-10-23,18.31760025024414
2008-10-24,17.00839614868164
2008-10-27,16.165943145751953
2008-10-28,17.304391860961914
2008-10-29,17.748380661010742
2008-10-30,18.568065643310547
2008-10-31,18.750211715698242
2008-11-03,18.818523406982422
2008-11-04,20.571731567382812
2008-11-05,19.649585723876953
2008-11-06,18.42007064819336
2008-11-07,19.30805206298828
2008-11-10,19.148670196533203
2008-11-11,18.078529357910156
2008-11-12,17.258848190307617
2008-11-13,18.89821434020996
2008-11-14,17.782541275024414
2008-11-17,17.44099998474121
2008-11-18,17.5434627532959
2008-11-19,16.62132453918457
2008-11-20,15.778868675231934
2008-11-21,16.51885986328125
2008-11-24,17.645925521850586
2008-11-25,17.71422576904297
2008-11-26,18.021608352661133
2008-11-28,17.668691635131836
2008-12-01,16.04071044921875
2008-12-02,17.04254150390625
2008-12-03,17.019779205322266
2008-12-04,16.461938858032227
2008-12-05,16.644088745117188
2008-12-08,17.4523868560791
2008-12-09,17.406848907470703
2008-12-10,18.044376373291016
2008-12-11,17.987457275390625
2008-12-12,18.22652816772461
2008-12-15,18.26068687438965
2008-12-16,19.36497688293457
2008-12-17,19.421899795532227
2008-12-18,19.046207427978516
2008-12-19,18.602218627929688
2008-12-22,18.499755859375
2008-12-23,18.346572875976562
2008-12-24,18.40504264831543
2008-12-26,18.837684631347656
2008-12-29,18.63890266418457
2008-12-30,19.165098190307617
2008-12-31,19.165098190307617
2009-01-02,19.34049415588379
2009-01-05,19.153406143188477
2009-01-06,19.32880210876465
2009-01-07,19.375577926635742
2009-01-08,19.8082218170166
2009-01-09,18.744142532348633
2009-01-12,18.381656646728516
2009-01-13,17.972393035888672
2009-01-14,17.153873443603516
2009-01-15,17.153873443603516
2009-01-16,17.36435317993164
2009-01-20,16.14826202392578
2009-01-21,16.499055862426758
2009-01-22,15.984557151794434
2009-01-23,15.914396286010742
2009-01-26,16.311962127685547
2009-01-27,16.405513763427734
2009-01-28,17.13048553466797
2009-01-29,16.25349998474121
2009-01-30,15.97286605834961
2009-02-02,15.809162139892578
2009-02-03,16.47566795349121
2009-02-04,15.949482917785645
2009-02-05,16.171649932861328
2009-02-06,16.73292350769043
2009-02-09,17.072021484375
2009-02-10,16.195039749145508
2009-02-11,16.37042999267578
2009-02-12,16.230117797851562
2009-02-13,16.019636154174805
2009-02-17,14.803544044494629
2009-02-18,14.756773948669434
2009-02-19,14.698311805725098
2009-02-20,14.218889236450195
2009-02-23,13.552374839782715
2009-02-24,14.394286155700684
2009-02-25,13.90317153930664
2009-02-26,13.879788398742676
2009-02-27,13.751165390014648
2009-03-02,12.745548248291016
2009-03-03,12.640312194824219
2009-03-04,12.897563934326172
2009-03-05,12.008883476257324
2009-03-06,11.728246688842773
2009-03-09,11.260515213012695
2009-03-10,12.28951644897461
2009-03-11,12.359676361083984
2009-03-12,13.01448917388916
2009-03-13,12.885869026184082
2009-03-16,12.897563934326172
2009-03-17,13.213272094726562
2009-03-18,14.020110130310059
2009-03-19,14.13703727722168
2009-03-20,14.101956367492676
2009-03-23,15.364822387695312
2009-03-24,14.768465042114258
2009-03-25,15.446674346923828
2009-03-26,15.762385368347168
2009-03-27,15.119261741638184
2009-03-30,14.148731231689453
2009-03-31,14.78016471862793
2009-04-01,15.025718688964844
2009-04-02,15.739001274108887
2009-04-03,16.043025970458984
2009-04-06,15.633758544921875
2009-04-07,15.247885704040527
2009-04-08,15.6454496383667
2009-04-09,15.867624282836914
2009-04-13,16.031328201293945
2009-04-14,16.08979606628418
2009-04-15,16.405513763427734
2009-04-16,16.534135818481445
2009-04-17,16.55752182006836
2009-04-20,15.832549095153809
2009-04-21,16.043025970458984
2009-04-22,16.101484298706055
2009-04-23,16.709531784057617
2009-04-24,17.177255630493164
2009-04-27,16.873247146606445
2009-04-28,16.931699752807617
2009-04-29,17.492979049682617
2009-04-30,17.563133239746094
2009-05-01,17.92562484741211
2009-05-04,18.650596618652344
2009-05-05,18.393342971801758
2009-05-06,18.709064483642578
2009-05-07,18.40504264831543
2009-05-08,19.644514083862305
2009-05-11,18.966312408447266
2009-05-12,19.32880210876465
2009-05-13,18.264724731445312
2009-05-14,18.45181655883789
2009-05-15,18.276411056518555
2009-05-18,19.246950149536133
2009-05-19,19.39896583557129
2009-05-20,19.738059997558594
2009-05-21,19.656211853027344
2009-05-22,19.749757766723633
2009-05-26,20.1940975189209
2009-05-27,19.679595947265625
2009-05-28,20.147321701049805
2009-05-29,20.018709182739258
2009-06-01,20.49811553955078
2009-06-02,20.837221145629883
2009-06-03,20.17070960998535
2009-06-04,20.252561569213867
2009-06-05,19.90176773071289
2009-06-08,19.843303680419922
2009-06-09,20.05377960205078
2009-06-10,20.077171325683594
2009-06-11,20.416259765625
2009-06-12,20.22917938232422
2009-06-15,19.4691219329834
2009-06-16,19.094938278198242
2009-06-17,18.81429672241211
2009-06-18,18.94292640686035
2009-06-19,19.118331909179688
2009-06-22,18.40504264831543
2009-06-23,18.658727645874023
2009-06-24,18.71799659729004
2009-06-25,19.085477828979492
2009-06-26,19.026206970214844
2009-06-29,19.121044158935547
2009-06-30,19.251440048217773
2009-07-01,19.535947799682617
2009-07-02,18.943225860595703
2009-07-06,18.836544036865234
2009-07-07,18.243825912475586
2009-07-08,18.00673484802246
2009-07-09,18.26753044128418
2009-07-10,17.888195037841797
2009-07-13,18.421640396118164
2009-07-14,18.480913162231445
2009-07-15,19.39369773864746
2009-07-16,19.713760375976562
2009-07-17,19.618921279907227
2009-07-20,20.010122299194336
2009-07-21,20.223501205444336
2009-07-22,20.17607879638672
2009-07-23,20.567279815673828
2009-07-24,20.697664260864258
2009-07-27,20.828065872192383
2009-07-28,20.519853591918945
2009-07-29,20.472442626953125
2009-07-30,20.792503356933594
2009-07-31,20.86363410949707
2009-08-03,21.5156192779541
2009-08-04,21.32594871520996
2009-08-05,21.43263816833496
2009-08-06,21.29039192199707
2009-08-07,21.302244186401367
2009-08-10,21.397075653076172
2009-08-11,21.195552825927734
2009-08-12,21.5156192779541
2009-08-13,21.942373275756836
2009-08-14,21.66972541809082
2009-08-17,20.86363410949707
2009-08-18,21.219257354736328
2009-08-19,21.37337303161621
2009-08-20,21.574888229370117
2009-08-21,22.143903732299805
2009-08-24,22.35728645324707
2009-08-25,22.606216430664062
2009-08-26,22.67734718322754
2009-08-27,22.87887191772461
2009-08-28,22.77217674255371
2009-08-31,22.641786575317383
2009-09-01,21.9542293548584
2009-09-02,21.740856170654297
2009-09-03,22.10833740234375
2009-09-04,22.487672805786133
2009-09-08,23.056684494018555
2009-09-09,23.329336166381836
2009-09-10,23.6494083404541
2009-09-11,23.601980209350586
2009-09-14,23.81536293029785
2009-09-15,23.96946907043457
2009-09-16,24.467350006103516
2009-09-17,24.265827178955078
2009-09-18,24.325092315673828
2009-09-21,23.898344039916992
2009-09-22,24.052444458007812
2009-09-23,23.993181228637695
2009-09-24,23.6612548828125
2009-09-25,23.791650772094727
2009-09-28,24.14728546142578
2009-09-29,24.18284034729004
2009-09-30,24.194698333740234
2009-10-01,23.507143020629883
2009-10-02,23.270063400268555
2009-10-05,23.720529556274414
2009-10-06,24.194698333740234
2009-10-07,24.336946487426758
2009-10-08,24.609600067138672
2009-10-09,24.6333065032959
2009-10-12,24.977088928222656
2009-10-13,25.0600643157959
2009-10-14,25.65278434753418
2009-10-15,25.79503631591797
2009-10-16,25.486825942993164
2009-10-19,25.723909378051758
2009-10-20,25.463109970092773
2009-10-21,25.249738693237305
2009-10-22,25.510536193847656
2009-10-23,24.929668426513672
2009-10-26,24.230262756347656
2009-10-27,23.779802322387695
2009-10-28,22.949996948242188
2009-10-29,23.862777709960938
2009-10-30,22.748470306396484
2009-11-02,23.021121978759766
2009-11-03,22.843303680419922
2009-11-04,23.198936462402344
2009-11-05,23.6612548828125
2009-11-06,23.70867347717285
2009-11-09,24.43178939819336
2009-11-10,24.4080753326416
2009-11-11,24.526622772216797
2009-11-12,24.0880069732666
2009-11-13,24.43178939819336
2009-11-16,24.81112289428711
2009-11-17,24.585895538330078
2009-11-18,24.597740173339844
2009-11-19,24.064302444458008
2009-11-20,23.6612548828125
2009-11-23,24.11172103881836
2009-11-24,24.005033493041992
2009-11-25,24.325092315673828
2009-11-27,23.37674903869629
2009-11-30,23.40045738220215
2009-12-01,24.028743743896484
2009-12-02,23.993181228637695
2009-12-03,23.898344039916992
2009-12-04,23.898344039916992
2009-12-07,23.756093978881836
2009-12-08,23.13966178894043
2009-12-09,23.151521682739258
2009-12-10,23.187084197998047
2009-12-11,23.163372039794922
2009-12-14,23.388601303100586
2009-12-15,23.104097366333008
2009-12-16,23.353042602539062
2009-12-17,22.83144760131836
2009-12-18,22.784025192260742
2009-12-21,23.03297996520996
2009-12-22,23.19963264465332
2009-12-23,23.439416885375977
2009-12-24,23.57131004333496
2009-12-28,23.739152908325195
2009-12-29,23.703187942504883
2009-12-30,23.607271194458008
2009-12-31,23.391464233398438
2010-01-04,23.871036529541016
2010-01-05,23.919002532958984
2010-01-06,23.990936279296875
2010-01-07,24.098838806152344
2010-01-08,24.266695022583008
2010-01-11,24.470508575439453
2010-01-12,24.07485580444336
2010-01-13,24.422555923461914
2010-01-14,24.518468856811523
2010-01-15,23.895023345947266
2010-01-19,24.050878524780273
2010-01-20,23.235595703125
2010-01-21,22.612144470214844
2010-01-22,22.012670516967773
2010-01-25,22.4083309173584
2010-01-26,22.264448165893555
2010-01-27,22.060623168945312
2010-01-28,21.461153030395508
2010-01-29,21.221370697021484
2010-02-01,21.736906051635742
2010-02-02,22.228479385375977
2010-02-03,21.880788803100586
2010-02-04,20.705821990966797
2010-02-05,20.25021743774414
2010-02-08,19.914512634277344
2010-02-09,20.72979736328125
2010-02-10,20.693830490112305
2010-02-11,20.669849395751953
2010-02-12,20.45404052734375
2010-02-16,20.909637451171875
2010-02-17,20.909637451171875
2010-02-18,21.005556106567383
2010-02-19,20.981586456298828
2010-02-22,20.885658264160156
2010-02-23,20.33414649963379
2010-02-24,20.501996994018555
2010-02-25,20.238229751586914
2010-02-26,20.358123779296875
2010-03-01,20.45404052734375
2010-03-02,20.609905242919922
2010-03-03,20.981586456298828
2010-03-04,20.981586456298828
2010-03-05,21.617021560668945
2010-03-08,21.688955307006836
2010-03-09,21.533092498779297
2010-03-10,21.760889053344727
2010-03-11,21.844818115234375
2010-03-12,21.892778396606445
2010-03-15,21.760889053344727
2010-03-16,22.060623168945312
2010-03-17,22.192514419555664
2010-03-18,22.024658203125
2010-03-19,21.736906051635742
2010-03-22,21.748899459838867
2010-03-23,21.86879539489746
2010-03-24,21.533092498779297
2010-03-25,21.521102905273438
2010-03-26,21.86879539489746
2010-03-29,21.97669792175293
2010-03-30,21.82084083557129
2010-03-31,21.86879539489746
2010-04-01,22.300426483154297
2010-04-05,22.34837532043457
2010-04-06,22.156543731689453
2010-04-07,21.724925994873047
2010-04-08,21.605026245117188
2010-04-09,21.97669792175293
2010-04-12,22.336380004882812
2010-04-13,22.336380004882812
2010-04-14,22.76801109313965
2010-04-15,22.696075439453125
2010-04-16,22.08460807800293
2010-04-19,21.808849334716797
2010-04-20,22.16853904724121
2010-04-21,21.97669792175293
2010-04-22,21.581050872802734
2010-04-23,21.71293830871582
2010-04-26,21.473142623901367
2010-04-27,20.262208938598633
2010-04-28,20.03441047668457
2010-04-29,20.394092559814453
2010-04-30,20.094358444213867
2010-05-03,20.322154998779297
2010-05-04,19.111217498779297
2010-05-05,18.391855239868164
2010-05-06,16.89316749572754
2010-05-07,17.08500099182129
2010-05-10,19.08724021911621
2010-05-11,18.79949378967285
2010-05-12,18.859439849853516
2010-05-13,18.37986183166504
2010-05-14,17.46866226196289
2010-05-17,17.50463104248047
2010-05-18,17.08500099182129
2010-05-19,17.432693481445312
2010-05-20,16.785259246826172
2010-05-21,17.61253547668457
2010-05-24,16.833215713500977
2010-05-25,16.761287689208984
2010-05-26,16.305686950683594
2010-05-27,17.6724796295166
2010-05-28,17.12096405029297
2010-06-01,16.677356719970703
2010-06-02,17.240861892700195
2010-06-03,17.180912017822266
2010-06-04,16.029922485351562
2010-06-07,15.862077713012695
2010-06-08,16.12584114074707
2010-06-09,16.12584114074707
2010-06-10,17.061017990112305
2010-06-11,17.312793731689453
2010-06-14,17.636512756347656
2010-06-15,18.655620574951172
2010-06-16,18.463783264160156
2010-06-17,18.547714233398438
2010-06-18,18.667606353759766
2010-06-21,18.47577667236328
2010-06-22,18.056140899658203
2010-06-23,18.232744216918945
2010-06-24,17.69685173034668
2010-06-25,17.940439224243164
2010-06-28,17.782106399536133
2010-06-29,16.905183792114258
2010-06-30,16.807741165161133
2010-07-01,17.294923782348633
2010-07-02,17.294923782348633
2010-07-06,17.611589431762695
2010-07-07,18.58595085144043
2010-07-08,18.793006896972656
2010-07-09,18.866085052490234
2010-07-12,18.80518341064453
2010-07-13,19.15838623046875
2010-07-14,19.097497940063477
2010-07-15,19.23147201538086
2010-07-16,18.62248992919922
2010-07-19,18.95134162902832
2010-07-20,18.87826156616211
2010-07-21,18.415441513061523
2010-07-22,19.30454444885254
2010-07-23,19.365436553955078
2010-07-26,19.65774917602539
2010-07-27,19.998779296875
2010-07-28,19.7795467376709
2010-07-29,19.950061798095703
2010-07-30,19.86480712890625
2010-08-02,20.595577239990234
2010-08-03,20.61993408203125
2010-08-04,20.546859741210938
2010-08-05,20.425064086914062
2010-08-06,20.473779678344727
2010-08-09,20.4859619140625
2010-08-10,20.4859619140625
2010-08-11,19.21929168701172
2010-08-12,19.15838623046875
2010-08-13,18.975704193115234
2010-08-16,19.024417877197266
2010-08-17,19.292367935180664
2010-08-18,19.24365234375
2010-08-19,18.63467788696289
2010-08-20,18.366722106933594
2010-08-23,18.39108657836914
2010-08-24,17.964799880981445
2010-08-25,18.00133514404297
2010-08-26,18.06223487854004
2010-08-27,18.439802169799805
2010-08-30,17.964799880981445
2010-08-31,18.098772048950195
2010-09-01,18.87826156616211
2010-09-02,19.121849060058594
2010-09-03,19.34108543395996
2010-09-07,18.78083038330078
2010-09-08,18.95134162902832
2010-09-09,19.121849060058594
2010-09-10,19.20711326599121
2010-09-13,19.645570755004883
2010-09-14,19.828264236450195
2010-09-15,19.767366409301758
2010-09-16,19.730833053588867
2010-09-17,19.462881088256836
2010-09-20,19.86480712890625
2010-09-21,19.998779296875
2010-09-22,19.97442054748535
2010-09-23,19.609033584594727
2010-09-24,20.40070343017578
2010-09-27,20.18147850036621
2010-09-28,20.44942283630371
2010-09-29,20.315446853637695
2010-09-30,20.461597442626953
2010-10-01,20.63211441040039
2010-10-04,20.108394622802734
2010-10-05,20.924421310424805
2010-10-06,21.02185821533203
2010-10-07,21.034040451049805
2010-10-08,21.216732025146484
2010-10-11,21.155834197998047
2010-10-12,21.155834197998047
2010-10-13,21.54558563232422
2010-10-14,21.728269577026367
2010-10-15,21.54558563232422
2010-10-18,21.801349639892578
2010-10-19,21.241092681884766
2010-10-20,21.78917121887207
2010-10-21,21.862247467041016
2010-10-22,21.886606216430664
2010-10-25,21.76481056213379
2010-10-26,21.557762145996094
2010-10-27,21.44814682006836
2010-10-28,21.85007095336914
2010-10-29,21.813528060913086
2010-11-01,21.423782348632812
2010-11-02,21.923145294189453
2010-11-03,22.044944763183594
2010-11-04,22.37378692626953
2010-11-05,21.78917121887207
2010-11-08,21.70390510559082
2010-11-09,21.582115173339844
2010-11-10,21.460323333740234
2010-11-11,21.02185821533203
2010-11-12,20.924421310424805
2010-11-15,20.826988220214844
2010-11-16,20.36416244506836
2010-11-17,20.40070343017578
2010-11-18,20.851350784301758
2010-11-19,20.96095848083496
2010-11-22,20.425064086914062
2010-11-23,19.682111740112305
2010-11-24,19.81608772277832
2010-11-26,19.426340103149414
2010-11-29,18.87826156616211
2010-11-30,18.403263092041016
2010-12-01,19.14621353149414
2010-12-02,19.706472396850586
2010-12-03,20.010957717895508
2010-12-06,19.63339614868164
2010-12-07,19.65774917602539
2010-12-08,19.96224021911621
2010-12-09,20.010957717895508
2010-12-10,20.059675216674805
2010-12-13,20.36416244506836
2010-12-14,20.32762336730957
2010-12-15,19.8891658782959
2010-12-16,19.97442054748535
2010-12-17,19.621213912963867
2010-12-20,19.706472396850586
2010-12-21,20.02136993408203
2010-12-22,20.045879364013672
2010-12-23,20.03362464904785
2010-12-27,19.93560218811035
2010-12-28,19.862083435058594
2010-12-29,19.923349380493164
2010-12-30,19.83757209777832
2010-12-31,20.070384979248047
2011-01-03,20.14389991760254
2011-01-04,20.168407440185547
2011-01-05,20.1806583404541
2011-01-06,19.813074111938477
2011-01-07,19.76405906677246
2011-01-10,19.506746292114258
2011-01-11,19.617023468017578
2011-01-12,20.634021759033203
2011-01-13,20.903589248657227
2011-01-14,21.393705368041992
2011-01-18,21.442724227905273
2011-01-19,21.589754104614258
2011-01-20,21.78580093383789
2011-01-21,22.202404022216797
2011-01-24,22.37394905090332
2011-01-25,22.153392791748047
2011-01-26,22.226903915405273
2011-01-27,22.58224868774414
2011-01-28,21.81031036376953
2011-01-31,22.214651107788086
2011-02-01,22.937585830688477
2011-02-02,22.802799224853516
2011-02-03,22.61900520324707
2011-02-04,22.606754302978516
2011-02-07,22.606754302978516
2011-02-08,22.815048217773438
2011-02-09,22.827295303344727
2011-02-10,22.606754302978516
2011-02-11,22.741533279418945
2011-02-14,22.631258010864258
2011-02-15,22.606754302978516
2011-02-16,23.047853469848633
2011-02-17,23.170392990112305
2011-02-18,23.18263816833496
2011-02-22,21.883825302124023
2011-02-23,22.079872131347656
2011-02-24,22.177902221679688
2011-02-25,22.520973205566406
2011-02-28,22.68027114868164
2011-03-01,22.26366424560547
2011-03-02,22.655765533447266
2011-03-03,22.851808547973633
2011-03-04,22.59449577331543
2011-03-07,22.56999397277832
2011-03-08,22.766035079956055
2011-03-09,22.864065170288086
2011-03-10,22.177902221679688
2011-03-11,22.324932098388672
2011-03-14,22.337188720703125
2011-03-15,21.95734214782715
2011-03-16,21.001609802246094
2011-03-17,21.6755313873291
2011-03-18,21.994102478027344
2011-03-21,22.61900520324707
2011-03-22,22.49647331237793
2011-03-23,22.545482635498047
2011-03-24,22.99884796142578
2011-03-25,22.655765533447266
2011-03-28,22.68027114868164
2011-03-29,22.61900520324707
2011-03-30,22.974342346191406
2011-03-31,22.766035079956055
2011-04-01,22.925329208374023
2011-04-04,23.060110092163086
2011-04-05,23.011096954345703
2011-04-06,23.513477325439453
2011-04-07,23.427698135375977
2011-04-08,23.648258209228516
2011-04-11,23.599241256713867
2011-04-12,23.341928482055664
2011-04-13,23.341928482055664
2011-04-14,23.305173873901367
2011-04-15,23.133628845214844
2011-04-18,22.324932098388672
2011-04-19,22.557737350463867
2011-04-20,23.072364807128906
2011-04-21,23.317420959472656
2011-04-25,23.41544532775879
2011-04-26,23.709524154663086
2011-04-27,24.420196533203125
2011-04-28,24.554977416992188
2011-04-29,24.689756393432617
2011-05-02,24.38343620300293
2011-05-03,24.3466739654541
2011-05-04,24.003591537475586
2011-05-05,23.23164939880371
2011-05-06,22.925329208374023
2011-05-09,23.011096954345703
2011-05-10,23.37868881225586
2011-05-11,22.87631607055664
2011-05-12,22.937585830688477
2011-05-13,22.61900520324707
2011-05-16,22.557737350463867
2011-05-17,22.58224868774414
2011-05-18,22.717023849487305
2011-05-19,22.974342346191406
2011-05-20,22.19015121459961
2011-05-23,21.6755313873291
2011-05-24,21.749040603637695
2011-05-25,21.9695987701416
2011-05-26,22.079872131347656
2011-05-27,22.165647506713867
2011-05-31,22.839557647705078
2011-06-01,22.226903915405273
2011-06-02,22.520973205566406
2011-06-03,22.827295303344727
2011-06-06,22.202404022216797
2011-06-07,22.45970916748047
2011-06-08,22.079872131347656
2011-06-09,22.25141143798828
2011-06-10,21.540742874145508
2011-06-13,21.60200309753418
2011-06-14,22.104381561279297
2011-06-15,21.001609802246094
2011-06-16,20.98935317993164
2011-06-17,21.418210983276367
2011-06-20,21.246667861938477
2011-06-21,21.883825302124023
2011-06-22,21.512954711914062
2011-06-23,21.16213035583496
2011-06-24,20.473012924194336
2011-06-27,20.87395668029785
2011-06-28,21.13707733154297
2011-06-29,21.525482177734375
2011-06-30,22.064252853393555
2011-07-01,22.41507339477539
2011-07-05,21.976543426513672
2011-07-06,21.262367248535156
2011-07-07,21.40019416809082
2011-07-08,20.585777282714844
2011-07-11,19.307783126831055
2011-07-12,19.445608139038086
2011-07-13,19.909196853637695
2011-07-14,19.708717346191406
2011-07-15,19.721254348754883
2011-07-18,19.144899368286133
2011-07-19,19.608488082885742
2011-07-20,20.147253036499023
2011-07-21,21.08695411682129
2011-07-22,21.01177978515625
2011-07-25,20.56072235107422
2011-07-26,20.811311721801758
2011-07-27,19.884136199951172
2011-07-28,19.796430587768555
2011-07-29,19.78390121459961
2011-08-01,19.069725036621094
2011-08-02,18.330490112304688
2011-08-03,18.505903244018555
2011-08-04,16.952259063720703
2011-08-05,17.891963958740234
2011-08-08,16.300735473632812
2011-08-09,17.2279052734375
2011-08-10,15.799556732177734
2011-08-11,16.726728439331055
2011-08-12,17.215377807617188
2011-08-15,17.59125518798828
2011-08-16,17.140199661254883
2011-08-17,17.340669631958008
2011-08-18,16.213022232055664
2011-08-19,15.736908912658691
2011-08-22,16.150375366210938
2011-08-23,16.51373291015625
2011-08-24,16.51373291015625
2011-08-25,16.18796730041504
2011-08-26,16.338321685791016
2011-08-29,16.801908493041992
2011-08-30,16.651548385620117
2011-08-31,17.052488327026367
2011-09-01,16.776844024658203
2011-09-02,16.087732315063477
2011-09-06,15.248260498046875
2011-09-07,15.83714485168457
2011-09-08,15.511380195617676
2011-09-09,14.521557807922363
2011-09-12,14.22085189819336
2011-09-13,14.534085273742676
2011-09-14,15.022736549377441
2011-09-15,15.624141693115234
2011-09-16,15.361029624938965
2011-09-19,14.834794998168945
2011-09-20,14.847321510314941
2011-09-21,14.396265029907227
2011-09-22,13.920146942138672
2011-09-23,14.145676612854004
2011-09-26,14.67190933227539
2011-09-27,15.135502815246582
2011-09-28,14.935027122497559
2011-09-29,15.486320495605469
2011-09-30,14.884913444519043
2011-10-03,14.408793449401855
2011-10-04,14.834794998168945
2011-10-05,15.16055965423584
2011-10-06,15.699320793151855
2011-10-07,15.661733627319336
2011-10-10,16.701671600341797
2011-10-11,16.927200317382812
2011-10-12,17.252965927124023
2011-10-13,16.86455726623535
2011-10-14,17.415847778320312
2011-10-17,16.588905334472656
2011-10-18,17.127670288085938
2011-10-19,16.96478843688965
2011-10-20,16.714204788208008
2011-10-21,17.202850341796875
2011-10-24,17.37826156616211
2011-10-25,17.06502342224121
2011-10-26,17.29054832458496
2011-10-27,18.606138229370117
2011-10-28,18.117490768432617
2011-10-31,16.914669036865234
2011-11-01,15.736908912658691
2011-11-02,16.037612915039062
2011-11-03,16.914669036865234
2011-11-04,16.300735473632812
2011-11-07,16.6014347076416
2011-11-08,17.014904022216797
2011-11-09,15.411141395568848
2011-11-10,15.924847602844238
2011-11-11,16.588905334472656
2011-11-14,16.02508544921875
2011-11-15,15.98749828338623
2011-11-16,15.711848258972168
2011-11-17,15.473793029785156
2011-11-18,15.674263954162598
2011-11-21,15.16055965423584
2011-11-22,14.972617149353027
2011-11-23,14.296026229858398
2011-11-25,14.15820598602295
2011-11-28,15.035262107849121
2011-11-29,15.035262107849121
2011-11-30,15.974963188171387
2011-12-01,15.899795532226562
2011-12-02,15.98749828338623
2011-12-05,16.438554763793945
2011-12-06,16.47614288330078
2011-12-07,16.426023483276367
2011-12-08,15.423675537109375
2011-12-09,16.062673568725586
2011-12-12,15.273322105407715
2011-12-13,14.884913444519043
2011-12-14,14.57167911529541
2011-12-15,14.684438705444336
2011-12-16,14.621795654296875
2011-12-19,14.57167911529541
2011-12-20,15.248983383178711
2011-12-21,15.134618759155273
2011-12-22,15.401471138000488
2011-12-23,15.37606143951416
2011-12-27,15.2235689163208
2011-12-28,14.905882835388184
2011-12-29,15.248983383178711
2011-12-30,15.23628044128418
2012-01-03,15.884357452392578
2012-01-04,15.541255950927734
2012-01-05,14.84234619140625
2012-01-06,14.435702323913574
2012-01-09,14.34675407409668
2012-01-10,14.72797679901123
2012-01-11,14.766100883483887
2012-01-12,15.134618759155273
2012-01-13,14.77880859375
2012-01-17,15.083789825439453
2012-01-18,15.325231552124023
2012-01-19,15.808111190795898
2012-01-20,15.858946800231934
2012-01-23,16.113096237182617
2012-01-24,16.265581130981445
2012-01-25,16.532440185546875
2012-01-26,16.557857513427734
2012-01-27,16.49431800842285
2012-01-30,16.291000366210938
2012-01-31,16.456195831298828
2012-02-01,16.812007904052734
2012-02-02,16.850128173828125
2012-02-03,17.116987228393555
2012-02-06,16.850128173828125
2012-02-07,17.10428237915039
2012-02-08,17.371135711669922
2012-02-09,17.396549224853516
2012-02-10,16.888242721557617
2012-02-13,16.989912033081055
2012-02-14,16.850128173828125
2012-02-15,16.73575782775879
2012-02-16,16.977205276489258
2012-02-17,17.129690170288086
2012-02-21,17.231355667114258
2012-02-22,17.116987228393555
2012-02-23,17.10428237915039
2012-02-24,17.345722198486328
2012-02-27,17.0788631439209
2012-02-28,17.180526733398438
2012-02-29,16.989912033081055
2012-03-01,17.549043655395508
2012-03-02,17.371135711669922
2012-03-05,17.345722198486328
2012-03-06,16.532440185546875
2012-03-07,16.79929542541504
2012-03-08,17.282180786132812
2012-03-09,16.888242721557617
2012-03-12,16.964494705200195
2012-03-13,17.32030487060547
2012-03-14,17.129690170288086
2012-03-15,17.371135711669922
2012-03-16,17.485504150390625
2012-03-19,17.739654541015625
2012-03-20,17.472797393798828
2012-03-21,17.167814254760742
2012-03-22,16.9390811920166
2012-03-23,16.9390811920166
2012-03-26,17.294883728027344
2012-03-27,17.0788631439209
2012-03-28,16.964494705200195
2012-03-29,16.532440185546875
2012-03-30,16.621395111083984
2012-04-02,16.672225952148438
2012-04-03,16.189342498779297
2012-04-04,15.693748474121094
2012-04-05,15.452305793762207
2012-04-09,15.2235689163208
2012-04-10,14.626317977905273
2012-04-11,14.994832992553711
2012-04-12,15.337940216064453
2012-04-13,14.753392219543457
2012-04-16,14.816927909851074
2012-04-17,15.388766288757324
2012-04-18,14.918588638305664
2012-04-19,14.639026641845703
2012-04-20,14.905882835388184
2012-04-23,14.38487720489502
2012-04-24,14.626317977905273
2012-04-25,15.147324562072754
2012-04-26,15.210867881774902
2012-04-27,15.401471138000488
2012-04-30,15.248983383178711
2012-05-01,15.325231552124023
2012-05-02,14.829639434814453
2012-05-03,14.575489044189453
2012-05-04,14.334044456481934
2012-05-07,14.753392219543457
2012-05-08,14.473828315734863
2012-05-09,14.079894065856934
2012-05-10,14.25779914855957
2012-05-11,14.232390403747559
2012-05-14,13.825745582580566
2012-05-15,13.330150604248047
2012-05-16,13.215785026550293
2012-05-17,13.037881851196289
2012-05-18,13.114128112792969
2012-05-21,13.52076530456543
2012-05-22,13.558887481689453
2012-05-23,13.330150604248047
2012-05-24,13.20307731628418
2012-05-25,13.20307731628418
2012-05-29,13.20307731628418
2012-05-30,12.74560832977295
2012-05-31,12.859978675842285
2012-06-01,12.656658172607422
2012-06-04,13.050592422485352
2012-06-05,13.063292503356934
2012-06-06,13.609720230102539
2012-06-07,13.635135650634766
2012-06-08,13.597012519836426
2012-06-11,13.025175094604492
2012-06-12,13.126834869384766
2012-06-13,13.012466430664062
2012-06-14,13.3174467086792
2012-06-15,13.660550117492676
2012-06-18,13.292032241821289
2012-06-19,13.800329208374023
2012-06-20,14.054485321044922
2012-06-21,13.683771133422852
2012-06-22,13.904891967773438
2012-06-25,13.215502738952637
2012-06-26,13.215502738952637
2012-06-27,13.449638366699219
2012-06-28,13.566701889038086
2012-06-29,14.711356163024902
2012-07-02,14.698346138000488
2012-07-03,14.841425895690918
2012-07-05,14.139031410217285
2012-07-06,13.735799789428711
2012-07-09,13.826850891113281
2012-07-10,13.696778297424316
2012-07-11,13.800835609436035
2012-07-12,13.51467227935791
2012-07-13,13.696778297424316
2012-07-16,13.618734359741211
2012-07-17,13.631742477416992
2012-07-18,13.605727195739746
2012-07-19,13.670762062072754
2012-07-20,12.942352294921875
2012-07-23,12.56513500213623
2012-07-24,12.070854187011719
2012-07-25,12.344008445739746
2012-07-26,13.150468826293945
2012-07-27,13.787830352783203
2012-07-30,13.865877151489258
2012-07-31,13.709783554077148
2012-08-01,13.709783554077148
2012-08-02,13.111446380615234
2012-08-03,14.152036666870117
2012-08-06,14.438199043273926
2012-08-07,14.750374794006348
2012-08-08,14.711356163024902
2012-08-09,14.555265426635742
2012-08-10,14.607297897338867
2012-08-13,14.555265426635742
2012-08-14,14.594286918640137
2012-08-15,14.620304107666016
2012-08-16,14.95849609375
2012-08-17,15.101576805114746
2012-08-20,14.98451042175293
2012-08-21,15.30969524383545
2012-08-22,15.36172103881836
2012-08-23,15.101576805114746
2012-08-24,14.997517585754395
2012-08-27,15.075560569763184
2012-08-28,15.179619789123535
2012-08-29,15.127593040466309
2012-08-30,14.841425895690918
2012-08-31,15.257662773132324
2012-09-04,15.400745391845703
2012-09-05,15.283679008483887
2012-09-06,16.1031436920166
2012-09-07,16.62343978881836
2012-09-10,16.32427215576172
2012-09-11,16.6884765625
2012-09-12,16.90960121154785
2012-09-13,17.31283187866211
2012-09-14,17.416887283325195
2012-09-17,17.35185432434082
2012-09-18,16.844566345214844
2012-09-19,16.93561553955078
2012-09-20,16.519378662109375
2012-09-21,16.58441734313965
2012-09-24,16.62343978881836
2012-09-25,16.376300811767578
2012-09-26,16.01209259033203
2012-09-27,16.246225357055664
2012-09-28,15.647887229919434
2012-10-01,15.960064888000488
2012-10-02,16.12915802001953
2012-10-03,16.11614990234375
2012-10-04,16.32427215576172
2012-10-05,16.558399200439453
2012-10-08,16.32427215576172
2012-10-09,16.025096893310547
2012-10-10,15.986074447631836
2012-10-11,16.142166137695312
2012-10-12,16.12915802001953
2012-10-15,16.350282669067383
2012-10-16,16.870580673217773
2012-10-17,17.19576072692871
2012-10-18,16.97463607788086
2012-10-19,16.519378662109375
2012-10-22,16.753511428833008
2012-10-23,16.272239685058594
2012-10-24,16.272239685058594
2012-10-25,16.168180465698242
2012-10-26,16.272239685058594
2012-10-31,16.2202091217041
2012-11-01,16.532386779785156
2012-11-02,16.168180465698242
2012-11-05,15.986074447631836
2012-11-06,16.233219146728516
2012-11-07,15.895023345947266
2012-11-08,15.517809867858887
2012-11-09,15.504802703857422
2012-11-12,15.595858573913574
2012-11-13,15.569844245910645
2012-11-14,15.543828010559082
2012-11-15,15.595858573913574
2012-11-16,15.37473201751709
2012-11-19,15.88201904296875
2012-11-20,15.856003761291504
2012-11-21,15.960064888000488
2012-11-23,16.40231704711914
2012-11-26,16.32427215576172
2012-11-27,16.064123153686523
2012-11-28,16.259233474731445
2012-11-29,16.610431671142578
2012-11-30,16.58441734313965
2012-12-03,16.63644790649414
2012-12-04,16.922609329223633
2012-12-05,16.766521453857422
2012-12-06,16.58441734313965
2012-12-07,16.350282669067383
2012-12-10,16.064123153686523
2012-12-11,16.350282669067383
2012-12-12,16.545392990112305
2012-12-13,16.610431671142578
2012-12-14,16.81854820251465
2012-12-17,17.05268096923828
2012-12-18,17.23826789855957
2012-12-19,17.329748153686523
2012-12-20,17.486581802368164
2012-12-21,17.408161163330078
2012-12-24,17.2774715423584
2012-12-26,17.303611755371094
2012-12-27,17.51271629333496
2012-12-28,17.199064254760742
2012-12-31,17.578067779541016
2013-01-02,17.85251808166504
2013-01-03,17.63033676147461
2013-01-04,17.865585327148438
2013-01-07,17.708757400512695
2013-01-08,17.747961044311523
2013-01-09,18.035484313964844
2013-01-10,18.571325302124023
2013-01-11,18.68895149230957
2013-01-14,18.545185089111328
2013-01-15,18.636667251586914
2013-01-16,18.37528419494629
2013-01-17,18.715084075927734
2013-01-18,18.702014923095703
2013-01-22,18.85884666442871
2013-01-23,18.702014923095703
2013-01-24,18.78043556213379
2013-01-25,19.041812896728516
2013-01-28,19.094091415405273
2013-01-29,18.806568145751953
2013-01-30,18.545185089111328
2013-01-31,18.558252334594727
2013-02-01,18.675874710083008
2013-02-04,17.591135025024414
2013-02-05,17.865585327148438
2013-02-06,17.787168502807617
2013-02-07,17.368955612182617
2013-02-08,17.525787353515625
2013-02-11,17.368955612182617
2013-02-12,17.53885841369629
2013-02-13,17.64341163635254
2013-02-14,17.35588836669922
2013-02-15,17.264404296875
2013-02-19,17.51271629333496
2013-02-20,17.146780014038086
2013-02-21,16.55866813659668
2013-02-22,16.91153907775879
2013-02-25,15.944416046142578
2013-02-26,16.062034606933594
2013-02-27,16.375694274902344
2013-02-28,16.258073806762695
2013-03-01,16.009767532348633
2013-03-04,15.983619689941406
2013-03-05,16.245006561279297
2013-03-06,16.29728126525879
2013-03-07,16.480253219604492
2013-03-08,16.480253219604492
2013-03-11,16.49332046508789
2013-03-12,16.375694274902344
2013-03-13,16.140453338623047
2013-03-14,16.44104766845703
2013-03-15,16.44104766845703
2013-03-18,16.048965454101562
2013-03-19,15.918278694152832
2013-03-20,16.2188663482666
2013-03-21,16.075105667114258
2013-03-22,16.41490936279297
2013-03-25,15.748373031616211
2013-03-26,15.61768627166748
2013-03-27,15.317096710205078
2013-03-28,15.421647071838379
2013-04-01,15.19947338104248
2013-04-02,15.382441520690918
2013-04-03,15.147194862365723
2013-04-04,15.343233108520508
2013-04-05,15.539270401000977
2013-04-08,15.486993789672852
2013-04-09,15.748373031616211
2013-04-10,16.166593551635742
2013-04-11,16.2319393157959
2013-04-12,16.166593551635742
2013-04-15,15.526200294494629
2013-04-16,15.93134593963623
2013-04-17,15.669963836669922
2013-04-18,15.68303108215332
2013-04-19,15.944416046142578
2013-04-22,16.336490631103516
2013-04-23,16.74163818359375
2013-04-24,16.74163818359375
2013-04-25,16.75470542907715
2013-04-26,16.820051193237305
2013-04-29,17.2774715423584
2013-04-30,17.185991287231445
2013-05-01,16.95074462890625
2013-05-02,17.016088485717773
2013-05-03,17.212125778198242
2013-05-06,17.159849166870117
2013-05-07,17.368955612182617
2013-05-08,17.656476974487305
2013-05-09,17.251333236694336
2013-05-10,17.525787353515625
2013-05-13,17.368955612182617
2013-05-14,17.460439682006836
2013-05-15,17.578067779541016
2013-05-16,17.51271629333496
2013-05-17,17.63033676147461
2013-05-20,17.813316345214844
2013-05-21,17.747961044311523
2013-05-22,17.499649047851562
2013-05-23,17.408161163330078
2013-05-24,17.342819213867188
2013-05-28,17.617271423339844
2013-05-29,17.617271423339844
2013-05-30,17.85251808166504
2013-05-31,17.395097732543945
2013-06-03,17.695688247680664
2013-06-04,17.591135025024414
2013-06-05,17.408161163330078
2013-06-06,17.329748153686523
2013-06-07,17.38202667236328
2013-06-10,17.264404296875
2013-06-11,17.029159545898438
2013-06-12,16.74163818359375
2013-06-13,17.09450340270996
2013-06-14,16.715497970581055
2013-06-17,17.016088485717773
2013-06-18,17.09450340270996
2013-06-19,16.61094093322754
2013-06-20,16.048965454101562
2013-06-21,15.86600112915039
2013-06-24,15.905206680297852
2013-06-25,15.826789855957031
2013-06-26,15.957486152648926
2013-06-27,15.964156150817871
2013-06-28,15.750764846801758
2013-07-01,16.004165649414062
2013-07-02,15.697419166564941
2013-07-03,15.750764846801758
2013-07-05,15.937478065490723
2013-07-08,16.110858917236328
2013-07-09,16.017499923706055
2013-07-10,16.110858917236328
2013-07-11,16.457612991333008
2013-07-12,15.977487564086914
2013-07-15,16.17754364013672
2013-07-16,16.17754364013672
2013-07-17,16.3109073638916
2013-07-18,16.671003341674805
2013-07-19,16.751026153564453
2013-07-22,16.937742233276367
2013-07-23,17.031095504760742
2013-07-24,17.27115821838379
2013-07-25,17.457870483398438
2013-07-26,17.457870483398438
2013-07-29,17.231151580810547
2013-07-30,17.33784294128418
2013-07-31,17.33784294128418
2013-08-01,17.73794937133789
2013-08-02,17.724611282348633
2013-08-05,17.657922744750977
2013-08-06,17.57790756225586
2013-08-07,17.764619827270508
2013-08-08,18.138051986694336
2013-08-09,18.244749069213867
2013-08-12,18.151386260986328
2013-08-13,18.4047908782959
2013-08-14,18.378114700317383
2013-08-15,18.391450881958008
2013-08-16,18.644851684570312
2013-08-19,18.08470344543457
2013-08-20,18.031356811523438
2013-08-21,17.871315002441406
2013-08-22,18.298097610473633
2013-08-23,18.4047908782959
2013-08-26,17.924667358398438
2013-08-27,17.484546661376953
2013-08-28,17.71126937866211
2013-08-29,17.604581832885742
2013-08-30,17.391193389892578
2013-09-03,17.73794937133789
2013-09-04,17.59123992919922
2013-09-05,17.68460464477539
2013-09-06,17.84464454650879
2013-09-09,18.178062438964844
2013-09-10,18.164731979370117
2013-09-11,18.551494598388672
2013-09-12,18.378114700317383
2013-09-13,18.43145751953125
2013-09-16,18.578166961669922
2013-09-17,18.698198318481445
2013-09-18,19.32502555847168
2013-09-19,19.204999923706055
2013-09-20,19.13831329345703
2013-09-23,19.1916561126709
2013-09-24,19.24500846862793
2013-09-25,19.351703643798828
2013-09-26,19.218332290649414
2013-09-27,18.951597213745117
2013-09-30,18.83156394958496
2013-10-01,19.311689376831055
2013-10-02,19.605104446411133
2013-10-03,19.485071182250977
2013-10-04,19.738468170166016
2013-10-07,19.778480529785156
2013-10-08,19.685121536254883
2013-10-09,19.95185661315918
2013-10-10,20.298614501953125
2013-10-11,20.351964950561523
2013-10-14,20.458654403686523
2013-10-15,20.285282135009766
2013-10-16,20.65870475769043
2013-10-17,20.912109375
2013-10-18,20.992124557495117
2013-10-21,20.898773193359375
2013-10-22,21.09882164001465
2013-10-23,20.72538948059082
2013-10-24,20.9654541015625
2013-10-25,20.698719024658203
2013-10-28,20.65870475769043
2013-10-29,21.0188045501709
2013-10-30,20.858762741088867
2013-10-31,20.898773193359375
2013-11-01,20.605361938476562
2013-11-04,20.778738021850586
2013-11-05,20.471994400024414
2013-11-06,20.698719024658203
2013-11-07,19.938520431518555
2013-11-08,20.138568878173828
2013-11-11,20.271940231323242
2013-11-12,20.21859359741211
2013-11-13,20.25860595703125
2013-11-14,20.111900329589844
2013-11-15,20.138568878173828
2013-11-18,20.405305862426758
2013-11-19,20.19192123413086
2013-11-20,19.978532791137695
2013-11-21,20.25860595703125
2013-11-22,20.418642044067383
2013-11-25,20.16524887084961
2013-11-26,20.25860595703125
2013-11-27,20.298614501953125
2013-11-29,20.44532012939453
2013-12-02,20.031877517700195
2013-12-03,19.778480529785156
2013-12-04,19.738468170166016
2013-12-05,19.431720733642578
2013-12-06,19.725135803222656
2013-12-09,19.845165252685547
2013-12-10,19.871841430664062
2013-12-11,19.56509017944336
2013-12-12,19.351703643798828
2013-12-13,19.40505027770996
2013-12-16,19.8184871673584
2013-12-17,19.605104446411133
2013-12-18,19.93534278869629
2013-12-19,20.029314041137695
2013-12-20,20.163557052612305
2013-12-23,20.432048797607422
2013-12-24,20.55286407470703
2013-12-26,20.660266876220703
2013-12-27,20.70054054260254
2013-12-30,20.84820556640625
2013-12-31,20.928752899169922
2014-01-02,20.579715728759766
2014-01-03,20.646839141845703
2014-01-06,20.83478355407715
2014-01-07,21.116695404052734
2014-01-08,20.95560073852539
2014-01-09,21.156972885131836
2014-01-10,21.37175941467285
2014-01-13,21.04957389831543
2014-01-14,21.385183334350586
2014-01-15,21.707372665405273
2014-01-16,21.6268253326416
2014-01-17,21.492584228515625
2014-01-21,21.680522918701172
2014-01-22,21.5999755859375
2014-01-23,21.6268253326416
2014-01-24,20.95560073852539
2014-01-27,20.91533088684082
2014-01-28,21.33148765563965
2014-01-29,21.009302139282227
2014-01-30,21.0898494720459
2014-01-31,20.861629486083984
2014-02-03,20.190410614013672
2014-02-04,20.55286407470703
2014-02-05,20.660266876220703
2014-02-06,21.291215896606445
2014-02-07,21.573129653930664
2014-02-10,21.412038803100586
2014-02-11,21.707372665405273
2014-02-12,21.828187942504883
2014-02-13,22.02956199645996
2014-02-14,22.32489776611328
2014-02-18,22.392019271850586
2014-02-19,22.163801193237305
2014-02-20,22.365171432495117
2014-02-21,22.27120018005371
2014-02-24,22.284629821777344
2014-02-25,22.298051834106445
2014-02-26,22.056407928466797
2014-02-27,22.163801193237305
2014-02-28,22.284629821777344
2014-03-03,21.54627799987793
2014-03-04,22.27120018005371
2014-03-05,22.5933895111084
2014-03-06,22.95585060119629
2014-03-07,22.942428588867188
2014-03-10,22.96927833557129
2014-03-11,22.875301361083984
2014-03-12,22.942428588867188
2014-03-13,22.365171432495117
2014-03-14,22.432289123535156
2014-03-17,23.063247680664062
2014-03-18,23.237762451171875
2014-03-19,22.83502960205078
2014-03-20,22.982704162597656
2014-03-21,22.687358856201172
2014-03-24,22.82160186767578
2014-03-25,23.03639793395996
2014-03-26,23.04982566833496
2014-03-27,23.170637130737305
2014-03-28,23.533100128173828
2014-03-31,23.77474021911621
2014-04-01,24.11035919189453
2014-04-02,23.761316299438477
2014-04-03,24.002958297729492
2014-04-04,23.908987045288086
2014-04-07,24.002958297729492
2014-04-08,23.801589965820312
2014-04-09,24.083505630493164
2014-04-10,23.34515380859375
2014-04-11,23.34515380859375
2014-04-14,23.533100128173828
2014-04-15,23.184062957763672
2014-04-16,23.855287551879883
2014-04-17,23.895559310913086
2014-04-21,23.98953628540039
2014-04-22,24.204326629638672
2014-04-23,24.002958297729492
2014-04-24,24.056652069091797
2014-04-25,23.788164138793945
2014-04-28,23.828441619873047
2014-04-29,24.16404914855957
2014-04-30,24.21774673461914
2014-05-01,24.190900802612305
2014-05-02,24.11035919189453
2014-05-05,23.976106643676758
2014-05-06,23.895559310913086
2014-05-07,23.667341232299805
2014-05-08,23.788164138793945
2014-05-09,23.398853302001953
2014-05-12,23.465980529785156
2014-05-13,23.184062957763672
2014-05-14,23.022974014282227
2014-05-15,22.32489776611328
2014-05-16,22.56653594970703
2014-05-19,22.445722579956055
2014-05-20,22.365171432495117
2014-05-21,22.660511016845703
2014-05-22,22.33832359313965
2014-05-23,22.74105453491211
2014-05-27,23.452550888061523
2014-05-28,23.546527862548828
2014-05-29,23.613645553588867
2014-05-30,23.734468460083008
2014-06-02,23.908987045288086
2014-06-03,23.721040725708008
2014-06-04,23.707616806030273
2014-06-05,24.258024215698242
2014-06-06,24.64733123779297
2014-06-09,24.754732131958008
2014-06-10,24.56678581237793
2014-06-11,24.16404914855957
2014-06-12,24.11035919189453
2014-06-13,24.11035919189453
2014-06-16,24.0969295501709
2014-06-17,24.137203216552734
2014-06-18,24.39226531982422
2014-06-19,24.445966720581055
2014-06-20,24.204326629638672
2014-06-23,24.002958297729492
2014-06-24,23.828441619873047
2014-06-25,23.87744903564453
2014-06-26,23.75492286682129
2014-06-27,23.700477600097656
2014-06-30,23.65963363647461
2014-07-01,23.986347198486328
2014-07-02,24.081642150878906
2014-07-03,24.176937103271484
2014-07-07,23.577957153320312
2014-07-08,23.04704475402832
2014-07-09,23.251245498657227
2014-07-10,22.815624237060547
2014-07-11,22.924524307250977
2014-07-14,22.856464385986328
2014-07-15,22.570587158203125
2014-07-16,23.142337799072266
2014-07-17,22.420841217041016
2014-07-18,22.856464385986328
2014-07-21,22.47529411315918
2014-07-22,22.733945846557617
2014-07-23,22.8020076751709
2014-07-24,23.224018096923828
2014-07-25,23.101497650146484
2014-07-28,22.978979110717773
2014-07-29,22.883684158325195
2014-07-30,22.8020076751709
2014-07-31,22.243865966796875
2014-08-01,22.107738494873047
2014-08-04,22.366390228271484
2014-08-05,21.427080154418945
2014-08-06,21.182048797607422
2014-08-07,20.5966796875
2014-08-08,21.005075454711914
2014-08-11,20.95062255859375
2014-08-12,21.01868438720703
2014-08-13,21.073139190673828
2014-08-14,21.04591178894043
2014-08-15,20.991464614868164
2014-08-18,21.277339935302734
2014-08-19,21.154817581176758
2014-08-20,21.059528350830078
2014-08-21,21.467924118041992
2014-08-22,21.399852752685547
2014-08-25,21.781023025512695
2014-08-26,21.930767059326172
2014-08-27,22.094120025634766
2014-08-28,21.726573944091797
2014-08-29,21.74018669128418
2014-09-02,21.74018669128418
2014-09-03,22.08051300048828
2014-09-04,22.31193733215332
2014-09-05,22.434452056884766
2014-09-08,22.148582458496094
2014-09-09,22.107738494873047
2014-09-10,22.107738494873047
2014-09-11,22.094120025634766
2014-09-12,21.998838424682617
2014-09-15,21.862699508666992
2014-09-16,21.917150497436523
2014-09-17,22.053285598754883
2014-09-18,21.998838424682617
2014-09-19,21.685728073120117
2014-09-22,21.535987854003906
2014-09-23,21.25010871887207
2014-09-24,21.467924118041992
2014-09-25,21.059528350830078
2014-09-26,21.508764266967773
2014-09-29,21.222885131835938
2014-09-30,21.359012603759766
2014-10-01,21.073139190673828
2014-10-02,20.555845260620117
2014-10-03,20.555845260620117
2014-10-06,20.5966796875
2014-10-07,20.106611251831055
2014-10-08,20.583070755004883
2014-10-09,19.752668380737305
2014-10-10,19.602924346923828
2014-10-13,19.50762939453125
2014-10-14,19.54846954345703
2014-10-15,19.208141326904297
2014-10-16,18.82697105407715
2014-10-17,19.317045211791992
2014-10-20,19.357887268066406
2014-10-21,19.779890060424805
2014-10-22,19.575698852539062
2014-10-23,19.916019439697266
2014-10-24,20.215513229370117
2014-10-27,19.67098617553711
2014-10-28,20.24273681640625
2014-10-29,19.793502807617188
2014-10-30,19.820728302001953
2014-10-31,20.283578872680664
2014-11-03,19.766277313232422
2014-11-04,19.50762939453125
2014-11-05,19.725439071655273
2014-11-06,19.534854888916016
2014-11-07,19.439565658569336
2014-11-10,19.521244049072266
2014-11-11,19.643762588500977
2014-11-12,19.11284637451172
2014-11-13,19.194530487060547
2014-11-14,19.425949096679688
2014-11-17,19.616533279418945
2014-11-18,19.875185012817383
2014-11-19,19.875185012817383
2014-11-20,19.616533279418945
2014-11-21,20.13383674621582
2014-11-24,20.351638793945312
2014-11-25,20.406095504760742
2014-11-26,20.392484664916992
2014-11-28,20.256345748901367
2014-12-01,20.06576919555664
2014-12-02,20.06576919555664
2014-12-03,20.106611251831055
2014-12-04,19.766277313232422
2014-12-05,20.16106605529785
2014-12-08,19.997705459594727
2014-12-09,19.71182632446289
2014-12-10,19.330657958984375
2014-12-11,19.167301177978516
2014-12-12,18.704456329345703
2014-12-15,18.336898803710938
2014-12-16,18.690839767456055
2014-12-17,18.877283096313477
2014-12-18,19.13775634765625
2014-12-19,19.01436996459961
2014-12-22,19.0692081451416
2014-12-23,19.151460647583008
2014-12-24,19.26113510131836
2014-12-26,19.27484703063965
2014-12-29,18.945825576782227
2014-12-30,18.79503059387207
2014-12-31,18.644229888916016
2015-01-02,18.68535804748535
2015-01-05,17.73943328857422
2015-01-06,17.547510147094727
2015-01-07,17.725727081298828
2015-01-08,17.958786010742188
2015-01-09,17.629764556884766
2015-01-12,17.64347267150879
2015-01-13,17.780561447143555
2015-01-14,17.780561447143555
2015-01-15,17.76685333251953
2015-01-16,18.246673583984375
2015-01-20,18.603099822998047
2015-01-21,18.932117462158203
2015-01-22,19.16516876220703
2015-01-23,18.68535804748535
2015-01-26,19.11033821105957
2015-01-27,19.13775634765625
2015-01-28,18.548267364501953
2015-01-29,19.124042510986328
2015-01-30,18.79503059387207
2015-02-02,19.000667572021484
2015-02-03,19.69982147216797
2015-02-04,19.17888069152832
2015-02-05,19.453060150146484
2015-02-06,18.98695945739746
2015-02-09,18.767610549926758
2015-02-10,19.151460647583008
2015-02-11,19.000667572021484
2015-02-12,19.72724151611328
2015-02-13,19.795785903930664
2015-02-17,19.987712860107422
2015-02-18,20.19334602355957
2015-02-19,20.124801635742188
2015-02-20,20.632036209106445
2015-02-23,20.398977279663086
2015-02-24,20.536067962646484
2015-02-25,20.385271072387695
2015-02-26,20.289308547973633
2015-02-27,20.398977279663086
2015-03-02,20.467525482177734
2015-03-03,20.17963409423828
2015-03-04,20.04254913330078
2015-03-05,20.124801635742188
2015-03-06,19.686113357543945
2015-03-09,19.960290908813477
2015-03-10,19.453060150146484
2015-03-11,19.64498519897461
2015-03-12,19.795785903930664
2015-03-13,19.521602630615234
2015-03-16,19.782081604003906
2015-03-17,19.69982147216797
2015-03-18,19.864328384399414
2015-03-19,19.69982147216797
2015-03-20,20.330434799194336
2015-03-23,20.508655548095703
2015-03-24,20.67315673828125
2015-03-25,20.61832618713379
2015-03-26,20.371564865112305
2015-03-27,20.4263973236084
2015-03-30,20.536067962646484
2015-03-31,20.289308547973633
2015-04-01,20.549779891967773
2015-04-02,20.700580596923828
2015-04-06,20.961050033569336
2015-04-07,20.87879753112793
2015-04-08,20.837665557861328
2015-04-09,20.7828311920166
2015-04-10,20.68687629699707
2015-04-13,20.549779891967773
2015-04-14,20.700580596923828
2015-04-15,20.90621566772461
2015-04-16,20.72800064086914
2015-04-17,20.35785675048828
2015-04-20,20.398977279663086
2015-04-21,20.440107345581055
2015-04-22,20.48123550415039
2015-04-23,20.61832618713379
2015-04-24,20.810253143310547
2015-04-27,21.070724487304688
2015-04-28,21.12555694580078
2015-04-29,20.87879753112793
2015-04-30,20.933631896972656
2015-05-01,21.24894142150879
2015-05-04,21.152976989746094
2015-05-05,20.61832618713379
2015-05-06,20.892505645751953
2015-05-07,20.90621566772461
2015-05-08,21.42715835571289
2015-05-11,21.20781135559082
2015-05-12,21.194101333618164
2015-05-13,21.44086456298828
2015-05-14,21.89326286315918
2015-05-15,22.002931594848633
2015-05-18,21.783592224121094
2015-05-19,21.75617218017578
2015-05-20,21.75617218017578
2015-05-21,21.824716567993164
2015-05-22,21.632793426513672
2015-05-26,21.002178192138672
2015-05-27,21.454570770263672
2015-05-28,21.523120880126953
2015-05-29,21.331188201904297
2015-06-01,21.24894142150879
2015-06-02,21.64649772644043
2015-06-03,21.879554748535156
2015-06-04,21.509408950805664
2015-06-05,21.002178192138672
2015-06-08,20.947341918945312
2015-06-09,20.933631896972656
2015-06-10,21.605371475219727
2015-06-11,21.673913955688477
2015-06-12,21.317485809326172
2015-06-15,20.9199161529541
2015-06-16,20.865087509155273
2015-06-17,20.769123077392578
2015-06-18,21.20781135559082
2015-06-19,21.262649536132812
2015-06-22,22.030351638793945
2015-06-23,21.948097229003906
2015-06-24,21.64649772644043
2015-06-25,21.850210189819336
2015-06-26,22.01764678955078
2015-06-29,20.775842666625977
2015-06-30,20.775842666625977
2015-07-01,21.054901123046875
2015-07-02,20.90141487121582
2015-07-06,19.757280349731445
2015-07-07,19.617753982543945
2015-07-08,19.63170623779297
2015-07-09,20.231674194335938
2015-07-10,21.34790802001953
2015-07-13,21.15256690979004
2015-07-14,21.222332000732422
2015-07-15,21.292095184326172
2015-07-16,21.585107803344727
2015-07-17,21.515342712402344
2015-07-20,21.710681915283203
2015-07-21,21.654870986938477
2015-07-22,21.59906005859375
2015-07-23,21.585107803344727
2015-07-24,21.41767120361328
2015-07-27,20.985132217407227
2015-07-28,21.571151733398438
2015-07-29,21.389766693115234
2015-07-30,21.361858367919922
2015-07-31,21.59906005859375
2015-08-03,21.59906005859375
2015-08-04,21.389766693115234
2015-08-05,21.640918731689453
2015-08-06,21.654870986938477
2015-08-07,21.76649284362793
2015-08-10,22.157175064086914
2015-08-11,21.961833953857422
2015-08-12,21.83625602722168
2015-08-13,21.8083553314209
2015-08-14,21.76649284362793
2015-08-17,21.780445098876953
2015-08-18,21.557201385498047
2015-08-19,21.445579528808594
2015-08-20,20.775842666625977
2015-08-21,20.399112701416016
2015-08-24,19.71541976928711
2015-08-25,20.064247131347656
2015-08-26,20.70607566833496
2015-08-27,20.943279266357422
2015-08-28,20.73398208618164
2015-08-31,20.6502628326416
2015-09-01,20.120054244995117
2015-09-02,20.41306495666504
2015-09-03,20.482831954956055
2015-09-04,19.980520248413086
2015-09-08,20.67816925048828
2015-09-09,20.41306495666504
2015-09-10,20.7897891998291
2015-09-11,20.761886596679688
2015-09-14,20.440969467163086
2015-09-15,20.747934341430664
2015-09-16,20.90141487121582
2015-09-17,21.110708236694336
2015-09-18,20.31539535522461
2015-09-21,20.357255935668945
2015-09-22,19.79914093017578
2015-09-23,19.67356300354004
2015-09-24,19.63170623779297
2015-09-25,19.79914093017578
2015-09-28,19.36659812927246
2015-09-29,19.506126403808594
2015-09-30,19.980520248413086
2015-10-01,19.9107608795166
2015-10-02,20.46887969970703
2015-10-05,20.761886596679688
2015-10-06,20.859560012817383
2015-10-07,20.957231521606445
2015-10-08,21.138612747192383
2015-10-09,21.2502384185791
2015-10-12,20.985132217407227
2015-10-13,20.985132217407227
2015-10-14,21.068849563598633
2015-10-15,21.41767120361328
2015-10-16,21.30605125427246
2015-10-19,21.30605125427246
2015-10-20,21.18047332763672
2015-10-21,21.026987075805664
2015-10-22,21.19442367553711
2015-10-23,21.08280372619629
2015-10-26,20.957231521606445
2015-10-27,20.720029830932617
2015-10-28,20.90141487121582
2015-10-29,20.692121505737305
2015-10-30,20.664216995239258
2015-11-02,20.859560012817383
2015-11-03,20.73398208618164
2015-11-04,20.329347610473633
2015-11-05,20.245628356933594
2015-11-06,20.37120819091797
2015-11-09,20.05029296875
2015-11-10,20.16191291809082
2015-11-11,20.064247131347656
2015-11-12,19.589845657348633
2015-11-13,19.56193733215332
2015-11-16,19.74332618713379
2015-11-17,19.70146942138672
2015-11-18,19.7712345123291
2015-11-19,19.81308937072754
2015-11-20,19.617753982543945
2015-11-23,19.71541976928711
2015-11-24,19.603803634643555
2015-11-25,19.827043533325195
2015-11-27,20.05029296875
2015-11-30,20.078195571899414
2015-12-01,20.120054244995117
2015-12-02,19.81308937072754
2015-12-03,19.966571807861328
2015-12-04,20.259584426879883
2015-12-07,19.980520248413086
2015-12-08,19.57589340209961
2015-12-09,19.64565658569336
2015-12-10,19.520084381103516
2015-12-11,19.157304763793945
2015-12-14,19.101497650146484
2015-12-15,19.380556106567383
2015-12-16,19.617753982543945
2015-12-17,19.35264778137207
2015-12-18,19.12940216064453
2015-12-21,19.314144134521484
2015-12-22,19.454099655151367
2015-12-23,19.748010635375977
2015-12-24,19.720020294189453
2015-12-28,19.692026138305664
2015-12-29,19.831987380981445
2015-12-30,19.53807258605957
2015-12-31,19.23016929626465
2016-01-04,18.95025634765625
2016-01-05,18.894269943237305
2016-01-06,18.39042091369629
2016-01-07,18.19448471069336
2016-01-08,18.05452537536621
2016-01-11,18.01253890991211
2016-01-12,18.19448471069336
2016-01-13,17.942554473876953
2016-01-14,18.13850212097168
2016-01-15,17.41071891784668
2016-01-19,17.10281753540039
2016-01-20,16.486997604370117
2016-01-21,16.96285629272461
2016-01-22,17.228776931762695
2016-01-25,16.766916275024414
2016-01-26,17.144800186157227
2016-01-27,16.864887237548828
2016-01-28,16.654953002929688
2016-01-29,16.89287567138672
2016-02-01,16.83689308166504
2016-02-02,16.19308853149414
2016-02-03,16.263065338134766
2016-02-04,16.459009170532227
2016-02-05,16.025136947631836
2016-02-08,15.451312065124512
2016-02-09,15.087425231933594
2016-02-10,15.5212984085083
2016-02-11,15.05943489074707
2016-02-12,15.493302345275879
2016-02-16,15.871188163757324
2016-02-17,16.13710594177246
2016-02-18,15.759221076965332
2016-02-19,15.6192626953125
2016-02-22,16.067123413085938
2016-02-23,15.675247192382812
2016-02-24,15.591272354125977
2016-02-25,15.801209449768066
2016-02-26,15.843195915222168
2016-02-29,15.787209510803223
2016-03-01,16.3470458984375
2016-03-02,16.486997604370117
2016-03-03,16.822898864746094
2016-03-04,16.72492790222168
2016-03-07,16.57097816467285
2016-03-08,16.52899169921875
2016-03-09,16.626956939697266
2016-03-10,16.87888526916504
2016-03-11,17.70462989807129
2016-03-14,17.522689819335938
2016-03-15,17.368732452392578
2016-03-16,17.536678314208984
2016-03-17,17.536678314208984
2016-03-18,17.438711166381836
2016-03-21,17.522689819335938
2016-03-22,17.466705322265625
2016-03-23,17.074819564819336
2016-03-24,16.934864044189453
2016-03-28,17.032835006713867
2016-03-29,17.13080596923828
2016-03-30,17.312753677368164
2016-03-31,17.074819564819336
2016-04-01,16.85089111328125
2016-04-04,16.626956939697266
2016-04-05,16.109115600585938
2016-04-06,16.37503433227539
2016-04-07,15.787209510803223
2016-04-08,16.459009170532227
2016-04-11,16.668941497802734
2016-04-12,16.52899169921875
2016-04-13,16.9488582611084
2016-04-14,17.01883888244629
2016-04-15,17.032835006713867
2016-04-18,17.298751831054688
2016-04-19,17.424715042114258
2016-04-20,17.536678314208984
2016-04-21,17.536678314208984
2016-04-22,17.50868797302246
2016-04-25,17.284757614135742
2016-04-26,17.62065315246582
2016-04-27,17.6766414642334
2016-04-28,17.7186279296875
2016-04-29,17.788602828979492
2016-05-02,17.690635681152344
2016-05-03,17.214778900146484
2016-05-04,17.144800186157227
2016-05-05,16.990848541259766
2016-05-06,16.990848541259766
2016-05-09,16.78091049194336
2016-05-10,17.01883888244629
2016-05-11,16.83689308166504
2016-05-12,16.822898864746094
2016-05-13,16.598966598510742
2016-05-16,16.766916275024414
2016-05-17,16.445018768310547
2016-05-18,16.486997604370117
2016-05-19,16.459009170532227
2016-05-20,16.57097816467285
2016-05-23,16.486997604370117
2016-05-24,16.906875610351562
2016-05-25,17.200782775878906
2016-05-26,17.228776931762695
2016-05-27,17.144800186157227
2016-05-31,17.00484275817871
2016-06-01,16.906875610351562
2016-06-02,16.864887237548828
2016-06-03,16.864887237548828
2016-06-06,16.976850509643555
2016-06-07,17.214778900146484
2016-06-08,17.32674789428711
2016-06-09,17.046833038330078
2016-06-10,16.305055618286133
2016-06-13,15.871188163757324
2016-06-14,15.591272354125977
2016-06-15,15.731229782104492
2016-06-16,15.787209510803223
2016-06-17,16.31905174255371
2016-06-20,16.7109317779541
2016-06-21,16.794906616210938
2016-06-22,16.67977523803711
2016-06-23,17.514488220214844
2016-06-24,14.895225524902344
2016-06-27,14.47787094116211
2016-06-28,14.967184066772461
2016-06-29,15.211837768554688
2016-06-30,15.614803314208984
2016-07-01,15.571629524230957
2016-07-05,14.952791213989258
2016-07-06,14.823266983032227
2016-07-07,14.549827575683594
2016-07-08,15.183053970336914
2016-07-11,15.312579154968262
2016-07-12,15.845065116882324
2016-07-13,15.75871467590332
2016-07-14,15.945809364318848
2016-07-15,15.917024612426758
2016-07-18,15.873849868774414
2016-07-19,15.744324684143066
2016-07-20,15.80189323425293
2016-07-21,15.773107528686523
2016-07-22,15.75871467590332
2016-07-25,15.643584251403809
2016-07-26,15.715540885925293
2016-07-27,15.873849868774414
2016-07-28,15.787501335144043
2016-07-29,16.10411262512207
2016-08-01,15.744324684143066
2016-08-02,15.485278129577637
2016-08-03,15.470885276794434
2016-08-04,15.499671936035156
2016-08-05,15.744324684143066
2016-08-08,15.845065116882324
2016-08-09,15.960199356079102
2016-08-10,16.0897216796875
2016-08-11,16.176071166992188
2016-08-12,16.233638763427734
2016-08-15,16.30559539794922
2016-08-16,16.190462112426758
2016-08-17,16.118505477905273
2016-08-18,16.248027801513672
2016-08-19,15.917024612426758
2016-08-22,15.960199356079102
2016-08-23,16.21924591064453
2016-08-24,16.233638763427734
2016-08-25,16.16168212890625
2016-08-26,16.10411262512207
2016-08-29,16.0897216796875
2016-08-30,16.14728546142578
2016-08-31,16.248027801513672
2016-09-01,16.3631591796875
2016-09-02,16.507078170776367
2016-09-06,16.550251007080078
2016-09-07,16.665382385253906
2016-09-08,16.85247230529785
2016-09-09,16.42072868347168
2016-09-12,16.478290557861328
2016-09-13,16.003374099731445
2016-09-14,15.960199356079102
2016-09-15,16.06093978881836
2016-09-16,15.54284954071045
2016-09-19,15.715540885925293
2016-09-20,15.571629524230957
2016-09-21,15.902630805969238
2016-09-22,16.06093978881836
2016-09-23,15.85946273803711
2016-09-26,15.672369956970215
2016-09-27,15.600414276123047
2016-09-28,15.80189323425293
2016-09-29,15.557234764099121
2016-09-30,15.85946273803711
2016-10-03,15.744324684143066
2016-10-04,15.614803314208984
2016-10-05,15.888237953186035
2016-10-06,15.85946273803711
2016-10-07,15.816280364990234
2016-10-10,15.931413650512695
2016-10-11,15.672369956970215
2016-10-12,15.629191398620605
2016-10-13,15.514063835144043
2016-10-14,15.643584251403809
2016-10-17,15.744324684143066
2016-10-18,16.03215789794922
2016-10-19,16.10411262512207
2016-10-20,16.14728546142578
2016-10-21,16.132902145385742
2016-10-24,16.233638763427734
2016-10-25,16.190462112426758
2016-10-26,16.21924591064453
2016-10-27,16.319984436035156
2016-10-28,16.29120445251465
2016-10-31,16.233638763427734
2016-11-01,16.07533073425293
2016-11-02,15.816280364990234
2016-11-03,15.75871467590332
2016-11-04,15.571629524230957
2016-11-07,16.010568618774414
2016-11-08,16.06093978881836
2016-11-09,15.931413650512695
2016-11-10,15.953004837036133
2016-11-11,15.895437240600586
2016-11-14,15.607605934143066
2016-11-15,15.657980918884277
2016-11-16,15.413323402404785
2016-11-17,15.398927688598633
2016-11-18,15.017555236816406
2016-11-21,15.175857543945312
2016-11-22,15.36295223236084
2016-11-23,15.305386543273926
2016-11-25,15.319779396057129
2016-11-28,15.003164291381836
2016-11-29,15.384539604187012
2016-11-30,15.650777816772461
2016-12-01,15.816280364990234
2016-12-02,15.92421817779541
2016-12-05,16.053743362426758
2016-12-06,16.730144500732422
2016-12-07,17.11871910095215
2016-12-08,17.068344116210938
2016-12-09,16.902843475341797
2016-12-12,16.974803924560547
2016-12-13,17.370567321777344
2016-12-14,17.017972946166992
2016-12-15,17.176284790039062
2016-12-16,17.197874069213867
2016-12-19,17.11871910095215
2016-12-20,17.305803298950195
2016-12-21,17.400941848754883
2016-12-22,17.313793182373047
2016-12-23,17.53893280029297
2016-12-27,17.60429573059082
2016-12-28,17.34284210205078
2016-12-29,17.50261878967285
2016-12-30,17.582508087158203
2017-01-03,17.785858154296875
2017-01-04,17.909318923950195
2017-01-05,18.083620071411133
2017-01-06,18.04730987548828
2017-01-09,17.749544143676758
2017-01-10,17.756805419921875
2017-01-11,17.858482360839844
2017-01-12,17.749544143676758
2017-01-13,17.829431533813477
2017-01-17,17.82217025756836
2017-01-18,17.778593063354492
2017-01-19,17.829431533813477
2017-01-20,17.931108474731445
2017-01-23,17.909318923950195
2017-01-24,18.069091796875
2017-01-25,18.04730987548828
2017-01-26,17.749544143676758
2017-01-27,17.69870376586914
2017-01-30,17.24843406677246
2017-01-31,17.241168975830078
2017-02-01,17.23390769958496
2017-02-02,17.4227294921875
2017-02-03,17.647869110107422
2017-02-06,17.175806045532227
2017-02-07,17.066871643066406
2017-02-08,17.168542861938477
2017-02-09,17.284748077392578
2017-02-10,17.190332412719727
2017-02-13,17.29926872253418
2017-02-14,17.38641929626465
2017-02-15,17.30653190612793
2017-02-16,17.400941848754883
2017-02-17,17.26295280456543
2017-02-21,17.23390769958496
2017-02-22,17.05234718322754
2017-02-23,17.030559539794922
2017-02-24,16.84899139404297
2017-02-27,17.190332412719727
2017-02-28,17.175806045532227
2017-03-01,17.451784133911133
2017-03-02,17.42999267578125
2017-03-03,17.814905166625977
2017-03-06,17.662395477294922
2017-03-07,17.582508087158203
2017-03-08,17.459041595458984
2017-03-09,17.764066696166992
2017-03-10,17.92384147644043
2017-03-13,17.99646759033203
2017-03-14,17.74228286743164
2017-03-15,18.112672805786133
2017-03-16,18.533893585205078
2017-03-17,18.446746826171875
2017-03-20,18.316015243530273
2017-03-21,18.323280334472656
2017-03-22,18.446746826171875
2017-03-23,18.533893585205078
2017-03-24,18.59925651550293
2017-03-27,18.700931549072266
2017-03-28,18.817134857177734
2017-03-29,18.708192825317383
2017-03-30,18.62104034423828
2017-03-31,18.69366455078125
2017-04-03,18.526630401611328
2017-04-04,18.526630401611328
2017-04-05,18.388643264770508
2017-04-06,18.49031639099121
2017-04-07,18.432218551635742
2017-04-10,18.265180587768555
2017-04-11,18.323280334472656
2017-04-12,18.22886848449707
2017-04-13,17.974681854248047
2017-04-17,18.098142623901367
2017-04-18,17.909318923950195
2017-04-19,18.076358795166016
2017-04-20,18.19981575012207
2017-04-21,18.1417179107666
2017-04-24,19.274667739868164
2017-04-25,19.478017807006836
2017-04-26,19.36181640625
2017-04-27,19.231090545654297
2017-04-28,19.209306716918945
2017-05-01,19.296457290649414
2017-05-02,19.39813232421875
2017-05-03,19.36181640625
2017-05-04,19.906505584716797
2017-05-05,20.393095016479492
2017-05-08,20.124380111694336
2017-05-09,20.022706985473633
2017-05-10,20.080806732177734
2017-05-11,20.0953311920166
2017-05-12,20.26236915588379
2017-05-15,20.422147750854492
2017-05-16,20.70538330078125
2017-05-17,20.255102157592773
2017-05-18,20.378570556640625
2017-05-19,20.712644577026367
2017-05-22,20.836109161376953
2017-05-23,20.828842163085938
2017-05-24,20.785268783569336
2017-05-25,20.683589935302734
2017-05-26,20.581918716430664
2017-05-30,20.20427131652832
2017-05-31,20.240583419799805
2017-06-01,20.509292602539062
2017-06-02,20.58917808532715
2017-06-05,20.305940628051758
2017-06-06,20.356781005859375
2017-06-07,20.342256546020508
2017-06-08,20.58917808532715
2017-06-09,20.502029418945312
2017-06-12,20.407617568969727
2017-06-13,20.574655532836914
2017-06-14,20.51655387878418
2017-06-15,20.298681259155273
2017-06-16,20.494768142700195
2017-06-19,20.472980499267578
2017-06-20,20.212739944458008
2017-06-21,20.427146911621094
2017-06-22,20.32364273071289
2017-06-23,20.345821380615234
2017-06-26,20.478893280029297
2017-06-27,20.434539794921875
2017-06-28,20.878124237060547
2017-06-29,20.552831649780273
2017-06-30,20.552831649780273
2017-07-03,20.737651824951172
2017-07-05,20.61936378479004
2017-07-06,20.774621963500977
2017-07-07,20.811586380004883
2017-07-10,20.922481536865234
2017-07-11,21.085134506225586
2017-07-12,21.22559928894043
2017-07-13,21.29213523864746
2017-07-14,21.432607650756836
2017-07-17,21.3808536529541
2017-07-18,21.4473934173584
2017-07-19,21.536108016967773
2017-07-20,21.63961410522461
2017-07-21,21.51392936706543
2017-07-24,21.62483024597168
2017-07-25,21.698759078979492
2017-07-26,21.861404418945312
2017-07-27,21.854015350341797
2017-07-28,21.854015350341797
2017-07-31,22.00187873840332
2017-08-01,22.097984313964844
2017-08-02,22.18670082092285
2017-08-03,22.35674476623535
2017-08-04,22.393707275390625
2017-08-07,22.438068389892578
2017-08-08,22.25324249267578
2017-08-09,22.27541732788086
2017-08-10,21.979694366455078
2017-08-11,21.839231491088867
2017-08-14,22.097984313964844
2017-08-15,22.149736404418945
2017-08-16,22.25324249267578
2017-08-17,21.95012092590332
2017-08-18,22.12755584716797
2017-08-21,22.194101333618164
2017-08-22,22.12755584716797
2017-08-23,22.179309844970703
2017-08-24,22.22366714477539
2017-08-25,22.430675506591797
2017-08-28,22.519390106201172
2017-08-29,22.35674476623535
2017-08-30,22.22366714477539
2017-08-31,22.393707275390625
2017-09-01,22.497215270996094
2017-09-05,22.341957092285156
2017-09-06,22.615507125854492
2017-09-07,22.682039260864258
2017-09-08,22.65986442565918
2017-09-11,22.92601203918457
2017-09-12,23.00733757019043
2017-09-13,22.829904556274414
2017-09-14,22.91122817993164
2017-09-15,22.97037124633789
2017-09-18,23.110841751098633
2017-09-19,23.280881881713867
2017-09-20,23.199554443359375
2017-09-21,23.236526489257812
2017-09-22,23.295665740966797
2017-09-25,23.00733757019043
2017-09-26,22.933406829833984
2017-09-27,22.9925537109375
2017-09-28,22.9925537109375
2017-09-29,23.184772491455078
2017-10-02,23.125629425048828
2017-10-03,23.133020401000977
2017-10-04,22.763364791870117
2017-10-05,22.822509765625
2017-10-06,22.748580932617188
2017-10-09,22.72640037536621
2017-10-10,22.962980270385742
2017-10-11,23.140411376953125
2017-10-12,22.91122817993164
2017-10-13,22.903833389282227
2017-10-16,22.85947608947754
2017-10-17,22.69682502746582
2017-10-18,22.800331115722656
2017-10-19,22.733789443969727
2017-10-20,22.741186141967773
2017-10-23,22.622896194458008
2017-10-24,22.962980270385742
2017-10-25,22.881654739379883
2017-10-26,22.881654739379883
2017-10-27,22.630290985107422
2017-10-30,22.800331115722656
2017-10-31,22.889049530029297
2017-11-01,23.014728546142578
2017-11-02,23.236526489257812
2017-11-03,23.081268310546875
2017-11-06,23.081268310546875
2017-11-07,22.985157012939453
2017-11-08,22.881654739379883
2017-11-09,22.78554344177246
2017-11-10,22.755971908569336
2017-11-13,22.60810661315918
2017-11-14,22.64507293701172
2017-11-15,22.504606246948242
2017-11-16,22.54896354675293
2017-11-17,22.438068389892578
2017-11-20,22.408496856689453
2017-11-21,22.60810661315918
2017-11-22,22.755971908569336
2017-11-24,23.029512405395508
2017-11-27,22.77815055847168
2017-11-28,22.829904556274414
2017-11-29,22.792932510375977
2017-11-30,22.92601203918457
2017-12-01,22.815114974975586
2017-12-04,22.800331115722656
2017-12-05,22.822509765625
2017-12-06,22.748580932617188
2017-12-07,22.881654739379883
2017-12-08,23.177379608154297
2017-12-11,23.169986724853516
2017-12-12,23.05169677734375
2017-12-13,22.837299346923828
2017-12-14,22.541576385498047
2017-12-15,22.452856063842773
2017-12-18,22.800331115722656
2017-12-19,22.78472137451172
2017-12-20,22.70294952392578
2017-12-21,22.78472137451172
2017-12-22,22.844188690185547
2017-12-26,22.888792037963867
2017-12-27,22.79958724975586
2017-12-28,22.807018280029297
2017-12-29,22.62860679626465
2018-01-02,22.76984977722168
2018-01-03,22.77728271484375
2018-01-04,23.43889617919922
2018-01-05,23.676780700683594
2018-01-08,23.632177352905273
2018-01-09,23.74368667602539
2018-01-10,23.855192184448242
2018-01-11,24.204587936401367
2018-01-12,24.591140747070312
2018-01-16,24.650611877441406
2018-01-17,24.836458206176758
2018-01-18,24.88849639892578
2018-01-19,25.05204200744629
2018-01-22,25.289926528930664
2018-01-23,25.267620086669922
2018-01-24,25.215585708618164
2018-01-25,25.334524154663086
2018-01-26,25.602140426635742
2018-01-29,25.34939193725586
2018-01-30,25.00743865966797
2018-01-31,25.111509323120117
2018-02-01,25.401430130004883
2018-02-02,24.680347442626953
2018-02-05,23.57270622253418
2018-02-06,24.442466735839844
2018-02-07,24.115375518798828
2018-02-08,23.409160614013672
2018-02-09,23.565275192260742
2018-02-12,23.751117706298828
2018-02-13,23.58757209777832
2018-02-14,24.226884841918945
2018-02-15,24.293790817260742
2018-02-16,24.39786148071289
2018-02-20,23.981565475463867
2018-02-21,23.780851364135742
2018-02-22,23.728818893432617
2018-02-23,24.115375518798828
2018-02-26,24.182279586791992
2018-02-27,23.75855255126953
2018-02-28,23.57270622253418
2018-03-01,23.483501434326172
2018-03-02,23.424026489257812
2018-03-05,23.35712432861328
2018-03-06,23.84032440185547
2018-03-07,24.063337326049805
2018-03-08,24.137680053710938
2018-03-09,24.204587936401367
2018-03-12,24.204587936401367
2018-03-13,24.115375518798828
2018-03-14,23.981565475463867
2018-03-15,24.115375518798828
2018-03-16,24.204587936401367
2018-03-19,24.100507736206055
2018-03-20,24.02617073059082
2018-03-21,24.107940673828125
2018-03-22,23.513235092163086
2018-03-23,23.498367309570312
2018-03-26,23.803157806396484
2018-03-27,23.409160614013672
2018-03-28,23.751117706298828
2018-03-29,23.899795532226562
2018-04-02,23.542972564697266
2018-04-03,23.92209815979004
2018-04-04,24.018733978271484
2018-04-05,24.271488189697266
2018-04-06,24.212018966674805
2018-04-09,24.4870662689209
2018-04-10,24.769556045532227
2018-04-11,24.553977966308594
2018-04-12,24.784421920776367
2018-04-13,24.858760833740234
2018-04-16,24.977699279785156
2018-04-17,25.24532127380371
2018-04-18,25.38656234741211
2018-04-19,25.37169647216797
2018-04-20,25.267620086669922
2018-04-23,25.379131317138672
2018-04-24,25.282489776611328
2018-04-25,25.118942260742188
2018-04-26,25.22301483154297
2018-04-27,25.066913604736328
2018-04-30,24.955398559570312
2018-05-01,24.843889236450195
2018-05-02,25.044605255126953
2018-05-03,25.111509323120117
2018-05-04,25.267620086669922
2018-05-07,25.282489776611328
2018-05-08,24.925661087036133
2018-05-09,24.918231964111328
2018-05-10,24.836458206176758
2018-05-11,24.933101654052734
2018-05-14,24.962839126586914
2018-05-15,24.829025268554688
2018-05-16,24.256620407104492
2018-05-17,24.085643768310547
2018-05-18,23.773420333862305
2018-05-21,23.751117706298828
2018-05-22,23.884929656982422
2018-05-23,23.52810287475586
2018-05-24,23.34969139099121
2018-05-25,22.75498390197754
2018-05-29,21.431760787963867
2018-05-30,22.360990524291992
2018-05-31,22.5170955657959
2018-06-01,22.569135665893555
2018-06-04,22.531967163085938
2018-06-05,22.301517486572266
2018-06-06,22.546838760375977
2018-06-07,22.19001007080078
2018-06-08,21.996728897094727
2018-06-11,22.821887969970703
2018-06-12,22.66577911376953
2018-06-13,22.807018280029297
2018-06-14,22.747547149658203
2018-06-15,22.561702728271484
2018-06-18,22.44276237487793
2018-06-19,22.48402976989746
2018-06-20,22.445817947387695
2018-06-21,21.979631423950195
2018-06-22,22.2547550201416
2018-06-25,21.97199058532715
2018-06-26,21.90320587158203
2018-06-27,21.704505920410156
2018-06-28,21.81913948059082
2018-06-29,22.078981399536133
2018-07-02,21.895565032958984
2018-07-03,22.14012336730957
2018-07-05,22.476388931274414
2018-07-06,22.552812576293945
2018-07-09,22.682735443115234
2018-07-10,22.69037628173828
2018-07-11,22.178335189819336
2018-07-12,22.300613403320312
2018-07-13,22.392318725585938
2018-07-16,22.384679794311523
2018-07-17,22.476388931274414
2018-07-18,22.35411262512207
2018-07-19,22.22418785095215
2018-07-20,22.361751556396484
2018-07-23,22.20125961303711
2018-07-24,22.3311824798584
2018-07-25,22.46875
2018-07-26,22.35411262512207
2018-07-27,22.445817947387695
2018-07-30,22.560453414916992
2018-07-31,22.827943801879883
2018-08-01,22.361751556396484
2018-08-02,22.0025577545166
2018-08-03,22.05605697631836
2018-08-06,21.987274169921875
2018-08-07,22.31589698791504
2018-08-08,22.277687072753906
2018-08-09,21.97199058532715
2018-08-10,21.215389251708984
2018-08-13,21.085466384887695
2018-08-14,20.993755340576172
2018-08-15,20.397645950317383
2018-08-16,20.58106803894043
2018-08-17,20.5428524017334
2018-08-20,20.73391342163086
2018-08-21,21.15424919128418
2018-08-22,21.146608352661133
2018-08-23,20.955541610717773
2018-08-24,21.23067283630371
2018-08-27,21.42937660217285
2018-08-28,21.23067283630371
2018-08-29,21.398807525634766
2018-08-30,21.01668357849121
2018-08-31,20.71099090576172
2018-09-04,21.01668357849121
2018-09-05,21.100749969482422
2018-09-06,21.00904083251953
2018-09-07,20.741554260253906
2018-09-10,21.383520126342773
2018-09-11,21.337665557861328
2018-09-12,21.42937660217285
2018-09-13,21.44466209411621
2018-09-14,21.299455642700195
2018-09-17,21.61279296875
2018-09-18,21.773286819458008
2018-09-19,21.834430694580078
2018-09-20,22.185976028442383
2018-09-21,22.216543197631836
2018-09-24,22.06369972229004
2018-09-25,22.399965286254883
2018-09-26,22.361751556396484
2018-09-27,21.933773040771484
2018-09-28,21.138961791992188
2018-10-01,21.00904083251953
2018-10-02,20.909692764282227
2018-10-03,21.047256469726562
2018-10-04,20.886764526367188
2018-10-05,20.695701599121094
2018-10-08,20.275371551513672
2018-10-09,20.41293716430664
2018-10-10,20.030807495117188
2018-10-11,19.748043060302734
2018-10-12,19.748043060302734
2018-10-15,19.725112915039062
2018-10-16,20.25244140625
2018-10-17,19.855031967163086
2018-10-18,19.220712661743164
2018-10-19,19.495840072631836
2018-10-22,19.342992782592773
2018-10-23,19.365921020507812
2018-10-24,18.65517234802246
2018-10-25,19.04493522644043
2018-10-26,19.052581787109375
2018-10-29,19.136648178100586
2018-10-30,19.320064544677734
2018-10-31,19.144290924072266
2018-11-01,19.518770217895508
2018-11-02,19.686901092529297
2018-11-05,19.579914093017578
2018-11-06,19.725112915039062
2018-11-07,20.023170471191406
2018-11-08,19.618118286132812
2018-11-09,19.449989318847656
2018-11-12,19.060222625732422
2018-11-13,19.159574508666992
2018-11-14,19.243640899658203
2018-11-15,19.274208068847656
2018-11-16,19.28185272216797
2018-11-19,19.190141677856445
2018-11-20,18.723953247070312
2018-11-21,18.9685115814209
2018-11-23,18.892087936401367
2018-11-26,19.4346981048584
2018-11-27,19.228357315063477
2018-11-28,19.564626693725586
2018-11-29,19.465269088745117
2018-11-30,19.404129028320312
2018-12-03,19.8626766204834
2018-12-04,19.213071823120117
2018-12-06,19.197782516479492
2018-12-07,18.915014266967773
2018-12-10,18.876806259155273
2018-12-11,18.853878021240234
2018-12-12,19.358272552490234
2018-12-13,19.335351943969727
2018-12-14,19.037296295166016
2018-12-17,18.884445190429688
2018-12-18,19.105066299438477
2018-12-19,19.0741024017334
2018-12-20,18.950244903564453
2018-12-21,18.462556838989258
2018-12-24,18.02131462097168
2018-12-26,18.493518829345703
2018-12-27,18.76445770263672
2018-12-28,18.671567916870117
2018-12-31,18.74123764038086
2019-01-02,18.69478988647461
2019-01-03,18.59415626525879
2019-01-04,19.275371551513672
2019-01-07,19.51534652709961
2019-01-08,19.51534652709961
2019-01-09,19.755321502685547
2019-01-10,19.917884826660156
2019-01-11,19.693397521972656
2019-01-14,19.654685974121094
2019-01-15,19.561796188354492
2019-01-16,19.79402732849121
2019-01-17,19.956592559814453
2019-01-18,19.995298385620117
2019-01-22,19.693397521972656
2019-01-23,19.786285400390625
2019-01-24,19.786285400390625
2019-01-25,20.10367202758789
2019-01-28,20.034008026123047
2019-01-29,20.10367202758789
2019-01-30,20.35138702392578
2019-01-31,20.258495330810547
2019-02-01,20.095932006835938
2019-02-04,20.23526954650879
2019-02-05,20.335906982421875
2019-02-06,20.390092849731445
2019-02-07,19.90239906311035
2019-02-08,19.80950927734375
2019-02-11,19.832735061645508
2019-02-12,20.126893997192383
2019-02-13,20.165599822998047
2019-02-14,20.095932006835938
2019-02-15,20.4907283782959
2019-02-19,20.568138122558594
2019-02-20,20.63780975341797
2019-02-21,20.513952255249023
2019-02-22,20.59136390686035
2019-02-25,20.722963333129883
2019-02-26,20.831335067749023
2019-02-27,20.823598861694336
2019-02-28,21.01712417602539
2019-03-01,21.148723602294922
2019-03-04,20.98615837097168
2019-03-05,20.978418350219727
2019-03-06,21.164203643798828
2019-03-07,20.761667251586914
2019-03-08,20.74618148803711
2019-03-11,20.885522842407227
2019-03-12,20.870038986206055
2019-03-13,21.071308135986328
2019-03-14,21.148723602294922
2019-03-15,21.319028854370117
2019-03-18,21.589963912963867
2019-03-19,21.70608139038086
2019-03-20,21.837682723999023
2019-03-21,21.868642807006836
2019-03-22,21.319028854370117
2019-03-25,21.380952835083008
2019-03-26,21.404178619384766
2019-03-27,21.4970760345459
2019-03-28,21.35773277282715
2019-03-29,21.512556076049805
2019-04-01,21.7215633392334
2019-04-02,21.682857513427734
2019-04-03,21.891870498657227
2019-04-04,21.81446075439453
2019-04-05,21.876386642456055
2019-04-08,21.96154022216797
2019-04-09,21.822202682495117
2019-04-10,21.76801300048828
2019-04-11,21.79897689819336
2019-04-12,22.007984161376953
2019-04-15,22.023466110229492
2019-04-16,21.977022171020508
2019-04-17,22.124103546142578
2019-04-18,21.953798294067383
2019-04-22,22.007984161376953
2019-04-23,21.938316345214844
2019-04-24,21.613187789916992
2019-04-25,21.66737937927246
2019-04-26,21.62093162536621
2019-04-29,21.752531051635742
2019-04-30,21.89961051940918
2019-05-01,21.7215633392334
2019-05-02,21.55900001525879
2019-05-03,21.783491134643555
2019-05-06,21.50481414794922
2019-05-07,21.164203643798828
2019-05-08,21.24161720275879
2019-05-09,21.125497817993164
2019-05-10,21.171947479248047
2019-05-13,20.73069953918457
2019-05-14,20.885522842407227
2019-05-15,20.9010066986084
2019-05-16,21.071308135986328
2019-05-17,20.978418350219727
2019-05-20,20.916484832763672
2019-05-21,21.0480899810791
2019-05-22,20.885522842407227
2019-05-23,20.5449161529541
2019-05-24,20.877782821655273
2019-05-28,20.560394287109375
2019-05-29,20.390092849731445
2019-05-30,20.258495330810547
2019-05-31,20.080446243286133
2019-06-03,20.266233444213867
2019-06-04,20.784889221191406
2019-06-05,20.630064010620117
2019-06-06,20.792631149291992
2019-06-07,21.040348052978516
2019-06-10,21.117761611938477
2019-06-11,21.26483917236328
2019-06-12,21.009380340576172
2019-06-13,21.195167541503906
2019-06-14,21.09453582763672
2019-06-17,21.132986068725586
2019-06-18,21.605634689331055
2019-06-19,21.725799560546875
2019-06-20,22.038230895996094
2019-06-21,22.126346588134766
2019-06-24,22.19043731689453
2019-06-25,21.95010757446289
2019-06-26,21.88602066040039
2019-06-27,21.934083938598633
2019-06-28,22.070270538330078
2019-07-01,21.926074981689453
2019-07-02,22.09430694580078
2019-07-03,22.655075073242188
2019-07-05,22.558942794799805
2019-07-08,22.478832244873047
2019-07-09,22.470821380615234
2019-07-10,22.775238037109375
2019-07-11,22.87938117980957
2019-07-12,22.90341567993164
2019-07-15,22.855350494384766
2019-07-16,22.71916389465332
2019-07-17,22.582977294921875
2019-07-18,22.791261672973633
2019-07-19,22.118337631225586
2019-07-22,22.28656768798828
2019-07-23,22.470821380615234
2019-07-24,22.550931930541992
2019-07-25,22.294580459594727
2019-07-26,22.21446990966797
2019-07-29,22.142372131347656
2019-07-30,21.725799560546875
2019-07-31,21.653701782226562
2019-08-01,21.57359504699707
2019-08-02,21.493480682373047
2019-08-05,21.229122161865234
2019-08-06,21.26917266845703
2019-08-07,21.19707679748535
2019-08-08,21.08492088317871
2019-08-09,20.772491455078125
2019-08-12,20.72442626953125
2019-08-13,20.996795654296875
2019-08-14,20.243770599365234
2019-08-15,20.267799377441406
2019-08-16,20.556198120117188
2019-08-19,20.860614776611328
2019-08-20,20.700397491455078
2019-08-21,21.04486846923828
2019-08-22,21.04486846923828
2019-08-23,20.636306762695312
2019-08-26,21.028844833374023
2019-08-27,21.245141983032227
2019-08-28,21.25315284729004
2019-08-29,21.645687103271484
2019-08-30,21.557567596435547
2019-09-03,21.653701782226562
2019-09-04,22.022207260131836
2019-09-05,22.150381088256836
2019-09-06,22.118337631225586
2019-09-09,22.18242645263672
2019-09-10,22.15839195251465
2019-09-11,22.022207260131836
2019-09-12,22.4067325592041
2019-09-13,22.438777923583984
2019-09-16,22.0862979888916
2019-09-17,22.06226348876953
2019-09-18,22.20646095275879
2019-09-19,22.254528045654297
2019-09-20,22.142372131347656
2019-09-23,22.070270538330078
2019-09-24,21.95010757446289
2019-09-25,21.878009796142578
2019-09-26,22.03022003173828
2019-09-27,21.902042388916016
2019-09-30,22.0862979888916
2019-10-01,21.861988067626953
2019-10-02,21.34127426147461
2019-10-03,21.485469818115234
2019-10-04,21.58961296081543
2019-10-07,21.669723510742188
2019-10-08,21.389341354370117
2019-10-09,21.613645553588867
2019-10-10,21.91005516052246
2019-10-11,22.28656768798828
2019-10-14,22.254528045654297
2019-10-15,22.502866744995117
2019-10-16,22.61501693725586
2019-10-17,22.655075073242188
2019-10-18,22.75120735168457
2019-10-21,22.871370315551758
2019-10-22,22.711151123046875
2019-10-23,22.71916389465332
2019-10-24,22.775238037109375
2019-10-25,22.855350494384766
2019-10-28,22.959489822387695
2019-10-29,23.02358055114746
2019-10-30,23.04761505126953
2019-10-31,23.127721786499023
2019-11-01,23.408109664916992
2019-11-04,23.64042854309082
2019-11-05,23.52827262878418
2019-11-06,23.472190856933594
2019-11-07,23.488216400146484
2019-11-08,23.632415771484375
2019-11-11,23.59235954284668
2019-11-12,23.784624099731445
2019-11-13,23.52827262878418
2019-11-14,23.512250900268555
2019-11-15,23.61639404296875
2019-11-18,23.584352493286133
2019-11-19,23.456172943115234
2019-11-20,23.376066207885742
2019-11-21,23.416114807128906
2019-11-22,23.3279972076416
2019-11-25,23.432144165039062
2019-11-26,23.512250900268555
2019-11-27,23.36004066467285
2019-11-29,23.14374351501465
2019-12-02,22.80728530883789
2019-12-03,22.90341567993164
2019-12-04,23.159767150878906
2019-12-05,23.07164764404297
2019-12-06,23.159767150878906
2019-12-09,22.839330673217773
2019-12-10,23.07965850830078
2019-12-11,23.215843200683594
2019-12-12,23.568326950073242
2019-12-13,23.432144165039062
2019-12-16,23.59671401977539
2019-12-17,23.782258987426758
2019-12-18,23.766124725341797
2019-12-19,23.862934112548828
2019-12-20,23.992008209228516
2019-12-23,23.959735870361328
2019-12-24,23.870996475219727
2019-12-26,23.943607330322266
2019-12-27,23.895200729370117
2019-12-30,23.70158576965332
2019-12-31,23.79839324951172
2020-01-02,24.12108612060547
2020-01-03,23.790327072143555
2020-01-06,23.88713264465332
2020-01-07,23.782258987426758
2020-01-08,23.911333084106445
2020-01-09,24.04847526550293
2020-01-10,23.927471160888672
2020-01-13,23.943607330322266
2020-01-14,23.895200729370117
2020-01-15,23.758056640625
2020-01-16,24.05654525756836
2020-01-17,24.185623168945312
2020-01-21,23.79839324951172
2020-01-22,23.6693172454834
2020-01-23,23.709651947021484
2020-01-24,23.69352149963379
2020-01-27,23.201417922973633
2020-01-28,23.830663681030273
2020-01-29,23.88713264465332
2020-01-30,23.8467960357666
2020-01-31,23.217552185058594
2020-02-03,23.33049201965332
2020-02-04,23.73385238647461
2020-02-05,24.06461524963379
2020-02-06,24.306629180908203
2020-02-07,24.080745697021484
2020-02-10,24.104948043823242
2020-02-11,24.234025955200195
2020-02-12,24.36310386657715
2020-02-13,24.153352737426758
2020-02-14,24.153352737426758
2020-02-18,24.42763900756836
2020-02-19,24.548648834228516
2020-02-20,24.250160217285156
2020-02-21,23.975875854492188
2020-02-24,22.685115814208984
2020-02-25,22.16880989074707
2020-02-26,22.459226608276367
2020-02-27,22.08007049560547
2020-02-28,21.97519302368164
2020-03-02,21.9913272857666
2020-03-03,21.547632217407227
2020-03-04,22.305950164794922
2020-03-05,21.507291793823242
2020-03-06,21.184602737426758
2020-03-09,18.578880310058594
2020-03-10,18.845104217529297
2020-03-11,17.89316749572754
2020-03-12,15.093828201293945
2020-03-13,16.787952423095703
2020-03-16,14.593658447265625
2020-03-17,15.1745023727417
2020-03-18,14.843744277954102
2020-03-19,14.835677146911621
2020-03-20,14.964753150939941
2020-03-23,15.182564735412598
2020-03-24,16.19904327392578
2020-03-25,16.836355209350586
2020-03-26,17.425268173217773
2020-03-27,16.731477737426758
2020-03-30,16.85249137878418
2020-03-31,16.75568389892578
2020-04-01,16.02962875366211
2020-04-02,16.432994842529297
2020-04-03,15.80374526977539
2020-04-06,16.73954963684082
2020-04-07,16.73954963684082
2020-04-08,16.957365036010742
2020-04-09,17.34459114074707
2020-04-13,17.021902084350586
2020-04-14,17.17517852783203
2020-04-15,16.247446060180664
2020-04-16,16.166776657104492
2020-04-17,16.562068939208984
2020-04-20,16.27971649169922
2020-04-21,15.957024574279785
2020-04-22,16.078031539916992
2020-04-23,16.005428314208984
2020-04-24,16.231311798095703
2020-04-27,16.658876419067383
2020-04-28,16.723413467407227
2020-04-29,17.392995834350586
2020-04-30,17.06223487854004
2020-05-01,16.715347290039062
2020-05-04,16.586271286010742
2020-05-05,16.570138931274414
2020-05-06,16.320051193237305
2020-05-07,16.38459014892578
2020-05-08,16.771820068359375
2020-05-11,16.666942596435547
2020-05-12,16.634674072265625
2020-05-13,16.360387802124023
2020-05-14,16.142574310302734
2020-05-15,16.10223388671875
2020-05-18,16.949296951293945
2020-05-19,16.408788681030273
2020-05-20,16.75568389892578
2020-05-21,16.683076858520508
2020-05-22,16.81215476989746
2020-05-26,17.409130096435547
2020-05-27,17.7237491607666
2020-05-28,18.054506301879883
2020-05-29,18.11904525756836
2020-06-01,18.595016479492188
2020-06-02,19.046781539916992
2020-06-03,19.87770652770996
2020-06-04,19.86964225769043
2020-06-05,20.232667922973633
2020-06-08,20.611827850341797
2020-06-09,20.208467483520508
2020-06-10,20.039052963256836
2020-06-11,18.724092483520508
2020-06-12,19.175857543945312
2020-06-15,19.493824005126953
2020-06-16,19.746566772460938
2020-06-17,19.640579223632812
2020-06-18,19.534589767456055
2020-06-19,19.47751808166504
2020-06-22,19.8199462890625
2020-06-23,20.048227310180664
2020-06-24,19.412294387817383
2020-06-25,19.64873504638672
2020-06-26,19.27369499206543
2020-06-29,19.713956832885742
2020-06-30,19.632427215576172
2020-07-01,19.616119384765625
2020-07-02,20.040075302124023
2020-07-06,20.349891662597656
2020-07-07,20.1705265045166
2020-07-08,20.46402931213379
2020-07-09,19.901473999023438
2020-07-10,20.276514053344727
2020-07-13,20.064538955688477
2020-07-14,20.48033905029297
2020-07-15,20.781997680664062
2020-07-16,20.855379104614258
2020-07-17,21.059202194213867
2020-07-20,21.24671745300293
2020-07-21,21.287487030029297
2020-07-22,21.426084518432617
2020-07-23,21.0999698638916
2020-07-24,20.91244888305664
2020-07-27,21.083660125732422
2020-07-28,20.896142959594727
2020-07-29,21.157039642333984
2020-07-30,20.61078643798828
2020-07-31,20.162372589111328
2020-08-03,20.521102905273438
2020-08-04,20.82276725769043
2020-08-05,20.97767448425293
2020-08-06,20.84722328186035
2020-08-07,20.749391555786133
2020-08-10,20.863529205322266
2020-08-11,21.07550621032715
2020-08-12,21.605451583862305
2020-08-13,21.426084518432617
2020-08-14,21.214111328125
2020-08-17,21.222261428833008
2020-08-18,21.189647674560547
2020-08-19,21.23041534423828
2020-08-20,21.06735610961914
2020-08-21,20.887990951538086
2020-08-24,21.29564094543457
2020-08-25,21.25487518310547
2020-08-26,21.33640480041504
2020-08-27,20.945058822631836
2020-08-28,21.197803497314453
2020-08-31,20.985824584960938
2020-09-01,20.928754806518555
2020-09-02,21.205955505371094
2020-09-03,20.70046615600586
2020-09-04,20.82276725769043
2020-09-08,20.439573287963867
2020-09-09,20.96136474609375
2020-09-10,20.773845672607422
2020-09-11,20.92060089111328
2020-09-14,20.87983512878418
2020-09-15,21.10811996459961
2020-09-16,20.90428924560547
2020-09-17,20.830917358398438
2020-09-18,20.602632522583008
2020-09-21,19.966699600219727
2020-09-22,19.917781829833984
2020-09-23,19.62427520751953
2020-09-24,19.82809829711914
2020-09-25,19.64873504638672
2020-09-28,20.01561737060547
2020-09-29,19.974851608276367
2020-09-30,19.877017974853516
2020-10-01,19.966699600219727
2020-10-02,19.950393676757812
2020-10-05,20.358043670654297
2020-10-06,20.121606826782227
2020-10-07,20.415115356445312
2020-10-08,20.529258728027344
2020-10-09,20.57817268371582
2020-10-12,20.716773986816406
2020-10-13,20.390657424926758
2020-10-14,20.423267364501953
2020-10-15,19.950393676757812
2020-10-16,20.186832427978516
2020-10-19,20.0889949798584
2020-10-20,20.46402931213379
2020-10-21,20.080839157104492
2020-10-22,20.11345672607422
2020-10-23,20.358043670654297
2020-10-26,19.974851608276367
2020-10-27,19.575353622436523
2020-10-28,18.662220001220703
2020-10-29,18.63776206970215
2020-10-30,18.596994400024414
2020-11-02,19.01279640197754
2020-11-03,19.754722595214844
2020-11-04,20.023771286010742
2020-11-05,20.667858123779297
2020-11-06,20.80645751953125
2020-11-09,21.646215438842773
2020-11-10,21.964187622070312
2020-11-11,22.029407501220703
2020-11-12,21.711441040039062
2020-11-13,22.24953842163086
2020-11-16,22.485977172851562
2020-11-17,22.73056983947754
2020-11-18,22.673494338989258
2020-11-19,22.942543029785156
2020-11-20,22.90993309020996
2020-11-23,22.9180850982666
2020-11-24,23.554018020629883
2020-11-25,23.70892333984375
2020-11-27,23.75784683227539
2020-11-30,23.284971237182617
2020-12-01,23.700773239135742
2020-12-02,23.63555145263672
2020-12-03,23.627397537231445
2020-12-04,23.847530364990234
2020-12-07,23.684465408325195
2020-12-08,23.749692916870117
2020-12-09,23.725234985351562
2020-12-10,23.839374542236328
2020-12-11,23.660009384155273
2020-12-14,23.632883071899414
2020-12-15,23.986347198486328
2020-12-16,24.02744483947754
2020-12-17,24.224733352661133
2020-12-18,24.06855010986328
2020-12-21,23.715084075927734
2020-12-22,23.863048553466797
2020-12-23,24.224733352661133
2020-12-24,24.224733352661133
2020-12-28,24.397354125976562
2020-12-29,24.405576705932617
2020-12-30,24.47133445739746
2020-12-31,24.200071334838867
2021-01-04,24.38913345336914
2021-01-05,24.53709602355957
2021-01-06,25.11250877380371
2021-01-07,25.013864517211914
2021-01-08,24.972761154174805
2021-01-11,24.68505859375
2021-01-12,24.602859497070312
2021-01-13,24.643959045410156
2021-01-14,24.635740280151367
2021-01-15,24.109651565551758
2021-01-19,24.446678161621094
2021-01-20,24.569976806640625
2021-01-21,24.479557037353516
2021-01-22,24.076770782470703
2021-01-25,23.747962951660156
2021-01-26,23.99456787109375
2021-01-27,23.336957931518555
2021-01-28,23.764406204223633
2021-01-29,23.3040771484375
2021-02-01,23.60822296142578
2021-02-02,24.191852569580078
2021-02-03,24.315153121948242
2021-02-04,24.602859497070312
2021-02-05,24.98920440673828
2021-02-08,25.28512954711914
2021-02-09,25.219369888305664
2021-02-10,25.13716697692871
2021-02-11,25.260467529296875
2021-02-12,25.42487335205078
2021-02-16,25.252248764038086
2021-02-17,24.956321716308594
2021-02-18,24.808361053466797
2021-02-19,24.882343292236328
2021-02-22,24.841243743896484
2021-02-23,24.898784637451172
2021-02-24,25.104286193847656
2021-02-25,24.767257690429688
2021-02-26,24.594640731811523
2021-03-01,25.054964065551758
2021-03-02,25.02208709716797
2021-03-03,24.701499938964844
2021-03-04,24.569976806640625
2021-03-05,24.841243743896484
2021-03-08,25.13716697692871
2021-03-09,25.367334365844727
2021-03-10,25.687915802001953
2021-03-11,25.926301956176758
2021-03-12,25.983840942382812
2021-03-15,25.82765769958496
2021-03-16,25.81121826171875
2021-03-17,26.041379928588867
2021-03-18,25.729015350341797
2021-03-19,25.729015350341797
2021-03-22,25.80299949645996
2021-03-23,25.42487335205078
2021-03-24,25.49063491821289
2021-03-25,25.630374908447266
2021-03-26,25.844097137451172
2021-03-29,25.852319717407227
2021-03-30,25.88520050048828
2021-03-31,25.901639938354492
2021-04-01,26.156463623046875
2021-04-05,26.641450881958008
2021-04-06,26.238664627075195
2021-04-07,26.28798484802246
2021-04-08,26.148244857788086
2021-04-09,26.049604415893555
2021-04-12,26.024940490722656
2021-04-13,26.35374641418457
2021-04-14,26.255107879638672
2021-04-15,26.32908821105957
2021-04-16,26.633235931396484
2021-04-19,26.608572006225586
2021-04-20,26.033161163330078
2021-04-21,26.246885299682617
2021-04-22,26.131799697875977
2021-04-23,26.46060562133789
2021-04-26,26.567472457885742
2021-04-27,26.493492126464844
2021-04-28,26.542810440063477
2021-04-29,26.41950798034668
2021-04-30,25.983840942382812
2021-05-03,26.477046966552734
2021-05-04,25.88520050048828
2021-05-05,26.370189666748047
2021-05-06,26.60034942626953
2021-05-07,26.90449333190918
2021-05-10,26.871610641479492
2021-05-11,26.5756893157959
2021-05-12,26.320863723754883
2021-05-13,26.592130661010742
2021-05-14,27.044239044189453
2021-05-17,27.13465690612793
2021-05-18,27.077119827270508
2021-05-19,26.68255043029785
2021-05-20,27.003135681152344
2021-05-21,27.233301162719727
2021-05-24,27.40592384338379
2021-05-25,27.447025299072266
2021-05-26,27.167537689208984
2021-05-27,27.521005630493164
2021-05-28,27.545665740966797
2021-06-01,27.84159278869629
2021-06-02,27.79227066040039
2021-06-03,27.718290328979492
2021-06-04,28.038875579833984
2021-06-07,28.33479881286621
2021-06-08,28.310134887695312
2021-06-09,28.153955459594727
2021-06-10,27.970922470092773
2021-06-11,28.045799255371094
2021-06-14,28.070758819580078
2021-06-15,28.128995895385742
2021-06-16,27.896041870117188
2021-06-17,27.5549373626709
2021-06-18,26.922637939453125
2021-06-21,27.413501739501953
2021-06-22,27.30534553527832
2021-06-23,27.022470474243164
2021-06-24,27.43014144897461
2021-06-25,27.50501823425293
2021-06-28,27.19718360900879
2021-06-29,27.19718360900879
2021-06-30,26.947595596313477
2021-07-01,27.080713272094727
2021-07-02,27.064071655273438
2021-07-06,26.89767837524414
2021-07-07,26.9060001373291
2021-07-08,26.306976318359375
2021-07-09,26.797840118408203
2021-07-12,27.05575180053711
2021-07-13,26.66472816467285
2021-07-14,26.739601135253906
2021-07-15,26.39849281311035
2021-07-16,26.2154598236084
2021-07-19,25.499963760375977
2021-07-20,25.71627426147461
2021-07-21,26.331937789916992
2021-07-22,26.373538970947266
2021-07-23,26.62312889099121
2021-07-26,26.91431999206543
2021-07-27,26.781200408935547
2021-07-28,26.93927574157715
2021-07-29,27.205509185791016
2021-07-30,27.03079605102539
2021-08-02,26.889358520507812
2021-08-03,27.113990783691406
2021-08-04,27.07239532470703
2021-08-05,27.272064208984375
2021-08-06,27.46341896057129
2021-08-09,27.521657943725586
2021-08-10,27.588211059570312
2021-08-11,27.9792423248291
2021-08-12,28.029157638549805
2021-08-13,28.237154006958008
2021-08-16,28.045799255371094
2021-08-17,27.563255310058594
2021-08-18,27.57989501953125
2021-08-19,27.247100830078125
2021-08-20,27.213829040527344
2021-08-23,27.371902465820312
2021-08-24,27.363582611083984
2021-08-25,27.380218505859375
2021-08-26,27.089031219482422
2021-08-27,27.405181884765625
2021-08-30,27.371902465820312
2021-08-31,27.413501739501953
2021-09-01,27.62149429321289
2021-09-02,27.688053131103516
2021-09-03,27.546619415283203
2021-09-07,27.388540267944336
2021-09-08,27.1805477142334
2021-09-09,27.172231674194336
2021-09-10,26.872718811035156
2021-09-13,27.247100830078125
2021-09-14,27.213829040527344
2021-09-15,27.130630493164062
2021-09-16,27.172231674194336
2021-09-17,26.781200408935547
2021-09-20,26.090665817260742
2021-09-21,26.390174865722656
2021-09-22,26.714643478393555
2021-09-23,27.25542449951172
2021-09-24,27.04743003845215
2021-09-27,27.130630493164062
2021-09-28,26.606487274169922
2021-09-29,26.481693267822266
2021-09-30,26.331937789916992
2021-10-01,26.53993034362793
2021-10-04,26.381855010986328
2021-10-05,26.72296142578125
2021-10-06,26.481693267822266
2021-10-07,26.689687728881836
2021-10-08,26.872718811035156
2021-10-11,26.548246383666992
2021-10-12,26.739601135253906
2021-10-13,26.93095588684082
2021-10-14,27.30534553527832
2021-10-15,27.46341896057129
2021-10-18,27.31366539001465
2021-10-19,27.488378524780273
2021-10-20,27.812849044799805
2021-10-21,27.721330642700195
2021-10-22,27.75461196899414
2021-10-25,27.945964813232422
2021-10-26,27.962608337402344
2021-10-27,27.746286392211914
2021-10-28,28.01251792907715
2021-10-29,27.854446411132812
2021-11-01,28.295394897460938
2021-11-02,28.162273406982422
2021-11-03,28.420190811157227
2021-11-04,28.345312118530273
2021-11-05,28.603219985961914
2021-11-08,28.53666114807129
2021-11-09,28.312026977539062
2021-11-10,28.07907485961914
2021-11-11,28.178918838500977
2021-11-12,28.22051239013672
2021-11-15,28.162273406982422
2021-11-16,27.9792423248291
2021-11-17,28.01251792907715
2021-11-18,27.945964813232422
2021-11-19,27.380218505859375
2021-11-22,27.42182159423828
2021-11-23,27.405181884765625
2021-11-24,27.371902465820312
2021-11-26,26.315296173095703
2021-11-29,26.39849281311035
2021-11-30,26.173860549926758
2021-12-01,26.040746688842773
2021-12-02,26.41513442993164
2021-12-03,26.282018661499023
2021-12-06,26.847761154174805
2021-12-07,27.321985244750977
2021-12-08,27.247100830078125
2021-12-09,26.989192962646484
2021-12-10,27.105674743652344
2021-12-13,26.769886016845703
2021-12-14,26.812074661254883
2021-12-15,27.1495418548584
2021-12-16,27.048301696777344
2021-12-17,26.66864585876465
2021-12-20,26.6264591217041
2021-12-21,27.03142738342285
2021-12-22,27.267656326293945
2021-12-23,27.402639389038086
2021-12-27,27.71480369567871
2021-12-28,27.765424728393555
2021-12-29,27.79073715209961
2021-12-30,27.630434036254883
2021-12-31,27.681060791015625
2022-01-03,28.12820816040039
2022-01-04,28.27163314819336
2022-01-05,28.119775772094727
2022-01-06,28.035402297973633
2022-01-07,28.026968002319336
2022-01-10,27.900413513183594
2022-01-11,28.153514862060547
2022-01-12,28.49099349975586
2022-01-13,28.35600471496582
2022-01-14,28.263198852539062
2022-01-18,27.93416404724121
2022-01-19,27.88353729248047
2022-01-20,27.647314071655273
2022-01-21,27.34358787536621
2022-01-24,27.06517791748047
2022-01-25,26.634897232055664
2022-01-26,26.888002395629883
2022-01-27,26.888002395629883
2022-01-28,26.947059631347656
2022-01-31,27.36046028137207
2022-02-01,27.723241806030273
2022-02-02,27.951032638549805
2022-02-03,27.80760955810547
2022-02-04,27.588254928588867
2022-02-07,27.124229431152344
2022-02-08,27.276094436645508
2022-02-09,28.00165557861328
2022-02-10,27.78230094909668
2022-02-11,27.107357025146484
2022-02-14,26.820505142211914
2022-02-15,27.588254928588867
2022-02-16,27.706369400024414
2022-02-17,27.13266944885254
2022-02-18,27.107357025146484
2022-02-22,26.584278106689453
2022-02-23,26.331174850463867
2022-02-24,25.647794723510742
2022-02-25,26.466161727905273
2022-02-28,25.521244049072266
2022-03-01,24.49195671081543
2022-03-02,24.820993423461914
2022-03-03,24.011058807373047
2022-03-04,22.42494773864746
2022-03-07,21.73313331604004
2022-03-08,22.559938430786133
2022-03-09,23.918256759643555
2022-03-10,22.973337173461914
2022-03-11,22.652738571166992
2022-03-14,23.158946990966797
2022-03-15,23.563913345336914
2022-03-16,24.272600173950195
2022-03-17,24.22197723388672
2022-03-18,24.2641658782959
2022-03-21,24.17136001586914
2022-03-22,24.49195671081543
2022-03-23,24.044811248779297
2022-03-24,24.323223114013672
2022-03-25,24.49195671081543
2022-03-28,24.669132232666016
2022-03-29,25.360942840576172
2022-03-30,25.445314407348633
2022-03-31,24.913799285888672
2022-04-01,25.28501319885254
2022-04-04,25.1500244140625
2022-04-05,24.736623764038086
2022-04-06,24.348533630371094
2022-04-07,24.37384033203125
2022-04-08,24.593198776245117
2022-04-11,24.500396728515625
2022-04-12,24.2641658782959
2022-04-13,24.63538360595703
2022-04-14,24.525705337524414
2022-04-18,24.50882911682129
2022-04-19,24.669132232666016
2022-04-20,24.81255340576172
2022-04-21,24.37384033203125
2022-04-22,23.909822463989258
2022-04-25,23.800140380859375
2022-04-26,22.939592361450195
2022-04-27,23.04926872253418
2022-04-28,23.361431121826172
2022-04-29,23.142074584960938
2022-05-02,23.142074584960938
2022-05-03,23.412052154541016
2022-05-04,23.817014694213867
2022-05-05,22.99864959716797
2022-05-06,22.779293060302734
2022-05-09,22.104352951049805
2022-05-10,22.41651153564453
2022-05-11,22.441822052001953
2022-05-12,22.27308464050293
2022-05-13,22.87209701538086
2022-05-16,22.956462860107422
2022-05-17,23.428924560546875
2022-05-18,22.81304168701172
2022-05-19,23.285497665405273
2022-05-20,23.251750946044922
2022-05-23,23.79170799255371
2022-05-24,23.84232521057129
2022-05-25,24.019498825073242
2022-05-26,24.348533630371094
2022-05-27,24.441335678100586
2022-05-31,24.323223114013672
2022-06-01,23.892948150634766
2022-06-02,24.36540412902832
2022-06-03,23.918256759643555
2022-06-06,24.213542938232422
2022-06-07,24.17136001586914
2022-06-08,23.85076141357422
2022-06-09,23.100156784057617
2022-06-10,21.944717407226562
2022-06-13,21.162839889526367
2022-06-14,21.06727409362793
2022-06-15,21.831777572631836
2022-06-16,21.206274032592773
2022-06-17,21.206274032592773
2022-06-21,21.501651763916016
2022-06-22,21.29315185546875
2022-06-23,21.232337951660156
2022-06-24,21.85784149169922
2022-06-27,21.536401748657227
2022-06-28,21.466901779174805
2022-06-29,21.214962005615234
2022-06-30,20.919588088989258
2022-07-01,21.032522201538086
2022-07-05,20.215896606445312
2022-07-06,20.07689666748047
2022-07-07,20.511272430419922
2022-07-08,20.589460372924805
2022-07-11,20.198524475097656
2022-07-12,19.990020751953125
2022-07-13,20.016084671020508
2022-07-14,19.12995719909668
2022-07-15,19.512205123901367
2022-07-18,19.84233283996582
2022-07-19,20.67633628845215
2022-07-20,19.816268920898438
2022-07-21,20.12033462524414
2022-07-22,20.068208694458008
2022-07-25,20.34621238708496
2022-07-26,19.87708282470703
2022-07-27,20.511272430419922
2022-07-28,20.841402053833008
2022-07-29,21.40608787536621
2022-08-01,21.40608787536621
2022-08-02,21.032522201538086
2022-08-03,21.29315185546875
2022-08-04,21.449527740478516
2022-08-05,21.388715744018555
2022-08-08,21.440837860107422
2022-08-09,21.34527587890625
2022-08-10,21.72752571105957
2022-08-11,21.89259147644043
2022-08-12,22.075027465820312
2022-08-15,21.85784149169922
2022-08-16,21.744905471801758
2022-08-17,21.62327766418457
2022-08-18,21.605905532836914
2022-08-19,21.084653854370117
2022-08-22,20.50258445739746
2022-08-23,20.79796028137207
2022-08-24,20.841402053833008
2022-08-25,21.02383804321289
2022-08-26,20.241958618164062
2022-08-29,20.441776275634766
2022-08-30,20.337520599365234
2022-08-31,20.10295867919922
2022-09-01,19.929208755493164
2022-09-02,19.816268920898438
2022-09-06,19.75545883178711
2022-09-07,20.137706756591797
2022-09-08,20.08558464050293
2022-09-09,20.69371223449707
2022-09-12,21.241025924682617
2022-09-13,20.554710388183594
2022-09-14,20.850088119506836
2022-09-15,20.72846221923828
2022-09-16,20.632898330688477
2022-09-19,20.763212203979492
2022-09-20,20.172460556030273
2022-09-21,19.929208755493164
2022-09-22,19.972644805908203
2022-09-23,19.043079376220703
2022-09-26,18.904077529907227
2022-09-27,18.660825729370117
2022-09-28,19.09520721435547
2022-09-29,18.66951560974121
2022-09-30,18.67820167541504
2022-10-03,19.21683120727539
2022-10-04,20.137706756591797
2022-10-05,19.746768951416016
2022-10-06,19.225515365600586
2022-10-07,18.88670539855957
2022-10-10,18.904077529907227
2022-10-11,18.67820167541504
2022-10-12,18.52182960510254
2022-10-13,19.112579345703125
2022-10-14,18.8953914642334
2022-10-17,19.55564308166504
2022-10-18,19.90314483642578
2022-10-19,19.564332962036133
2022-10-20,19.65121078491211
2022-10-21,19.998708724975586
2022-10-24,20.241958618164062
2022-10-25,20.658958435058594
2022-10-26,20.858776092529297
2022-10-27,20.910898208618164
2022-10-28,21.084653854370117
2022-10-31,20.919588088989258
2022-11-01,21.102025985717773
2022-11-02,20.763212203979492
2022-11-03,20.641586303710938
2022-11-04,21.718841552734375
2022-11-07,21.9881534576416
2022-11-08,22.240093231201172
2022-11-09,22.135841369628906
2022-11-10,23.247844696044922
2022-11-11,23.769100189208984
2022-11-14,23.491098403930664
2022-11-15,23.656160354614258
2022-11-16,23.725662231445312
2022-11-17,23.569286346435547
2022-11-18,23.699600219726562
2022-11-21,23.386850357055664
2022-11-22,23.74303436279297
2022-11-23,23.882036209106445
2022-11-25,24.055788040161133
2022-11-28,23.595346450805664
2022-11-29,23.751724243164062
2022-11-30,24.168725967407227
2022-12-01,24.31641387939453
2022-12-02,24.29034996032715
2022-12-05,24.02972412109375
2022-12-06,23.769100189208984
2022-12-07,23.864662170410156
2022-12-08,23.8994140625
2022-12-09,23.769100189208984
2022-12-12,24.02972412109375
2022-12-13,24.396644592285156
2022-12-14,24.361364364624023
2022-12-15,23.620468139648438
2022-12-16,23.47052764892578
2022-12-19,23.452884674072266
2022-12-20,23.541086196899414
2022-12-21,23.876253128051758
2022-12-22,23.655750274658203
2022-12-23,23.805692672729492
2022-12-27,23.779232025146484
2022-12-28,23.59400749206543
2022-12-29,24.096757888793945
2022-12-30,23.761592864990234
2023-01-03,24.1761417388916
2023-01-04,24.687711715698242
2023-01-05,24.458385467529297
2023-01-06,25.08462142944336
2023-01-09,25.278661727905273
2023-01-10,25.516807556152344
2023-01-11,25.71967315673828
2023-01-12,26.143041610717773
2023-01-13,26.125404357910156
2023-01-17,26.10776138305664
2023-01-18,25.993099212646484
2023-01-19,25.834339141845703
2023-01-20,26.0460205078125
2023-01-23,26.10776138305664
2023-01-24,26.169504165649414
2023-01-25,26.292984008789062
2023-01-26,26.398828506469727
2023-01-27,26.460569381713867
2023-01-30,26.213603973388672
2023-01-31,26.698713302612305
2023-02-01,27.025060653686523
2023-02-02,27.016237258911133
2023-02-03,26.504669189453125
2023-02-06,26.504669189453125
2023-02-07,26.804555892944336
2023-02-08,26.681074142456055
2023-02-09,26.892757415771484
2023-02-10,26.707534790039062
2023-02-13,26.980958938598633
2023-02-14,27.130905151367188
2023-02-15,26.980958938598633
2023-02-16,27.113264083862305
2023-02-17,27.175006866455078
2023-02-21,26.62815284729004
2023-02-22,26.34590721130371
2023-02-23,26.53995132446289
2023-02-24,26.13422203063965
2023-02-27,26.57522964477539
2023-02-28,26.469390869140625
2023-03-01,26.58405303955078
2023-03-02,26.681074142456055
2023-03-03,27.175006866455078
2023-03-06,27.210285186767578
2023-03-07,26.71635627746582
2023-03-08,26.8751163482666
2023-03-09,26.4252872467041
2023-03-10,26.143041610717773
2023-03-13,25.666749954223633
2023-03-14,26.24006462097168
2023-03-15,25.066978454589844
2023-03-16,25.322765350341797
2023-03-17,24.775911331176758
2023-03-20,25.340404510498047
2023-03-21,26.10776138305664
2023-03-22,25.95781898498535
2023-03-23,25.896076202392578
2023-03-24,25.64910888671875
2023-03-27,25.984277725219727
2023-03-28,26.169504165649414
2023-03-29,26.53995132446289
2023-03-30,26.831018447875977
2023-03-31,26.83983612060547
2023-04-03,27.130905151367188
2023-04-04,27.025060653686523
2023-04-05,26.892757415771484
2023-04-06,27.236745834350586
2023-04-10,27.280845642089844
2023-04-11,27.457250595092773
2023-04-12,27.783597946166992
2023-04-13,27.968822479248047
2023-04-14,27.995283126831055
2023-04-17,27.76595687866211
2023-04-18,27.951181411743164
2023-04-19,27.951181411743164
2023-04-20,27.748313903808594
2023-04-21,27.951181411743164
2023-04-24,28.145225524902344
2023-04-25,27.57191276550293
2023-04-26,27.616012573242188
2023-04-27,28.10994529724121
2023-04-28,27.924720764160156
2023-05-01,27.960002899169922
2023-05-02,27.404329299926758
2023-05-03,27.66011619567871
2023-05-04,27.527812957763672
2023-05-05,28.224605560302734
2023-05-08,28.198144912719727
2023-05-09,27.968822479248047
2023-05-10,27.87179946899414
2023-05-11,27.60719108581543
2023-05-12,27.624835968017578
2023-05-15,27.616012573242188
2023-05-16,27.3955078125
2023-05-17,27.50135040283203
2023-05-18,27.26320457458496
2023-05-19,27.545454025268555
2023-05-22,27.624835968017578
2023-05-23,27.25438690185547
2023-05-24,26.813373565673828
2023-05-25,26.64579200744629
2023-05-26,26.8751163482666
2023-05-30,26.742813110351562
2023-05-31,26.17832374572754
2023-06-01,26.79573631286621
2023-06-02,27.148544311523438
2023-06-05,26.8751163482666
2023-06-06,27.130905151367188
2023-06-07,27.044160842895508
2023-06-08,27.495948791503906
2023-06-09,27.324270248413086
2023-06-12,27.52305793762207
2023-06-13,27.75798988342285
2023-06-14,27.983882904052734
2023-06-15,28.345319747924805
2023-06-16,28.408565521240234
2023-06-20,28.146526336669922
2023-06-21,28.282062530517578
2023-06-22,28.02002716064453
2023-06-23,27.622451782226562
2023-06-26,27.721845626831055
2023-06-27,28.110383987426758
2023-06-28,28.164602279663086
2023-06-29,28.363386154174805
2023-06-30,28.760963439941406
2023-07-03,28.86035919189453
2023-07-05,28.471817016601562
2023-07-06,27.97484588623047
2023-07-07,28.32724380493164
2023-07-10,28.526031494140625
2023-07-11,28.76999855041504
2023-07-12,29.465755462646484
2023-07-13,29.971759796142578
2023-07-14,29.791046142578125
2023-07-17,29.872365951538086
2023-07-18,29.91754913330078
2023-07-19,29.76393699645996
2023-07-20,29.73682975769043
2023-07-21,29.782007217407227
2023-07-24,29.809118270874023
2023-07-25,29.691652297973633
2023-07-26,29.998868942260742
2023-07-27,29.926578521728516
2023-07-28,30.1343994140625
2023-07-31,30.269943237304688
2023-08-01,29.890439987182617
2023-08-02,29.34828758239746
2023-08-03,29.194683074951172
2023-08-04,29.03203773498535
2023-08-07,29.203720092773438
2023-08-08,28.724821090698242
2023-08-09,28.923606872558594
2023-08-10,29.06817626953125
2023-08-11,28.86035919189453
2023-08-14,28.887462615966797
2023-08-15,28.51699447631836
2023-08-16,28.354351043701172
2023-08-17,28.06520652770996
2023-08-18,28.08327865600586
2023-08-21,28.381460189819336
2023-08-22,28.282062530517578
2023-08-23,28.535064697265625
2023-08-24,28.155563354492188
2023-08-25,28.471817016601562
2023-08-28,28.75192642211914
2023-08-29,29.303110122680664
2023-08-30,29.34828758239746
2023-08-31,29.004926681518555
2023-09-01,28.76999855041504
2023-09-05,28.544103622436523
2023-09-06,28.155563354492188
2023-09-07,28.056171417236328
2023-09-08,28.119422912597656
2023-09-11,28.553138732910156
2023-09-12,28.462779998779297
2023-09-13,28.282062530517578
2023-09-14,28.62542724609375
2023-09-15,28.544103622436523
2023-09-18,28.336280822753906
2023-09-19,28.498924255371094
2023-09-20,28.75192642211914
2023-09-21,28.191707611083984
2023-09-22,28.029062271118164
2023-09-25,27.79413414001465
2023-09-26,27.33330535888672
2023-09-27,27.206804275512695
2023-09-28,27.441736221313477
2023-09-29,27.486915588378906
2023-10-02,26.854408264160156
2023-10-03,26.547191619873047
2023-10-04,26.62851333618164
2023-10-05,26.827301025390625
2023-10-06,27.206804275512695
2023-10-09,27.008018493652344
2023-10-10,27.459806442260742
2023-10-11,27.73088264465332
2023-10-12,27.405593872070312
2023-10-13,27.170658111572266
2023-10-16,27.52305793762207
2023-10-17,27.58631134033203
2023-10-18,27.152589797973633
2023-10-19,26.86344337463379
2023-10-20,26.736942291259766
2023-10-23,26.872480392456055
2023-10-24,26.944766998291016
2023-10-25,26.58333396911621
2023-10-26,26.502012252807617
2023-10-27,26.27611541748047
2023-10-30,26.7188720703125
2023-10-31,27.017053604125977
2023-11-01,27.26102066040039
2023-11-02,27.929668426513672
2023-11-03,28.318208694458008
2023-11-06,28.191707611083984
2023-11-07,27.983882904052734
2023-11-08,28.029062271118164
2023-11-09,27.97484588623047
2023-11-10,28.146526336669922
2023-11-13,28.354351043701172
2023-11-14,29.266965866088867
2023-11-15,29.131433486938477
2023-11-16,29.03203773498535
2023-11-17,29.411540985107422
2023-11-20,29.727794647216797
2023-11-21,29.33925437927246
2023-11-22,29.266965866088867
2023-11-24,29.637435913085938
2023-11-27,29.637435913085938
2023-11-28,29.655508041381836
2023-11-29,29.899473190307617
2023-11-30,29.800079345703125
2023-12-01,29.953693389892578
2023-12-04,29.845260620117188
2023-12-05,29.809118270874023
2023-12-06,29.863330841064453
2023-12-07,29.908512115478516
2023-12-08,30.152475357055664
2023-12-11,30.170551300048828
2023-12-12,30.24283790588379
2023-12-13,30.61330223083496
2023-12-14,30.812088012695312
2023-12-15,30.369340896606445
2023-12-18,30.468732833862305
2023-12-19,30.79401969909668
2023-12-20,30.390581130981445
2023-12-21,30.838842391967773
2023-12-22,30.875436782836914
2023-12-26,31.104145050048828
2023-12-27,31.241371154785156
2023-12-28,31.03095817565918
2023-12-29,31.04010772705078
2024-01-02,30.82054901123047
2024-01-03,30.353986740112305
2024-01-04,30.692472457885742
2024-01-05,30.747364044189453
2024-01-08,31.1315860748291
2024-01-09,30.76565933227539
2024-01-10,30.98521614074707
2024-01-11,30.866291046142578
2024-01-12,31.003515243530273
2024-01-16,30.491212844848633
2024-01-17,30.353986740112305
2024-01-18,30.564395904541016
2024-01-19,30.62843132019043
2024-01-22,30.372282028198242
2024-01-23,30.24420738220215
2024-01-24,30.42717170715332
2024-01-25,30.335689544677734
2024-01-26,30.610136032104492
2024-01-29,30.408876419067383
2024-01-30,30.70162010192871
2024-01-31,30.637584686279297
2024-02-01,31.02181053161621
2024-02-02,30.76565933227539
2024-02-05,30.73821258544922
2024-02-06,30.98521614074707
2024-02-07,30.866291046142578
2024-02-08,30.930330276489258
2024-02-09,31.049253463745117
2024-02-12,31.177331924438477
2024-02-13,30.58269691467285
2024-02-14,31.04010772705078
2024-02-15,31.65304183959961
2024-02-16,31.470077514648438
2024-02-20,31.753671646118164
2024-02-21,32.11960220336914
2024-02-22,32.4214973449707
2024-02-23,32.67764663696289
2024-02-26,32.60445785522461
2024-02-27,32.695945739746094
2024-02-28,32.595314025878906
2024-02-29,32.595314025878906
2024-03-01,32.851463317871094
2024-03-04,32.860618591308594
2024-03-05,33.07102584838867
2024-03-06,33.46440124511719
2024-03-07,33.61077117919922
2024-03-08,33.546730041503906
2024-03-11,33.50099182128906
2024-03-12,33.90351867675781
2024-03-13,34.07733917236328
2024-03-14,33.82118606567383
2024-03-15,34.05903625488281
2024-03-18,33.94010925292969
2024-03-19,34.26030349731445
2024-03-20,34.69941711425781
2024-03-21,34.27859878540039
2024-03-22,34.20541000366211
2024-03-25,34.553043365478516
2024-03-26,34.54389572143555
2024-03-27,34.71771240234375
2024-03-28,34.50730895996094
2024-04-01,34.44327163696289
2024-04-02,34.049888610839844
2024-04-03,34.3334846496582
2024-04-04,33.90351867675781
2024-04-05,33.91266632080078
2024-04-08,34.1779670715332
2024-04-09,33.95840835571289
2024-04-10,33.546730041503906
2024-04-11,33.37291717529297
2024-04-12,32.90635681152344
2024-04-15,32.93380355834961
2024-04-16,32.65935134887695
2024-04-17,32.97954559326172
2024-04-18,33.02528381347656
2024-04-19,33.29058837890625
2024-04-22,33.64736557006836
2024-04-23,34.406673431396484
2024-04-24,34.187110900878906
2024-04-25,33.885223388671875
2024-04-26,34.06818771362305
2024-04-29,34.14137268066406
2024-04-30,33.43695831298828
2024-05-01,33.40951156616211
2024-05-02,33.729698181152344
2024-05-03,33.81203079223633
2024-05-06,34.196266174316406
2024-05-07,34.287742614746094
2024-05-08,34.269447326660156
2024-05-09,34.66282653808594
2024-05-10,34.93727111816406
2024-05-13,35.05619812011719
2024-05-14,35.550209045410156
2024-05-15,35.96187973022461
2024-05-16,35.87039566040039
2024-05-17,35.989322662353516
2024-05-20,35.67828369140625
2024-05-21,35.54106140136719
2024-05-22,35.156829833984375
2024-05-23,35.01045608520508
2024-05-24,35.34894561767578
2024-05-28,35.53191375732422
2024-05-29,34.87323760986328
2024-05-30,35.26660919189453
2024-05-31,35.522762298583984
2024-06-03,35.66913604736328
2024-06-04,35.33979797363281
2024-06-05,35.550209045410156
2024-06-06,35.67828369140625
2024-06-07,35.248313903808594
2024-06-10,35.001312255859375
2024-06-11,34.294795989990234
2024-06-12,34.87575149536133
2024-06-13,34.03243637084961
2024-06-14,33.06731414794922
2024-06-17,33.49833679199219
2024-06-18,33.79818344116211
2024-06-20,34.079288482666016
2024-06-21,33.74195861816406
2024-06-24,34.266693115234375
2024-06-25,34.1823616027832
2024-06-26,33.91062545776367
2024-06-27,33.62015151977539
2024-06-28,33.592041015625
2024-07-01,34.16361999511719
2024-07-02,33.97621154785156
2024-07-03,34.425987243652344
2024-07-05,34.6508674621582
2024-07-08,34.4915771484375
2024-07-09,34.37913131713867
2024-07-10,34.969451904296875
2024-07-11,35.091270446777344
2024-07-12,35.39110565185547
2024-07-15,35.156856536865234
2024-07-16,35.40047836303711
2024-07-17,35.36300277709961
2024-07-18,35.30677795410156
2024-07-19,35.10063552856445
2024-07-22,35.72843551635742
2024-07-23,35.419219970703125
2024-07-24,35.14748001098633
2024-07-25,34.800785064697266
2024-07-26,35.13811492919922
2024-07-29,34.78205108642578
2024-07-30,34.90386199951172
2024-07-31,34.800785064697266
2024-08-01,33.779441833496094
2024-08-02,33.610774993896484
2024-08-05,32.870540618896484
2024-08-06,32.75809097290039
2024-08-07,32.94549560546875
2024-08-08,33.226600646972656
2024-08-09,33.320308685302734
2024-08-12,33.42337417602539
2024-08-13,33.8262939453125
2024-08-14,34.19173049926758
2024-08-15,34.58528137207031
2024-08-16,34.86637878417969
2024-08-19,35.25992965698242
2024-08-20,35.110008239746094
2024-08-21,35.53165817260742
2024-08-22,35.30677795410156
2024-08-23,36.01891326904297
2024-08-26,35.878360748291016
2024-08-27,36.13135528564453
2024-08-28,36.06576156616211
2024-08-29,36.19694519042969
2024-08-30,36.40308380126953
2024-09-03,35.644107818603516
2024-09-04,35.690956115722656
2024-09-05,35.840877532958984
2024-09-06,35.36300277709961
2024-09-09,35.70032501220703
2024-09-10,35.344261169433594
2024-09-11,35.475440979003906
2024-09-12,35.690956115722656
2024-09-13,35.70969772338867
2024-09-16,36.028282165527344
2024-09-17,36.01891326904297
2024-09-18,35.897098541259766
2024-09-19,36.33749771118164
2024-09-20,36.15009689331055
2024-09-23,35.96269226074219
2024-09-24,36.23442459106445
2024-09-25,36.01891326904297
2024-09-26,36.85285568237305
2024-09-27,36.955928802490234
2024-09-30,36.50616455078125
2024-10-01,35.85024642944336
2024-10-02,35.662845611572266
2024-10-03,35.11937713623047
2024-10-04,35.437965393066406
2024-10-07,35.45669937133789
2024-10-08,35.55039978027344
2024-10-09,35.54103469848633
2024-10-10,35.63473129272461
2024-10-11,35.91584396362305
2024-10-14,36.243797302246094
2024-10-15,35.82213592529297
2024-10-16,36.093875885009766
2024-10-17,36.43120193481445
2024-10-18,36.7216682434082
2024-10-21,36.41246032714844
2024-10-22,35.94395446777344
2024-10-23,35.878360748291016
2024-10-24,35.98143005371094
2024-10-25,35.88772964477539
2024-10-28,36.27190399169922
2024-10-29,36.00016784667969
2024-10-30,35.71906280517578
2024-10-31,35.6253662109375
2024-11-01,35.80339431762695
2024-11-04,35.80339431762695
2024-11-05,35.86898422241211
2024-11-06,34.8476448059082
2024-11-07,35.04441452026367
2024-11-08,34.697715759277344
2024-11-11,34.83827209472656
2024-11-12,33.97621154785156
2024-11-13,33.94810104370117
2024-11-14,34.27606201171875
2024-11-15,34.25732421875
2024-11-18,34.35102081298828
2024-11-19,34.03243637084961
2024-11-20,33.90125274658203
2024-11-21,33.69511032104492
2024-11-22,33.73259353637695
2024-11-25,33.76070022583008
2024-11-26,33.47959518432617
2024-11-27,33.72322463989258
2024-11-29,34.051177978515625
2024-12-02,33.96684646606445
2024-12-03,34.34165573120117
2024-12-04,34.472835540771484
2024-12-05,35.25056076049805
2024-12-06,35.38174057006836
2024-12-09,35.02567672729492
2024-12-10,35.02567672729492
2024-12-11,35.194339752197266
2024-12-12,35.091270446777344
2024-12-13,35.27867126464844
2024-12-16,35.110008239746094
2024-12-17,34.71906280517578
2024-12-18,33.891510009765625
2024-12-19,33.7868766784668
2024-12-20,33.862972259521484
2024-12-23,34.01516342163086
2024-12-24,34.31955337524414
2024-12-26,34.43370056152344
2024-12-27,34.27199172973633
2024-12-30,34.224430084228516
2024-12-31,34.21492004394531
2025-01-02,33.81541442871094
2025-01-03,33.92955780029297
2025-01-06,34.55735397338867
2025-01-07,34.700035095214844
2025-01-08,34.89027786254883
2025-01-10,34.71906280517578
2025-01-13,34.43370056152344
2025-01-14,34.89027786254883
2025-01-15,35.43246841430664
2025-01-16,35.61319351196289
2025-01-17,35.927093505859375
2025-01-21,36.421722412109375
2025-01-22,36.022212982177734
2025-01-23,36.5263557434082
2025-01-24,36.81171417236328
2025-01-27,36.96390914916992
2025-01-28,36.71659469604492
2025-01-29,36.71659469604492
2025-01-30,36.93537139892578
2025-01-31,36.669036865234375
2025-02-03,36.174407958984375
2025-02-04,36.973419189453125
2025-02-05,37.09708023071289
2025-02-06,37.3634147644043
2025-02-07,37.030494689941406
2025-02-10,37.28731918334961
2025-02-11,37.829505920410156
2025-02-12,38.00072479248047
2025-02-13,38.25754928588867
2025-02-14,38.609500885009766
2025-02-18,39.08509826660156
2025-02-19,38.59047317504883
2025-02-20,38.837791442871094
2025-02-21,38.6190071105957
2025-02-24,38.799739837646484
2025-02-25,39.44655990600586
2025-02-26,39.256317138671875
2025-02-27,38.62852096557617
2025-02-28,38.80924606323242
2025-03-03,39.29436492919922
2025-03-04,39.26582717895508
2025-03-05,40.607032775878906
2025-03-06,40.207523345947266
2025-03-07,40.75922393798828
2025-03-10,40.0933837890625
2025-03-11,40.207523345947266
2025-03-12,40.42630386352539
2025-03-13,39.89362335205078
2025-03-14,40.93043899536133
2025-03-17,41.40604782104492
2025-03-18,41.777015686035156
2025-03-19,41.843605041503906
2025-03-20,41.14922332763672
2025-03-21,40.854347229003906
2025-03-24,40.88288116455078
2025-03-25,41.301414489746094
2025-03-26,40.53093719482422
2025-03-27,40.96849060058594
2025-03-28,40.711666107177734
2025-03-31,40.25508499145508
2025-04-01,40.38825607299805
2025-04-02,40.57849884033203
2025-04-03,39.7319221496582
2025-04-04,36.61196517944336
2025-04-07,35.251739501953125
2025-04-08,34.814178466796875
2025-04-09,38.25754928588867
2025-04-10,37.72487258911133
2025-04-11,38.55242156982422
2025-04-14,38.923397064208984
2025-04-15,39.51314926147461
2025-04-16,39.722408294677734
2025-04-17,40.07435989379883
2025-04-21,39.89362335205078
2025-04-22,40.72117614746094
2025-04-23,40.607032775878906
2025-04-24,41.35848617553711
2025-04-25,41.89116287231445
2025-04-28,42.07189178466797
2025-04-29,42.490421295166016
2025-04-30,42.0528678894043
2025-05-01,42.100425720214844
2025-05-02,42.7948112487793
2025-05-05,42.87090301513672
2025-05-06,43.013587951660156
2025-05-07,42.7948112487793
2025-05-08,43.14675521850586
2025-05-09,43.57480239868164
2025-05-12,43.4321174621582
2025-05-13,43.755531311035156
2025-05-14,44.00284194946289
2025-05-15,44.259666442871094
2025-05-16,44.56405258178711
2025-05-19,44.992095947265625
2025-05-20,45.5057487487793
2025-05-21,45.32502365112305
2025-05-22,45.22039031982422
2025-05-23,44.66868591308594
2025-05-27,45.334529876708984
2025-05-28,45.229896545410156
2025-05-29,45.25843811035156
2025-05-30,45.43916320800781
2025-06-02,45.96232986450195
2025-06-03,45.53428649902344
2025-06-04,45.41062927246094
2025-06-05,45.638919830322266
2025-06-06,45.943302154541016
2025-06-09,45.82916259765625
2025-06-10,45.59135437011719
2025-06-11,45.59135437011719
2025-06-12,45.89574432373047
2025-06-13,45.11575698852539
2025-06-16,45.698482513427734
2025-06-17,44.77889633178711
2025-06-18,44.97249221801758
2025-06-20,44.875694274902344
2025-06-23,44.96281433105469
2025-06-24,45.68880081176758
2025-06-25,45.65976333618164
2025-06-26,45.97919845581055
2025-06-27,46.32767105102539
2025-06-30,46.59870529174805
2025-07-01,46.51158905029297
2025-07-02,46.74390411376953
2025-07-03,46.66646194458008
2025-07-07,46.33734893798828
2025-07-08,46.79230499267578
2025-07-09,47.595726013183594
2025-07-10,46.976219177246094
2025-07-11,46.45351028442383
2025-07-14,46.618064880371094
2025-07-15,45.804962158203125
2025-07-16,46.230873107910156
2025-07-17,46.22119140625
2025-07-18,46.259910583496094
2025-07-21,46.492225646972656
2025-07-22,46.995574951171875
2025-07-23,48.24427795410156
2025-07-24,47.54732894897461
2025-07-25,47.973243713378906
2025-07-28,47.21821594238281
2025-07-29,47.48925018310547
2025-07-30,47.557010650634766
2025-07-31,46.70518493652344
2025-08-01,46.29863357543945
2025-08-04,47.01493835449219
2025-08-05,47.17949676513672
2025-08-06,47.93452453613281
2025-08-07,48.35075759887695
2025-08-08,48.55403137207031
2025-08-11,48.38947677612305
2025-08-12,49.01866149902344
2025-08-13,49.463932037353516
2025-08-14,49.909210205078125
2025-08-15,50.13184356689453
2025-08-18,49.88984680175781
2025-08-19,49.96728515625
2025-08-20,50.03504180908203
2025-08-21,49.88016891479492
2025-08-22,50.66423416137695
2025-08-25,50.10280227661133
2025-08-26,49.77368927001953
2025-08-27,49.2800178527832
2025-08-28,49.551055908203125
2025-08-29,49.41553497314453
2025-09-02,48.78635025024414
2025-09-03,48.76698684692383
2025-09-04,49.02834701538086
2025-09-05,48.844425201416016
2025-09-08,49.01866149902344
2025-09-09,49.23161697387695
2025-09-10,49.29937744140625
2025-09-11,49.94792556762695
2025-09-12,50.0640869140625
2025-09-15,50.71263122558594
2025-09-16,50.48031997680664
2025-09-17,49.68657302856445
2025-09-18,49.79304885864258
2025-09-19,49.72528839111328
2025-09-22,50.08344650268555
2025-09-23,49.86080551147461
2025-09-24,49.64785385131836
2025-09-25,49.309059143066406
2025-09-26,49.88984680175781
2025-09-29,49.85112762451172
2025-09-30,50.286720275878906
2025-10-01,50.73199462890625
2025-10-02,50.65455627441406
2025-10-03,50.92559051513672
2025-10-06,50.586795806884766
2025-10-07,50.27703857421875
2025-10-08,50.61583709716797
2025-10-09,49.492977142333984
2025-10-10,48.6992301940918
2025-10-13,48.883148193359375
2025-10-14,49.16386413574219
2025-10-15,48.85410690307617
2025-10-16,49.250980377197266
2025-10-17,49.144500732421875
2025-10-20,49.599456787109375
2025-10-21,49.463932037353516
2025-10-22,49.038021087646484
2025-10-23,49.53169250488281
2025-10-24,49.62849426269531
2025-10-27,50.267364501953125
2025-10-28,50.50935745239258
2025-10-29,50.44160079956055
2025-10-30,50.160884857177734
2025-10-31,50.15120315551758
2025-11-03,50.13184356689453
2025-11-04,49.7349739074707
2025-11-05,50.335121154785156
2025-11-06,50.09312438964844
2025-11-07,50.51903533935547
2025-11-10,51.44830322265625
2025-11-11,52.029090881347656
2025-11-12,52.387245178222656
2025-11-13,52.25172805786133
2025-11-14,51.4967041015625
2025-11-17,50.877193450927734
2025-11-18,50.15120315551758
2025-11-19,49.69625473022461
2025-11-20,49.18321990966797
2025-11-21,49.82209014892578
2025-11-24,49.551055908203125
2025-11-25,50.48999786376953
2025-11-26,50.85783004760742
2025-11-28,51.23534393310547
2025-12-01,50.97399139404297
2025-12-02,51.303104400634766
2025-12-03,51.58382034301758
2025-12-04,51.44830322265625
2025-12-05,51.28374481201172
2025-12-08,51.28374481201172
2025-12-09,51.32246398925781
2025-12-10,51.83549118041992
2025-12-11,52.222686767578125
2025-12-12,51.94197082519531
2025-12-15,52.60987854003906
2025-12-16,52.54319763183594
2025-12-17,52.47454833984375
2025-12-18,52.76874542236328
2025-12-19,53.16100311279297
2025-12-22,53.190425872802734
2025-12-23,53.347328186035156
2025-12-24,53.504234313964844
2025-12-26,53.56306838989258
2025-12-29,53.11197280883789
2025-12-30,53.533653259277344
2025-12-31,53.278682708740234
2026-01-02,54.092620849609375
2026-01-05,54.592750549316406
2026-01-06,54.22010803222656
2026-01-07,53.90629959106445
2026-01-08,54.17107391357422
2026-01-09,53.96513748168945
2026-01-12,54.24952697753906
2026-01-13,53.74939727783203
2026-01-14,53.974945068359375
2026-01-15,53.739585876464844
2026-01-16,53.85726547241211
2026-01-20,52.97468185424805
2026-01-21,53.38655090332031
2026-01-22,53.710166931152344
2026-01-23,53.84745788574219
2026-01-26,54.31816864013672
2026-01-27,55.534175872802734
2026-01-28,54.749656677246094
2026-01-29,55.08307647705078
2026-01-30,54.79869079589844
2026-02-02,55.279205322265625
2026-02-03,55.828372955322266
2026-02-04,55.847984313964844
2026-02-05,54.62217330932617
2026-02-06,55.190948486328125
2026-02-09,56.49521255493164
2026-02-10,56.21082305908203
2026-02-11,55.877403259277344
2026-02-12,55.42630386352539
2026-02-13,54.46527099609375
2026-02-17,54.93598175048828
2026-02-18,55.23017501831055
2026-02-19,54.808494567871094
2026-02-20,55.710693359375
2026-02-23,55.83817672729492
2026-02-24,55.83817672729492
2026-02-25,56.49521255493164
2026-02-26,56.80902099609375
2026-02-27,56.22063446044922
2026-03-02,54.86733627319336
2026-03-03,52.84719467163086
2026-03-04,53.5140380859375
2026-03-05,52.39609909057617
2026-03-06,51.9351921081543
2026-03-09,52.503971099853516
2026-03-10,52.7491340637207
2026-03-11,52.523582458496094
2026-03-12,51.63119125366211
2026-03-13,51.07222366333008
2026-03-16,51.65080261230469
2026-03-17,52.337257385253906
2026-03-18,51.395835876464844
2026-03-19,51.44486618041992
2026-03-20,49.71892547607422
2026-03-23,51.111446380615234
2026-03-24,50.57209014892578
2026-03-25,51.435062408447266
2026-03-26,50.47402572631836
2026-03-27,50.111183166503906
2026-03-30,50.31712341308594
2026-03-31,52.38629150390625
2026-04-01,53.455196380615234
2026-04-02,53.259071350097656
2026-04-06,53.61210250854492
2026-04-07,53.72978210449219
2026-04-08,55.52436828613281
2026-04-09,55.92643356323242
2026-04-10,56.17159652709961
2026-04-13,56.603084564208984
2026-04-14,57.044376373291016
2026-04-15,57.063987731933594
2026-04-16,56.76979446411133
2026-04-17,57.583736419677734
2026-04-20,57.54450607299805
2026-04-21,56.259857177734375
2026-04-22,56.3873405456543
2026-04-23,55.661659240722656
2026-04-24,56.10295104980469
2026-04-27,56.07353210449219
2026-04-28,56.44618225097656
2026-04-29,55.57339859008789
2026-04-30,56.64230728149414
2026-05-01,56.583473205566406
2026-05-04,55.190948486328125
2026-05-05,56.701148986816406
2026-05-06,58.456512451171875
2026-05-07,57.25031280517578
2026-05-08,57.985801696777344
2026-05-11,58.142704010009766
2026-05-12,57.72102355957031
2026-05-13,57.770057678222656
2026-05-14,57.730831146240234
2026-05-15,56.544246673583984
2026-05-18,57.269927978515625
2026-05-19,56.27946853637695
2026-05-20,57.48566818237305
2026-05-21,57.83870315551758
2026-05-22,57.45624923706055
2026-05-26,58.25057601928711
2026-05-27,57.887733459472656
2026-05-28,58.103477478027344
2026-05-29,58.221153259277344
2026-06-01,58.12309265136719
2026-06-02,58.338836669921875
2026-06-03,57.3777961730957
2026-06-04,57.936767578125
2026-06-05,56.916893005371094
2026-06-08,57.51509094238281
2026-06-09,58.35844421386719
2026-06-10,57.52489471435547
2026-06-11,59.358707427978516
2026-06-12,59.49599838256836
2026-06-15,59.880001068115234
2026-06-16,60.72999954223633
2026-06-17,60.15999984741211
2026-06-18,60.599998474121094
2026-06-22,60.45000076293945
2026-06-23,59.40999984741211
2026-06-24,58.849998474121094
2026-06-25,58.95000076293945
2026-06-26,58.630001068115234
2026-06-29,58.90999984741211
2026-06-30,59.2400016784668
2026-07-01,59.130001068115234
2026-07-02,60.630001068115234
2026-07-06,61.13999938964844
2026-07-07,60.59000015258789
2026-07-08,60.130001068115234
2026-07-09,60.279998779296875
2026-07-10,60.59000015258789
2026-07-13,60.470001220703125
2026-07-14,60.630001068115234
2026-07-15,60.810001373291016
2026-07-16,60.560001373291016
2026-07-17,60.2599983215332
2026-07-20,59.939998626708984
2026-07-21,60.52000045776367
2026-07-22,61.060001373291016
2026-07-23,59.720001220703125
2026-07-24,60.13999938964844
2026-07-27,60.77000045776367
2026-07-28,60.470001220703125
2026-07-29,60.09000015258789
2026-07-30,61.65999984741211
2026-07-31,61.599998474121094
2026-08-03,62.38999938964844
2026-08-04,63.209999084472656
2026-08-05,63.189998626708984
2026-08-06,63.15999984741211
2026-08-07,63.349998474121094
2026-08-10,63.16999816894531
2026-08-11,63.09000015258789
2026-08-12,63.18000030517578
2026-08-13,63.290000915527344
2026-08-14,63.27000045776367
2026-08-17,63.08000183105469
2026-08-18,62.720001220703125
2026-08-19,62.83000183105469
2026-08-20,62.79999923706055
2026-08-21,62.90999984741211
2026-08-24,62.7599983215332
2026-08-25,63.02000045776367
2026-08-26,62.95000076293945
2026-08-27,62.18000030517578
2026-08-28,62.22999954223633
2026-08-31,62.279998779296875
2026-09-01,61.20000076293945
2026-09-02,61.380001068115234
2026-09-03,62.02000045776367
2026-09-04,61.86000061035156
2026-09-08,61.43000030517578
2026-09-09,61.25
2026-09-10,61.0099983215332
2026-09-11,61.959999084472656
2026-09-14,60.90999984741211
2026-09-15,60.75
2026-09-16,60.59000015258789
2026-09-17,61.18000030517578
2026-09-18,60.04999923706055
2026-09-21,61.2400016784668
2026-09-22,60.75
2026-09-23,59.97999954223633
2026-09-24,59.939998626708984
2026-09-25,60.400001525878906
2026-09-28,60.040000915527344
2026-09-29,59.58000183105469
2026-09-30,58.720001220703125
2026-10-01,57.2400016784668
2026-10-02,57.400001525878906
2026-10-05,57.4900016784668
2026-10-06,57.939998626708984
2026-10-07,56.349998474121094
2026-10-08,56.04999923706055
