Date,Close
2000-01-03,11.29251766204834
2000-01-04,10.94957447052002
2000-01-05,10.900588035583496
2000-01-06,10.851595878601074
2000-01-07,11.07205581665039
2000-01-10,11.047561645507812
2000-01-11,10.802602767944336
2000-01-12,10.802602767944336
2000-01-13,10.827098846435547
2000-01-14,10.900588035583496
2000-01-18,10.60051441192627
2000-01-19,10.70462417602539
2000-01-20,10.606637001037598
2000-01-21,10.484161376953125
2000-01-24,10.38617992401123
2000-01-25,10.410673141479492
2000-01-26,10.484161376953125
2000-01-27,10.557649612426758
2000-01-28,10.28819465637207
2000-01-31,10.165718078613281
2000-02-01,10.239206314086914
2000-02-02,10.361681938171387
2000-02-03,10.802602767944336
2000-02-04,10.68012809753418
2000-02-07,10.631133079528809
2000-02-08,10.900588035583496
2000-02-09,11.14554500579834
2000-02-10,10.92508316040039
2000-02-11,10.94957447052002
2000-02-14,11.194534301757812
2000-02-15,10.92508316040039
2000-02-16,11.07205581665039
2000-02-17,10.998571395874023
2000-02-18,11.047561645507812
2000-02-22,11.047561645507812
2000-02-23,11.268022537231445
2000-02-24,11.121049880981445
2000-02-25,11.194534301757812
2000-02-28,10.94957447052002
2000-02-29,11.121049880981445
2000-03-01,11.29251766204834
2000-03-02,11.439491271972656
2000-03-03,11.537477493286133
2000-03-06,11.439491271972656
2000-03-07,11.29251766204834
2000-03-08,11.439491271972656
2000-03-09,11.463991165161133
2000-03-10,11.29251766204834
2000-03-13,11.219033241271973
2000-03-14,11.366006851196289
2000-03-15,11.366006851196289
2000-03-16,11.659955024719238
2000-03-17,11.390501976013184
2000-03-20,11.439491271972656
2000-03-21,11.586467742919922
2000-03-22,11.488484382629395
2000-03-23,11.561971664428711
2000-03-24,11.463991165161133
2000-03-27,11.29251766204834
2000-03-28,11.390501976013184
2000-03-29,11.268022537231445
2000-03-30,11.219033241271973
2000-03-31,11.219033241271973
2000-04-03,11.121049880981445
2000-04-04,11.17004108428955
2000-04-05,10.974074363708496
2000-04-06,11.09655475616455
2000-04-07,11.047561645507812
2000-04-10,11.17004108428955
2000-04-11,10.92508316040039
2000-04-12,10.94957447052002
2000-04-13,11.047561645507812
2000-04-14,10.58214282989502
2000-04-17,10.729116439819336
2000-04-18,10.68012809753418
2000-04-19,10.68012809753418
2000-04-20,10.778108596801758
2000-04-24,10.606637001037598
2000-04-25,10.631133079528809
2000-04-26,10.58214282989502
2000-04-27,10.239206314086914
2000-04-28,10.435169219970703
2000-05-01,10.533148765563965
2000-05-02,10.631133079528809
2000-05-03,10.190213203430176
2000-05-04,10.214707374572754
2000-05-05,10.31269359588623
2000-05-08,10.092229843139648
2000-05-09,10.116722106933594
2000-05-10,9.896262168884277
2000-05-11,10.092229843139648
2000-05-12,10.239206314086914
2000-05-15,10.067733764648438
2000-05-16,10.214707374572754
2000-05-17,9.871769905090332
2000-05-18,9.969746589660645
2000-05-19,9.553322792053223
2000-05-22,9.479838371276855
2000-05-23,9.528825759887695
2000-05-24,9.700297355651855
2000-05-25,9.773785591125488
2000-05-26,9.920757293701172
2000-05-30,10.116722106933594
2000-05-31,10.239206314086914
2000-06-01,10.361681938171387
2000-06-02,10.68012809753418
2000-06-05,10.631133079528809
2000-06-06,10.533148765563965
2000-06-07,10.38617992401123
2000-06-08,10.533148765563965
2000-06-09,10.557649612426758
2000-06-12,10.459663391113281
2000-06-13,10.58214282989502
2000-06-14,10.58214282989502
2000-06-15,10.50865650177002
2000-06-16,10.459663391113281
2000-06-19,10.361681938171387
2000-06-20,10.214707374572754
2000-06-21,9.994246482849121
2000-06-22,9.871769905090332
2000-06-23,9.969746589660645
2000-06-26,9.945253372192383
2000-06-27,9.994246482849121
2000-06-28,10.141219139099121
2000-06-29,9.969746589660645
2000-06-30,10.190213203430176
2000-07-03,10.263702392578125
2000-07-05,10.31269359588623
2000-07-06,10.435169219970703
2000-07-07,10.50865650177002
2000-07-10,10.533148765563965
2000-07-11,10.533148765563965
2000-07-12,10.337185859680176
2000-07-13,10.410673141479492
2000-07-14,10.557649612426758
2000-07-17,10.435169219970703
2000-07-18,10.165718078613281
2000-07-19,10.214707374572754
2000-07-20,10.31269359588623
2000-07-21,10.361681938171387
2000-07-24,10.361681938171387
2000-07-25,10.28819465637207
2000-07-26,10.361681938171387
2000-07-27,10.214707374572754
2000-07-28,9.920757293701172
2000-07-31,10.067733764648438
2000-08-01,9.969746589660645
2000-08-02,9.920757293701172
2000-08-03,9.822776794433594
2000-08-04,9.945253372192383
2000-08-07,9.994246482849121
2000-08-08,9.994246482849121
2000-08-09,10.067733764648438
2000-08-10,10.067733764648438
2000-08-11,10.239206314086914
2000-08-14,10.361681938171387
2000-08-15,10.50865650177002
2000-08-16,10.533148765563965
2000-08-17,10.533148765563965
2000-08-18,10.38617992401123
2000-08-21,10.361681938171387
2000-08-22,10.190213203430176
2000-08-23,10.067733764648438
2000-08-24,10.021540641784668
2000-08-25,10.021540641784668
2000-08-28,10.072412490844727
2000-08-29,9.970674514770508
2000-08-30,9.919800758361816
2000-08-31,9.894365310668945
2000-09-01,10.25046157836914
2000-09-05,10.09785270690918
2000-09-06,9.919800758361816
2000-09-07,10.046980857849121
2000-09-08,9.79262638092041
2000-09-11,9.818059921264648
2000-09-12,9.919800758361816
2000-09-13,9.79262638092041
2000-09-14,9.919800758361816
2000-09-15,9.919800758361816
2000-09-18,9.665446281433105
2000-09-19,9.512834548950195
2000-09-20,9.309351921081543
2000-09-21,9.360222816467285
2000-09-22,9.843496322631836
2000-09-25,9.79262638092041
2000-09-26,9.868929862976074
2000-09-27,9.79262638092041
2000-09-28,9.970674514770508
2000-09-29,9.919800758361816
2000-10-02,10.046980857849121
2000-10-03,10.072412490844727
2000-10-04,10.046980857849121
2000-10-05,10.09785270690918
2000-10-06,10.09785270690918
2000-10-09,9.767186164855957
2000-10-10,9.868929862976074
2000-10-11,9.61457347869873
2000-10-12,9.512834548950195
2000-10-13,9.360222816467285
2000-10-16,9.411097526550293
2000-10-17,9.233048439025879
2000-10-18,8.87695026397705
2000-10-19,9.538269996643066
2000-10-20,9.360222816467285
2000-10-23,9.18217658996582
2000-10-24,9.334787368774414
2000-10-25,9.207612991333008
2000-10-26,9.207612991333008
2000-10-27,9.258482933044434
2000-10-30,9.309351921081543
2000-10-31,9.563708305358887
2000-11-01,9.563708305358887
2000-11-02,9.716320991516113
2000-11-03,9.767186164855957
2000-11-06,9.716320991516113
2000-11-07,9.767186164855957
2000-11-08,9.538269996643066
2000-11-09,9.48740005493164
2000-11-10,9.156739234924316
2000-11-13,9.18217658996582
2000-11-14,9.436527252197266
2000-11-15,9.411097526550293
2000-11-16,9.207612991333008
2000-11-17,8.953255653381348
2000-11-20,8.85151481628418
2000-11-21,8.698904991149902
2000-11-22,8.49542236328125
2000-11-24,8.724337577819824
2000-11-27,8.749772071838379
2000-11-28,8.749772071838379
2000-11-29,8.800644874572754
2000-11-30,8.673466682434082
2000-12-01,8.85151481628418
2000-12-04,8.77520751953125
2000-12-05,9.10586929321289
2000-12-06,9.207612991333008
2000-12-07,9.207612991333008
2000-12-08,9.156739234924316
2000-12-11,9.385658264160156
2000-12-12,9.360222816467285
2000-12-13,9.258482933044434
2000-12-14,9.207612991333008
2000-12-15,8.87695026397705
2000-12-18,8.87695026397705
2000-12-19,9.080434799194336
2000-12-20,9.218579292297363
2000-12-21,9.563943862915039
2000-12-22,9.643643379211426
2000-12-26,9.643643379211426
2000-12-27,9.723342895507812
2000-12-28,9.643643379211426
2000-12-29,9.749908447265625
2001-01-02,10.015572547912598
2001-01-03,10.307805061340332
2001-01-04,10.626603126525879
2001-01-05,10.573471069335938
2001-01-08,10.546906471252441
2001-01-09,10.600038528442383
2001-01-10,10.41407299041748
2001-01-11,10.732870101928711
2001-01-12,10.918838500976562
2001-01-16,10.626603126525879
2001-01-17,10.706306457519531
2001-01-18,11.025104522705078
2001-01-19,10.786002159118652
2001-01-22,10.786002159118652
2001-01-23,10.945404052734375
2001-01-24,10.865704536437988
2001-01-25,10.786002159118652
2001-01-26,10.706306457519531
2001-01-29,10.524588584899902
2001-01-30,10.715867042541504
2001-01-31,10.834887504577637
2001-02-01,11.11543083190918
2001-02-02,10.732870101928711
2001-02-05,10.788130760192871
2001-02-06,10.711616516113281
2001-02-07,10.771126747131348
2001-02-08,10.792383193969727
2001-02-09,10.745620727539062
2001-02-12,10.945404052734375
2001-02-13,10.830633163452148
2001-02-14,10.524588584899902
2001-02-15,10.452330589294434
2001-02-16,10.435322761535645
2001-02-20,10.324809074401855
2001-02-21,10.265299797058105
2001-02-22,10.074020385742188
2001-02-23,10.116528511047363
2001-02-26,10.24404525756836
2001-02-27,10.265299797058105
2001-02-28,10.392817497253418
2001-03-01,10.452330589294434
2001-03-02,10.618102073669434
2001-03-05,10.643610000610352
2001-03-06,10.711616516113281
2001-03-07,10.856141090393066
2001-03-08,10.834887504577637
2001-03-09,10.58409595489502
2001-03-12,10.265299797058105
2001-03-13,10.329058647155762
2001-03-14,10.0357666015625
2001-03-15,10.095270156860352
2001-03-16,9.827485084533691
2001-03-19,9.861492156982422
2001-03-20,9.733967781066895
2001-03-21,9.478928565979004
2001-03-22,9.096370697021484
2001-03-23,9.308904647827148
2001-03-26,9.691459655761719
2001-03-27,9.861492156982422
2001-03-28,9.563943862915039
2001-03-29,9.585197448730469
2001-03-30,9.712716102600098
2001-04-02,9.733967781066895
2001-04-03,9.606451988220215
2001-04-04,9.85723876953125
2001-04-05,10.052767753601074
2001-04-06,10.023014068603516
2001-04-09,10.137779235839844
2001-04-10,10.137779235839844
2001-04-11,10.116528511047363
2001-04-12,10.180288314819336
2001-04-16,10.137779235839844
2001-04-17,9.903995513916016
2001-04-18,10.24404525756836
2001-04-19,10.290803909301758
2001-04-20,10.24404525756836
2001-04-23,9.925247192382812
2001-04-24,9.933751106262207
2001-04-25,9.925247192382812
2001-04-26,10.137779235839844
2001-04-27,10.146282196044922
2001-04-30,10.184540748596191
2001-05-01,10.350316047668457
2001-05-02,10.159035682678223
2001-05-03,9.997509002685547
2001-05-04,10.112278938293457
2001-05-07,10.061267852783203
2001-05-08,10.040018081665039
2001-05-09,10.027262687683105
2001-05-10,10.137779235839844
2001-05-11,10.095270156860352
2001-05-14,9.929499626159668
2001-05-15,10.086774826049805
2001-05-16,9.989008903503418
2001-05-17,10.159035682678223
2001-05-18,10.074020385742188
2001-05-21,10.014513969421387
2001-05-22,9.84023666381836
2001-05-23,9.75522518157959
2001-05-24,9.84023666381836
2001-05-25,9.712716102600098
2001-05-29,9.585197448730469
2001-05-30,9.563943862915039
2001-05-31,9.606451988220215
2001-06-01,9.478928565979004
2001-06-04,9.606451988220215
2001-06-05,9.712716102600098
2001-06-06,9.627700805664062
2001-06-07,9.67871379852295
2001-06-08,9.67871379852295
2001-06-11,9.606451988220215
2001-06-12,9.627700805664062
2001-06-13,9.661707878112793
2001-06-14,9.733967781066895
2001-06-15,9.71696949005127
2001-06-18,9.402422904968262
2001-06-19,9.266397476196289
2001-06-20,9.245146751403809
2001-06-21,9.147379875183105
2001-06-22,9.240893363952637
2001-06-25,9.317404747009277
2001-06-26,9.164384841918945
2001-06-27,9.13887882232666
2001-06-28,9.032614707946777
2001-06-29,9.032614707946777
2001-07-02,9.287650108337402
2001-07-03,9.287650108337402
2001-07-05,8.82008171081543
2001-07-06,8.713814735412598
2001-07-09,8.628803253173828
2001-07-10,8.752070426940918
2001-07-11,8.543793678283691
2001-07-12,8.48003101348877
2001-07-13,8.501283645629883
2001-07-16,8.48003101348877
2001-07-17,8.607549667358398
2001-07-18,8.543793678283691
2001-07-19,8.777573585510254
2001-07-20,8.709564208984375
2001-07-23,8.671311378479004
2001-07-24,8.692561149597168
2001-07-25,8.590546607971191
2001-07-26,8.633054733276367
2001-07-27,8.709564208984375
2001-07-30,8.82008171081543
2001-07-31,8.943349838256836
2001-08-01,9.117627143859863
2001-08-02,9.223892211914062
2001-08-03,9.05811882019043
2001-08-06,9.1431303024292
2001-08-07,9.032614707946777
2001-08-08,8.89659595489502
2001-08-09,8.883840560913086
2001-08-10,8.926350593566895
2001-08-13,9.032614707946777
2001-08-14,9.185636520385742
2001-08-15,9.245146751403809
2001-08-16,9.240893363952637
2001-08-17,9.096370697021484
2001-08-20,9.049616813659668
2001-08-21,9.011358261108398
2001-08-22,9.223892211914062
2001-08-23,9.304654121398926
2001-08-24,9.442978858947754
2001-08-27,9.404440879821777
2001-08-28,9.12179183959961
2001-08-29,9.143204689025879
2001-08-30,9.1646146774292
2001-08-31,9.1646146774292
2001-09-04,8.822012901306152
2001-09-05,8.629298210144043
2001-09-06,8.4365873336792
2001-09-07,8.372345924377441
2001-09-10,8.26528549194336
2001-09-17,7.772792816162109
2001-09-18,7.644318103790283
2001-09-19,7.6657304763793945
2001-09-20,7.365954875946045
2001-09-21,7.023351669311523
2001-09-24,7.38736629486084
2001-09-25,7.601491451263428
2001-09-26,7.601491451263428
2001-09-27,7.772792816162109
2001-09-28,8.008336067199707
2001-10-01,7.807051658630371
2001-10-02,7.879858016967773
2001-10-03,7.879858016967773
2001-10-04,8.004049301147461
2001-10-05,7.815619468688965
2001-10-08,7.794205665588379
2001-10-09,7.875573635101318
2001-10-10,8.136809349060059
2001-10-11,8.042594909667969
2001-10-12,8.064004898071289
2001-10-15,8.029746055603027
2001-10-16,8.303828239440918
2001-10-17,8.419456481933594
2001-10-18,8.329522132873535
2001-10-19,8.329522132873535
2001-10-22,8.205329895019531
2001-10-23,8.338088035583496
2001-10-24,8.56078052520752
2001-10-25,8.372345924377441
2001-10-26,8.45799732208252
2001-10-29,8.372345924377441
2001-10-30,8.201048851013184
2001-10-31,8.24815559387207
2001-11-01,8.312393188476562
2001-11-02,8.312393188476562
2001-11-05,8.517953872680664
2001-11-06,8.625016212463379
2001-11-07,8.607888221740723
2001-11-08,8.86055850982666
2001-11-09,8.689258575439453
2001-11-12,8.582193374633789
2001-11-13,8.809167861938477
2001-11-14,8.822012901306152
2001-11-15,8.822012901306152
2001-11-16,8.91623306274414
2001-11-19,9.078964233398438
2001-11-20,8.967618942260742
2001-11-21,8.779186248779297
2001-11-23,8.941925048828125
2001-11-26,9.010446548461914
2001-11-27,8.864836692810059
2001-11-28,8.86055850982666
2001-11-29,8.86055850982666
2001-11-30,8.869122505187988
2001-12-03,8.75777530670166
2001-12-04,8.954774856567383
2001-12-05,9.335916519165039
2001-12-06,9.297374725341797
2001-12-07,9.198877334594727
2001-12-10,9.074684143066406
2001-12-11,9.1646146774292
2001-12-12,9.083245277404785
2001-12-13,8.78347110748291
2001-12-14,9.010446548461914
2001-12-17,9.15177059173584
2001-12-18,9.040423393249512
2001-12-19,8.971901893615723
2001-12-20,8.839144706726074
2001-12-21,8.719232559204102
2001-12-24,8.719232559204102
2001-12-26,8.676408767700195
2001-12-27,8.907662391662598
2001-12-28,8.86055850982666
2001-12-31,8.847710609436035
2002-01-02,9.031858444213867
2002-01-03,9.1646146774292
2002-01-04,9.031858444213867
2002-01-07,8.719232559204102
2002-01-08,8.697819709777832
2002-01-09,8.603607177734375
2002-01-10,8.48369312286377
2002-01-11,8.479412078857422
2002-01-14,8.410889625549316
2002-01-15,8.479412078857422
2002-01-16,8.252437591552734
2002-01-17,8.453716278076172
2002-01-18,8.505107879638672
2002-01-22,8.539365768432617
2002-01-23,8.582193374633789
2002-01-24,8.633584022521973
2002-01-25,8.633584022521973
2002-01-28,8.582193374633789
2002-01-29,8.48797607421875
2002-01-30,8.350936889648438
2002-01-31,8.350936889648438
2002-02-01,8.475130081176758
2002-02-04,8.39376163482666
2002-02-05,8.188202857971191
2002-02-06,8.051158905029297
2002-02-07,8.205329895019531
2002-02-08,8.183917999267578
2002-02-11,8.282415390014648
2002-02-12,8.243871688842773
2002-02-13,8.188202857971191
2002-02-14,8.45799732208252
2002-02-15,8.350936889648438
2002-02-19,8.136809349060059
2002-02-20,8.136809349060059
2002-02-21,8.098265647888184
2002-02-22,8.196763038635254
2002-02-25,8.153939247131348
2002-02-26,8.205329895019531
2002-02-27,8.350936889648438
2002-02-28,8.445151329040527
2002-03-01,8.547932624816895
2002-03-04,8.839144706726074
2002-03-05,8.697819709777832
2002-03-06,8.843425750732422
2002-03-07,8.950489044189453
2002-03-08,8.843425750732422
2002-03-11,8.843425750732422
2002-03-12,8.697819709777832
2002-03-13,8.654996871948242
2002-03-14,8.779186248779297
2002-03-15,8.90338134765625
2002-03-18,8.890534400939941
2002-03-19,9.074684143066406
2002-03-20,9.010446548461914
2002-03-21,8.950489044189453
2002-03-22,8.826294898986816
2002-03-25,8.629298210144043
2002-03-26,8.61216926574707
2002-03-27,8.663558959960938
2002-03-28,8.727799415588379
2002-04-01,8.792037010192871
2002-04-02,8.774908065795898
2002-04-03,8.774908065795898
2002-04-04,8.676408767700195
2002-04-05,8.774908065795898
2002-04-08,8.440868377685547
2002-04-09,8.625016212463379
2002-04-10,8.710667610168457
2002-04-11,8.710667610168457
2002-04-12,8.582193374633789
2002-04-15,8.633584022521973
2002-04-16,9.031858444213867
2002-04-17,9.113229751586914
2002-04-18,9.096094131469727
2002-04-19,9.134642601013184
2002-04-22,9.040423393249512
2002-04-23,9.040423393249512
2002-04-24,8.997594833374023
2002-04-25,9.014726638793945
2002-04-26,8.933361053466797
2002-04-29,9.031858444213867
2002-04-30,8.941925048828125
2002-05-01,9.074684143066406
2002-05-02,8.924795150756836
2002-05-03,9.053271293640137
2002-05-06,8.954774856567383
2002-05-07,8.907662391662598
2002-05-08,8.937644004821777
2002-05-09,8.933361053466797
2002-05-10,8.822012901306152
2002-05-13,8.911948204040527
2002-05-14,9.010446548461914
2002-05-15,9.061837196350098
2002-05-16,9.083245277404785
2002-05-17,9.108942985534668
2002-05-20,9.053271293640137
2002-05-21,8.989032745361328
2002-05-22,8.971901893615723
2002-05-23,8.929079055786133
2002-05-24,8.929079055786133
2002-05-28,8.971901893615723
2002-05-29,9.019007682800293
2002-05-30,8.954774856567383
2002-05-31,8.954774856567383
2002-06-03,9.087532043457031
2002-06-04,8.779186248779297
2002-06-05,8.676408767700195
2002-06-06,8.697819709777832
2002-06-07,8.590758323669434
2002-06-10,8.569345474243164
2002-06-11,8.689258575439453
2002-06-12,8.48369312286377
2002-06-13,8.410889625549316
2002-06-14,8.308110237121582
2002-06-17,8.406606674194336
2002-06-18,8.419456481933594
2002-06-19,8.350936889648438
2002-06-20,8.308110237121582
2002-06-21,8.119680404663086
2002-06-24,7.961226463317871
2002-06-25,8.029746055603027
2002-06-26,8.051158905029297
2002-06-27,8.158222198486328
2002-06-28,8.338088035583496
2002-07-01,8.269566535949707
2002-07-02,8.07685375213623
2002-07-03,7.901270866394043
2002-07-05,7.901270866394043
2002-07-08,8.500823020935059
2002-07-09,8.415172576904297
2002-07-10,8.243871688842773
2002-07-11,8.064004898071289
2002-07-12,8.158222198486328
2002-07-15,7.862728595733643
2002-07-16,7.926964282989502
2002-07-17,8.213894844055176
2002-07-18,8.252437591552734
2002-07-19,7.837031364440918
2002-07-22,7.802772521972656
2002-07-23,7.263171672821045
2002-07-24,7.627187252044678
2002-07-25,7.794205665588379
2002-07-26,7.678577899932861
2002-07-29,8.068286895751953
2002-07-30,7.708555698394775
2002-07-31,7.541539192199707
2002-08-01,7.276021480560303
2002-08-02,7.404496192932129
2002-08-05,7.113283634185791
2002-08-06,7.241760730743408
2002-08-07,7.258890628814697
2002-08-08,7.575798034667969
2002-08-09,7.622905254364014
2002-08-12,7.622905254364014
2002-08-13,7.451602458953857
2002-08-14,7.344541549682617
2002-08-15,7.575798034667969
2002-08-16,7.575798034667969
2002-08-19,7.575798034667969
2002-08-20,7.6657304763793945
2002-08-21,7.772792816162109
2002-08-22,7.862728595733643
2002-08-23,7.69142484664917
2002-08-26,7.811336040496826
2002-08-27,7.965507984161377
2002-08-28,7.747098445892334
2002-08-29,7.704273223876953
2002-08-30,7.725685119628906
2002-09-03,7.417344093322754
2002-09-04,7.391646385192871
2002-09-05,7.3274102210998535
2002-09-06,7.430191516876221
2002-09-09,7.305995464324951
2002-09-10,7.464451313018799
2002-09-11,7.464451313018799
2002-09-12,7.464451313018799
2002-09-13,7.464451313018799
2002-09-16,7.1775221824646
2002-09-17,7.168955326080322
2002-09-18,7.1090006828308105
2002-09-19,6.937700271606445
2002-09-20,6.873462677001953
2002-09-23,6.637925148010254
2002-09-24,6.385251522064209
2002-09-25,6.547989845275879
2002-09-26,6.685030937194824
2002-09-27,6.53514289855957
2002-09-30,6.547989845275879
2002-10-01,6.475186824798584
2002-10-02,6.556554317474365
2002-10-03,6.702163219451904
2002-10-04,6.573685169219971
2002-10-07,6.4709038734436035
2002-10-08,6.59081506729126
2002-10-09,6.59081506729126
2002-10-10,6.449490547180176
2002-10-11,6.6636176109313965
2002-10-14,6.659337043762207
2002-10-15,7.08330774307251
2002-10-16,6.916288375854492
2002-10-17,6.916288375854492
2002-10-18,7.08330774307251
2002-10-21,7.08330774307251
2002-10-22,7.254607677459717
2002-10-23,7.130415439605713
2002-10-24,7.049046039581299
2002-10-25,7.2374773025512695
2002-10-28,7.357388973236084
2002-10-29,7.357388973236084
2002-10-30,7.357388973236084
2002-10-31,7.323129653930664
2002-11-01,7.511558532714844
2002-11-04,7.708555698394775
2002-11-05,7.811336040496826
2002-11-06,7.712839603424072
2002-11-07,7.473017692565918
2002-11-08,7.4558868408203125
2002-11-11,7.473017692565918
2002-11-12,7.580080509185791
2002-11-13,7.430191516876221
2002-11-14,7.704273223876953
2002-11-15,7.652884483337402
2002-11-18,7.794205665588379
2002-11-19,7.772792816162109
2002-11-20,7.652884483337402
2002-11-21,7.88414192199707
2002-11-22,7.909832954406738
2002-11-25,7.9997687339782715
2002-11-26,7.794205665588379
2002-11-27,8.072572708129883
2002-11-29,8.072572708129883
2002-12-02,8.218175888061523
2002-12-03,7.991203308105469
2002-12-04,8.008336067199707
2002-12-05,8.016899108886719
2002-12-06,7.837031364440918
2002-12-09,7.742816925048828
2002-12-10,7.772792816162109
2002-12-11,7.811336040496826
2002-12-12,7.751379489898682
2002-12-13,7.635753631591797
2002-12-16,7.9226813316345215
2002-12-17,7.875573635101318
2002-12-18,7.751379489898682
2002-12-19,7.721404552459717
2002-12-20,7.789926052093506
2002-12-23,7.710444450378418
2002-12-24,7.883228778839111
2002-12-26,7.883228778839111
2002-12-27,7.693164348602295
2002-12-30,7.753639221191406
2002-12-31,7.649970531463623
2003-01-02,7.757960319519043
2003-01-03,7.757960319519043
2003-01-06,8.012812614440918
2003-01-07,8.112167358398438
2003-01-08,8.155359268188477
2003-01-09,8.267667770385742
2003-01-10,8.297904968261719
2003-01-13,8.46204948425293
2003-01-14,8.548441886901855
2003-01-15,8.449088096618652
2003-01-16,8.531163215637207
2003-01-17,8.362699508666992
2003-01-21,8.259031295776367
2003-01-22,8.142399787902832
2003-01-23,8.315183639526367
2003-01-24,8.267667770385742
2003-01-27,7.952340126037598
2003-01-28,7.991214275360107
2003-01-29,7.904824256896973
2003-01-30,7.840029239654541
2003-01-31,7.883228778839111
2003-02-03,7.909145355224609
2003-02-04,7.8443522453308105
2003-02-05,7.8443522453308105
2003-02-06,7.775237083435059
2003-02-07,7.753639221191406
2003-02-10,7.606777191162109
2003-02-11,7.693164348602295
2003-02-12,7.63701057434082
2003-02-13,7.723403453826904
2003-02-14,7.952340126037598
2003-02-18,8.138081550598145
2003-02-19,7.986897945404053
2003-02-20,8.008495330810547
2003-02-21,8.038731575012207
2003-02-24,7.865944862365723
2003-02-25,7.814111709594727
2003-02-26,7.706123352050781
2003-02-27,7.757960319519043
2003-02-28,7.943699836730957
2003-03-03,8.008495330810547
2003-03-04,7.796835422515869
2003-03-05,7.922102451324463
2003-03-06,7.7795586585998535
2003-03-07,7.736361026763916
2003-03-10,7.4944658279418945
2003-03-11,7.537660121917725
2003-03-12,7.37783670425415
2003-03-13,7.641333103179932
2003-03-14,7.732040882110596
2003-03-17,8.06032943725586
2003-03-18,7.973938941955566
2003-03-19,8.077609062194824
2003-03-20,8.056009292602539
2003-03-21,8.142399787902832
2003-03-24,7.7795586585998535
2003-03-25,7.943699836730957
2003-03-26,8.03441047668457
2003-03-27,7.848670959472656
2003-03-28,7.913461685180664
2003-03-31,7.8270721435546875
2003-04-01,8.008495330810547
2003-04-02,8.207195281982422
2003-04-03,8.185598373413086
2003-04-04,8.367019653320312
2003-04-07,8.388618469238281
2003-04-08,8.388618469238281
2003-04-09,8.500929832458496
2003-04-10,8.487967491149902
2003-04-11,8.496606826782227
2003-04-14,8.690987586975098
2003-04-15,8.639153480529785
2003-04-16,8.699626922607422
2003-04-17,8.876730918884277
2003-04-21,8.78170108795166
2003-04-22,9.023594856262207
2003-04-23,8.91992473602295
2003-04-24,8.91992473602295
2003-04-25,8.811939239501953
2003-04-28,8.980398178100586
2003-04-29,8.954482078552246
2003-04-30,8.906963348388672
2003-05-01,8.91992473602295
2003-05-02,8.980398178100586
2003-05-05,9.058151245117188
2003-05-06,9.239575386047363
2003-05-07,8.954482078552246
2003-05-08,8.86809253692627
2003-05-09,9.053831100463867
2003-05-12,9.08406925201416
2003-05-13,9.001999855041504
2003-05-14,8.937204360961914
2003-05-15,9.014955520629883
2003-05-16,9.166138648986816
2003-05-19,8.989038467407227
2003-05-20,9.040877342224121
2003-05-21,8.945841789245605
2003-05-22,9.071110725402832
2003-05-23,9.222298622131348
2003-05-27,9.330286979675293
2003-05-28,9.347563743591309
2003-05-29,9.390758514404297
2003-05-30,9.382120132446289
2003-06-02,9.503067016601562
2003-06-03,9.481471061706543
2003-06-04,9.559225082397461
2003-06-05,9.675850868225098
2003-06-06,9.615376472473145
2003-06-09,9.632655143737793
2003-06-10,9.593779563903809
2003-06-11,9.809755325317383
2003-06-12,9.874552726745605
2003-06-13,10.01710033416748
2003-06-16,10.125088691711426
2003-06-17,10.086210250854492
2003-06-18,10.021416664123535
2003-06-19,9.978221893310547
2003-06-20,9.943666458129883
2003-06-23,9.766563415527344
2003-06-24,9.706087112426758
2003-06-25,9.641295433044434
2003-06-26,9.779522895812988
2003-06-27,9.65857219696045
2003-06-30,9.654252052307129
2003-07-01,9.710409164428711
2003-07-02,9.736323356628418
2003-07-03,9.632655143737793
2003-07-07,9.732008934020996
2003-07-08,9.719047546386719
2003-07-09,9.719047546386719
2003-07-10,9.550580978393555
2003-07-11,9.736323356628418
2003-07-14,9.766563415527344
2003-07-15,9.67153263092041
2003-07-16,9.60241985321045
2003-07-17,9.5635404586792
2003-07-18,9.632655143737793
2003-07-21,9.5635404586792
2003-07-22,9.675850868225098
2003-07-23,9.736323356628418
2003-07-24,9.762246131896973
2003-07-25,9.973901748657227
2003-07-28,9.952305793762207
2003-07-29,9.779522895812988
2003-07-30,9.82271671295166
2003-07-31,9.82271671295166
2003-08-01,9.801116943359375
2003-08-04,9.814077377319336
2003-08-05,9.79680061340332
2003-08-06,9.801116943359375
2003-08-07,9.744963645935059
2003-08-08,9.675850868225098
2003-08-11,9.79680061340332
2003-08-12,9.79248046875
2003-08-13,9.779522895812988
2003-08-14,9.904789924621582
2003-08-15,9.82703685760498
2003-08-18,9.891830444335938
2003-08-19,9.913431167602539
2003-08-20,9.909110069274902
2003-08-21,9.736323356628418
2003-08-22,9.75792407989502
2003-08-25,9.675850868225098
2003-08-26,9.710409164428711
2003-08-27,9.593779563903809
2003-08-28,9.636974334716797
2003-08-29,9.736323356628418
2003-09-02,9.736323356628418
2003-09-03,9.82703685760498
2003-09-04,9.831357955932617
2003-09-05,9.896151542663574
2003-09-08,10.064610481262207
2003-09-09,10.043014526367188
2003-09-10,9.887511253356934
2003-09-11,9.887511253356934
2003-09-12,9.85295581817627
2003-09-15,9.887511253356934
2003-09-16,9.952305793762207
2003-09-17,9.973901748657227
2003-09-18,10.068934440612793
2003-09-19,10.01710033416748
2003-09-22,9.913431167602539
2003-09-23,9.952305793762207
2003-09-24,9.783842086791992
2003-09-25,9.762246131896973
2003-09-26,9.667211532592773
2003-09-29,9.783842086791992
2003-09-30,9.68016529083252
2003-10-01,9.956624984741211
2003-10-02,9.749285697937012
2003-10-03,9.917746543884277
2003-10-06,10.081891059875488
2003-10-07,10.116447448730469
2003-10-08,10.129404067993164
2003-10-09,10.176919937133789
2003-10-10,10.267637252807617
2003-10-13,10.241717338562012
2003-10-14,10.297870635986328
2003-10-15,10.181243896484375
2003-10-16,10.19420337677002
2003-10-17,10.073251724243164
2003-10-20,10.129404067993164
2003-10-21,10.151002883911133
2003-10-22,10.146683692932129
2003-10-23,10.051651954650879
2003-10-24,10.077568054199219
2003-10-27,10.107810020446777
2003-10-28,10.172602653503418
2003-10-29,10.172602653503418
2003-10-30,10.289230346679688
2003-10-31,10.237397193908691
2003-11-03,10.284912109375
2003-11-04,10.241717338562012
2003-11-05,10.267637252807617
2003-11-06,10.293551445007324
2003-11-07,10.388578414916992
2003-11-10,10.362661361694336
2003-11-11,10.284912109375
2003-11-12,10.582962989807129
2003-11-13,10.544087409973145
2003-11-14,10.690953254699707
2003-11-17,10.392903327941895
2003-11-18,10.535445213317871
2003-11-19,10.595922470092773
2003-11-20,10.552721977233887
2003-11-21,10.582962989807129
2003-11-24,10.621841430664062
2003-11-25,10.66503620147705
2003-11-26,10.652076721191406
2003-11-28,10.798937797546387
2003-12-01,10.993319511413574
2003-12-02,11.058119773864746
2003-12-03,11.10995101928711
2003-12-04,11.006281852722168
2003-12-05,11.084031105041504
2003-12-08,11.11427116394043
2003-12-09,11.20497989654541
2003-12-10,11.179064750671387
2003-12-11,11.32593059539795
2003-12-12,11.399362564086914
2003-12-15,11.425283432006836
2003-12-16,11.54190731048584
2003-12-17,11.567827224731445
2003-12-18,11.775161743164062
2003-12-19,11.719011306762695
2003-12-22,11.757837295532227
2003-12-23,11.810194969177246
2003-12-24,11.87127685546875
2003-12-26,11.949806213378906
2003-12-29,12.085050582885742
2003-12-30,11.989072799682617
2003-12-31,12.041421890258789
2004-01-02,12.285743713378906
2004-01-05,12.521336555480957
2004-01-06,12.5606050491333
2004-01-07,12.486432075500488
2004-01-08,12.647854804992676
2004-01-09,12.630406379699707
2004-01-12,12.691484451293945
2004-01-13,12.647854804992676
2004-01-14,12.630406379699707
2004-01-15,12.543150901794434
2004-01-16,12.346821784973145
2004-01-20,12.573687553405762
2004-01-21,12.770014762878418
2004-01-22,12.809282302856445
2004-01-23,12.63913345336914
2004-01-26,12.551877975463867
2004-01-27,12.634771347045898
2004-01-28,12.564961433410645
2004-01-29,12.399176597595215
2004-01-30,12.294465065002441
2004-02-02,12.277016639709473
2004-02-03,12.403539657592773
2004-02-04,12.325008392333984
2004-02-05,12.47770881652832
2004-02-06,12.691484451293945
2004-02-09,12.835460662841797
2004-02-10,12.9794340133667
2004-02-11,13.210662841796875
2004-02-12,13.210662841796875
2004-02-13,13.049238204956055
2004-02-17,13.219391822814941
2004-02-18,13.17139720916748
2004-02-19,13.175761222839355
2004-02-20,12.866000175476074
2004-02-23,12.874727249145508
2004-02-24,12.874727249145508
2004-02-25,12.804922103881836
2004-02-26,12.617319107055664
2004-02-27,12.839825630187988
2004-03-01,12.94453239440918
2004-03-02,12.687124252319336
2004-03-03,12.58678150177002
2004-03-04,12.682761192321777
2004-03-05,12.900900840759277
2004-03-08,12.835460662841797
2004-03-09,12.643497467041016
2004-03-10,12.538789749145508
2004-03-11,12.303200721740723
2004-03-12,12.233391761779785
2004-03-15,11.666223526000977
2004-03-16,11.893086433410645
2004-03-17,12.163585662841797
2004-03-18,12.137408256530762
2004-03-19,11.897451400756836
2004-03-22,11.775290489196777
2004-03-23,11.919261932373047
2004-03-24,11.679309844970703
2004-03-25,11.99343204498291
2004-03-26,11.98470687866211
2004-03-29,12.10250473022461
2004-03-30,12.08069133758545
2004-03-31,12.311923027038574
2004-04-01,12.416631698608398
2004-04-02,12.420989036560059
2004-04-05,12.407903671264648
2004-04-06,12.399176597595215
2004-04-07,12.512614250183105
2004-04-08,12.521336555480957
2004-04-12,12.582413673400879
2004-04-13,12.39045238494873
2004-04-14,12.342461585998535
2004-04-15,12.346821784973145
2004-04-16,12.48206901550293
2004-04-19,12.425357818603516
2004-04-20,12.233391761779785
2004-04-21,12.194125175476074
2004-04-22,12.303200721740723
2004-04-23,12.246477127075195
2004-04-26,12.290107727050781
2004-04-27,12.381725311279297
2004-04-28,12.041421890258789
2004-04-29,11.954166412353516
2004-04-30,12.010887145996094
2004-05-03,12.098142623901367
2004-05-04,12.215935707092285
2004-05-05,12.407903671264648
2004-05-06,12.176671981811523
2004-05-07,11.779655456542969
2004-05-10,11.574604034423828
2004-05-11,11.674945831298828
2004-05-12,11.692399978637695
2004-05-13,11.530974388122559
2004-05-14,11.565875053405762
2004-05-17,11.439352989196777
2004-05-18,11.482983589172363
2004-05-19,11.744751930236816
2004-05-20,11.596413612365723
2004-05-21,11.61386775970459
2004-05-24,11.788378715515137
2004-05-25,12.429716110229492
2004-05-26,12.093778610229492
2004-05-27,12.224666595458984
2004-05-28,12.1068696975708
2004-06-01,11.936715126037598
2004-06-02,12.141768455505371
2004-06-03,12.010887145996094
2004-06-04,12.277016639709473
2004-06-07,12.468981742858887
2004-06-08,12.412266731262207
2004-06-09,12.133042335510254
2004-06-10,12.181034088134766
2004-06-14,11.879999160766602
2004-06-15,12.181034088134766
2004-06-16,12.093778610229492
2004-06-17,12.242116928100586
2004-06-18,12.294465065002441
2004-06-21,12.242116928100586
2004-06-22,12.259563446044922
2004-06-23,12.285743713378906
2004-06-24,12.368635177612305
2004-06-25,12.290107727050781
2004-06-28,12.403539657592773
2004-06-29,12.215935707092285
2004-06-30,12.355547904968262
2004-07-01,12.285743713378906
2004-07-02,12.35118293762207
2004-07-06,12.32936954498291
2004-07-07,12.556238174438477
2004-07-08,12.525697708129883
2004-07-09,12.543150901794434
2004-07-12,12.525697708129883
2004-07-13,12.47770881652832
2004-07-14,12.451530456542969
2004-07-15,12.407903671264648
2004-07-16,12.495158195495605
2004-07-19,12.543150901794434
2004-07-20,12.412266731262207
2004-07-21,12.277016639709473
2004-07-22,12.346821784973145
2004-07-23,11.958525657653809
2004-07-26,11.792744636535645
2004-07-27,11.954166412353516
2004-07-28,11.845097541809082
2004-07-29,11.975981712341309
2004-07-30,11.919261932373047
2004-08-02,11.980345726013184
2004-08-03,11.914900779724121
2004-08-04,11.897451400756836
2004-08-05,11.862550735473633
2004-08-06,11.836371421813965
2004-08-09,11.80583381652832
2004-08-10,11.827649116516113
2004-08-11,11.709850311279297
2004-08-12,11.714214324951172
2004-08-13,11.714214324951172
2004-08-16,11.823286056518555
2004-08-17,11.875638961791992
2004-08-18,12.067601203918457
2004-08-19,12.1068696975708
2004-08-20,11.99343204498291
2004-08-23,11.919261932373047
2004-08-24,11.884363174438477
2004-08-25,11.945446014404297
2004-08-26,11.958525657653809
2004-08-27,11.919261932373047
2004-08-30,11.941076278686523
2004-08-31,12.0894136428833
2004-09-01,12.119951248168945
2004-09-02,12.333734512329102
2004-09-03,12.237747192382812
2004-09-07,12.333734512329102
2004-09-08,12.36427116394043
2004-09-09,12.386090278625488
2004-09-10,12.442805290222168
2004-09-13,12.486432075500488
2004-09-14,12.499521255493164
2004-09-15,12.36427116394043
2004-09-16,12.442805290222168
2004-09-17,12.451530456542969
2004-09-20,12.233391761779785
2004-09-21,12.516971588134766
2004-09-22,12.307559967041016
2004-09-23,12.303200721740723
2004-09-24,12.28138256072998
2004-09-27,12.211570739746094
2004-09-28,12.359911918640137
2004-09-29,12.420989036560059
2004-09-30,12.516971588134766
2004-10-01,12.752564430236816
2004-10-04,12.791834831237793
2004-10-05,12.883450508117676
2004-10-06,12.961982727050781
2004-10-07,12.975069046020508
2004-10-08,13.014336585998535
2004-10-11,13.127772331237793
2004-10-12,12.866000175476074
2004-10-13,12.787467956542969
2004-10-14,12.787467956542969
2004-10-15,13.023061752319336
2004-10-18,13.088508605957031
2004-10-19,13.088508605957031
2004-10-20,13.17139720916748
2004-10-21,13.324095726013184
2004-10-22,13.324095726013184
2004-10-25,13.3153715133667
2004-10-26,13.319738388061523
2004-10-27,13.437529563903809
2004-10-28,13.633858680725098
2004-10-29,13.677488327026367
2004-11-01,13.734206199645996
2004-11-02,13.721115112304688
2004-11-03,13.812734603881836
2004-11-04,14.039602279663086
2004-11-05,14.061418533325195
2004-11-08,14.000335693359375
2004-11-09,13.96979808807373
2004-11-10,13.869452476501465
2004-11-11,14.061418533325195
2004-11-12,14.096321105957031
2004-11-15,14.009062767028809
2004-11-16,13.926168441772461
2004-11-17,14.187941551208496
2004-11-18,14.30573558807373
2004-11-19,14.314461708068848
2004-11-22,14.323187828063965
2004-11-23,14.279556274414062
2004-11-24,14.48897647857666
2004-11-26,14.70711612701416
2004-11-29,14.755105972290039
2004-11-30,14.746380805969238
2004-12-01,14.838005065917969
2004-12-02,14.859818458557129
2004-12-03,15.008150100708008
2004-12-06,15.043055534362793
2004-12-07,14.986334800720215
2004-12-08,14.881629943847656
2004-12-09,14.955798149108887
2004-12-10,14.798737525939941
2004-12-13,15.073592185974121
2004-12-14,15.086682319641113
2004-12-15,15.182671546936035
2004-12-16,15.03432846069336
2004-12-17,15.029972076416016
2004-12-20,15.160848617553711
2004-12-21,15.26992130279541
2004-12-22,15.365912437438965
2004-12-23,15.579465866088867
2004-12-27,15.690455436706543
2004-12-28,15.725982666015625
2004-12-29,15.783695220947266
2004-12-30,15.828099250793457
2004-12-31,15.672700881958008
2005-01-03,15.592779159545898
2005-01-04,15.295310020446777
2005-01-05,15.210949897766113
2005-01-06,15.281990051269531
2005-01-07,14.953446388244629
2005-01-10,15.059998512268066
2005-01-11,14.980079650878906
2005-01-12,15.17099666595459
2005-01-13,15.162111282348633
2005-01-14,15.086637496948242
2005-01-18,15.175436973571777
2005-01-19,15.077753067016602
2005-01-20,14.851330757141113
2005-01-21,14.846883773803711
2005-01-24,14.829123497009277
2005-01-25,14.838005065917969
2005-01-26,15.166553497314453
2005-01-27,15.104394912719727
2005-01-28,15.224272727966309
2005-01-31,15.41963005065918
2005-02-01,15.521743774414062
2005-02-02,15.530628204345703
2005-02-03,15.441824913024902
2005-02-04,15.570579528808594
2005-02-07,15.41963005065918
2005-02-08,15.468466758728027
2005-02-09,15.468466758728027
2005-02-10,15.592779159545898
2005-02-11,15.80589771270752
2005-02-14,15.90800952911377
2005-02-15,16.0456485748291
2005-02-16,15.983489990234375
2005-02-17,15.99237060546875
2005-02-18,15.956849098205566
2005-02-22,15.694896697998047
2005-02-23,15.725982666015625
2005-02-24,15.792573928833008
2005-02-25,15.987927436828613
2005-02-28,15.868056297302246
2005-03-01,16.00124740600586
2005-03-02,15.779254913330078
2005-03-03,15.739296913146973
2005-03-04,16.161087036132812
2005-03-07,16.032333374023438
2005-03-08,16.161087036132812
2005-03-09,16.08116340637207
2005-03-10,15.934652328491211
2005-03-11,15.90800952911377
2005-03-14,15.845854759216309
2005-03-15,15.765934944152832
2005-03-16,15.6993408203125
2005-03-17,15.797015190124512
2005-03-18,15.641621589660645
2005-03-21,15.44626522064209
2005-03-22,15.335274696350098
2005-03-23,15.255352020263672
2005-03-24,15.370790481567383
2005-03-28,15.286436080932617
2005-03-29,15.26867389678955
2005-03-30,15.366349220275879
2005-03-31,15.304187774658203
2005-04-01,15.210949897766113
2005-04-04,15.042238235473633
2005-04-05,15.202073097229004
2005-04-06,15.35303020477295
2005-04-07,15.415190696716309
2005-04-08,15.397427558898926
2005-04-11,15.464025497436523
2005-04-12,15.464025497436523
2005-04-13,15.361908912658691
2005-04-14,15.281990051269531
2005-04-15,15.055558204650879
2005-04-18,15.002280235290527
2005-04-19,15.15767765045166
2005-04-20,14.944563865661621
2005-04-21,15.122157096862793
2005-04-22,15.135477066040039
2005-04-25,15.15767765045166
2005-04-26,15.02004337310791
2005-04-27,14.806926727294922
2005-04-28,14.629334449768066
2005-04-29,14.851330757141113
2005-05-02,15.04667854309082
2005-05-03,15.082198143005371
2005-05-04,15.295310020446777
2005-05-05,15.233152389526367
2005-05-06,15.188756942749023
2005-05-09,15.179877281188965
2005-05-10,15.037797927856445
2005-05-11,15.02004337310791
2005-05-12,14.913477897644043
2005-05-13,14.895723342895508
2005-05-16,14.980079650878906
2005-05-17,14.980079650878906
2005-05-18,15.215394020080566
2005-05-19,15.273112297058105
2005-05-20,15.202073097229004
2005-05-23,15.246472358703613
2005-05-24,15.09996223449707
2005-05-25,15.153227806091309
2005-05-26,15.153227806091309
2005-05-27,15.117718696594238
2005-05-31,14.882402420043945
2005-06-01,14.864643096923828
2005-06-02,15.04667854309082
2005-06-03,14.873523712158203
2005-06-06,14.917922019958496
2005-06-07,14.984519958496094
2005-06-08,14.855765342712402
2005-06-09,14.957878112792969
2005-06-10,14.913477897644043
2005-06-13,14.895723342895508
2005-06-14,14.833568572998047
2005-06-15,14.931244850158691
2005-06-16,14.97563648223877
2005-06-17,15.242035865783691
2005-06-20,15.033361434936523
2005-06-21,15.153227806091309
2005-06-22,15.139918327331543
2005-06-23,15.07331657409668
2005-06-24,14.988960266113281
2005-06-27,14.962323188781738
2005-06-28,14.980079650878906
2005-06-29,15.051121711730957
2005-06-30,15.139918327331543
2005-07-01,15.059998512268066
2005-07-05,15.024480819702148
2005-07-06,15.077753067016602
2005-07-07,14.993396759033203
2005-07-08,15.15767765045166
2005-07-11,15.388545036315918
2005-07-12,15.663818359375
2005-07-13,15.526185035705566
2005-07-14,15.579465866088867
2005-07-15,15.490657806396484
2005-07-18,15.432944297790527
2005-07-19,15.517302513122559
2005-07-20,15.739296913146973
2005-07-21,15.668259620666504
2005-07-22,15.566143035888672
2005-07-25,15.539502143859863
2005-07-26,15.592779159545898
2005-07-27,15.748177528381348
2005-07-28,15.903568267822266
2005-07-29,15.792573928833008
2005-08-01,15.872495651245117
2005-08-02,15.93908977508545
2005-08-03,16.11668586730957
2005-08-04,16.058963775634766
2005-08-05,15.987927436828613
2005-08-08,16.01456642150879
2005-08-09,16.187715530395508
2005-08-10,16.227680206298828
2005-08-11,16.427465438842773
2005-08-12,16.320920944213867
2005-08-15,16.29428482055664
2005-08-16,16.098920822143555
2005-08-17,15.970169067382812
2005-08-18,15.810331344604492
2005-08-19,15.859171867370605
2005-08-22,15.965727806091309
2005-08-23,15.89913272857666
2005-08-24,15.8369722366333
2005-08-25,15.872495651245117
2005-08-26,15.6993408203125
2005-08-29,15.770377159118652
2005-08-30,15.668259620666504
2005-08-31,15.956849098205566
2005-09-01,16.285400390625
2005-09-02,16.365318298339844
2005-09-06,16.716064453125
2005-09-07,16.684988021850586
2005-09-08,16.64946937561035
2005-09-09,16.795984268188477
2005-09-12,16.57398796081543
2005-09-13,16.45855712890625
2005-09-14,16.47186851501465
2005-09-15,16.431913375854492
2005-09-16,16.636146545410156
2005-09-19,16.396398544311523
2005-09-20,16.352001190185547
2005-09-21,16.418594360351562
2005-09-22,16.46742820739746
2005-09-23,16.44968032836914
2005-09-26,16.516271591186523
2005-09-27,16.454116821289062
2005-09-28,16.64946937561035
2005-09-29,16.87146759033203
2005-09-30,16.756023406982422
2005-10-03,16.636146545410156
2005-10-04,16.54291343688965
2005-10-05,16.54291343688965
2005-10-06,16.742708206176758
2005-10-07,16.72050666809082
2005-10-10,16.711627960205078
2005-10-11,16.693864822387695
2005-10-12,16.494077682495117
2005-10-13,16.374202728271484
2005-10-14,16.62727165222168
2005-10-17,16.50739288330078
2005-10-18,16.201040267944336
2005-10-19,16.316478729248047
2005-10-20,15.921331405639648
2005-10-21,16.050086975097656
2005-10-24,16.378633499145508
2005-10-25,16.298717498779297
2005-10-26,16.227680206298828
2005-10-27,16.138883590698242
2005-10-28,16.19216537475586
2005-10-31,16.2143611907959
2005-11-01,16.076730728149414
2005-11-02,16.227680206298828
2005-11-03,16.036766052246094
2005-11-04,15.859171867370605
2005-11-07,15.894691467285156
2005-11-08,15.828099250793457
2005-11-09,15.89913272857666
2005-11-10,15.894691467285156
2005-11-11,15.934652328491211
2005-11-14,15.859171867370605
2005-11-15,15.725982666015625
2005-11-16,15.71265697479248
2005-11-17,15.912456512451172
2005-11-18,15.979050636291504
2005-11-21,16.010128021240234
2005-11-22,16.107803344726562
2005-11-23,16.23656463623047
2005-11-25,16.125568389892578
2005-11-28,16.227680206298828
2005-11-29,16.152206420898438
2005-11-30,16.072288513183594
2005-12-01,16.25876235961914
2005-12-02,16.125568389892578
2005-12-05,15.996811866760254
2005-12-06,16.00124740600586
2005-12-07,15.797015190124512
2005-12-08,15.894691467285156
2005-12-09,16.036766052246094
2005-12-12,16.19216537475586
2005-12-13,16.276519775390625
2005-12-14,16.316478729248047
2005-12-15,16.143325805664062
2005-12-16,16.316478729248047
2005-12-19,16.26320457458496
2005-12-20,16.19216537475586
2005-12-21,16.26320457458496
2005-12-22,16.38308334350586
2005-12-23,16.39259147644043
2005-12-27,16.41524314880371
2005-12-28,16.446962356567383
2005-12-29,16.437894821166992
2005-12-30,16.388059616088867
2006-01-03,16.918169021606445
2006-01-04,17.06768798828125
2006-01-05,17.026912689208984
2006-01-06,17.217208862304688
2006-01-09,17.11752700805664
2006-01-10,17.00425910949707
2006-01-11,17.203611373901367
2006-01-12,17.01784896850586
2006-01-13,17.022375106811523
2006-01-17,16.913639068603516
2006-01-18,16.74146842956543
2006-01-19,16.954416275024414
2006-01-20,16.673503875732422
2006-01-23,16.972543716430664
2006-01-24,16.945356369018555
2006-01-25,17.090341567993164
2006-01-26,17.26251220703125
2006-01-27,17.221731185913086
2006-01-30,17.27157211303711
2006-01-31,17.434690475463867
2006-02-01,17.48905372619629
2006-02-02,17.362192153930664
2006-02-03,17.330476760864258
2006-02-06,17.26704216003418
2006-02-07,17.16283416748047
2006-02-08,17.362192153930664
2006-02-09,17.45281219482422
2006-02-10,17.49359130859375
2006-02-13,17.434690475463867
2006-02-14,17.606857299804688
2006-02-15,17.507179260253906
2006-02-16,17.624980926513672
2006-02-17,17.747316360473633
2006-02-21,17.84699249267578
2006-02-22,18.050880432128906
2006-02-23,18.050880432128906
2006-02-24,18.046348571777344
2006-02-27,18.064470291137695
2006-02-28,18.02369499206543
2006-03-01,18.300071716308594
2006-03-02,18.31820297241211
2006-03-03,18.236648559570312
2006-03-06,18.10524559020996
2006-03-07,17.83340072631836
2006-03-08,17.928546905517578
2006-03-09,17.883237838745117
2006-03-10,18.087125778198242
2006-03-13,18.204927444458008
2006-03-14,18.431472778320312
2006-03-15,18.51302719116211
2006-03-16,18.617233276367188
2006-03-17,18.639892578125
2006-03-20,18.712379455566406
2006-03-21,18.5628662109375
2006-03-22,18.703323364257812
2006-03-23,18.42694091796875
2006-03-24,18.571928024291992
2006-03-27,18.386159896850586
2006-03-28,18.17774772644043
2006-03-29,18.372568130493164
2006-03-30,18.558334350585938
2006-03-31,18.47677993774414
2006-04-03,18.576454162597656
2006-04-04,18.821121215820312
2006-04-05,18.898151397705078
2006-04-06,18.762222290039062
2006-04-07,18.377099990844727
2006-04-10,18.377099990844727
2006-04-11,18.209457397460938
2006-04-12,18.15056610107422
2006-04-13,18.114316940307617
2006-04-17,18.236648559570312
2006-04-18,18.540210723876953
2006-04-19,18.766748428344727
2006-04-20,18.707853317260742
2006-04-21,18.89362335205078
2006-04-24,19.106565475463867
2006-04-25,19.10203742980957
2006-04-26,19.160930633544922
2006-04-27,19.242490768432617
2006-04-28,19.364830017089844
2006-05-01,19.219829559326172
2006-05-02,19.49168586730957
2006-05-03,19.396541595458984
2006-05-04,19.609487533569336
2006-05-05,19.83150291442871
2006-05-08,19.849624633789062
2006-05-09,19.94476890563965
2006-05-10,20.003673553466797
2006-05-11,19.854154586791992
2006-05-12,19.49168586730957
2006-05-15,19.219829559326172
2006-05-16,19.296857833862305
2006-05-17,18.59911346435547
2006-05-18,18.585514068603516
2006-05-19,18.694257736206055
2006-05-22,18.349916458129883
2006-05-23,18.417879104614258
2006-05-24,18.331790924072266
2006-05-25,18.58099365234375
2006-05-26,18.72144889831543
2006-05-30,18.576454162597656
2006-05-31,18.798473358154297
2006-06-01,18.907207489013672
2006-06-02,19.029544830322266
2006-06-05,18.576454162597656
2006-06-06,18.458656311035156
2006-06-07,18.395221710205078
2006-06-08,18.046348571777344
2006-06-09,18.05541229248047
2006-06-12,17.86058235168457
2006-06-13,17.425621032714844
2006-06-14,17.6702938079834
2006-06-15,18.25929832458496
2006-06-16,18.028226852416992
2006-06-19,17.919479370117188
2006-06-20,17.95119857788086
2006-06-21,18.34085464477539
2006-06-22,18.322729110717773
2006-06-23,18.300071716308594
2006-06-26,18.349916458129883
2006-06-27,18.11884880065918
2006-06-28,18.250228881835938
2006-06-29,18.90267562866211
2006-06-30,19.170001983642578
2006-07-03,19.31951332092285
2006-07-05,19.151870727539062
2006-07-06,19.414661407470703
2006-07-07,19.32857894897461
2006-07-10,19.392005920410156
2006-07-11,19.392005920410156
2006-07-12,19.01595115661621
2006-07-13,18.662540435791016
2006-07-14,18.567394256591797
2006-07-17,18.291019439697266
2006-07-18,18.18227767944336
2006-07-19,18.848310470581055
2006-07-20,18.73503875732422
2006-07-21,18.753158569335938
2006-07-24,19.142810821533203
2006-07-25,19.22437286376953
2006-07-26,19.34217071533203
2006-07-27,19.333106994628906
2006-07-28,19.759010314941406
2006-07-31,19.709171295166016
2006-08-01,19.709171295166016
2006-08-02,19.88134002685547
2006-08-03,19.872282028198242
2006-08-04,19.908527374267578
2006-08-07,19.81338119506836
2006-08-08,19.763540267944336
2006-08-09,19.88134002685547
2006-08-10,19.817913055419922
2006-08-11,19.573240280151367
2006-08-14,19.663862228393555
2006-08-15,20.107885360717773
2006-08-16,20.33442497253418
2006-08-17,20.266464233398438
2006-08-18,20.298168182373047
2006-08-21,20.302709579467773
2006-08-22,20.230213165283203
2006-08-23,20.13506317138672
2006-08-24,20.071643829345703
2006-08-25,20.094295501708984
2006-08-28,20.28005599975586
2006-08-29,20.456750869750977
2006-08-30,20.443166732788086
2006-08-31,20.366138458251953
2006-09-01,20.5020694732666
2006-09-05,20.51565933227539
2006-09-06,20.243810653686523
2006-09-07,19.981014251708984
2006-09-08,20.062570571899414
2006-09-11,20.04445457458496
2006-09-12,20.298168182373047
2006-09-13,20.31630516052246
2006-09-14,20.38426399230957
2006-09-15,20.338958740234375
2006-09-18,20.402385711669922
2006-09-19,20.261934280395508
2006-09-20,20.656112670898438
2006-09-21,20.7376651763916
2006-09-22,20.71955108642578
2006-09-25,20.841880798339844
2006-09-26,20.995927810668945
2006-09-27,21.376523971557617
2006-09-28,21.385583877563477
2006-09-29,21.33121681213379
2006-10-02,21.394641876220703
2006-10-03,21.394641876220703
2006-10-04,21.720855712890625
2006-10-05,21.73898696899414
2006-10-06,21.63930892944336
2006-10-09,21.698211669921875
2006-10-10,21.634775161743164
2006-10-11,21.666492462158203
2006-10-12,21.992717742919922
2006-10-13,22.038022994995117
2006-10-16,22.0198917388916
2006-10-17,21.73898696899414
2006-10-18,21.816015243530273
2006-10-19,22.15129852294922
2006-10-20,22.327993392944336
2006-10-23,22.296276092529297
2006-10-24,22.28268814086914
2006-10-25,22.51829719543457
2006-10-26,22.731229782104492
2006-10-27,22.744842529296875
2006-10-30,22.803730010986328
2006-10-31,22.89434814453125
2006-11-01,22.812793731689453
2006-11-02,22.91700553894043
2006-11-03,22.907941818237305
2006-11-06,23.284000396728516
2006-11-07,23.41539764404297
2006-11-08,23.551321029663086
2006-11-09,23.605693817138672
2006-11-10,23.592100143432617
2006-11-13,23.59663200378418
2006-11-14,23.82771110534668
2006-11-15,23.859420776367188
2006-11-16,23.836763381958008
2006-11-17,23.895671844482422
2006-11-20,23.900203704833984
2006-11-21,23.990814208984375
2006-11-22,24.262666702270508
2006-11-24,24.099552154541016
2006-11-27,23.528667449951172
2006-11-28,23.718961715698242
2006-11-29,24.027055740356445
2006-11-30,24.058773040771484
2006-12-01,23.80958366394043
2006-12-04,24.117677688598633
2006-12-05,24.443899154663086
2006-12-06,24.280792236328125
2006-12-07,24.389535903930664
2006-12-08,24.375930786132812
2006-12-11,24.62966537475586
2006-12-12,24.602479934692383
2006-12-13,24.815427780151367
2006-12-14,24.806367874145508
2006-12-15,24.557174682617188
2006-12-18,24.462024688720703
2006-12-19,24.548110961914062
2006-12-20,24.439964294433594
2006-12-21,24.357824325561523
2006-12-22,24.16161346435547
2006-12-26,24.216373443603516
2006-12-27,24.426267623901367
2006-12-28,24.40346336364746
2006-12-29,24.458213806152344
2007-01-03,24.672679901123047
2007-01-04,24.686368942260742
2007-01-05,24.453655242919922
2007-01-08,24.522109985351562
2007-01-09,24.37608528137207
2007-01-10,23.997350692749023
2007-01-11,24.284814834594727
2007-01-12,24.44452476501465
2007-01-16,24.412580490112305
2007-01-17,24.3897705078125
2007-01-18,24.220943450927734
2007-01-19,24.572294235229492
2007-01-22,24.449094772338867
2007-01-23,24.65899085998535
2007-01-24,24.84151268005371
2007-01-25,24.549474716186523
2007-01-26,24.55404281616211
2007-01-29,24.700057983398438
2007-01-30,24.823259353637695
2007-01-31,25.142683029174805
2007-02-01,25.10161781311035
2007-02-02,25.014915466308594
2007-02-05,24.891712188720703
2007-02-06,25.211130142211914
2007-02-07,25.516855239868164
2007-02-08,25.649185180664062
2007-02-09,25.434717178344727
2007-02-12,25.28870391845703
2007-02-13,25.557920455932617
2007-02-14,25.859092712402344
2007-02-15,25.818016052246094
2007-02-16,25.81345558166504
2007-02-20,25.927536010742188
2007-02-21,25.694808959960938
2007-02-22,25.722190856933594
2007-02-23,25.681119918823242
2007-02-26,25.82258415222168
2007-02-27,24.3897705078125
2007-02-28,24.709182739257812
2007-03-01,24.34414291381836
2007-03-02,23.979093551635742
2007-03-05,23.3721923828125
2007-03-06,23.92433738708496
2007-03-07,24.047534942626953
2007-03-08,24.412580490112305
2007-03-09,24.576860427856445
2007-03-12,24.558605194091797
2007-03-13,23.86045265197754
2007-03-14,23.919767379760742
2007-03-15,24.27569580078125
2007-03-16,24.430845260620117
2007-03-19,24.914527893066406
2007-03-20,25.087919235229492
2007-03-21,25.7085018157959
2007-03-22,25.498600006103516
2007-03-23,25.52597999572754
2007-03-26,25.59899139404297
2007-03-27,25.585302352905273
2007-03-28,25.32976722717285
2007-03-29,25.630924224853516
2007-03-30,25.745012283325195
2007-04-02,25.991426467895508
2007-04-03,26.370155334472656
2007-04-04,26.43403434753418
2007-04-05,26.566368103027344
2007-04-09,26.543546676635742
2007-04-10,26.66675567626953
2007-04-11,26.625686645507812
2007-04-12,26.72151756286621
2007-04-13,26.885778427124023
2007-04-16,27.008995056152344
2007-04-17,26.890352249145508
2007-04-18,26.803647994995117
2007-04-19,26.748891830444336
2007-04-20,27.1458797454834
2007-04-23,26.876667022705078
2007-04-24,26.397525787353516
2007-04-25,26.47966766357422
2007-04-26,26.351903915405273
2007-04-27,26.09181022644043
2007-04-30,25.859092712402344
2007-05-01,25.804330825805664
2007-05-02,26.08268165588379
2007-05-03,25.900163650512695
2007-05-04,26.38384246826172
2007-05-07,26.415790557861328
2007-05-08,26.215009689331055
2007-05-09,26.306270599365234
2007-05-10,25.795207977294922
2007-05-11,26.420339584350586
2007-05-14,26.306270599365234
2007-05-15,26.616565704345703
2007-05-16,26.817337036132812
2007-05-17,26.817337036132812
2007-05-18,27.08199691772461
2007-05-21,26.83559226989746
2007-05-22,26.844711303710938
2007-05-23,27.086565017700195
2007-05-24,26.735204696655273
2007-05-25,26.92685317993164
2007-05-29,27.072866439819336
2007-05-30,27.09568977355957
2007-05-31,27.29189682006836
2007-06-01,27.54286766052246
2007-06-04,27.64781951904297
2007-06-05,27.46529769897461
2007-06-06,26.73977279663086
2007-06-07,25.991426467895508
2007-06-08,26.557249069213867
2007-06-11,26.511606216430664
2007-06-12,25.85452651977539
2007-06-13,26.342777252197266
2007-06-14,26.607433319091797
2007-06-15,26.949668884277344
2007-06-18,26.78082847595215
2007-06-19,26.726076126098633
2007-06-20,26.374719619750977
2007-06-21,26.602876663208008
2007-06-22,26.169370651245117
2007-06-25,26.246952056884766
2007-06-26,26.173940658569336
2007-06-27,26.43403434753418
2007-06-28,26.470537185668945
2007-06-29,26.529863357543945
2007-07-02,26.890352249145508
2007-07-03,26.967924118041992
2007-07-05,27.03636932373047
2007-07-06,27.310150146484375
2007-07-09,27.164134979248047
2007-07-10,26.849285125732422
2007-07-11,27.18238639831543
2007-07-12,27.698015213012695
2007-07-13,27.64326286315918
2007-07-16,27.743648529052734
2007-07-17,27.825780868530273
2007-07-18,27.862289428710938
2007-07-19,28.031124114990234
2007-07-20,27.433368682861328
2007-07-23,27.620450973510742
2007-07-24,27.23257827758789
2007-07-25,27.460735321044922
2007-07-26,26.370155334472656
2007-07-27,26.374719619750977
2007-07-30,26.74432945251465
2007-07-31,26.648509979248047
2007-08-01,27.018112182617188
2007-08-02,26.999862670898438
2007-08-03,26.66675567626953
2007-08-06,27.118505477905273
2007-08-07,27.1458797454834
2007-08-08,27.789283752441406
2007-08-09,27.666072845458984
2007-08-10,26.753461837768555
2007-08-13,26.625686645507812
2007-08-14,26.306270599365234
2007-08-15,25.703941345214844
2007-08-16,25.608118057250977
2007-08-17,25.93209457397461
2007-08-20,25.859092712402344
2007-08-21,25.717636108398438
2007-08-22,26.1511287689209
2007-08-23,26.064435958862305
2007-08-24,26.552675247192383
2007-08-27,26.251510620117188
2007-08-28,25.644620895385742
2007-08-29,26.278894424438477
2007-08-30,26.123750686645508
2007-08-31,26.525297164916992
2007-09-04,26.67132568359375
2007-09-05,26.137434005737305
2007-09-06,26.064435958862305
2007-09-07,25.676559448242188
2007-09-10,25.56248664855957
2007-09-11,25.968603134155273
2007-09-12,26.00054359436035
2007-09-13,26.132869720458984
2007-09-14,25.84540557861328
2007-09-17,25.402774810791016
2007-09-18,26.6895694732666
2007-09-19,26.954238891601562
2007-09-20,27.0500545501709
2007-09-21,27.19607162475586
2007-09-24,27.200639724731445
2007-09-25,27.03181266784668
2007-09-26,27.401405334472656
2007-09-27,27.670644760131836
2007-09-28,27.743648529052734
2007-10-01,27.953548431396484
2007-10-02,28.081314086914062
2007-10-03,27.930736541748047
2007-10-04,27.8987979888916
2007-10-05,28.254709243774414
2007-10-08,27.894227981567383
2007-10-09,28.08587646484375
2007-10-10,28.017436981201172
2007-10-11,28.523937225341797
2007-10-12,28.88899040222168
2007-10-15,28.857046127319336
2007-10-16,28.81597328186035
2007-10-17,29.37267303466797
2007-10-18,29.7559871673584
2007-10-19,29.208406448364258
2007-10-22,29.06694221496582
2007-10-23,29.5415096282959
2007-10-24,29.313358306884766
2007-10-25,29.482196807861328
2007-10-26,30.253353118896484
2007-10-29,30.486064910888672
2007-10-30,30.513452529907227
2007-10-31,30.878501892089844
2007-11-01,30.321792602539062
2007-11-02,30.755298614501953
2007-11-05,30.613828659057617
2007-11-06,31.029075622558594
2007-11-07,30.417627334594727
2007-11-08,31.21160888671875
2007-11-09,30.632095336914062
2007-11-12,30.203166961669922
2007-11-13,31.229860305786133
2007-11-14,30.969764709472656
2007-11-15,30.59102439880371
2007-11-16,31.024511337280273
2007-11-19,30.4404354095459
2007-11-20,30.960634231567383
2007-11-21,30.481508255004883
2007-11-23,30.63666534423828
2007-11-26,30.0069522857666
2007-11-27,30.46782112121582
2007-11-28,31.21160888671875
2007-11-29,30.92412757873535
2007-11-30,30.951513290405273
2007-12-03,30.910444259643555
2007-12-04,31.12946128845215
2007-12-05,31.115781784057617
2007-12-06,31.16141700744629
2007-12-07,31.083850860595703
2007-12-10,31.339378356933594
2007-12-11,30.79180145263672
2007-12-12,31.16141700744629
2007-12-13,30.604713439941406
2007-12-14,29.842676162719727
2007-12-17,29.377227783203125
2007-12-18,29.632770538330078
2007-12-19,29.290546417236328
2007-12-20,29.28496742248535
2007-12-21,29.647417068481445
2007-12-24,29.84724235534668
2007-12-26,29.903003692626953
2007-12-27,29.717124938964844
2007-12-28,29.96341323852539
2007-12-31,29.57772445678711
2008-01-02,29.587007522583008
2008-01-03,29.415075302124023
2008-01-04,28.685510635375977
2008-01-07,28.996856689453125
2008-01-08,28.58791732788086
2008-01-09,28.90390968322754
2008-01-10,29.136266708374023
2008-01-11,28.639036178588867
2008-01-14,28.92250633239746
2008-01-15,27.807241439819336
2008-01-16,27.21707534790039
2008-01-17,26.775611877441406
2008-01-18,26.840679168701172
2008-01-22,25.697525024414062
2008-01-23,25.24213218688965
2008-01-24,26.3062744140625
2008-01-25,25.79046058654785
2008-01-28,26.157588958740234
2008-01-29,26.45034408569336
2008-01-30,26.529333114624023
2008-01-31,26.599040985107422
2008-02-01,27.02655792236328
2008-02-04,26.88249397277832
2008-02-05,24.89826011657715
2008-02-06,25.302536010742188
2008-02-07,25.23748779296875
2008-02-08,25.125957489013672
2008-02-11,25.135255813598633
2008-02-12,25.776521682739258
2008-02-13,26.129690170288086
2008-02-14,25.994932174682617
2008-02-15,25.948467254638672
2008-02-19,26.148277282714844
2008-02-20,26.115755081176758
2008-02-21,26.004226684570312
2008-02-22,26.2412166595459
2008-02-25,26.56186294555664
2008-02-26,27.170608520507812
2008-02-27,27.430835723876953
2008-02-28,27.319311141967773
2008-02-29,26.673389434814453
2008-03-03,26.501449584960938
2008-03-04,26.12505340576172
2008-03-05,26.63621711730957
2008-03-06,26.31092643737793
2008-03-07,26.143634796142578
2008-03-10,26.041404724121094
2008-03-11,27.351837158203125
2008-03-12,27.19849395751953
2008-03-13,27.616716384887695
2008-03-14,27.184551239013672
2008-03-17,27.254253387451172
2008-03-18,27.867650985717773
2008-03-19,27.02190589904785
2008-03-20,27.458723068237305
2008-03-24,28.160411834716797
2008-03-25,28.50428009033203
2008-03-26,28.718034744262695
2008-03-27,28.731977462768555
2008-03-28,28.555391311645508
2008-03-31,28.536806106567383
2008-04-01,29.31749153137207
2008-04-02,29.382553100585938
2008-04-03,29.350025177001953
2008-04-04,29.52659797668457
2008-04-07,29.670663833618164
2008-04-08,29.368608474731445
2008-04-09,29.14555549621582
2008-04-10,28.95037841796875
2008-04-11,28.369518280029297
2008-04-14,28.657621383666992
2008-04-15,28.894615173339844
2008-04-16,29.758955001831055
2008-04-17,29.405792236328125
2008-04-18,29.763599395751953
2008-04-21,29.814712524414062
2008-04-22,29.43830680847168
2008-04-23,29.340726852416992
2008-04-24,29.229196548461914
2008-04-25,29.363956451416016
2008-04-28,29.382553100585938
2008-04-29,29.02938461303711
2008-04-30,29.140907287597656
2008-05-01,29.549840927124023
2008-05-02,29.54518699645996
2008-05-05,29.735719680786133
2008-05-06,29.940181732177734
2008-05-07,29.15949821472168
2008-05-08,29.568424224853516
2008-05-09,29.466190338134766
2008-05-12,29.97269058227539
2008-05-13,29.749658584594727
2008-05-14,29.83794403076172
2008-05-15,30.2189884185791
2008-05-16,30.34446907043457
2008-05-19,30.061006546020508
2008-05-20,29.94483184814453
2008-05-21,29.582366943359375
2008-05-22,29.735719680786133
2008-05-23,29.28496742248535
2008-05-27,29.038681030273438
2008-05-28,29.0479679107666
2008-05-29,28.880678176879883
2008-05-30,29.01078987121582
2008-06-02,28.309104919433594
2008-06-03,28.230104446411133
2008-06-04,28.067466735839844
2008-06-05,28.453157424926758
2008-06-06,27.565597534179688
2008-06-09,27.3286075592041
2008-06-10,26.938262939453125
2008-06-11,26.654800415039062
2008-06-12,26.91037940979004
2008-06-13,27.244966506958008
2008-06-16,27.156665802001953
2008-06-17,27.170608520507812
2008-06-18,26.766326904296875
2008-06-19,26.766326904296875
2008-06-20,26.34810447692871
2008-06-23,26.2412166595459
2008-06-24,26.032108306884766
2008-06-25,26.49793815612793
2008-06-26,25.67254066467285
2008-06-27,25.829082489013672
2008-06-30,25.67254066467285
2008-07-01,25.48754119873047
2008-07-02,25.57292366027832
2008-07-03,25.738956451416016
2008-07-07,25.345237731933594
2008-07-08,25.663053512573242
2008-07-09,25.41638946533203
2008-07-10,25.596643447875977
2008-07-11,25.036903381347656
2008-07-14,24.89458656311035
2008-07-15,24.41547966003418
2008-07-16,24.942020416259766
2008-07-17,25.601381301879883
2008-07-18,25.995105743408203
2008-07-21,25.77216148376465
2008-07-22,25.478055953979492
2008-07-23,25.80536651611328
2008-07-24,25.079587936401367
2008-07-25,25.074848175048828
2008-07-28,24.676376342773438
2008-07-29,25.368955612182617
2008-07-30,25.435361862182617
2008-07-31,25.33100700378418
2008-08-01,24.75701141357422
2008-08-04,24.609973907470703
2008-08-05,25.335735321044922
2008-08-06,25.236129760742188
2008-08-07,24.657407760620117
2008-08-08,24.662151336669922
2008-08-11,24.89933204650879
2008-08-12,24.70009994506836
2008-08-13,24.28265380859375
2008-08-14,23.87470245361328
2008-08-15,23.779830932617188
2008-08-18,23.580595016479492
2008-08-19,23.234315872192383
2008-08-20,23.248550415039062
2008-08-21,23.30072593688965
2008-08-22,23.613807678222656
2008-08-25,23.03034019470215
2008-08-26,23.144189834594727
2008-08-27,23.499958038330078
2008-08-28,23.869962692260742
2008-08-29,23.737140655517578
2008-09-02,23.70867156982422
2008-09-03,23.87944984436035
2008-09-04,22.622386932373047
2008-09-05,22.494306564331055
2008-09-08,22.854825973510742
2008-09-09,21.986736297607422
2008-09-10,21.958276748657227
2008-09-11,21.977256774902344
2008-09-12,22.527517318725586
2008-09-15,21.441226959228516
2008-09-16,21.825448989868164
2008-09-17,21.075960159301758
2008-09-18,22.034177780151367
2008-09-19,23.665979385375977
2008-09-22,23.082521438598633
2008-09-23,22.802648544311523
2008-09-24,22.674570083618164
2008-09-25,23.3861083984375
2008-09-26,23.466758728027344
2008-09-29,20.87198257446289
2008-09-30,22.04366683959961
2008-10-01,22.28559112548828
2008-10-02,21.22775650024414
2008-10-03,21.398530960083008
2008-10-06,20.435575485229492
2008-10-07,20.075057983398438
2008-10-08,19.633895874023438
2008-10-09,18.15388298034668
2008-10-10,17.504011154174805
2008-10-13,19.98493003845215
2008-10-14,19.53428077697754
2008-10-15,17.584646224975586
2008-10-16,18.941326141357422
2008-10-17,18.457473754882812
2008-10-20,19.15953826904297
2008-10-21,17.82182502746582
2008-10-22,15.910144805908203
2008-10-23,15.914886474609375
2008-10-24,15.01834774017334
2008-10-27,13.946279525756836
2008-10-28,15.283985137939453
2008-10-29,15.78207015991211
2008-10-30,16.322839736938477
2008-10-31,16.816177368164062
2008-11-03,16.70707893371582
2008-11-04,18.106449127197266
2008-11-05,17.328487396240234
2008-11-06,16.194761276245117
2008-11-07,17.23836326599121
2008-11-10,16.569509506225586
2008-11-11,16.009763717651367
2008-11-12,15.36937427520752
2008-11-13,16.944257736206055
2008-11-14,15.929122924804688
2008-11-17,15.388347625732422
2008-11-18,15.383606910705566
2008-11-19,14.411161422729492
2008-11-20,13.633201599121094
2008-11-21,14.785904884338379
2008-11-24,15.729883193969727
2008-11-25,16.26591682434082
2008-11-26,16.351303100585938
2008-11-28,16.25642967224121
2008-12-01,15.10846996307373
2008-12-02,16.15681266784668
2008-12-03,16.36553382873535
2008-12-04,15.895914077758789
2008-12-05,16.152070999145508
2008-12-08,16.83041000366211
2008-12-09,16.602718353271484
2008-12-10,17.19093132019043
2008-12-11,17.323749542236328
2008-12-12,17.527725219726562
2008-12-15,17.76491355895996
2008-12-16,18.998249053955078
2008-12-17,19.14530372619629
2008-12-18,18.533374786376953
2008-12-19,18.253501892089844
2008-12-22,18.063758850097656
2008-12-23,17.999980926513672
2008-12-24,18.19278907775879
2008-12-26,18.276826858520508
2008-12-29,18.059307098388672
2008-12-30,18.63771629333496
2008-12-31,18.70199203491211
2009-01-02,18.93928337097168
2009-01-05,18.73659324645996
2009-01-06,18.840408325195312
2009-01-07,18.612998962402344
2009-01-08,18.75142478942871
2009-01-09,17.985151290893555
2009-01-12,17.55010414123535
2009-01-13,17.149669647216797
2009-01-14,16.35867691040039
2009-01-15,16.541589736938477
2009-01-16,16.531707763671875
2009-01-20,14.944777488708496
2009-01-21,15.730826377868652
2009-01-22,15.290839195251465
2009-01-23,15.295782089233398
2009-01-26,15.533074378967285
2009-01-27,15.745655059814453
2009-01-28,16.422941207885742
2009-01-29,15.50341510772705
2009-01-30,15.483644485473633
2009-02-02,15.231513023376465
2009-02-03,15.720940589904785
2009-02-04,15.493529319763184
2009-02-05,15.61712646484375
2009-02-06,15.918684959411621
2009-02-09,16.06205940246582
2009-02-10,15.335332870483398
2009-02-11,15.439149856567383
2009-02-12,15.424315452575684
2009-02-13,15.271062850952148
2009-02-17,14.089521408081055
2009-02-18,14.094464302062988
2009-02-19,14.079634666442871
2009-02-20,13.93132209777832
2009-02-23,13.352912902832031
2009-02-24,13.995594024658203
2009-02-25,13.708858489990234
2009-02-26,13.886829376220703
2009-02-27,13.698968887329102
2009-03-02,12.927754402160645
2009-03-03,12.952474594116211
2009-03-04,13.19965648651123
2009-03-05,12.507538795471191
2009-03-06,12.571805953979492
2009-03-09,12.161482810974121
2009-03-10,12.957417488098145
2009-03-11,13.135388374328613
2009-03-12,13.698968887329102
2009-03-13,13.881887435913086
2009-03-16,13.921436309814453
2009-03-17,14.386144638061523
2009-03-18,14.969502449035645
2009-03-19,14.944777488708496
2009-03-20,14.662989616394043
2009-03-23,15.78520393371582
2009-03-24,15.196904182434082
2009-03-25,15.61712646484375
2009-03-26,15.701166152954102
2009-03-27,14.999160766601562
2009-03-30,14.34165096282959
2009-03-31,14.845902442932129
2009-04-01,15.201854705810547
2009-04-02,15.948351860046387
2009-04-03,16.29935073852539
2009-04-06,15.992842674255371
2009-04-07,15.740713119506836
2009-04-08,16.047222137451172
2009-04-09,16.625635147094727
2009-04-13,16.882707595825195
2009-04-14,16.719562530517578
2009-04-15,16.946975708007812
2009-04-16,17.06562614440918
2009-04-17,17.01124382019043
2009-04-20,16.17576026916504
2009-04-21,16.314186096191406
2009-04-22,16.39328384399414
2009-04-23,16.867877960205078
2009-04-24,16.976638793945312
2009-04-27,16.40811538696289
2009-04-28,16.427886962890625
2009-04-29,16.99641227722168
2009-04-30,17.16449546813965
2009-05-01,17.283145904541016
2009-05-04,17.807178497314453
2009-05-05,17.742908477783203
2009-05-06,18.118633270263672
2009-05-07,17.93571662902832
2009-05-08,18.820632934570312
2009-05-11,18.350976943969727
2009-05-12,18.657489776611328
2009-05-13,17.822004318237305
2009-05-14,17.99503517150879
2009-05-15,17.634143829345703
2009-05-18,18.40041732788086
2009-05-19,18.662431716918945
2009-05-20,18.662431716918945
2009-05-21,18.786026000976562
2009-05-22,18.97388458251953
2009-05-26,19.35455894470215
2009-05-27,19.072763442993164
2009-05-28,19.40399169921875
2009-05-29,19.705554962158203
2009-06-01,19.932968139648438
2009-06-02,20.24936294555664
2009-06-03,19.50286102294922
2009-06-04,19.666004180908203
2009-06-05,19.359495162963867
2009-06-08,19.300172805786133
2009-06-09,19.59679412841797
2009-06-10,19.68083381652832
2009-06-11,19.952741622924805
2009-06-12,20.031841278076172
2009-06-15,19.315006256103516
2009-06-16,19.08759307861328
2009-06-17,19.01838493347168
2009-06-18,19.107370376586914
2009-06-19,19.512752532958984
2009-06-22,18.95410919189453
2009-06-23,19.38104820251465
2009-06-24,19.512401580810547
2009-06-25,20.03280258178711
2009-06-26,20.149009704589844
2009-06-29,20.401630401611328
2009-06-30,20.325843811035156
2009-07-01,20.52794075012207
2009-07-02,20.03280258178711
2009-07-06,19.977230072021484
2009-07-07,19.603349685668945
2009-07-08,19.35577964782715
2009-07-09,19.527565002441406
2009-07-10,19.411352157592773
2009-07-13,19.921649932861328
2009-07-14,19.936811447143555
2009-07-15,20.634037017822266
2009-07-16,21.124126434326172
2009-07-17,21.03822898864746
2009-07-20,21.39695167541504
2009-07-21,21.33632469177246
2009-07-22,21.366640090942383
2009-07-23,21.82640838623047
2009-07-24,22.08913803100586
2009-07-27,22.3063907623291
2009-07-28,22.493330001831055
2009-07-29,22.190181732177734
2009-07-30,22.402379989624023
2009-07-31,22.867202758789062
2009-08-03,23.26129722595215
2009-08-04,23.19561195373535
2009-08-05,22.988462448120117
2009-08-06,22.80657958984375
2009-08-07,22.84699249267578
2009-08-10,22.841938018798828
2009-08-11,22.74089241027832
2009-08-12,23.01372718811035
2009-08-13,23.44318199157715
2009-08-14,23.089519500732422
2009-08-17,22.129552841186523
2009-08-18,22.38217544555664
2009-08-19,22.67521095275879
2009-08-20,22.998563766479492
2009-08-21,23.650325775146484
2009-08-24,23.665485382080078
2009-08-25,24.06463050842285
2009-08-26,24.014102935791016
2009-08-27,24.302091598510742
2009-08-28,24.130306243896484
2009-08-31,24.130306243896484
2009-09-01,23.34718894958496
2009-09-02,23.008670806884766
2009-09-03,23.28655433654785
2009-09-04,23.85747528076172
2009-09-08,24.312198638916016
2009-09-09,24.524402618408203
2009-09-10,24.54460334777832
2009-09-11,24.499134063720703
2009-09-14,24.782060623168945
2009-09-15,25.070053100585938
2009-09-16,25.560136795043945
2009-09-17,25.32267189025879
2009-09-18,25.52982521057129
2009-09-21,25.287311553955078
2009-09-22,25.70160675048828
2009-09-23,25.484357833862305
2009-09-24,25.115528106689453
2009-09-25,24.994272232055664
2009-09-28,25.469194412231445
2009-09-29,25.373199462890625
2009-09-30,25.277202606201172
2009-10-01,24.483976364135742
2009-10-02,24.33745574951172
2009-10-05,24.999319076538086
2009-10-06,25.474246978759766
2009-10-07,25.31761932373047
2009-10-08,25.555091857910156
2009-10-09,25.373199462890625
2009-10-12,25.398468017578125
2009-10-13,25.332778930664062
2009-10-14,26.040119171142578
2009-10-15,26.11590003967285
2009-10-16,25.706661224365234
2009-10-19,26.151275634765625
2009-10-20,25.959287643432617
2009-10-21,26.0704288482666
2009-10-22,26.358421325683594
2009-10-23,25.984540939331055
2009-10-26,25.393409729003906
2009-10-27,25.160999298095703
2009-10-28,24.494075775146484
2009-10-29,25.55004119873047
2009-10-30,24.494075775146484
2009-11-02,24.620399475097656
2009-11-03,24.428396224975586
2009-11-04,24.670917510986328
2009-11-05,25.24689292907715
2009-11-06,25.31761932373047
2009-11-09,26.161378860473633
2009-11-10,26.055278778076172
2009-11-11,26.00475311279297
2009-11-12,25.792543411254883
2009-11-13,26.0704288482666
2009-11-16,26.328100204467773
2009-11-17,26.297792434692383
2009-11-18,26.550405502319336
2009-11-19,26.156320571899414
2009-11-20,25.752134323120117
2009-11-23,26.13106346130371
2009-11-24,26.312950134277344
2009-11-25,26.600929260253906
2009-11-27,25.767284393310547
2009-11-30,25.843076705932617
2009-12-01,26.353361129760742
2009-12-02,26.2270565032959
2009-12-03,26.10074234008789
2009-12-04,26.040119171142578
2009-12-07,26.035070419311523
2009-12-08,25.347936630249023
2009-12-09,25.009428024291992
2009-12-10,24.943744659423828
2009-12-11,24.938690185546875
2009-12-14,25.115528106689453
2009-12-15,24.898263931274414
2009-12-16,25.20646858215332
2009-12-17,24.403139114379883
2009-12-18,24.458715438842773
2009-12-21,24.766910552978516
2009-12-22,24.866395950317383
2009-12-23,25.16175079345703
2009-12-24,25.301651000976562
2009-12-28,25.31719398498535
2009-12-29,25.29128646850586
2009-12-30,25.084028244018555
2009-12-31,24.89230728149414
2010-01-04,25.648813247680664
2010-01-05,25.804262161254883
2010-01-06,25.887168884277344
2010-01-07,25.752445220947266
2010-01-08,25.887168884277344
2010-01-11,25.918256759643555
2010-01-12,25.51927375793457
2010-01-13,25.767988204956055
2010-01-14,25.793895721435547
2010-01-15,25.166927337646484
2010-01-19,25.5089111328125
2010-01-20,24.581405639648438
2010-01-21,23.638362884521484
2010-01-22,23.182382583618164
2010-01-25,23.529544830322266
2010-01-26,23.545101165771484
2010-01-27,23.265287399291992
2010-01-28,22.555418014526367
2010-01-29,22.327415466308594
2010-02-01,22.783403396606445
2010-02-02,23.187562942504883
2010-02-03,22.576139450073242
2010-02-04,20.85067367553711
2010-02-05,20.669321060180664
2010-02-08,20.42577362060547
2010-02-09,21.405099868774414
2010-02-10,21.379192352294922
2010-02-11,21.182294845581055
2010-02-12,20.804033279418945
2010-02-16,21.405099868774414
2010-02-17,21.244476318359375
2010-02-18,21.467283248901367
2010-02-19,21.503551483154297
2010-02-22,21.353282928466797
2010-02-23,20.710771560668945
2010-02-24,20.679683685302734
2010-02-25,20.64340591430664
2010-02-26,20.985395431518555
2010-03-01,21.01129913330078
2010-03-02,21.208202362060547
2010-03-03,21.64345359802246
2010-03-04,21.788536071777344
2010-03-05,22.534685134887695
2010-03-08,22.539867401123047
2010-03-09,22.280790328979492
2010-03-10,22.519140243530273
2010-03-11,22.534685134887695
2010-03-12,22.69013786315918
2010-03-15,22.446596145629883
2010-03-16,22.798946380615234
2010-03-17,22.835220336914062
2010-03-18,22.56059455871582
2010-03-19,22.17197608947754
2010-03-22,21.95952606201172
2010-03-23,22.213428497314453
2010-03-24,21.53982162475586
2010-03-25,21.74708366394043
2010-03-26,22.073528289794922
2010-03-29,22.213428497314453
2010-03-30,21.95952606201172
2010-03-31,21.886985778808594
2010-04-01,22.415510177612305
2010-04-05,22.337783813476562
2010-04-06,22.218610763549805
2010-04-07,22.10979461669922
2010-04-08,22.037250518798828
2010-04-09,22.77822494506836
2010-04-12,23.1461124420166
2010-04-13,23.166831970214844
2010-04-14,23.415559768676758
2010-04-15,23.286014556884766
2010-04-16,22.726409912109375
2010-04-19,22.493234634399414
2010-04-20,22.555418014526367
2010-04-21,22.006168365478516
2010-04-22,21.596824645996094
2010-04-23,21.78335952758789
2010-04-26,21.57091522216797
2010-04-27,20.25479507446289
2010-04-28,19.866167068481445
2010-04-29,20.524240493774414
2010-04-30,20.52941131591797
2010-05-03,20.565683364868164
2010-05-04,19.083755493164062
2010-05-05,18.441242218017578
2010-05-06,17.17693328857422
2010-05-07,17.31165313720703
2010-05-10,19.82990074157715
2010-05-11,19.083755493164062
2010-05-12,19.265111923217773
2010-05-13,18.612234115600586
2010-05-14,17.534461975097656
2010-05-17,17.518918991088867
2010-05-18,17.296112060546875
2010-05-19,17.77281951904297
2010-05-20,17.130300521850586
2010-05-21,18.083709716796875
2010-05-24,17.135482788085938
2010-05-25,17.135482788085938
2010-05-26,16.3375186920166
2010-05-27,17.534461975097656
2010-05-28,17.399738311767578
2010-06-01,16.81940460205078
2010-06-02,17.436010360717773
2010-06-03,17.037033081054688
2010-06-04,15.87117862701416
2010-06-07,15.617278099060059
2010-06-08,15.808998107910156
2010-06-09,15.783087730407715
2010-06-10,16.985218048095703
2010-06-11,17.622549057006836
2010-06-14,17.508556365966797
2010-06-15,18.513782501220703
2010-06-16,18.30133628845215
2010-06-17,18.4464168548584
2010-06-18,18.819496154785156
2010-06-21,18.617420196533203
2010-06-22,18.38942527770996
2010-06-23,18.51058578491211
2010-06-24,17.944807052612305
2010-06-25,18.126283645629883
2010-06-28,17.950143814086914
2010-06-29,16.97871208190918
2010-06-30,16.989389419555664
2010-07-01,17.784677505493164
2010-07-02,17.800689697265625
2010-07-06,18.5426082611084
2010-07-07,19.732881546020508
2010-07-08,19.99976348876953
2010-07-09,19.962398529052734
2010-07-12,19.70085334777832
2010-07-13,20.111848831176758
2010-07-14,20.149206161499023
2010-07-15,20.37872886657715
2010-07-16,19.732881546020508
2010-07-19,19.98908042907715
2010-07-20,20.298662185668945
2010-07-21,19.514039993286133
2010-07-22,20.4641170501709
2010-07-23,20.78437042236328
2010-07-26,21.077945709228516
2010-07-27,21.408870697021484
2010-07-28,21.227392196655273
2010-07-29,21.382184982299805
2010-07-30,21.067270278930664
2010-08-02,22.06005096435547
2010-08-03,22.220178604125977
2010-08-04,22.070722579956055
2010-08-05,22.113426208496094
2010-08-06,22.044042587280273
2010-08-09,22.10808753967285
2010-08-10,21.883913040161133
2010-08-11,20.501489639282227
2010-08-12,20.40007972717285
2010-08-13,20.07982063293457
2010-08-16,20.170564651489258
2010-08-17,20.352033615112305
2010-08-18,20.490808486938477
2010-08-19,20.0584716796875
2010-08-20,19.642147064208984
2010-08-23,19.743558883666992
2010-08-24,19.380603790283203
2010-08-25,19.289865493774414
2010-08-26,19.28453254699707
2010-08-27,19.83963394165039
2010-08-30,19.423301696777344
2010-08-31,19.647480010986328
2010-09-01,20.490808486938477
2010-09-02,20.741676330566406
2010-09-03,20.89112091064453
2010-09-07,20.20258903503418
2010-09-08,20.389400482177734
2010-09-09,20.602895736694336
2010-09-10,20.666948318481445
2010-09-13,21.136653900146484
2010-09-14,21.408870697021484
2010-09-15,21.382184982299805
2010-09-16,21.488929748535156
2010-09-17,21.083276748657227
2010-09-20,21.478256225585938
2010-09-21,21.633047103881836
2010-09-22,21.515623092651367
2010-09-23,21.12598419189453
2010-09-24,22.08139419555664
2010-09-27,21.649057388305664
2010-09-28,21.89992332458496
2010-09-29,21.72911834716797
2010-09-30,21.697099685668945
2010-10-01,21.81451988220215
2010-10-04,21.504945755004883
2010-10-05,22.55109977722168
2010-10-06,22.60981559753418
2010-10-07,22.567108154296875
2010-10-08,22.684539794921875
2010-10-11,22.4657039642334
2010-10-12,22.4657039642334
2010-10-13,22.882030487060547
2010-10-14,23.106210708618164
2010-10-15,23.090194702148438
2010-10-18,23.228967666625977
2010-10-19,22.679201126098633
2010-10-20,23.170257568359375
2010-10-21,22.940744400024414
2010-10-22,23.148906707763672
2010-10-25,22.946083068847656
2010-10-26,22.72724723815918
2010-10-27,22.471038818359375
2010-10-28,22.689878463745117
2010-10-29,22.919387817382812
2010-11-01,22.284225463867188
2010-11-02,22.898042678833008
2010-11-03,22.828651428222656
2010-11-04,22.994117736816406
2010-11-05,22.246868133544922
2010-11-08,21.995994567871094
2010-11-09,21.73979949951172
2010-11-10,21.697099685668945
2010-11-11,21.275432586669922
2010-11-12,21.34482192993164
2010-11-15,21.35548973083496
2010-11-16,20.837751388549805
2010-11-17,21.003219604492188
2010-11-18,21.462238311767578
2010-11-19,21.52095603942871
2010-11-22,20.763029098510742
2010-11-23,19.83429527282715
2010-11-24,20.005096435546875
2010-11-26,19.327224731445312
2010-11-29,18.793476104736328
2010-11-30,18.451871871948242
2010-12-01,19.562082290649414
2010-12-02,20.213258743286133
2010-12-03,20.549528121948242
2010-12-06,20.09049415588379
2010-12-07,19.99976348876953
2010-12-08,20.490808486938477
2010-12-09,20.634923934936523
2010-12-10,20.608238220214844
2010-12-13,20.768356323242188
2010-12-14,20.698972702026367
2010-12-15,20.16521453857422
2010-12-16,20.309335708618164
2010-12-17,19.983749389648438
2010-12-20,20.015769958496094
2010-12-21,20.35735511779785
2010-12-22,20.340850830078125
2010-12-23,20.181333541870117
2010-12-27,19.944812774658203
2010-12-28,19.856809616088867
2010-12-29,20.04932403564453
2010-12-30,19.98881721496582
2010-12-31,20.208837509155273
2011-01-03,20.104326248168945
2011-01-04,20.071332931518555
2011-01-05,19.82380485534668
2011-01-06,19.279251098632812
2011-01-07,18.971229553222656
2011-01-10,18.855714797973633
2011-01-11,19.015230178833008
2011-01-12,20.461862564086914
2011-01-13,21.143922805786133
2011-01-14,21.46845054626465
2011-01-18,21.875490188598633
2011-01-19,21.891992568969727
2011-01-20,22.332035064697266
2011-01-21,22.84908103942871
2011-01-24,22.964590072631836
2011-01-25,22.667558670043945
2011-01-26,22.56304931640625
2011-01-27,22.986597061157227
2011-01-28,22.44204330444336
2011-01-31,23.030593872070312
2011-02-01,23.58614730834961
2011-02-02,23.49814224243164
2011-02-03,23.20111083984375
2011-02-04,22.986597061157227
2011-02-07,23.052597045898438
2011-02-08,23.305620193481445
2011-02-09,23.322124481201172
2011-02-10,22.766569137573242
2011-02-11,22.772075653076172
2011-02-14,22.59055519104004
2011-02-15,22.54654884338379
2011-02-16,23.16261100769043
2011-02-17,23.509138107299805
2011-02-18,23.487136840820312
2011-02-22,22.42554473876953
2011-02-23,22.585054397583008
2011-02-24,22.733570098876953
2011-02-25,23.003097534179688
2011-02-28,23.129602432250977
2011-03-01,22.689565658569336
2011-03-02,22.816078186035156
2011-03-03,22.992097854614258
2011-03-04,22.56304931640625
2011-03-07,22.56304931640625
2011-03-08,22.689565658569336
2011-03-09,22.805076599121094
2011-03-10,22.13951873779297
2011-03-11,22.39803695678711
2011-03-14,22.656557083129883
2011-03-15,22.381532669067383
2011-03-16,21.473953247070312
2011-03-17,22.33753204345703
2011-03-18,22.585054397583008
2011-03-21,23.371623992919922
2011-03-22,23.21211051940918
2011-03-23,23.23410987854004
2011-03-24,23.657657623291016
2011-03-25,23.29462242126465
2011-03-28,23.338624954223633
2011-03-29,23.454130172729492
2011-03-30,23.57514762878418
2011-03-31,23.33312225341797
2011-04-01,23.59714698791504
2011-04-04,23.690654754638672
2011-04-05,23.48163414001465
2011-04-06,24.09218978881836
2011-04-07,24.224205017089844
2011-04-08,24.39472198486328
2011-04-11,24.262706756591797
2011-04-12,24.20220375061035
2011-04-13,24.037189483642578
2011-04-14,23.91067123413086
2011-04-15,23.668655395507812
2011-04-18,22.99759864807129
2011-04-19,23.14611053466797
2011-04-20,23.668655395507812
2011-04-21,23.850173950195312
2011-04-25,23.9711856842041
2011-04-26,24.25170135498047
2011-04-27,24.86227035522461
2011-04-28,25.060279846191406
2011-04-29,25.192291259765625
2011-05-02,25.03827476501465
2011-05-03,24.96126937866211
2011-05-04,24.719247817993164
2011-05-05,24.004186630249023
2011-05-06,23.58614730834961
2011-05-09,23.503644943237305
2011-05-10,23.73465919494629
2011-05-11,23.327625274658203
2011-05-12,23.503644943237305
2011-05-13,22.909584045410156
2011-05-16,22.926090240478516
2011-05-17,23.173612594604492
2011-05-18,23.267118453979492
2011-05-19,23.48163414001465
2011-05-20,22.656557083129883
2011-05-23,22.25502586364746
2011-05-24,22.304527282714844
2011-05-25,22.612560272216797
2011-05-26,22.827077865600586
2011-05-27,22.94258689880371
2011-05-31,23.778661727905273
2011-06-01,23.063600540161133
2011-06-02,23.503644943237305
2011-06-03,23.657657623291016
2011-06-06,23.01409912109375
2011-06-07,23.322124481201172
2011-06-08,22.904083251953125
2011-06-09,23.096603393554688
2011-06-10,22.42003631591797
2011-06-13,22.552053451538086
2011-06-14,23.01409912109375
2011-06-15,21.875490188598633
2011-06-16,21.869993209838867
2011-06-17,22.733570098876953
2011-06-20,22.557558059692383
2011-06-21,23.190107345581055
2011-06-22,22.888444900512695
2011-06-23,22.495943069458008
2011-06-24,21.828691482543945
2011-06-27,22.187549591064453
2011-06-28,22.52397918701172
2011-06-29,22.944509506225586
2011-06-30,23.628583908081055
2011-07-01,24.037914276123047
2011-07-05,23.49962615966797
2011-07-06,22.972553253173828
2011-07-07,23.1519832611084
2011-07-08,22.355758666992188
2011-07-11,21.20069122314453
2011-07-12,21.09975814819336
2011-07-13,21.458616256713867
2011-07-14,21.25115394592285
2011-07-15,21.172649383544922
2011-07-18,20.948368072509766
2011-07-19,21.262367248535156
2011-07-20,22.02494239807129
2011-07-21,22.961336135864258
2011-07-22,22.905261993408203
2011-07-25,22.361371994018555
2011-07-26,22.501550674438477
2011-07-27,21.615617752075195
2011-07-28,21.593189239501953
2011-07-29,21.705331802368164
2011-08-01,21.07733154296875
2011-08-02,20.24747085571289
2011-08-03,20.634370803833008
2011-08-04,18.997072219848633
2011-08-05,20.236251831054688
2011-08-08,18.598960876464844
2011-08-09,19.490501403808594
2011-08-10,17.959745407104492
2011-08-11,18.912960052490234
2011-08-12,19.546573638916016
2011-08-15,20.264291763305664
2011-08-16,19.7652530670166
2011-08-17,19.92225456237793
2011-08-18,19.00267791748047
2011-08-19,18.63821029663086
2011-08-22,18.924177169799805
2011-08-23,19.563392639160156
2011-08-24,19.55217742919922
2011-08-25,19.01949691772461
2011-08-26,19.098007202148438
2011-08-29,19.720396041870117
2011-08-30,19.580211639404297
2011-08-31,20.146547317504883
2011-09-01,19.675537109375
2011-09-02,19.053144454956055
2011-09-06,18.262535095214844
2011-09-07,18.61578369140625
2011-09-08,18.312997817993164
2011-09-09,17.27006721496582
2011-09-12,16.995315551757812
2011-09-13,17.42145538330078
2011-09-14,17.98778533935547
2011-09-15,18.69428062438965
2011-09-16,18.626996994018555
2011-09-19,18.133569717407227
2011-09-20,18.111141204833984
2011-09-21,17.449493408203125
2011-09-22,16.87195587158203
2011-09-23,17.354175567626953
2011-09-26,17.959745407104492
2011-09-27,18.346641540527344
2011-09-28,18.032642364501953
2011-09-29,18.655033111572266
2011-09-30,18.12796401977539
2011-10-03,17.34856605529785
2011-10-04,18.04385757446289
2011-10-05,18.341033935546875
2011-10-06,18.879318237304688
2011-10-07,18.812034606933594
2011-10-10,19.484893798828125
2011-10-11,19.546573638916016
2011-10-12,19.860576629638672
2011-10-13,19.826936721801758
2011-10-14,20.04000473022461
2011-10-17,19.400787353515625
2011-10-18,19.77646827697754
2011-10-19,19.29986000061035
2011-10-20,19.176502227783203
2011-10-21,19.709182739257812
2011-10-24,19.961503982543945
2011-10-25,19.574609756469727
2011-10-26,19.804500579833984
2011-10-27,21.30161476135254
2011-10-28,20.892292022705078
2011-10-31,19.7596435546875
2011-11-01,18.733535766601562
2011-11-02,18.862503051757812
2011-11-03,19.50171661376953
2011-11-04,18.935392379760742
2011-11-07,19.081180572509766
2011-11-08,19.311071395874023
2011-11-09,17.937318801879883
2011-11-10,18.256925582885742
2011-11-11,18.896142959594727
2011-11-14,18.217681884765625
2011-11-15,18.06067657470703
2011-11-16,17.830781936645508
2011-11-17,17.729860305786133
2011-11-18,18.010210037231445
2011-11-21,17.5504207611084
2011-11-22,17.258853912353516
2011-11-23,16.647672653198242
2011-11-25,16.451417922973633
2011-11-28,17.40464210510254
2011-11-29,17.37660026550293
2011-11-30,18.44196128845215
2011-12-01,18.28496742248535
2011-12-02,18.44196128845215
2011-12-05,18.795217514038086
2011-12-06,18.980253219604492
2011-12-07,18.896142959594727
2011-12-08,18.22888946533203
2011-12-09,18.744754791259766
2011-12-12,17.959745407104492
2011-12-13,17.34856605529785
2011-12-14,17.202783584594727
2011-12-15,17.27567481994629
2011-12-16,17.25324058532715
2011-12-19,17.303709030151367
2011-12-20,18.147249221801758
2011-12-21,17.894367218017578
2011-12-22,18.18337631225586
2011-12-23,18.237565994262695
2011-12-27,18.18337631225586
2011-12-28,17.671594619750977
2011-12-29,18.159292221069336
2011-12-30,18.225522994995117
2012-01-03,18.622909545898438
2012-01-04,18.207462310791016
2012-01-05,17.551172256469727
2012-01-06,17.2320613861084
2012-01-09,17.33441925048828
2012-01-10,17.779970169067383
2012-01-11,17.689653396606445
2012-01-12,17.888347625732422
2012-01-13,17.629444122314453
2012-01-17,17.864261627197266
2012-01-18,18.008764266967773
2012-01-19,18.44829750061035
2012-01-20,18.502487182617188
2012-01-23,18.592803955078125
2012-01-24,18.616886138916016
2012-01-25,18.797513961791992
2012-01-26,18.85772705078125
2012-01-27,19.008249282836914
2012-01-30,18.57474136352539
2012-01-31,18.628929138183594
2012-02-01,19.02631187438965
2012-02-02,19.21296501159668
2012-02-03,19.465845108032227
2012-02-06,19.261133193969727
2012-02-07,19.471866607666016
2012-02-08,19.676576614379883
2012-02-09,19.790979385375977
2012-02-10,19.273178100585938
2012-02-13,19.38155174255371
2012-02-14,19.11662483215332
2012-02-15,18.86976432800293
2012-02-16,18.87578773498535
2012-02-17,19.02631187438965
2012-02-21,19.14071273803711
2012-02-22,18.935997009277344
2012-02-23,18.942018508911133
2012-02-24,19.032331466674805
2012-02-27,19.002229690551758
2012-02-28,19.068462371826172
2012-02-29,18.7734317779541
2012-03-01,18.960084915161133
2012-03-02,18.761390686035156
2012-03-05,18.60484504699707
2012-03-06,17.695674896240234
2012-03-07,17.804052352905273
2012-03-08,18.30379867553711
2012-03-09,18.026832580566406
2012-03-12,17.87630844116211
2012-03-13,18.351961135864258
2012-03-14,18.219501495361328
2012-03-15,18.388090133666992
2012-03-16,18.526567459106445
2012-03-19,18.88783073425293
2012-03-20,18.82160186767578
2012-03-21,18.502487182617188
2012-03-22,18.213478088378906
2012-03-23,18.159292221069336
2012-03-26,18.207462310791016
2012-03-27,17.87630844116211
2012-03-28,17.460857391357422
2012-03-29,17.4367733001709
2012-03-30,17.6414852142334
2012-04-02,17.737821578979492
2012-04-03,17.08755874633789
2012-04-04,16.6359806060791
2012-04-05,16.431270599365234
2012-04-09,16.250638961791992
2012-04-10,15.847229957580566
2012-04-11,16.34095573425293
2012-04-12,16.352994918823242
2012-04-13,15.738850593566895
2012-04-16,15.714770317077637
2012-04-17,16.100116729736328
2012-04-18,15.552202224731445
2012-04-19,15.178905487060547
2012-04-20,15.498017311096191
2012-04-23,15.184928894042969
2012-04-24,15.467914581298828
2012-04-25,15.811110496520996
2012-04-26,15.738850593566895
2012-04-27,15.91948413848877
2012-04-30,15.678646087646484
2012-05-01,15.750894546508789
2012-05-02,15.160842895507812
2012-05-03,15.064502716064453
2012-05-04,15.112678527832031
2012-05-07,15.52812385559082
2012-05-08,15.431784629821777
2012-05-09,14.799585342407227
2012-05-10,15.239117622375488
2012-05-11,14.998274803161621
2012-05-14,14.5828275680542
2012-05-15,14.161355018615723
2012-05-16,13.944600105285645
2012-05-17,13.788055419921875
2012-05-18,14.113190650939941
2012-05-21,14.287793159484863
2012-05-22,14.209524154663086
2012-05-23,13.968688011169434
2012-05-24,13.806119918823242
2012-05-25,13.782036781311035
2012-05-29,13.246167182922363
2012-05-30,12.794590950012207
2012-05-31,12.860823631286621
2012-06-01,12.782553672790527
2012-06-04,13.342500686645508
2012-06-05,13.348523139953613
2012-06-06,13.890409469604492
2012-06-07,13.763971328735352
2012-06-08,14.113190650939941
2012-06-11,13.788055419921875
2012-06-12,14.016857147216797
2012-06-13,14.119209289550781
2012-06-14,14.3600492477417
2012-06-15,14.408222198486328
2012-06-18,13.890409469604492
2012-06-19,14.348008155822754
2012-06-20,14.612936019897461
2012-06-21,14.219660758972168
2012-06-22,14.832794189453125
2012-06-25,14.095795631408691
2012-06-26,13.934771537780762
2012-06-27,14.157731056213379
2012-06-28,14.318755149841309
2012-06-29,15.359213829040527
2012-07-02,15.377795219421387
2012-07-03,15.501662254333496
2012-07-05,14.752277374267578
2012-07-06,14.250628471374512
2012-07-09,14.157731056213379
2012-07-10,14.002899169921875
2012-07-11,14.281594276428223
2012-07-12,13.959545135498047
2012-07-13,14.095795631408691
2012-07-16,13.866647720336914
2012-07-17,13.9843168258667
2012-07-18,13.978124618530273
2012-07-19,14.021479606628418
2012-07-20,13.073912620544434
2012-07-23,12.888116836547852
2012-07-24,12.361693382263184
2012-07-25,12.479361534118652
2012-07-26,13.371190071105957
2012-07-27,14.18869400024414
2012-07-30,14.312561988830566
2012-07-31,14.18869400024414
2012-08-01,14.17011547088623
2012-08-02,13.371190071105957
2012-08-03,14.362105369567871
2012-08-06,14.944271087646484
2012-08-07,15.30966854095459
2012-08-08,15.185802459716797
2012-08-09,15.00001049041748
2012-08-10,14.962847709655762
2012-08-13,14.981427192687988
2012-08-14,15.049551010131836
2012-08-15,15.099100112915039
2012-08-16,15.898030281066895
2012-08-17,16.12097930908203
2012-08-20,16.01569938659668
2012-08-21,16.12097930908203
2012-08-22,16.009504318237305
2012-08-23,15.767969131469727
2012-08-24,15.873251914978027
2012-08-27,15.966151237487793
2012-08-28,15.997122764587402
2012-08-29,15.92280101776123
2012-08-30,15.582172393798828
2012-08-31,16.170528411865234
2012-09-04,16.39348793029785
2012-09-05,16.29439353942871
2012-09-06,17.235763549804688
2012-09-07,17.570201873779297
2012-09-10,17.3162784576416
2012-09-11,17.687870025634766
2012-09-12,17.92940902709961
2012-09-13,18.29480743408203
2012-09-14,18.53634262084961
2012-09-17,18.51156997680664
2012-09-18,18.201913833618164
2012-09-19,18.276226043701172
2012-09-20,18.00372314453125
2012-09-21,18.400096893310547
2012-09-24,18.251453399658203
2012-09-25,17.960372924804688
2012-09-26,17.409177780151367
2012-09-27,17.681678771972656
2012-09-28,17.149059295654297
2012-10-01,17.186222076416016
2012-10-02,17.557815551757812
2012-10-03,17.44013786315918
2012-10-04,17.669288635253906
2012-10-05,17.84269905090332
2012-10-08,17.74361228942871
2012-10-09,17.16144561767578
2012-10-10,17.01280975341797
2012-10-11,17.173830032348633
2012-10-12,17.111900329589844
2012-10-15,17.303892135620117
2012-10-16,18.00992202758789
2012-10-17,18.57969856262207
2012-10-18,18.319583892822266
2012-10-19,17.786964416503906
2012-10-22,17.941791534423828
2012-10-23,17.52684783935547
2012-10-24,17.45252799987793
2012-10-25,17.471107482910156
2012-10-26,17.433944702148438
2012-10-31,17.570201873779297
2012-11-01,17.755992889404297
2012-11-02,17.545429229736328
2012-11-05,17.3162784576416
2012-11-06,17.471107482910156
2012-11-07,17.087127685546875
2012-11-08,16.74030876159668
2012-11-09,16.74030876159668
2012-11-12,16.709341049194336
2012-11-13,16.74030876159668
2012-11-14,16.678375244140625
2012-11-15,16.888940811157227
2012-11-16,16.814624786376953
2012-11-19,17.173830032348633
2012-11-20,17.21718406677246
2012-11-21,17.235763549804688
2012-11-23,17.706451416015625
2012-11-26,17.725027084350586
2012-11-27,17.477298736572266
2012-11-28,17.694059371948242
2012-11-29,17.8984432220459
2012-11-30,17.91082763671875
2012-12-03,17.817930221557617
2012-12-04,17.98514747619629
2012-12-05,17.97895622253418
2012-12-06,18.016109466552734
2012-12-07,17.74361228942871
2012-12-10,17.632131576538086
2012-12-11,17.93560028076172
2012-12-12,18.146175384521484
2012-12-13,18.201913833618164
2012-12-14,18.307191848754883
2012-12-17,18.45583152770996
2012-12-18,18.8227596282959
2012-12-19,18.937036514282227
2012-12-20,19.108436584472656
2012-12-21,19.12748146057129
2012-12-24,18.937036514282227
2012-12-26,18.994169235229492
2012-12-27,19.146526336669922
2012-12-28,18.63866424560547
2012-12-31,19.21001434326172
2013-01-02,19.349674224853516
2013-01-03,19.146526336669922
2013-01-04,19.41315269470215
2013-01-07,19.381420135498047
2013-01-08,19.406808853149414
2013-01-09,19.794057846069336
2013-01-10,20.257482528686523
2013-01-11,20.447933197021484
2013-01-14,20.454286575317383
2013-01-15,20.39079475402832
2013-01-16,20.187650680541992
2013-01-17,20.47332763671875
2013-01-18,20.397153854370117
2013-01-22,20.46697998046875
2013-01-23,20.352710723876953
2013-01-24,20.49872398376465
2013-01-25,20.905012130737305
2013-01-28,20.76534652709961
2013-01-29,20.72726058959961
2013-01-30,20.61933708190918
2013-01-31,19.927371978759766
2013-02-01,19.889284133911133
2013-02-04,18.810070037841797
2013-02-05,19.305240631103516
2013-02-06,19.324283599853516
2013-02-07,18.96242904663086
2013-02-08,19.375072479248047
2013-02-11,19.108436584472656
2013-02-12,19.584564208984375
2013-02-13,19.762317657470703
2013-02-14,19.489337921142578
2013-02-15,19.229061126708984
2013-02-19,19.540124893188477
2013-02-20,19.146526336669922
2013-02-21,18.771974563598633
2013-02-22,19.336978912353516
2013-02-25,18.270465850830078
2013-02-26,18.632314682006836
2013-02-27,19.11478614807129
2013-02-28,18.981473922729492
2013-03-01,18.96877670288086
2013-03-04,19.184616088867188
2013-03-05,19.35602378845215
2013-03-06,19.298891067504883
2013-03-07,19.502037048339844
2013-03-08,19.775009155273438
2013-03-11,19.730575561523438
2013-03-12,19.578216552734375
2013-03-13,19.55282211303711
2013-03-14,19.901975631713867
2013-03-15,19.851186752319336
2013-03-18,19.292543411254883
2013-03-19,18.97512435913086
2013-03-20,19.20366859436035
2013-03-21,18.96877670288086
2013-03-22,19.184616088867188
2013-03-25,18.289508819580078
2013-03-26,18.092708587646484
2013-03-27,17.851472854614258
2013-03-28,17.965740203857422
2013-04-01,17.72450828552246
2013-04-02,17.99748420715332
2013-04-03,17.845125198364258
2013-04-04,17.965740203857422
2013-04-05,17.953044891357422
2013-04-08,17.94034767150879
2013-04-09,18.276809692382812
2013-04-10,18.829113006591797
2013-04-11,18.860858917236328
2013-04-12,18.924339294433594
2013-04-15,18.40377426147461
2013-04-16,18.752931594848633
2013-04-17,18.23872184753418
2013-04-18,18.245065689086914
2013-04-19,18.46091079711914
2013-04-22,18.854507446289062
2013-04-23,19.381420135498047
2013-04-24,19.540124893188477
2013-04-25,19.381420135498047
2013-04-26,19.41315269470215
2013-04-29,19.882936477661133
2013-04-30,19.800405502319336
2013-05-01,19.635351181030273
2013-05-02,19.730575561523438
2013-05-03,20.00990104675293
2013-05-06,19.9146728515625
2013-05-07,19.97815704345703
2013-05-08,20.340009689331055
2013-05-09,20.00355339050293
2013-05-10,19.9337215423584
2013-05-13,19.641698837280273
2013-05-14,19.609956741333008
2013-05-15,19.800405502319336
2013-05-16,19.584564208984375
2013-05-17,19.781362533569336
2013-05-20,19.648048400878906
2013-05-21,19.514728546142578
2013-05-22,19.197315216064453
2013-05-23,19.336978912353516
2013-05-24,19.229061126708984
2013-05-28,19.489337921142578
2013-05-29,19.629003524780273
2013-05-30,19.70517921447754
2013-05-31,19.178274154663086
2013-06-03,19.470293045043945
2013-06-04,19.36871910095215
2013-06-05,19.229061126708984
2013-06-06,19.425853729248047
2013-06-07,19.406808853149414
2013-06-10,19.286190032958984
2013-06-11,19.00051498413086
2013-06-12,19.051301956176758
2013-06-13,19.26714324951172
2013-06-14,19.070344924926758
2013-06-17,19.26714324951172
2013-06-18,19.463945388793945
2013-06-19,18.924339294433594
2013-06-20,18.314899444580078
2013-06-21,18.06731605529785
2013-06-24,17.686416625976562
2013-06-25,17.74989891052246
2013-06-26,18.073665618896484
2013-06-27,18.103408813476562
2013-06-28,17.90298080444336
2013-07-01,18.252111434936523
2013-07-02,18.090476989746094
2013-07-03,18.038745880126953
2013-07-05,18.180992126464844
2013-07-08,18.400819778442383
2013-07-09,18.381423950195312
2013-07-10,18.42021369934082
2013-07-11,18.885730743408203
2013-07-12,18.31676483154297
2013-07-15,18.42021369934082
2013-07-16,18.45254135131836
2013-07-17,18.400819778442383
2013-07-18,18.73055648803711
2013-07-19,18.749958038330078
2013-07-22,18.918060302734375
2013-07-23,19.2348690032959
2013-07-24,19.493486404418945
2013-07-25,19.978404998779297
2013-07-26,20.133575439453125
2013-07-29,20.030126571655273
2013-07-30,20.120641708374023
2013-07-31,20.224088668823242
2013-08-01,20.476247787475586
2013-08-02,20.62495231628418
2013-08-05,20.515037536621094
2013-08-06,20.476247787475586
2013-08-07,20.702539443969727
2013-08-08,21.10986328125
2013-08-09,21.180984497070312
2013-08-12,20.999948501586914
2013-08-13,21.10986328125
2013-08-14,21.12925910949707
2013-08-15,21.10340118408203
2013-08-16,21.336153030395508
2013-08-19,20.786590576171875
2013-08-20,20.644346237182617
2013-08-21,20.476247787475586
2013-08-22,20.9158935546875
2013-08-23,21.096933364868164
2013-08-26,20.818910598754883
2013-08-27,20.081850051879883
2013-08-28,20.081850051879883
2013-08-29,20.030126571655273
2013-08-30,19.70684814453125
2013-09-03,20.049524307250977
2013-09-04,20.217618942260742
2013-09-05,20.224088668823242
2013-09-06,20.482711791992188
2013-09-09,20.676671981811523
2013-09-10,20.999948501586914
2013-09-11,21.38141441345215
2013-09-12,21.42020606994629
2013-09-13,21.452539443969727
2013-09-16,21.59477424621582
2013-09-17,21.6594295501709
2013-09-18,22.499942779541016
2013-09-19,22.305978775024414
2013-09-20,22.215463638305664
2013-09-23,22.157272338867188
2013-09-24,22.215463638305664
2013-09-25,22.467615127563477
2013-09-26,22.56460189819336
2013-09-27,22.474084854125977
2013-09-30,22.467615127563477
2013-10-01,22.82969093322754
2013-10-02,23.010725021362305
2013-10-03,22.862014770507812
2013-10-04,23.224082946777344
2013-10-07,23.043048858642578
2013-10-08,22.82969093322754
2013-10-09,23.185291290283203
2013-10-10,23.799514770507812
2013-10-11,23.79305076599121
2013-10-14,23.948219299316406
2013-10-15,23.954687118530273
2013-10-16,24.387876510620117
2013-10-17,24.769336700439453
2013-10-18,24.937440872192383
2013-10-21,24.989158630371094
2013-10-22,25.09908676147461
2013-10-23,24.588306427001953
2013-10-24,24.80813217163086
2013-10-25,24.59477424621582
2013-10-28,24.368478775024414
2013-10-29,24.581838607788086
2013-10-30,24.265029907226562
2013-10-31,24.38141441345215
2013-11-01,24.219768524169922
2013-11-04,24.342615127563477
2013-11-05,23.941749572753906
2013-11-06,24.213306427001953
2013-11-07,23.54735565185547
2013-11-08,23.812442779541016
2013-11-11,23.99994659423828
2013-11-12,23.844772338867188
2013-11-13,23.974084854125977
2013-11-14,23.838298797607422
2013-11-15,23.838298797607422
2013-11-18,23.9158935546875
2013-11-19,23.689598083496094
2013-11-20,23.19175148010254
2013-11-21,23.599084854125977
2013-11-22,23.948219299316406
2013-11-25,23.818904876708984
2013-11-26,24.025802612304688
2013-11-27,24.290891647338867
2013-11-29,24.342615127563477
2013-12-02,24.025802612304688
2013-12-03,23.818904876708984
2013-12-04,23.715463638305664
2013-12-05,23.385717391967773
2013-12-06,23.573217391967773
2013-12-09,23.77364730834961
2013-12-10,23.79305076599121
2013-12-11,23.540891647338867
2013-12-12,23.301668167114258
2013-12-13,23.36632537841797
2013-12-16,23.780113220214844
2013-12-17,23.612009048461914
2013-12-18,24.123788833618164
2013-12-19,24.26175308227539
2013-12-20,24.3077392578125
2013-12-23,24.609943389892578
2013-12-24,24.8530216217041
2013-12-26,25.10266876220703
2013-12-27,25.12894630432129
2013-12-30,25.266902923583984
2013-12-31,25.339168548583984
2014-01-02,24.62308692932129
2014-01-03,24.531108856201172
2014-01-06,24.879297256469727
2014-01-07,25.60196304321289
2014-01-08,25.864748001098633
2014-01-09,25.88445281982422
2014-01-10,26.226083755493164
2014-01-13,26.094684600830078
2014-01-14,26.44288444519043
2014-01-15,26.8436279296875
2014-01-16,26.59398651123047
2014-01-17,26.298341751098633
2014-01-21,26.219507217407227
2014-01-22,25.96985626220703
2014-01-23,26.1209659576416
2014-01-24,24.984413146972656
2014-01-27,24.7807559967041
2014-01-28,25.286619186401367
2014-01-29,25.00412368774414
2014-01-30,25.339168548583984
2014-01-31,24.8858642578125
2014-02-03,24.235475540161133
2014-02-04,24.64936065673828
2014-02-05,24.715057373046875
2014-02-06,25.37202262878418
2014-02-07,25.85161018371582
2014-02-10,25.51654815673828
2014-02-11,25.877887725830078
2014-02-12,25.713647842407227
2014-02-13,25.923877716064453
2014-02-14,26.002710342407227
2014-02-18,25.910730361938477
2014-02-19,25.69393539428711
2014-02-20,25.877887725830078
2014-02-21,25.831897735595703
2014-02-24,26.166955947875977
2014-02-25,26.344335556030273
2014-02-26,26.180084228515625
2014-02-27,26.24578857421875
2014-02-28,26.074974060058594
2014-03-03,25.51654815673828
2014-03-04,26.160377502441406
2014-03-05,26.383750915527344
2014-03-06,26.876474380493164
2014-03-07,26.600547790527344
2014-03-10,26.653108596801758
2014-03-11,26.41659927368164
2014-03-12,26.390316009521484
2014-03-13,25.713647842407227
2014-03-14,25.608530044555664
2014-03-17,26.04869842529297
2014-03-18,26.344335556030273
2014-03-19,25.871322631835938
2014-03-20,26.03556251525879
2014-03-21,25.700504302978516
2014-03-24,25.818763732910156
2014-03-25,25.950151443481445
2014-03-26,26.094684600830078
2014-03-27,26.226083755493164
2014-03-28,26.56770133972168
2014-03-31,26.804210662841797
2014-04-01,27.22466278076172
2014-04-02,27.139265060424805
2014-04-03,27.421754837036133
2014-04-04,27.270652770996094
2014-04-07,27.388914108276367
2014-04-08,27.231239318847656
2014-04-09,27.52030372619629
2014-04-10,26.784503936767578
2014-04-11,26.547992706298828
2014-04-14,26.646533966064453
2014-04-15,26.67281723022461
2014-04-16,27.066991806030273
2014-04-17,27.060422897338867
2014-04-21,27.10642433166504
2014-04-22,27.35605812072754
2014-04-23,27.402042388916016
2014-04-24,27.38233757019043
2014-04-25,27.14583396911621
2014-04-28,27.1326904296875
2014-04-29,27.395483016967773
2014-04-30,27.57286262512207
2014-05-01,27.631990432739258
2014-05-02,27.56629180908203
2014-05-05,27.57942771911621
2014-05-06,27.67797088623047
2014-05-07,27.64512062072754
2014-05-08,27.78965187072754
2014-05-09,27.513731002807617
2014-05-12,27.717391967773438
2014-05-13,27.631990432739258
2014-05-14,27.704246520996094
2014-05-15,27.10642433166504
2014-05-16,27.402042388916016
2014-05-19,27.250947952270508
2014-05-20,27.19181251525879
2014-05-21,27.45460319519043
2014-05-22,27.369205474853516
2014-05-23,27.434890747070312
2014-05-27,27.842212677001953
2014-05-28,27.861923217773438
2014-05-29,27.88163185119629
2014-05-30,28.11814308166504
2014-06-02,28.078718185424805
2014-06-03,27.94075584411621
2014-06-04,27.921049118041992
2014-06-05,28.472900390625
2014-06-06,28.959056854248047
2014-06-09,29.129863739013672
2014-06-10,28.899938583374023
2014-06-11,28.51232147216797
2014-06-12,28.55173683166504
2014-06-13,28.58458137512207
2014-06-16,28.51889419555664
2014-06-17,28.52545738220215
2014-06-18,29.03789710998535
2014-06-19,29.044452667236328
2014-06-20,28.906505584716797
2014-06-23,28.899938583374023
2014-06-24,28.630578994750977
2014-06-25,28.558658599853516
2014-06-26,28.61193084716797
2014-06-27,28.498737335205078
2014-06-30,28.51205062866211
2014-07-01,28.67851448059082
2014-07-02,28.6984920501709
2014-07-03,28.8316650390625
2014-07-07,28.338926315307617
2014-07-08,27.799585342407227
2014-07-09,28.059268951416016
2014-07-10,27.51992416381836
2014-07-11,27.486623764038086
2014-07-14,27.57319450378418
2014-07-15,27.366777420043945
2014-07-16,27.613143920898438
2014-07-17,27.06048011779785
2014-07-18,27.300186157226562
2014-07-21,27.200313568115234
2014-07-22,27.386754989624023
2014-07-23,27.440017700195312
2014-07-24,27.97270965576172
2014-07-25,28.08589744567871
2014-07-28,28.01265525817871
2014-07-29,27.87282943725586
2014-07-30,28.14583396911621
2014-07-31,27.24026107788086
2014-08-01,26.947290420532227
2014-08-04,27.087116241455078
2014-08-05,26.21484375
2014-08-06,26.12161636352539
2014-08-07,25.568954467773438
2014-08-08,26.194868087768555
2014-08-11,26.04171371459961
2014-08-12,26.228158950805664
2014-08-13,26.367992401123047
2014-08-14,26.394620895385742
2014-08-15,26.374645233154297
2014-08-18,26.561084747314453
2014-08-19,26.547765731811523
2014-08-20,26.53445053100586
2014-08-21,26.794132232666016
2014-08-22,26.57440185546875
2014-08-25,26.927310943603516
2014-08-26,27.186992645263672
2014-08-27,27.28687286376953
2014-08-28,27.007211685180664
2014-08-29,26.980587005615234
2014-09-02,27.000553131103516
2014-09-03,27.300186157226562
2014-09-04,27.426698684692383
2014-09-05,27.726337432861328
2014-09-08,27.273550033569336
2014-09-09,27.020526885986328
2014-09-10,27.033849716186523
2014-09-11,26.847402572631836
2014-09-12,26.827430725097656
2014-09-15,26.694257736206055
2014-09-16,26.760847091674805
2014-09-17,26.85407066345215
2014-09-18,27.027189254760742
2014-09-19,26.887359619140625
2014-09-22,26.754186630249023
2014-09-23,26.40128517150879
2014-09-24,26.434574127197266
2014-09-25,26.108306884765625
2014-09-26,26.32804298400879
2014-09-29,25.85527992248535
2014-09-30,25.90188980102539
2014-10-01,25.722103118896484
2014-10-02,25.24934196472168
2014-10-03,25.222705841064453
2014-10-06,25.595592498779297
2014-10-07,24.86980628967285
2014-10-08,25.48240089416504
2014-10-09,24.536880493164062
2014-10-10,24.303829193115234
2014-10-13,24.37041664123535
2014-10-14,24.483606338500977
2014-10-15,24.084095001220703
2014-10-16,23.458187103271484
2014-10-17,24.030832290649414
2014-10-20,24.4503173828125
2014-10-21,24.84982681274414
2014-10-22,24.516902923583984
2014-10-23,24.923078536987305
2014-10-24,25.19607925415039
2014-10-27,24.843177795410156
2014-10-28,25.48240089416504
2014-10-29,24.729976654052734
2014-10-30,24.829856872558594
2014-10-31,25.182764053344727
2014-11-03,24.823200225830078
2014-11-04,24.54353904724121
2014-11-05,24.56351661682129
2014-11-06,24.39704704284668
2014-11-07,24.163999557495117
2014-11-10,24.423681259155273
2014-11-11,24.63675880432129
2014-11-12,24.217266082763672
2014-11-13,24.250558853149414
2014-11-14,24.35043716430664
2014-11-17,24.650075912475586
2014-11-18,25.13614845275879
2014-11-19,24.943050384521484
2014-11-20,24.536880493164062
2014-11-21,25.016298294067383
2014-11-24,25.50237464904785
2014-11-25,25.702131271362305
2014-11-26,25.655517578125
2014-11-28,25.70879364013672
2014-12-01,25.542325973510742
2014-12-02,25.67549705505371
2014-12-03,25.828645706176758
2014-12-04,25.455766677856445
2014-12-05,25.728763580322266
2014-12-08,25.469083786010742
2014-12-09,25.0828857421875
2014-12-10,24.650075912475586
2014-12-11,24.623435974121094
2014-12-12,24.064117431640625
2014-12-15,23.651287078857422
2014-12-16,23.877676010131836
2014-12-17,24.180187225341797
2014-12-18,24.694656372070312
2014-12-19,24.420270919799805
2014-12-22,24.578048706054688
2014-12-23,24.63292121887207
2014-12-24,24.783838272094727
2014-12-26,24.783838272094727
2014-12-29,24.351675033569336
2014-12-30,24.063573837280273
2014-12-31,23.754892349243164
2015-01-02,23.994979858398438
2015-01-05,22.993478775024414
2015-01-06,22.609331130981445
2015-01-07,22.81511878967285
2015-01-08,22.513301849365234
2015-01-09,22.177181243896484
2015-01-12,22.129161834716797
2015-01-13,22.225194931030273
2015-01-14,22.3761043548584
2015-01-15,22.232051849365234
2015-01-16,22.458423614501953
2015-01-20,22.904294967651367
2015-01-21,23.0826473236084
2015-01-22,23.164966583251953
2015-01-23,22.664209365844727
2015-01-26,23.137521743774414
2015-01-27,23.171823501586914
2015-01-28,22.25949478149414
2015-01-29,23.000335693359375
2015-01-30,22.382965087890625
2015-02-02,22.561317443847656
2015-02-03,23.42563247680664
2015-02-04,22.780824661254883
2015-02-05,23.178680419921875
2015-02-06,22.76710319519043
2015-02-09,22.451562881469727
2015-02-10,22.856281280517578
2015-02-11,22.53387451171875
2015-02-12,23.315876007080078
2015-02-13,23.60397720336914
2015-02-17,23.679439544677734
2015-02-18,23.72059440612793
2015-02-19,23.713733673095703
2015-02-20,24.152751922607422
2015-02-23,23.885225296020508
2015-02-24,24.097871780395508
2015-02-25,24.015554428100586
2015-02-26,23.905807495117188
2015-02-27,23.988126754760742
2015-03-02,24.056716918945312
2015-03-03,23.761751174926758
2015-03-04,23.55596351623535
2015-03-05,23.562822341918945
2015-03-06,22.993478775024414
2015-03-09,23.09636688232422
2015-03-10,22.396686553955078
2015-03-11,22.321226119995117
2015-03-12,22.520153045654297
2015-03-13,22.307510375976562
2015-03-16,22.540740966796875
2015-03-17,22.53387451171875
2015-03-18,22.890575408935547
2015-03-19,22.561317443847656
2015-03-20,23.61083984375
2015-03-23,24.022418975830078
2015-03-24,24.207622528076172
2015-03-25,24.09101104736328
2015-03-26,23.946964263916016
2015-03-27,24.001846313476562
2015-03-30,24.029277801513672
2015-03-31,23.8577880859375
2015-04-01,24.16646957397461
2015-04-02,24.578048706054688
2015-04-06,24.838712692260742
2015-04-07,24.488866806030273
2015-04-08,24.35853385925293
2015-04-09,24.207622528076172
2015-04-10,24.084148406982422
2015-04-13,24.132173538208008
2015-04-14,24.22820281982422
2015-04-15,24.269365310668945
2015-04-16,24.180187225341797
2015-04-17,23.748031616210938
2015-04-20,23.61083984375
2015-04-21,23.748031616210938
2015-04-22,23.761751174926758
2015-04-23,23.994979858398438
2015-04-24,24.207622528076172
2015-04-27,24.433992385864258
2015-04-28,24.68094253540039
2015-04-29,24.502592086791992
2015-04-30,24.639785766601562
2015-05-01,24.879865646362305
2015-05-04,24.735816955566406
2015-05-05,24.132173538208008
2015-05-06,24.427133560180664
2015-05-07,24.35853385925293
2015-05-08,24.914167404174805
2015-05-11,24.722103118896484
2015-05-12,24.701519012451172
2015-05-13,24.962182998657227
2015-05-14,25.332611083984375
2015-05-15,25.284587860107422
2015-05-18,24.989627838134766
2015-05-19,24.83185386657715
2015-05-20,24.900449752807617
2015-05-21,25.003347396850586
2015-05-22,24.694656372070312
2015-05-26,23.72059440612793
2015-05-27,24.070430755615234
2015-05-28,24.145891189575195
2015-05-29,23.885225296020508
2015-06-01,23.816627502441406
2015-06-02,24.283082962036133
2015-06-03,24.475149154663086
2015-06-04,24.015554428100586
2015-06-05,23.809764862060547
2015-06-08,23.79604721069336
2015-06-09,23.734317779541016
2015-06-10,24.317384719848633
2015-06-11,24.40655517578125
2015-06-12,24.11845588684082
2015-06-15,23.80290985107422
2015-06-16,23.734317779541016
2015-06-17,23.67257308959961
2015-06-18,24.132173538208008
2015-06-19,24.111595153808594
2015-06-22,24.962182998657227
2015-06-23,24.75640106201172
2015-06-24,24.447708129882812
2015-06-25,24.465839385986328
2015-06-26,24.62615966796875
2015-06-29,23.3505859375
2015-06-30,23.385435104370117
2015-07-01,23.371496200561523
2015-07-02,23.371496200561523
2015-07-06,22.555971145629883
2015-07-07,22.751140594482422
2015-07-08,22.353830337524414
2015-07-09,22.841751098632812
2015-07-10,24.07550048828125
2015-07-13,24.005796432495117
2015-07-14,24.09641456604004
2015-07-15,24.06156349182129
2015-07-16,24.375225067138672
2015-07-17,24.263696670532227
2015-07-20,24.38219451904297
2015-07-21,24.35431480407715
2015-07-22,24.41007423400879
2015-07-23,24.32643699645996
2015-07-24,23.963973999023438
2015-07-27,23.963973999023438
2015-07-28,24.22884750366211
2015-07-29,24.138233184814453
2015-07-30,23.803659439086914
2015-07-31,23.88033103942871
2015-08-03,23.950035095214844
2015-08-04,23.64333724975586
2015-08-05,23.824567794799805
2015-08-06,23.866392135620117
2015-08-07,23.866392135620117
2015-08-10,24.242788314819336
2015-08-11,24.019737243652344
2015-08-12,23.991857528686523
2015-08-13,23.75486183166504
2015-08-14,23.678190231323242
2015-08-17,23.5596981048584
2015-08-18,23.336645126342773
2015-08-19,23.357547760009766
2015-08-20,22.862661361694336
2015-08-21,22.521114349365234
2015-08-24,21.84499168395996
2015-08-25,21.886816024780273
2015-08-26,22.374740600585938
2015-08-27,22.555971145629883
2015-08-28,22.479299545288086
2015-08-31,22.325946807861328
2015-09-01,21.68467903137207
2015-09-02,21.796205520629883
2015-09-03,21.482540130615234
2015-09-04,21.127052307128906
2015-09-08,21.51738929748535
2015-09-09,21.44768714904785
2015-09-10,21.649826049804688
2015-09-11,21.531328201293945
2015-09-14,21.30828094482422
2015-09-15,21.4895076751709
2015-09-16,21.80317497253418
2015-09-17,22.249269485473633
2015-09-18,21.573158264160156
2015-09-21,21.336166381835938
2015-09-22,20.7227725982666
2015-09-23,20.471839904785156
2015-09-24,20.402141571044922
2015-09-25,20.381227493286133
2015-09-28,20.276674270629883
2015-09-29,20.492755889892578
2015-09-30,20.673980712890625
2015-10-01,20.84823989868164
2015-10-02,21.182815551757812
2015-10-05,21.782264709472656
2015-10-06,22.040164947509766
2015-10-07,22.402620315551758
2015-10-08,22.562936782836914
2015-10-09,22.772048950195312
2015-10-12,22.61870574951172
2015-10-13,22.29109764099121
2015-10-14,22.416563034057617
2015-10-15,22.514142990112305
2015-10-16,22.653554916381836
2015-10-19,22.472328186035156
2015-10-20,22.325946807861328
2015-10-21,22.346860885620117
2015-10-22,22.48626708984375
2015-10-23,22.458383560180664
2015-10-26,22.451416015625
2015-10-27,22.116838455200195
2015-10-28,22.165626525878906
2015-10-29,22.026220321655273
2015-10-30,21.921669006347656
2015-11-02,22.193511962890625
2015-11-03,22.200483322143555
2015-11-04,21.998342514038086
2015-11-05,21.872879028320312
2015-11-06,21.81711196899414
2015-11-09,21.545272827148438
2015-11-10,21.440717697143555
2015-11-11,21.433746337890625
2015-11-12,21.03643798828125
2015-11-13,20.945823669433594
2015-11-16,21.127052307128906
2015-11-17,21.13401985168457
2015-11-18,21.3431339263916
2015-11-19,21.538299560546875
2015-11-20,21.231603622436523
2015-11-23,21.092201232910156
2015-11-24,21.19675064086914
2015-11-25,21.043413162231445
2015-11-27,21.154932022094727
2015-11-30,21.224637985229492
2015-12-01,21.496479034423828
2015-12-02,21.147960662841797
2015-12-03,21.217670440673828
2015-12-04,21.538299560546875
2015-12-07,21.189781188964844
2015-12-08,20.799449920654297
2015-12-09,20.904001235961914
2015-12-10,20.778539657592773
2015-12-11,20.45789909362793
2015-12-14,20.36031723022461
2015-12-15,20.604278564453125
2015-12-16,20.931882858276367
2015-12-17,20.708831787109375
2015-12-18,20.409107208251953
2015-12-21,20.013803482055664
2015-12-22,20.169937133789062
2015-12-23,20.624149322509766
2015-12-24,20.659639358520508
2015-12-28,20.489303588867188
2015-12-29,20.538986206054688
2015-12-30,20.425434112548828
2015-12-31,20.0634765625
2016-01-04,19.793794631958008
2016-01-05,19.623462677001953
2016-01-06,19.254413604736328
2016-01-07,18.977628707885742
2016-01-08,18.800193786621094
2016-01-11,18.864070892333984
2016-01-12,18.998920440673828
2016-01-13,18.615673065185547
2016-01-14,18.828584671020508
2016-01-15,18.125974655151367
2016-01-19,18.111780166625977
2016-01-20,17.721435546875
2016-01-21,17.89887046813965
2016-01-22,18.45953941345215
2016-01-25,17.98402976989746
2016-01-26,18.452438354492188
2016-01-27,18.310495376586914
2016-01-28,18.338886260986328
2016-01-29,18.70793914794922
2016-02-01,18.6866397857666
2016-02-02,17.97693634033203
2016-02-03,18.10468292236328
2016-02-04,18.502120971679688
2016-02-05,18.45953941345215
2016-02-08,17.778217315673828
2016-02-09,17.48013687133789
2016-02-10,17.707246780395508
2016-02-11,17.238840103149414
2016-02-12,17.38787269592285
2016-02-16,17.79241180419922
2016-02-17,18.20404052734375
2016-02-18,17.827898025512695
2016-02-19,17.700149536132812
2016-02-22,17.998226165771484
2016-02-23,17.714340209960938
2016-02-24,17.465944290161133
2016-02-25,17.749828338623047
2016-02-26,17.749828338623047
2016-02-29,17.7711238861084
2016-03-01,18.30340003967285
2016-03-02,18.573091506958008
2016-03-03,18.849876403808594
2016-03-04,18.849876403808594
2016-03-07,18.849876403808594
2016-03-08,18.743417739868164
2016-03-09,18.75761604309082
2016-03-10,19.147951126098633
2016-03-11,19.91444206237793
2016-03-14,19.857667922973633
2016-03-15,19.545392990112305
2016-03-16,19.673137664794922
2016-03-17,19.81508445739746
2016-03-18,19.921537399291992
2016-03-21,19.822179794311523
2016-03-22,19.708627700805664
2016-03-23,19.38925552368164
2016-03-24,19.247316360473633
2016-03-28,19.318286895751953
2016-03-29,19.538297653198242
2016-03-30,19.595073699951172
2016-03-31,19.289899826049805
2016-04-01,19.176345825195312
2016-04-04,19.041501998901367
2016-04-05,18.622772216796875
2016-04-06,18.793102264404297
2016-04-07,18.30340003967285
2016-04-08,18.743417739868164
2016-04-11,18.878267288208008
2016-04-12,19.084081649780273
2016-04-13,19.545392990112305
2016-04-14,19.552488327026367
2016-04-15,19.58797836303711
2016-04-18,19.744112014770508
2016-04-19,20.0634765625
2016-04-20,20.304784774780273
2016-04-21,20.361555099487305
2016-04-22,20.425434112548828
2016-04-25,20.304784774780273
2016-04-26,20.680927276611328
2016-04-27,20.815767288208008
2016-04-28,20.574472427368164
2016-04-29,20.468017578125
2016-05-02,20.51769256591797
2016-05-03,19.921537399291992
2016-05-04,19.609264373779297
2016-05-05,19.474422454833984
2016-05-06,19.666040420532227
2016-05-09,19.453128814697266
2016-05-10,19.69443130493164
2016-05-11,19.424741744995117
2016-05-12,19.481517791748047
2016-05-13,19.254413604736328
2016-05-16,19.52410125732422
2016-05-17,19.346675872802734
2016-05-18,19.424741744995117
2016-05-19,19.289899826049805
2016-05-20,19.438934326171875
2016-05-23,19.332481384277344
2016-05-24,19.71572494506836
2016-05-25,20.141550064086914
2016-05-26,20.05638313293457
2016-05-27,19.96411895751953
2016-05-31,19.829275131225586
2016-06-01,19.70152473449707
2016-06-02,19.81508445739746
2016-06-03,19.73701286315918
2016-06-06,19.772497177124023
2016-06-07,19.871862411499023
2016-06-08,19.871862411499023
2016-06-09,19.580881118774414
2016-06-10,18.778905868530273
2016-06-13,18.416959762573242
2016-06-14,18.069198608398438
2016-06-15,18.19694709777832
2016-06-16,18.36018180847168
2016-06-17,18.729225158691406
2016-06-20,19.126663208007812
2016-06-21,19.289899826049805
2016-06-22,19.254404067993164
2016-06-23,20.015010833740234
2016-06-24,16.755245208740234
2016-06-27,16.748001098632812
2016-06-28,17.26231575012207
2016-06-29,17.718687057495117
2016-06-30,18.095369338989258
2016-07-01,18.10261344909668
2016-07-05,17.544832229614258
2016-07-06,17.53034210205078
2016-07-07,17.414440155029297
2016-07-08,17.8780517578125
2016-07-11,18.04466438293457
2016-07-12,18.544498443603516
2016-07-13,18.551738739013672
2016-07-14,18.71110725402832
2016-07-15,18.6169376373291
2016-07-18,18.587955474853516
2016-07-19,18.47205924987793
2016-07-20,18.6169376373291
2016-07-21,18.645912170410156
2016-07-22,18.66764259338379
2016-07-25,18.580711364746094
2016-07-26,18.587955474853516
2016-07-27,18.899450302124023
2016-07-28,18.696619033813477
2016-07-29,19.022594451904297
2016-08-01,18.71110725402832
2016-08-02,18.392372131347656
2016-08-03,18.290958404541016
2016-08-04,18.428590774536133
2016-08-05,18.645912170410156
2016-08-08,18.71110725402832
2016-08-09,18.8922061920166
2016-08-10,19.09503936767578
2016-08-11,19.16023063659668
2016-08-12,19.196449279785156
2016-08-15,19.24715232849121
2016-08-16,19.167476654052734
2016-08-17,19.066057205200195
2016-08-18,19.102275848388672
2016-08-19,18.884960174560547
2016-08-22,18.9574031829834
2016-08-23,19.066057205200195
2016-08-24,19.109525680541992
2016-08-25,19.066057205200195
2016-08-26,18.98637580871582
2016-08-29,19.02984046936035
2016-08-30,19.073301315307617
2016-08-31,19.196449279785156
2016-09-01,19.435504913330078
2016-09-02,19.660064697265625
2016-09-06,19.768722534179688
2016-09-07,19.906354904174805
2016-09-08,20.2033634185791
2016-09-09,19.855649948120117
2016-09-12,19.906354904174805
2016-09-13,19.377544403076172
2016-09-14,19.30510711669922
2016-09-15,19.413766860961914
2016-09-16,19.037084579467773
2016-09-19,19.11676597595215
2016-09-20,19.09503936767578
2016-09-21,19.500696182250977
2016-09-22,19.70353126525879
2016-09-23,19.4644775390625
2016-09-26,19.26164436340332
2016-09-27,19.24715232849121
2016-09-28,19.435504913330078
2016-09-29,19.102275848388672
2016-09-30,19.428255081176758
2016-10-03,19.341331481933594
2016-10-04,19.26164436340332
2016-10-05,19.471717834472656
2016-10-06,19.37030601501465
2016-10-07,19.109525680541992
2016-10-10,19.131248474121094
2016-10-11,18.9791316986084
2016-10-12,18.964645385742188
2016-10-13,18.855989456176758
2016-10-14,18.964645385742188
2016-10-17,19.000864028930664
2016-10-18,19.283376693725586
2016-10-19,19.413766860961914
2016-10-20,19.59486961364746
2016-10-21,19.602113723754883
2016-10-24,19.841161727905273
2016-10-25,19.70353126525879
2016-10-26,19.689041137695312
2016-10-27,19.83391571044922
2016-10-28,19.877382278442383
2016-10-31,19.884624481201172
2016-11-01,19.775968551635742
2016-11-02,19.551401138305664
2016-11-03,19.55864715576172
2016-11-04,19.33408546447754
2016-11-07,19.61659812927246
2016-11-08,19.660064697265625
2016-11-09,19.413766860961914
2016-11-10,19.102275848388672
2016-11-11,18.725597381591797
2016-11-14,18.47205924987793
2016-11-15,18.653156280517578
2016-11-16,18.3851261138916
2016-11-17,18.464813232421875
2016-11-18,18.16057014465332
2016-11-21,18.276473999023438
2016-11-22,18.363393783569336
2016-11-23,18.16057014465332
2016-11-25,18.240245819091797
2016-11-28,18.07364273071289
2016-11-29,18.240245819091797
2016-11-30,18.233007431030273
2016-12-01,18.290958404541016
2016-12-02,18.240245819091797
2016-12-05,18.566221237182617
2016-12-06,19.124006271362305
2016-12-07,19.384790420532227
2016-12-08,19.435504913330078
2016-12-09,19.442745208740234
2016-12-12,19.49345588684082
2016-12-13,19.790451049804688
2016-12-14,19.384790420532227
2016-12-15,19.478961944580078
2016-12-16,19.602113723754883
2016-12-19,19.4644775390625
2016-12-20,19.609352111816406
2016-12-21,19.63982391357422
2016-12-22,19.528358459472656
2016-12-23,19.63239097595215
2016-12-27,19.63239097595215
2016-12-28,19.387168884277344
2016-12-29,19.54322052001953
2016-12-30,19.699268341064453
2017-01-03,19.951915740966797
2017-01-04,20.011367797851562
2017-01-05,20.271448135375977
2017-01-06,20.234291076660156
2017-01-09,20.197139739990234
2017-01-10,20.10796356201172
2017-01-11,20.063383102416992
2017-01-12,20.20456886291504
2017-01-13,20.323461532592773
2017-01-17,20.264013290405273
2017-01-18,20.130260467529297
2017-01-19,20.115398406982422
2017-01-20,20.182275772094727
2017-01-23,20.159982681274414
2017-01-24,20.323461532592773
2017-01-25,20.71729850769043
2017-01-26,20.49437141418457
2017-01-27,20.52409553527832
2017-01-30,20.3085994720459
2017-01-31,20.420063018798828
2017-02-01,20.323461532592773
2017-02-02,20.501800537109375
2017-02-03,20.635560989379883
2017-02-06,20.234291076660156
2017-02-07,20.145122528076172
2017-02-08,20.085676193237305
2017-02-09,20.293739318847656
2017-02-10,20.122831344604492
2017-02-13,20.21200180053711
2017-02-14,20.28631019592285
2017-02-15,20.449785232543945
2017-02-16,20.546390533447266
2017-02-17,20.353187561035156
2017-02-21,20.301166534423828
2017-02-22,20.1376895904541
2017-02-23,20.197139739990234
2017-02-24,20.078245162963867
2017-02-27,20.197139739990234
2017-02-28,20.28631019592285
2017-03-01,20.695005416870117
2017-03-02,20.49437141418457
2017-03-03,20.89564323425293
2017-03-06,20.910503387451172
2017-03-07,20.873353958129883
2017-03-08,20.83619499206543
2017-03-09,21.32663345336914
2017-03-10,21.586713790893555
2017-03-13,21.527265548706055
2017-03-14,21.222599029541016
2017-03-15,21.564422607421875
2017-03-16,22.15888786315918
2017-03-17,22.203474044799805
2017-03-20,22.15146255493164
2017-03-21,22.203474044799805
2017-03-22,22.381816864013672
2017-03-23,22.45612335205078
2017-03-24,22.52300262451172
2017-03-27,22.73107147216797
2017-03-28,22.827672958374023
2017-03-29,22.69391632080078
2017-03-30,22.5527286529541
2017-03-31,22.597309112548828
2017-04-03,22.40410804748535
2017-04-04,22.441265106201172
2017-04-05,22.411540985107422
2017-04-06,22.679052352905273
2017-04-07,22.619606018066406
2017-04-10,22.366954803466797
2017-04-11,22.411540985107422
2017-04-12,22.28521156311035
2017-04-13,22.136600494384766
2017-04-17,22.292644500732422
2017-04-18,22.248062133789062
2017-04-19,22.389244079589844
2017-04-20,22.5452938079834
2017-04-21,22.58245277404785
2017-04-24,23.749099731445312
2017-04-25,23.98688507080078
2017-04-26,23.778823852539062
2017-04-27,23.667360305786133
2017-04-28,23.719371795654297
2017-05-01,23.823408126831055
2017-05-02,24.06119728088379
2017-05-03,24.076061248779297
2017-05-04,24.685394287109375
2017-05-05,25.212982177734375
2017-05-08,24.722543716430664
2017-05-09,24.440174102783203
2017-05-10,24.469898223876953
2017-05-11,24.142940521240234
2017-05-12,24.313846588134766
2017-05-15,24.536771774291992
2017-05-16,24.796855926513672
2017-05-17,24.25439453125
2017-05-18,24.16522789001465
2017-05-19,24.74483299255371
2017-05-22,24.611083984375
2017-05-23,24.856298446655273
2017-05-24,24.886024475097656
2017-05-25,24.93804168701172
2017-05-26,24.737407684326172
2017-05-30,24.677963256835938
2017-05-31,24.796855926513672
2017-06-01,24.84143829345703
2017-06-02,25.034645080566406
2017-06-05,24.923179626464844
2017-06-06,24.796855926513672
2017-06-07,24.930604934692383
2017-06-08,25.101520538330078
2017-06-09,24.997488021850586
2017-06-12,24.804283142089844
2017-06-13,24.967761993408203
2017-06-14,24.834007263183594
2017-06-15,24.45503044128418
2017-06-16,24.767131805419922
2017-06-19,24.84886932373047
2017-06-20,24.4595890045166
2017-06-21,24.474586486816406
2017-06-22,24.38457679748535
2017-06-23,24.347076416015625
2017-06-26,24.392080307006836
2017-06-27,24.617095947265625
2017-06-28,25.05963897705078
2017-06-29,24.729612350463867
2017-06-30,24.632102966308594
2017-07-03,24.737112045288086
2017-07-05,24.69961166381836
2017-07-06,24.707109451293945
2017-07-07,24.759607315063477
2017-07-10,24.69210433959961
2017-07-11,24.774612426757812
2017-07-12,24.85711669921875
2017-07-13,25.112144470214844
2017-07-14,25.202146530151367
2017-07-17,25.112144470214844
2017-07-18,25.052141189575195
2017-07-19,25.07463836669922
2017-07-20,25.239646911621094
2017-07-21,25.052141189575195
2017-07-24,25.10464096069336
2017-07-25,25.262157440185547
2017-07-26,25.419666290283203
2017-07-27,25.457168579101562
2017-07-28,25.607189178466797
2017-07-31,25.599685668945312
2017-08-01,25.749698638916016
2017-08-02,25.757198333740234
2017-08-03,25.839704513549805
2017-08-04,25.952207565307617
2017-08-07,26.012222290039062
2017-08-08,25.892210006713867
2017-08-09,25.787202835083008
2017-08-10,25.157148361206055
2017-08-11,24.99213218688965
2017-08-14,25.40467071533203
2017-08-15,25.397171020507812
2017-08-16,25.49467658996582
2017-08-17,24.99213218688965
2017-08-18,25.082138061523438
2017-08-21,25.149641036987305
2017-08-22,25.23215103149414
2017-08-23,25.172151565551758
2017-08-24,25.157148361206055
2017-08-25,25.367162704467773
2017-08-28,25.314661026000977
2017-08-29,25.202146530151367
2017-08-30,25.112144470214844
2017-08-31,25.28465461730957
2017-09-01,25.307161331176758
2017-09-05,24.879621505737305
2017-09-06,24.93212890625
2017-09-07,25.067138671875
2017-09-08,25.029632568359375
2017-09-11,25.442167282104492
2017-09-12,25.434669494628906
2017-09-13,25.344661712646484
2017-09-14,25.352161407470703
2017-09-15,25.337160110473633
2017-09-18,25.40467071533203
2017-09-19,25.592178344726562
2017-09-20,25.344661712646484
2017-09-21,25.314661026000977
2017-09-22,25.359664916992188
2017-09-25,24.93212890625
2017-09-26,24.72210693359375
2017-09-27,25.202146530151367
2017-09-28,25.097139358520508
2017-09-29,25.307161331176758
2017-10-02,24.85711669921875
2017-10-03,24.819618225097656
2017-10-04,24.054555892944336
2017-10-05,24.564594268798828
2017-10-06,24.65460205078125
2017-10-09,24.759607315063477
2017-10-10,25.149641036987305
2017-10-11,25.14213752746582
2017-10-12,25.044639587402344
2017-10-13,24.99213218688965
2017-10-16,24.69210433959961
2017-10-17,24.78211784362793
2017-10-18,24.9996337890625
2017-10-19,24.894620895385742
2017-10-20,24.812116622924805
2017-10-23,24.482086181640625
2017-10-24,24.707109451293945
2017-10-25,24.737112045288086
2017-10-26,24.842117309570312
2017-10-27,24.407087326049805
2017-10-30,25.089641571044922
2017-10-31,25.38216209411621
2017-11-01,25.359664916992188
2017-11-02,25.344661712646484
2017-11-03,24.917123794555664
2017-11-06,24.842117309570312
2017-11-07,24.534591674804688
2017-11-08,24.59459686279297
2017-11-09,24.51209259033203
2017-11-10,24.4595890045166
2017-11-13,24.392080307006836
2017-11-14,24.4445858001709
2017-11-15,24.51209259033203
2017-11-16,24.684606552124023
2017-11-17,24.542097091674805
2017-11-20,24.35457992553711
2017-11-21,24.339576721191406
2017-11-22,24.549592971801758
2017-11-24,24.8646183013916
2017-11-27,24.834619522094727
2017-11-28,25.029632568359375
2017-11-29,25.23215103149414
2017-11-30,25.23215103149414
2017-12-01,25.037132263183594
2017-12-04,24.9996337890625
2017-12-05,24.88712501525879
2017-12-06,24.767112731933594
2017-12-07,24.947124481201172
2017-12-08,25.14213752746582
2017-12-11,25.11964225769043
2017-12-12,25.037132263183594
2017-12-13,25.014636993408203
2017-12-14,24.797115325927734
2017-12-15,24.759607315063477
2017-12-18,25.067138671875
2017-12-19,25.181640625
2017-12-20,25.1968994140625
2017-12-21,25.280866622924805
2017-12-22,25.12820053100586
2017-12-26,25.13584327697754
2017-12-27,25.082408905029297
2017-12-28,25.051868438720703
2017-12-29,25.013710021972656
2018-01-02,25.28849983215332
2018-01-03,25.326669692993164
2018-01-04,25.922048568725586
2018-01-05,26.097610473632812
2018-01-08,25.92967987060547
2018-01-09,25.93731117248535
2018-01-10,26.036542892456055
2018-01-11,26.372404098510742
2018-01-12,26.692996978759766
2018-01-16,26.876188278198242
2018-01-17,26.83802032470703
2018-01-18,26.761695861816406
2018-01-19,26.883821487426758
2018-01-22,27.273107528686523
2018-01-23,27.296001434326172
2018-01-24,27.43339729309082
2018-01-25,27.54789924621582
2018-01-26,27.66240119934082
2018-01-29,27.334171295166016
2018-01-30,27.051748275756836
2018-01-31,27.1815128326416
2018-02-01,27.31127166748047
2018-02-02,26.532699584960938
2018-02-05,25.464061737060547
2018-02-06,26.06707763671875
2018-02-07,25.563289642333984
2018-02-08,24.822879791259766
2018-02-09,24.9373722076416
2018-02-12,25.326669692993164
2018-02-13,25.13584327697754
2018-02-14,25.49459457397461
2018-02-15,25.586185455322266
2018-02-16,25.601459503173828
2018-02-20,25.509859085083008
2018-02-21,25.158733367919922
2018-02-22,25.448793411254883
2018-02-23,25.55565643310547
2018-02-26,25.76938247680664
2018-02-27,25.37246322631836
2018-02-28,25.074766159057617
2018-03-01,24.83051300048828
2018-03-02,24.86104393005371
2018-03-05,24.906845092773438
2018-03-06,25.036602020263672
2018-03-07,25.074766159057617
2018-03-08,24.960269927978516
2018-03-09,25.09004020690918
2018-03-12,25.17400360107422
2018-03-13,25.074766159057617
2018-03-14,25.12057113647461
2018-03-15,24.9373722076416
2018-03-16,25.09004020690918
2018-03-19,24.967906951904297
2018-03-20,24.84577751159668
2018-03-21,24.792346954345703
2018-03-22,24.2045955657959
2018-03-23,24.082462310791016
2018-03-26,24.708385467529297
2018-03-27,24.349626541137695
2018-03-28,24.64731788635254
2018-03-29,24.815244674682617
2018-04-02,24.52518653869629
2018-04-03,24.624418258666992
2018-04-04,24.654951095581055
2018-04-05,24.906845092773438
2018-04-06,24.822879791259766
2018-04-09,25.09004020690918
2018-04-10,25.31903076171875
2018-04-11,25.26559829711914
2018-04-12,25.27323341369629
2018-04-13,25.364831924438477
2018-04-16,25.55565643310547
2018-04-17,25.61672592163086
2018-04-18,25.784650802612305
2018-04-19,25.76938247680664
2018-04-20,25.662519454956055
2018-04-23,25.65488624572754
2018-04-24,25.357196807861328
2018-04-25,25.37246322631836
2018-04-26,25.33429718017578
2018-04-27,25.448793411254883
2018-04-30,25.387725830078125
2018-05-01,25.219802856445312
2018-05-02,25.402996063232422
2018-05-03,25.464061737060547
2018-05-04,25.53276252746582
2018-05-07,25.486963272094727
2018-05-08,25.464061737060547
2018-05-09,25.624359130859375
2018-05-10,25.83807945251465
2018-05-11,25.90677833557129
2018-05-14,25.86098289489746
2018-05-15,25.57855796813965
2018-05-16,25.242700576782227
2018-05-17,25.341928482055664
2018-05-18,25.059505462646484
2018-05-21,24.975542068481445
2018-05-22,25.143468856811523
2018-05-23,24.761812210083008
2018-05-24,24.708385467529297
2018-05-25,24.082462310791016
2018-05-29,22.761940002441406
2018-05-30,23.387855529785156
2018-05-31,23.288623809814453
2018-06-01,23.563413619995117
2018-06-04,23.79240608215332
2018-06-05,23.60921287536621
2018-06-06,24.135900497436523
2018-06-07,24.128267288208008
2018-06-08,24.067203521728516
2018-06-11,24.4335880279541
2018-06-12,24.349626541137695
2018-06-13,24.349626541137695
2018-06-14,24.135900497436523
2018-06-15,23.929807662963867
2018-06-18,23.693178176879883
2018-06-19,23.777652740478516
2018-06-20,23.746660232543945
2018-06-21,23.52190399169922
2018-06-22,23.769906997680664
2018-06-25,23.560649871826172
2018-06-26,23.537399291992188
2018-06-27,23.219640731811523
2018-06-28,23.335891723632812
2018-06-29,23.52190399169922
2018-07-02,23.436649322509766
2018-07-03,23.60715103149414
2018-07-05,24.358922958374023
2018-07-06,24.52167510986328
2018-07-09,24.661178588867188
2018-07-10,24.552677154541016
2018-07-11,24.025663375854492
2018-07-12,24.14192008972168
2018-07-13,24.010160446166992
2018-07-16,24.09541130065918
2018-07-17,23.994659423828125
2018-07-18,23.94040870666504
2018-07-19,23.901660919189453
2018-07-20,24.056665420532227
2018-07-23,24.118667602539062
2018-07-24,24.110916137695312
2018-07-25,24.250417709350586
2018-07-26,24.041162490844727
2018-07-27,24.242671966552734
2018-07-30,24.42867660522461
2018-07-31,24.467424392700195
2018-08-01,24.242671966552734
2018-08-02,23.98691177368164
2018-08-03,24.002412796020508
2018-08-06,23.8629093170166
2018-08-07,24.056665420532227
2018-08-08,24.041162490844727
2018-08-09,23.824153900146484
2018-08-10,23.103389739990234
2018-08-13,22.932880401611328
2018-08-14,22.932880401611328
2018-08-15,22.506622314453125
2018-08-16,22.622873306274414
2018-08-17,22.777877807617188
2018-08-20,22.870882034301758
2018-08-21,23.312644958496094
2018-08-22,23.452144622802734
2018-08-23,23.23514175415039
2018-08-24,23.475399017333984
2018-08-27,23.769906997680664
2018-08-28,23.684654235839844
2018-08-29,23.700153350830078
2018-08-30,23.328142166137695
2018-08-31,23.03363609313965
2018-09-04,23.0723876953125
2018-09-05,23.002639770507812
2018-09-06,22.76237678527832
2018-09-07,22.429119110107422
2018-09-10,22.83987808227539
2018-09-11,22.855382919311523
2018-09-12,22.808879852294922
2018-09-13,23.087888717651367
2018-09-14,23.01813507080078
2018-09-17,23.204139709472656
2018-09-18,23.3746395111084
2018-09-19,23.537399291992188
2018-09-20,24.072158813476562
2018-09-21,23.901660919189453
2018-09-24,23.684654235839844
2018-09-25,23.69240379333496
2018-09-26,23.645906448364258
2018-09-27,23.44439697265625
2018-09-28,22.948383331298828
2018-10-01,22.948383331298828
2018-10-02,22.731374740600586
2018-10-03,22.816631317138672
2018-10-04,22.739124298095703
2018-10-05,22.599626541137695
2018-10-08,22.622873306274414
2018-10-09,22.63837432861328
2018-10-10,22.3438663482666
2018-10-11,22.119108200073242
2018-10-12,21.933103561401367
2018-10-15,22.041606903076172
2018-10-16,22.41362190246582
2018-10-17,22.119108200073242
2018-10-18,21.5223445892334
2018-10-19,21.8866024017334
2018-10-22,21.514598846435547
2018-10-23,21.5223445892334
2018-10-24,20.91782569885254
2018-10-25,21.1890811920166
2018-10-26,21.23558807373047
2018-10-29,21.32084083557129
2018-10-30,21.444839477539062
2018-10-31,21.46034049987793
2018-11-01,21.847854614257812
2018-11-02,21.98736000061035
2018-11-05,21.956356048583984
2018-11-06,22.367122650146484
2018-11-07,22.56087303161621
2018-11-08,22.243112564086914
2018-11-09,22.35161590576172
2018-11-12,21.824602127075195
2018-11-13,22.049360275268555
2018-11-14,22.281864166259766
2018-11-15,22.289615631103516
2018-11-16,22.2973690032959
2018-11-19,22.13461685180664
2018-11-20,21.661848068237305
2018-11-21,21.84010124206543
2018-11-23,21.661848068237305
2018-11-26,22.17336654663086
2018-11-27,22.119108200073242
2018-11-28,22.475618362426758
2018-11-29,22.25086212158203
2018-11-30,22.088109970092773
2018-12-03,22.382617950439453
2018-12-04,21.716100692749023
2018-12-06,21.69285011291504
2018-12-07,21.49134635925293
2018-12-10,21.266586303710938
2018-12-11,21.23558807373047
2018-12-12,21.69285011291504
2018-12-13,21.86334991455078
2018-12-14,21.66959571838379
2018-12-17,21.638599395751953
2018-12-18,21.472755432128906
2018-12-19,21.441162109375
2018-12-20,21.204248428344727
2018-12-21,20.86466407775879
2018-12-24,20.738306045532227
2018-12-26,21.085784912109375
2018-12-27,21.069992065429688
2018-12-28,21.125274658203125
2018-12-31,21.18055534362793
2019-01-02,21.220041275024414
2019-01-03,21.267427444458008
2019-01-04,21.804443359375
2019-01-07,22.049257278442383
2019-01-08,22.159818649291992
2019-01-09,22.22299575805664
2019-01-10,22.278276443481445
2019-01-11,22.20720672607422
2019-01-14,22.128231048583984
2019-01-15,22.10453987121582
2019-01-16,22.191410064697266
2019-01-17,22.230894088745117
2019-01-18,22.53099250793457
2019-01-22,22.25458335876465
2019-01-23,22.64155387878418
2019-01-24,22.578378677368164
2019-01-25,22.78370475769043
2019-01-28,22.649456024169922
2019-01-29,22.69683837890625
2019-01-30,22.752117156982422
2019-01-31,22.63365936279297
2019-02-01,22.3967342376709
2019-02-04,22.341455459594727
2019-02-05,22.515199661254883
2019-02-06,22.452016830444336
2019-02-07,22.01766586303711
2019-02-08,21.9071044921875
2019-02-11,21.891315460205078
2019-02-12,22.12033462524414
2019-02-13,21.962385177612305
2019-02-14,21.97028350830078
2019-02-15,22.404640197753906
2019-02-19,22.594175338745117
2019-02-20,22.609966278076172
2019-02-21,22.602069854736328
2019-02-22,22.657350540161133
2019-02-25,22.665245056152344
2019-02-26,22.831090927124023
2019-02-27,22.752117156982422
2019-02-28,22.965341567993164
2019-03-01,22.989036560058594
2019-03-04,22.791608810424805
2019-03-05,22.7600154876709
2019-03-06,22.91796112060547
2019-03-07,22.444120407104492
2019-03-08,22.3967342376709
2019-03-11,22.53099250793457
2019-03-12,22.538888931274414
2019-03-13,22.791608810424805
2019-03-14,22.77581024169922
2019-03-15,23.139083862304688
2019-03-18,23.45497703552246
2019-03-19,23.53394889831543
2019-03-20,23.53394889831543
2019-03-21,23.376005172729492
2019-03-22,22.67314338684082
2019-03-25,22.67314338684082
2019-03-26,22.562578201293945
2019-03-27,22.76791000366211
2019-03-28,22.523094177246094
2019-03-29,22.594175338745117
2019-04-01,22.965341567993164
2019-04-02,22.989036560058594
2019-04-03,23.257545471191406
2019-04-04,23.399696350097656
2019-04-05,23.368104934692383
2019-04-08,23.289133071899414
2019-04-09,23.21015739440918
2019-04-10,23.21015739440918
2019-04-11,23.297029495239258
2019-04-12,23.526052474975586
2019-04-15,23.51815414428711
2019-04-16,23.46286964416504
2019-04-17,23.73138427734375
2019-04-18,23.54184913635254
2019-04-22,23.557641983032227
2019-04-23,23.423383712768555
2019-04-24,23.036418914794922
2019-04-25,23.24174690246582
2019-04-26,23.273338317871094
2019-04-29,23.447080612182617
2019-04-30,23.67609977722168
2019-05-01,23.47866439819336
2019-05-02,23.225955963134766
2019-05-03,23.320724487304688
2019-05-06,23.131189346313477
2019-05-07,22.68893814086914
2019-05-08,22.752117156982422
2019-05-09,22.609966278076172
2019-05-10,22.815298080444336
2019-05-13,22.404640197753906
2019-05-14,22.523094177246094
2019-05-15,22.64155387878418
2019-05-16,22.925857543945312
2019-05-17,22.807395935058594
2019-05-20,22.68893814086914
2019-05-21,22.799501419067383
2019-05-22,22.712631225585938
2019-05-23,22.515199661254883
2019-05-24,22.7600154876709
2019-05-28,22.586271286010742
2019-05-29,22.38884162902832
2019-05-30,22.602069854736328
2019-05-31,22.22299575805664
2019-06-03,22.373046875
2019-06-04,22.7600154876709
2019-06-05,22.720531463623047
2019-06-06,22.870576858520508
2019-06-07,23.14698028564453
2019-06-10,23.2022647857666
2019-06-11,23.218055725097656
2019-06-12,23.028526306152344
2019-06-13,23.004833221435547
2019-06-14,22.807395935058594
2019-06-17,22.70090103149414
2019-06-18,22.941120147705078
2019-06-19,23.037214279174805
2019-06-20,23.13330078125
2019-06-21,23.21337127685547
2019-06-24,23.237396240234375
2019-06-25,23.093263626098633
2019-06-26,23.06924057006836
2019-06-27,23.029203414916992
2019-06-28,23.149314880371094
2019-07-01,23.237396240234375
2019-07-02,23.285436630249023
2019-07-03,23.5496826171875
2019-07-05,23.317468643188477
2019-07-08,23.109281539916992
2019-07-09,23.077247619628906
2019-07-10,23.149314880371094
2019-07-11,23.30946159362793
2019-07-12,23.293447494506836
2019-07-15,23.30946159362793
2019-07-16,23.34950065612793
2019-07-17,23.117284774780273
2019-07-18,23.13330078125
2019-07-19,22.813005447387695
2019-07-22,22.78097152709961
2019-07-23,22.997169494628906
2019-07-24,23.101266860961914
2019-07-25,22.909095764160156
2019-07-26,22.75695037841797
2019-07-29,22.796985626220703
2019-07-30,22.156396865844727
2019-07-31,21.972227096557617
2019-08-01,21.86812973022461
2019-08-02,21.8441104888916
2019-08-05,21.60388946533203
2019-08-06,21.723997116088867
2019-08-07,21.820087432861328
2019-08-08,21.860126495361328
2019-08-09,21.77204704284668
2019-08-12,21.475772857666016
2019-08-13,21.571861267089844
2019-08-14,20.907251358032227
2019-08-15,20.971309661865234
2019-08-16,21.3076171875
2019-08-19,21.323633193969727
2019-08-20,21.09942626953125
2019-08-21,21.267580032348633
2019-08-22,21.379682540893555
2019-08-23,21.123449325561523
2019-08-26,21.31562614440918
2019-08-27,21.31562614440918
2019-08-28,21.34765625
2019-08-29,21.419721603393555
2019-08-30,21.39569854736328
2019-09-03,21.34765625
2019-09-04,21.579866409301758
2019-09-05,21.804075241088867
2019-09-06,21.820087432861328
2019-09-09,21.91617774963379
2019-09-10,22.1403865814209
2019-09-11,22.084335327148438
2019-09-12,22.284517288208008
2019-09-13,22.396621704101562
2019-09-16,22.09233856201172
2019-09-17,22.108356475830078
2019-09-18,22.16440773010254
2019-09-19,22.276508331298828
2019-09-20,22.26850128173828
2019-09-23,22.108356475830078
2019-09-24,22.108356475830078
2019-09-25,22.03628921508789
2019-09-26,22.11635971069336
2019-09-27,22.1403865814209
2019-09-30,22.29252052307129
2019-10-01,22.13237190246582
2019-10-02,21.64392852783203
2019-10-03,21.723997116088867
2019-10-04,21.836103439331055
2019-10-07,21.884151458740234
2019-10-08,21.60388946533203
2019-10-09,21.796064376831055
2019-10-10,22.052305221557617
2019-10-11,22.516735076904297
2019-10-14,22.484699249267578
2019-10-15,22.78097152709961
2019-10-16,22.925107955932617
2019-10-17,22.94913101196289
2019-10-18,23.045215606689453
2019-10-21,23.13330078125
2019-10-22,23.037214279174805
2019-10-23,23.15732192993164
2019-10-24,23.093263626098633
2019-10-25,23.093263626098633
2019-10-28,23.189350128173828
2019-10-29,23.125289916992188
2019-10-30,22.94913101196289
2019-10-31,22.90108299255371
2019-11-01,23.06123161315918
2019-11-04,23.21337127685547
2019-11-05,23.13330078125
2019-11-06,23.029203414916992
2019-11-07,23.037214279174805
2019-11-08,22.957136154174805
2019-11-11,22.97315216064453
2019-11-12,22.636838912963867
2019-11-13,22.356582641601562
2019-11-14,22.30854034423828
2019-11-15,22.50872039794922
2019-11-18,22.5968074798584
2019-11-19,22.612817764282227
2019-11-20,22.49271011352539
2019-11-21,22.524734497070312
2019-11-22,22.572784423828125
2019-11-25,22.70090103149414
2019-11-26,22.66086196899414
2019-11-27,22.732927322387695
2019-11-29,22.7169189453125
2019-12-02,22.404626846313477
2019-12-03,22.444665908813477
2019-12-04,22.70090103149414
2019-12-05,22.604812622070312
2019-12-06,22.845033645629883
2019-12-09,22.772964477539062
2019-12-10,22.74894142150879
2019-12-11,22.97315216064453
2019-12-12,23.30145263671875
2019-12-13,23.397541046142578
2019-12-16,23.65003204345703
2019-12-17,23.658226013183594
2019-12-18,23.609041213989258
2019-12-19,23.62543296813965
2019-12-20,23.62543296813965
2019-12-23,23.62543296813965
2019-12-24,23.584442138671875
2019-12-26,23.723804473876953
2019-12-27,23.838573455810547
2019-12-30,23.723804473876953
2019-12-31,23.707408905029297
2020-01-02,24.018918991088867
2020-01-03,23.666423797607422
2020-01-06,23.78118896484375
2020-01-07,23.47787857055664
2020-01-08,23.527063369750977
2020-01-09,23.527063369750977
2020-01-10,23.395906448364258
2020-01-13,23.494272232055664
2020-01-14,23.36311149597168
2020-01-15,23.29753303527832
2020-01-16,23.551654815673828
2020-01-17,23.68282127380371
2020-01-21,23.412294387817383
2020-01-22,23.379507064819336
2020-01-23,23.354915618896484
2020-01-24,23.149978637695312
2020-01-27,22.805675506591797
2020-01-28,23.076200485229492
2020-01-29,23.1745662689209
2020-01-30,23.338516235351562
2020-01-31,22.96143341064453
2020-02-03,22.953231811523438
2020-02-04,23.338516235351562
2020-02-05,23.633634567260742
2020-02-06,23.764795303344727
2020-02-07,23.666423797607422
2020-02-10,23.73200035095215
2020-02-11,23.838573455810547
2020-02-12,23.95333480834961
2020-02-13,23.797588348388672
2020-02-14,23.920549392700195
2020-02-18,24.002525329589844
2020-02-19,24.133684158325195
2020-02-20,23.854969024658203
2020-02-21,23.797588348388672
2020-02-24,22.871257781982422
2020-02-25,22.133474349975586
2020-02-26,22.31382179260254
2020-02-27,21.69900131225586
2020-02-28,21.55144691467285
2020-03-02,22.035104751586914
2020-03-03,21.674409866333008
2020-03-04,22.436786651611328
2020-03-05,21.436677932739258
2020-03-06,21.051393508911133
2020-03-09,19.11676597595215
2020-03-10,19.338098526000977
2020-03-11,18.42816734313965
2020-03-12,15.739359855651855
2020-03-13,17.14114761352539
2020-03-16,14.837626457214355
2020-03-17,16.02627182006836
2020-03-18,14.854022026062012
2020-03-19,15.255703926086426
2020-03-20,15.026172637939453
2020-03-23,15.067156791687012
2020-03-24,16.173831939697266
2020-03-25,16.796850204467773
2020-03-26,17.592010498046875
2020-03-27,16.583707809448242
2020-03-30,16.70667266845703
2020-03-31,16.657489776611328
2020-04-01,15.96069622039795
2020-04-02,16.15743637084961
2020-04-03,16.0672607421875
2020-04-06,16.780452728271484
2020-04-07,16.8050479888916
2020-04-08,16.960800170898438
2020-04-09,17.321491241455078
2020-04-13,17.190330505371094
2020-04-14,17.378875732421875
2020-04-15,16.76405906677246
2020-04-16,16.45254898071289
2020-04-17,16.854230880737305
2020-04-20,16.403366088867188
2020-04-21,16.173831939697266
2020-04-22,16.354177474975586
2020-04-23,16.14923667907715
2020-04-24,16.288599014282227
2020-04-27,16.477144241333008
2020-04-28,16.57551383972168
2020-04-29,17.305097579956055
2020-04-30,17.02638053894043
2020-05-01,16.69847869873047
2020-05-04,16.55911636352539
2020-05-05,16.419763565063477
2020-05-06,16.206621170043945
2020-05-07,16.370569229125977
2020-05-08,16.591909408569336
2020-05-11,16.362380981445312
2020-05-12,16.403366088867188
2020-05-13,16.19022560119629
2020-05-14,16.182031631469727
2020-05-15,16.00168228149414
2020-05-18,16.878820419311523
2020-05-19,16.13284683227539
2020-05-20,16.49353790283203
2020-05-21,16.56731414794922
2020-05-22,16.57551383972168
2020-05-26,17.362483978271484
2020-05-27,17.870731353759766
2020-05-28,17.862539291381836
2020-05-29,17.80514907836914
2020-06-01,18.182239532470703
2020-06-02,18.616710662841797
2020-06-03,19.346294403076172
2020-06-04,19.239728927612305
2020-06-05,19.764373779296875
2020-06-08,20.17425537109375
2020-06-09,19.7807674407959
2020-06-10,19.510244369506836
2020-06-11,18.2396240234375
2020-06-12,18.542938232421875
2020-06-15,18.73658561706543
2020-06-16,18.877275466918945
2020-06-17,18.86072540283203
2020-06-18,18.629003524780273
2020-06-19,18.537965774536133
2020-06-22,18.819345474243164
2020-06-23,18.951759338378906
2020-06-24,18.380725860595703
2020-06-25,18.744863510131836
2020-06-26,18.256589889526367
2020-06-29,18.645553588867188
2020-06-30,18.58761978149414
2020-07-01,18.595897674560547
2020-07-02,19.092449188232422
2020-07-06,19.448314666748047
2020-07-07,19.067625045776367
2020-07-08,19.241416931152344
2020-07-09,18.852453231811523
2020-07-10,19.20003890991211
2020-07-13,19.13382911682129
2020-07-14,19.3903865814209
2020-07-15,19.671762466430664
2020-07-16,19.655210494995117
2020-07-17,19.696590423583984
2020-07-20,19.81245231628418
2020-07-21,19.81245231628418
2020-07-22,19.82073211669922
2020-07-23,19.605558395385742
2020-07-24,19.58900260925293
2020-07-27,19.580730438232422
2020-07-28,19.580730438232422
2020-07-29,19.688316345214844
2020-07-30,19.29107093811035
2020-07-31,18.73658561706543
2020-08-03,19.00141716003418
2020-08-04,19.175214767456055
2020-08-05,19.183486938476562
2020-08-06,19.183486938476562
2020-08-07,19.00141716003418
2020-08-10,19.166934967041016
2020-08-11,19.431760787963867
2020-08-12,19.80417823791504
2020-08-13,19.663488388061523
2020-08-14,19.448314666748047
2020-08-17,19.406936645507812
2020-08-18,19.349002838134766
2020-08-19,19.274520874023438
2020-08-20,19.158658981323242
2020-08-21,19.0262451171875
2020-08-24,19.349002838134766
2020-08-25,19.398656845092773
2020-08-26,19.36555290222168
2020-08-27,19.183486938476562
2020-08-28,19.53107261657715
2020-08-31,19.158658981323242
2020-09-01,19.067625045776367
2020-09-02,19.142107009887695
2020-09-03,18.96831512451172
2020-09-04,19.150381088256836
2020-09-08,18.73658561706543
2020-09-09,19.051069259643555
2020-09-10,18.827621459960938
2020-09-11,18.869003295898438
2020-09-14,18.918659210205078
2020-09-15,19.13382911682129
2020-09-16,19.067625045776367
2020-09-17,19.183486938476562
2020-09-18,18.77796745300293
2020-09-21,18.231761932373047
2020-09-22,17.925552368164062
2020-09-23,17.66899871826172
2020-09-24,17.826244354248047
2020-09-25,17.784862518310547
2020-09-28,18.182104110717773
2020-09-29,18.09107208251953
2020-09-30,18.008312225341797
2020-10-01,18.1324520111084
2020-10-02,18.215208053588867
2020-10-05,18.579347610473633
2020-10-06,18.521413803100586
2020-10-07,18.720041275024414
2020-10-08,18.96003532409668
2020-10-09,18.918659210205078
2020-10-12,18.91037940979004
2020-10-13,18.537965774536133
2020-10-14,18.645553588867188
2020-10-15,18.430381774902344
2020-10-16,18.48003578186035
2020-10-19,18.438657760620117
2020-10-20,18.852453231811523
2020-10-21,18.595897674560547
2020-10-22,18.55451774597168
2020-10-23,18.83589744567871
2020-10-26,18.546241760253906
2020-10-27,18.099348068237305
2020-10-28,17.453828811645508
2020-10-29,17.34623908996582
2020-10-30,17.38762092590332
2020-11-02,17.760032653808594
2020-11-03,18.331069946289062
2020-11-04,18.223482131958008
2020-11-05,18.844173431396484
2020-11-06,18.844173431396484
2020-11-09,20.217967987060547
2020-11-10,21.120040893554688
2020-11-11,21.219350814819336
2020-11-12,20.904869079589844
2020-11-13,21.459352493286133
2020-11-16,21.80693817138672
2020-11-17,21.773836135864258
2020-11-18,21.616594314575195
2020-11-19,21.88969612121582
2020-11-20,21.815214157104492
2020-11-23,21.914525985717773
2020-11-24,22.469011306762695
2020-11-25,22.452457427978516
2020-11-27,22.56831932067871
2020-11-30,22.15452766418457
2020-12-01,22.65935516357422
2020-12-02,22.932462692260742
2020-12-03,22.866249084472656
2020-12-04,23.280046463012695
2020-12-07,23.056596755981445
2020-12-08,23.048322677612305
2020-12-09,22.990388870239258
2020-12-10,22.94073486328125
2020-12-11,22.73383331298828
2020-12-14,22.869102478027344
2020-12-15,22.98672866821289
2020-12-16,22.91111183166504
2020-12-17,23.053937911987305
2020-12-18,22.75147819519043
2020-12-21,22.29779624938965
2020-12-22,22.289396286010742
2020-12-23,22.78508758544922
2020-12-24,22.877504348754883
2020-12-28,23.03713607788086
2020-12-29,23.11274528503418
2020-12-30,23.119487762451172
2020-12-31,22.774168014526367
2021-01-04,22.95945930480957
2021-01-05,23.144756317138672
2021-01-06,23.88592529296875
2021-01-07,23.944883346557617
2021-01-08,24.029109954833984
2021-01-11,23.78485679626465
2021-01-12,23.734323501586914
2021-01-13,23.826967239379883
2021-01-14,23.835390090942383
2021-01-15,23.178442001342773
2021-01-19,23.31319808959961
2021-01-20,23.228979110717773
2021-01-21,23.102643966674805
2021-01-22,22.8331241607666
2021-01-25,22.61414337158203
2021-01-26,22.7236328125
2021-01-27,22.06668472290039
2021-01-28,22.428850173950195
2021-01-29,21.915082931518555
2021-02-01,21.990888595581055
2021-02-02,22.243558883666992
2021-02-03,22.513071060180664
2021-02-04,22.5804500579834
2021-02-05,22.925769805908203
2021-02-08,22.976303100585938
2021-02-09,22.774168014526367
2021-02-10,22.6309871673584
2021-02-11,22.6815242767334
2021-02-12,22.7320556640625
2021-02-16,22.88365936279297
2021-02-17,22.799434661865234
2021-02-18,22.664676666259766
2021-02-19,22.8331241607666
2021-02-22,22.698366165161133
2021-02-23,23.119487762451172
2021-02-24,23.13633155822754
2021-02-25,22.96788215637207
2021-02-26,22.765743255615234
2021-03-01,23.077375411987305
2021-03-02,23.060527801513672
2021-03-03,22.6815242767334
2021-03-04,22.706789016723633
2021-03-05,22.8583927154541
2021-03-08,22.7320556640625
2021-03-09,23.018415451049805
2021-03-10,23.119487762451172
2021-03-11,23.36373519897461
2021-03-12,23.549028396606445
2021-03-15,23.44796371459961
2021-03-16,23.414270401000977
2021-03-17,23.464801788330078
2021-03-18,23.279510498046875
2021-03-19,23.212129592895508
2021-03-22,22.8415470123291
2021-03-23,22.765743255615234
2021-03-24,22.774168014526367
2021-03-25,22.8331241607666
2021-03-26,23.06894874572754
2021-03-29,23.06894874572754
2021-03-30,23.127906799316406
2021-03-31,23.06894874572754
2021-04-01,23.271087646484375
2021-04-05,23.658517837524414
2021-04-06,23.45638084411621
2021-04-07,23.498493194580078
2021-04-08,23.607982635498047
2021-04-09,23.481651306152344
2021-04-12,23.380578994750977
2021-04-13,23.431116104125977
2021-04-14,23.54060935974121
2021-04-15,23.557451248168945
2021-04-16,23.692209243774414
2021-04-19,23.97857093811035
2021-04-20,23.40584945678711
2021-04-21,23.61640739440918
2021-04-22,23.692209243774414
2021-04-23,23.818546295166016
2021-04-26,24.00383949279785
2021-04-27,24.281776428222656
2021-04-28,24.467071533203125
2021-04-29,24.610252380371094
2021-04-30,24.357580184936523
2021-05-03,24.593408584594727
2021-05-04,24.424955368041992
2021-05-05,24.711318969726562
2021-05-06,24.930301666259766
2021-05-07,25.351423263549805
2021-05-10,25.258771896362305
2021-05-11,25.02294921875
2021-05-12,24.846078872680664
2021-05-13,24.989259719848633
2021-05-14,25.620939254760742
2021-05-17,25.57040786743164
2021-05-18,25.64620590209961
2021-05-19,25.359844207763672
2021-05-20,25.612516403198242
2021-05-21,25.780961990356445
2021-05-24,25.831499099731445
2021-05-25,25.915725708007812
2021-05-26,25.78938865661621
2021-05-27,25.79781150817871
2021-05-28,25.890453338623047
2021-06-01,25.88203239440918
2021-06-02,25.79781150817871
2021-06-03,25.587249755859375
2021-06-04,25.503026962280273
2021-06-07,25.73042869567871
2021-06-08,25.64620590209961
2021-06-09,25.713586807250977
2021-06-10,25.618762969970703
2021-06-11,25.721271514892578
2021-06-14,25.934833526611328
2021-06-15,25.875038146972656
2021-06-16,25.5675106048584
2021-06-17,25.251436233520508
2021-06-18,24.730348587036133
2021-06-21,25.012250900268555
2021-06-22,24.96953773498535
2021-06-23,24.67055320739746
2021-06-24,24.99516487121582
2021-06-25,25.07204818725586
2021-06-28,24.61930274963379
2021-06-29,24.55950355529785
2021-06-30,24.27760124206543
2021-07-01,24.50824737548828
2021-07-02,24.405738830566406
2021-07-06,24.217805862426758
2021-07-07,24.158010482788086
2021-07-08,23.756511688232422
2021-07-09,24.14092445373535
2021-07-12,24.243431091308594
2021-07-13,23.747970581054688
2021-07-14,23.688173294067383
2021-07-15,23.28667640686035
2021-07-16,23.13291358947754
2021-07-19,22.64599609375
2021-07-20,22.842470169067383
2021-07-21,23.44044303894043
2021-07-22,23.448986053466797
2021-07-23,23.679630279541016
2021-07-26,23.901735305786133
2021-07-27,23.824851989746094
2021-07-28,23.824851989746094
2021-07-29,23.987157821655273
2021-07-30,23.73088836669922
2021-08-02,23.893192291259766
2021-08-03,24.08966636657715
2021-08-04,23.92736053466797
2021-08-05,23.995698928833008
2021-08-06,24.081125259399414
2021-08-09,23.97861671447754
2021-08-10,24.04695701599121
2021-08-11,24.320310592651367
2021-08-12,24.294687271118164
2021-08-13,24.405738830566406
2021-08-16,24.217805862426758
2021-08-17,23.850479125976562
2021-08-18,24.04695701599121
2021-08-19,23.987157821655273
2021-08-20,24.123836517333984
2021-08-23,24.260517120361328
2021-08-24,24.209260940551758
2021-08-25,24.269062042236328
2021-08-26,23.97861671447754
2021-08-27,24.209260940551758
2021-08-30,24.029869079589844
2021-08-31,24.012786865234375
2021-09-01,24.422822952270508
2021-09-02,24.43990707397461
2021-09-03,24.175094604492188
2021-09-07,24.081125259399414
2021-09-08,23.93590545654297
2021-09-09,23.790681838989258
2021-09-10,23.4746150970459
2021-09-13,23.9188175201416
2021-09-14,23.69671630859375
2021-09-15,23.491697311401367
2021-09-16,23.517324447631836
2021-09-17,23.363563537597656
2021-09-20,22.85101318359375
2021-09-21,23.115829467773438
2021-09-22,23.235424041748047
2021-09-23,23.619834899902344
2021-09-24,23.594205856323242
2021-09-27,23.901735305786133
2021-09-28,23.32084846496582
2021-09-29,23.312305450439453
2021-09-30,23.038949966430664
2021-10-01,23.218338012695312
2021-10-04,23.226882934570312
2021-10-05,23.491697311401367
2021-10-06,23.32084846496582
2021-10-07,23.654001235961914
2021-10-08,23.756511688232422
2021-10-11,23.448986053466797
2021-10-12,23.654001235961914
2021-10-13,23.688173294067383
2021-10-14,23.78213882446289
2021-10-15,23.893192291259766
2021-10-18,23.739431381225586
2021-10-19,23.961532592773438
2021-10-20,24.14092445373535
2021-10-21,23.9102783203125
2021-10-22,23.850479125976562
2021-10-25,23.78213882446289
2021-10-26,23.944448471069336
2021-10-27,23.81631088256836
2021-10-28,24.260517120361328
2021-10-29,24.149465560913086
2021-11-01,24.57658576965332
2021-11-02,24.303226470947266
2021-11-03,24.251972198486328
2021-11-04,23.97861671447754
2021-11-05,24.19217872619629
2021-11-08,24.123836517333984
2021-11-09,24.04695701599121
2021-11-10,23.97861671447754
2021-11-11,23.859025955200195
2021-11-12,23.790681838989258
2021-11-15,23.67108917236328
2021-11-16,23.44044303894043
2021-11-17,23.380647659301758
2021-11-18,23.192712783813477
2021-11-19,22.6289119720459
2021-11-22,22.654539108276367
2021-11-23,22.782672882080078
2021-11-24,22.603282928466797
2021-11-26,21.800294876098633
2021-11-29,21.911346435546875
2021-11-30,21.680700302124023
2021-12-01,21.56110954284668
2021-12-02,21.680700302124023
2021-12-03,21.475683212280273
2021-12-06,21.962602615356445
2021-12-07,22.099281311035156
2021-12-08,22.141992568969727
2021-12-09,21.706327438354492
2021-12-10,21.757585525512695
2021-12-13,21.588109970092773
2021-12-14,21.701093673706055
2021-12-15,21.735855102539062
2021-12-16,21.81407356262207
2021-12-17,21.52727508544922
2021-12-20,21.675020217895508
2021-12-21,21.961820602416992
2021-12-22,22.22254753112793
2021-12-23,22.474580764770508
2021-12-27,22.709232330322266
2021-12-28,22.804832458496094
2021-12-29,22.917816162109375
2021-12-30,22.83090591430664
2021-12-31,22.83090591430664
2022-01-03,23.074247360229492
2022-01-04,23.08294105529785
2022-01-05,22.82221794128418
2022-01-06,23.109012603759766
2022-01-07,23.291522979736328
2022-01-10,23.24806785583496
2022-01-11,23.508792877197266
2022-01-12,23.543556213378906
2022-01-13,23.42188262939453
2022-01-14,23.647846221923828
2022-01-18,23.308902740478516
2022-01-19,23.161157608032227
2022-01-20,23.04817771911621
2022-01-21,22.839597702026367
2022-01-24,22.804832458496094
2022-01-25,22.64839744567871
2022-01-26,22.622325897216797
2022-01-27,22.709232330322266
2022-01-28,22.804832458496094
2022-01-31,22.926502227783203
2022-02-01,23.274141311645508
2022-02-02,23.343669891357422
2022-02-03,23.36104965209961
2022-02-04,23.395811080932617
2022-02-07,23.091630935668945
2022-02-08,23.42188262939453
2022-02-09,23.795591354370117
2022-02-10,23.717370986938477
2022-02-11,22.996030807495117
2022-02-14,22.726613998413086
2022-02-15,23.274141311645508
2022-02-16,23.395811080932617
2022-02-17,22.961271286010742
2022-02-18,22.81352424621582
2022-02-22,22.500652313232422
2022-02-23,22.22254753112793
2022-02-24,21.970510482788086
2022-02-25,22.717924118041992
2022-02-28,22.23123550415039
2022-03-01,21.344768524169922
2022-03-02,21.805383682250977
2022-03-03,20.96236801147461
2022-03-04,20.18888282775879
2022-03-07,19.519683837890625
2022-03-08,20.52782440185547
2022-03-09,21.457748413085938
2022-03-10,21.162260055541992
2022-03-11,20.918914794921875
2022-03-14,21.26654815673828
2022-03-15,21.50989532470703
2022-03-16,22.022655487060547
2022-03-17,22.17039680480957
2022-03-18,22.14432716369629
2022-03-21,21.92705535888672
2022-03-22,22.23123550415039
2022-03-23,21.64894676208496
2022-03-24,21.735855102539062
2022-03-25,21.79669189453125
2022-03-28,21.953126907348633
2022-03-29,22.709232330322266
2022-03-30,22.604948043823242
2022-03-31,22.12694549560547
2022-04-01,22.431123733520508
2022-04-04,22.3529052734375
2022-04-05,22.361597061157227
2022-04-06,22.18778419494629
2022-04-07,22.24861717224121
2022-04-08,22.37898063659668
2022-04-11,22.24861717224121
2022-04-12,22.092180252075195
2022-04-13,22.396364212036133
2022-04-14,22.431123733520508
2022-04-18,22.37898063659668
2022-04-19,22.552799224853516
2022-04-20,22.68316078186035
2022-04-21,22.457197189331055
2022-04-22,22.12694549560547
2022-04-25,22.213850021362305
2022-04-26,21.29262351989746
2022-04-27,21.24916648864746
2022-04-28,21.56203842163086
2022-04-29,21.353456497192383
2022-05-02,21.26654815673828
2022-05-03,21.622875213623047
2022-05-04,21.99658203125
2022-05-05,21.240478515625
2022-05-06,21.12749671936035
2022-05-09,20.606042861938477
2022-05-10,20.72771453857422
2022-05-11,20.7537899017334
2022-05-12,20.45829963684082
2022-05-13,20.94498634338379
2022-05-16,21.066659927368164
2022-05-17,21.588109970092773
2022-05-18,21.24916648864746
2022-05-19,21.483821868896484
2022-05-20,21.692401885986328
2022-05-23,22.22254753112793
2022-05-24,22.518033981323242
2022-05-25,22.68316078186035
2022-05-26,22.943885803222656
2022-05-27,23.05687141418457
2022-05-31,22.81352424621582
2022-06-01,22.431123733520508
2022-06-02,22.752687454223633
2022-06-03,22.535415649414062
2022-06-06,22.700544357299805
2022-06-07,22.865671157836914
2022-06-08,22.587560653686523
2022-06-09,21.945680618286133
2022-06-10,21.11687469482422
2022-06-13,20.446779251098633
2022-06-14,20.11172866821289
2022-06-15,20.561399459838867
2022-06-16,20.473228454589844
2022-06-17,20.499679565429688
2022-06-21,20.676021575927734
2022-06-22,20.52613067626953
2022-06-23,20.57903480529785
2022-06-24,21.037521362304688
2022-06-27,20.905263900756836
2022-06-28,20.825910568237305
2022-06-29,20.596668243408203
2022-06-30,20.561399459838867
2022-07-01,20.843544006347656
2022-07-05,20.1029109954834
2022-07-06,19.723779678344727
2022-07-07,19.97065544128418
2022-07-08,19.917753219604492
2022-07-11,19.662059783935547
2022-07-12,19.274106979370117
2022-07-13,19.309377670288086
2022-07-14,18.912609100341797
2022-07-15,19.256473541259766
2022-07-18,19.238840103149414
2022-07-19,19.99710464477539
2022-07-20,19.49453353881836
2022-07-21,19.62679100036621
2022-07-22,19.62679100036621
2022-07-25,19.882482528686523
2022-07-26,19.61797523498535
2022-07-27,20.11172866821289
2022-07-28,19.926572799682617
2022-07-29,20.22635269165039
2022-08-01,19.97065544128418
2022-08-02,19.81195068359375
2022-08-03,19.99710464477539
2022-08-04,20.13818359375
2022-08-05,20.19989776611328
2022-08-08,20.314525604248047
2022-08-09,20.543766021728516
2022-08-10,20.83473014831543
2022-08-11,20.869998931884766
2022-08-12,21.019886016845703
2022-08-15,20.869998931884766
2022-08-16,21.002254486083984
2022-08-17,20.85236358642578
2022-08-18,20.658388137817383
2022-08-19,20.323335647583008
2022-08-22,19.97065544128418
2022-08-23,19.935388565063477
2022-08-24,19.864852905273438
2022-08-25,19.97947120666504
2022-08-26,19.450448989868164
2022-08-29,19.520984649658203
2022-08-30,19.42399787902832
2022-08-31,19.19475555419922
2022-09-01,19.10658073425293
2022-09-02,18.86852264404297
2022-09-06,18.85970687866211
2022-09-07,19.327011108398438
2022-09-08,19.33582878112793
2022-09-09,19.83839988708496
2022-09-12,20.2528018951416
2022-09-13,19.529802322387695
2022-09-14,19.670873641967773
2022-09-15,19.732595443725586
2022-09-16,19.609155654907227
2022-09-19,19.714962005615234
2022-09-20,19.256473541259766
2022-09-21,18.842069625854492
2022-09-22,18.87734031677246
2022-09-23,18.145523071289062
2022-09-26,17.766386032104492
2022-09-27,17.475425720214844
2022-09-28,17.881010055541992
2022-09-29,17.62531852722168
2022-09-30,17.475425720214844
2022-10-03,18.004451751708984
2022-10-04,18.824438095092773
2022-10-05,18.454120635986328
2022-10-06,17.986814498901367
2022-10-07,17.739940643310547
2022-10-10,17.59004783630371
2022-10-11,17.334352493286133
2022-10-12,17.140377044677734
2022-10-13,17.70467185974121
2022-10-14,17.484241485595703
2022-10-17,18.12788963317871
2022-10-18,18.401220321655273
2022-10-19,18.11025619506836
2022-10-20,18.18079376220703
2022-10-21,18.401220321655273
2022-10-24,18.621646881103516
2022-10-25,19.080135345458984
2022-10-26,19.353464126586914
2022-10-27,19.256473541259766
2022-10-28,19.512168884277344
2022-10-31,19.327011108398438
2022-11-01,19.42399787902832
2022-11-02,19.080135345458984
2022-11-03,18.797985076904297
2022-11-04,19.512168884277344
2022-11-07,19.547435760498047
2022-11-08,19.688508987426758
2022-11-09,19.573888778686523
2022-11-10,20.30570411682129
2022-11-11,20.57903480529785
2022-11-14,20.482046127319336
2022-11-15,20.623119354248047
2022-11-16,20.667207717895508
2022-11-17,20.534948348999023
2022-11-18,20.640756607055664
2022-11-21,20.676021575927734
2022-11-22,21.143327713012695
2022-11-23,21.31085205078125
2022-11-25,21.566545486450195
2022-11-28,21.143327713012695
2022-11-29,21.213865280151367
2022-11-30,21.61063003540039
2022-12-01,21.822242736816406
2022-12-02,21.707618713378906
2022-12-05,21.566545486450195
2022-12-06,21.478374481201172
2022-12-07,21.53127670288086
2022-12-08,21.443105697631836
2022-12-09,21.46074104309082
2022-12-12,21.53127670288086
2022-12-13,21.77390480041504
2022-12-14,21.881343841552734
2022-12-15,21.523223876953125
2022-12-16,21.263582229614258
2022-12-19,21.21881675720215
2022-12-20,21.460546493530273
2022-12-21,21.729143142700195
2022-12-22,21.612749099731445
2022-12-23,21.648563385009766
2022-12-27,21.6217041015625
2022-12-28,21.496360778808594
2022-12-29,21.791810989379883
2022-12-30,21.648563385009766
2023-01-03,21.791810989379883
2023-01-04,22.355854034423828
2023-01-05,22.293184280395508
2023-01-06,22.81246566772461
2023-01-09,22.848276138305664
2023-01-10,23.134775161743164
2023-01-11,23.17953872680664
2023-01-12,23.591381072998047
2023-01-13,23.77044105529785
2023-01-17,23.618240356445312
2023-01-18,23.600337982177734
2023-01-19,23.510807037353516
2023-01-20,23.85102081298828
2023-01-23,23.913692474365234
2023-01-24,23.922643661499023
2023-01-25,24.012176513671875
2023-01-26,24.155424118041992
2023-01-27,23.97636604309082
2023-01-30,23.895788192749023
2023-01-31,24.09275245666504
2023-02-01,24.49564552307129
2023-02-02,24.764236450195312
2023-02-03,24.406112670898438
2023-02-06,24.1733341217041
2023-02-07,24.370302200317383
2023-02-08,24.343442916870117
2023-02-09,24.307628631591797
2023-02-10,24.012176513671875
2023-02-13,24.343442916870117
2023-02-14,24.61203384399414
2023-02-15,24.56726837158203
2023-02-16,24.49564552307129
2023-02-17,24.629941940307617
2023-02-21,24.22705078125
2023-02-22,23.985319137573242
2023-02-23,24.244956970214844
2023-02-24,24.065895080566406
2023-02-27,24.388206481933594
2023-02-28,24.5404109954834
2023-03-01,24.60308265686035
2023-03-02,24.450878143310547
2023-03-03,24.907485961914062
2023-03-06,24.99701499938965
2023-03-07,24.45983123779297
2023-03-08,24.692611694335938
2023-03-09,24.388206481933594
2023-03-10,24.12856674194336
2023-03-13,23.73463249206543
2023-03-14,24.298675537109375
2023-03-15,23.322792053222656
2023-03-16,23.600337982177734
2023-03-17,23.081056594848633
2023-03-20,23.564523696899414
2023-03-21,24.262863159179688
2023-03-22,24.056941986083984
2023-03-23,23.931598663330078
2023-03-24,23.71672821044922
2023-03-27,24.083803176879883
2023-03-28,24.155424118041992
2023-03-29,24.576223373413086
2023-03-30,25.005971908569336
2023-03-31,24.95224952697754
2023-04-03,24.99701499938965
2023-04-04,25.158172607421875
2023-04-05,25.328279495239258
2023-04-06,25.650590896606445
2023-04-10,25.596874237060547
2023-04-11,25.28351593017578
2023-04-12,25.587919235229492
2023-04-13,25.892324447631836
2023-04-14,25.82069969177246
2023-04-17,25.659543991088867
2023-04-18,25.86546516418457
2023-04-19,26.098247528076172
2023-04-20,25.972904205322266
2023-04-21,25.9191837310791
2023-04-24,26.098247528076172
2023-04-25,25.355140686035156
2023-04-26,25.46257781982422
2023-04-27,25.91023063659668
2023-04-28,25.578968048095703
2023-05-01,25.596874237060547
2023-05-02,25.113407135009766
2023-05-03,25.0865478515625
2023-05-04,25.077594757080078
2023-05-05,25.382001876831055
2023-05-08,25.382001876831055
2023-05-09,25.292469024658203
2023-05-10,25.274559020996094
2023-05-11,25.176076889038086
2023-05-12,25.176076889038086
2023-05-15,25.176076889038086
2023-05-16,24.99701499938965
2023-05-17,25.077594757080078
2023-05-18,24.85376739501953
2023-05-19,24.979108810424805
2023-05-22,25.122360229492188
2023-05-23,24.791095733642578
2023-05-24,24.576223373413086
2023-05-25,24.441925048828125
2023-05-26,24.64784812927246
2023-05-30,24.531455993652344
2023-05-31,24.191238403320312
2023-06-01,24.64784812927246
2023-06-02,24.961204528808594
2023-06-05,24.800050735473633
2023-06-06,24.943296432495117
2023-06-07,24.845367431640625
2023-06-08,25.00858497619629
2023-06-09,24.89070701599121
2023-06-12,24.9995174407959
2023-06-13,24.9995174407959
2023-06-14,25.26247787475586
2023-06-15,25.7067928314209
2023-06-16,25.75213050842285
2023-06-20,25.688657760620117
2023-06-21,25.78840446472168
2023-06-22,25.534507751464844
2023-06-23,25.072057723999023
2023-06-26,25.208072662353516
2023-06-27,25.688657760620117
2023-06-28,25.85187530517578
2023-06-29,25.879079818725586
2023-06-30,26.205514907836914
2023-07-03,26.26898765563965
2023-07-05,25.67959213256836
2023-07-06,25.26247787475586
2023-07-07,25.407562255859375
2023-07-10,25.46196746826172
2023-07-11,25.770267486572266
2023-07-12,26.341529846191406
2023-07-13,26.677032470703125
2023-07-14,26.52288246154785
2023-07-17,26.649829864501953
2023-07-18,26.695171356201172
2023-07-19,26.59542465209961
2023-07-20,26.686100006103516
2023-07-21,26.76770782470703
2023-07-24,26.550085067749023
2023-07-25,26.432207107543945
2023-07-26,26.97626495361328
2023-07-27,26.658897399902344
2023-07-28,26.794912338256836
2023-07-31,26.604490280151367
2023-08-01,26.05136489868164
2023-08-02,25.552644729614258
2023-08-03,25.56171417236328
2023-08-04,25.697725296020508
2023-08-07,25.824674606323242
2023-08-08,25.652385711669922
2023-08-09,25.688657760620117
2023-08-10,26.105772018432617
2023-08-11,25.987892150878906
2023-08-14,25.779335021972656
2023-08-15,25.434762954711914
2023-08-16,25.335020065307617
2023-08-17,25.072057723999023
2023-08-18,25.217138290405273
2023-08-21,25.316884994506836
2023-08-22,25.199007034301758
2023-08-23,25.362224578857422
2023-08-24,25.153669357299805
2023-08-25,25.37129020690918
2023-08-28,25.78840446472168
2023-08-29,26.26898765563965
2023-08-30,26.142040252685547
2023-08-31,25.824674606323242
2023-09-01,25.507305145263672
2023-09-05,25.17180061340332
2023-09-06,24.90884017944336
2023-09-07,24.87257194519043
2023-09-08,25.053922653198242
2023-09-11,25.38035774230957
2023-09-12,25.416627883911133
2023-09-13,25.199007034301758
2023-09-14,25.543577194213867
2023-09-15,25.452899932861328
2023-09-18,25.39849281311035
2023-09-19,25.579845428466797
2023-09-20,25.697725296020508
2023-09-21,25.39849281311035
2023-09-22,25.2534122467041
2023-09-25,24.963245391845703
2023-09-26,24.736555099487305
2023-09-27,24.600540161132812
2023-09-28,24.95417594909668
2023-09-29,24.936044692993164
2023-10-02,24.33757972717285
2023-10-03,23.993005752563477
2023-10-04,24.065549850463867
2023-10-05,24.2287654876709
2023-10-06,24.546133041381836
2023-10-09,24.355714797973633
2023-10-10,24.8362979888916
2023-10-11,25.072057723999023
2023-10-12,24.68214988708496
2023-10-13,24.44639015197754
2023-10-16,24.754688262939453
2023-10-17,24.763757705688477
2023-10-18,24.37384796142578
2023-10-19,24.328510284423828
2023-10-20,24.083683013916016
2023-10-23,24.020212173461914
2023-10-24,23.974872589111328
2023-10-25,23.88419532775879
2023-10-26,23.902332305908203
2023-10-27,23.739112854003906
2023-10-30,24.283170700073242
2023-10-31,24.265037536621094
2023-11-01,24.428255081176758
2023-11-02,25.099262237548828
2023-11-03,25.2534122467041
2023-11-06,25.13553237915039
2023-11-07,25.017650604248047
2023-11-08,25.208072662353516
2023-11-09,25.27154541015625
2023-11-10,25.516374588012695
2023-11-13,25.62518310546875
2023-11-14,26.49567985534668
2023-11-15,26.368732452392578
2023-11-16,26.613557815551758
2023-11-17,26.97626495361328
2023-11-20,27.175752639770508
2023-11-21,27.021602630615234
2023-11-22,27.10321044921875
2023-11-24,27.384309768676758
2023-11-27,27.47498321533203
2023-11-28,27.67447280883789
2023-11-29,27.837690353393555
2023-11-30,27.67447280883789
2023-12-01,27.81955909729004
2023-12-04,27.846757888793945
2023-12-05,27.846757888793945
2023-12-06,27.765151977539062
2023-12-07,27.756084442138672
2023-12-08,27.946502685546875
2023-12-11,27.77421760559082
2023-12-12,27.67447280883789
2023-12-13,28.082517623901367
2023-12-14,28.33641242980957
2023-12-15,27.74701499938965
2023-12-18,27.783287048339844
2023-12-19,28.037181854248047
2023-12-20,27.6181640625
2023-12-21,28.050992965698242
2023-12-22,28.07862091064453
2023-12-26,28.26280403137207
2023-12-27,28.37331199645996
2023-12-28,28.161502838134766
2023-12-29,28.198341369628906
2024-01-02,28.08782958984375
2024-01-03,27.7655086517334
2024-01-04,28.161502838134766
2024-01-05,28.152294158935547
2024-01-08,28.40093994140625
2024-01-09,27.802349090576172
2024-01-10,27.995737075805664
2024-01-11,27.885229110717773
2024-01-12,27.94048500061035
2024-01-16,27.31426429748535
2024-01-17,27.01957130432129
2024-01-18,27.074825286865234
2024-01-19,27.102453231811523
2024-01-22,27.18533706665039
2024-01-23,26.918272018432617
2024-01-24,27.130081176757812
2024-01-25,26.98273277282715
2024-01-26,27.03799057006836
2024-01-29,26.899850845336914
2024-01-30,27.27742576599121
2024-01-31,27.203754425048828
2024-02-01,27.424774169921875
2024-02-02,27.341890335083008
2024-02-05,26.927478790283203
2024-02-06,27.03799057006836
2024-02-07,26.789342880249023
2024-02-08,26.752506256103516
2024-02-09,26.84459686279297
2024-02-12,26.927478790283203
2024-02-13,26.485441207885742
2024-02-14,26.715669631958008
2024-02-15,26.863018035888672
2024-02-16,26.53148651123047
2024-02-20,27.212963104248047
2024-02-21,27.415563583374023
2024-02-22,27.45240020751953
2024-02-23,27.369516372680664
2024-02-26,27.35110092163086
2024-02-27,27.32347297668457
2024-02-28,27.111661911010742
2024-02-29,26.945898056030273
2024-03-01,27.1577091217041
2024-03-04,27.19454574584961
2024-03-05,27.341890335083008
2024-03-06,27.62737274169922
2024-03-07,28.161502838134766
2024-03-08,28.11545753479004
2024-03-11,28.244384765625
2024-03-12,28.318058013916016
2024-03-13,28.621959686279297
2024-03-14,28.207548141479492
2024-03-15,28.53907585144043
2024-03-18,28.4746150970459
2024-03-19,28.649587631225586
2024-03-20,29.119253158569336
2024-03-21,29.100833892822266
2024-03-22,29.248180389404297
2024-03-25,29.3310604095459
2024-03-26,29.377107620239258
2024-03-27,29.80072784423828
2024-03-28,29.62575340270996
2024-04-01,29.47840690612793
2024-04-02,29.35869026184082
2024-04-03,29.552080154418945
2024-04-04,29.496826171875
2024-04-05,29.35869026184082
2024-04-08,29.487619400024414
2024-04-09,29.413942337036133
2024-04-10,28.852188110351562
2024-04-11,28.603540420532227
2024-04-12,28.299636840820312
2024-04-15,28.11545753479004
2024-04-16,27.958904266357422
2024-04-17,28.345685958862305
2024-04-18,28.51144790649414
2024-04-19,28.502241134643555
2024-04-22,28.981115341186523
2024-04-23,29.50603485107422
2024-04-24,29.377107620239258
2024-04-25,29.3310604095459
2024-04-26,29.66259002685547
2024-04-29,29.773101806640625
2024-04-30,28.806140899658203
2024-05-01,28.769304275512695
2024-05-02,29.137670516967773
2024-05-03,29.257389068603516
2024-05-06,29.579708099365234
2024-05-07,29.855979919433594
2024-05-08,30.086206436157227
2024-05-09,29.855979919433594
2024-05-10,30.00333023071289
2024-05-13,30.123043060302734
2024-05-14,30.565082550048828
2024-05-15,31.099214553833008
2024-05-16,30.76768684387207
2024-05-17,30.99791145324707
2024-05-20,30.841360092163086
2024-05-21,30.942659378051758
2024-05-22,30.675596237182617
2024-05-23,30.40852928161621
2024-05-24,30.555877685546875
2024-05-28,30.749265670776367
2024-05-29,30.141462326049805
2024-05-30,30.730846405029297
2024-05-31,30.99791145324707
2024-06-03,31.145259857177734
2024-06-04,30.74005889892578
2024-06-05,30.859773635864258
2024-06-06,31.05316925048828
2024-06-07,30.666383743286133
2024-06-10,30.50983238220215
2024-06-11,30.00721549987793
2024-06-12,30.222488403320312
2024-06-13,29.614105224609375
2024-06-14,29.286516189575195
2024-06-17,29.352033615112305
2024-06-18,29.62346649169922
2024-06-20,29.735780715942383
2024-06-21,29.323955535888672
2024-06-24,29.810659408569336
2024-06-25,29.707700729370117
2024-06-26,29.380111694335938
2024-06-27,29.24907684326172
2024-06-28,29.230356216430664
2024-07-01,29.642183303833008
2024-07-02,29.38947296142578
2024-07-03,29.922975540161133
2024-07-05,30.110170364379883
2024-07-08,29.997854232788086
2024-07-09,29.717063903808594
2024-07-10,30.269285202026367
2024-07-11,30.550079345703125
2024-07-12,30.75598907470703
2024-07-15,30.44711685180664
2024-07-16,30.503278732299805
2024-07-17,30.56879425048828
2024-07-18,30.54071807861328
2024-07-19,30.400320053100586
2024-07-22,30.75598907470703
2024-07-23,30.681110382080078
2024-07-24,30.587514877319336
2024-07-25,30.521997451782227
2024-07-26,30.73727035522461
2024-07-29,30.521997451782227
2024-07-30,30.709192276000977
2024-07-31,30.36288070678711
2024-08-01,29.454988479614258
2024-08-02,29.473709106445312
2024-08-05,28.79981231689453
2024-08-06,28.72493553161621
2024-08-07,28.87468910217285
2024-08-08,29.1742000579834
2024-08-09,29.361392974853516
2024-08-12,29.342674255371094
2024-08-13,29.810659408569336
2024-08-14,29.866817474365234
2024-08-15,30.100811004638672
2024-08-16,30.381603240966797
2024-08-19,30.915103912353516
2024-08-20,30.858943939208984
2024-08-21,31.036779403686523
2024-08-22,30.96190643310547
2024-08-23,31.61707878112793
2024-08-26,31.495410919189453
2024-08-27,31.74811553955078
2024-08-28,31.682600021362305
2024-08-29,31.495410919189453
2024-08-30,31.720041275024414
2024-09-03,31.102298736572266
2024-09-04,31.12101936340332
2024-09-05,31.52348518371582
2024-09-06,31.083576202392578
2024-09-09,31.392452239990234
2024-09-10,31.12101936340332
2024-09-11,31.467327117919922
2024-09-12,31.63580322265625
2024-09-13,32.05698776245117
2024-09-16,32.45009231567383
2024-09-17,32.571773529052734
2024-09-18,32.590492248535156
2024-09-19,32.82448196411133
2024-09-20,32.73088836669922
2024-09-23,32.75896453857422
2024-09-24,32.92744064331055
2024-09-25,32.693450927734375
2024-09-26,33.32991027832031
2024-09-27,33.217594146728516
2024-09-30,33.030399322509766
2024-10-01,32.24418640136719
2024-10-02,32.01955032348633
2024-10-03,32.01955032348633
2024-10-04,32.15058898925781
2024-10-07,32.13187026977539
2024-10-08,32.27225875854492
2024-10-09,32.20674514770508
2024-10-10,31.832353591918945
2024-10-11,32.05698776245117
2024-10-14,32.34714126586914
2024-10-15,32.31905746459961
2024-10-16,32.5156135559082
2024-10-17,32.12250518798828
2024-10-18,32.39393615722656
2024-10-21,32.08506393432617
2024-10-22,31.944669723510742
2024-10-23,31.888511657714844
2024-10-24,31.991470336914062
2024-10-25,31.701318740844727
2024-10-28,32.094425201416016
2024-10-29,31.701318740844727
2024-10-30,31.720041275024414
2024-10-31,31.74811553955078
2024-11-01,32.07571029663086
2024-11-04,32.15994644165039
2024-11-05,32.4875373840332
2024-11-06,30.877670288085938
2024-11-07,31.298852920532227
2024-11-08,30.971261978149414
2024-11-11,30.840229034423828
2024-11-12,30.278642654418945
2024-11-13,30.054014205932617
2024-11-14,30.278642654418945
2024-11-15,30.746625900268555
2024-11-18,30.952543258666992
2024-11-19,30.72791290283203
2024-11-20,30.709192276000977
2024-11-21,30.48455810546875
2024-11-22,30.35352325439453
2024-11-25,30.662389755249023
2024-11-26,30.381603240966797
2024-11-27,30.61559295654297
2024-11-29,30.634309768676758
2024-12-02,30.6717529296875
2024-12-03,30.980621337890625
2024-12-04,31.074220657348633
2024-12-05,31.729402542114258
2024-12-06,31.52348518371582
2024-12-09,31.289491653442383
2024-12-10,31.214614868164062
2024-12-11,30.784069061279297
2024-12-12,30.606233596801758
2024-12-13,30.718549728393555
2024-12-16,30.73727035522461
2024-12-17,30.24675750732422
2024-12-18,29.488428115844727
2024-12-19,29.421234130859375
2024-12-20,29.53642463684082
2024-12-23,29.613216400146484
2024-12-24,29.79559898376465
2024-12-26,29.91078758239746
2024-12-27,29.776403427124023
2024-12-30,29.79559898376465
2024-12-31,29.805198669433594
2025-01-02,29.71880531311035
2025-01-03,29.968381881713867
2025-01-06,30.409940719604492
2025-01-07,30.31395149230957
2025-01-08,30.26595687866211
2025-01-10,29.853193283081055
2025-01-13,29.86279296875
2025-01-14,30.217960357666016
2025-01-15,30.429141998291016
2025-01-16,30.33315086364746
2025-01-17,30.48673439025879
2025-01-21,31.02428436279297
2025-01-22,30.697914123535156
2025-01-23,31.168270111083984
2025-01-24,31.21626853942871
2025-01-27,31.494640350341797
2025-01-28,31.619426727294922
2025-01-29,31.69622039794922
2025-01-30,32.04179000854492
2025-01-31,31.66742706298828
2025-02-03,31.053077697753906
2025-02-04,31.840206146240234
2025-02-05,32.550540924072266
2025-02-06,32.742523193359375
2025-02-07,32.464149475097656
2025-02-10,32.57933807373047
2025-02-11,32.87691116333008
2025-02-12,33.491249084472656
2025-02-13,33.5296516418457
2025-02-14,33.77922439575195
2025-02-18,34.1055908203125
2025-02-19,33.51045227050781
2025-02-20,34.09599685668945
2025-02-21,33.788822174072266
2025-02-24,34.03840255737305
2025-02-25,34.700740814208984
2025-02-26,34.83512878417969
2025-02-27,34.374366760253906
2025-02-28,34.633548736572266
2025-03-03,34.91191864013672
2025-03-04,35.046302795410156
2025-03-05,36.01581573486328
2025-03-06,35.535858154296875
2025-03-07,36.342185974121094
2025-03-10,35.54545974731445
2025-03-11,35.6318473815918
2025-03-12,35.46866989135742
2025-03-13,35.50706481933594
2025-03-14,36.30378341674805
2025-03-17,36.79334259033203
2025-03-18,37.31169128417969
2025-03-19,37.25410079956055
2025-03-20,36.78374481201172
2025-03-21,36.898929595947266
2025-03-24,36.63975524902344
2025-03-25,37.234901428222656
2025-03-26,36.73574447631836
2025-03-27,37.023719787597656
2025-03-28,36.87013626098633
2025-03-31,36.53416442871094
2025-04-01,36.73574447631836
2025-04-02,37.177303314208984
2025-04-03,37.33089065551758
2025-04-04,34.30717468261719
2025-04-07,33.08809280395508
2025-04-08,32.780921936035156
2025-04-09,35.56465530395508
2025-04-10,35.41107177734375
2025-04-11,36.25579071044922
2025-04-14,36.524566650390625
2025-04-15,37.129310607910156
2025-04-16,37.31169128417969
2025-04-17,37.676456451416016
2025-04-21,37.5612678527832
2025-04-22,38.53078079223633
2025-04-23,38.42518615722656
2025-04-24,38.76115798950195
2025-04-25,39.2219123840332
2025-04-28,39.653873443603516
2025-04-29,39.47148895263672
2025-04-30,38.97233581542969
2025-05-01,38.84754943847656
2025-05-02,39.21231460571289
2025-05-05,39.39469909667969
2025-05-06,39.509883880615234
2025-05-07,39.51948165893555
2025-05-08,39.09712600708008
2025-05-09,39.39469909667969
2025-05-12,39.0587272644043
2025-05-13,39.50028991699219
2025-05-14,39.874656677246094
2025-05-15,40.08583068847656
2025-05-16,40.517791748046875
2025-05-19,40.98815155029297
2025-05-20,41.75607681274414
2025-05-21,41.42970657348633
2025-05-22,41.62168884277344
2025-05-23,41.57369613647461
2025-05-27,41.784873962402344
2025-05-28,41.16093063354492
2025-05-29,41.3529167175293
2025-05-30,41.55449676513672
2025-06-02,42.13043975830078
2025-06-03,41.54489517211914
2025-06-04,41.487300872802734
2025-06-05,41.8520622253418
2025-06-06,41.89046096801758
2025-06-09,41.75607681274414
2025-06-10,41.75607681274414
2025-06-11,41.736873626708984
2025-06-12,42.207237243652344
2025-06-13,41.51609420776367
2025-06-16,42.277183532714844
2025-06-17,41.19962692260742
2025-06-18,41.49085998535156
2025-06-20,41.442317962646484
2025-06-23,41.7820930480957
2025-06-24,42.42280197143555
2025-06-25,41.83062744140625
2025-06-26,42.06361770629883
2025-06-27,42.451927185058594
2025-06-30,42.74315643310547
2025-07-01,42.95672607421875
2025-07-02,43.2964973449707
2025-07-03,43.345035552978516
2025-07-07,43.01497268676758
2025-07-08,43.39357376098633
2025-07-09,43.95662307739258
2025-07-10,43.20912551879883
2025-07-11,42.869354248046875
2025-07-14,43.04409408569336
2025-07-15,42.209228515625
2025-07-16,42.74315643310547
2025-07-17,42.72373962402344
2025-07-18,42.61695861816406
2025-07-21,42.93730926513672
2025-07-22,43.42269515991211
2025-07-23,44.02457809448242
2025-07-24,44.00516128540039
2025-07-25,44.14107131958008
2025-07-28,43.45181655883789
2025-07-29,43.65568542480469
2025-07-30,43.3741569519043
2025-07-31,43.41299057006836
2025-08-01,43.21883773803711
2025-08-04,43.976036071777344
2025-08-05,44.15077590942383
2025-08-06,44.8109016418457
2025-08-07,45.30599594116211
2025-08-08,45.76226043701172
2025-08-11,45.713722229003906
2025-08-12,45.99524688720703
2025-08-13,46.56800842285156
2025-08-14,47.004852294921875
2025-08-15,47.41257858276367
2025-08-18,47.179588317871094
2025-08-19,47.03397750854492
2025-08-20,47.24754333496094
2025-08-21,47.0630989074707
2025-08-22,47.80088806152344
2025-08-25,46.88835906982422
2025-08-26,46.68449401855469
2025-08-27,46.26706314086914
2025-08-28,46.61654281616211
2025-08-29,46.31560134887695
2025-09-02,45.64577102661133
2025-09-03,45.67489242553711
2025-09-04,46.092323303222656
2025-09-05,46.20881652832031
2025-09-08,46.66508102416992
2025-09-09,46.6747932434082
2025-09-10,47.05339050292969
2025-09-11,47.548484802246094
2025-09-12,47.56789779663086
2025-09-15,47.791175842285156
2025-09-16,47.51936340332031
2025-09-17,47.3252067565918
2025-09-18,47.23783493041992
2025-09-19,47.402870178222656
2025-09-22,47.014556884765625
2025-09-23,47.13105010986328
2025-09-24,47.15046691894531
2025-09-25,46.839820861816406
2025-09-26,47.60673141479492
2025-09-29,47.490234375
2025-09-30,48.053287506103516
2025-10-01,48.18919372558594
2025-10-02,47.917381286621094
2025-10-03,48.19890594482422
2025-10-06,47.78147506713867
2025-10-07,47.490234375
2025-10-08,47.88825988769531
2025-10-09,47.24754333496094
2025-10-10,46.917484283447266
2025-10-13,47.305789947509766
2025-10-14,47.684391021728516
2025-10-15,47.51936340332031
2025-10-16,47.98533248901367
2025-10-17,48.024166107177734
2025-10-20,48.46100997924805
2025-10-21,47.77176284790039
2025-10-22,47.8979606628418
2025-10-23,48.121238708496094
2025-10-24,48.24744415283203
2025-10-27,48.7619514465332
2025-10-28,49.12113571166992
2025-10-29,49.169677734375
2025-10-30,48.810489654541016
2025-10-31,48.70370101928711
2025-11-03,48.66487503051758
2025-11-04,48.27656555175781
2025-11-05,48.92698287963867
2025-11-06,49.169677734375
2025-11-07,49.04347610473633
2025-11-10,49.76184844970703
2025-11-11,50.38314437866211
2025-11-12,50.985023498535156
2025-11-13,50.684085845947266
2025-11-14,50.14044952392578
2025-11-17,49.295875549316406
2025-11-18,48.528968811035156
2025-11-19,48.45130157470703
2025-11-20,47.927085876464844
2025-11-21,48.27656555175781
2025-11-24,48.48042297363281
2025-11-25,49.3541259765625
2025-11-26,50.08220291137695
2025-11-28,50.1501579284668
2025-12-01,50.06278610229492
2025-12-02,50.499637603759766
2025-12-03,50.878238677978516
2025-12-04,50.955902099609375
2025-12-05,50.76174545288086
2025-12-08,50.78116226196289
2025-12-09,50.8297004699707
2025-12-10,51.50924301147461
2025-12-11,51.91696548461914
2025-12-12,51.800472259521484
2025-12-15,52.43147277832031
2025-12-16,52.04761505126953
2025-12-17,51.9688720703125
2025-12-18,52.37241744995117
2025-12-19,52.608642578125
2025-12-22,52.78580856323242
2025-12-23,52.95313262939453
2025-12-24,53.07123947143555
2025-12-26,53.04171371459961
2025-12-29,52.95313262939453
2025-12-30,53.25825119018555
2025-12-31,53.0614013671875
2026-01-02,53.838966369628906
2026-01-05,54.13424301147461
2026-01-06,53.69132614135742
2026-01-07,53.612586975097656
2026-01-08,53.9373893737793
2026-01-09,53.642112731933594
2026-01-12,54.094871520996094
2026-01-13,53.947235107421875
2026-01-14,54.153926849365234
2026-01-15,53.415733337402344
2026-01-16,53.78975296020508
2026-01-20,52.982662200927734
2026-01-21,53.71100997924805
2026-01-22,54.05550003051758
2026-01-23,54.2621955871582
2026-01-26,55.118499755859375
2026-01-27,56.102760314941406
2026-01-28,55.00039291381836
2026-01-29,55.472835540771484
2026-01-30,55.40393829345703
2026-02-02,55.9649658203125
2026-02-03,55.364566802978516
2026-02-04,55.78779602050781
2026-02-05,54.34093475341797
2026-02-06,55.571258544921875
2026-02-09,56.60472869873047
2026-02-10,56.211029052734375
2026-02-11,55.97480392456055
2026-02-12,55.27598190307617
2026-02-13,54.734642028808594
2026-02-17,55.61063003540039
2026-02-18,55.9354362487793
2026-02-19,55.26613998413086
2026-02-20,56.12244415283203
2026-02-23,56.378353118896484
2026-02-24,56.25040054321289
2026-02-25,57.342926025390625
2026-02-26,57.20512771606445
2026-02-27,56.338985443115234
2026-03-02,55.14802932739258
2026-03-03,52.22478103637695
2026-03-04,53.79959487915039
2026-03-05,52.70706558227539
2026-03-06,52.36257553100586
2026-03-09,52.99250030517578
2026-03-10,53.14998245239258
2026-03-11,53.21887969970703
2026-03-12,52.14603805541992
2026-03-13,51.62438201904297
2026-03-16,52.520057678222656
2026-03-17,52.94329071044922
2026-03-18,52.421630859375
2026-03-19,52.441314697265625
2026-03-20,50.817291259765625
2026-03-23,52.25430679321289
2026-03-24,51.94918441772461
2026-03-25,52.687381744384766
2026-03-26,51.63422393798828
2026-03-27,51.142093658447266
2026-03-30,51.39800262451172
2026-03-31,53.45510482788086
2026-04-01,54.0751838684082
2026-04-02,53.99644470214844
2026-04-06,54.419677734375
2026-04-07,54.40983200073242
2026-04-08,56.45709228515625
2026-04-09,56.52599334716797
2026-04-10,56.535831451416016
2026-04-13,56.7130012512207
2026-04-14,57.20512771606445
2026-04-15,56.890167236328125
2026-04-16,56.46693420410156
2026-04-17,57.47087860107422
2026-04-20,57.12638854980469
2026-04-21,55.876380920410156
2026-04-22,55.88622283935547
2026-04-23,54.95117950439453
2026-04-24,55.08897399902344
2026-04-27,55.059444427490234
2026-04-28,55.20708465576172
2026-04-29,54.63621139526367
2026-04-30,55.7779541015625
2026-05-01,55.71889877319336
2026-05-04,54.00628662109375
2026-05-05,55.33504104614258
2026-05-06,56.75237274169922
2026-05-07,55.89606475830078
2026-05-08,56.329139709472656
2026-05-11,56.083072662353516
2026-05-12,55.54173278808594
2026-05-13,55.54173278808594
2026-05-14,55.38425064086914
2026-05-15,54.75432586669922
2026-05-18,55.58110427856445
2026-05-19,54.93149185180664
2026-05-20,56.24055480957031
2026-05-21,56.48662185668945
2026-05-22,55.6204719543457
2026-05-26,56.88032531738281
2026-05-27,56.890167236328125
2026-05-28,56.86064147949219
2026-05-29,56.998435974121094
2026-06-01,56.565364837646484
2026-06-02,56.57520294189453
2026-06-03,55.97480392456055
2026-06-04,56.59489059448242
2026-06-05,55.89606475830078
2026-06-08,55.76811218261719
2026-06-09,55.9354362487793
2026-06-10,55.364566802978516
2026-06-11,57.411827087402344
2026-06-12,57.7760009765625
2026-06-15,58.29999923706055
2026-06-16,58.86000061035156
2026-06-17,58.849998474121094
2026-06-18,59.0099983215332
2026-06-22,59.459999084472656
2026-06-23,59.029998779296875
2026-06-24,58.36000061035156
2026-06-25,58.79999923706055
2026-06-26,58.68000030517578
2026-06-29,59.22999954223633
2026-06-30,59.38999938964844
2026-07-01,58.970001220703125
2026-07-02,59.65999984741211
2026-07-06,60.279998779296875
2026-07-07,59.81999969482422
2026-07-08,58.79999923706055
2026-07-09,59.16999816894531
2026-07-10,59.45000076293945
2026-07-13,58.939998626708984
2026-07-14,59.25
2026-07-15,59.599998474121094
2026-07-16,59.279998779296875
2026-07-17,59.15999984741211
2026-07-20,58.66999816894531
2026-07-21,59.459999084472656
2026-07-22,60.130001068115234
2026-07-23,59.02000045776367
2026-07-24,59.709999084472656
2026-07-27,60.689998626708984
2026-07-28,60.470001220703125
2026-07-29,59.400001525878906
2026-07-30,61.439998626708984
2026-07-31,61.47999954223633
2026-08-03,61.959999084472656
2026-08-04,62.0
2026-08-05,62.18000030517578
2026-08-06,62.29999923706055
2026-08-07,62.65999984741211
2026-08-10,62.40999984741211
2026-08-11,62.630001068115234
2026-08-12,62.79999923706055
2026-08-13,62.66999816894531
2026-08-14,62.849998474121094
2026-08-17,62.400001525878906
2026-08-18,62.08000183105469
2026-08-19,62.36000061035156
2026-08-20,62.27000045776367
2026-08-21,62.91999816894531
2026-08-24,63.22999954223633
2026-08-25,63.150001525878906
2026-08-26,62.880001068115234
2026-08-27,62.40999984741211
2026-08-28,62.349998474121094
2026-08-31,62.400001525878906
2026-09-01,61.560001373291016
2026-09-02,61.93000030517578
2026-09-03,62.59000015258789
2026-09-04,62.75
2026-09-08,62.220001220703125
2026-09-09,61.59000015258789
2026-09-10,61.41999816894531
2026-09-11,62.13999938964844
2026-09-14,60.9900016784668
2026-09-15,61.099998474121094
2026-09-16,60.83000183105469
2026-09-17,61.63999938964844
2026-09-18,60.58000183105469
2026-09-21,61.41999816894531
2026-09-22,61.54999923706055
2026-09-23,60.349998474121094
2026-09-24,60.779998779296875
2026-09-25,61.20000076293945
2026-09-28,60.63999938964844
2026-09-29,60.04999923706055
2026-09-30,59.20000076293945
2026-10-01,57.86000061035156
2026-10-02,58.310001373291016
2026-10-05,58.56999969482422
2026-10-06,58.84000015258789
