Date,etf,spy,ratio,zscore
2000-12-29,9.749911308288574,82.8623046875,0.11766401314878434,0.5086349548833398
2001-01-02,10.015575408935547,81.36214447021484,0.12309871469282697,1.2275860752405452
2001-01-03,10.307807922363281,85.2703628540039,0.12088382853503096,0.9400459719457733
2001-01-04,10.626609802246094,84.35254669189453,0.12597852962354258,1.612487919356367
2001-01-05,10.573471069335938,81.59901428222656,0.1295784166309346,2.0798499299767506
2001-01-08,10.546906471252441,82.23060607910156,0.12826010866449003,1.8927172111968968
2001-01-09,10.600038528442383,82.01355743408203,0.1292473934807926,2.004999387242643
2001-01-10,10.414073944091797,83.45442962646484,0.12478755160995449,1.416742858446696
2001-01-11,10.732872009277344,83.53340911865234,0.12848598090893407,1.8831220695549575
2001-01-12,10.918837547302246,83.37548828125,0.13095980332336768,2.178319793599608
2001-01-16,10.626609802246094,83.90840148925781,0.12664536105608618,1.6139482735676811
2001-01-17,10.706305503845215,84.29332733154297,0.12701249129406314,1.646659177961338
2001-01-18,11.025101661682129,85.1322250366211,0.12950562089666387,1.9421212116143622
2001-01-19,10.786004066467285,84.64864349365234,0.12742087316822873,1.665571274540841
2001-01-22,10.786004066467285,85.2112045288086,0.12657964555378048,1.5476687321595344
2001-01-23,10.94540023803711,85.88226318359375,0.12744657432511663,1.6433030558696686
2001-01-24,10.865705490112305,86.1388931274414,0.12614168926035108,1.4710247260310247
2001-01-25,10.786004066467285,85.92176055908203,0.12553285682560647,1.388233236153633
2001-01-26,10.706305503845215,85.82305908203125,0.12474858876344563,1.2866720309967856
2001-01-29,10.524589538574219,86.28099822998047,0.12198038681148672,0.945474889638281
2001-01-30,10.715868949890137,87.03895568847656,0.12311578034373008,1.0794839008060642
2001-01-31,10.834884643554688,86.5462875366211,0.12519178987278948,1.3252477508653222
2001-02-01,11.115427017211914,87.12107849121094,0.12758596667663238,1.6051962533055582
2001-02-02,10.732872009277344,85.1440658569336,0.12605543206395195,1.4124158415931498
2001-02-05,10.788126945495605,85.76935577392578,0.12578066895980158,1.3722102096503714
2001-02-06,10.711617469787598,85.51670837402344,0.1252575978829578,1.302680454379594
2001-02-07,10.771129608154297,85.0746078491211,0.12660804299276676,1.4583288866178887
2001-02-08,10.792380332946777,84.08292388916016,0.12835400856389717,1.6646540955813849
2001-02-09,10.745625495910645,83.2744140625,0.12903874037283197,1.7376965830068993
2001-02-12,10.94540023803711,84.22817993164062,0.12994938566784142,1.8397179284590468
2001-02-13,10.830636024475098,83.53970336914062,0.1296465702854759,1.8011310034753065
2001-02-14,10.524589538574219,83.4133529663086,0.12617391777579298,1.3843569317750704
2001-02-15,10.452327728271484,84.2218246459961,0.12410474092914808,1.1421034892955266
2001-02-16,10.435324668884277,82.3648910522461,0.12669627235061712,1.451987230599309
2001-02-20,10.324810981750488,81.09532165527344,0.12731697428416439,1.5317525797426357
2001-02-21,10.265305519104004,79.34568786621094,0.1293744599758577,1.7811420733513421
2001-02-22,10.074023246765137,79.46566009521484,0.12677203253197114,1.478474897765189
2001-02-23,10.116527557373047,78.92879486083984,0.1281728369881942,1.6567076254904298
2001-02-26,10.244049072265625,80.60894012451172,0.1270832869957385,1.5390692331638953
2001-02-27,10.265305519104004,79.86363220214844,0.12853542014118227,1.7161000025097513
2001-02-28,10.392818450927734,78.29083251953125,0.13274630140553217,2.2199058435009373
2001-03-01,10.452327728271484,78.70136260986328,0.13280999695120327,2.2213557029000697
2001-03-02,10.618101119995117,78.07611083984375,0.13599679858255048,2.5937544249800455
2001-03-05,10.643609046936035,78.7898178100586,0.13508863635901483,2.47094176716162
2001-03-06,10.711617469787598,79.63618469238281,0.1345069143023895,2.390612498935838
2001-03-07,10.856139183044434,80.20469665527344,0.1353554048050956,2.4808645427215796
2001-03-08,10.834884643554688,80.29312133789062,0.13494162965665735,2.42767019615613
2001-03-09,10.584100723266602,77.91820526123047,0.1358360435508247,2.516614206265734
2001-03-12,10.265305519104004,74.58313751220703,0.1376357426291416,2.7008848006246673
2001-03-13,10.329057693481445,75.80853271484375,0.136251914178771,2.518696306415588
2001-03-14,10.03576374053955,74.3115463256836,0.13504985748185117,2.3730369221959036
2001-03-15,10.0952730178833,74.33053588867188,0.135815959042774,2.4455424741779814
2001-03-16,9.827485084533691,72.83964538574219,0.13491945262074748,2.323432474564308
2001-03-19,9.861488342285156,74.32159423828125,0.13268671700809323,2.050168543261484
2001-03-20,9.733968734741211,72.3266372680664,0.13458345503695834,2.2451481339547006
2001-03-21,9.47892951965332,71.09797668457031,0.13332207133976626,2.0843992217227205
2001-03-22,9.096372604370117,70.37594604492188,0.12925400105547122,1.6176119254039114
2001-03-23,9.308902740478516,72.50397491455078,0.12839161923811046,1.5121320640857845
2001-03-26,9.691460609436035,73.42868041992188,0.13198467620571122,1.8944444965654446
2001-03-27,9.861488342285156,74.92967224121094,0.13160992230874044,1.835332872146636
2001-03-28,9.563946723937988,72.8586196899414,0.13126719617580612,1.7826408061985348
2001-03-29,9.58519458770752,73.13733673095703,0.1310574737355779,1.744338959122017
2001-03-30,9.712713241577148,73.90363311767578,0.1314240292640515,1.7695145830400745
2001-04-02,9.733968734741211,72.3266372680664,0.13458345503695834,2.0871831854876137
2001-04-03,9.606451988220215,69.91363525390625,0.13740455568262672,2.3551317792053164
2001-04-04,9.857237815856934,70.2049789428711,0.14040653475415477,2.6283195522579015
2001-04-05,10.05276870727539,72.86500549316406,0.13796428943134445,2.338291609168706
2001-04-06,10.023012161254883,71.75663757324219,0.13968062746842574,2.4763311099137577
2001-04-09,10.137782096862793,72.55464172363281,0.13972616852659162,2.44191981664375
2001-04-10,10.137782096862793,73.87833404541016,0.13722266788841625,2.161084496344145
2001-04-11,10.116527557373047,73.92898559570312,0.13684115203064595,2.0959097856695994
2001-04-12,10.18028450012207,75.27164459228516,0.13524727080515367,1.917760647918313
2001-04-16,10.137782096862793,74.47996520996094,0.1361142163303128,1.9835684057422223
2001-04-17,9.903999328613281,75.53134155273438,0.13112436671998629,1.4879932321756333
2001-04-18,10.244049072265625,78.53334045410156,0.1304420391776498,1.4132557529446965
2001-04-19,10.290801048278809,79.57832336425781,0.1293166356518246,1.295215747250051
2001-04-20,10.244049072265625,78.84999084472656,0.12991820243122756,1.3446942708984628
2001-04-23,9.925249099731445,77.41860961914062,0.1282023682491654,1.1727646257235262
2001-04-24,9.93375015258789,77.00064086914062,0.12900866850536846,1.242938787109134
2001-04-25,9.925249099731445,78.00765228271484,0.1272343008575674,1.0653119005169582
2001-04-26,10.137782096862793,78.35597229003906,0.12938110268528377,1.2616368642252411
2001-04-27,10.146281242370605,79.66061401367188,0.12736885558814842,1.0615306940727787
2001-04-30,10.184537887573242,80.2179946899414,0.1269607639400426,1.0159508878812054
2001-05-01,10.350314140319824,80.46501159667969,0.1286312390309395,1.1663617727008613
2001-05-02,10.159032821655273,80.3193359375,0.12648302806637324,0.9574966773498244
2001-05-03,9.997509956359863,79.29961395263672,0.1260726182391137,0.913148984832104
2001-05-04,10.11227798461914,80.6486587524414,0.12538680916764808,0.8432132186686726
2001-05-07,10.061271667480469,79.95197296142578,0.12584144324161586,0.8806339847116114
2001-05-08,10.040017127990723,79.91398620605469,0.1256352937031946,0.8554165556173469
2001-05-09,10.027261734008789,79.57832336425781,0.12600493840653698,0.8845267989398505
2001-05-10,10.137782096862793,79.81265258789062,0.1270197364471623,0.9734520031696953
2001-05-11,10.0952730178833,79.26162719726562,0.12736646186632375,0.9991379413615181
2001-05-14,9.929498672485352,79.41999053955078,0.12502518075144453,0.7749930904558155
2001-05-15,10.086773872375488,79.78730010986328,0.12642079451850716,0.8988552140342868
2001-05-16,9.989006996154785,81.6683120727539,0.12231190706202077,0.5105872974170544
2001-05-17,10.159032821655273,81.79495239257812,0.12420121932337086,0.6816037847888101
2001-05-18,10.074023246765137,82.16868591308594,0.1226017324582865,0.5277334475249216
2001-05-21,10.01451301574707,83.3782958984375,0.12010935109474624,0.29050287651608714
2001-05-22,9.840235710144043,83.27066040039062,0.11817170252798766,0.1054299176588261
2001-05-23,9.75522232055664,81.85828399658203,0.11917208429343532,0.19604243804624327
2001-05-24,9.840235710144043,82.0989761352539,0.1198582025424136,0.25706717151058484
2001-05-25,9.712713241577148,81.1299819946289,0.11971792674895657,0.24148593568152038
2001-05-29,9.58519458770752,80.48396301269531,0.1190944658900007,0.18130729681556768
2001-05-30,9.563946723937988,79.35662078857422,0.12051857335783893,0.3123931724802195
2001-05-31,9.606451988220215,79.76829528808594,0.12042945074263131,0.3017655872159144
2001-06-01,9.47892951965332,80.26233673095703,0.11809934653942507,0.08131806789519423
2001-06-04,9.606451988220215,80.6486587524414,0.11911483881843735,0.17528865492008291
2001-06-05,9.712713241577148,81.57333374023438,0.11906725882390352,0.16941986998707897
2001-06-06,9.627704620361328,80.8956298828125,0.11901390265837931,0.1628307720108292
2001-06-07,9.678712844848633,81.18696594238281,0.11921510716039656,0.17925012364852577
2001-06-08,9.678712844848633,80.43333435058594,0.12033211010079338,0.28202244542053306
2001-06-11,9.606451988220215,79.8633041381836,0.12028618264526894,0.2756941108894262
2001-06-12,9.627704620361328,79.72398376464844,0.12076296448987146,0.3183929440264282
2001-06-13,9.66170597076416,79.04000091552734,0.1222381814125982,0.4539812112471132
2001-06-14,9.733968734741211,77.26663970947266,0.12597893180474182,0.8001334885870212
2001-06-15,9.716967582702637,77.39108276367188,0.1255566821874713,0.7552831182185982
2001-06-18,9.402420043945312,77.01638793945312,0.12208336817012347,0.42641690771908086
2001-06-19,9.266401290893555,77.35302734375,0.11979364750282478,0.2086495852348752
2001-06-20,9.245147705078125,77.75950622558594,0.11889411538001907,0.12104379107236572
2001-06-21,9.147381782531738,78.64234161376953,0.1163162438302844,-0.12450211504955863
2001-06-22,9.240893363952637,78.02626037597656,0.11843311879134742,0.07082845306996928
2001-06-25,9.31740665435791,77.30852508544922,0.12052236986877408,0.26398008229511566
2001-06-26,9.164383888244629,77.20060729980469,0.11870870202685328,0.0891590999297081
2001-06-27,9.138879776000977,77.15613555908203,0.11844657213298238,0.061158867276891606
2001-06-28,9.032613754272461,77.58164978027344,0.11642719354196009,-0.1319993418546436
2001-06-29,9.032613754272461,77.86746978759766,0.1159998363746902,-0.17484984218902838
2001-07-02,9.287651062011719,78.83924865722656,0.11780491595489595,-0.006133835731186143
2001-07-03,9.287651062011719,78.82018280029297,0.11783341185015873,-0.006028584783644284
2001-07-05,8.820080757141113,77.28315734863281,0.11412681701593479,-0.3580238418019036
2001-07-06,8.713814735412598,75.61276245117188,0.11524264493100196,-0.25263959144941006
2001-07-09,8.628799438476562,76.02557373046875,0.11349864282600475,-0.4184112631286916
2001-07-10,8.752071380615234,75.11101531982422,0.11652180899630683,-0.13264510048218656
2001-07-11,8.543791770935059,75.18721008300781,0.11363357892256654,-0.4070997278932922
2001-07-12,8.48003101348877,76.97193145751953,0.11017043294761106,-0.7358630800469954
2001-07-13,8.501282691955566,77.63883209228516,0.10949781781686957,-0.7990363724321717
2001-07-16,8.48003101348877,76.66706848144531,0.11060852046979044,-0.6933127322428851
2001-07-17,8.607550621032715,77.384765625,0.11123055748135459,-0.6349282465133641
2001-07-18,8.543791770935059,76.85762786865234,0.11116387543909334,-0.6430225012998624
2001-07-19,8.777575492858887,77.5308609008789,0.1132139562345474,-0.4500118450926508
2001-07-20,8.709566116333008,77.06721496582031,0.11301259712311834,-0.4711523663474552
2001-07-23,8.671310424804688,75.54923248291016,0.11477694927961324,-0.30448610977908974
2001-07-24,8.6925630569458,74.81883239746094,0.11618148504066729,-0.17222656396771618
2001-07-25,8.590543746948242,75.64451599121094,0.11356466009970068,-0.4227474538564076
2001-07-26,8.63305377960205,76.43842315673828,0.11294128558748298,-0.48212497462478676
2001-07-27,8.709566116333008,76.73056030273438,0.11350843890582972,-0.4288010703667367
2001-07-30,8.820080757141113,76.75601196289062,0.11491061783414926,-0.29667491979567845
2001-07-31,8.943351745605469,77.07357025146484,0.11603655723260715,-0.19080725018930797
2001-08-01,9.11762809753418,77.5562515258789,0.11756148496284426,-0.04796408798529699
2001-08-02,9.223892211914062,77.87382507324219,0.11844663085752848,0.03321538843543761
2001-08-03,9.058119773864746,77.44830322265625,0.116956981585814,-0.11327376035686984
2001-08-06,9.143129348754883,76.40666961669922,0.11966402140836914,0.14232998833075933
2001-08-07,9.032613754272461,76.7051773071289,0.11775755002958553,-0.04495317806787389
2001-08-08,8.896595001220703,75.28250122070312,0.11817613465231264,-0.008922299935055542
2001-08-09,8.883843421936035,75.50477600097656,0.11765935736066727,-0.0623497251299045
2001-08-10,8.926349639892578,75.76519775390625,0.11781596174125157,-0.05057097932905071
2001-08-13,9.032613754272461,75.78424072265625,0.11918854986393095,0.07916074239666407
2001-08-14,9.185638427734375,75.75251770019531,0.12125852323599658,0.276024492911559
2001-08-15,9.245147705078125,75.0982894897461,0.1231073006841315,0.451413345073314
2001-08-16,9.240893363952637,75.35871887207031,0.12262540423013382,0.4009579572506392
2001-08-17,9.096372604370117,74.15194702148438,0.12267206688092201,0.40146941892307814
2001-08-20,9.0496187210083,74.83786010742188,0.1209230021812292,0.22771932822169869
2001-08-21,9.011363983154297,73.561279296875,0.12250145823030995,0.3767778984929262
2001-08-22,9.223892211914062,74.32341003417969,0.12410480369068372,0.5275715932007439
2001-08-23,9.304656028747559,74.05662536621094,0.1256424524171324,0.6714671366650539
2001-08-24,9.442981719970703,75.59370422363281,0.1249175684265324,0.594645631802488
2001-08-27,9.404436111450195,75.14278411865234,0.1251542143634225,0.6118406882962004
2001-08-28,9.121793746948242,74.0439682006836,0.1231942853498231,0.4136152441400793
2001-08-29,9.143206596374512,73.38341522216797,0.12459499968342293,0.5457794949285474
2001-08-30,9.164616584777832,71.97340393066406,0.12733337711255968,0.810036753941477
2001-08-31,9.164616584777832,72.50064086914062,0.126407387230127,0.7118990458684985
2001-09-04,8.822014808654785,72.03695678710938,0.12246512348830145,0.31408421942337833
2001-09-05,8.629301071166992,72.21478271484375,0.11949493921821687,0.01227943837764687
2001-09-06,8.4365873336792,70.35382080078125,0.11991654806593695,0.049017024669319294
2001-09-07,8.372346878051758,69.05181884765625,0.12124730409379986,0.17743505155705275
2001-09-10,8.26528263092041,69.89655303955078,0.11825021795056935,-0.131425491162762
2001-09-17,7.772794723510742,66.24451446533203,0.11733491876642112,-0.23049405018455568
2001-09-18,7.644315719604492,66.08573913574219,0.11567269761336599,-0.4049935657787894
2001-09-19,7.665731906890869,64.75194549560547,0.11838612489892092,-0.13373739653980166
2001-09-20,7.365952014923096,62.69412612915039,0.11749030522810346,-0.2315809772565639
2001-09-21,7.023349285125732,62.017723083496094,0.11324745469403984,-0.6727901361114871
2001-09-24,7.387363433837891,64.19802856445312,0.11507149984241608,-0.4896553860049649
2001-09-25,7.601494789123535,64.86738586425781,0.11718515688346845,-0.2776064873892709
2001-09-26,7.601494789123535,64.63790893554688,0.11760118658391779,-0.242306701059728
2001-09-27,7.772794723510742,65.19894409179688,0.11921657370044265,-0.07936187260682094
2001-09-28,8.008332252502441,66.58233642578125,0.12027712877617715,0.02740921494086698
2001-10-01,7.807053565979004,66.47393798828125,0.11744532973742756,-0.2775830593295291
2001-10-02,7.879858016967773,67.30911254882812,0.11706970599636832,-0.32113121009566165
2001-10-03,7.879858016967773,68.4375228881836,0.1151394393663583,-0.5307727909559965
2001-10-04,8.004049301147461,68.4948501586914,0.11685622032318317,-0.3515754927627431
2001-10-05,7.815618991851807,68.36100769042969,0.11432861006444713,-0.6251851545439062
2001-10-08,7.794206142425537,67.91476440429688,0.1147645318479881,-0.580828749827084
2001-10-09,7.875576019287109,67.55133819580078,0.11658652855194927,-0.3875048812793183
2001-10-10,8.136808395385742,69.0558853149414,0.11782932560022087,-0.2572796427782514
2001-10-11,8.042593955993652,70.12696075439453,0.11468619015390112,-0.5979188342716387
2001-10-12,8.064005851745605,69.80815887451172,0.11551666713115287,-0.5094173147524482
2001-10-15,8.029746055603027,69.68067932128906,0.11523633428685237,-0.5423651324928546
2001-10-16,8.303826332092285,70.1205062866211,0.11842222442248175,-0.200371393318692
2001-10-17,8.419455528259277,68.62879943847656,0.12268108428455082,0.25581890939433777
2001-10-18,8.329522132873535,68.48212432861328,0.12163060381865644,0.13871430872077728
2001-10-19,8.329522132873535,68.4375228881836,0.12170987173926058,0.14193320075291957
2001-10-22,8.205327987670898,69.7890625,0.11757326569146703,-0.31316763694111094
2001-10-23,8.338088035583496,69.43206024169922,0.12008988364392278,-0.04350988870675793
2001-10-24,8.560779571533203,69.24718475341797,0.12362639148461053,0.33751683241949365
2001-10-25,8.372346878051758,70.49034118652344,0.11877296573012487,-0.20195300288623402
2001-10-26,8.457995414733887,70.3309326171875,0.12025996385930077,-0.04403971091278892
2001-10-29,8.372346878051758,68.50125885009766,0.12222179589973801,0.1668299514566753
2001-10-30,8.201047897338867,67.67887115478516,0.12117589666326788,0.043460324163175
2001-10-31,8.248154640197754,67.44934844970703,0.1222866466434129,0.1623694339480146
2001-11-01,8.312394142150879,69.1770248413086,0.12016119746721442,-0.0839826165461165
2001-11-02,8.312394142150879,69.64878845214844,0.1193472898363743,-0.1836636939405811
2001-11-05,8.517951011657715,70.5604248046875,0.12071853358643395,-0.03435631824314074
2001-11-06,8.625018119812012,71.656982421875,0.12036535489358005,-0.08185680122955485
2001-11-07,8.607890129089355,71.56135559082031,0.12028685116459073,-0.09775369732503787
2001-11-08,8.860556602478027,71.78443908691406,0.12343283189480632,0.26203223081875465
2001-11-09,8.689254760742188,71.86100006103516,0.12091753180949287,-0.03749804607595012
2001-11-12,8.582195281982422,71.42109680175781,0.12016330841017268,-0.13262123948495338
2001-11-13,8.80916690826416,73.02763366699219,0.12062785641438388,-0.08422996504513942
2001-11-14,8.822014808654785,73.09773254394531,0.12068794067382481,-0.08362110108080528
2001-11-15,8.822014808654785,73.23165130615234,0.12046723856838155,-0.11661715739465074
2001-11-16,8.916231155395508,72.906494140625,0.12229680305567182,0.09553094492276165
2001-11-19,9.078967094421387,73.80541229248047,0.12301221295862039,0.17534415369911444
2001-11-20,8.967620849609375,73.18700408935547,0.12253023554100709,0.11042660758000733
2001-11-21,8.779189109802246,72.70248413085938,0.12075500878347321,-0.11326134823200307
2001-11-23,8.941922187805176,73.74801635742188,0.12124966378035029,-0.06022134864482104
2001-11-26,9.010446548461914,73.90739440917969,0.12191535935601552,0.013377087668661738
2001-11-27,8.864840507507324,73.5886459350586,0.12046478631133499,-0.177166420133239
2001-11-28,8.860556602478027,72.2562255859375,0.12262689520005136,0.08583623469287344
2001-11-29,8.860556602478027,73.23165130615234,0.12099353823711516,-0.1336930513085436
2001-11-30,8.869120597839355,72.70886993408203,0.12198127416751373,-0.016178296383428225
2001-12-03,8.75777816772461,72.2753677368164,0.12117237783715182,-0.13367960444693555
2001-12-04,8.954771995544434,73.49942016601562,0.12183459373309323,-0.05594147830424201
2001-12-05,9.335918426513672,74.84453582763672,0.12473747513130193,0.32649190277580786
2001-12-06,9.29737663269043,74.80632019042969,0.12428597756209221,0.25751393850155063
2001-12-07,9.19887924194336,74.30902099609375,0.12379222762774553,0.18195654299878924
2001-12-10,9.074684143066406,72.91925811767578,0.12444838822169371,0.2652617362590561
2001-12-11,9.164616584777832,72.77265930175781,0.1259348864355224,0.46785268932731544
2001-12-12,9.08324909210205,72.85550689697266,0.124674845855468,0.28178493619829165
2001-12-13,8.783472061157227,71.44023132324219,0.12294853891800926,0.026829064391027613
2001-12-14,9.010446548461914,72.12232971191406,0.12493282710712902,0.306492953830619
2001-12-17,9.151768684387207,72.86825561523438,0.12559335484454592,0.3960539017665615
2001-12-18,9.040422439575195,73.30177307128906,0.12333156567417548,0.05495028272638782
2001-12-19,8.971906661987305,73.81817626953125,0.12154061662575232,-0.22118294952795697
2001-12-20,8.839141845703125,73.09138488769531,0.12093274548408733,-0.32246452350621796
2001-12-21,8.719230651855469,73.53472137451172,0.11857297462852276,-0.693628167553027
2001-12-24,8.719230651855469,73.39396667480469,0.1188003734760487,-0.6755056721775835
2001-12-26,8.676408767700195,73.7970199584961,0.11757126199106498,-0.875634251843149
2001-12-27,8.907666206359863,74.24481201171875,0.11997695145290264,-0.5044019286569104
2001-12-28,8.860556602478027,74.20642852783203,0.11940416454828798,-0.5941672799774844
2001-12-31,8.847707748413086,73.11888122558594,0.12100441910641645,-0.3474397798706858
2002-01-02,9.031858444213867,73.90572357177734,0.12220783462653083,-0.16373428782523503
2002-01-03,9.164616584777832,74.74372863769531,0.12261385338696984,-0.10472614705334739
2002-01-04,9.031858444213867,75.24275207519531,0.12003625857793855,-0.5162823091018467
2002-01-07,8.719230651855469,74.7117691040039,0.11670491485374548,-1.0417403303664095
2002-01-08,8.697821617126465,74.53904724121094,0.11668812439981978,-1.0381310810458069
2002-01-09,8.60360336303711,73.9312973022461,0.11637295268692283,-1.082759681610868
2002-01-10,8.483694076538086,74.25762939453125,0.11424676690746706,-1.4049007822117336
2002-01-11,8.479412078857422,73.52828979492188,0.11532176394293125,-1.2262537367095085
2002-01-14,8.410890579223633,73.06773376464844,0.11511087241757294,-1.2488013757385352
2002-01-15,8.479412078857422,73.66266632080078,0.11511139227474604,-1.2384316979505854
2002-01-16,8.25243854522705,72.17212677001953,0.11434384594933585,-1.347084300548274
2002-01-17,8.453716278076172,72.71586608886719,0.11625683269377214,-1.0411536698994495
2002-01-18,8.505108833312988,72.38323211669922,0.11750109223639948,-0.8408196953200368
2002-01-22,8.539365768432617,71.8842544555664,0.11879327167135091,-0.6346442899731369
2002-01-23,8.582195281982422,72.43444061279297,0.1184822469722598,-0.6777474913092455
2002-01-24,8.633584022521973,72.65833282470703,0.11882441678576712,-0.6187328832787353
2002-01-25,8.633584022521973,72.63912963867188,0.11885582970869732,-0.6087184927675049
2002-01-28,8.582195281982422,72.8374252319336,0.11782672513003371,-0.7634630280066815
2002-01-29,8.487977027893066,70.54723358154297,0.12031622782319486,-0.37123934855674107
2002-01-30,8.350935935974121,71.56439971923828,0.11669120356960366,-0.929912665198857
2002-01-31,8.350935935974121,72.40238952636719,0.115340612245027,-1.1316398654871471
2002-02-01,8.475129127502441,72.06340026855469,0.11760656721607149,-0.7740972226632903
2002-02-04,8.393760681152344,70.27216339111328,0.11944645327674416,-0.48647501485030076
2002-02-05,8.188200950622559,69.8371810913086,0.11724701402132624,-0.8232933510649565
2002-02-06,8.05115795135498,69.53650665283203,0.11578318122236414,-1.0425859182310249
2002-02-07,8.205327987670898,69.10150909423828,0.1187431084389308,-0.579307080181892
2002-02-08,8.183918952941895,70.42568969726562,0.1162064438150564,-0.9649182804825953
2002-02-11,8.282416343688965,71.28931427001953,0.11618033401637173,-0.9617931573761643
2002-02-12,8.243871688842773,71.06544494628906,0.11600394108660621,-0.9818529620825298
2002-02-13,8.188200950622559,71.82027435302734,0.1140096027811597,-1.2786477922292458
2002-02-14,8.457995414733887,71.68598175048828,0.1179867417338715,-0.6609253521448452
2002-02-15,8.350935935974121,70.93750762939453,0.11772243225125273,-0.6955502447506089
2002-02-19,8.136808395385742,69.57490539550781,0.11695033358839615,-0.8078793207552116
2002-02-20,8.136808395385742,70.74553680419922,0.11501514813444413,-1.0980190933505345
2002-02-21,8.098267555236816,69.2806167602539,0.11689081209050046,-0.8022092023461281
2002-02-22,8.196761131286621,70.13785552978516,0.11686643495687911,-0.8006652757917814
2002-02-25,8.153939247131348,71.29569244384766,0.11436790874221993,-1.1763653244501882
2002-02-26,8.205327987670898,71.14856719970703,0.11532667923781725,-1.0206772437817728
2002-02-27,8.350935935974121,71.42369079589844,0.11692109218827544,-0.7689035345621263
2002-02-28,8.445148468017578,71.10384368896484,0.1187720386110188,-0.47919750589829807
2002-03-01,8.547928810119629,72.7606430053711,0.11748011640700635,-0.6724641738047363
2002-03-04,8.839141845703125,74.04647827148438,0.11937288649022917,-0.3760745919579426
2002-03-05,8.697821617126465,73.80975341796875,0.11784108758462547,-0.6069856445425923
2002-03-06,8.843424797058105,74.68620300292969,0.11840774388692926,-0.5132352089917929
2002-03-07,8.950490951538086,74.52628326416016,0.12009844795040779,-0.24391948881506414
2002-03-08,8.843424797058105,74.83971405029297,0.11816486619811566,-0.5404436508420782
2002-03-11,8.843424797058105,74.99959564208984,0.11791296634798344,-0.5743302606379513
2002-03-12,8.697821617126465,74.95486450195312,0.11604078901243058,-0.8669986122021817
2002-03-13,8.654993057250977,74.23199462890625,0.11659383666730526,-0.7731620311520089
2002-03-14,8.779189109802246,74.129638671875,0.11843021586361915,-0.4697113755934004
2002-03-15,8.903382301330566,74.83594512939453,0.11897200317222212,-0.37441815498693154
2002-03-18,8.890534400939941,74.84880065917969,0.11877991794982194,-0.3995662886226283
2002-03-19,9.074684143066406,75.34916687011719,0.12043509596740273,-0.11309301304335004
2002-03-20,9.010446548461914,73.93136596679688,0.12187582943494608,0.14198699747408527
2002-03-21,8.950490951538086,73.96348571777344,0.12101229227744849,0.003845484605069779
2002-03-22,8.826298713684082,73.80310821533203,0.11959250669947374,-0.2353166940938816
2002-03-25,8.629301071166992,72.88567352294922,0.11839502407081302,-0.43973162111399117
2002-03-26,8.612170219421387,73.30908966064453,0.11747752235484067,-0.5972167554153034
2002-03-27,8.663558006286621,73.5015869140625,0.1178689926302678,-0.5209500043039238
2002-03-28,8.72779655456543,73.46946716308594,0.1187948802621864,-0.3471980412559005
2002-04-01,8.792036056518555,73.5015869140625,0.11961695557400871,-0.19193242983713674
2002-04-02,8.774908065795898,73.0973892211914,0.12004406941598396,-0.1061214100920754
2002-04-03,8.774908065795898,72.58413696289062,0.1208929172813911,0.0586809625672631
2002-04-04,8.676408767700195,72.28265380859375,0.12003445239677475,-0.09333854215316574
2002-04-05,8.774908065795898,72.29545593261719,0.12137565152053997,0.1664317626214776
2002-04-08,8.440868377685547,72.44940185546875,0.11650708165299227,-0.747237753601347
2002-04-09,8.625018119812012,71.9426040649414,0.11988748853219644,-0.09444421358400475
2002-04-10,8.71066665649414,72.75737762451172,0.11972210847741639,-0.11534211329942641
2002-04-11,8.71066665649414,70.94821166992188,0.12277499955910774,0.5172532519444949
2002-04-12,8.582195281982422,71.4806900024414,0.12006312868117668,-0.02143464704321489
2002-04-15,8.633584022521973,70.93541717529297,0.12171048492161511,0.3500907343758378
2002-04-16,9.031858444213867,72.62267303466797,0.1243669238104513,0.9727546365965076
2002-04-17,9.113224983215332,72.46868896484375,0.12575396510396883,1.3299325041920245
2002-04-18,9.096095085144043,72.1543197631836,0.12606445622380164,1.4499602741093123
2002-04-19,9.134637832641602,72.41735076904297,0.1261388014838356,1.5096234400083741
2002-04-22,9.040422439575195,71.21125793457031,0.12695215197408302,1.760003090490635
2002-04-23,9.040422439575195,70.90331268310547,0.12750352695057232,1.9168628761091102
2002-04-24,8.997594833374023,70.19120025634766,0.12818693512169052,2.1017115842290908
2002-04-25,9.014727592468262,70.22974395751953,0.12836053621270607,2.1511142579984743
2002-04-26,8.933358192443848,68.8952865600586,0.12966573823096456,2.4826759190822654
2002-04-29,9.031858444213867,68.55525970458984,0.1317456674095157,2.977825634247268
2002-04-30,8.941922187805176,69.19681549072266,0.12922447549633315,2.344865199833152
2002-05-01,9.074684143066406,70.04361724853516,0.12955761708974542,2.4140468036548137
2002-05-02,8.924792289733887,69.77423858642578,0.1279095619034123,2.0113241667833286
2002-05-03,9.05327320098877,69.01720428466797,0.1311741513557647,2.7987255237334363
2002-05-06,8.954771995544434,67.66352081298828,0.13234268462461576,3.0440755534766235
2002-05-07,8.907666206359863,67.4261703491211,0.13210992349465353,2.958193470830459
2002-05-08,8.937641143798828,69.9345703125,0.12780004372460307,1.907380105035688
2002-05-09,8.933358192443848,69.12625885009766,0.12923248474673135,2.238274015751364
2002-05-10,8.822014808654785,67.82392120361328,0.13007232038634767,2.4156347785205634
2002-05-13,8.911947250366211,69.20323944091797,0.12877933637737804,2.0940698313472055
2002-05-14,9.010446548461914,70.71087646484375,0.12742659968218265,1.766489975874728
2002-05-15,9.061837196350098,70.43498229980469,0.12865534852807403,2.0461210801415204
2002-05-16,9.08324909210205,70.8006591796875,0.12829328423411074,1.9553186951513954
2002-05-17,9.108942985534668,71.1471176147461,0.12802968399729986,1.8905401718325932
2002-05-20,9.05327320098877,70.37728118896484,0.1286391438833861,2.019462575737056
2002-05-21,8.989033699035645,69.73571014404297,0.12890144347090318,2.069938837126041
2002-05-22,8.971906661987305,69.88969421386719,0.12837238398171644,1.9277928876259154
2002-05-23,8.9290771484375,70.63387298583984,0.12641352896262018,1.4692152962068767
2002-05-24,8.9290771484375,69.72927856445312,0.1280534853115403,1.8313365544637215
2002-05-28,8.971906661987305,69.35081481933594,0.12936988102244787,2.105762783711165
2002-05-29,9.019012451171875,68.8375244140625,0.13101883787862398,2.4401878089655633
2002-05-30,8.954771995544434,68.64508056640625,0.1304503093543858,2.278650539237264
2002-05-31,8.954771995544434,68.7862319946289,0.13018262137463288,2.1887997886207664
2002-06-03,9.087530136108398,66.95780944824219,0.13572024250782846,3.31820713585114
2002-06-04,8.779189109802246,67.1246109008789,0.1307894227165985,2.2249922896570835
2002-06-05,8.676408767700195,67.75335693359375,0.12805872890112435,1.6280142844730943
2002-06-06,8.697821617126465,66.3740234375,0.13104255500371503,2.2290723769537815
2002-06-07,8.5907564163208,66.29702758789062,0.12957981268363727,1.899604735321522
2002-06-10,8.569343566894531,66.55365753173828,0.12875841666264487,1.7105994732065632
2002-06-11,8.689254760742188,65.41169738769531,0.1328394630893149,2.513115259752851
2002-06-12,8.483694076538086,65.80945587158203,0.12891299531624803,1.6921303167251693
2002-06-13,8.410890579223633,65.14866638183594,0.12910303535497494,1.7129509000289498
2002-06-14,8.308110237121582,65.05244445800781,0.12771403605723955,1.4202207366180248
2002-06-17,8.406608581542969,66.79745483398438,0.12585222898741286,1.038337944504891
2002-06-18,8.419455528259277,67.34275817871094,0.12502391876964908,0.8670659972572464
2002-06-19,8.350935935974121,65.77095794677734,0.1269699605520692,1.2503478427368295
2002-06-20,8.308110237121582,64.93054962158203,0.12795379502470866,1.4429044677006009
2002-06-21,8.11967658996582,63.9152946472168,0.1270380843080318,1.2571200971748282
2002-06-24,7.9612250328063965,64.25004577636719,0.12391002895961732,0.6310786584999887
2002-06-25,8.029746055603027,62.80802917480469,0.12784585284876512,1.4040941388161974
2002-06-26,8.05115795135498,62.91096496582031,0.1279770220617216,1.417655568945301
2002-06-27,8.158224105834961,64.01189422607422,0.12744856568409185,1.3019690199381602
2002-06-28,8.338088035583496,63.709285736083984,0.13087712315790298,1.9552588525637247
2002-07-01,8.269569396972656,62.46681594848633,0.1323833986318786,2.219261164301795
2002-07-02,8.076855659484863,61.14060974121094,0.13210296223200366,2.1355583167912453
2002-07-03,7.901271343231201,61.48820877075195,0.12850059387304177,1.4293712178525986
2002-07-05,7.901271343231201,63.934654235839844,0.12358354694600016,0.481517115970407
2002-07-08,8.500824928283691,63.1363639831543,0.1346422947408222,2.5610628152906347
2002-07-09,8.415173530578613,61.546138763427734,0.13672951219450213,2.895545262093344
2002-07-10,8.243871688842773,59.305782318115234,0.13900620422849802,3.2375949223188503
2002-07-11,8.064005851745605,59.78862380981445,0.13487525448648777,2.445592834258565
2002-07-12,8.158224105834961,59.1319465637207,0.1379664391234549,2.9448865533894235
2002-07-15,7.86272668838501,59.4473876953125,0.1322636198697928,1.9066674014749034
2002-07-16,7.926965236663818,58.301475524902344,0.13596508776656893,2.5233540215499235
2002-07-17,8.213892936706543,58.41736602783203,0.14060704025568635,3.263222412682736
2002-07-18,8.25243854522705,56.524620056152344,0.1459972404419342,4.063481413678722
2002-07-19,7.837030410766602,54.53529357910156,0.1437056609844643,3.5904131268757262
2002-07-22,7.802769660949707,52.91941452026367,0.1474462582718466,4.073353119719895
2002-07-23,7.2631731033325195,51.470863342285156,0.14111232319986292,2.9974124256855985
2002-07-24,7.627189636230469,54.5417366027832,0.13984134190258368,2.751890835685542
2002-07-25,7.794206142425537,54.07820129394531,0.1441284280159331,3.345686919664853
2002-07-26,7.6785783767700195,55.10826873779297,0.13933622943781737,2.564440561493785
2002-07-29,8.068289756774902,57.79286193847656,0.13960702907158337,2.564024724873248
2002-07-30,7.708553314208984,58.54611587524414,0.1316663488084356,1.346656712355912
2002-07-31,7.5415358543396,58.68772506713867,0.1285027805339548,0.8601755967733588
2002-08-01,7.276020526885986,57.15554428100586,0.12730209498335546,0.6714931455978047
2002-08-02,7.404496192932129,55.87440872192383,0.13252034987578803,1.455693785575679
2002-08-05,7.113284111022949,53.93013381958008,0.1318981357402153,1.3496838474094863
2002-08-06,7.241758346557617,55.745628356933594,0.12990719738935175,1.0379913181134959
2002-08-07,7.2588911056518555,56.71776580810547,0.1279826700193204,0.7385847788993236
2002-08-08,7.5757975578308105,58.55253982543945,0.12938461047832014,0.9450085627733364
2002-08-09,7.622903823852539,58.771446228027344,0.12970420694220172,0.9858525240728659
2002-08-12,7.622903823852539,58.340126037597656,0.13066313601962243,1.1231075065252394
2002-08-13,7.451603889465332,57.27783203125,0.1300957739706321,1.0286678809986771
2002-08-14,7.344541072845459,59.37014389038086,0.12370765154967765,0.05481228150730033
2002-08-15,7.5757975578308105,60.19422912597656,0.12585587801076278,0.3771141258250984
2002-08-16,7.5757975578308105,60.013912200927734,0.1262340227457076,0.43007943926360304
2002-08-19,7.5757975578308105,61.41740798950195,0.1233493533156876,-0.012272007424050022
2002-08-20,7.665731906890869,60.767181396484375,0.12614920966754536,0.41196405045804435
2002-08-21,7.772794723510742,61.642738342285156,0.12609424779850878,0.4016421373787284
2002-08-22,7.86272668838501,62.24146270751953,0.12632618750193825,0.4346295837868237
2002-08-23,7.69142484664917,60.902381896972656,0.12629103504786726,0.42693704399611776
2002-08-26,7.81133508682251,61.3272819519043,0.12737129118079163,0.5874695614938219
2002-08-27,7.9655070304870605,60.61909866333008,0.13140259763224726,1.1929729083827427
2002-08-28,7.747098445892334,59.292911529541016,0.13065808789019512,1.0734338248007345
2002-08-29,7.70427131652832,59.31864929199219,0.12987941243578469,0.9513047969705674
2002-08-30,7.725688457489014,59.086883544921875,0.13075132743488527,1.0773397026326785
2002-09-03,7.4173431396484375,56.83364486694336,0.1305097210818279,1.0355301046697536
2002-09-04,7.391648292541504,57.6447639465332,0.12822757500399207,0.6879568358001201
2002-09-05,7.327412128448486,57.15554428100586,0.12820124837624122,0.6812325686166795
2002-09-06,7.430191993713379,57.94095993041992,0.12823729538889483,0.685885602622404
2002-09-09,7.305999279022217,58.36586380004883,0.1251758956922369,0.22632011907469182
2002-09-10,7.464452266693115,59.03538131713867,0.1264403159622871,0.41401279336159413
2002-09-11,7.464452266693115,58.668426513671875,0.12723116521547798,0.5284393806885717
2002-09-12,7.464452266693115,57.586875915527344,0.1296207190965268,0.8812483344758733
2002-09-13,7.464452266693115,57.72847366333008,0.1293027823708881,0.8277683454075224
2002-09-16,7.177521705627441,57.87015151977539,0.12402804411484457,0.032613206870409014
2002-09-17,7.1689581871032715,56.54391098022461,0.12678567971024338,0.4421462730676503
2002-09-18,7.109001159667969,55.97739028930664,0.12699772395473752,0.46851814150051685
2002-09-19,6.9377007484436035,54.52886199951172,0.12722988329567061,0.49870290194390937
2002-09-20,6.87346076965332,54.54698944091797,0.12600990155649638,0.3098279228765016
2002-09-23,6.637922763824463,54.10076904296875,0.12269553430104457,-0.19841058410844628
2002-09-24,6.385252475738525,53.227779388427734,0.11996090291767357,-0.6191451480951801
2002-09-25,6.5479912757873535,54.54698944091797,0.12004312873911667,-0.609205261717119
2002-09-26,6.685029983520508,55.43937683105469,0.12058270430947286,-0.5293038399405794
2002-09-27,6.535140514373779,53.512298583984375,0.1221240852533603,-0.2955275350522489
2002-09-30,6.5479912757873535,52.891510009765625,0.12380042230933405,-0.04100174631763549
2002-10-01,6.475186824798584,55.43291091918945,0.11681123573391561,-1.1111117164806497
2002-10-02,6.556556224822998,53.7709846496582,0.12193483655807807,-0.3299894653982242
2002-10-03,6.7021613121032715,53.227779388427734,0.12591472702993112,0.27530506570877383
2002-10-04,6.573686122894287,52.251277923583984,0.1258090975785916,0.2541663830536329
2002-10-07,6.470904350280762,51.17134094238281,0.12645563378076763,0.3480943361629774
2002-10-08,6.59081506729126,51.973209381103516,0.1268117775633759,0.39750018525252423
2002-10-09,6.59081506729126,50.5052375793457,0.13049765495978177,0.96381000938004
2002-10-10,6.449493408203125,52.141353607177734,0.12369248134201283,-0.10073975475504002
2002-10-11,6.6636176109313965,54.42411804199219,0.12243868804249484,-0.3026928675924948
2002-10-14,6.659337043762207,54.728050231933594,0.12168050963884898,-0.42696112781399753
2002-10-15,7.083307266235352,57.360015869140625,0.12348858623740605,-0.14809405720230082
2002-10-16,6.916289806365967,55.969642639160156,0.12357216305552864,-0.1383572918376015
2002-10-17,6.916289806365967,57.081966400146484,0.12116418271021963,-0.5185181227731799
2002-10-18,7.083307266235352,57.32122039794922,0.12357216432343739,-0.1386205349940598
2002-10-21,7.083307266235352,58.310630798339844,0.1214754011276623,-0.47046330410119575
2002-10-22,7.254608631134033,57.8902702331543,0.1253165445923113,0.13318529121206948
2002-10-23,7.13041353225708,58.33001708984375,0.12224261003171567,-0.35628924678356555
2002-10-24,7.04904842376709,57.14015579223633,0.12336417928921449,-0.17798770547153694
2002-10-25,7.237476825714111,58.33001708984375,0.12407808512324744,-0.06806054500597514
2002-10-28,7.3573899269104,57.94850158691406,0.12696428251687267,0.3870809078070104
2002-10-29,7.3573899269104,57.275943756103516,0.1284551496565497,0.620146669040606
2002-10-30,7.3573899269104,57.83208084106445,0.12721987208328472,0.41989546717814175
2002-10-31,7.323128700256348,57.24360656738281,0.12792919837495073,0.5290551408728036
2002-11-01,7.511560440063477,58.37528610229492,0.12867706424428424,0.6427663940770779
2002-11-04,7.708553314208984,58.931427001953125,0.13080547521704344,0.9737255603920535
2002-11-05,7.81133508682251,59.39700698852539,0.13151058416683423,1.0774030583987007
2002-11-06,7.712835311889648,60.166587829589844,0.12819133658925042,0.5455895098615815
2002-11-07,7.47301721572876,58.692161560058594,0.1273256431028147,0.4039101890333546
2002-11-08,7.455885410308838,57.97434997558594,0.12860662367837927,0.6038881574588011
2002-11-11,7.47301721572876,57.075477600097656,0.13093218891813485,0.9659458332797813
2002-11-12,7.580077171325684,57.52815628051758,0.1317629081377799,1.0890769425439788
2002-11-13,7.430191993713379,57.586341857910156,0.12902698372552998,0.6502415799329738
2002-11-14,7.70427131652832,58.67276382446289,0.13130915972491003,1.004148063329531
2002-11-15,7.652882099151611,59.106021881103516,0.12947719801792776,0.7084658445654161
2002-11-18,7.794206142425537,58.51110076904297,0.13320901572491511,1.2885983261392295
2002-11-19,7.772794723510742,58.4334602355957,0.13301958658912033,1.2487736637605131
2002-11-20,7.652882099151611,59.73331069946289,0.12811749440200415,0.4736904632015768
2002-11-21,7.884138584136963,60.84560775756836,0.12957613334310536,0.6977017472946396
2002-11-22,7.9098358154296875,60.41230392456055,0.13093087503014356,0.904041572633925
2002-11-25,7.9997687339782715,60.45111083984375,0.13233451995898754,1.1160272904873338
2002-11-26,7.794206142425537,59.3000373840332,0.13143678294752917,0.9675913477923648
2002-11-27,8.072571754455566,60.96846008300781,0.13240570195581222,1.1110571909744449
2002-11-29,8.072571754455566,60.774444580078125,0.13282839210186312,1.1677122792111085
2002-12-02,8.218177795410156,60.8714599609375,0.1350087183827024,1.4942679889788426
2002-12-03,7.991201400756836,60.056636810302734,0.13306108741983272,1.1816617109387635
2002-12-04,8.008332252502441,59.785037994384766,0.13395211446139105,1.3088599973536523
2002-12-05,8.016901016235352,59.12542724609375,0.13559142639032695,1.5485648973755646
2002-12-06,7.837030410766602,59.51341247558594,0.13168511239347214,0.9405275214369786
2002-12-09,7.742819309234619,57.87735366821289,0.1337797742726978,1.2528816080264409
2002-12-10,7.772794723510742,58.65336990356445,0.13252085491917112,1.0526203120768374
2002-12-11,7.81133508682251,58.70510482788086,0.13306057641366592,1.1280123806400424
2002-12-12,7.751379489898682,58.698631286621094,0.13205383703155302,0.968093156230938
2002-12-13,7.635753631591797,57.77385711669922,0.13216624287639475,0.9781144187220252
2002-12-16,7.922682762145996,59.267696380615234,0.1336762392664426,1.1991219048809063
2002-12-17,7.875576019287109,58.7503547668457,0.13405154829348356,1.247067632421459
2002-12-18,7.751379489898682,58.07135009765625,0.13348026999309467,1.1518421035800965
2002-12-19,7.7214035987854,57.65749740600586,0.13391846587467574,1.2080204952987588
2002-12-20,7.789924144744873,58.4802131652832,0.13320615167267147,1.0920582432504202
2002-12-23,7.710442066192627,58.49968338012695,0.13180314184079767,0.8740258250597408
2002-12-24,7.883227348327637,58.06428909301758,0.1357672240798281,1.4576797493969593
2002-12-26,7.883227348327637,58.09031295776367,0.13570640175513216,1.436470020155503
2002-12-27,7.693167686462402,56.784053802490234,0.135481128438298,1.3904072373584901
2002-12-30,7.753642559051514,57.25847625732422,0.135414755436488,1.368642606434001
2002-12-31,7.649969100952148,57.3364143371582,0.13342252370313307,1.062347676851571
2003-01-02,7.75795841217041,59.18203353881836,0.13108637787989919,0.7080130182334098
2003-01-03,7.75795841217041,59.363990783691406,0.1306845835287356,0.6431068470936038
2003-01-06,8.012815475463867,60.41025924682617,0.13263997829780616,0.9276026586266735
2003-01-07,8.112166404724121,60.26074981689453,0.13461774752842218,1.2137946807553144
2003-01-08,8.155360221862793,59.38999557495117,0.1373187544957903,1.603930438633356
2003-01-09,8.26766586303711,60.312774658203125,0.1370798460175406,1.555673907897655
2003-01-10,8.297905921936035,60.475257873535156,0.13721158393881472,1.5648626913808883
2003-01-13,8.462051391601562,60.45573425292969,0.13997102998036107,1.9594619900950074
2003-01-14,8.548441886901855,60.65070343017578,0.1409454697709032,2.0842953175858265
2003-01-15,8.449090957641602,60.04634094238281,0.1407095057756956,2.0298550305529592
2003-01-16,8.531160354614258,59.79937744140625,0.1426630296105243,2.2955923547074177
2003-01-17,8.362700462341309,58.915626525878906,0.14194367361379007,2.1647940353877453
2003-01-21,8.259032249450684,57.99933624267578,0.14239873737337197,2.204859950045194
2003-01-22,8.142402648925781,57.29747772216797,0.14210752327367362,2.135649953239972
2003-01-23,8.315183639526367,57.64840316772461,0.1442396177971111,2.411450127723069
2003-01-24,8.26766586303711,56.13421630859375,0.1472838921912835,2.79946866304724
2003-01-27,7.952339172363281,55.36735916137695,0.1436286522025536,2.2477315950647574
2003-01-28,7.991218090057373,55.77682113647461,0.1432713074577068,2.1707390851990254
2003-01-29,7.9048237800598145,56.19920349121094,0.14065722090342542,1.7834312329456352
2003-01-30,7.840032577514648,54.867000579833984,0.1428915831859087,2.0749505212690904
2003-01-31,7.883227348327637,55.92625427246094,0.1409575422291329,1.7900282710362754
2003-02-03,7.909143924713135,56.0367546081543,0.1411420768390149,1.7989308029897304
2003-02-04,7.844351768493652,55.484352111816406,0.14137953260560926,1.8134087496227365
2003-02-05,7.844351768493652,55.13994216918945,0.1422626042012217,1.917389814050291
2003-02-06,7.775234222412109,54.8800163269043,0.14167696627670992,1.8210351998395828
2003-02-07,7.753642559051514,54.21066665649414,0.14302798761325822,1.9865417167531676
2003-02-10,7.606772422790527,54.59407043457031,0.13933330785267353,1.4661143536968881
2003-02-11,7.693167686462402,54.217185974121094,0.14189537041141345,1.8054091444374398
2003-02-12,7.6370110511779785,53.352867126464844,0.14314153039002772,1.9599979993819214
2003-02-13,7.723402500152588,53.51530838012695,0.14432136773448348,2.1054497790905478
2003-02-14,7.952339172363281,54.68505096435547,0.1454207142925904,2.2301353816558773
2003-02-18,8.138084411621094,55.64684295654297,0.14624521319163564,2.314140503944946
2003-02-19,7.986897945404053,55.354400634765625,0.14428659426921586,2.0268620230749916
2003-02-20,8.00849437713623,54.80202102661133,0.14613501887544228,2.255794668607853
2003-02-21,8.03873062133789,55.354400634765625,0.1452229728649455,2.1102328419579317
2003-02-24,7.86594820022583,54.45762252807617,0.14444163801257504,1.9858230377113506
2003-02-25,7.814112663269043,54.89302062988281,0.14235166098721072,1.6935131917358388
2003-02-26,7.706122398376465,54.093692779541016,0.14245879699473998,1.6968421754527536
2003-02-27,7.75795841217041,54.80854034423828,0.1415465247467763,1.5619452268087852
2003-02-28,7.943702220916748,55.172454833984375,0.14397949565266932,1.874595330202049
2003-03-03,8.00849437713623,54.64606475830078,0.14655207859079614,2.199333647691303
2003-03-04,7.796834945678711,53.77525329589844,0.14498927420716387,1.9677068523781762
2003-03-05,7.922101974487305,54.23015594482422,0.14608296503051818,2.0932980977775464
2003-03-06,7.779555320739746,53.77525329589844,0.14466794378322548,1.8858792190540248
2003-03-07,7.736363887786865,54.145660400390625,0.14288058970153503,1.6321078495255004
2003-03-10,7.494465351104736,52.845977783203125,0.14181713851241903,1.4791510772217449
2003-03-11,7.537661552429199,52.32608413696289,0.14405170340473905,1.7639746861818852
2003-03-12,7.377837181091309,52.677005767822266,0.1400580210198291,1.2226080203378704
2003-03-13,7.641331195831299,54.49658203125,0.14021670554401974,1.236861484140718
2003-03-14,7.73204231262207,54.672035217285156,0.1414259096426961,1.390694861880111
2003-03-17,8.060328483581543,56.39414596557617,0.14292846084594824,1.5819807399636916
2003-03-18,7.973939418792725,56.72560501098633,0.14057037236091835,1.2540582000310596
2003-03-19,8.077607154846191,57.16098403930664,0.14131329770830467,1.3447501684124665
2003-03-20,8.056008338928223,57.284461975097656,0.14063164881308093,1.2423297337111787
2003-03-21,8.142402648925781,58.50720977783203,0.13916921828685258,1.0356932208195069
2003-03-24,7.779555320739746,56.56281280517578,0.13753833897079246,0.807083552638398
2003-03-25,7.943702220916748,57.104366302490234,0.13910849091359823,1.015200161264087
2003-03-26,8.034411430358887,56.817317962646484,0.14140779111821092,1.323625432403811
2003-03-27,7.848670959472656,56.86294937133789,0.13802785550601118,0.8513305385892305
2003-03-28,7.913464069366455,56.57588577270508,0.13987344539613536,1.1005499872990125
2003-03-31,7.827073574066162,55.290496826171875,0.1415627281967414,1.3271261001392816
2003-04-01,8.00849437713623,56.13873291015625,0.1426554174272677,1.469245616297964
2003-04-02,8.207193374633789,57.49589157104492,0.1427439970122483,1.4704602183638704
2003-04-03,8.185599327087402,57.22184371948242,0.1430502548504993,1.502567728296653
2003-04-04,8.367019653320312,57.561119079589844,0.1453588774351524,1.8095541176024375
2003-04-07,8.388619422912598,57.45018005371094,0.14601554625364038,1.8904072123199305
2003-04-08,8.388619422912598,57.54153823852539,0.14578371867883474,1.842556682386275
2003-04-09,8.50092601776123,56.7846565246582,0.14970463040609894,2.3647482981346575
2003-04-10,8.487968444824219,57.097869873046875,0.14865648164627898,2.1913454969749355
2003-04-11,8.49660587310791,56.86294937133789,0.14942253201854977,2.2722357696745603
2003-04-14,8.690990447998047,58.037452697753906,0.14974796521926598,2.2887522577749455
2003-04-15,8.639155387878418,58.57898712158203,0.14747874301663244,1.9547861914916234
2003-04-16,8.699627876281738,57.58069610595703,0.15108584064828134,2.4110141381100343
2003-04-17,8.876729011535645,58.435420989990234,0.15190664944565377,2.481990700365062
2003-04-21,8.781700134277344,58.4941520690918,0.15012953985390923,2.213215326788566
2003-04-22,9.023594856262207,59.596805572509766,0.15141071353704438,2.3479587351200344
2003-04-23,8.919923782348633,60.1449089050293,0.1483072124430926,1.9165466998821095
2003-04-24,8.919923782348633,59.609893798828125,0.14963831025184599,2.0639919259990136
2003-04-25,8.811936378479004,58.87261199951172,0.149678026491369,2.0429158936938103
2003-04-28,8.980399131774902,59.89045333862305,0.1499470889124743,2.0509586130895685
2003-04-29,8.954479217529297,60.09923553466797,0.14899489382629413,1.9066496974308553
2003-04-30,8.906965255737305,59.96873474121094,0.14852681641816223,1.8264934116487432
2003-05-01,8.919923782348633,59.96220779418945,0.1487590952782263,1.8349170228114886
2003-05-02,8.980399131774902,60.816959381103516,0.1476627444575141,1.6799845929532968
2003-05-05,9.058151245117188,60.69948196411133,0.14922946542563303,1.8544421751324516
2003-05-06,9.239574432373047,61.273681640625,0.15079189278300403,2.02276455677782
2003-05-07,8.954479217529297,60.93441390991211,0.1469527421855236,1.5357958527448392
2003-05-08,8.86808967590332,60.32109451293945,0.147014734190558,1.5288748318058456
2003-05-09,9.05383586883545,61.15619659423828,0.14804445621277304,1.6380270678183373
2003-05-12,9.084071159362793,61.90657424926758,0.1467383919967154,1.4657349338236796
2003-05-13,9.001995086669922,61.795623779296875,0.14567366645283095,1.3253029525317863
2003-05-14,8.937204360961914,61.66514587402344,0.14493121250730276,1.2254076614133884
2003-05-15,9.014955520629883,62.05662155151367,0.1452698405946334,1.255703759244383
2003-05-16,9.166139602661133,61.900062561035156,0.14807965005888432,1.5785977293339433
2003-05-19,8.989038467407227,60.45156478881836,0.14869819331905726,1.6363668172746637
2003-05-20,9.040874481201172,60.32759094238281,0.1498630119315697,1.7565644648180705
2003-05-21,8.945841789245605,60.45156478881836,0.14798362656942018,1.518765221531826
2003-05-22,9.071112632751465,61.05184555053711,0.14858048189948062,1.5741478168816336
2003-05-23,9.222297668457031,61.175777435302734,0.15075080456820014,1.8108319807181996
2003-05-27,9.330284118652344,62.245845794677734,0.14989408529251794,1.6927082137398548
2003-05-28,9.347563743591309,62.422035217285156,0.14974782079843008,1.6586106383609325
2003-05-29,9.39075756072998,62.258941650390625,0.15083387721980432,1.7657843536490399
2003-05-30,9.382120132446289,63.25720977783203,0.14831700869193531,1.460910891809337
2003-06-02,9.503068923950195,63.51818084716797,0.14961179298909189,1.5945092259416433
2003-06-03,9.481472969055176,63.7791633605957,0.14866098063169417,1.47294892439917
2003-06-04,9.559220314025879,64.69915771484375,0.14774875982400515,1.356778413113321
2003-06-05,9.675850868225098,65.01887512207031,0.14881602996143933,1.4650828082954748
2003-06-06,9.615379333496094,64.7644271850586,0.1484669864526247,1.4127308470480464
2003-06-09,9.63265323638916,64.10540771484375,0.1502627247803729,1.6003943162859202
2003-06-10,9.59377670288086,64.75792694091797,0.14814829868834067,1.3499534464657295
2003-06-11,9.809758186340332,65.4429931640625,0.1498977615792684,1.5325281065257008
2003-06-12,9.874552726745605,65.645263671875,0.15042292732805718,1.5760818264639385
2003-06-13,10.017099380493164,64.96015930175781,0.15420373792436348,1.9743146743886075
2003-06-16,10.125086784362793,66.3303451538086,0.15264637566538314,1.7824139295896284
2003-06-17,10.086212158203125,66.3303451538086,0.15206029962327114,1.7009995532905529
2003-06-18,10.021416664123535,66.27161407470703,0.15121733194586956,1.5937779087661834
2003-06-19,9.978221893310547,65.26029205322266,0.15289882376212577,1.76039198636581
2003-06-20,9.94366455078125,65.1162338256836,0.15270638313328252,1.7215367491978235
2003-06-23,9.766562461853027,64.44829559326172,0.1515410511938217,1.579588530678057
2003-06-24,9.706088066101074,64.51375579833984,0.1504498993430304,1.4492509223501164
2003-06-25,9.641295433044434,63.86549758911133,0.15096250396533692,1.49139820363916
2003-06-26,9.779520034790039,64.69712829589844,0.15115848712886418,1.4989281308671065
2003-06-27,9.658573150634766,63.95063018798828,0.15103171184150294,1.4720296118523872
2003-06-30,9.654251098632812,63.930973052978516,0.15101054524279645,1.456351028999444
2003-07-01,9.710409164428711,64.52033233642578,0.15050153669073052,1.3892654317915856
2003-07-02,9.736326217651367,65.33229064941406,0.14902777969164455,1.2211141780375256
2003-07-03,9.63265323638916,64.6578369140625,0.14897889716279922,1.205967005158086
2003-07-07,9.73200511932373,65.94134521484375,0.1475857838146287,1.0492902366012693
2003-07-08,9.719050407409668,66.23603820800781,0.14673357088308844,0.9512873204762776
2003-07-09,9.719050407409668,65.86272430419922,0.14756526563523897,1.0335107099552294
2003-07-10,9.550586700439453,65.02454376220703,0.1468766430006135,0.9549131203205914
2003-07-11,9.736326217651367,65.64009094238281,0.14832895685957634,1.1015956737399213
2003-07-14,9.766562461853027,65.96096801757812,0.1480657842870091,1.0669022170146687
2003-07-15,9.671533584594727,65.81687927246094,0.14694609789318108,0.9409220457354568
2003-07-16,9.602416038513184,65.43052673339844,0.1467574313995506,0.91493547227899
2003-07-17,9.5635404586792,64.50068664550781,0.14827036665888357,1.069555099371055
2003-07-18,9.63265323638916,65.16207122802734,0.14782607512092077,1.0211341915272252
2003-07-21,9.5635404586792,64.35662078857422,0.14860227807947768,1.0991019230743047
2003-07-22,9.675850868225098,64.93943786621094,0.14899806937287338,1.1393699253108511
2003-07-23,9.736326217651367,64.98523712158203,0.14982366224863505,1.2192508133707805
2003-07-24,9.76224422454834,64.49414825439453,0.15136635630943704,1.3713231129076455
2003-07-25,9.973901748657227,65.63352966308594,0.15196351315944565,1.4257866556588985
2003-07-28,9.952301979064941,65.39131164550781,0.15219609040750348,1.4387557470305041
2003-07-29,9.779520034790039,65.09008026123047,0.15024593602498604,1.2282053490263947
2003-07-30,9.82271671295166,64.93289947509766,0.15127488210685494,1.3232932495451946
2003-07-31,9.82271671295166,65.08346557617188,0.15092491811849548,1.2764989664955466
2003-08-01,9.801116943359375,64.5072250366211,0.15193828191795924,1.3694714955798688
2003-08-04,9.814079284667969,64.5072250366211,0.15213922594091536,1.3779927694814498
2003-08-05,9.796799659729004,63.138668060302734,0.155163229771845,1.6713689676879633
2003-08-06,9.801116943359375,63.50533676147461,0.15433532744141282,1.5716113075764895
2003-08-07,9.744962692260742,64.17327117919922,0.15185391851147245,1.3078485233386847
2003-08-08,9.675850868225098,64.35662078857422,0.15034740403807736,1.1451908422411559
2003-08-11,9.796799659729004,64.59889221191406,0.1516558461651478,1.2676758634490513
2003-08-12,9.792478561401367,65.1882095336914,0.15021855380673238,1.1126729873801389
2003-08-13,9.779520034790039,64.85426330566406,0.15079224612726336,1.1614341979585345
2003-08-14,9.90478801727295,65.03108978271484,0.15230850429182913,1.3057951812988762
2003-08-15,9.827035903930664,65.2341079711914,0.15064260414613878,1.1280498009558309
2003-08-18,9.891830444335938,65.7972412109375,0.150338072877919,1.0887732329236124
2003-08-19,9.913427352905273,66.04610443115234,0.15009859307053014,1.0570596272665056
2003-08-20,9.909107208251953,65.77762603759766,0.15064555845460328,1.1045875398867777
2003-08-21,9.736326217651367,65.98712158203125,0.14754888505854508,0.781209622678388
2003-08-22,9.757922172546387,65.33229064941406,0.14935833529715525,0.9594486493813218
2003-08-25,9.675850868225098,65.43711853027344,0.14786486760948558,0.7992884701518659
2003-08-26,9.710409164428711,65.55497741699219,0.14812619189327525,0.8194691438188786
2003-08-27,9.59377670288086,65.57459259033203,0.14630326051458098,0.6255917307014434
2003-08-28,9.63697624206543,65.9805908203125,0.14605774398580607,0.59464040436344
2003-08-29,9.736326217651367,66.42585754394531,0.1465743398376169,0.6422326183839445
2003-09-02,9.736326217651367,67.31645965576172,0.1446351496712739,0.43617097400579974
2003-09-03,9.827035903930664,67.68315887451172,0.14519174440647084,0.4887277444394717
2003-09-04,9.831357955932617,67.7159194946289,0.14518532760545946,0.48240972729898984
2003-09-05,9.896151542663574,67.33609008789062,0.1469665305744155,0.6620654332892907
2003-09-08,10.064617156982422,67.89273071289062,0.1482429275019789,0.7889089272208879
2003-09-09,10.043014526367188,67.4473876953125,0.1489014603758355,0.8513466306093556
2003-09-10,9.887511253356934,66.7663803100586,0.14809116815139586,0.7596729767528232
2003-09-11,9.887511253356934,66.96282196044922,0.1476567289711427,0.7075012858133546
2003-09-12,9.852957725524902,67.08723449707031,0.14686784750316664,0.6180337942767381
2003-09-15,9.887511253356934,66.85152435302734,0.14790255493866208,0.7214990636487663
2003-09-16,9.952301979064941,67.82720947265625,0.1467302290104843,0.5907575873529903
2003-09-17,9.973901748657227,67.69622802734375,0.14733319771713993,0.6490905401299177
2003-09-18,10.068936347961426,68.4951400756836,0.14700220098587682,0.6074387590985789
2003-09-19,10.017099380493164,68.14676666259766,0.14699302507027157,0.6003590083537047
2003-09-22,9.913427352905273,67.41053009033203,0.14706051620749752,0.6015583126448872
2003-09-23,9.952301979064941,67.66687774658203,0.14707789557451023,0.5975383771259813
2003-09-24,9.78384017944336,66.46393585205078,0.1472052482901744,0.6060854646729141
2003-09-25,9.76224422454834,65.91835021972656,0.14809600349535015,0.6999107167312317
2003-09-26,9.667210578918457,65.70142364501953,0.1471385252038032,0.5871662189458368
2003-09-29,9.78384017944336,66.34565734863281,0.14746768018336584,0.6188453680005286
2003-09-30,9.680170059204102,65.70142364501953,0.14733577329321543,0.5978982676354415
2003-10-01,9.956623077392578,67.10157012939453,0.14838137256986447,0.7155088029351072
2003-10-02,9.749285697937012,67.34477996826172,0.14476676147032716,0.28480042362205965
2003-10-03,9.917745590209961,67.96271514892578,0.14592921381197527,0.4161023977558602
2003-10-06,10.081890106201172,68.27164459228516,0.14767316894751423,0.6182388977917341
2003-10-07,10.116449356079102,68.53456115722656,0.14761091608758892,0.6047594421069294
2003-10-08,10.12940788269043,68.36368560791016,0.1481694234682746,0.6663769845159179
2003-10-09,10.176921844482422,68.5477523803711,0.14846470513009297,0.6960582990864798
2003-10-10,10.267633438110352,68.73834991455078,0.14937270753333667,0.8023010487803016
2003-10-13,10.241714477539062,68.95528411865234,0.14852689838701844,0.6933783288920938
2003-10-14,10.297867774963379,69.19851684570312,0.14881630769522516,0.7256474402630393
2003-10-15,10.181239128112793,69.01445770263672,0.14752327942618632,0.5565105598507648
2003-10-16,10.194199562072754,69.29053497314453,0.14712254084953738,0.49932121376943983
2003-10-17,10.073250770568848,68.53456115722656,0.14698059782508263,0.47530229192856066
2003-10-20,10.12940788269043,69.04732513427734,0.14670239380007294,0.4323237967663077
2003-10-21,10.151001930236816,68.92901611328125,0.1472674717067508,0.5025993333952226
2003-10-22,10.146686553955078,68.06128692626953,0.14908161470627107,0.744570439479343
2003-10-23,10.051652908325195,67.93639373779297,0.14795682189314485,0.5858843860562545
2003-10-24,10.077571868896484,68.08759307861328,0.14800893104358992,0.5887420962937135
2003-10-27,10.107807159423828,68.12043762207031,0.148381418444514,0.6375465294919658
2003-10-28,10.172603607177734,69.04732513427734,0.1473279897142275,0.4796585061574359
2003-10-29,10.172603607177734,69.13934326171875,0.1471319096664045,0.44470389409233224
2003-10-30,10.289229393005371,69.28396606445312,0.14850808891964357,0.6424194633276705
2003-10-31,10.237398147583008,69.21825408935547,0.14790026536016512,0.5461722610681132
2003-11-03,10.284908294677734,69.67176055908203,0.14761946895193034,0.49781578753368183
2003-11-04,10.241714477539062,69.52059936523438,0.1473191337682958,0.445722064311594
2003-11-05,10.267633438110352,69.57318878173828,0.14758031963033183,0.4796045434056237
2003-11-06,10.293548583984375,69.9413070678711,0.1471740951880626,0.4102049006934468
2003-11-07,10.388582229614258,69.42198944091797,0.14964397179161118,0.7939685452986384
2003-11-10,10.362664222717285,69.13934326171875,0.14988085992501626,0.827870824457161
2003-11-11,10.284908294677734,69.11962127685547,0.14879867835910163,0.6484468999032357
2003-11-12,10.582964897155762,69.8952865600586,0.15141171054592054,1.066689060221595
2003-11-13,10.544084548950195,69.91496276855469,0.15081298954352812,0.9660736760541438
2003-11-14,10.690950393676758,69.32339477539062,0.15421850629669365,1.5221028455652152
2003-11-17,10.392902374267578,68.9749984741211,0.15067636975978937,0.930707468153217
2003-11-18,10.535447120666504,68.25848388671875,0.1543463393964485,1.5386239714376972
2003-11-19,10.59592056274414,68.83695983886719,0.15392778221971098,1.4602511268026483
2003-11-20,10.552726745605469,68.21906280517578,0.15468882613856186,1.5905124511288695
2003-11-21,10.582964897155762,68.5017318725586,0.15449193192435529,1.555436584591483
2003-11-24,10.621837615966797,69.40882110595703,0.15303296391897908,1.2999025746583819
2003-11-25,10.665035247802734,69.67176055908203,0.15307543777021002,1.3026296855894421
2003-11-26,10.652078628540039,69.92159271240234,0.1523431920716335,1.1706826912735264
2003-11-28,10.798943519592285,69.9741439819336,0.1543276259639622,1.5185572174411095
2003-12-01,10.993325233459473,70.73014068603516,0.1554263165155838,1.7080519318683762
2003-12-02,11.058116912841797,70.55261993408203,0.15673573742794383,1.928896924693778
2003-12-03,11.109950065612793,70.4408950805664,0.15772017168302369,2.093152161955763
2003-12-04,11.006280899047852,70.73014068603516,0.15560948687920415,1.7032996294241989
2003-12-05,11.084033012390137,70.23712158203125,0.15780875928186902,2.083162477127299
2003-12-08,11.114270210266113,70.71035766601562,0.1571802289950484,1.9636600390463221
2003-12-09,11.204981803894043,70.16478729248047,0.15969522942022624,2.4006643100395797
2003-12-10,11.17906665802002,70.1582260131836,0.15934078287440356,2.321938284365251
2003-12-11,11.325927734375,70.9469985961914,0.15963927944068096,2.3597301320118045
2003-12-12,11.399359703063965,71.08506774902344,0.16036222604881134,2.4764491616096653
2003-12-15,11.42527961730957,70.73014068603516,0.1615333930696586,2.6697658173025576
2003-12-16,11.54190444946289,71.09821319580078,0.16233747559417683,2.785383618989136
2003-12-17,11.567822456359863,71.32169342041016,0.16219220130083864,2.7283092312663095
2003-12-18,11.775163650512695,72.1236801147461,0.16326348893704326,2.8884857476620636
2003-12-19,11.719011306762695,71.92290496826172,0.1629385146767095,2.7974738030655275
2003-12-22,11.757843017578125,72.4248275756836,0.16234547476542124,2.666701605709802
2003-12-23,11.810197830200195,72.47103881835938,0.1629643789128116,2.7579333157179615
2003-12-24,11.871271133422852,72.39842987060547,0.16397138936078934,2.8962229939928417
2003-12-26,11.949804306030273,72.45130157470703,0.16493567467119163,3.0196911120926484
2003-12-29,12.085054397583008,73.4155044555664,0.16461174634980952,2.9195252341903486
2003-12-30,11.9890718460083,73.42874908447266,0.16327490248017212,2.653555853586728
2003-12-31,12.041423797607422,73.49476623535156,0.1638405619122223,2.726534843258187
2004-01-02,12.28574275970459,73.46174621582031,0.16724000439100373,3.2821255709885206
2004-01-05,12.521336555480957,74.26090240478516,0.16861277132385236,3.4753821950011767
2004-01-06,12.560603141784668,74.33354949951172,0.16897623248661328,3.4799305654987873
2004-01-07,12.486432075500488,74.58452606201172,0.16741317180347717,3.1622903622863396
2004-01-08,12.647856712341309,74.8817138671875,0.16890447692976066,3.3428613737000075
2004-01-09,12.63040542602539,74.2278823852539,0.17015715685477434,3.4714707995255885
2004-01-12,12.691486358642578,74.77606964111328,0.16972657722658055,3.3289957351559507
2004-01-13,12.647856712341309,74.3401870727539,0.17013485182601618,3.3154296582358063
2004-01-14,12.63040542602539,74.96092987060547,0.16849317968477026,2.9926060564423524
2004-01-15,12.543149948120117,75.14588928222656,0.16691731334779494,2.6992905940512943
2004-01-16,12.346823692321777,75.44306182861328,0.16365751061867692,2.1654227011310403
2004-01-20,12.573687553405762,75.42326354980469,0.1667083464918341,2.591537290813984
2004-01-21,12.77001953125,76.0176773071289,0.1679874995345646,2.7357520003505176
2004-01-22,12.809282302856445,75.81954956054688,0.1689443207866514,2.8250172040602757
2004-01-23,12.639130592346191,75.5751724243164,0.1672391896294177,2.5292560103610997
2004-01-26,12.5518798828125,76.52623748779297,0.16402060645951272,2.031417497405786
2004-01-27,12.634770393371582,75.74028778076172,0.16681703705621323,2.4007371922114755
2004-01-28,12.564961433410645,74.87510681152344,0.16781226723374598,2.5030040736929005
2004-01-29,12.399176597595215,74.94776916503906,0.1654375671981851,2.1389670410805257
2004-01-30,12.29446792602539,74.94776916503906,0.16404047862922116,1.919184412899317
2004-02-02,12.277015686035156,75.2713623046875,0.16310340759264574,1.7698997360784339
2004-02-03,12.403539657592773,75.14588928222656,0.16505945669241615,2.0218038445777187
2004-02-04,12.3250093460083,74.53166198730469,0.16536608761129834,2.0410233545839636
2004-02-05,12.47770881652832,74.74961853027344,0.1669267223280193,2.228336399307105
2004-02-06,12.691486358642578,75.58836364746094,0.16790264726241225,2.3305465078296606
2004-02-09,12.835457801818848,75.60820770263672,0.16976275713742692,2.5434443111093676
2004-02-10,12.979434967041016,75.85257720947266,0.1711139613779677,2.6837553702981505
2004-02-11,13.210662841796875,76.65828704833984,0.17233182934894412,2.7951508555743185
2004-02-12,13.210662841796875,76.38094329833984,0.17295757647554494,2.8229948384318093
2004-02-13,13.049238204956055,76.0374984741211,0.17161582728023705,2.601876666564287
2004-02-17,13.219389915466309,76.72437286376953,0.17229713873241334,2.6417625001320006
2004-02-18,13.17140007019043,76.3875503540039,0.17242862232327158,2.6113810925439345
2004-02-19,13.175761222839355,76.1035385131836,0.1731294165849711,2.65180082939169
2004-02-20,12.866000175476074,75.87239074707031,0.16957420280015195,2.1792882689120323
2004-02-23,12.874723434448242,75.68082427978516,0.17011869990807124,2.2152112185086197
2004-02-24,12.874723434448242,75.54876708984375,0.17041606276827026,2.220565882656668
2004-02-25,12.804923057556152,75.86578369140625,0.16878390276230204,1.999419908040954
2004-02-26,12.617319107055664,75.91202545166016,0.166209754409599,1.6728049702615215
2004-02-27,12.83981990814209,75.9648208618164,0.16902323684141016,1.988847260709164
2004-03-01,12.944526672363281,76.71778106689453,0.16872915890354315,1.9312834695364693
2004-03-02,12.687128067016602,76.26864624023438,0.166347885958984,1.6313230480764536
2004-03-03,12.58677864074707,76.4073257446289,0.16473261585957108,1.427039524693544
2004-03-04,12.682761192321777,76.60550689697266,0.16555939260840505,1.5105636191756509
2004-03-05,12.90090274810791,76.86306762695312,0.1678426732942939,1.7609978486643807
2004-03-08,12.835457801818848,75.92524719238281,0.1690538822915622,1.882612914935741
2004-03-09,12.643497467041016,75.62142944335938,0.16719463728877307,1.6502108342120814
2004-03-10,12.538785934448242,74.35334777832031,0.16863781267565545,1.7992839817292492
2004-03-11,12.303196907043457,73.38911437988281,0.16764334889447813,1.6695221564769342
2004-03-12,12.233389854431152,74.35334777832031,0.1645304511493445,1.2989364647313284
2004-03-15,11.666217803955078,73.44194030761719,0.15884953141338903,0.6333110190757465
2004-03-16,11.89309024810791,73.83161926269531,0.16108396872337186,0.8863691694667408
2004-03-17,12.163583755493164,74.65716552734375,0.16292587147630402,1.0931708210102447
2004-03-18,12.137406349182129,74.67699432373047,0.16253206839800682,1.0393403862231672
2004-03-19,11.897451400756836,73.60657501220703,0.16163571527113907,0.9273558772459656
2004-03-22,11.775293350219727,72.67210388183594,0.1620331973513004,0.9672567770335057
2004-03-23,11.919266700744629,72.54618835449219,0.16429900689615717,1.2273055802509805
2004-03-24,11.67931079864502,72.60581970214844,0.16085915490737754,0.8136516596759462
2004-03-25,11.993432998657227,73.56687927246094,0.16302761673821406,1.0639164817370181
2004-03-26,11.984705924987793,73.58673095703125,0.16286504060067433,1.0382064483952154
2004-03-29,12.102503776550293,74.62060546875,0.16218715595411032,0.950223798872446
2004-03-30,12.080689430236816,74.87246704101562,0.16135022535879492,0.8427741008729471
2004-03-31,12.311923027038574,74.95863342285156,0.16424956625857076,1.184110735364746
2004-04-01,12.416630744934082,75.40933227539062,0.1646564207675152,1.22405882941575
2004-04-02,12.420991897583008,75.97930145263672,0.16347862720646217,1.0733370278101508
2004-04-05,12.407902717590332,76.39688110351562,0.1624137338902353,0.9367193274057782
2004-04-06,12.399176597595215,76.151611328125,0.16282224868715076,0.9785020688119949
2004-04-07,12.51260757446289,75.97267150878906,0.16469879663261996,1.1966123654057095
2004-04-08,12.521336555480957,75.80038452148438,0.16518829864157206,1.24563845447693
2004-04-12,12.582418441772461,76.0986099243164,0.16534360422990985,1.2538985567591703
2004-04-13,12.390448570251465,75.03153991699219,0.16513653570164077,1.21880798085992
2004-04-14,12.342459678649902,75.1508560180664,0.16423578296543623,1.1014935568787532
2004-04-15,12.346823692321777,74.86587524414062,0.16491924594560992,1.1741529512085334
2004-04-16,12.482070922851562,75.44252014160156,0.1654514045848864,1.2281505999763498
2004-04-19,12.4253511428833,75.44252014160156,0.16469957683759215,1.12936008120121
2004-04-20,12.233389854431152,74.1766128540039,0.16492246523185397,1.1468455421598358
2004-04-21,12.194121360778809,74.67366027832031,0.16329883007380952,0.9460075411731765
2004-04-22,12.303196907043457,75.72081756591797,0.16248103629273467,0.8417589789019688
2004-04-23,12.246477127075195,75.79373168945312,0.16157638440672425,0.728128857272255
2004-04-26,12.290104866027832,75.68770599365234,0.1623791434114618,0.8175422344917348
2004-04-27,12.381723403930664,75.75397491455078,0.1634465177292286,0.9375800553017544
2004-04-28,12.041423797607422,74.77307891845703,0.16103956091923224,0.6454493148073032
2004-04-29,11.954166412353516,74.116943359375,0.16128790355520567,0.669365175706933
2004-04-30,12.010887145996094,73.54032897949219,0.1633238158255385,0.9049455536281716
2004-05-03,12.098138809204102,74.32902526855469,0.16276466381057586,0.8315478651420775
2004-05-04,12.21593952178955,74.26933288574219,0.1644816110114098,1.0281476678202566
2004-05-05,12.407902717590332,74.7466049194336,0.16599954915630374,1.1992113689209236
2004-05-06,12.176671981811523,74.10365295410156,0.16431945655032054,0.9915892013023072
2004-05-07,11.779655456542969,72.8775863647461,0.16163619082534922,0.6665298534993628
2004-05-10,11.574603080749512,72.12863159179688,0.1604716854501629,0.5226486458105991
2004-05-11,11.674946784973145,72.73839569091797,0.16050597038987025,0.5212368996622548
2004-05-12,11.69239330291748,73.20230865478516,0.1597271113136288,0.4227013882738377
2004-05-13,11.53097152709961,72.89745330810547,0.15818071830799446,0.23196909301226182
2004-05-14,11.565874099731445,72.93060302734375,0.1585873915699706,0.2754277954011931
2004-05-17,11.439352989196777,72.30757904052734,0.15820406575616627,0.22476200390017706
2004-05-18,11.48298168182373,72.67210388183594,0.1580108606803917,0.19726820150373406
2004-05-19,11.744750022888184,72.4202651977539,0.16217491044554258,0.6956095666172749
2004-05-20,11.596417427062988,72.6521987915039,0.15961550537984676,0.38080316634680317
2004-05-21,11.613868713378906,72.7781982421875,0.1595789535037798,0.3716550043381891
2004-05-24,11.788379669189453,73.08301544189453,0.16130122160273938,0.5759961784441903
2004-05-25,12.429715156555176,74.13018798828125,0.1676741351110577,1.3388736470101308
2004-05-26,12.093777656555176,74.38866424560547,0.1625755453361245,0.7147394413427068
2004-05-27,12.224662780761719,74.80621337890625,0.16341774604793471,0.8105914723777983
2004-05-28,12.1068696975708,74.79956817626953,0.16185748116941343,0.6156914592842564
2004-06-01,11.936717987060547,74.70014190673828,0.15979511795256446,0.36081889171456133
2004-06-02,12.141769409179688,74.97852325439453,0.1619366304132704,0.6155212935307794
2004-06-03,12.010887145996094,74.28926849365234,0.16167728380610405,0.5782687493037373
2004-06-04,12.277015686035156,74.87910461425781,0.16395783241907885,0.8494844205403039
2004-06-07,12.468984603881836,76.01903533935547,0.16402450449705425,0.8506994564897542
2004-06-08,12.412263870239258,76.12510681152344,0.16305085654553528,0.7258591488547911
2004-06-09,12.133045196533203,75.41597747802734,0.16088162750483742,0.4556503956850652
2004-06-10,12.181031227111816,75.78710174560547,0.1607269699796659,0.43198619677501465
2004-06-14,11.879995346069336,75.03815460205078,0.15831939643335335,0.1333341803762652
2004-06-15,12.181031227111816,75.56840515136719,0.1611921172970717,0.48229945537803093
2004-06-16,12.093777656555176,75.55512237548828,0.16006562197665977,0.34064173656661345
2004-06-17,12.242115020751953,75.44252014160156,0.16227075921872916,0.6063346366739641
2004-06-18,12.29446792602539,75.58482360839844,0.16265789002462286,0.6484601915712884
2004-06-21,12.242115020751953,75.29876708984375,0.16258055070337482,0.6341220379962669
2004-06-22,12.259563446044922,75.67793273925781,0.16199654248331882,0.557941244930815
2004-06-23,12.28574275970459,76.329833984375,0.1609559738099198,0.4259243003235404
2004-06-24,12.368638038635254,76.09032440185547,0.16255204765999978,0.6165254638150796
2004-06-25,12.290104866027832,75.72449493408203,0.16230025537610168,0.5804121641423944
2004-06-28,12.403539657592773,75.46510314941406,0.16436126288776004,0.8273689413608237
2004-06-29,12.21593952178955,75.77770233154297,0.16120757354640172,0.43495964827503
2004-06-30,12.355550765991211,76.18346405029297,0.16218153007369973,0.5498045635346075
2004-07-01,12.28574275970459,75.12584686279297,0.16353549773811948,0.7106362227512886
2004-07-02,12.351181983947754,75.08592987060547,0.16449396052272872,0.8220136364722663
2004-07-06,12.329374313354492,74.4273681640625,0.1656564596799457,0.9578094769384954
2004-07-07,12.556238174438477,74.64689636230469,0.16820844249834271,1.262815190951032
2004-07-08,12.525701522827148,74.12808990478516,0.16897375258037753,1.346711494941073
2004-07-09,12.543149948120117,74.32097625732422,0.16876998365429852,1.311060969719795
2004-07-12,12.525701522827148,74.35425567626953,0.1684597795903265,1.263055254138011
2004-07-13,12.47770881652832,74.40743255615234,0.16769438734647762,1.1593484147002031
2004-07-14,12.451533317565918,74.1812973022461,0.16785273067998643,1.1697705080666578
2004-07-15,12.407902717590332,73.70234680175781,0.16835152822154642,1.2222016756842766
2004-07-16,12.495156288146973,73.64244842529297,0.1696732870149308,1.375152407776037
2004-07-19,12.543149948120117,73.3298568725586,0.17105106273313891,1.532348882301003
2004-07-20,12.412263870239258,74.2611083984375,0.16714353095355117,1.0411561165726788
2004-07-21,12.277015686035156,72.89082336425781,0.16843019627701475,1.191121406466894
2004-07-22,12.346823692321777,73.0903549194336,0.1689254855299512,1.2425166626968354
2004-07-23,11.958529472351074,72.4783935546875,0.16499440572352012,0.7492163165332004
2004-07-26,11.792743682861328,72.33872985839844,0.16302116039285428,0.4993695809377478
2004-07-27,11.954166412353516,73.01719665527344,0.1637171373312394,0.5805074627455747
2004-07-28,11.845093727111816,73.2366714477539,0.1617371938532454,0.33010710302006
2004-07-29,11.975984573364258,73.54936218261719,0.16282921045091928,0.4607161104072623
2004-07-30,11.919266700744629,73.7289810180664,0.161663250138015,0.3107178642545966
2004-08-02,11.980344772338867,73.88197326660156,0.1621551813337205,0.367283411492124
2004-08-03,11.914902687072754,73.30989837646484,0.16252788437772372,0.4092110720515047
2004-08-04,11.897451400756836,73.30325317382812,0.16230454837445946,0.3766626601583616
2004-08-05,11.862548828125,72.10590362548828,0.16451563924277318,0.6492552407339205
2004-08-06,11.83637523651123,71.07487487792969,0.16653388777454867,0.895622137548205
2004-08-09,11.805830955505371,71.17461395263672,0.16587137323093293,0.8060027982395187
2004-08-10,11.827646255493164,72.09260559082031,0.16406185015178867,0.5733820811758752
2004-08-11,11.709850311279297,71.94628143310547,0.1627582423723585,0.40470937036197957
2004-08-12,11.714213371276855,71.16133117675781,0.16461487127299362,0.632412021368951
2004-08-13,11.714213371276855,71.30106353759766,0.16429226704451402,0.5860234396708207
2004-08-16,11.823284149169922,72.0394058227539,0.16412245512213117,0.5592647406353523
2004-08-17,11.875636100769043,72.44515228271484,0.16392589050575476,0.5288355664045742
2004-08-18,12.067598342895508,73.19017028808594,0.1648800418880826,0.6437368916366983
2004-08-19,12.1068696975708,72.97727966308594,0.1658991641434781,0.7666170830548014
2004-08-20,11.993432998657227,73.48951721191406,0.16319923512455545,0.41781136111328776
2004-08-23,11.919266700744629,73.30325317382812,0.162602151810095,0.3356516028374618
2004-08-24,11.884359359741211,73.40300750732422,0.16190561890199634,0.24088798291586222
2004-08-25,11.945444107055664,73.90191650390625,0.1616391654257608,0.2005619549192175
2004-08-26,11.958529472351074,73.90191650390625,0.16181622937639215,0.2174433366409147
2004-08-27,11.919266700744629,74.13470458984375,0.16077850133333552,0.07574577856231386
2004-08-30,11.941082954406738,73.52276611328125,0.16241340724325232,0.28280070961949727
2004-08-31,12.089415550231934,73.90855407714844,0.1635726162037017,0.4290637795229315
2004-09-01,12.119956970214844,74.0482406616211,0.16367650145260734,0.4364324632115228
2004-09-02,12.333735466003418,74.8863754272461,0.16469932475214985,0.5669572220650112
2004-09-03,12.23775577545166,74.58040618896484,0.16408808158599703,0.4785048601625421
2004-09-07,12.333735466003418,75.07260131835938,0.1642907698602305,0.49982609221646174
2004-09-08,12.364274978637695,74.8863754272461,0.16510713608578753,0.6051202053264358
2004-09-09,12.386090278625488,74.81990814208984,0.1655453820539738,0.6590522452441183
2004-09-10,12.442805290222168,75.20567321777344,0.16545035444588702,0.6398618267804056
2004-09-13,12.486432075500488,75.4517822265625,0.1654888951198914,0.6391484546313849
2004-09-14,12.499519348144531,75.60478973388672,0.1653270830081039,0.6106364931950777
2004-09-15,12.364274978637695,75.03270721435547,0.16478513754428586,0.5284919204042594
2004-09-16,12.442805290222168,75.25888061523438,0.16533338243278917,0.5999406818377571
2004-09-17,12.451533317565918,75.57884216308594,0.1647489292135183,0.5106722975578538
2004-09-20,12.233389854431152,75.12458801269531,0.16284135697840807,0.23031603270072187
2004-09-21,12.516972541809082,75.4519271850586,0.16589334439542006,0.6653300877646515
2004-09-22,12.307558059692383,74.5101089477539,0.16517970827720005,0.5554761502470066
2004-09-23,12.303196907043457,74.10932159423828,0.16601416181361972,0.6722283546284125
2004-09-24,12.281375885009766,74.44996643066406,0.16496146974690074,0.5104262956365848
2004-09-27,12.21157455444336,73.97574615478516,0.16507538198928254,0.5212932380193394
2004-09-28,12.359912872314453,74.32975769042969,0.1662848535547675,0.6975832483661814
2004-09-29,12.420991897583008,74.70379638671875,0.1662698885245848,0.6897887808544773
2004-09-30,12.516972541809082,74.65037536621094,0.16767460954355295,0.8995043173649909
2004-10-01,12.752565383911133,75.91278839111328,0.16798968466562098,0.9425457805582603
2004-10-04,12.791828155517578,76.03972625732422,0.16822559450344493,0.9767981133566006
2004-10-05,12.883451461791992,76.07975006103516,0.1693414009832605,1.1492723180686266
2004-10-06,12.961980819702148,76.60076904296875,0.1692147609174942,1.1246357579199582
2004-10-07,12.97507095336914,75.77922058105469,0.17122201645622356,1.44067285014862
2004-10-08,13.0143404006958,75.15132904052734,0.1731751196798858,1.7468888068949846
2004-10-11,13.127768516540527,75.45858764648438,0.17397315436173755,1.8656737653606525
2004-10-12,12.866000175476074,75.1646957397461,0.1711707876796833,1.4039347864859213
2004-10-13,12.787470817565918,74.50343322753906,0.17163599398851895,1.4740669879710806
2004-10-14,12.787470817565918,73.90226745605469,0.1730321850431703,1.6954430167409387
2004-10-15,13.023064613342285,74.31639099121094,0.17523811960785965,2.050061497092282
2004-10-18,13.088505744934082,74.59693908691406,0.17545633782217873,2.0781281540160625
2004-10-19,13.088505744934082,73.96906280517578,0.17694567496964758,2.3146038525597854
2004-10-20,13.17140007019043,73.8221206665039,0.17842077620193358,2.545486634002543
2004-10-21,13.32409954071045,74.30301666259766,0.17932111156689387,2.6749010446118033
2004-10-22,13.32409954071045,73.46810913085938,0.1813589555840879,2.9754282399486
2004-10-25,13.31536865234375,73.38123321533203,0.1814546862856712,2.9565775579418614
2004-10-26,13.319734573364258,74.50343322753906,0.1787801447040003,2.4955252721603887
2004-10-27,13.437529563903809,75.39849090576172,0.17822013945476664,2.386850917069176
2004-10-28,13.63386058807373,75.62556457519531,0.1802811081762892,2.7085872633734005
2004-10-29,13.677485466003418,75.61219787597656,0.18088993377018361,2.787897476442808
2004-11-01,13.73420524597168,75.81927490234375,0.18114398038838436,2.8021111180154845
2004-11-02,13.721116065979004,75.84601593017578,0.18090753875075957,2.7402654990889688
2004-11-03,13.812736511230469,76.80118560791016,0.17985056352838155,2.5502099735757007
2004-11-04,14.039605140686035,77.849853515625,0.18034208809228125,2.6171558324506545
2004-11-05,14.061412811279297,78.33748626708984,0.17949788129960204,2.4654987060777898
2004-11-08,14.000338554382324,78.22390747070312,0.1789777448745553,2.3721218084293954
2004-11-09,13.969796180725098,78.07028198242188,0.17893871811389775,2.351081094423043
2004-11-10,13.869450569152832,78.13040161132812,0.17751669367000797,2.1016231130476974
2004-11-11,14.061412811279297,78.72489166259766,0.17861457176142295,2.2790455335466304
2004-11-12,14.096322059631348,79.34608459472656,0.17765617713376378,2.1028801222856845
2004-11-15,14.009065628051758,79.5410385131836,0.17612374555217575,1.8345248643463055
2004-11-16,13.926167488098145,78.9715805053711,0.1763440391971259,1.8582349918749432
2004-11-17,14.18794059753418,79.4405288696289,0.17859826463162437,2.233306370273379
2004-11-18,14.305737495422363,79.54769897460938,0.17983848282008225,2.4193229901118296
2004-11-19,14.31446361541748,78.66339874267578,0.18197107986959787,2.7466975327668934
2004-11-22,14.323190689086914,79.03858184814453,0.18121770854398442,2.5841995982871815
2004-11-23,14.279561042785645,79.1591567993164,0.18039051475733958,2.416514753169295
2004-11-24,14.488978385925293,79.34674072265625,0.18260332124502987,2.754116427635401
2004-11-26,14.707113265991211,79.28645324707031,0.18549339343205706,3.1820290523002406
2004-11-29,14.755108833312988,78.92466735839844,0.18695180261336744,3.359602425641629
2004-11-30,14.746383666992188,78.97828674316406,0.1867144030985017,3.2547247010941196
2004-12-01,14.83799934387207,79.8759994506836,0.18576292560862703,3.0437135124226016
2004-12-02,14.859821319580078,79.94297790527344,0.185880257515399,3.0037402503291206
2004-12-03,15.008150100708008,79.8893814086914,0.1878616386316796,3.2402142572255506
2004-12-06,15.043050765991211,79.86262512207031,0.1883615864492039,3.247156369526324
2004-12-07,14.986334800720215,79.11896514892578,0.18941520244244106,3.3260174010891355
2004-12-08,14.881629943847656,79.58123779296875,0.18699922691027174,2.909659676976891
2004-12-09,14.955799102783203,79.86262512207031,0.1872690645959009,2.8911935109077964
2004-12-10,14.798739433288574,79.94297790527344,0.1851161893271476,2.5367294054004947
2004-12-13,15.07359504699707,80.63972473144531,0.18692517983161158,2.7465428575759483
2004-12-14,15.086684226989746,80.92108154296875,0.18643700676416172,2.630877622760071
2004-12-15,15.18266773223877,80.98137664794922,0.18748344817898643,2.7262389744421798
2004-12-16,15.03432846069336,80.93447875976562,0.18575925478335528,2.4472693666258762
2004-12-17,15.029966354370117,80.39463806152344,0.18695234802684435,2.566167586642857
2004-12-20,15.160847663879395,80.41485595703125,0.1885329207327116,2.7275477487511397
2004-12-21,15.269918441772461,81.03409576416016,0.18843819132891534,2.6652705900741287
2004-12-22,15.3659029006958,81.22931671142578,0.18916695994482519,2.709894093298151
2004-12-23,15.57946491241455,81.28990936279297,0.19165312195003376,2.967562239709364
2004-12-27,15.69045639038086,81.12163543701172,0.19341888641488228,3.1179541600615117
2004-12-28,15.725977897644043,81.56585693359375,0.19280098914975213,2.973818496462398
2004-12-29,15.78368854522705,81.68701171875,0.1932215197144266,2.9598803557780253
2004-12-30,15.828092575073242,81.53218841552734,0.19413305202119255,3.0025031237003863
2004-12-31,15.672703742980957,81.35719299316406,0.1926406647817586,2.769856890156592
2005-01-03,15.592782974243164,80.9735336303711,0.19256641368056476,2.7089518908656283
2005-01-04,15.295309066772461,79.98408508300781,0.1912294058361601,2.511849826104448
2005-01-05,15.210958480834961,79.43212890625,0.1914962961497323,2.500242331415083
2005-01-06,15.281993865966797,79.83598327636719,0.19141736894584635,2.450865436703911
2005-01-07,14.953447341918945,79.72156524658203,0.18757092005992765,1.9985138999338288
2005-01-10,15.05999755859375,80.09852600097656,0.18801841070596154,2.023332139249021
2005-01-11,14.98007869720459,79.54655456542969,0.18831838511475663,2.031125737006274
2005-01-12,15.170994758605957,79.8091049194336,0.1900910275077124,2.193558062562233
2005-01-13,15.162113189697266,79.16964721679688,0.19151421943535482,2.311708462423927
2005-01-14,15.086640357971191,79.58696746826172,0.18956169380354332,2.076727581937142
2005-01-18,15.175435066223145,80.41485595703125,0.18871432256661583,1.963269452761868
2005-01-19,15.077756881713867,79.57350158691406,0.18948213388907117,2.018050570032158
2005-01-20,14.851325035095215,79.0888671875,0.18778022196077765,1.8210385502661406
2005-01-21,14.84688949584961,78.60423278808594,0.18888155216623342,1.9124594643747599
2005-01-24,14.829132080078125,78.44940185546875,0.189027981467578,1.904982292284701
2005-01-25,14.83800220489502,78.67151641845703,0.18860704458740918,1.8411383066327787
2005-01-26,15.16655158996582,78.90717315673828,0.19220751400939867,2.174749093122111
2005-01-27,15.104397773742676,79.04173278808594,0.19109396063264672,2.037105791232345
2005-01-28,15.224270820617676,79.04173278808594,0.19261053981995255,2.157853486733584
2005-01-31,15.419625282287598,79.53306579589844,0.19387691305473095,2.249749151575589
2005-02-01,15.521739959716797,80.03790283203125,0.19392986835613316,2.2232190135263874
2005-02-02,15.53062629699707,80.28024291992188,0.19345514826715954,2.1477221061498133
2005-02-03,15.441824913024902,80.0715560913086,0.19285031622735058,2.0627331022943154
2005-02-04,15.570577621459961,80.92640686035156,0.19240416355478257,1.995256047835108
2005-02-07,15.419625282287598,80.8187026977539,0.1907927839420285,1.8227284861283952
2005-02-08,15.468466758728027,80.91295623779297,0.1911741639159513,1.8380604850074
2005-02-09,15.468466758728027,80.30717468261719,0.19261624904451083,1.9494489892931743
2005-02-10,15.592782974243164,80.59659576416016,0.19346701714139883,2.0040638928409513
2005-02-11,15.805893898010254,81.28990936279297,0.1944385720430479,2.067487523120157
2005-02-14,15.90800952911377,81.22931671142578,0.19584074042661664,2.165608850157669
2005-02-15,16.04564666748047,81.53218841552734,0.1968013735348807,2.2211197674248973
2005-02-16,15.983492851257324,81.5860366821289,0.19590966176640426,2.114165733287137
2005-02-17,15.992371559143066,80.92640686035156,0.19761623158111868,2.233778902408579
2005-02-18,15.956850051879883,81.03409576416016,0.19691526019270145,2.1432177833360813
2005-02-22,15.694896697998047,79.82928466796875,0.19660575393199753,2.0889452567212956
2005-02-23,15.725977897644043,80.4013900756836,0.195593358309363,1.9778254598074876
2005-02-24,15.792574882507324,80.93315124511719,0.19513110066204314,1.9156556443749195
2005-02-25,15.987927436828613,81.73412322998047,0.1956089672833753,1.9327261649656216
2005-02-28,15.868054389953613,81.19567108154297,0.19542980775437752,1.895440901067654
2005-03-01,16.00124740600586,81.59950256347656,0.19609491361247489,1.9278249978422004
2005-03-02,15.779253005981445,81.55912017822266,0.19347012291820567,1.6926359334485195
2005-03-03,15.73929500579834,81.59278106689453,0.19290058262500387,1.6292578474414845
2005-03-04,16.16107940673828,82.60914611816406,0.19563305234533576,1.832649427005178
2005-03-07,16.03232765197754,82.64954376220703,0.19397962677331324,1.6803879897405707
2005-03-08,16.16107940673828,82.33989715576172,0.19627276648362213,1.8454190590718824
2005-03-09,16.081165313720703,81.42454528808594,0.19749776012656106,1.9210860986178588
2005-03-10,15.934650421142578,81.60623168945312,0.19526266672600187,1.7239090256962297
2005-03-11,15.90800952911377,81.03409576416016,0.19631254448019128,1.7876882085545371
2005-03-14,15.845854759216309,81.53895568847656,0.19433477686121153,1.6150810028773999
2005-03-15,15.765935897827148,80.86581420898438,0.19496416442531184,1.648964613657687
2005-03-16,15.699338912963867,80.17926788330078,0.19580297160874455,1.6976869159905046
2005-03-17,15.797011375427246,80.3408203125,0.19662496989677156,1.7435624390158204
2005-03-18,15.641622543334961,80.10230255126953,0.19527057331870742,1.6220168051666517
2005-03-21,15.446269035339355,79.80496215820312,0.19355023318874714,1.4750542689504722
2005-03-22,15.335272789001465,78.9940414428711,0.1941320194396183,1.5061976747566255
2005-03-23,15.255350112915039,79.06160736083984,0.19295522342834628,1.4027509941347318
2005-03-24,15.370790481567383,79.15626525878906,0.19418286640122523,1.4839807931484137
2005-03-28,15.28642749786377,79.2710952758789,0.19283734436447503,1.368572724889473
2005-03-29,15.268674850463867,78.74402618408203,0.1939026436719133,1.437377468335524
2005-03-30,15.36634635925293,79.8590087890625,0.19241844586177115,1.3126441601494983
2005-03-31,15.304190635681152,79.71035766601562,0.19199751555256248,1.2699422993167726
2005-04-01,15.210958480834961,79.3521728515625,0.19168924976117332,1.2360870813593843
2005-04-04,15.042240142822266,79.48735809326172,0.1892406604478332,1.041175497594928
2005-04-05,15.202073097229004,79.86576080322266,0.19034531123649656,1.1162904698939287
2005-04-06,15.353034019470215,80.14280700683594,0.19157095431110427,1.1997380331699106
2005-04-07,15.41518783569336,80.5752944946289,0.1913140737787924,1.1706735292438726
2005-04-08,15.397429466247559,79.73738098144531,0.19310177079719362,1.2954405663337336
2005-04-11,15.464027404785156,79.79821014404297,0.1937891511209486,1.3359707667566403
2005-04-12,15.464027404785156,80.21041107177734,0.19279326957877035,1.2501299703752908
2005-04-13,15.361907958984375,79.2643814086914,0.19380594014577054,1.315298734068895
2005-04-14,15.281993865966797,78.2304916381836,0.1953457474950572,1.4186755514136982
2005-04-15,15.055559158325195,77.13577270507812,0.19518258040778055,1.3940434340905399
2005-04-18,15.002281188964844,77.37232208251953,0.19389725918997924,1.2866921517732095
2005-04-19,15.15767765045166,77.98725891113281,0.1943609489817301,1.310199831533647
2005-04-20,14.944561958312988,76.8992919921875,0.19433939599640612,1.2975373664368535
2005-04-21,15.12215805053711,78.39266204833984,0.19290272399746064,1.1807587824276753
2005-04-22,15.135476112365723,78.0953369140625,0.19380768059200604,1.2380718389691852
2005-04-25,15.15767765045166,78.60890197753906,0.19282393302965442,1.1555980557731391
2005-04-26,15.020041465759277,77.84532165527344,0.19294725933914594,1.1555206411558887
2005-04-27,14.806929588317871,78.14938354492188,0.18946956350342217,0.8893553053402509
2005-04-28,14.629331588745117,77.16957092285156,0.18957383608327227,0.8899722625702334
2005-04-29,14.851325035095215,78.2169418334961,0.18987350677440057,0.9050904312398116
2005-05-02,15.046680450439453,78.65620422363281,0.19129680358918938,1.003470264065277
2005-05-03,15.082200050354004,78.79133605957031,0.19141952408258547,1.0046805529928275
2005-05-04,15.295309066772461,79.3995361328125,0.19263725975914803,1.0870462846002908
2005-05-05,15.233152389526367,79.37248992919922,0.1919197999598405,1.0252349494366892
2005-05-06,15.188753128051758,79.12244415283203,0.1919651660243626,1.0204979706433592
2005-05-09,15.179875373840332,79.61573791503906,0.19066425522601255,0.9159770720365616
2005-05-10,15.037795066833496,78.79133605957031,0.19085594709885548,0.9230680425823891
2005-05-11,15.020041465759277,79.22384643554688,0.1895899043222919,0.8213819116301372
2005-05-12,14.913482666015625,78.35211181640625,0.19033925595982304,0.8707901901168381
2005-05-13,14.895723342895508,78.19669342041016,0.19049045031624787,0.8754134687731655
2005-05-16,14.98007869720459,78.92650604248047,0.18979781886128202,0.8164638057220436
2005-05-17,14.98007869720459,79.45358276367188,0.1885387439577344,0.7146678229534569
2005-05-18,15.215400695800781,80.27122497558594,0.18954987544326704,0.7852671334471614
2005-05-19,15.273113250732422,80.60909271240234,0.18947134543771552,0.7727065462290291
2005-05-20,15.202073097229004,80.4942398071289,0.18885914238900167,0.7194630760498218
2005-05-23,15.246478080749512,80.9402084350586,0.18836717097142566,0.6754027428206408
2005-05-24,15.099954605102539,80.75101470947266,0.18699399208083523,0.5634121259920816
2005-05-25,15.153237342834473,80.690185546875,0.1877952967902344,0.6199080254733056
2005-05-26,15.153237342834473,81.12263488769531,0.18679419577300882,0.5364345372883365
2005-05-27,15.117716789245605,81.25782012939453,0.1860463000997594,0.47262482623137614
2005-05-31,14.882401466369629,80.73750305175781,0.18433071254171776,0.3331129713631135
2005-06-01,14.864643096923828,81.42671203613281,0.18255241707816589,0.18774272813499288
2005-06-02,15.046680450439453,81.60246276855469,0.18439002868229187,0.3266097175671108
2005-06-03,14.873523712158203,81.19023132324219,0.18319351318192864,0.2262956472031391
2005-06-06,14.917922973632812,81.11589050292969,0.18390876166358572,0.27765456460174265
2005-06-07,14.984521865844727,81.17671966552734,0.18459136963880152,0.32653219876729317
2005-06-08,14.85576343536377,81.02803802490234,0.18334102364416313,0.22110755178288286
2005-06-09,14.95788288116455,81.41322326660156,0.18372792871966753,0.2460517867543435
2005-06-10,14.913482666015625,81.2239990234375,0.18360931307645026,0.2303524616960048
2005-06-13,14.895723342895508,81.48080444335938,0.18281266912687555,0.15903921191128717
2005-06-14,14.833563804626465,81.67000579833984,0.18162804887333553,0.05618705607653754
2005-06-15,14.931243896484375,81.82540893554688,0.1824768625140093,0.11912409109438549
2005-06-16,14.975639343261719,82.03489685058594,0.18255205916254838,0.11925649591708516
2005-06-17,15.242032051086426,82.3388442993164,0.18511350482014197,0.32538248839907163
2005-06-20,15.03335952758789,82.3659896850586,0.18251901768036402,0.10355011119224808
2005-06-21,15.153237342834473,82.4134521484375,0.18386849413299047,0.21013064979633994
2005-06-22,15.139913558959961,82.48133850097656,0.1835556240249509,0.17735621562012416
2005-06-23,15.073315620422363,81.32118225097656,0.18535534289089056,0.3233360736269306
2005-06-24,14.988956451416016,80.72409057617188,0.18568132938298415,0.344898874185372
2005-06-27,14.962321281433105,80.83940124511719,0.18508698791651243,0.28837315024418886
2005-06-28,14.98007869720459,81.51791381835938,0.18376425494135737,0.16839090413825064
2005-06-29,15.051126480102539,81.30077362060547,0.1851289453940432,0.27976799462402185
2005-06-30,15.139913558959961,80.85980987548828,0.18723657132354266,0.45648756178350064
2005-07-01,15.05999755859375,81.09725952148438,0.18570291582546064,0.31696952112665816
2005-07-05,15.024478912353516,81.7485580444336,0.18378891654807064,0.14378291036191365
2005-07-06,15.077756881713867,81.06336975097656,0.1859996312518482,0.3327457525530866
2005-07-07,14.993402481079102,81.38220977783203,0.18423439867275765,0.17233915175053632
2005-07-08,15.15767765045166,82.31172180175781,0.18414968510752205,0.1599118775707998
2005-07-11,15.388551712036133,82.73236083984375,0.1860040201418383,0.3189256624095427
2005-07-12,15.663817405700684,82.94950866699219,0.18883556584505404,0.5646120774552865
2005-07-13,15.52618408203125,83.06482696533203,0.18691646812809548,0.38810304254225036
2005-07-14,15.57946491241455,83.39047241210938,0.18682547852016018,0.37452694991552393
2005-07-15,15.4906587600708,83.34294891357422,0.18586645855469375,0.2835277374093642
2005-07-18,15.432948112487793,83.01055145263672,0.1859154992036568,0.28321127118510836
2005-07-19,15.517305374145508,83.465087890625,0.18591372472380094,0.27740250039491704
2005-07-20,15.73929500579834,83.75004577636719,0.18793177794584198,0.4541818407321401
2005-07-21,15.668259620666504,83.26156616210938,0.18818117821805766,0.47117687405114567
2005-07-22,15.566143035888672,83.81791687011719,0.18571379028674384,0.2406408161593815
2005-07-25,15.539505958557129,83.58042907714844,0.1859227827630973,0.2531110970760853
2005-07-26,15.592782974243164,83.68219757080078,0.18633333524792556,0.2844096721483202
2005-07-27,15.748176574707031,83.98751831054688,0.18750615438448343,0.3864964523061785
2005-07-28,15.903573036193848,84.5167465209961,0.18817067256893283,0.44220172739961583
2005-07-29,15.792574882507324,83.95360565185547,0.18811073997223002,0.4301768206193535
2005-08-01,15.872491836547852,83.89253997802734,0.1892002774109007,0.5272798944047105
2005-08-02,15.939090728759766,84.39461517333984,0.18886383563716877,0.48895761216217426
2005-08-03,16.116683959960938,84.61851501464844,0.19046285505212368,0.6369816092311195
2005-08-04,16.058963775634766,83.94002532958984,0.19131473587933018,0.7135956131961818
2005-08-05,15.987927436828613,83.3701171875,0.19177048055326165,0.7518130480992489
2005-08-08,16.014564514160156,83.2140884399414,0.19245015855360167,0.8122221530684491
2005-08-09,16.187715530395508,83.71614074707031,0.19336433077228307,0.8964737686530502
2005-08-10,16.22768211364746,83.67542266845703,0.19393606385408532,0.947895690304968
2005-08-11,16.42747688293457,84.00788879394531,0.19554683635995082,1.1025188674862716
2005-08-12,16.320920944213867,83.49227142333984,0.19547822410364363,1.0896982416847516
2005-08-15,16.294281005859375,84.00788879394531,0.19396132005919128,0.930968498618624
2005-08-16,16.098926544189453,82.91558074951172,0.19416045089070016,0.9459157530128913
2005-08-17,15.970166206359863,82.90876007080078,0.1926233873564383,0.7828085544166593
2005-08-18,15.810332298278809,82.9020004272461,0.19071110729292698,0.5794073494209764
2005-08-19,15.859173774719238,83.09196472167969,0.19086290506958478,0.5895371010494785
2005-08-22,15.965729713439941,83.09196472167969,0.1921452906658048,0.7193151553113281
2005-08-23,15.899129867553711,82.93588256835938,0.1917038726205024,0.6676736902611061
2005-08-24,15.83697509765625,82.19637298583984,0.1926724321568851,0.7676462506958597
2005-08-25,15.872491836547852,82.4948959350586,0.19240574409649477,0.7345823262324441
2005-08-26,15.699338912963867,81.93179321289062,0.19161473583485333,0.6433476336002585
2005-08-29,15.770376205444336,82.56275177001953,0.19101078715705946,0.5707741267979576
2005-08-30,15.668259620666504,82.12850952148438,0.19077735261429252,0.5388111120120224
2005-08-31,15.956850051879883,83.16654968261719,0.19186620237072377,0.6588398930863985
2005-09-01,16.285400390625,83.10554504394531,0.19596045464852505,1.1304042330757507
2005-09-02,16.36531639099121,82.95624542236328,0.19727648361698227,1.2824019507167528
2005-09-06,16.7160701751709,83.92646026611328,0.19917520793999569,1.5047580449700602
2005-09-07,16.684986114501953,84.06893920898438,0.19846790350268678,1.4175735264834348
2005-09-08,16.649471282958984,83.7907943725586,0.19870286954113983,1.44298684663729
2005-09-09,16.795988082885742,84.53707885742188,0.19868190751200945,1.43810278098814
2005-09-12,16.573989868164062,84.36747741699219,0.19644998731259858,1.1620602992288218
2005-09-13,16.458555221557617,83.89929962158203,0.1961703529802037,1.1258833123628331
2005-09-14,16.471874237060547,83.59400177001953,0.19704612637611615,1.2360419457258105
2005-09-15,16.431917190551758,83.55331420898438,0.19666385883212345,1.1870094841792147
2005-09-16,16.63614845275879,84.1474609375,0.19770232241606414,1.3226186271459515
2005-09-19,16.39640235900879,83.86808013916016,0.19550229755829224,1.037409328658787
2005-09-20,16.35199737548828,83.15950012207031,0.19663414704856438,1.1893027100669336
2005-09-21,16.418594360351562,82.38274383544922,0.1992965224992501,1.5537589979130515
2005-09-22,16.467439651489258,82.67574310302734,0.19918102980904767,1.5409298071983104
2005-09-23,16.449678421020508,82.74388885498047,0.19880233632541408,1.494327709572725
2005-09-26,16.516277313232422,82.83928680419922,0.19937734799999743,1.5832119144809127
2005-09-27,16.454111099243164,82.8188247680664,0.19867597910647486,1.4876304512616987
2005-09-28,16.649471282958984,82.90057373046875,0.20083662312266656,1.8111612655736558
2005-09-29,16.8714599609375,83.57513427734375,0.2018717661278249,1.9684841479487794
2005-09-30,16.75602149963379,83.83404541015625,0.19987132217770617,1.6722352571215215
2005-10-03,16.63614845275879,83.53421783447266,0.19915369873605773,1.5679402107701703
2005-10-04,16.54291343688965,82.59395599365234,0.20029205815206422,1.7477613214524286
2005-10-05,16.54291343688965,81.51058197021484,0.2029541813716245,2.1676039324611045
2005-10-06,16.74271011352539,81.2176284790039,0.20614625700199626,2.658669789312243
2005-10-07,16.720502853393555,81.49696350097656,0.20516718826209024,2.485329210218434
2005-10-10,16.71162986755371,80.80879211425781,0.20680459923128997,2.7185437584087415
2005-10-11,16.693866729736328,80.69296264648438,0.2068813212729852,2.7154359191959347
2005-10-12,16.49407196044922,80.05935668945312,0.20602303893633606,2.566575586098732
2005-10-13,16.374197006225586,80.0115966796875,0.20464779714091738,2.3356136017498397
2005-10-14,16.627267837524414,80.85652160644531,0.2056391680865852,2.473223577147186
2005-10-17,16.507394790649414,81.15628051757812,0.2034025547421925,2.1018101909515727
2005-10-18,16.20104217529297,80.27735900878906,0.20181334283205826,1.8351440636811398
2005-10-19,16.316476821899414,81.6128158569336,0.19992542409640693,1.521483572099711
2005-10-20,15.92133617401123,80.17514038085938,0.1985819556832633,1.2961165485725603
2005-10-21,16.050086975097656,80.48858642578125,0.1994082352272081,1.4191528924869905
2005-10-24,16.378633499145508,81.73546600341797,0.200385882652955,1.5648997191921925
2005-10-25,16.29871368408203,81.57191467285156,0.19980790875694013,1.46242308058445
2005-10-26,16.22768211364746,81.33345031738281,0.19952039474930816,1.408204862187168
2005-10-27,16.138883590698242,80.4681167602539,0.20056246176087741,1.5671410814336215
2005-10-28,16.192157745361328,81.62645721435547,0.19836898841315445,1.1999896093176836
2005-10-31,16.214365005493164,81.85128784179688,0.1980954171036683,1.1471390391476242
2005-11-01,16.076725006103516,82.09656524658203,0.1958270112496923,0.7677045940353916
2005-11-02,16.22768211364746,82.95507049560547,0.1956201352936843,0.7275331439665053
2005-11-03,16.036767959594727,83.30937194824219,0.19249656532710302,0.201594262518269
2005-11-04,15.859173774719238,83.20038604736328,0.1906141849593237,-0.12169391966198248
2005-11-07,15.894689559936523,83.28215026855469,0.19085349632162382,-0.09006938006117052
2005-11-08,15.828092575073242,83.28215026855469,0.19005384135776265,-0.23570185965924953
2005-11-09,15.899129867553711,83.39117431640625,0.19065722479489944,-0.14271747306729907
2005-11-10,15.894689559936523,84.03841400146484,0.18913600106326933,-0.41813739046529885
2005-11-11,15.934650421142578,84.3246078491211,0.1889679753940138,-0.46074998026069386
2005-11-14,15.859173774719238,84.27689361572266,0.18817938220447838,-0.617972349147087
2005-11-15,15.725977897644043,83.97029876708984,0.1872802422826137,-0.7987199184608056
2005-11-16,15.712656021118164,84.14061737060547,0.186742818297972,-0.9116028487612015
2005-11-17,15.912449836730957,84.92420959472656,0.18737236310668062,-0.8077910803035793
2005-11-18,15.979046821594238,85.2580795288086,0.18741973675579848,-0.8072739714049165
2005-11-21,16.010129928588867,85.68731689453125,0.18684363694448541,-0.9246724208108889
2005-11-22,16.107807159423828,86.05522918701172,0.1871798763607845,-0.8732321800667016
2005-11-23,16.236562728881836,86.55264282226562,0.18759176149275233,-0.8028129308083718
2005-11-25,16.12556266784668,86.62078857421875,0.18616273221791227,-1.0759132222678671
2005-11-28,16.22768211364746,86.007568359375,0.18867737366834428,-0.5989517056665995
2005-11-29,16.152204513549805,85.91216278076172,0.1880083563344626,-0.7280673851560449
2005-11-30,16.07228660583496,85.44883728027344,0.1880925138058652,-0.7149602817373855
2005-12-01,16.258758544921875,86.32099151611328,0.1883523145339092,-0.668323994313372
2005-12-02,16.12556266784668,86.43000793457031,0.1865736571498887,-1.0069445399037136
2005-12-05,15.99680233001709,86.24604797363281,0.1854786706853819,-1.2116805839047153
2005-12-06,16.00124740600586,86.4095230102539,0.1851792122970873,-1.2621240352741094
2005-12-07,15.797011375427246,85.90534210205078,0.1838885800217322,-1.5011450919604674
2005-12-08,15.894689559936523,85.85087585449219,0.18514300991962246,-1.2593171875966533
2005-12-09,16.036767959594727,86.07569885253906,0.18631005235366352,-1.040175664190632
2005-12-12,16.192157745361328,86.157470703125,0.18793678149112641,-0.7328644684300162
2005-12-13,16.27652359008789,86.743408203125,0.1876398901916966,-0.7907667993253086
2005-12-14,16.316476821899414,87.08407592773438,0.18736464328380126,-0.8428954987483819
2005-12-15,16.143329620361328,86.8320083618164,0.18591450232377915,-1.1185852088982764
2005-12-16,16.316476821899414,86.55250549316406,0.1885153610392953,-0.6262925239471537
2005-12-19,16.26319694519043,86.1072998046875,0.1888712917729316,-0.5589599685913458
2005-12-20,16.192157745361328,86.18949890136719,0.1878669437896509,-0.7492873659393882
2005-12-21,16.26319694519043,86.32648468017578,0.18839174333859038,-0.6487190389681724
2005-12-22,16.38307762145996,86.77857971191406,0.18879172343968065,-0.5701805857656984
2005-12-23,16.392587661743164,86.8265151977539,0.1887970238631346,-0.56543669281431
2005-12-27,16.415246963500977,85.94290924072266,0.19100176045382086,-0.14556744318008066
2005-12-28,16.446958541870117,86.13467407226562,0.19094468887258317,-0.1547025201323562
2005-12-29,16.437904357910156,85.75110626220703,0.19169320460597733,-0.010760596384468978
2005-12-30,16.388057708740234,85.28536987304688,0.1921555564938627,0.07742318842443029
2006-01-03,16.91817283630371,86.78541564941406,0.19494258003727075,0.604583332728645
2006-01-04,17.06768226623535,87.19638061523438,0.1957384256755882,0.7514110932540454
2006-01-05,17.026905059814453,87.25120544433594,0.195148078162395,0.6362224203988942
2006-01-06,17.217201232910156,87.97725677490234,0.19570059199460949,0.736879813066583
2006-01-09,17.117528915405273,88.20330810546875,0.1940690126376786,0.4236292756657531
2006-01-10,17.004255294799805,88.2923355102539,0.19259038960210767,0.1402562152175123
2006-01-11,17.203611373901367,88.57318115234375,0.19423047868532087,0.4470050703459058
2006-01-12,17.01784896850586,88.22383117675781,0.192894014480173,0.19139376313200077
2006-01-13,17.022375106811523,88.14164733886719,0.19312522083196065,0.23402483609290808
2006-01-17,16.91364097595215,87.9018783569336,0.19241501196678376,0.09717674550464718
2006-01-18,16.741466522216797,87.55258178710938,0.19121613755405775,-0.13232694736113856
2006-01-19,16.95441436767578,87.88819885253906,0.1929088841167664,0.18663766220319816
2006-01-20,16.673507690429688,86.28539276123047,0.1932367363334456,0.24508566873485718
2006-01-23,16.9725399017334,86.59363555908203,0.19600216334782702,0.7653125446874651
2006-01-24,16.945356369018555,86.68267059326172,0.19548724390980868,0.6623861757717018
2006-01-25,17.09033966064453,86.75801086425781,0.1969886064744407,0.9405253494372974
2006-01-26,17.262516021728516,87.23751068115234,0.19787951177128305,1.1027259268926184
2006-01-27,17.22173500061035,88.04576873779297,0.19559980277868882,0.666975171225732
2006-01-30,17.271574020385742,87.97725677490234,0.1963186243073776,0.7992281438123232
2006-01-31,17.43468475341797,87.33338928222656,0.19963366699391508,1.4161372207257952
2006-02-01,17.48904800415039,87.94300842285156,0.1988679750419585,1.2644968873049158
2006-02-02,17.36219024658203,86.92241668701172,0.1997435288655102,1.418624999192067
2006-02-03,17.330474853515625,86.49089813232422,0.2003733945160492,1.523760569830382
2006-02-06,17.267045974731445,86.71692657470703,0.1991196719807154,1.2811991883087492
2006-02-07,17.1628360748291,85.94976806640625,0.1996844955017075,1.374417838428361
2006-02-08,17.36219024658203,86.7306137084961,0.2001852575947037,1.4543029919310262
2006-02-09,17.45280647277832,86.5867919921875,0.20156430410717885,1.6918792224062482
2006-02-10,17.493581771850586,86.74433135986328,0.20166829921459156,1.6952782342976533
2006-02-13,17.43468475341797,86.5867919921875,0.20135501445752899,1.6250852294474356
2006-02-14,17.60685920715332,87.50460815429688,0.20121065139914857,1.5882641866192242
2006-02-15,17.50717544555664,87.81285858154297,0.19936915536463817,1.2520237654621462
2006-02-16,17.624980926513672,88.47044372558594,0.19921885981698167,1.2199341252428115
2006-02-17,17.747310638427734,88.23072052001953,0.2011466134904891,1.5586929416899462
2006-02-21,17.84699249267578,88.01148986816406,0.20278025652570483,1.8368251517245493
2006-02-22,18.05088233947754,88.54578399658203,0.20385930898950902,2.0095799688651326
2006-02-23,18.05088233947754,88.41561889648438,0.2041594298017778,2.0406529851569246
2006-02-24,18.046348571777344,88.64167785644531,0.20358762388278911,1.920942062104072
2006-02-27,18.064468383789062,88.67594146728516,0.20371329680726888,1.9239217532638495
2006-02-28,18.023693084716797,87.83341979980469,0.20520313481813077,2.1556611266612054
2006-03-01,18.300073623657227,88.61428833007812,0.20651380232826042,2.348617271197472
2006-03-02,18.318201065063477,88.60743713378906,0.2067343516256393,2.3507743311495153
2006-03-03,18.23664093017578,88.1964340209961,0.20677299635305388,2.3225564607988503
2006-03-06,18.105243682861328,87.79235076904297,0.20622803153421806,2.204389684572002
2006-03-07,17.833393096923828,87.65531921386719,0.2034490691136809,1.730949294881406
2006-03-08,17.928546905517578,87.84029388427734,0.20410390394568834,1.8218272393178954
2006-03-09,17.883237838745117,87.25120544433594,0.20496264490184232,1.9438621444927786
2006-03-10,18.087127685546875,88.08003997802734,0.20534876789405332,1.9844798670888293
2006-03-13,18.20492935180664,88.2444076538086,0.2063012244722221,2.112803026474837
2006-03-14,18.43147087097168,89.16911315917969,0.20670241317830373,2.1488021076365893
2006-03-15,18.513019561767578,89.56636047363281,0.20669612412371688,2.121516546189676
2006-03-16,18.617231369018555,89.7513198852539,0.20743128226772023,2.207936026382551
2006-03-17,18.639892578125,89.82627868652344,0.2075104618680093,2.1933663996852295
2006-03-20,18.71238136291504,89.68187713623047,0.20865287347286632,2.3347432153056813
2006-03-21,18.562862396240234,89.11793518066406,0.20829547227063472,2.248671079079357
2006-03-22,18.703323364257812,89.66120910644531,0.2085999458478563,2.262263530581813
2006-03-23,18.42693519592285,89.4755630493164,0.20594377467919867,1.847770652254391
2006-03-24,18.571922302246094,89.54431915283203,0.20740480778627615,2.03824123723682
2006-03-27,18.38616371154785,89.41366577148438,0.20563035362555876,1.7605277814899956
2006-03-28,18.1777400970459,88.86351776123047,0.20455796208617474,1.5905474917603295
2006-03-29,18.372568130493164,89.42052459716797,0.20546254020830293,1.7038838811162953
2006-03-30,18.558330535888672,89.2623519897461,0.2079077026563286,2.0293746638432495
2006-03-31,18.476778030395508,89.28301239013672,0.20694617638636795,1.8708091496333548
2006-04-03,18.576459884643555,89.21421813964844,0.20822308676813742,2.0256564282490697
2006-04-04,18.821121215820312,89.78499603271484,0.20962434757988388,2.191411057914144
2006-04-05,18.89814567565918,90.0945053100586,0.20975913692651463,2.17957037724867
2006-04-06,18.76221466064453,89.99817657470703,0.20847327551208897,1.9777791701625445
2006-04-07,18.377098083496094,89.08357238769531,0.2062905380973971,1.6627638942728333
2006-04-10,18.377098083496094,89.22109985351562,0.20597255709319717,1.6045979154648298
2006-04-11,18.209457397460938,88.46465301513672,0.20583879297356442,1.5717619955000515
2006-04-12,18.150554656982422,88.62968444824219,0.2047909204458688,1.41900059730787
2006-04-13,18.11431312561035,88.5128173828125,0.20465186468155294,1.3900524299249655
2006-04-17,18.23664093017578,88.47840881347656,0.20611402459351272,1.5718857682257645
2006-04-18,18.54020881652832,89.88130950927734,0.20627435133902497,1.5787548278097816
2006-04-19,18.766756057739258,90.05323791503906,0.20839623862769707,1.8395775424152512
2006-04-20,18.707853317260742,90.1770248413086,0.20745698086826864,1.6993958516545313
2006-04-21,18.893617630004883,90.19075775146484,0.209485074757541,1.941155192136088
2006-04-24,19.106569290161133,90.02571868896484,0.21223456550425934,2.264681168436311
2006-04-25,19.102035522460938,89.65434265136719,0.21306313735121274,2.335073347259289
2006-04-26,19.160934448242188,89.67501068115234,0.2136708354166874,2.37476626821117
2006-04-27,19.242490768432617,90.10820770263672,0.21354870171132645,2.323990965790704
2006-04-28,19.364824295043945,90.41082000732422,0.2141870220121352,2.3662833693581904
2006-05-01,19.21983528137207,89.67501068115234,0.21432766091001587,2.347194693772865
2006-05-02,19.491683959960938,90.34893798828125,0.21573783150045567,2.4770958755024735
2006-05-03,19.39653778076172,90.011962890625,0.2154884435120115,2.4081682241892084
2006-05-04,19.60948371887207,90.33519744873047,0.217074676014312,2.5518401733724003
2006-05-05,19.831499099731445,91.13290405273438,0.21761074450404738,2.569029666866219
2006-05-08,19.849624633789062,91.02285766601562,0.2180729669751968,2.5765129119293357
2006-05-09,19.94477081298828,91.20170593261719,0.21868857176557785,2.59994051784406
2006-05-10,20.00367546081543,91.1535415649414,0.21945033750075432,2.6371979486814845
2006-05-11,19.854156494140625,90.05323791503906,0.22047132289537524,2.699581577950567
2006-05-12,19.491683959960938,88.87728881835938,0.2193100646870153,2.5283932681210897
2006-05-15,19.21983528137207,89.0560531616211,0.21581728135303105,2.12082961313448
2006-05-16,19.296857833862305,88.92538452148438,0.21700055543982702,2.216450938472064
2006-05-17,18.599117279052734,87.23370361328125,0.21321022160775294,1.7927444243998787
2006-05-18,18.58551597595215,86.79356384277344,0.21413472558425894,1.8691796845139341
2006-05-19,18.694257736206055,87.40562438964844,0.213879345485461,1.8217929216838744
2006-05-22,18.34992027282715,86.73857116699219,0.21155432958999554,1.5629483440908583
2006-05-23,18.417877197265625,86.07835388183594,0.2139664197406559,1.7952623967016608
2006-05-24,18.3317928314209,86.76605224609375,0.21127840159682043,1.502132450445132
2006-05-25,18.58099365234375,87.83885192871094,0.21153502401675153,1.5146200563118057
2006-05-26,18.7214412689209,88.28585052490234,0.21205483276892978,1.5538334859663352
2006-05-30,18.576459884643555,86.71793365478516,0.21421704948130407,1.7587466179502256
2006-05-31,18.798471450805664,87.68756866455078,0.21438011952092442,1.7583666611294133
2006-06-01,18.90721321105957,88.52653503417969,0.21357679032348417,1.661769127497841
2006-06-02,19.029542922973633,88.71221923828125,0.21450870112785964,1.7404172999862517
2006-06-05,18.576459884643555,87.41939544677734,0.21249815089322222,1.5227280487676995
2006-06-06,18.45865821838379,87.20616149902344,0.21166690404772023,1.4264203109797193
2006-06-07,18.39521598815918,86.5528793334961,0.21253153135761949,1.5018765616832321
2006-06-08,18.046348571777344,86.47722625732422,0.20868324936877705,1.1015742857759503
2006-06-09,18.05540657043457,86.20214080810547,0.2094542711024741,1.1715724577584674
2006-06-12,17.860580444335938,85.26687622070312,0.20946680863628636,1.1642574199857318
2006-06-13,17.425621032714844,84.276611328125,0.20676698740139687,0.8809729228379786
2006-06-14,17.6702880859375,84.92991638183594,0.2080572881585536,1.0066111102443238
2006-06-15,18.259296417236328,86.73167419433594,0.21052627643648972,1.2525853518882524
2006-06-16,18.02822494506836,86.09964752197266,0.20938790650063405,1.1271021870452098
2006-06-19,17.919479370117188,85.42273712158203,0.20977411838972596,1.158372402794099
2006-06-20,17.951200485229492,85.71285247802734,0.20943417429528807,1.1154726563028248
2006-06-21,18.34085464477539,86.34831237792969,0.21240547892240272,1.4141958984454475
2006-06-22,18.32273292541504,85.96842956542969,0.21313327483166125,1.47884820433633
2006-06-23,18.300073623657227,85.95458984375,0.21290397239895476,1.4433239655390346
2006-06-26,18.34992027282715,86.3344955444336,0.21254447781400465,1.3947282063218036
2006-06-27,18.11884117126465,85.58851623535156,0.21169710573602427,1.2966028001446304
2006-06-28,18.2502384185791,86.16871643066406,0.21179656811140055,1.2978216189652725
2006-06-29,18.90267562866211,87.90934753417969,0.21502463798076346,1.6216274234177095
2006-06-30,19.169994354248047,87.91626739501953,0.2180483194095889,1.9168774777436286
2006-07-03,19.319515228271484,88.27547454833984,0.21885484419222323,1.979798171800121
2006-07-05,19.151878356933594,87.77118682861328,0.21820234007238135,1.894733461442707
2006-07-06,19.414661407470703,88.02679443359375,0.22055399759123193,2.1136137956198344
2006-07-07,19.32857322692871,87.45347595214844,0.22101549442705568,2.137751438761891
2006-07-10,19.39200782775879,87.61927032470703,0.22132126592579712,2.1456945254801973
2006-07-11,19.39200782775879,88.0060806274414,0.22034849966619371,2.024321940662284
2006-07-12,19.015947341918945,87.06665802001953,0.21840676757739505,1.807900171507361
2006-07-13,18.662538528442383,85.65069580078125,0.21789126584389237,1.7392720860727982
2006-07-14,18.567398071289062,85.31909942626953,0.21762299644682148,1.6966508264238527
2006-07-17,18.291019439697266,85.19478607177734,0.214696465395041,1.3905121532340337
2006-07-18,18.18227195739746,85.62995147705078,0.2123354228721056,1.1435937460587384
2006-07-19,18.848310470581055,86.81798553466797,0.21710144913526688,1.6128775963449897
2006-07-20,18.73504066467285,86.22398376464844,0.21728340360393045,1.6168287128474081
2006-07-21,18.75316047668457,85.61614227294922,0.2190376718551323,1.7766770386203554
2006-07-24,19.142812728881836,87.17718505859375,0.21958512099255695,1.8153709284562043
2006-07-25,19.224369049072266,87.48799896240234,0.21973721284143063,1.8141495542748682
2006-07-26,19.3421630859375,87.60543060302734,0.2207872611640254,1.901098274247621
2006-07-27,19.333112716674805,87.52255249023438,0.22089292606990596,1.8925520811166796
2006-07-28,19.759008407592773,88.3998031616211,0.22351869236029223,2.1293541216225513
2006-07-31,19.709169387817383,88.3099594116211,0.22318172852906742,2.0720989875934896
2006-08-01,19.709169387817383,87.8748550415039,0.22428679260419382,2.154520980559832
2006-08-02,19.881338119506836,88.46884155273438,0.22472700863451453,2.170768261034194
2006-08-03,19.872282028198242,88.70368957519531,0.2240299374622094,2.0773084963768462
2006-08-04,19.908525466918945,88.55175018310547,0.22482362489451094,2.127148114996647
2006-08-07,19.813383102416992,88.34455871582031,0.22427394952700022,2.048923110631847
2006-08-08,19.76353645324707,88.0060806274414,0.2245701241589499,2.051756198720543
2006-08-09,19.881338119506836,87.70906066894531,0.22667370928242214,2.2210690363489505
2006-08-10,19.81790542602539,87.97845458984375,0.22525862176616562,2.0610879588220965
2006-08-11,19.573238372802734,87.72972106933594,0.22310840766646578,1.8385531802965955
2006-08-14,19.663860321044922,87.79885864257812,0.2239648740890228,1.8961772864494806
2006-08-15,20.107879638671875,88.84878540039062,0.2263157515103574,2.087034592598077
2006-08-16,20.334428787231445,89.58786010742188,0.22697750301044245,2.1198821622445116
2006-08-17,20.266464233398438,89.8157730102539,0.22564482333280922,1.9747531622855454
2006-08-18,20.298179626464844,90.27167510986328,0.2248565743547061,1.8828308792150927
2006-08-21,20.302709579467773,89.88483428955078,0.22587469554725526,1.9528358520013067
2006-08-22,20.2302188873291,89.8779525756836,0.22508544428950833,1.861423001925856
2006-08-23,20.135066986083984,89.62928009033203,0.2246483176679657,1.8033489900863982
2006-08-24,20.07163429260254,89.5533218383789,0.22413053899694266,1.739263994558219
2006-08-25,20.094287872314453,89.663818359375,0.22410698361936815,1.7197670439925323
2006-08-28,20.28005027770996,90.09207916259766,0.22510358808690212,1.7894892295301519
2006-08-29,20.456758499145508,90.19568634033203,0.2268041779953509,1.9184141032023536
2006-08-30,20.443164825439453,90.25093841552734,0.22651470648777522,1.8731170896364737
2006-08-31,20.36614418029785,90.23714447021484,0.22569579633606687,1.783117307585717
2006-09-01,20.502071380615234,90.77591705322266,0.22585364098932434,1.7775320269198773
2006-09-05,20.515661239624023,90.94861602783203,0.2255741993187212,1.7347446061814
2006-09-06,20.243804931640625,90.14735412597656,0.2245634952674361,1.631086821941648
2006-09-07,19.981019973754883,89.73290252685547,0.22267216830275738,1.4553496842034543
2006-09-08,20.062572479248047,89.98847198486328,0.2229460289382702,1.465258925156741
2006-09-11,20.044448852539062,90.07826232910156,0.2225225968425826,1.4164172589725812
2006-09-12,20.298179626464844,90.9623794555664,0.22314917164606676,1.4563011618017958
2006-09-13,20.316303253173828,91.3285140991211,0.22245301430311284,1.3850635573690167
2006-09-14,20.3842716217041,91.33539581298828,0.22318041587558732,1.4335087490362102
2006-09-15,20.33895492553711,91.54979705810547,0.22216275272164981,1.3361697719834527
2006-09-18,20.40238380432129,91.67464447021484,0.22255209084503227,1.3569939983087902
2006-09-19,20.26193618774414,91.44569396972656,0.2215734312700599,1.2643217501874175
2006-09-20,20.656110763549805,91.93132781982422,0.22469066044638908,1.5110340439880872
2006-09-21,20.7376651763916,91.48733520507812,0.2266725239062437,1.659341552371199
2006-09-22,20.71954345703125,91.2098388671875,0.22716346958140557,1.682593127198488
2006-09-25,20.84187889099121,91.91051483154297,0.22676272599703076,1.6329687591420867
2006-09-26,20.995927810668945,92.6737060546875,0.2265575501888214,1.6001970493985396
2006-09-27,21.376516342163086,92.78469848632812,0.23038837966707332,1.8917166146992554
2006-09-28,21.385583877563477,92.74999237060547,0.23057235187806918,1.8845560982230325
2006-09-29,21.33121109008789,92.6737060546875,0.23017544024299808,1.83167166629013
2006-10-02,21.39464569091797,92.3267822265625,0.2317274053634538,1.932997492765706
2006-10-03,21.39464569091797,92.52104187011719,0.2312408643317288,1.8724223818737835
2006-10-04,21.720861434936523,93.60334014892578,0.2320522045514398,1.9138941133716472
2006-10-05,21.738990783691406,93.78372192382812,0.2317991900699781,1.8722232217367576
2006-10-06,21.639305114746094,93.66574096679688,0.2310268929855251,1.7925117672171593
2006-10-09,21.698205947875977,93.72127532958984,0.23151846655489738,1.8107754972274301
2006-10-10,21.63477325439453,93.84615325927734,0.23053447054587486,1.7173219937324615
2006-10-11,21.666488647460938,93.73516082763672,0.23114579903801505,1.7461519865998947
2006-10-12,21.99271583557129,94.54683685302734,0.23261186272956832,1.8375433482758516
2006-10-13,22.038021087646484,94.78970336914062,0.2324938290166767,1.8085628784907966
2006-10-16,22.019895553588867,94.93538665771484,0.23194613019253385,1.7488195653728846
2006-10-17,21.738990783691406,94.63701629638672,0.22970917337047755,1.5662929088284627
2006-10-18,21.816011428833008,94.76192474365234,0.23021916753853566,1.5886506649738927
2006-10-19,22.15129280090332,94.91459655761719,0.23338130913780522,1.8030726864507212
2006-10-20,22.327993392944336,94.93538665771484,0.23519147263229553,1.9139284132404921
2006-10-23,22.296287536621094,95.3724365234375,0.2337812511599391,1.7907862268379422
2006-10-24,22.282686233520508,95.6568603515625,0.23294394308600713,1.711641782382418
2006-10-25,22.518287658691406,95.98295593261719,0.23460714915364655,1.8119814823887768
2006-10-26,22.731239318847656,96.2812728881836,0.2360920108030418,1.8967757355760007
2006-10-27,22.744834899902344,95.67768096923828,0.23772351785172477,1.9889068541772352
2006-10-30,22.80373191833496,95.60829162597656,0.23851207390614265,2.0196890224170327
2006-10-31,22.894346237182617,95.59442901611328,0.23949456545552014,2.0626495319227853
2006-11-01,22.812801361083984,94.94924926757812,0.24026310410095855,2.0899351357886324
2006-11-02,22.917009353637695,94.89373779296875,0.24150180914610106,2.147999871243283
2006-11-03,22.907947540283203,94.72723388671875,0.2418306394091279,2.143914752719866
2006-11-06,23.284000396728516,95.79564666748047,0.24305906590463763,2.2008922424125332
2006-11-07,23.41539764404297,96.163330078125,0.24349611879101768,2.2031211085902824
2006-11-08,23.55132484436035,96.37146759033203,0.24438068064372837,2.235123955911513
2006-11-09,23.60569190979004,95.8650131225586,0.24623886380332885,2.329186869304719
2006-11-10,23.59210205078125,95.9066162109375,0.24599034960103963,2.28360555171988
2006-11-13,23.596633911132812,96.14248657226562,0.24543398816085718,2.219728712545335
2006-11-14,23.827699661254883,96.8640365600586,0.24599119040925987,2.2301648912469387
2006-11-15,23.859420776367188,97.14156341552734,0.24561495550887377,2.1809453832101378
2006-11-16,23.836761474609375,97.39129638671875,0.24475248157657745,2.102430243655963
2006-11-17,23.895671844482422,97.41903686523438,0.24528749835146435,2.1149601228909694
2006-11-20,23.90019989013672,97.47459411621094,0.24519414629870095,2.087135389548923
2006-11-21,23.990808486938477,97.57166290283203,0.2458788522527286,2.1098533600886893
2006-11-22,24.26266860961914,97.76590728759766,0.24817105760851507,2.233190731847521
2006-11-24,24.09955596923828,97.37047576904297,0.2475037302518785,2.166479524241007
2006-11-27,23.52866554260254,96.031494140625,0.24500988715377087,1.98788532825064
2006-11-28,23.718961715698242,96.44774627685547,0.2459255154351914,2.026128241576071
2006-11-29,24.02705955505371,97.4537353515625,0.24654836952505257,2.0455044603133747
2006-11-30,24.058780670166016,97.49539947509766,0.24676836855580173,2.0392464658165386
2006-12-01,23.80957794189453,97.28031158447266,0.24475227879199027,1.8936866770297562
2006-12-04,24.117673873901367,98.02262878417969,0.2460419004575179,1.958389817170652
2006-12-05,24.443889617919922,98.44583892822266,0.24829784462238247,2.082553632826799
2006-12-06,24.280794143676758,98.36255645751953,0.24684997033564351,1.9743751252624473
2006-12-07,24.389535903930664,97.93245697021484,0.24904446042182413,2.0956807408909794
2006-12-08,24.375938415527344,98.11285400390625,0.24844795988257404,2.0405176390627227
2006-12-11,24.629655838012695,98.39727020263672,0.2503083244818788,2.1378857010927392
2006-12-12,24.602479934692383,98.32096099853516,0.2502261947486348,2.1118731134029622
2006-12-13,24.815425872802734,98.42501068115234,0.25212520375732816,2.208556900880977
2006-12-14,24.806360244750977,99.29222869873047,0.24983184051611632,2.0458990997458413
2006-12-15,24.55716896057129,99.30126953125,0.24729964759255343,1.8731082749132393
2006-12-18,24.46202278137207,99.02920532226562,0.24701826801261884,1.8405483619867602
2006-12-19,24.54810905456543,99.21758270263672,0.24741692335055307,1.8504108507673531
2006-12-20,24.439964294433594,99.16178131103516,0.24646556335826741,1.777562604654597
2006-12-21,24.357826232910156,98.79901885986328,0.24653915103609828,1.7689947676138866
2006-12-22,24.161605834960938,98.19208526611328,0.24606469828479408,1.726569234471399
2006-12-26,24.216371536254883,98.7710952758789,0.24517670345373616,1.659212669889537
2006-12-27,24.4262638092041,99.41986083984375,0.2456879702190749,1.678618102164404
2006-12-28,24.40345573425293,99.21061706542969,0.24597625189810865,1.6840526994969391
2006-12-29,24.458215713500977,98.79901885986328,0.24755524898675924,1.7692679386330659
2007-01-03,24.672685623168945,98.62457275390625,0.25016773136988546,1.9167310282195102
2007-01-04,24.686368942260742,98.83386993408203,0.24977640720458985,1.8742969964648095
2007-01-05,24.45365333557129,98.04556274414062,0.24941111714953854,1.8340614256753172
2007-01-08,24.52210235595703,98.49903869628906,0.2489577835532815,1.7895573772828475
2007-01-09,24.376081466674805,98.41532897949219,0.24768582007945428,1.6953482760179517
2007-01-10,23.997344970703125,98.74317169189453,0.24302789306364747,1.3941954523734303
2007-01-11,24.284820556640625,99.1757583618164,0.24486649719424286,1.4989850600340917
2007-01-12,24.444530487060547,99.9291763305664,0.24461855270574703,1.4728056045131044
2007-01-16,24.41258430480957,99.73383331298828,0.2447773588346607,1.4727854942792185
2007-01-17,24.3897705078125,99.77567291259766,0.24444606381334716,1.4422660453457214
2007-01-18,24.220932006835938,99.4407958984375,0.2435713812223874,1.3784130969643256
2007-01-19,24.572296142578125,99.6361312866211,0.24662033566810754,1.5615483253203175
2007-01-22,24.44908905029297,99.32917785644531,0.2461420659861679,1.5211665754944765
2007-01-23,24.65899085998535,99.62223052978516,0.2475249824145704,1.5981229872920792
2007-01-24,24.841516494750977,100.42449951171875,0.2473651013003273,1.576073279011785
2007-01-25,24.549476623535156,99.24546813964844,0.24736118518773625,1.5644336804821781
2007-01-26,24.55403709411621,99.15475463867188,0.24763348145626654,1.569801897035151
2007-01-29,24.700054168701172,99.0990219116211,0.2492461952927172,1.6591727636427613
2007-01-30,24.82326316833496,99.6152114868164,0.24919149192008894,1.6434809553753673
2007-01-31,25.142683029174805,100.28495025634766,0.2507124245951687,1.7269238661749113
2007-02-01,25.101613998413086,100.88494110107422,0.24881428015370874,1.5926381891564947
2007-02-02,25.014909744262695,101.02447509765625,0.2476123703694753,1.5044087679885285
2007-02-05,24.891712188720703,101.0523452758789,0.2463249330905171,1.4115457230666075
2007-02-06,25.211135864257812,101.0802993774414,0.24941690932391825,1.5961207246115576
2007-02-07,25.51685333251953,101.30354309082031,0.2518851024750758,1.7390758590875808
2007-02-08,25.649185180664062,101.17097473144531,0.25352315966856004,1.8271035983619601
2007-02-09,25.434720993041992,100.41749572753906,0.2532897361038912,1.7960602382734012
2007-02-12,25.288700103759766,100.07562255859375,0.2526959059280732,1.7425325397338984
2007-02-13,25.55792236328125,100.91984558105469,0.2532497172992023,1.7616919665494013
2007-02-14,25.85908317565918,101.58258056640625,0.25456218016389787,1.8278876857383322
2007-02-15,25.818017959594727,101.71509552001953,0.2538268073937288,1.7655507660429826
2007-02-16,25.813457489013672,101.666259765625,0.2539038767485141,1.7557914818897304
2007-02-20,25.92753791809082,101.8825454711914,0.2544845910374527,1.7776652063436797
2007-02-21,25.694814682006836,101.84069061279297,0.2523040105815928,1.6267287619306434
2007-02-22,25.722198486328125,101.76394653320312,0.25276337408883404,1.6417434593687115
2007-02-23,25.68112564086914,101.36631774902344,0.2533496945647565,1.6640457019960322
2007-02-26,25.822580337524414,101.27560424804688,0.2549733524598784,1.7500966104659055
2007-02-27,24.3897705078125,97.32002258300781,0.25061410653711647,1.4643917562651558
2007-02-28,24.709186553955078,98.31763458251953,0.25131998607245043,1.496797050550309
2007-03-01,24.344139099121094,98.02462768554688,0.24834717227607983,1.2998220940160026
2007-03-02,23.979084014892578,96.740966796875,0.2478689722549596,1.259884873444607
2007-03-05,23.3721981048584,95.82008361816406,0.2439175298363846,1.0034164579524623
2007-03-06,23.924335479736328,97.4595718383789,0.24547958736583625,1.0935119450557829
2007-03-07,24.04753875732422,97.36187744140625,0.24699132133926205,1.1799555944819808
2007-03-08,24.41258430480957,98.18511199951172,0.2486383506384448,1.2748516897625588
2007-03-09,24.576852798461914,98.21299743652344,0.25024032908013333,1.3660742128410788
2007-03-12,24.558605194091797,98.3595199584961,0.24968203590719615,1.3208261239035086
2007-03-13,23.860456466674805,96.44796752929688,0.24739200916211107,1.167033471953519
2007-03-14,23.919769287109375,97.16657257080078,0.24617282110758973,1.0815148852638676
2007-03-15,24.27569007873535,97.29910278320312,0.24949551829707206,1.2832196634010713
2007-03-16,24.43083953857422,97.02664184570312,0.2517951675316706,1.4185038286815035
2007-03-19,24.91452980041504,98.1963119506836,0.2537216449934258,1.5284388873037547
2007-03-20,25.087928771972656,98.735595703125,0.25409203837090555,1.5390984822170266
2007-03-21,25.708511352539062,100.36054992675781,0.2561615233406044,1.6556934729414454
2007-03-22,25.49860954284668,100.28351593017578,0.25426521304459,1.522461840044553
2007-03-23,25.525983810424805,100.43058776855469,0.25416543283855114,1.5035352220898224
2007-03-26,25.5989933013916,100.29749298095703,0.25523063977533267,1.5586180536106895
2007-03-27,25.585298538208008,100.05935668945312,0.2557012096091645,1.575311088736838
2007-03-28,25.32976722717285,99.33097076416016,0.25500372172253194,1.5194493101610922
2007-03-29,25.630937576293945,99.4360122680664,0.25776312818334174,1.6809438824690497
2007-03-30,25.745006561279297,99.45700073242188,0.25885564989581183,1.735563698982336
2007-04-02,25.991418838500977,99.56912994384766,0.26103892695616526,1.8559165084551612
2007-04-03,26.37015151977539,100.64067840576172,0.2620227917528196,1.899770004291043
2007-04-04,26.434043884277344,100.75276184082031,0.2623654518378424,1.90245012651408
2007-04-05,26.566364288330078,101.02591705322266,0.26296583157304415,1.9203009701808864
2007-04-09,26.543550491333008,101.1659927368164,0.26237621727674953,1.8646921496005002
2007-04-10,26.666751861572266,101.28508758544922,0.2632840874928883,1.9025508711662578
2007-04-11,26.625694274902344,100.8718490600586,0.2639556479137161,1.92623149396573
2007-04-12,26.721521377563477,101.32011413574219,0.2637336288603435,1.8952003859223563
2007-04-13,26.885787963867188,101.78236389160156,0.2641497695268761,1.9038017024740168
2007-04-16,27.008989334106445,102.7488784790039,0.26286407923786304,1.809391992460614
2007-04-17,26.890348434448242,103.02203369140625,0.26101550776017485,1.6823703596319968
2007-04-18,26.803647994995117,103.14815521240234,0.25985581554804477,1.5985648922383888
2007-04-19,26.748889923095703,103.12015533447266,0.2593953610362111,1.558646518443307
2007-04-20,27.14588737487793,104.09370422363281,0.26078318162795183,1.6317099761551268
2007-04-23,26.87666130065918,103.70140838623047,0.2591735417956761,1.5205555918154123
2007-04-24,26.397531509399414,103.74344635009766,0.2544501116756525,1.2181675880573983
2007-04-25,26.479671478271484,104.69603729248047,0.2529195198123637,1.1144373062520745
2007-04-26,26.35190773010254,104.81509399414062,0.25141329102443644,1.0127074173993318
2007-04-27,26.09181022644043,104.73101043701172,0.24913165754409297,0.8631547709265683
2007-04-30,25.85908317565918,103.86257934570312,0.24897401295598567,0.8464273034663513
2007-05-01,25.80433464050293,104.12867736816406,0.24781198890357034,0.7669450960521287
2007-05-02,26.082679748535156,104.73807525634766,0.24902767866124612,0.8366284657854447
2007-05-03,25.900157928466797,105.30537414550781,0.2459528598481473,0.6366503207675673
2007-05-04,26.38384246826172,105.70462799072266,0.24959969085343492,0.8602490457793454
2007-05-07,26.415781021118164,105.72563171386719,0.24985219376706186,0.8691978940265894
2007-05-08,26.215009689331055,105.58551788330078,0.24828224755506148,0.7631254481688509
2007-05-09,26.30626678466797,105.87271118164062,0.2484707011945278,0.7685843702353379
2007-05-10,25.795204162597656,104.76604461669922,0.2462172191092344,0.6193560293825597
2007-05-11,26.42034912109375,105.66258239746094,0.2500445145445227,0.8563298439430492
2007-05-14,26.30626678466797,105.43145751953125,0.24951060531241082,0.8155661900291105
2007-05-15,26.61655616760254,105.45946502685547,0.2523866033345094,0.9913142013004191
2007-05-16,26.817337036132812,106.18086242675781,0.25256281050298557,0.9948916900295496
2007-05-17,26.817337036132812,105.97078704833984,0.2530634883734492,1.0190017656215975
2007-05-18,27.081993103027344,106.8952407836914,0.2533507844173278,1.029879387580808
2007-05-21,26.835590362548828,106.8392333984375,0.2511773017171545,0.8833891345486337
2007-05-22,26.84471321105957,106.75518798828125,0.2514605024535798,0.8947348173166976
2007-05-23,27.086559295654297,106.76924896240234,0.2536925150161217,1.0318149277335213
2007-05-24,26.735204696655273,105.80268859863281,0.2526892752043047,0.9596235515523249
2007-05-25,26.926851272583008,106.24391174316406,0.25344371108696057,1.0018381415201827
2007-05-29,27.0728759765625,106.6291275024414,0.25389756636565025,1.0245352141948911
2007-05-30,27.095680236816406,107.49760437011719,0.25205845651708886,0.8974448209671202
2007-05-31,27.291900634765625,107.38560485839844,0.2541485953424899,1.027690291340028
2007-06-01,27.542871475219727,107.91785430908203,0.25522071071146013,1.0907813749293684
2007-06-04,27.647825241088867,107.93185424804688,0.25616001349841705,1.1451709878292917
2007-06-05,27.46529769897461,107.5046157836914,0.2554801717001358,1.092376474306118
2007-06-06,26.739761352539062,106.3490219116211,0.2514340129499313,0.8166426865212427
2007-06-07,25.991418838500977,104.42987823486328,0.2488887210999725,0.6402346797592884
2007-06-08,26.55724334716797,105.78865051269531,0.2510405721073163,0.7790236041754498
2007-06-11,26.511608123779297,105.97078704833984,0.2501784582545915,0.7150469873123929
2007-06-12,25.854520797729492,104.81509399414062,0.24666791596995383,0.4692440347946294
2007-06-13,26.342782974243164,106.38398742675781,0.2476198120734982,0.5286564774324439
2007-06-14,26.607437133789062,107.06340026855469,0.2485203820077426,0.5854861719048051
2007-06-15,26.949676513671875,107.67255401611328,0.2502929066736806,0.7044033540036144
2007-06-18,26.78083610534668,107.54595184326172,0.24901761197276187,0.6084057027289979
2007-06-19,26.726072311401367,107.81322479248047,0.24789233753877477,0.5221605920437925
2007-06-20,26.374723434448242,106.31494140625,0.2480810607200103,0.5297610917996621
2007-06-21,26.602872848510742,106.90582275390625,0.24884400272331,0.5794856103557409
2007-06-22,26.169382095336914,105.89991760253906,0.2471142819350926,0.4462339527432505
2007-06-25,26.2469539642334,105.39341735839844,0.2490378870150743,0.5826261913132053
2007-06-26,26.17394256591797,104.31018829345703,0.2509241234641675,0.7177437843317316
2007-06-27,26.434043884277344,105.7944107055664,0.2498623859992493,0.6322632093638169
2007-06-28,26.47054100036621,105.78035736083984,0.25024060856657376,0.6555289411827048
2007-06-29,26.529865264892578,105.81551361083984,0.2507181070108687,0.6868423575094469
2007-07-02,26.890348434448242,106.77214813232422,0.2518479669541036,0.7686043704961328
2007-07-03,26.96791648864746,107.1590347290039,0.25166255516249314,0.7481593325065804
2007-07-05,27.03636360168457,107.0464859008789,0.25256656838524566,0.8128373505873164
2007-07-06,27.310155868530273,107.60922241210938,0.2537901051263152,0.9031052030534843
2007-07-09,27.16413688659668,107.69367218017578,0.2522352180650875,0.7737286682207879
2007-07-10,26.849279403686523,106.16020965576172,0.2529128332616222,0.821295250826287
2007-07-11,27.182392120361328,106.91285705566406,0.2542481126120205,0.921397505373837
2007-07-12,27.69802474975586,108.6010513305664,0.25504379939607535,0.9787080815291371
2007-07-13,27.643251419067383,108.92469024658203,0.2537831538147046,0.871242250274704
2007-07-16,27.74364471435547,108.91055297851562,0.25473789229431565,0.9430826204126918
2007-07-17,27.82577896118164,108.85433959960938,0.2556239747862243,1.0099544286661533
2007-07-18,27.862285614013672,108.65737915039062,0.2564233173289594,1.0716022475160525
2007-07-19,28.0311279296875,109.07936096191406,0.25697920928849954,1.1153133871776713
2007-07-20,27.43336296081543,107.97502136230469,0.25407138257249495,0.8663879972108706
2007-07-23,27.620439529418945,108.3056640625,0.25502303843943014,0.9421531199591129
2007-07-24,27.23258399963379,106.4275131225586,0.25587917259960397,1.0098917522436743
2007-07-25,27.460725784301758,106.64553833007812,0.25749530842357593,1.143121803319048
2007-07-26,26.37015151977539,104.12026977539062,0.25326626195515406,0.7718698040931719
2007-07-27,26.374723434448242,102.07328796386719,0.2583900642427096,1.2123770927068533
2007-07-30,26.744327545166016,103.67012786865234,0.25797525376886254,1.1700383559372962
2007-07-31,26.648502349853516,102.50241088867188,0.2599792738416321,1.3386299894831366
2007-08-01,27.018115997314453,103.00180053710938,0.2623072204216507,1.5350293425726753
2007-08-02,26.999862670898438,103.82483673095703,0.2600520599985494,1.3266470888557704
2007-08-03,26.666751861572266,101.1518325805664,0.2636309316524984,1.6336508095112754
2007-08-06,27.118505477905273,102.84705352783203,0.2636780009508642,1.6269501612647483
2007-08-07,27.14588737487793,103.94439697265625,0.26115777440143273,1.3930635079789802
2007-08-08,27.789283752441406,105.39341735839844,0.26367191091206205,1.6077573088370098
2007-08-09,27.66607093811035,102.27029418945312,0.27051912930708555,2.200638484540525
2007-08-10,26.753456115722656,101.79197692871094,0.26282480135403197,1.5009254036693451
2007-08-13,26.625694274902344,102.15773010253906,0.2606331821211891,1.296508819617222
2007-08-14,26.30626678466797,100.59613800048828,0.2615037446521086,1.367956988751894
2007-08-15,25.70393943786621,99.21038818359375,0.25908516142785165,1.1430194785751406
2007-08-16,25.608118057250977,99.9560317993164,0.2561938243873554,0.8737773286655082
2007-08-17,25.932104110717773,101.79197692871094,0.2547558746096373,0.73616240774325
2007-08-20,25.85908317565918,101.74269104003906,0.25416158066315336,0.6756020309549234
2007-08-21,25.717628479003906,101.94669342041016,0.2522654498753476,0.493877446583055
2007-08-22,26.151124954223633,103.15653228759766,0.2535091513285363,0.6039530963328349
2007-08-23,26.064430236816406,103.06514739990234,0.2528927663168617,0.5399836038486838
2007-08-24,26.55267906188965,104.33837890625,0.25448621437513164,0.6853532042799795
2007-08-27,26.25151824951172,103.36760711669922,0.25396271599742526,0.6297537912676711
2007-08-28,25.644622802734375,101.09558868408203,0.25366708020141576,0.5955828598058597
2007-08-29,26.278888702392578,103.0792465209961,0.2549386960937851,0.7139219351589651
2007-08-30,26.12375259399414,102.80485534667969,0.2541101050713931,0.6267487297313008
2007-08-31,26.525304794311523,103.81782531738281,0.25549855926206,0.7585691156246477
2007-09-04,26.67131996154785,104.86589050292969,0.2543374192850889,0.6372554200641215
2007-09-05,26.13743782043457,103.95848083496094,0.251421890840527,0.33707770501781653
2007-09-06,26.064430236816406,104.19766998291016,0.2501440794318273,0.19946411277892875
2007-09-07,25.676563262939453,102.74864959716797,0.24989684403255816,0.16572050312658154
2007-09-10,25.56248664855957,102.55167388916016,0.24926445058505825,0.09035926935427585
2007-09-11,25.96860122680664,103.7474365234375,0.2503059554723561,0.1914299281579195
2007-09-12,26.000545501708984,104.01478576660156,0.24996970680737182,0.14610189953779096
2007-09-13,26.132869720458984,104.74630737304688,0.24948726476236094,0.0836449071045405
2007-09-14,25.84540557861328,104.7392578125,0.24675948749685322,-0.2317845027822728
2007-09-17,25.40277862548828,104.17658996582031,0.24384344538271768,-0.5774079509667743
2007-09-18,26.6895751953125,107.24346923828125,0.24886900232602213,-0.016778015336985284
2007-09-19,26.954240798950195,107.87657165527344,0.24986185958044918,0.08767584014948665
2007-09-20,27.0500545501709,107.1167984008789,0.25252859452480564,0.39747310746885706
2007-09-21,27.196081161499023,107.40593719482422,0.2532083595357294,0.47429375438783
2007-09-24,27.200634002685547,107.20802307128906,0.2537182686840351,0.5319576976436079
2007-09-25,27.031801223754883,106.9959716796875,0.25264316776971424,0.39085805547664987
2007-09-26,27.401418685913086,107.56139373779297,0.25475142831182257,0.6550887029238072
2007-09-27,27.67064094543457,108.19744873046875,0.25574208329408077,0.7811401302888809
2007-09-28,27.74364471435547,107.83706665039062,0.25727373319881536,0.9791848538587092
2007-10-01,27.953550338745117,109.05264282226562,0.2563307923156334,0.8504608165965672
2007-10-02,28.081321716308594,108.90422058105469,0.25785338315155903,1.0530535500217248
2007-10-03,27.930740356445312,108.68511962890625,0.2569877132381309,0.9317912048461559
2007-10-04,27.8987979888916,108.85475158691406,0.25629380052019196,0.8329671653835634
2007-10-05,28.254714965820312,110.14813232421875,0.25651560648030913,0.8602683147083757
2007-10-08,27.89423179626465,109.5615234375,0.25459879455014217,0.5852160253789123
2007-10-09,28.085887908935547,110.59336853027344,0.25395634731251915,0.48789156582794624
2007-10-10,28.01742935180664,110.40960693359375,0.2537589810337593,0.4532922103346664
2007-10-11,28.52393913269043,109.8795394897461,0.25959281650750154,1.313516411886767
2007-10-12,28.888988494873047,110.48741149902344,0.26146859721777793,1.5952086730589825
2007-10-15,28.85704231262207,109.5544662475586,0.2634036137551366,1.8849334284605423
2007-10-16,28.815975189208984,108.68511962890625,0.26513266294041044,2.1435811020683517
2007-10-17,29.3726749420166,109.0173110961914,0.26943129166063934,2.7858877341919017
2007-10-18,29.755966186523438,108.62152099609375,0.2739417190410501,3.446402836459685
2007-10-19,29.208402633666992,105.78038787841797,0.27612304340610466,3.727821627657251
2007-10-22,29.06695556640625,106.39523315429688,0.2731979122058285,3.239438299036942
2007-10-23,29.5415096282959,107.25749206542969,0.275426071031708,3.5093562510061957
2007-10-24,29.3133544921875,107.0595932006836,0.2738040900009727,3.222900128315192
2007-10-25,29.482196807861328,107.31405639648438,0.27472819309835694,3.316190691367131
2007-10-26,30.25335121154785,108.57203674316406,0.278647726606756,3.808913605917597
2007-10-29,30.486066818237305,108.9325180053711,0.2798619491815487,3.883631675483342
2007-10-30,30.513452529907227,108.17626953125,0.28207159169130425,4.07053108988967
2007-10-31,30.878498077392578,109.3000717163086,0.2825112334558992,4.005465207909859
2007-11-01,30.321796417236328,106.74158477783203,0.2840673246546507,4.078446048983892
2007-11-02,30.755308151245117,106.86170959472656,0.2878047550229614,4.393791947540425
2007-11-05,30.61383056640625,106.04896545410156,0.2886763716677278,4.3298003208787925
2007-11-06,31.029085159301758,107.47660064697266,0.28870549470784523,4.174998045887973
2007-11-07,30.41762351989746,104.53646850585938,0.29097619189414764,4.27288804149645
2007-11-08,31.211610794067383,104.00642395019531,0.30009310587405086,5.037407903136439
2007-11-09,30.63208770751953,102.57875061035156,0.29862020667298267,4.648531392539036
2007-11-12,30.20315170288086,101.56101989746094,0.2973892122526425,4.332086075217266
2007-11-13,31.2298583984375,104.65665435791016,0.2984029882288807,4.257101997513121
2007-11-14,30.969762802124023,104.36685943603516,0.2967394340452001,3.9520972404067045
2007-11-15,30.59102439880371,102.86145782470703,0.29740026095037353,3.878901051883573
2007-11-16,31.024518966674805,103.03816223144531,0.30109736329523457,4.063771705503132
2007-11-19,30.4404354095459,101.60343933105469,0.2996004427602275,3.803253760219964
2007-11-20,30.960636138916016,102.22532653808594,0.30286659076976447,3.9438629419256723
2007-11-21,30.481508255004883,100.13336944580078,0.3044090938286424,3.9325198310411063
2007-11-23,30.636653900146484,101.86493682861328,0.3007575997587113,3.531068236539889
2007-11-26,30.006942749023438,99.617431640625,0.3012218068146449,3.4676787476539253
2007-11-27,30.467819213867188,100.76240539550781,0.30237288494926606,3.4578026664453754
2007-11-28,31.211610794067383,103.98516082763672,0.30015446959593584,3.2100128570227264
2007-11-29,30.924135208129883,104.0205307006836,0.29728876597556775,2.9340308013168492
2007-11-30,30.951509475708008,105.0665512084961,0.2945895636593918,2.6863439493302446
2007-12-03,30.91044044494629,104.37394714355469,0.2961509197542605,2.7457668859228694
2007-12-04,31.129472732543945,103.44099426269531,0.30093941917735795,3.019104012083973
2007-12-05,31.11578369140625,105.17255401611328,0.2958545980222089,2.616578472426778
2007-12-06,31.16141128540039,106.67797088623047,0.2921072741309759,2.322336896412797
2007-12-07,31.083843231201172,106.65676879882812,0.29143807356315393,2.244224108110797
2007-12-10,31.339378356933594,107.483642578125,0.2915734674153271,2.2214841866308572
2007-12-11,30.791810989379883,104.53646850585938,0.29455568405445004,2.3841149454951744
2007-12-12,31.16141128540039,105.56832122802734,0.295177671889769,2.3874229713562403
2007-12-13,30.604717254638672,105.34925079345703,0.2905072131423212,2.0536944929712577
2007-12-14,29.84268569946289,104.01347351074219,0.2869117306843986,1.7991658797634003
2007-12-17,29.377227783203125,102.52928924560547,0.28652522610227954,1.7550513422554763
2007-12-18,29.632766723632812,103.10175323486328,0.2874128304698184,1.792541961263288
2007-12-19,29.290544509887695,103.10175323486328,0.28409356379386247,1.564530274699566
2007-12-20,29.284963607788086,103.75199127197266,0.28225929207489886,1.4343029356737782
2007-12-21,29.64742088317871,105.24761199951172,0.2816921003710398,1.3858997588515123
2007-12-24,29.847244262695312,106.02915954589844,0.28150033811948577,1.3617842052636804
2007-12-26,29.902999877929688,106.25650787353516,0.2814227615452954,1.3451904743769654
2007-12-27,29.71712875366211,104.92078399658203,0.2832339563401489,1.4467694841884724
2007-12-28,29.963420867919922,104.65790557861328,0.28629868620305077,1.6242192439825562
2007-12-31,29.577714920043945,103.88339233398438,0.284720341293359,1.510849032324117
2008-01-02,29.587005615234375,102.9739990234375,0.28732501306956326,1.657376308833518
2008-01-03,29.415077209472656,102.92425537109375,0.28579344201633033,1.5468014157960897
2008-01-04,28.685508728027344,100.40190124511719,0.28570682798123204,1.5268514720306203
2008-01-07,28.996864318847656,100.31668853759766,0.28905324469497345,1.7161250552019034
2008-01-08,28.58791732788086,98.69673156738281,0.2896541443053071,1.7346939367931826
2008-01-09,28.903919219970703,99.73404693603516,0.28980995064311743,1.7260787470824885
2008-01-10,29.13627052307129,100.38774871826172,0.2902373137666654,1.734688961145466
2008-01-11,28.639039993286133,99.5777587890625,0.28760478586340515,1.5597498235396485
2008-01-14,28.92250633239746,100.38060760498047,0.28812842462773103,1.5766621180471294
2008-01-15,27.80724334716797,98.17091369628906,0.28325338229198027,1.2709222320438853
2008-01-16,27.217079162597656,97.32546997070312,0.27965011800909395,1.0446694391257185
2008-01-17,26.775617599487305,94.8031005859375,0.2824339861671047,1.2033745743330124
2008-01-18,26.84067153930664,93.82972717285156,0.2860572267236928,1.4100097839447647
2008-01-22,25.697534561157227,92.87761688232422,0.2766816744847788,0.8374202916198044
2008-01-23,25.242128372192383,95.10862731933594,0.2654031404263634,0.152374354385933
2008-01-24,26.3062744140625,95.91150665283203,0.2742765214739304,0.6831614448593354
2008-01-25,25.790470123291016,94.52599334716797,0.272839979883308,0.5907307727345432
2008-01-28,26.157573699951172,96.08917236328125,0.27222186492623823,0.5479949030440792
2008-01-29,26.450336456298828,96.56520080566406,0.2739116807671711,0.6449627040866169
2008-01-30,26.52933692932129,95.85465240478516,0.27676629421481186,0.8117288893686767
2008-01-31,26.59903907775879,97.60255432128906,0.27252400577755176,0.5492282175794273
2008-02-01,27.026559829711914,99.1727523803711,0.27252001362282635,0.5438139184861058
2008-02-04,26.882492065429688,97.92228698730469,0.2745288421308513,0.6601463655556483
2008-02-05,24.89826011657715,95.30046081542969,0.26126064767722484,-0.15145434480681583
2008-02-06,25.30255126953125,94.53314208984375,0.26765799496523507,0.23473661902907275
2008-02-07,25.23748016357422,95.15837097167969,0.2652155549308973,0.08237722237120079
2008-02-08,25.125967025756836,94.54733276367188,0.26575014113365913,0.11219034160568839
2008-02-11,25.135250091552734,95.03050994873047,0.2644966348714045,0.032776682766513875
2008-02-12,25.77652931213379,95.91150665283203,0.2687532519475094,0.28984277466520253
2008-02-13,26.12969398498535,96.89201354980469,0.2696785114446414,0.34278681407177214
2008-02-14,25.994935989379883,96.0394058227539,0.2706694795400441,0.3998002439312818
2008-02-15,25.948461532592773,96.01809692382812,0.2702455304147288,0.36998240555725675
2008-02-19,26.14828109741211,96.2881088256836,0.2715629314596882,0.4467456741778562
2008-02-20,26.115758895874023,96.57229614257812,0.270427026580346,0.37325656888318176
2008-02-21,26.00423240661621,95.76940155029297,0.27152965337222223,0.4366374367723337
2008-02-22,26.24122428894043,96.35911560058594,0.2723273675291065,0.48119078914528646
2008-02-25,26.561859130859375,97.5741195678711,0.2722223807757071,0.4703585320605158
2008-02-26,27.170604705810547,98.30594635009766,0.2763882116453839,0.7213283201580128
2008-02-27,27.430835723876953,98.20647430419922,0.27931799729321954,0.8945201617802268
2008-02-28,27.319305419921875,97.24727630615234,0.2809261755971002,0.9856809578275345
2008-02-29,26.673391342163086,95.0802230834961,0.28053564113684776,0.954049995211522
2008-03-03,26.501449584960938,94.85286712646484,0.27939534552632184,0.8768190229651467
2008-03-04,26.12504768371582,94.49047088623047,0.27648341085283834,0.6913261735217828
2008-03-05,26.636215209960938,95.08733367919922,0.2801236944956816,0.9086929264243857
2008-03-06,26.310924530029297,93.11923217773438,0.2825509179436777,1.05035998041443
2008-03-07,26.14363670349121,92.1600570678711,0.283676437876311,1.1110249535441596
2008-03-10,26.041406631469727,90.9450912475586,0.2863420804162292,1.2651488596119538
2008-03-11,27.35184097290039,94.21337127685547,0.2903180366248041,1.4968003908515264
2008-03-12,27.198484420776367,93.33235168457031,0.29141539808937245,1.5501861140649722
2008-03-13,27.616714477539062,93.53837585449219,0.2952447508870528,1.7676585982874236
2008-03-14,27.18454933166504,92.08899688720703,0.29519866922821814,1.7467330195324606
2008-03-17,27.254255294799805,91.15823364257812,0.29897743962065876,1.9538367363505875
2008-03-18,27.867647171020508,94.94522857666016,0.2935128767268148,1.6067209723568308
2008-03-19,27.02189826965332,92.59343719482422,0.291833839290327,1.4914288372180649
2008-03-20,27.458717346191406,94.30854797363281,0.2911583089357757,1.4376832292056718
2008-03-24,28.160400390625,96.193603515625,0.2927471199896449,1.518594048450119
2008-03-25,28.504281997680664,96.2863998413086,0.2960364292845002,1.6975132405903703
2008-03-26,28.71803855895996,95.10823822021484,0.30195111481789666,2.023786762455257
2008-03-27,28.73198127746582,94.80831909179688,0.30305337709496216,2.062122389555335
2008-03-28,28.55539894104004,93.90155792236328,0.3040993096690612,2.095773707262687
2008-03-31,28.536813735961914,94.22996520996094,0.30284223996450466,1.9975523910081459
2008-04-01,29.317493438720703,97.54306030273438,0.300559500058036,1.8445791135957816
2008-04-02,29.382549285888672,97.6073226928711,0.3010281244814296,1.85023520120881
2008-04-03,29.350025177001953,97.85010528564453,0.299948835939657,1.7694303416861616
2008-04-04,29.526596069335938,97.74300384521484,0.30208398461023417,1.8688022301371947
2008-04-07,29.670656204223633,97.79297637939453,0.3034027320031072,1.9201160136514543
2008-04-08,29.368602752685547,97.69298553466797,0.30062140686921285,1.7459406687082832
2008-04-09,29.145559310913086,96.98612213134766,0.3005126782102026,1.7217657170841763
2008-04-10,28.950380325317383,97.12181091308594,0.29808320142655703,1.572520389240239
2008-04-11,28.369516372680664,95.23674774169922,0.2978841365900521,1.5469783673244255
2008-04-14,28.65762710571289,94.91541290283203,0.3019280665728192,1.7495831499518306
2008-04-15,28.894624710083008,95.13681030273438,0.3037165595329249,1.8262692261236697
2008-04-16,29.758953094482422,97.71444702148438,0.3045501868105476,1.8500581283702437
2008-04-17,29.40578269958496,97.85721588134766,0.3004968252442376,1.616191519705625
2008-04-18,29.763591766357422,98.87828063964844,0.30101243239481196,1.627341465107062
2008-04-21,29.814714431762695,98.92829895019531,0.3013770048423928,1.6302957782253422
2008-04-22,29.438304901123047,98.49273681640625,0.2988880789859361,1.4846613136331919
2008-04-23,29.340726852416992,98.33567810058594,0.2983731583404026,1.4443821711605678
2008-04-24,29.22919273376465,98.76409149169922,0.2959495935445451,1.305764692278092
2008-04-25,29.36396026611328,99.67802429199219,0.2945881047972606,1.224190405286938
2008-04-28,29.382549285888672,99.69941711425781,0.2947113447234661,1.220818451961204
2008-04-29,29.02938461303711,99.30673217773438,0.2923204094671218,1.0868040236372152
2008-04-30,29.140907287597656,98.72119140625,0.2951839100855174,1.2273741068010078
2008-05-01,29.549837112426758,100.76332092285156,0.29325985727536014,1.1175626814516406
2008-05-02,29.545196533203125,101.04181671142578,0.29240563456597235,1.064596143566414
2008-05-05,29.735715866088867,100.55624389648438,0.2957122771679868,1.228623345881127
2008-05-06,29.9401798248291,101.4273910522461,0.29518830677017677,1.1915627737549719
2008-05-07,29.159500122070312,99.62091827392578,0.29270459083594247,1.052796813365773
2008-05-08,29.56842613220215,99.36386108398438,0.29757726611700713,1.2988469509265637
2008-05-09,29.4661922454834,99.17816925048828,0.29710361129032764,1.264242849623008
2008-05-12,29.97270965576172,100.29207611083984,0.29885421478997765,1.3453305070322639
2008-05-13,29.749656677246094,100.30635833740234,0.29658794487560425,1.2164354557861274
2008-05-14,29.837942123413086,100.5134506225586,0.29685521627805356,1.220584640952054
2008-05-15,30.218996047973633,101.77010345458984,0.2969339228534581,1.2148647677491746
2008-05-16,30.34446907043457,101.8628921508789,0.2978952239593636,1.2550954907607839
2008-05-19,30.061004638671875,102.14137268066406,0.29430781915037446,1.0581742681039232
2008-05-20,29.944822311401367,101.3131332397461,0.2955670341429509,1.1155764249628533
2008-05-21,29.582366943359375,99.59950256347656,0.29701319968446627,1.182225418649667
2008-05-22,29.735715866088867,99.61373138427734,0.29851020991652405,1.2506727564053568
2008-05-23,29.284963607788086,98.27853393554688,0.2979792477062568,1.213007059679951
2008-05-27,29.038673400878906,99.00684356689453,0.29329965843481076,0.9595584681915094
2008-05-28,29.047977447509766,99.4637680053711,0.29204581758798,0.8864931675043871
2008-05-29,28.88068199157715,99.96358489990234,0.288912027519787,0.7153142431026739
2008-05-30,29.01079750061035,100.21353149414062,0.28948982306153515,0.7394203173079307
2008-06-02,28.309106826782227,99.17816925048828,0.2854368762875995,0.5200480164993837
2008-06-03,28.2301082611084,98.59984588623047,0.2863098619208973,0.5607209648128382
2008-06-04,28.06747055053711,98.54987335205078,0.28480473486019997,0.475724915213173
2008-06-05,28.453157424926758,100.52056121826172,0.28305808364067936,0.3775517133602815
2008-06-06,27.565601348876953,97.3145751953125,0.2832628236166287,0.38266959470105527
2008-06-09,27.328603744506836,97.55020141601562,0.2801491267861193,0.21087361614286454
2008-06-10,26.938264846801758,97.06468963623047,0.2775289855431295,0.06482209439940209
2008-06-11,26.654808044433594,95.63662719726562,0.2787092019614394,0.12212606129019808
2008-06-12,26.910385131835938,96.00076293945312,0.28031428405218084,0.2029181069959519
2008-06-13,27.244964599609375,97.21463775634766,0.28025578481189584,0.19378132619153504
2008-06-16,27.156667709350586,97.27175903320312,0.279183475031852,0.12949354490373616
2008-06-17,27.170604705810547,96.8005142211914,0.2806865740787811,0.20597464210962252
2008-06-18,26.766326904296875,95.85796356201172,0.27922903752259876,0.11943495337014037
2008-06-19,26.766326904296875,95.9793472290039,0.27887590067093504,0.09359500156362803
2008-06-20,26.348108291625977,94.42144012451172,0.2790479392909199,0.09698193481389172
2008-06-23,26.24122428894043,94.32815551757812,0.27819079197462265,0.04237684978261046
2008-06-24,26.032114028930664,94.14159393310547,0.27652085482457833,-0.058009752445107504
2008-06-25,26.49793815612793,94.58650207519531,0.28014502677202646,0.1410191609011945
2008-06-26,25.672534942626953,92.01749420166016,0.2789962405014478,0.06953958202379164
2008-06-27,25.829078674316406,91.5151596069336,0.2822382519492375,0.24858451645005913
2008-06-30,25.672534942626953,91.8381118774414,0.2795411884870535,0.08772082290342204
2008-07-01,25.487539291381836,92.12513732910156,0.27666215791170967,-0.08431410905977525
2008-07-02,25.572921752929688,90.5464096069336,0.28242888772666963,0.2437017254207618
2008-07-03,25.73895263671875,90.63969421386719,0.28396998533541923,0.32750706133494367
2008-07-07,25.345233917236328,89.7140121459961,0.28251143061120443,0.23657745567276364
2008-07-08,25.66304588317871,91.30709075927734,0.28106301131460804,0.145581254441394
2008-07-09,25.416379928588867,89.54893493652344,0.28382671381413094,0.30258357905346506
2008-07-10,25.596649169921875,89.9149398803711,0.284676264077776,0.34710753417679546
2008-07-11,25.03689193725586,88.86723327636719,0.281733671840485,0.16656608383728572
2008-07-14,24.894590377807617,88.06356048583984,0.2826888924370772,0.21768672350494206
2008-07-15,24.41548728942871,86.82210540771484,0.2812127991457254,0.12343440606954681
2008-07-16,24.942028045654297,88.95333862304688,0.28039451280575184,0.06853628094123786
2008-07-17,25.601398468017578,89.84319305419922,0.2849564624508966,0.3386193270038104
2008-07-18,25.99510955810547,90.40291595458984,0.28754724649770186,0.4899820329445922
2008-07-21,25.772157669067383,90.45315551757812,0.2849227041510893,0.32431559696263484
2008-07-22,25.47804832458496,91.47931671142578,0.2785115722383041,-0.07363473091657287
2008-07-23,25.80536460876465,91.97442626953125,0.28057108541391684,0.04702185003546696
2008-07-24,25.079587936401367,90.06563568115234,0.27845901210520924,-0.0887021145216566
2008-07-25,25.0748348236084,90.04412078857422,0.2784727598427522,-0.09455686088335288
2008-07-28,24.676382064819336,88.7237319946289,0.27812606063858064,-0.12144845116980262
2008-07-29,25.368953704833984,90.61817169189453,0.27995437594006484,-0.012731451980803632
2008-07-30,25.435354232788086,92.23277282714844,0.2757734962653239,-0.2796938360775569
2008-07-31,25.33100128173828,91.01287841796875,0.2783232628398791,-0.12361945167030494
2008-08-01,24.757020950317383,90.53208923339844,0.27346127941985243,-0.4348218846567922
2008-08-04,24.609966278076172,89.69249725341797,0.27438154842029827,-0.3800603234665463
2008-08-05,25.335742950439453,92.11078643798828,0.275057286233206,-0.34078870539454714
2008-08-06,25.236135482788086,92.51982116699219,0.2727646375065784,-0.49051419272343144
2008-08-07,24.65740394592285,91.14200592041016,0.2705383066448521,-0.6349031495459372
2008-08-08,24.662145614624023,92.83556365966797,0.2656540730989108,-0.9441082151282566
2008-08-11,24.899333953857422,93.79715728759766,0.26545936650843194,-0.9578405559772454
2008-08-12,24.700098037719727,92.82120513916016,0.2661040437978439,-0.9195346363621593
2008-08-13,24.28265953063965,92.26148223876953,0.26319390217249017,-1.1062583137236444
2008-08-14,23.874706268310547,92.95755767822266,0.25683448301163486,-1.510544755646617
2008-08-15,23.77983283996582,93.40962219238281,0.25457583792588095,-1.6531601348923155
2008-08-18,23.58060073852539,92.13231658935547,0.2559427746034748,-1.5670575474622208
2008-08-19,23.234315872192383,91.12767028808594,0.2549644449237066,-1.6302236345959569
2008-08-20,23.24854850769043,91.5510482788086,0.2539408225768158,-1.6972366082908885
2008-08-21,23.300724029541016,91.70895385742188,0.2540725092750071,-1.6893827545657405
2008-08-22,23.61380386352539,93.0364990234375,0.25381225767724414,-1.7069339110788309
2008-08-25,23.030338287353516,91.14920806884766,0.25266635635449547,-1.7782835145779599
2008-08-26,23.144184112548828,91.41471862792969,0.2531778739783557,-1.7448227164805787
2008-08-27,23.499963760375977,92.30455017089844,0.25459160698867683,-1.6554704816626844
2008-08-28,23.869962692260742,93.42400360107422,0.25550138906684877,-1.5978859698666497
2008-08-29,23.737140655517578,92.41934967041016,0.25684167590629003,-1.5146561300578998
2008-09-02,23.708683013916016,91.84529113769531,0.2581371643579608,-1.4339498469263618
2008-09-03,23.87944984436035,91.76634979248047,0.26022011225641106,-1.3050363583177234
2008-09-04,22.622385025024414,89.00361633300781,0.25417377357322835,-1.6957509175905472
2008-09-05,22.49430274963379,89.283447265625,0.2519425877756662,-1.841133460977907
2008-09-08,22.854822158813477,91.12767028808594,0.25080002689151953,-1.9156797949796067
2008-09-09,21.986740112304688,88.42234802246094,0.2486559179215603,-2.052778607635972
2008-09-10,21.958271026611328,88.7811279296875,0.24733039035054552,-2.1339290160713213
2008-09-11,21.977256774902344,90.06563568115234,0.24401378626478104,-2.337669534645807
2008-09-12,22.527509689331055,90.48184967041016,0.24897269199723399,-2.0196966172179103
2008-09-15,21.441221237182617,86.17623138427734,0.24880667085071115,-2.0330615481745626
2008-09-16,21.82545280456543,87.61861419677734,0.24909607398661848,-2.021787329129601
2008-09-17,21.075960159301758,83.67900848388672,0.25186675297855804,-1.8473435157151006
2008-09-18,22.03417205810547,86.16189575195312,0.2557298892487054,-1.604664549825024
2008-09-19,23.665985107421875,89.58369445800781,0.2641773734673921,-1.0673912827499228
2008-09-22,23.082517623901367,87.55561828613281,0.26363262661760234,-1.1096709936647746
2008-09-23,22.80263900756836,85.56358337402344,0.266499345964642,-0.930683646568403
2008-09-24,22.674562454223633,85.83782196044922,0.2641558457141562,-1.0915388617389188
2008-09-25,23.3861083984375,87.18029022216797,0.26824994891438136,-0.8301617213903856
2008-09-26,23.46675682067871,87.22360229492188,0.2690413626959883,-0.7848268528574474
2008-09-29,20.871990203857422,80.38860321044922,0.2596386722781669,-1.409091434146823
2008-09-30,22.043664932250977,83.71588897705078,0.26331518665822035,-1.170383502628366
2008-10-01,22.285594940185547,83.76641082763672,0.26604452452954985,-0.9939831949394686
2008-10-02,21.22774887084961,80.72785186767578,0.2629544621804734,-1.2040361480519588
2008-10-03,21.39853286743164,79.63797760009766,0.26869759268479215,-0.8273461297495746
2008-10-06,20.435571670532227,75.58173370361328,0.27037712247602597,-0.721625339123709
2008-10-07,20.075061798095703,72.19674682617188,0.2780604761379406,-0.21198940222346832
2008-10-08,19.633892059326172,70.3779067993164,0.27897806218239046,-0.1576224087511071
2008-10-09,18.15388298034668,65.46281433105469,0.2773159566366935,-0.2793012602388944
2008-10-10,17.504009246826172,63.87497329711914,0.27403548437359004,-0.5105798388716525
2008-10-13,19.98493003845215,73.14944458007812,0.273206859644358,-0.5727336904607533
2008-10-14,19.53428077697754,72.06683349609375,0.2710578476857369,-0.7250043804941327
2008-10-15,17.58464813232422,64.97201538085938,0.270649571653962,-0.7559130013452886
2008-10-16,18.941328048706055,67.6785659790039,0.27987188816297126,-0.11874322039748697
2008-10-17,18.457481384277344,67.2744140625,0.2743610872200206,-0.501977990628272
2008-10-20,19.159528732299805,71.31619262695312,0.26865607972821987,-0.8953506491191964
2008-10-21,17.821834564208984,69.18704223632812,0.2575891957244452,-1.6514445637365496
2008-10-22,15.910146713256836,65.41950225830078,0.24320189185233476,-2.6016807366270713
2008-10-23,15.914887428283691,66.1773452758789,0.24048845359296298,-2.7371796715853987
2008-10-24,15.018343925476074,62.82118606567383,0.23906495349794515,-2.7803761248249366
2008-10-27,13.946280479431152,60.590980529785156,0.2301708993234641,-3.283124773753431
2008-10-28,15.283988952636719,67.67137145996094,0.225856054383053,-3.462431171800328
2008-10-29,15.782063484191895,67.18057250976562,0.23492005046396044,-2.8317034505818652
2008-10-30,16.32284164428711,69.50460052490234,0.2348454853494037,-2.7806494513693725
2008-10-31,16.816181182861328,69.88713836669922,0.24061911212656165,-2.389444322648823
2008-11-03,16.707073211669922,70.0892562866211,0.23836853316503276,-2.483542992155208
2008-11-04,18.106449127197266,72.47102355957031,0.24984398229609633,-1.778346317429636
2008-11-05,17.3284912109375,69.42522430419922,0.2495993550558738,-1.7734013886381355
2008-11-06,16.194765090942383,65.57825469970703,0.2469532799416623,-1.907057263242728
2008-11-07,17.238359451293945,67.74352264404297,0.2544650584805365,-1.4537532948232545
2008-11-10,16.569515228271484,66.85578155517578,0.2478396758341197,-1.8227014144750082
2008-11-11,16.009761810302734,64.79156494140625,0.247096390167162,-1.8459768360060482
2008-11-12,15.369373321533203,61.940673828125,0.2481305476944058,-1.7677408288155525
2008-11-13,16.944257736206055,65.80203247070312,0.2575035618200715,-1.215270835884724
2008-11-14,15.929122924804688,62.51803970336914,0.2547924247206724,-1.3604924585261602
2008-11-17,15.388347625732422,61.68806076049805,0.24945422884141547,-1.6536244354787644
2008-11-18,15.3836030960083,62.85007095336914,0.2447666782655183,-1.903221405910433
2008-11-19,14.411154747009277,58.82270812988281,0.24499305124117868,-1.8715380073344983
2008-11-20,13.633200645446777,54.45609664916992,0.25035214575289594,-1.5523277916609217
2008-11-21,14.785904884338379,57.39363098144531,0.2576227471845872,-1.1276285878111987
2008-11-24,15.729887962341309,61.37046813964844,0.2563103792291101,-1.1936776827613986
2008-11-25,16.265918731689453,61.82518005371094,0.26309537178150316,-0.7980744833076096
2008-11-26,16.351306915283203,64.21419525146484,0.2546369513975993,-1.2744478316606689
2008-11-28,16.256433486938477,65.02253723144531,0.2500122908011772,-1.5267630454795293
2008-12-01,15.108471870422363,59.26298141479492,0.25493944971608457,-1.2337309885099321
2008-12-02,16.156816482543945,61.54367446899414,0.2625260292295968,-0.7919657209358849
2008-12-03,16.36553192138672,63.02328109741211,0.25967438756625966,-0.9484338780922483
2008-12-04,15.895913124084473,61.56534957885742,0.258195774617081,-1.0254234508974516
2008-12-05,16.15207290649414,63.463584899902344,0.2545093053279282,-1.2275259434848995
2008-12-08,16.83041000366211,65.6793212890625,0.25625127777416384,-1.1183070360710223
2008-12-09,16.602712631225586,64.5967025756836,0.2570210547786601,-1.06554461270504
2008-12-10,17.19092559814453,65.03699493408203,0.2643253369189078,-0.6402071584020864
2008-12-11,17.323745727539062,63.470760345458984,0.2729405734742941,-0.139985764930837
2008-12-12,17.52772331237793,64.22860717773438,0.2728958961210999,-0.13873846303028958
2008-12-15,17.764907836914062,63.33362579345703,0.28049724951558586,0.3019010940714124
2008-12-16,18.998247146606445,66.3144760131836,0.2864871787998372,0.6480605112574025
2008-12-17,19.145305633544922,65.6720962524414,0.2915287728893408,0.9377343677939579
2008-12-18,18.533376693725586,64.44512939453125,0.2875838231352564,0.708792472753886
2008-12-19,18.253498077392578,64.16788482666016,0.28446469954092524,0.5281413074152671
2008-12-22,18.063756942749023,63.345703125,0.28516151927627725,0.56734300543889
2008-12-23,17.999984741210938,62.69086837768555,0.28712291290605135,0.6787360096634025
2008-12-24,18.19278335571289,63.05466842651367,0.28852397149491726,0.757187396095163
2008-12-26,18.276830673217773,63.418495178222656,0.2881940137787103,0.7365532790835077
2008-12-29,18.05931282043457,63.23659896850586,0.2855832400067684,0.5865229038106394
2008-12-30,18.63772201538086,64.73543548583984,0.2879060266684643,0.7191569491982227
2008-12-31,18.701990127563477,65.65951538085938,0.284832899223855,0.5431189995756737
2009-01-02,18.939281463623047,67.63861846923828,0.2800069234447262,0.26685706549767896
2009-01-05,18.736595153808594,67.55857849121094,0.27733850492792916,0.11519118969920956
2009-01-06,18.840410232543945,68.00969696044922,0.27702535189210614,0.10001977417370707
2009-01-07,18.61299705505371,65.97239685058594,0.28213310329179586,0.3968469412191582
2009-01-08,18.751419067382812,66.24158477783203,0.2830762447829907,0.45331554134340474
2009-01-09,17.985153198242188,64.82276916503906,0.2774511707830918,0.13124077083807187
2009-01-12,17.550107955932617,63.26567840576172,0.2774032998330149,0.13094398171308036
2009-01-13,17.14966583251953,63.38207244873047,0.2705759715634391,-0.26096374785038956
2009-01-14,16.358675003051758,61.38844299316406,0.2664780894487483,-0.49481604769055954
2009-01-15,16.541589736938477,61.41025924682617,0.26936199162509455,-0.32512657101075
2009-01-16,16.531705856323242,61.8905029296875,0.26711215895441287,-0.45209200836367414
2009-01-20,14.944779396057129,58.62352752685547,0.2549280131464439,-1.1495910497932347
2009-01-21,15.730827331542969,61.15562438964844,0.25722617483741467,-1.0100132688466628
2009-01-22,15.290839195251465,60.209739685058594,0.2539595632738797,-1.1934242621232896
2009-01-23,15.295783996582031,60.47167205810547,0.2529413107989599,-1.2433865966232585
2009-01-26,15.5330810546875,60.88637924194336,0.25511586085557675,-1.1116291955074755
2009-01-27,15.745657920837402,61.50484085083008,0.2560068069930612,-1.054542671548696
2009-01-28,16.422948837280273,63.58583068847656,0.25828000765989123,-0.9193944330901975
2009-01-29,15.503418922424316,61.51944351196289,0.2520084389158944,-1.2679062552948899
2009-01-30,15.483643531799316,60.26792907714844,0.25691348232621103,-0.9832556071923236
2009-02-02,15.231514930725098,60.08600997924805,0.25349519690166844,-1.169996842688786
2009-02-03,15.720938682556152,60.93006134033203,0.2580161309003941,-0.908602879278204
2009-02-04,15.493528366088867,60.63175964355469,0.2555348625402441,-1.0464895491117054
2009-02-05,15.617119789123535,61.53398895263672,0.25379664239131605,-1.1389344623116344
2009-02-06,15.91868782043457,63.287498474121094,0.2515297365868219,-1.2602664791605338
2009-02-09,16.062053680419922,63.37482833862305,0.25344532050797036,-1.1472780841107921
2009-02-10,15.3353271484375,60.47167205810547,0.2535952227962579,-1.1341455987712354
2009-02-11,15.439151763916016,60.828208923339844,0.2538156562093348,-1.1158791119340392
2009-02-12,15.424318313598633,60.871849060058594,0.2533900078898603,-1.1332414062845015
2009-02-13,15.271062850952148,60.21697998046875,0.2536006099260588,-1.1150155599062066
2009-02-17,14.089524269104004,57.64124298095703,0.24443477517927167,-1.6104695194670346
2009-02-18,14.094466209411621,57.502986907958984,0.24510841901085328,-1.5598070780442321
2009-02-19,14.079633712768555,56.884525299072266,0.24751254649211568,-1.4168651373330714
2009-02-20,13.93132209777832,56.33156967163086,0.24730931836245765,-1.4170395834590364
2009-02-23,13.352910041809082,54.31608581542969,0.24583711880829034,-1.4850822683643183
2009-02-24,13.995590209960938,56.37522506713867,0.24825781526004087,-1.34348211496803
2009-02-25,13.70885944366455,55.93137741088867,0.24510140958902474,-1.5009754348827544
2009-02-26,13.886832237243652,55.02186584472656,0.2523875194714903,-1.0999961985917872
2009-02-27,13.698967933654785,53.79219055175781,0.2546646231198542,-0.9704315500268416
2009-03-02,12.927755355834961,51.369266510009766,0.25166322655815754,-1.1230429582307133
2009-03-03,12.952472686767578,50.98362731933594,0.2540516116211145,-0.9879720567648264
2009-03-04,13.199654579162598,52.19146728515625,0.252908286847814,-1.0419647142741864
2009-03-05,12.507542610168457,50.0595588684082,0.24985323268722948,-1.1956443705553457
2009-03-06,12.571808815002441,50.14686584472656,0.25069979156682415,-1.1415214243952099
2009-03-09,12.161482810974121,49.55752944946289,0.24540131330348083,-1.4104841154978724
2009-03-10,12.957417488098145,52.51160430908203,0.24675341114758367,-1.3273595059406258
2009-03-11,13.13538646697998,52.853572845458984,0.24852409704424613,-1.2236629375405341
2009-03-12,13.698967933654785,54.93455123901367,0.24936888760685805,-1.1695837402880558
2009-03-13,13.881887435913086,55.36384201049805,0.25073923578643287,-1.0887895654437427
2009-03-16,13.92143726348877,55.196495056152344,0.2522159649689034,-1.0029702069646065
2009-03-17,14.386139869689941,56.884525299072266,0.25290076332806394,-0.9594877833702325
2009-03-18,14.969497680664062,58.157867431640625,0.25739419861396,-0.7150533144800133
2009-03-19,14.944779396057129,57.43751907348633,0.2601919379027597,-0.5608787344271108
2009-03-20,14.662989616394043,56.21443557739258,0.26084028890064975,-0.5209390242903864
2009-03-23,15.785209655761719,60.25227355957031,0.2619852948811164,-0.45449347849552907
2009-03-24,15.196908950805664,59.065101623535156,0.25729082881574666,-0.6989765250003174
2009-03-25,15.617119789123535,59.688018798828125,0.26164580603285414,-0.45958087400153874
2009-03-26,15.701163291931152,60.90447998046875,0.2577998087655671,-0.6606084327739405
2009-03-27,14.999159812927246,59.80527114868164,0.25079996336172267,-1.0330429325232853
2009-03-30,14.341651916503906,57.738731384277344,0.24838876041549532,-1.1568805697493012
2009-03-31,14.845907211303711,58.27366638183594,0.2547618527042126,-0.802492021401992
2009-04-01,15.20185375213623,59.402183532714844,0.2559140564885808,-0.7331110631201776
2009-04-02,15.948345184326172,61.13899612426758,0.26085389351029725,-0.45465572938509813
2009-04-03,16.299354553222656,61.74721908569336,0.26396904661572307,-0.27542071998282797
2009-04-06,15.992843627929688,61.26358413696289,0.26104975497639116,-0.43197312343052885
2009-04-07,15.740713119506836,59.83456802368164,0.2630705566935303,-0.31199937036624753
2009-04-08,16.047222137451172,60.479434967041016,0.2653335327321807,-0.1772971485107312
2009-04-09,16.62563133239746,62.883094787597656,0.2643895213579169,-0.22467266900621988
2009-04-13,16.882707595825195,62.89775085449219,0.2684151240142385,0.012489009405027285
2009-04-14,16.719560623168945,61.813194274902344,0.27048530365235457,0.13989165613249102
2009-04-15,16.946977615356445,62.47273635864258,0.27126997476255055,0.19452598701654644
2009-04-16,17.06562042236328,63.38875198364258,0.2692215872425924,0.08366997619174454
2009-04-17,17.01124382019043,63.813758850097656,0.2665764268823415,-0.06504216794203274
2009-04-20,16.175762176513672,61.13899612426758,0.26457356518637887,-0.176968929784922
2009-04-21,16.31418228149414,62.33346939086914,0.26172427815936566,-0.34110824678565843
2009-04-22,16.39327621459961,61.9524040222168,0.26461081653459007,-0.15957467886202842
2009-04-23,16.867876052856445,62.5606803894043,0.2696242423813745,0.15370003762093684
2009-04-24,16.97663688659668,63.505950927734375,0.2673235600536867,0.019708033667515803
2009-04-27,16.408105850219727,62.9050407409668,0.26083928500715486,-0.3742332424711942
2009-04-28,16.427886962890625,62.70723342895508,0.2619775433324259,-0.29726944413844547
2009-04-29,16.99641227722168,64.04094696044922,0.26539914045490964,-0.07743913749641555
2009-04-30,17.164499282836914,64.06291198730469,0.2679319242659215,0.088808113696588
2009-05-01,17.28314208984375,64.40736389160156,0.26834108781305666,0.12157739819412368
2009-05-04,17.80718231201172,66.59849548339844,0.2673811500208839,0.06729302517097291
2009-05-05,17.742908477783203,66.37133026123047,0.2673279020918974,0.07158996967497135
2009-05-06,18.118633270263672,67.52181243896484,0.2683374840780776,0.14435970880923152
2009-05-07,17.93571662902832,66.58382415771484,0.2693704793306043,0.2185219376494239
2009-05-08,18.820636749267578,68.13739013671875,0.27621599112475065,0.6750243227741324
2009-05-11,18.350984573364258,66.86228942871094,0.2744594109797902,0.5700621280308553
2009-05-12,18.657493591308594,66.66444396972656,0.2798717349203613,0.9403918697255393
2009-05-13,17.82200813293457,64.98628234863281,0.27424261688527735,0.5755410694723315
2009-05-14,17.995037078857422,65.54322814941406,0.27455219382596574,0.6071970024043349
2009-05-15,17.6341495513916,65.00824737548828,0.27126019025765424,0.39455620019776727
2009-05-18,18.400419235229492,66.85498809814453,0.275228816258516,0.6779679722376566
2009-05-19,18.662433624267578,66.77436065673828,0.2794850215070435,0.9814519909040185
2009-05-20,18.662433624267578,66.32735443115234,0.2813685813993855,1.1231331674020744
2009-05-21,18.786029815673828,65.37467956542969,0.28735941714057645,1.551910789076163
2009-05-22,18.973892211914062,65.23543548583984,0.2908525415766187,1.8071694750857694
2009-05-26,19.354551315307617,66.90625,0.2892786744931545,1.7070515385674192
2009-05-27,19.07276153564453,65.71176147460938,0.29024882467979696,1.7795140964098863
2009-05-28,19.40399169921875,66.62779235839844,0.29122969578284214,1.8501339540389186
2009-05-29,19.70555877685547,67.8076400756836,0.29060971234010036,1.8041404577789508
2009-06-01,19.93296241760254,69.44915008544922,0.2870152103096627,1.551703596556999
2009-06-02,20.249364852905273,69.50774383544922,0.29132530759224584,1.850980075990135
2009-06-03,19.50286865234375,68.62837982177734,0.28418081124734706,1.3468686666036354
2009-06-04,19.666004180908203,69.27325439453125,0.2838902885795521,1.327003664435014
2009-06-05,19.3594970703125,69.28791809082031,0.2794065344110457,1.0113688889564243
2009-06-08,19.3001708984375,69.0020980834961,0.27970411675139645,1.0346991430277903
2009-06-09,19.596792221069336,69.35386657714844,0.28256236008514524,1.2361412100200568
2009-06-10,19.68083953857422,69.17798614501953,0.2844956992144406,1.368414646600041
2009-06-11,19.95273780822754,69.4858169555664,0.2871483517418608,1.5493352180388122
2009-06-12,20.031837463378906,69.67630767822266,0.287498550524368,1.5678804068168137
2009-06-15,19.31500816345215,68.07876586914062,0.2837156037842842,1.298939645699686
2009-06-16,19.08759307861328,67.15543365478516,0.2842300621083577,1.3315522592818045
2009-06-17,19.018381118774414,67.08949279785156,0.28347778952628255,1.276751122004202
2009-06-18,19.107370376586914,67.58045959472656,0.28273513514367843,1.2223331770412789
2009-06-19,19.51274871826172,67.8295669555664,0.28767320202772445,1.5612646497481193
2009-06-22,18.95410919189453,65.79557800292969,0.28807573042447565,1.581841920964723
2009-06-23,19.38104248046875,65.84716033935547,0.2943337629228805,2.0003934746775243
2009-06-24,19.512407302856445,66.41461181640625,0.29379690356085675,1.9458911295232704
2009-06-25,20.032806396484375,67.8590316772461,0.29521208748991923,2.0264074925702067
2009-06-26,20.149011611938477,67.68217468261719,0.29770041678512066,2.174255930707348
2009-06-29,20.40163230895996,68.31594848632812,0.2986364496284917,2.2168835411150845
2009-06-30,20.325847625732422,67.76323699951172,0.299953906066779,2.280034006665105
2009-07-01,20.52794075012207,68.04328918457031,0.30168942442566465,2.364830720045965
2009-07-02,20.032806396484375,66.18610382080078,0.30267390343331435,2.4021449143778426
2009-07-06,19.977230072021484,66.17877960205078,0.3018676106170205,2.32570124008807
2009-07-07,19.603351593017578,64.89644622802734,0.3020712647983384,2.3140503610085945
2009-07-08,19.35577964782715,64.85224914550781,0.29845965101995053,2.063255512309008
2009-07-09,19.527568817138672,64.97754669189453,0.30052794867330057,2.175920531993058
2009-07-10,19.411357879638672,64.82276153564453,0.299452806696068,2.0912032890112484
2009-07-13,19.92165184020996,66.39986419677734,0.3000254907325072,2.1078049927468574
2009-07-14,19.936809539794922,66.77571868896484,0.298563758372392,2.0003017553298523
2009-07-15,20.6340389251709,68.7286376953125,0.3002247624439412,2.084250499492297
2009-07-16,21.124130249023438,68.61807250976562,0.30785082524748975,2.5201820158535884
2009-07-17,21.038236618041992,69.36978149414062,0.3032766741498098,2.2195481930671046
2009-07-20,21.396953582763672,70.10673522949219,0.3052053916463435,2.314625335204246
2009-07-21,21.336326599121094,70.4310302734375,0.30293929417596377,2.1586686112064086
2009-07-22,21.366640090942383,70.41626739501953,0.3034332957621895,2.163871616659753
2009-07-23,21.82640838623047,71.97122955322266,0.3032657427380737,2.1317666545329237
2009-07-24,22.089134216308594,72.26602935791016,0.305664146938367,2.2455689923166577
2009-07-27,22.306394577026367,72.47975158691406,0.30776036187538064,2.337082271109907
2009-07-28,22.49332618713379,72.1407470703125,0.31179779944904795,2.53126142536557
2009-07-29,22.190185546875,71.96389770507812,0.30835163539660737,2.305893032081002
2009-07-30,22.402389526367188,72.71558380126953,0.3080823718281977,2.2609777085600187
2009-07-31,22.86720085144043,72.8187484741211,0.31402902865828786,2.553306393912626
2009-08-03,23.26129722595215,74.02001953125,0.3142568371808065,2.5246384926782954
2009-08-04,23.195613861083984,74.21160888671875,0.3125604498952613,2.396520448428186
2009-08-05,22.98847007751465,73.99786376953125,0.31066396928853224,2.2638021874229195
2009-08-06,22.80657386779785,73.61466217041016,0.30981020893640787,2.1893834956490887
2009-08-07,22.846994400024414,74.5801010131836,0.3063416928864943,1.9828949485291536
2009-08-10,22.841941833496094,74.4253158569336,0.30691091560034134,1.9883305742870596
2009-08-11,22.740894317626953,73.49674224853516,0.30941363687558815,2.0910025536382295
2009-08-12,23.01372718811035,74.28528594970703,0.30980196002329735,2.0838297231484466
2009-08-13,23.443178176879883,74.8527603149414,0.31319056342402346,2.2248981638549883
2009-08-14,23.089509963989258,74.27792358398438,0.31085292708650464,2.0791944190097573
2009-08-17,22.12955093383789,72.45024108886719,0.3054448211800133,1.7880156953952984
2009-08-18,22.38216781616211,73.02508544921875,0.30649971415270094,1.8202084334128832
2009-08-19,22.675212860107422,73.66626739501953,0.3078099876910617,1.8638169384835668
2009-08-20,22.99856185913086,74.4253158569336,0.30901530741690864,1.9010546956523822
2009-08-21,23.650331497192383,75.88446807861328,0.3116623479878858,2.0059302670336865
2009-08-24,23.66548728942871,75.87712097167969,0.3118922672126898,1.9925476153572408
2009-08-25,24.064632415771484,76.0245132446289,0.3165378032521851,2.187286480380318
2009-08-26,24.014102935791016,76.03186798095703,0.3158426009184149,2.1256333023842577
2009-08-27,24.302085876464844,76.20138549804688,0.3189192127889556,2.2400796565152326
2009-08-28,24.13030242919922,76.1866226196289,0.31672623880012013,2.1084685720309495
2009-08-31,24.13030242919922,75.50865173339844,0.3195700343637056,2.210309838942648
2009-09-01,23.347187042236328,73.84310913085938,0.3161728605016095,2.026676854600766
2009-09-02,23.0086727142334,73.56307220458984,0.3127747662610237,1.848790723052774
2009-09-03,23.28655242919922,74.17474365234375,0.3139417985499626,1.8805884050107011
2009-09-04,23.857471466064453,75.21387481689453,0.3171950856692945,2.004271153809554
2009-09-08,24.31219482421875,75.8624038696289,0.32047751697928994,2.125160367669415
2009-09-09,24.524394989013672,76.44459533691406,0.3208126732953111,2.1134088846273293
2009-09-10,24.544607162475586,77.22576141357422,0.31782926724450916,1.9579229038550323
2009-09-11,24.499128341674805,77.21101379394531,0.31730095407186537,1.9140964424827742
2009-09-14,24.782068252563477,77.58686065673828,0.3194106327127337,1.9842011748396848
2009-09-15,25.070053100585938,77.9111099243164,0.3217776402484732,2.0630931340729273
2009-09-16,25.56014060974121,79.09024810791016,0.32317689248954107,2.098006736975416
2009-09-17,25.322677612304688,78.97234344482422,0.3206524779145871,1.965041849933491
2009-09-18,25.529827117919922,79.02271270751953,0.3230694852556054,2.043573580618275
2009-09-21,25.287317276000977,78.8227767944336,0.320812312181658,1.9235790368666645
2009-09-22,25.70160675048828,79.28186798095703,0.3241801360767841,2.040728786996943
2009-09-23,25.48435401916504,78.62284851074219,0.32413419892416045,2.0132391496244106
2009-09-24,25.115522384643555,77.75648498535156,0.3230022857820159,1.9421314371335623
2009-09-25,24.994272232055664,77.3418197631836,0.32316633237473275,1.9258848805470417
2009-09-28,25.469192504882812,78.72651672363281,0.3235147897409419,1.9174750579821118
2009-09-29,25.373197555541992,78.48956298828125,0.32326842690320867,1.8853353548584628
2009-09-30,25.27719497680664,78.18598175048828,0.32329574190770816,1.8648135696053134
2009-10-01,24.48397445678711,76.24594116210938,0.3211183976958302,1.757455186445427
2009-10-02,24.337459564208984,75.89051055908203,0.3206917358298949,1.7219134659889368
2009-10-05,24.99932289123535,77.02340698242188,0.3245678667127857,1.85601555989764
2009-10-06,25.474254608154297,78.12672424316406,0.32606326266627317,1.8934014255399214
2009-10-07,25.31761932373047,78.34146881103516,0.32317008741306924,1.760872473746014
2009-10-08,25.555089950561523,78.9412612915039,0.32372284826049397,1.7645301896741563
2009-10-09,25.373197555541992,79.42255401611328,0.3194709345458,1.5839198200126192
2009-10-12,25.398466110229492,79.73355865478516,0.3185417349825665,1.5337791352598882
2009-10-13,25.332778930664062,79.5706558227539,0.31836835663505914,1.5133080373363426
2009-10-14,26.04012107849121,80.94051361083984,0.3217192468495014,1.6262443160692954
2009-10-15,26.115907669067383,81.23670959472656,0.32147914162641916,1.6013922386933148
2009-10-16,25.706663131713867,80.62953186035156,0.31882441257673677,1.4876659793408937
2009-10-19,26.151268005371094,81.29595947265625,0.3216798002632225,1.5810741333404166
2009-10-20,25.959274291992188,80.86646270751953,0.32101409438276707,1.5412613429174582
2009-10-21,26.070430755615234,80.14078521728516,0.3253079026482041,1.685361163592332
2009-10-22,26.358421325683594,80.95531463623047,0.32559222880084066,1.680720038782729
2009-10-23,25.984542846679688,80.0297622680664,0.3246859931889124,1.6329888197879683
2009-10-26,25.393407821655273,79.16339111328125,0.3207721077198147,1.4755397907550296
2009-10-27,25.161001205444336,78.80058288574219,0.31929968388592783,1.4120260256861419
2009-10-28,24.49407958984375,77.31221008300781,0.31682032583915515,1.3125750230430835
2009-10-29,25.550033569335938,78.97085571289062,0.3235375042943259,1.5547628135739473
2009-10-30,24.49407958984375,76.68284606933594,0.3194205855074344,1.3903075791969306
2009-11-02,24.620386123657227,77.2455825805664,0.31872872598220614,1.3543069734003021
2009-11-03,24.428394317626953,77.48992156982422,0.3152460839131853,1.214164464698394
2009-11-04,24.67091178894043,77.6898422241211,0.3175564666197844,1.29161053811306
2009-11-05,25.24689483642578,79.11893463134766,0.31910054090165574,1.339451600529124
2009-11-06,25.31761932373047,79.32628631591797,0.3191580054926903,1.3312623652957267
2009-11-09,26.161376953125,81.13304138183594,0.3224503421485443,1.443751540396281
2009-11-10,26.055274963378906,81.1478042602539,0.32108416488775837,1.3809401075505567
2009-11-11,26.004749298095703,81.56249237060547,0.3188322051260369,1.285688471828533
2009-11-12,25.79254913330078,80.73316192626953,0.3194789912583396,1.3001924231006157
2009-11-13,26.070430755615234,81.17005157470703,0.3211828777960134,1.3533586718541573
2009-11-16,26.328109741210938,82.34738159179688,0.31972005948800736,1.287318261973986
2009-11-17,26.297786712646484,82.44365692138672,0.3189788965538302,1.249599390847034
2009-11-18,26.550411224365234,82.3918228149414,0.32224570736830976,1.3634947475518822
2009-11-19,26.15632438659668,81.31814575195312,0.3216542156086786,1.331338465597466
2009-11-20,25.75212860107422,81.02938079833984,0.3178122348628615,1.1762640791188943
2009-11-23,26.131057739257812,82.05863189697266,0.31844374120282953,1.190703534675765
2009-11-24,26.312950134277344,82.18452453613281,0.3201691593739005,1.2462929951300266
2009-11-25,26.600940704345703,82.47327423095703,0.3225401313624677,1.3251295729674584
2009-11-27,25.767284393310547,81.13304138183594,0.3175929800541081,1.1284287359302467
2009-11-30,25.84307861328125,81.40702056884766,0.31745515844576583,1.1148821951186132
2009-12-01,26.353370666503906,82.41403198242188,0.3197680059158473,1.1935508395267045
2009-12-02,26.2270565032959,82.37699890136719,0.31837839267121704,1.1314958552198426
2009-12-03,26.100744247436523,81.73281860351562,0.31934227515205055,1.1588695452708082
2009-12-04,26.04012107849121,82.19929504394531,0.31679251098892836,1.0535503105701696
2009-12-07,26.03506851196289,82.07341003417969,0.3172168489297632,1.061528997259484
2009-12-08,25.347944259643555,81.16268157958984,0.31231033482779674,0.8675168379334638
2009-12-09,25.00942611694336,81.46622467041016,0.3069913478637876,0.6583556202049734
2009-12-10,24.94373893737793,81.9253158569336,0.3044692434379777,0.5564731998511893
2009-12-11,24.938690185546875,82.27336883544922,0.3031198374218209,0.5003626316853934
2009-12-14,25.115522384643555,82.83611297607422,0.3031953272831348,0.4988316216313887
2009-12-15,24.898277282714844,82.45103454589844,0.30197652970448285,0.448780232777271
2009-12-16,25.20646858215332,82.57693481445312,0.3052482952871911,0.5709955888362716
2009-12-17,24.403133392333984,81.5847396850586,0.29911394565377486,0.3347618024244351
2009-12-18,24.45871925354004,82.0462646484375,0.2981088701398405,0.29462168711507997
2009-12-21,24.76691246032715,82.88006591796875,0.2988283393118969,0.3199592434276723
2009-12-22,24.866395950317383,83.17787170410156,0.2989544627780035,0.322652384758729
2009-12-23,25.1617488861084,83.34162139892578,0.3019109595392719,0.4334531457820926
2009-12-24,25.30164337158203,83.7361831665039,0.3021590239105044,0.44071086526398995
2009-12-28,25.31719207763672,83.91486358642578,0.3017009263390148,0.4209916103879842
2009-12-29,25.29129409790039,83.79573822021484,0.3018207683955833,0.4229916526074202
2009-12-30,25.084022521972656,83.7659683227539,0.29945362089438077,0.33066484207003316
2009-12-31,24.892311096191406,82.96198272705078,0.3000447949525073,0.35090703741813045
2010-01-04,25.64881706237793,84.3689956665039,0.30400761393158315,0.4986615803168509
2010-01-05,25.804262161254883,84.59233093261719,0.3050425715519,0.5339981862872786
2010-01-06,25.887161254882812,84.65188598632812,0.30580725938065656,0.5588296955626773
2010-01-07,25.752452850341797,85.00921630859375,0.3029371869146196,0.4459263053132406
2010-01-08,25.887161254882812,85.29209899902344,0.303511832381792,0.46467432011430637
2010-01-11,25.91825294494629,85.41121673583984,0.30345256671739457,0.45853466093573136
2010-01-12,25.51927947998047,84.61465454101562,0.3015940869629196,0.3839725520271496
2010-01-13,25.767995834350586,85.32933044433594,0.30198286685444203,0.39445147966981503
2010-01-14,25.793903350830078,85.56010437011719,0.3014711534157371,0.3701521007171665
2010-01-15,25.16693115234375,84.59977722167969,0.2974822390654526,0.21334403787996414
2010-01-19,25.508909225463867,85.65689849853516,0.29780332550681954,0.22137022592317077
2010-01-20,24.58141326904297,84.78585815429688,0.2899235061619436,-0.08716410387994852
2010-01-21,23.638362884521484,83.15550994873047,0.2842669463406059,-0.310661680807065
2010-01-22,23.18238639831543,81.30181121826172,0.2851398517565656,-0.28285517642884533
2010-01-25,23.5295467376709,81.71871948242188,0.28793337544566183,-0.18045920099428953
2010-01-26,23.545093536376953,81.37625885009766,0.2893361512200889,-0.13151665352001635
2010-01-27,23.265295028686523,81.76339721679688,0.28454413369099923,-0.32526957709166565
2010-01-28,22.55541229248047,80.82537841796875,0.2790634913682761,-0.546115776017868
2010-01-29,22.327430725097656,79.94690704345703,0.2792782304005964,-0.5444331714040457
2010-02-01,22.78340721130371,81.1901626586914,0.2806178293678384,-0.49678346134170237
2010-02-02,23.187562942504883,82.1728515625,0.2821803369555529,-0.44109168284085826
2010-02-03,22.57613754272461,81.76339721679688,0.27611545399543075,-0.6888208512951559
2010-02-04,20.850671768188477,79.23966979980469,0.2631342586467955,-1.2132401243235873
2010-02-05,20.6693172454834,79.40347290039062,0.26030747132952814,-1.3299884996833975
2010-02-08,20.425779342651367,78.83023834228516,0.2591109677223292,-1.3819703554808376
2010-02-09,21.405105590820312,79.82034301757812,0.2681660436626595,-1.022110020749152
2010-02-10,21.37919044494629,79.66403198242188,0.26836691431414966,-1.0195485498548273
2010-02-11,21.182296752929688,80.49784088134766,0.2631411789559922,-1.2359059640680512
2010-02-12,20.804035186767578,80.43080139160156,0.25865756435121007,-1.4210670786284518
2010-02-16,21.405105590820312,81.69638061523438,0.26200800365480065,-1.2884688223665608
2010-02-17,21.244468688964844,82.08352661132812,0.25881525277975753,-1.4268853010481357
2010-02-18,21.46727752685547,82.56739807128906,0.25999702095881144,-1.3865548419486142
2010-02-19,21.503555297851562,82.73860168457031,0.2598974947610421,-1.3973554784950915
2010-02-22,21.353288650512695,82.75350952148438,0.25803484074556354,-1.4804816807854142
2010-02-23,20.710771560668945,81.74848937988281,0.2533474528737357,-1.6797066297987306
2010-02-24,20.67967987060547,82.50040435791016,0.2506615577408706,-1.7929319261071022
2010-02-25,20.643407821655273,82.38872528076172,0.2505610780031772,-1.801120396298087
2010-02-26,20.985387802124023,82.4408187866211,0.25455093861258005,-1.6364002802727877
2010-03-01,21.01129722595215,83.29698181152344,0.2522456008489543,-1.7308420958581587
2010-03-02,21.208206176757812,83.5277328491211,0.25390616329868426,-1.6631594600480393
2010-03-03,21.643455505371094,83.60220336914062,0.25888618520980466,-1.4583875913197024
2010-03-04,21.788537979125977,83.85531616210938,0.25983490345447274,-1.4225369494928994
2010-03-05,22.534692764282227,85.05388641357422,0.2649460678928575,-1.2162025292590566
2010-03-08,22.53986358642578,85.06874084472656,0.26496058790345944,-1.2223891272714407
2010-03-09,22.280786514282227,85.210205078125,0.2614802592465783,-1.3779078502959643
2010-03-10,22.51913833618164,85.58988189697266,0.2631051455742008,-1.31797630552557
2010-03-11,22.534692764282227,85.94721221923828,0.2621922478043808,-1.3642662683108349
2010-03-12,22.690134048461914,85.95464324951172,0.2639779910736912,-1.295755674644452
2010-03-15,22.446603775024414,85.97699737548828,0.2610768514861378,-1.4258386622497883
2010-03-16,22.7989444732666,86.66188049316406,0.2630792724958812,-1.345661330473311
2010-03-17,22.83521842956543,87.17557525634766,0.261945141886548,-1.3994979227057207
2010-03-18,22.560592651367188,87.13090515136719,0.2589275597696828,-1.530647070374726
2010-03-19,22.171977996826172,86.68984985351562,0.25576209941869,-1.6645908182730655
2010-03-22,21.959529876708984,87.1532974243164,0.25196441816534315,-1.8223299557552346
2010-03-23,22.213424682617188,87.76626586914062,0.25309752514408407,-1.7678066931102732
2010-03-24,21.539823532104492,87.3402099609375,0.2466197819050135,-2.037281843932872
2010-03-25,21.747085571289062,87.19820404052734,0.2493983197312368,-1.9097500055144834
2010-03-26,22.073528289794922,87.1458740234375,0.25329401462952045,-1.7407111538857043
2010-03-29,22.213424682617188,87.69900512695312,0.25329163826272627,-1.7425552538462965
2010-03-30,21.959529876708984,87.75882720947266,0.2502258812585713,-1.8746201539920928
2010-03-31,21.886987686157227,87.4598159790039,0.25025192931358947,-1.870202275601904
2010-04-01,22.41551399230957,88.05785369873047,0.2545543986229673,-1.6861340083987872
2010-04-05,22.337787628173828,88.77545928955078,0.2516212003512898,-1.8048647439393006
2010-04-06,22.218610763549805,88.98477935791016,0.24969001354920725,-1.8772866762177784
2010-04-07,22.109800338745117,88.47644805908203,0.24989475531364944,-1.8610556538432115
2010-04-08,22.037250518798828,88.78290557861328,0.24821501814091712,-1.9216549502992593
2010-04-09,22.778217315673828,89.36600494384766,0.25488682558861525,-1.6356683893010773
2010-04-12,23.146108627319336,89.50802612304688,0.25859254895756867,-1.4775245595382767
2010-04-13,23.166841506958008,89.57528686523438,0.2586298332687722,-1.4712945751677637
2010-04-14,23.41555404663086,90.5918960571289,0.2584729436710827,-1.4722522449925513
2010-04-15,23.286020278930664,90.66667175292969,0.2568310916097814,-1.5337014787055767
2010-04-16,22.726409912109375,89.22396850585938,0.2547119377526558,-1.6142055126438022
2010-04-19,22.49323081970215,89.56036376953125,0.25115162414463554,-1.75263626169641
2010-04-20,22.55541229248047,90.36021423339844,0.249616631432727,-1.8068205815103384
2010-04-21,22.006166458129883,90.19574737548828,0.2439823062446324,-2.025636301298467
2010-04-22,21.596818923950195,90.46482849121094,0.23873166272623203,-2.220212788306941
2010-04-23,21.78335952758789,91.05538177490234,0.23923198281062014,-2.1781430610059926
2010-04-26,21.570911407470703,90.71151733398438,0.237796831553928,-2.2141137245319578
2010-04-27,20.254791259765625,88.56610870361328,0.22869686335151448,-2.547750522148323
2010-04-28,19.866168975830078,89.23890686035156,0.2226177983883006,-2.7482245094780557
2010-04-29,20.524232864379883,90.34526062011719,0.2271755344276438,-2.536711630101107
2010-04-30,20.529417037963867,88.81282806396484,0.23115373629559632,-2.354977476287045
2010-05-03,20.5656795501709,89.96399688720703,0.22859899806313916,-2.422162769281661
2010-05-04,19.083757400512695,87.84849548339844,0.2172348802959196,-2.8057077632876415
2010-05-05,18.441234588623047,87.32522583007812,0.21117877925110598,-2.975078152729428
2010-05-06,17.176931381225586,84.42485809326172,0.20345822035318936,-3.1878580810057744
2010-05-07,17.31165313720703,83.16905212402344,0.20815017960516768,-2.9603433681706606
2010-05-10,19.82990264892578,86.8319091796875,0.22837114646287854,-2.2148061420132676
2010-05-11,19.083757400512695,86.58522033691406,0.22040432912517144,-2.4590091451756404
2010-05-12,19.26511001586914,87.79618835449219,0.2194299134955945,-2.4551706844852084
2010-05-13,18.612232208251953,86.70479583740234,0.21466208447287627,-2.5776549393734753
2010-05-14,17.534461975097656,85.135009765625,0.20596065030555213,-2.8194353041842466
2010-05-17,17.518917083740234,85.17984771728516,0.20566973941871936,-2.7788230269249583
2010-05-18,17.29610824584961,84.02117156982422,0.20585416654748742,-2.7236853146476943
2010-05-19,17.772815704345703,83.54278564453125,0.21273908413789072,-2.461941332139004
2010-05-20,17.13029670715332,80.38829040527344,0.21309442732009612,-2.41358688639174
2010-05-21,18.083707809448242,81.56185913085938,0.22171769994151805,-2.1130750147692674
2010-05-24,17.13547706604004,80.5153579711914,0.21282246639418972,-2.356011081518983
2010-05-25,17.13547706604004,80.5975570678711,0.2126054149707078,-2.3276655992985495
2010-05-26,16.3375186920166,80.11170959472656,0.20393421604239534,-2.5495953427595657
2010-05-27,17.534461975097656,82.79529571533203,0.21178089677202064,-2.27828815658503
2010-05-28,17.39974021911621,81.75621795654297,0.21282467137074443,-2.2156858397543875
2010-06-01,16.819406509399414,80.38079833984375,0.2092465720269196,-2.288409962712667
2010-06-02,17.43600845336914,82.47382354736328,0.21141263619669512,-2.1940908132687937
2010-06-03,17.037031173706055,82.75792694091797,0.20586585241398117,-2.3210408629481325
2010-06-04,15.871173858642578,79.85005950927734,0.19876220451405666,-2.4845377979880467
2010-06-07,15.617279052734375,78.85584259033203,0.19804847097847258,-2.4653083783038685
2010-06-08,15.80899715423584,79.7005615234375,0.19835490305280845,-2.418971481767179
2010-06-09,15.783086776733398,79.27447509765625,0.19909418204649867,-2.362478154662033
2010-06-10,16.98521614074707,81.591796875,0.20817308591412328,-2.086656855155883
2010-06-11,17.62255096435547,81.98795318603516,0.21494073555378235,-1.8813544512653542
2010-06-14,17.508556365966797,81.86087799072266,0.2138818541373457,-1.888467924068743
2010-06-15,18.513782501220703,83.72220611572266,0.22113347653107168,-1.6778566609237515
2010-06-16,18.301332473754883,83.69231414794922,0.2186739924696339,-1.7261127960161229
2010-06-17,18.446422576904297,83.82686614990234,0.22005382551123542,-1.6734250393434165
2010-06-18,18.819494247436523,83.9177474975586,0.22426119395046962,-1.5489532565743391
2010-06-21,18.61741065979004,83.67737579345703,0.22249037428879057,-1.5806925635144449
2010-06-22,18.389421463012695,82.29540252685547,0.22345624297799227,-1.5414723517126823
2010-06-23,18.510578155517578,82.04004669189453,0.2256285668026857,-1.4718206301091599
2010-06-24,17.944799423217773,80.68062591552734,0.2224177021383794,-1.5404367013049474
2010-06-25,18.126285552978516,81.01861572265625,0.2237298846851272,-1.4929862894465353
2010-06-28,17.95014762878418,80.76321411132812,0.22225647934269657,-1.5165535416285287
2010-06-29,16.978710174560547,78.2696304321289,0.2169259019216086,-1.6361270025836456
2010-06-30,16.989389419555664,77.52607727050781,0.21914419015778971,-1.5646288371849881
2010-07-01,17.78468132019043,77.18059539794922,0.2304294392715062,-1.2687314387572073
2010-07-02,17.80069351196289,76.75994110107422,0.2319008229634217,-1.2216334934365725
2010-07-06,18.542613983154297,77.2632064819336,0.2399928093521475,-1.0104090018394039
2010-07-07,19.732881546020508,79.69670104980469,0.2475997285469681,-0.8133093902935313
2010-07-08,19.999759674072266,80.48533630371094,0.2484894838309837,-0.7853648395283015
2010-07-09,19.9623966217041,81.08617401123047,0.2461874279447357,-0.8369728645751332
2010-07-12,19.70085334777832,81.13871765136719,0.24280459339310695,-0.9150305717742652
2010-07-13,20.111845016479492,82.3630142211914,0.24418539324541694,-0.8740526342813681
2010-07-14,20.14920425415039,82.35552215576172,0.2446612410038702,-0.8559529288177457
2010-07-15,20.378725051879883,82.37802124023438,0.24738060886957405,-0.782268356693322
2010-07-16,19.732881546020508,80.10977172851562,0.24632302801827174,-0.8023897322584486
2010-07-19,19.98908233642578,80.58293151855469,0.24805603320379552,-0.753389818970457
2010-07-20,20.298664093017578,81.47674560546875,0.24913444863530637,-0.7208359136820072
2010-07-21,19.5140438079834,80.41771697998047,0.24265851532245447,-0.8757452673909109
2010-07-22,20.464120864868164,82.2127914428711,0.24891650685633868,-0.7142177803074043
2010-07-23,20.78437042236328,82.92633819580078,0.25063653930176505,-0.666102362722065
2010-07-26,21.077938079833984,83.7900390625,0.2515566088244892,-0.6379393376434688
2010-07-27,21.40886688232422,83.78255462646484,0.25552893412922606,-0.5340837240489406
2010-07-28,21.22739601135254,83.24176788330078,0.2550089522499316,-0.5419328695132988
2010-07-29,21.382177352905273,82.83618927001953,0.2581260381643849,-0.45952803961224553
2010-07-30,21.0672664642334,82.82115936279297,0.2543705814591358,-0.5483774628326114
2010-08-02,22.06004524230957,84.69139099121094,0.26047565146968604,-0.3910219038563394
2010-08-03,22.220176696777344,84.28579711914062,0.26362895596002284,-0.30755067024437566
2010-08-04,22.070722579956055,84.84908294677734,0.26011739683503937,-0.3909330566892167
2010-08-05,22.11342430114746,84.75896453857422,0.2608977636941699,-0.3668454437588012
2010-08-06,22.044034957885742,84.41345977783203,0.2611436021684633,-0.3562490548285584
2010-08-09,22.10808563232422,84.86408996582031,0.2605116680238771,-0.3679297688339738
2010-08-10,21.883909225463867,84.40592193603516,0.25926983229977657,-0.3948430592602325
2010-08-11,20.501489639282227,82.09266662597656,0.2497359445355737,-0.6298016008930709
2010-08-12,20.400075912475586,81.58940887451172,0.2500333829339522,-0.6168078359529534
2010-08-13,20.079822540283203,81.34906005859375,0.24683533559970078,-0.6916103287765866
2010-08-16,20.17055892944336,81.31151580810547,0.24806521842546533,-0.6547761333523218
2010-08-17,20.352041244506836,82.31041717529297,0.24725960507725245,-0.6695729415658621
2010-08-18,20.490812301635742,82.4606704711914,0.24849194391154564,-0.6329110875214159
2010-08-19,20.0584716796875,81.0261001586914,0.247555684407895,-0.6510057875682818
2010-08-20,19.642147064208984,80.76321411132812,0.24320660439706188,-0.7550147162343304
2010-08-23,19.743558883666992,80.45526885986328,0.24539796042514328,-0.6934378041418352
2010-08-24,19.38060760498047,79.26106262207031,0.24451612133173597,-0.7097282798994875
2010-08-25,19.28986358642578,79.56900024414062,0.2424293823881024,-0.7563191875058806
2010-08-26,19.284526824951172,79.03572845458984,0.2439975844093237,-0.7102014977273884
2010-08-27,19.839630126953125,80.260009765625,0.24719197250148292,-0.622854147927799
2010-08-30,19.423301696777344,79.09581756591797,0.24556673531555678,-0.6583299010736952
2010-08-31,19.647476196289062,79.09581756591797,0.24840094964458742,-0.5799779120063653
2010-09-01,20.490812301635742,81.46173095703125,0.25153912224678926,-0.4940093291349734
2010-09-02,20.74167251586914,82.22032165527344,0.2522694158608757,-0.46995908970063194
2010-09-03,20.891128540039062,83.28687286376953,0.25083338852462633,-0.5014916847226851
2010-09-07,20.20258331298828,82.34798431396484,0.24533184972643296,-0.6374362437357446
2010-09-08,20.3893985748291,82.92633819580078,0.2458736152883883,-0.6174120678251843
2010-09-09,20.602895736694336,83.30937957763672,0.24730583568317566,-0.5743626434455635
2010-09-10,20.666948318481445,83.72998046875,0.2468285338510838,-0.5809008606567645
2010-09-13,21.136655807495117,84.66132354736328,0.24966129658568756,-0.5014019339923151
2010-09-14,21.40886688232422,84.60871887207031,0.2530338145728782,-0.407670705504387
2010-09-15,21.382177352905273,84.93169403076172,0.25175733978838083,-0.43538419127315847
2010-09-16,21.488933563232422,84.9091796875,0.25308139405327384,-0.3947563518577182
2010-09-17,21.083280563354492,84.94086456298828,0.24821127818542618,-0.5175209626768535
2010-09-20,21.47825813293457,86.2396011352539,0.24905331019851468,-0.4892980152838056
2010-09-21,21.6330509185791,86.06596374511719,0.25135430984825774,-0.42230893291164295
2010-09-22,21.5156192779541,85.64311981201172,0.2512241418246007,-0.41985721050378955
2010-09-23,21.125978469848633,84.94844055175781,0.24869177506533377,-0.48179098411220705
2010-09-24,22.081398010253906,86.70024871826172,0.25468667433710473,-0.3144361295565359
2010-09-27,21.64906120300293,86.28495788574219,0.2509019153914456,-0.41086942574433055
2010-09-28,21.899919509887695,86.5870132446289,0.25292383567978277,-0.34994864467357756
2010-09-29,21.7291259765625,86.43597412109375,0.25138984314703,-0.3858293963893385
2010-09-30,21.697099685668945,86.17924499511719,0.2517671126835502,-0.36946191919512683
2010-10-01,21.814516067504883,86.54168701171875,0.25206945716866996,-0.35518292448955185
2010-10-04,21.504947662353516,85.8923110961914,0.25037104471749483,-0.3962432255300776
2010-10-05,22.551101684570312,87.62151336669922,0.2573694611983376,-0.19530828406203596
2010-10-06,22.609813690185547,87.61392211914062,0.25806188267019814,-0.16940603123035075
2010-10-07,22.56711769104004,87.50820922851562,0.25788572169393986,-0.1679953066652733
2010-10-08,22.684537887573242,87.99903106689453,0.25778167796335233,-0.16447525472442454
2010-10-11,22.46570587158203,88.08207702636719,0.25505422476421585,-0.2359506580989068
2010-10-12,22.46570587158203,88.3539047241211,0.25426953049477136,-0.2523192667904496
2010-10-13,22.882022857666016,89.04106140136719,0.25698281778697074,-0.1682270799353542
2010-10-14,23.106210708618164,88.69367980957031,0.260516992397072,-0.05953349538954163
2010-10-15,23.090200424194336,88.87494659423828,0.259805505477415,-0.07351725565824097
2010-10-18,23.228979110717773,89.31290435791016,0.2600853625544477,-0.05885604486502633
2010-10-19,22.679201126098633,88.14250183105469,0.2573015362051842,-0.13392781423859879
2010-10-20,23.170255661010742,89.0033187866211,0.2603302436009125,-0.03754761949967585
2010-10-21,22.940744400024414,89.19961547851562,0.2571843418489832,-0.12393048408203515
2010-10-22,23.14890480041504,89.36575317382812,0.2590355251120346,-0.06103936661024697
2010-10-25,22.946081161499023,89.63003540039062,0.25600883742816216,-0.14520048032774596
2010-10-26,22.72724151611328,89.64511108398438,0.25352460654347536,-0.21400247291903543
2010-10-27,22.471036911010742,89.3884048461914,0.2513864851898425,-0.27290338841260997
2010-10-28,22.689878463745117,89.40350341796875,0.2537918269004299,-0.1922978043255991
2010-10-29,22.919397354125977,89.47146606445312,0.2561643210095092,-0.11138842218353893
2010-11-01,22.28422737121582,89.50170135498047,0.24898104766559032,-0.3291354036422656
2010-11-02,22.898046493530273,90.21143341064453,0.2538264344974748,-0.16992061840337438
2010-11-03,22.82866096496582,90.57391357421875,0.2520445464273705,-0.2197448962643735
2010-11-04,22.99411964416504,92.31819152832031,0.2490746326753072,-0.30776852388437864
2010-11-05,22.24686050415039,92.6655502319336,0.24007692662989089,-0.5902701794386738
2010-11-08,21.996004104614258,92.4918441772461,0.2378156074222325,-0.6573800083430855
2010-11-09,21.739797592163086,91.82737731933594,0.2367463628691198,-0.6864899991381235
2010-11-10,21.697099685668945,92.1973648071289,0.2353331869197988,-0.727185079080496
2010-11-11,21.27543067932129,91.84999084472656,0.23163236581359756,-0.8437474047211485
2010-11-12,21.344816207885742,90.76265716552734,0.2351717862221506,-0.7204465912733986
2010-11-15,21.355493545532227,90.63431549072266,0.23562260530028695,-0.6998557996853284
2010-11-16,20.837751388549805,89.22227478027344,0.23354875718946497,-0.7645311889518386
2010-11-17,21.003211975097656,89.26760864257812,0.23528368570052316,-0.6999154105753458
2010-11-18,21.462244033813477,90.58145904541016,0.23693859935568115,-0.6376392564121399
2010-11-19,21.520950317382812,90.83063507080078,0.2369349317067709,-0.6323346220984719
2010-11-22,20.76302719116211,90.75508880615234,0.22878085917045096,-0.9129565784094903
2010-11-23,19.834291458129883,89.4412612915039,0.22175773431332366,-1.1561479484482866
2010-11-24,20.005096435546875,90.76265716552734,0.22041109262659436,-1.1998225780759149
2010-11-26,19.327232360839844,89.7055435180664,0.2154519286419284,-1.3741295951220749
2010-11-29,18.793472290039062,89.97740936279297,0.20886878632238606,-1.6058641819087363
2010-11-30,18.45186996459961,89.47146606445312,0.20623189466133615,-1.6948005482936865
2010-12-01,19.56208610534668,91.37432861328125,0.21408733067838195,-1.4036458359442459
2010-12-02,20.213258743286133,92.54471588134766,0.21841613052442366,-1.2404388652497504
2010-12-03,20.54952049255371,92.79386901855469,0.22145342908856092,-1.1244348135138078
2010-12-06,20.090497970581055,92.69573211669922,0.21673595441576682,-1.2983974588569445
2010-12-07,19.999759674072266,92.74859619140625,0.21563409577432904,-1.3371777822106314
2010-12-08,20.490812301635742,93.08839416503906,0.22012209454711398,-1.1612550617878281
2010-12-09,20.634923934936523,93.45083618164062,0.22081047937151008,-1.1295191516265461
2010-12-10,20.608232498168945,93.99449157714844,0.21924936400399803,-1.1845363363715706
2010-12-13,20.76836395263672,94.05491638183594,0.22081104052363545,-1.1177237093962085
2010-12-14,20.6989688873291,94.137939453125,0.21987913701506007,-1.1488525846230895
2010-12-15,20.165225982666016,93.70753479003906,0.21519321821717097,-1.3282020898357727
2010-12-16,20.30933380126953,94.251220703125,0.2154808569030677,-1.311537974803686
2010-12-17,19.983745574951172,94.3521957397461,0.21179947555298886,-1.4515315441808132
2010-12-20,20.015769958496094,94.57990264892578,0.21162815141387153,-1.450495209440089
2010-12-21,20.35734748840332,95.17958068847656,0.21388355927972683,-1.3523620244718624
2010-12-22,20.340848922729492,95.4756088256836,0.21304759585107422,-1.3795975652996793
2010-12-23,20.181339263916016,95.3389663696289,0.21167986220527102,-1.4296814103859479
2010-12-27,19.94481086730957,95.37691497802734,0.20911570553424166,-1.5290537507800168
2010-12-28,19.856813430786133,95.51353454589844,0.20789528442426203,-1.5731888099801499
2010-12-29,20.049320220947266,95.58187866210938,0.2097606837361236,-1.4900966853576794
2010-12-30,19.98881721496582,95.43006134033203,0.2094603831771599,-1.4965250132762447
2010-12-31,20.20884132385254,95.45282745361328,0.21171548148925526,-1.396403425607103
2011-01-03,20.104328155517578,96.43960571289062,0.20846547439617258,-1.5307441198545302
2011-01-04,20.071327209472656,96.38650512695312,0.2082379393571351,-1.5377968567966727
2011-01-05,19.823808670043945,96.88746643066406,0.20460653374841348,-1.6920662381697695
2011-01-06,19.279253005981445,96.69770812988281,0.19937652483020446,-1.913935593195625
2011-01-07,18.971227645874023,96.50794982910156,0.19657683827569333,-2.030120572464607
2011-01-10,18.85572052001953,96.38650512695312,0.19562614595460412,-2.0655483135597894
2011-01-11,19.015226364135742,96.72807312011719,0.19658436016318223,-2.0163996614705355
2011-01-12,20.46186637878418,97.60099029541016,0.20964814308596655,-1.4320060781686486
2011-01-13,21.143922805786133,97.44161224365234,0.21699069133745286,-1.099338398003103
2011-01-14,21.46845054626465,98.14752197265625,0.21873655202671063,-1.0168447067964377
2011-01-18,21.875490188598633,98.31450653076172,0.2225052127150126,-0.8395278820291053
2011-01-19,21.89199447631836,97.35054016113281,0.22487799697960725,-0.7234883384388483
2011-01-20,22.332029342651367,97.22151184082031,0.2297025516247407,-0.4893605482911145
2011-01-21,22.84908676147461,97.44161224365234,0.2344900318802255,-0.2540623980354539
2011-01-24,22.964588165283203,97.9957046508789,0.23434280356569934,-0.2536181482705341
2011-01-25,22.667560577392578,98.0488510131836,0.231186396813,-0.4003731135254689
2011-01-26,22.56305503845215,98.42838287353516,0.22923321891249693,-0.49023011718411497
2011-01-27,22.986591339111328,98.6712875366211,0.23296129920854666,-0.2984436091749576
2011-01-28,22.44204330444336,96.9482192993164,0.23148484280207507,-0.3656926452030953
2011-01-31,23.030593872070312,97.67691802978516,0.23578337990811163,-0.14128990415419942
2011-02-01,23.586145401000977,99.2405776977539,0.23766634524070085,-0.036894127921751195
2011-02-02,23.49814224243164,99.05084991455078,0.23723312079303738,-0.051612453809127844
2011-02-03,23.201114654541016,99.27098083496094,0.23371497349374554,-0.2284148221908574
2011-02-04,22.986591339111328,99.55181884765625,0.23090076710991705,-0.36937909203696784
2011-02-07,23.052597045898438,100.17424774169922,0.23012498287324204,-0.40462110421396125
2011-02-08,23.305618286132812,100.62969970703125,0.23159781211693697,-0.3217671864709813
2011-02-09,23.322126388549805,100.4019546508789,0.23228757318168053,-0.2795101530814363
2011-02-10,22.76656723022461,100.43990325927734,0.22666854996320127,-0.5695893567076463
2011-02-11,22.772071838378906,101.0395736694336,0.22537775063146268,-0.6318981610865321
2011-02-14,22.59055519104004,101.28244018554688,0.22304513151198482,-0.7488983990941114
2011-02-15,22.546552658081055,100.96365356445312,0.22331355752382512,-0.728337558426811
2011-02-16,23.162612915039062,101.6012954711914,0.22797556672500024,-0.4750800895122354
2011-02-17,23.509138107299805,101.90489196777344,0.23069685520823055,-0.3248564911779538
2011-02-18,23.487138748168945,102.117431640625,0.2300012678621379,-0.3569018136075618
2011-02-22,22.42554473876953,100.06796264648438,0.22410314096224276,-0.6669621611852925
2011-02-23,22.585052490234375,99.45314025878906,0.22709240182326415,-0.5021054331998293
2011-02-24,22.73356819152832,99.3847885131836,0.2287429347249923,-0.4093013984862028
2011-02-25,23.00309181213379,100.447509765625,0.22900609348909787,-0.390366306578887
2011-02-28,23.129606246948242,101.06993103027344,0.228847551503921,-0.39435628000401773
2011-03-01,22.689559936523438,99.3847885131836,0.22830012797696522,-0.41896052930855565
2011-03-02,22.816076278686523,99.59734344482422,0.22908318123290475,-0.3714135337840905
2011-03-03,22.99209213256836,101.31282806396484,0.22694156872269006,-0.4814656819915917
2011-03-04,22.56305503845215,100.55374145507812,0.22438802089260973,-0.6137262874896255
2011-03-07,22.56305503845215,99.76433563232422,0.2261635372545055,-0.5110600311187566
2011-03-08,22.689559936523438,100.63726043701172,0.22545883938011907,-0.5436480243832896
2011-03-09,22.80507469177246,100.49305725097656,0.2269318430109842,-0.4568931215706895
2011-03-10,22.139509201049805,98.63331604003906,0.22446278894306387,-0.5868681356661414
2011-03-11,22.39803695678711,99.31649780273438,0.22552181613647726,-0.5222557225812132
2011-03-14,22.656558990478516,98.71685791015625,0.22951053619533354,-0.2948998593680891
2011-03-15,22.38153648376465,97.5858154296875,0.2293523539790574,-0.2976908639746823
2011-03-16,21.473953247070312,95.77925109863281,0.22420255953929502,-0.5802791428310781
2011-03-17,22.33753776550293,97.04686737060547,0.2301726822381569,-0.2387511585257599
2011-03-18,22.585052490234375,97.39987182617188,0.2318796941595733,-0.13737370994366452
2011-03-21,23.371625900268555,98.90934753417969,0.23629339878308386,0.1164048500475973
2011-03-22,23.212114334106445,98.56627655029297,0.2354975266034583,0.07536747692410878
2011-03-23,23.234115600585938,98.84833526611328,0.23504812233849473,0.05246572925077009
2011-03-24,23.65764617919922,99.79366302490234,0.23706561581265664,0.17038972764279978
2011-03-25,23.294620513916016,100.09864044189453,0.23271665240486583,-0.0731475486280833
2011-03-28,23.338621139526367,99.85466766357422,0.23372589069303984,-0.01104152482519552
2011-03-29,23.454133987426758,100.52552795410156,0.23331520325996757,-0.030784535250805618
2011-03-30,23.575143814086914,101.2193603515625,0.23291140876808544,-0.05010326417152349
2011-03-31,23.333120346069336,101.08207702636719,0.23083340818158007,-0.16465310652400492
2011-04-01,23.597150802612305,101.50900268554688,0.23246362567181572,-0.06639654280257326
2011-04-04,23.690654754638672,101.59288024902344,0.23319207700941622,-0.020549184303334418
2011-04-05,23.48163414001465,101.57763671875,0.23116932918050676,-0.13358469869379036
2011-04-06,24.092191696166992,101.89781188964844,0.23643482867186535,0.17474272868241258
2011-04-07,24.22420883178711,101.63863372802734,0.23833662401059183,0.28985928768396607
2011-04-08,24.394725799560547,101.28791046142578,0.24084538508523157,0.4418319119255806
2011-04-11,24.262710571289062,100.98301696777344,0.2402652574643515,0.4138490148092084
2011-04-12,24.202207565307617,100.22822570800781,0.24147097680662588,0.490533131979259
2011-04-13,24.037185668945312,100.22062683105469,0.239842699342378,0.39995761942488456
2011-04-14,23.910682678222656,100.29684448242188,0.23839915205321605,0.31936930956957194
2011-04-15,23.668649673461914,100.66275024414062,0.2351281841203183,0.12932974792158813
2011-04-18,22.997596740722656,99.53448486328125,0.23105154733368777,-0.10897336066476382
2011-04-19,23.14610481262207,100.1062240600586,0.23121544169656819,-0.09626950382603588
2011-04-20,23.668649673461914,101.47090148925781,0.23325553755888911,0.02671608918650712
2011-04-21,23.850173950195312,101.98928833007812,0.23384979286262506,0.06346193470479819
2011-04-25,23.97117805480957,101.88257598876953,0.2352824103844008,0.1495723634442992
2011-04-26,24.251707077026367,102.75927734375,0.23600503724738775,0.190980451185723
2011-04-27,24.862260818481445,103.4301986694336,0.2403771929119277,0.44789154687245514
2011-04-28,25.060285568237305,103.76561737060547,0.24150856712713334,0.5118982066437203
2011-04-29,25.192291259765625,104.00958251953125,0.24221125255487816,0.5509006975629884
2011-05-02,25.03827667236328,103.84947204589844,0.2411016269904299,0.4815873080194428
2011-05-03,24.961271286010742,103.47590637207031,0.24122785836015795,0.48407005715266777
2011-05-04,24.719249725341797,102.78977966308594,0.24048353646018195,0.4340089027984008
2011-05-05,24.00417709350586,101.85969543457031,0.23565922704849407,0.13826572855544478
2011-05-06,23.586145401000977,102.30943298339844,0.2305373484459469,-0.1766463605744935
2011-05-09,23.503633499145508,102.7059097290039,0.2288440223270632,-0.27931255643084557
2011-05-10,23.734661102294922,103.58264923095703,0.22913742097263823,-0.2639364889468891
2011-05-11,23.327619552612305,102.49247741699219,0.22760323626195056,-0.35934528206852784
2011-05-12,23.503633499145508,102.98040771484375,0.2282340303432073,-0.3251104029192368
2011-05-13,22.909582138061523,102.1875,0.22419162948561736,-0.5783671699609206
2011-05-16,22.926088333129883,101.53950500488281,0.22578491329091488,-0.48845279449040296
2011-05-17,23.173608779907227,101.52423858642578,0.2282569079321875,-0.3438767277729414
2011-05-18,23.267114639282227,102.43148803710938,0.22714806828592496,-0.41725080436421486
2011-05-19,23.48163414001465,102.67540740966797,0.2286977449850723,-0.3259914401569428
2011-05-20,22.656558990478516,101.85969543457031,0.22242908634094613,-0.7162763625927425
2011-05-23,22.25502586364746,100.67800903320312,0.221051509434477,-0.8057706750947953
2011-05-24,22.30452537536621,100.59417724609375,0.22172779763186876,-0.7676824961065196
2011-05-25,22.612560272216797,100.92960357666016,0.22404289198502236,-0.631937943803685
2011-05-26,22.827083587646484,101.39466094970703,0.2251310214348366,-0.5686991776556025
2011-05-27,22.94258689880371,101.783447265625,0.2254058740900205,-0.5561772185469125
2011-05-31,23.778663635253906,102.8431625366211,0.2312128784136392,-0.19505055415468214
2011-06-01,23.063602447509766,100.53314208984375,0.22941292759852713,-0.3153772279478329
2011-06-02,23.503633499145508,100.42642974853516,0.23403832594664492,-0.027250735906843546
2011-06-03,23.65764617919922,99.42774963378906,0.23793806323018213,0.2157812976550823
2011-06-06,23.014095306396484,98.37567138671875,0.23394092240475944,-0.05383935854364952
2011-06-07,23.322126388549805,98.31470489501953,0.2372191058647145,0.153260292821837
2011-06-08,22.90408706665039,97.90299987792969,0.23394673396329368,-0.07437691100327479
2011-06-09,23.09660530090332,98.65015411376953,0.23412639856869225,-0.06967598375375159
2011-06-10,22.4200382232666,97.27788543701172,0.23047415270743907,-0.32226423660262243
2011-06-13,22.552051544189453,97.35409545898438,0.23164974660661,-0.24819391316794043
2011-06-14,23.014095306396484,98.58914947509766,0.23343436299964782,-0.13000869931382256
2011-06-15,21.875490188598633,96.835693359375,0.22590317092494686,-0.6478609362138665
2011-06-16,21.86998748779297,97.0491943359375,0.22534950070878096,-0.6880725781309025
2011-06-17,22.73356819152832,97.33878326416016,0.2335509796730606,-0.12848655059890335
2011-06-20,22.557558059692383,97.83674621582031,0.23056324880155102,-0.3361975773360422
2011-06-21,23.190113067626953,99.17752838134766,0.2338242689257048,-0.11506105828088817
2011-06-22,22.888439178466797,98.57991027832031,0.23218157851681898,-0.2300853673800936
2011-06-23,22.495939254760742,98.29645538330078,0.2288580922581517,-0.4613045901063051
2011-06-24,21.828691482543945,97.1548843383789,0.224679300800948,-0.7498762975667018
2011-06-27,22.187545776367188,98.0206527709961,0.22635582552386746,-0.6359220198604173
2011-06-28,22.52398109436035,99.30007934570312,0.22682742292627384,-0.6076473361149447
2011-06-29,22.94451332092285,100.15052032470703,0.22910029070775045,-0.45406895882191156
2011-06-30,23.62858772277832,101.10820770263672,0.23369603971490566,-0.1362268564060699
2011-07-01,24.037914276123047,102.60221099853516,0.23428261479147106,-0.09619852693177992
2011-07-05,23.49962615966797,102.51791381835938,0.2292245841180934,-0.4440952198635664
2011-07-06,22.97254753112793,102.6405029296875,0.22381561737733266,-0.8128220095259304
2011-07-07,23.151979446411133,103.7054443359375,0.22324748324122629,-0.8454456069169485
2011-07-08,22.35576629638672,102.96992492675781,0.2171096687920119,-1.2607141892039833
2011-07-11,21.2006893157959,101.10820770263672,0.20968316813752622,-1.7558796072990897
2011-07-12,21.099754333496094,100.67150115966797,0.20959014309353807,-1.7434832456897986
2011-07-13,21.458620071411133,101.00860595703125,0.21244348308835748,-1.5333878398573668
2011-07-14,21.25115394592285,100.31140899658203,0.2118518138514728,-1.5587696132806765
2011-07-15,21.172649383544922,100.89370727539062,0.20985103982504988,-1.6775171770874142
2011-07-18,20.9483642578125,100.0662612915039,0.20934492792518386,-1.6943791846030158
2011-07-19,21.262365341186523,101.69046020507812,0.20908908562619272,-1.694428345018875
2011-07-20,22.02494239807129,101.629150390625,0.21671874962464535,-1.1726624977511917
2011-07-21,22.961336135864258,103.03888702392578,0.2228414611129544,-0.7560515200078493
2011-07-22,22.90526008605957,103.10784912109375,0.22214855882755122,-0.7958872670118846
2011-07-25,22.36136817932129,102.53321838378906,0.21808901087666158,-1.0601072914661602
2011-07-26,22.501548767089844,102.15013885498047,0.22027917944423578,-0.9059363986800701
2011-07-27,21.615617752075195,100.05859375,0.2160295976783623,-1.1833047662954623
2011-07-28,21.593191146850586,99.76744842529297,0.21643523501575587,-1.1480803201479324
2011-07-29,21.70533561706543,99.08557891845703,0.21905645457173886,-0.9634043092409863
2011-08-01,21.077333450317383,98.66419219970703,0.2136269803704932,-1.3232427829575335
2011-08-02,20.247472763061523,96.14358520507812,0.2105961902697185,-1.5212166413279224
2011-08-03,20.634368896484375,96.6645736694336,0.21346361043341766,-1.3173520655905289
2011-08-04,18.9970703125,92.13664245605469,0.20618366163669147,-1.803116586555881
2011-08-05,20.236257553100586,91.99874877929688,0.21996231276630682,-0.852165548804959
2011-08-08,18.59895896911621,86.00748443603516,0.21624814504310366,-1.102150747315591
2011-08-09,19.490503311157227,90.00674438476562,0.21654492054326713,-1.074968729385453
2011-08-10,17.959749221801758,86.03045654296875,0.20876036166135636,-1.6030720408763868
2011-08-11,18.9129638671875,89.8918228149414,0.2103969335022081,-1.4765551736869151
2011-08-12,19.546573638916016,90.49710845947266,0.21599114017736337,-1.0791386830666803
2011-08-15,20.264293670654297,92.41243743896484,0.21928102138890285,-0.8436073639868775
2011-08-16,19.7652587890625,91.62333679199219,0.21572297496580553,-1.0825636827401452
2011-08-17,19.922252655029297,91.6845932006836,0.21729117139040496,-0.9657975247722288
2011-08-18,19.0026798248291,87.73131561279297,0.21660087611929227,-1.0059162335584886
2011-08-19,18.638214111328125,86.29862976074219,0.2159734651987113,-1.0413503485945959
2011-08-22,18.924179077148438,86.36756134033203,0.21911211551496246,-0.8160650623771528
2011-08-23,19.563398361206055,89.20999908447266,0.2192960269249811,-0.7967137997323005
2011-08-24,19.552183151245117,90.46646881103516,0.2161262997021072,-1.0097551356695185
2011-08-25,19.01950454711914,89.08737182617188,0.2134927112254493,-1.183574164253976
2011-08-26,19.09800910949707,90.3821792602539,0.21130281727888733,-1.3250178646881958
2011-08-29,19.720394134521484,92.9793930053711,0.2120942447256276,-1.2595504261896122
2011-08-30,19.580217361450195,93.22455596923828,0.21003283049061844,-1.3912612118987484
2011-08-31,20.146535873413086,93.63825988769531,0.21515282212180958,-1.0281125337406958
2011-09-01,19.675539016723633,92.6576156616211,0.21234670109122253,-1.2147087838595192
2011-09-02,19.053146362304688,90.29020690917969,0.21102118396372374,-1.297369827016151
2011-09-06,18.26253318786621,89.63135528564453,0.2037516126992131,-1.7861173148449885
2011-09-07,18.61578941345215,92.15962219238281,0.20199507084123858,-1.887506461151014
2011-09-08,18.312997817993164,91.20193481445312,0.20079615476634638,-1.9488626565046896
2011-09-09,17.270069122314453,88.81156921386719,0.1944574257068512,-2.3519098640583866
2011-09-12,16.99531364440918,89.38616943359375,0.19013359395644802,-2.6057836103138583
2011-09-13,17.421459197998047,90.2059326171875,0.19312986067036822,-2.3728699613666024
2011-09-14,17.98778533935547,91.45475769042969,0.196685069138156,-2.11048240750723
2011-09-15,18.694286346435547,93.03300476074219,0.2009425192114628,-1.8095568292672333
2011-09-16,18.627002716064453,93.58363342285156,0.19904124294789402,-1.916619679737006
2011-09-19,18.133567810058594,92.65180969238281,0.19571736235120088,-2.113626641786139
2011-09-20,18.111141204833984,92.54402160644531,0.19570298427113758,-2.091914225524193
2011-09-21,17.44949722290039,89.81781768798828,0.19427656641043045,-2.161675493755697
2011-09-22,16.871957778930664,86.9145278930664,0.19412126128889232,-2.146339946476333
2011-09-23,17.35417366027832,87.43819427490234,0.19847360531848887,-1.846421876474322
2011-09-26,17.959749221801758,89.51749420166016,0.2006283730568129,-1.6911401207253802
2011-09-27,18.346637725830078,90.51863098144531,0.20268355284329043,-1.5455560244122057
2011-09-28,18.032636642456055,88.67033386230469,0.20336719009605583,-1.4897615107269497
2011-09-29,18.65503692626953,89.37118530273438,0.20873659516854104,-1.130136457778258
2011-09-30,18.12796401977539,87.13784790039062,0.20803777527875034,-1.1683429689152434
2011-10-03,17.34856605529785,84.65807342529297,0.2049251223583206,-1.3639226285305162
2011-10-04,18.04385757446289,86.5140609741211,0.2085656062297242,-1.1177276888631869
2011-10-05,18.341035842895508,88.11589813232422,0.20814672756728478,-1.1402874909566307
2011-10-06,18.879316329956055,89.71003723144531,0.21044820526881294,-0.9811605216319133
2011-10-07,18.812034606933594,89.10934448242188,0.21111180557101442,-0.931446371090047
2011-10-10,19.484895706176758,92.08963012695312,0.21158620877633266,-0.8936202169935694
2011-10-11,19.546573638916016,92.18205261230469,0.2120431589989014,-0.856680035916902
2011-10-12,19.860572814941406,92.99064636230469,0.2135760271797855,-0.74578597714173
2011-10-13,19.82693099975586,92.80586242675781,0.21363877756540683,-0.7371115019169318
2011-10-14,20.040008544921875,94.39228057861328,0.2123055870891035,-0.8271391083924998
2011-10-17,19.40078353881836,92.5902328491211,0.20953380223627463,-1.0218596752596887
2011-10-18,19.776470184326172,94.39996337890625,0.20949658746102057,-1.020790700236268
2011-10-19,19.299863815307617,93.28333282470703,0.20689509294843564,-1.2086170531153901
2011-10-20,19.176502227783203,93.69146728515625,0.20467714705991566,-1.368578622951376
2011-10-21,19.709184646606445,95.47042083740234,0.20644283825011694,-1.235938018723052
2011-10-24,19.96150779724121,96.64097595214844,0.20655325135711694,-1.2245050510810718
2011-10-25,19.574615478515625,94.76192474365234,0.20656625043727636,-1.2191841921304651
2011-10-26,19.80450439453125,95.72457885742188,0.2068904834152293,-1.1891980516224296
2011-10-27,21.301618576049805,99.05912017822266,0.21503944854067858,-0.5562287357087349
2011-10-28,20.89229393005371,99.03601837158203,0.2109565214108877,-0.871117398380637
2011-10-31,19.759647369384766,96.648681640625,0.20444818319258953,-1.3776750811565661
2011-11-01,18.733535766601562,93.95333099365234,0.19939192755036259,-1.7732181530710822
2011-11-02,18.86250114440918,95.48583221435547,0.19754240715067428,-1.9122773741521892
2011-11-03,19.501718521118164,97.22627258300781,0.2005807484234099,-1.660559548381156
2011-11-04,18.935396194458008,96.63330078125,0.19595104421944873,-2.0121568139675086
2011-11-07,19.081180572509766,97.23399353027344,0.19623981161042112,-1.9675446072393648
2011-11-08,19.311073303222656,98.4815444946289,0.1960882457959,-1.957944169482787
2011-11-09,17.93731689453125,94.84664916992188,0.18911914180959383,-2.4736914987526695
2011-11-10,18.256927490234375,95.739990234375,0.19069280710746625,-2.3152785258302515
2011-11-11,18.896150588989258,97.54202270507812,0.19372317761056135,-2.0539071957631
2011-11-14,18.21767807006836,96.61787414550781,0.18855391128387167,-2.418768090754187
2011-11-15,18.060680389404297,97.0953369140625,0.1860097607508125,-2.5709100383698984
2011-11-16,17.83078384399414,95.5551528930664,0.1866020125984013,-2.486816724513503
2011-11-17,17.729854583740234,94.03801727294922,0.18853922166689885,-2.3093785571171237
2011-11-18,18.01021385192871,93.93790435791016,0.19172467147349279,-2.0475251593438966
2011-11-21,17.55042839050293,92.1512680053711,0.1904523808557902,-2.11384674379067
2011-11-22,17.258852005004883,91.78931427001953,0.18802681055263112,-2.2596932341459324
2011-11-23,16.64767074584961,89.76393127441406,0.18546057987318557,-2.4086095644330103
2011-11-25,16.4514217376709,89.59446716308594,0.18362095627763378,-2.50071474660555
2011-11-28,17.404634475708008,92.18975067138672,0.18879142582506137,-2.109507250652284
2011-11-29,17.376605987548828,92.45161437988281,0.18795351605379781,-2.1468954157754467
2011-11-30,18.441959381103516,96.25594329833984,0.19159294220351367,-1.8723451457586455
2011-12-01,18.284963607788086,96.24053955078125,0.18999232229096177,-1.9607828761706014
2011-12-02,18.441959381103516,96.15584564208984,0.1917923893025491,-1.8162268281208473
2011-12-05,18.795217514038086,97.20318603515625,0.19336009734537168,-1.6924039323139448
2011-12-06,18.980255126953125,97.23399353027344,0.19520184698619517,-1.5535920659619278
2011-12-07,18.896150588989258,97.59593963623047,0.19361615513330693,-1.6453267425197868
2011-12-08,18.2288875579834,95.45500946044922,0.19096836992652907,-1.804621138612209
2011-12-09,18.744752883911133,97.07225036621094,0.1931010439460857,-1.645424028236609
2011-12-12,17.959749221801758,95.65524291992188,0.1877549904591934,-1.9783644592713734
2011-12-13,17.34856605529785,94.76192474365234,0.18307528157779374,-2.2557268310387357
2011-12-14,17.20277976989746,93.75308227539062,0.18349028482462001,-2.198762033340266
2011-12-15,17.275672912597656,94.09193420410156,0.18360418519108934,-2.1626833722050542
2011-12-16,17.25324249267578,94.23143005371094,0.18309435060936263,-2.1680285367076664
2011-12-19,17.3037109375,93.22395324707031,0.18561442992704016,-1.985345110719141
2011-12-20,18.147247314453125,96.04490661621094,0.18894544181263373,-1.757419090524253
2011-12-21,17.89436912536621,96.23092651367188,0.18595237283539917,-1.924750302426079
2011-12-22,18.18337631225586,97.08341217041016,0.18729642794526674,-1.8229081730498884
2011-12-23,18.237565994262695,97.95140075683594,0.18618994576236228,-1.8734546281556481
2011-12-27,18.18337631225586,98.02888488769531,0.18548998423359864,-1.8983817066225404
2011-12-28,17.671592712402344,96.74241638183594,0.1826664391207031,-2.047972278891124
2011-12-29,18.159292221069336,97.74215698242188,0.18578771721126572,-1.8407695766172796
2011-12-30,18.22552490234375,97.26166534423828,0.18738651901381842,-1.728323987388649
2012-01-03,18.622909545898438,98.81163024902344,0.18846880168827584,-1.6502947665324192
2012-01-04,18.207454681396484,98.96663665771484,0.18397568409209086,-1.8996967911262652
2012-01-05,17.551170349121094,99.23014831542969,0.17687336607953041,-2.291837625206749
2012-01-06,17.232059478759766,98.9743881225586,0.17410624915833325,-2.424023168372231
2012-01-09,17.334415435791016,99.21463775634766,0.17471631029244952,-2.3626776281366015
2012-01-10,17.77996826171875,100.07488250732422,0.17766664138144234,-2.173655141056774
2012-01-11,17.689647674560547,100.12913513183594,0.17666833585718394,-2.2096762728807513
2012-01-12,17.888343811035156,100.36936950683594,0.17822512883093103,-2.0959973300366044
2012-01-13,17.629444122314453,99.85013580322266,0.17655904001029374,-2.160352464048403
2012-01-17,17.8642635345459,100.23762512207031,0.17821914189198548,-2.0417035991311767
2012-01-18,18.008771896362305,101.34588623046875,0.17769613120170363,-2.0441831676740145
2012-01-19,18.44829750061035,101.8806381225586,0.18107756135584605,-1.837672745822574
2012-01-20,18.502490997314453,102.26036071777344,0.18093512351652222,-1.82504202614691
2012-01-23,18.592805862426758,101.99686431884766,0.18228801430899533,-1.7339805679893303
2012-01-24,18.616884231567383,101.8806381225586,0.18273230885314998,-1.6930840579333268
2012-01-25,18.797513961791992,102.73312377929688,0.18297422749623554,-1.663284430147099
2012-01-26,18.857725143432617,102.20609283447266,0.1845068588422957,-1.5659230779388942
2012-01-27,19.00825309753418,102.15962219238281,0.18606424622184503,-1.469445918752758
2012-01-30,18.574739456176758,101.81087493896484,0.1824435696806675,-1.6461702663219484
2012-01-31,18.628929138183594,101.77208709716797,0.18304556455049828,-1.5993617837659646
2012-02-01,19.026309967041016,102.663330078125,0.1853272239714251,-1.4660058943368084
2012-02-02,19.212968826293945,102.82611846923828,0.18684911102660892,-1.3741421059619217
2012-02-03,19.465845108032227,104.26759338378906,0.18669122856209192,-1.370816238377401
2012-02-06,19.261133193969727,104.19784545898438,0.18485154956060515,-1.4549489751494102
2012-02-07,19.471866607666016,104.46131896972656,0.18640264932236844,-1.3612958400758248
2012-02-08,19.67658042907715,104.77130889892578,0.18780504544483068,-1.2768011596133528
2012-02-09,19.790973663330078,104.90309143066406,0.1886595847026202,-1.2218731397653126
2012-02-10,19.27317237854004,104.12809753417969,0.185090987302574,-1.3968904853587951
2012-02-13,19.38154411315918,104.90309143066406,0.18475665348689418,-1.4018549137549445
2012-02-14,19.116628646850586,104.77130889892578,0.18246053091970668,-1.5075794267388056
2012-02-15,18.86976432800293,104.2831039428711,0.1809474748501949,-1.5709672161663166
2012-02-16,18.875795364379883,105.43782806396484,0.17902299118802698,-1.6540053401443275
2012-02-17,19.026309967041016,105.71680450439453,0.17997431965747804,-1.5896999016183848
2012-02-21,19.140718460083008,105.76333618164062,0.18097687867192705,-1.5239407720144016
2012-02-22,18.935998916625977,105.42233276367188,0.17962037473668244,-1.5780868340601866
2012-02-23,18.9420166015625,105.88731384277344,0.17888844200626824,-1.5997849618028583
2012-02-24,19.032331466674805,106.11981201171875,0.17934757992761122,-1.5615206385244842
2012-02-27,19.002229690551758,106.29808044433594,0.17876362029418272,-1.576073530965096
2012-02-28,19.068462371826172,106.60806274414062,0.17886510533063982,-1.5561838939497405
2012-02-29,18.7734317779541,106.1895751953125,0.17679166475074864,-1.6444258558903528
2012-03-01,18.9600830078125,106.73982238769531,0.17762895406502166,-1.5871105674768824
2012-03-02,18.761390686035156,106.4143295288086,0.17630511575939642,-1.6371070267089674
2012-03-05,18.604843139648438,105.9803466796875,0.17554993659229362,-1.6578838208591433
2012-03-06,17.6956729888916,104.43032836914062,0.1694495580473604,-1.9380473578038822
2012-03-07,17.804052352905273,105.15884399414062,0.16930627683485472,-1.9224118284891172
2012-03-08,18.303794860839844,106.20507049560547,0.17234388881270235,-1.7546298945925274
2012-03-09,18.026832580566406,106.61581420898438,0.1690821639764517,-1.8920186517979773
2012-03-12,17.876306533813477,106.62357330322266,0.16765810767733078,-1.9381523023093217
2012-03-13,18.351957321166992,108.54557800292969,0.16907144131354357,-1.8496332845531012
2012-03-14,18.219505310058594,108.42930603027344,0.168031189879346,-1.8786929095411715
2012-03-15,18.388090133666992,109.05703735351562,0.16860984471878487,-1.8304807879996992
2012-03-16,18.52657699584961,109.20807647705078,0.16964475150098285,-1.7630438921597136
2012-03-19,18.887832641601562,109.63616180419922,0.17227739762847236,-1.623057299062704
2012-03-20,18.82159423828125,109.3170166015625,0.1721744228246001,-1.6138248117414804
2012-03-21,18.502490997314453,109.13802337646484,0.16953294942397168,-1.7224317614005107
2012-03-22,18.213478088378906,108.35182189941406,0.1680957252872681,-1.7730181973567396
2012-03-23,18.159292221069336,108.70211791992188,0.16705555115721693,-1.8048077614147102
2012-03-26,18.207454681396484,110.22772979736328,0.16518034722177521,-1.8730031290109186
2012-03-27,17.876306533813477,109.88524627685547,0.1626815895627534,-1.9681222780478123
2012-03-28,17.46085548400879,109.34038543701172,0.15969264617296922,-2.082530029566062
2012-03-29,17.436771392822266,109.15355682373047,0.15974533400666457,-2.0561235591174105
2012-03-30,17.641483306884766,109.60506439208984,0.16095500152963685,-1.9779282978232977
2012-04-02,17.73781967163086,110.40679931640625,0.16065876179235505,-1.969673113268614
2012-04-03,17.087554931640625,109.95530700683594,0.15540454932819467,-2.181983166875964
2012-04-04,16.635982513427734,108.8655776977539,0.1528121456316946,-2.268852628919257
2012-04-05,16.431272506713867,108.81107330322266,0.15100735621755165,-2.3199098364201767
2012-04-09,16.250640869140625,107.58901977539062,0.15104367437370886,-2.2900435923024833
2012-04-10,15.847232818603516,105.78314971923828,0.14980866858912836,-2.3172151775738103
2012-04-11,16.340953826904297,106.63934326171875,0.15323569451098026,-2.1426943269199588
2012-04-12,16.352994918823242,108.0326919555664,0.1513707991794668,-2.20109692324219
2012-04-13,15.738856315612793,106.74836730957031,0.14743884812748567,-2.3449496191631325
2012-04-16,15.714773178100586,106.67828369140625,0.14730995507538833,-2.321825413711249
2012-04-17,16.100112915039062,108.25841522216797,0.1487192739889865,-2.233176405771677
2012-04-18,15.552203178405762,107.89256286621094,0.14414527531143015,-2.396358548002646
2012-04-19,15.178903579711914,107.1998291015625,0.14159447554091925,-2.4686807598734775
2012-04-20,15.498017311096191,107.37882995605469,0.14433028668163764,-2.3215997806208075
2012-04-23,15.18492603302002,106.47589874267578,0.1426137389994518,-2.3620649686339945
2012-04-24,15.467909812927246,106.88068389892578,0.14472128404001267,-2.2462192431229844
2012-04-25,15.811107635498047,108.34407043457031,0.14593422207675386,-2.1706954582760263
2012-04-26,15.738856315612793,109.09909057617188,0.14426203034776064,-2.215807647206043
2012-04-27,15.91948413848877,109.27813720703125,0.1456785826091522,-2.1358600480148375
2012-04-30,15.678644180297852,108.87332916259766,0.1440081266999971,-2.1825171796741025
2012-05-01,15.750893592834473,109.55057525634766,0.14377737000447036,-2.1697486378240303
2012-05-02,15.160844802856445,109.22364044189453,0.1388055254477789,-2.346290907014885
2012-05-03,15.064505577087402,108.39075469970703,0.1389833073754594,-2.3126734704350054
2012-05-04,15.112675666809082,106.63934326171875,0.14171763632976359,-2.177040054807712
2012-05-07,15.528122901916504,106.71723175048828,0.14550717486958667,-2.00203164906059
2012-05-08,15.431783676147461,106.28907775878906,0.1451869185577857,-1.9929128192012846
2012-05-09,14.799578666687012,105.65861511230469,0.14006977709254015,-2.171402130152881
2012-05-10,15.239114761352539,105.87657928466797,0.1439328212557706,-1.9951022094852593
2012-05-11,14.998273849487305,105.55742645263672,0.14208639177288945,-2.0450149958425046
2012-05-14,14.582826614379883,104.38983917236328,0.1396958432927696,-2.113176143346464
2012-05-15,14.161359786987305,103.79048156738281,0.13644179671517828,-2.212180737069555
2012-05-16,13.944602012634277,103.39350128173828,0.13486923104225335,-2.2445799155669537
2012-05-17,13.788054466247559,101.86006927490234,0.13536270458481658,-2.1976801495572427
2012-05-18,14.113190650939941,100.98829650878906,0.13975075467989168,-2.0066877592318075
2012-05-21,14.287796020507812,102.72410583496094,0.13908902788078717,-2.008461811872299
2012-05-22,14.209521293640137,102.90309143066406,0.13808643740518223,-2.0224810661289316
2012-05-23,13.968683242797852,102.95758056640625,0.13567415984283196,-2.0881065372493275
2012-05-24,13.806117057800293,103.15998077392578,0.13383210188897068,-2.1310461294216787
2012-05-25,13.782037734985352,102.82527923583984,0.13403355514722112,-2.0982774588761592
2012-05-29,13.246170043945312,104.0706558227539,0.12728054742448527,-2.317966950320716
2012-05-30,12.794594764709473,102.56060791015625,0.12475154959999477,-2.3796374869756716
2012-05-31,12.86082649230957,102.33485412597656,0.1256739612534904,-2.315464355220389
2012-06-01,12.782550811767578,99.7583999633789,0.12813508252397818,-2.200674843570148
2012-06-04,13.34250259399414,99.71173095703125,0.13381076093989203,-1.9766687164186012
2012-06-05,13.348522186279297,100.46673583984375,0.13286509285579332,-1.9914567429709802
2012-06-06,13.89041519165039,102.72410583496094,0.1352205996708024,-1.890100990447608
2012-06-07,13.763973236083984,102.78638458251953,0.13390852584209648,-1.9198020678253196
2012-06-08,14.113190650939941,103.60368347167969,0.13622286561652816,-1.8206600084311084
2012-06-11,13.788054466247559,102.28821563720703,0.13479611879388573,-1.8548317578586533
2012-06-12,14.016853332519531,103.46355438232422,0.13547624007506723,-1.8142969192786782
2012-06-13,14.119216918945312,102.8019027709961,0.13734392592321573,-1.7331469743421282
2012-06-14,14.360048294067383,103.89163970947266,0.13822140389952917,-1.6865754821485524
2012-06-15,14.408215522766113,104.9542007446289,0.13728097989925822,-1.7048979913318565
2012-06-18,13.89041519165039,105.15763092041016,0.13209136674221506,-1.8745428791358736
2012-06-19,14.348008155822754,106.17475128173828,0.13513578306154755,-1.750831210676345
2012-06-20,14.612932205200195,106.00263214111328,0.13785442785748098,-1.6415528967828996
2012-06-21,14.219659805297852,103.6240463256836,0.13722355292521962,-1.6515830168523091
2012-06-22,14.83279037475586,104.42216491699219,0.14204637862609742,-1.4680238773420933
2012-06-25,14.095793724060059,102.74774932861328,0.13718834540091138,-1.628345108366154
2012-06-26,13.934770584106445,103.26412963867188,0.13494299165513857,-1.6943328574346117
2012-06-27,14.157729148864746,104.19525146484375,0.13587691329332477,-1.6474174675929136
2012-06-28,14.31875228881836,103.89791107177734,0.13781559360636542,-1.5663529666723068
2012-06-29,15.35921573638916,106.48776245117188,0.1442345616326746,-1.328436452576769
2012-07-02,15.377799034118652,106.80854797363281,0.14397535895642807,-1.3298842506817583
2012-07-03,15.50165843963623,107.51270294189453,0.14418443602905356,-1.3136642995175543
2012-07-05,14.752279281616211,107.02758026123047,0.13783624039344985,-1.5312000160201544
2012-07-06,14.250629425048828,106.0104751586914,0.1344266158954243,-1.6408855761419696
2012-07-09,14.157729148864746,105.87744140625,0.13371808914933797,-1.6514966086931497
2012-07-10,14.002896308898926,104.9542007446289,0.1334191124276227,-1.6463009955207195
2012-07-11,14.28159236907959,104.96984100341797,0.1360542440815411,-1.5373984338157431
2012-07-12,13.959545135498047,104.46125793457031,0.13363370699826013,-1.6093325207064186
2012-07-13,14.095793724060059,106.21392059326172,0.132711358787318,-1.6270757022806575
2012-07-16,13.866646766662598,105.96350860595703,0.130862472837022,-1.6767014494501487
2012-07-17,13.984315872192383,106.69115447998047,0.13107287047696536,-1.6531980894452423
2012-07-18,13.978126525878906,107.48140716552734,0.1300515772402553,-1.6730698683061345
2012-07-19,14.021475791931152,107.7630844116211,0.13011390559659117,-1.6560268206816307
2012-07-20,13.073911666870117,106.77727508544922,0.12244095624661365,-1.9090827377185668
2012-07-23,12.888115882873535,105.69746398925781,0.12193401238258066,-1.9088193650768144
2012-07-24,12.36169147491455,104.78986358642578,0.11796648122095517,-2.0264684004237026
2012-07-25,12.479363441467285,104.81334686279297,0.11906273213280298,-1.9682131396129314
2012-07-26,13.371190071105957,106.54249572753906,0.12550100295472782,-1.7273233540207649
2012-07-27,14.188697814941406,108.50641632080078,0.13076367551382692,-1.5311420746229407
2012-07-30,14.312560081481934,108.50641632080078,0.1319051957182573,-1.4799008367844126
2012-07-31,14.188697814941406,107.7474365234375,0.13168478316284624,-1.4753529671265788
2012-08-01,14.170114517211914,107.65355682373047,0.13162699807878844,-1.4649058899558034
2012-08-02,13.371190071105957,106.91024780273438,0.1250693020165647,-1.677919820932289
2012-08-03,14.362105369567871,109.03060150146484,0.13172545296262456,-1.4341846420763593
2012-08-06,14.944269180297852,109.24187469482422,0.1367998235296295,-1.2494173822628338
2012-08-07,15.309670448303223,109.78958892822266,0.13944555761395785,-1.149067158478666
2012-08-08,15.185805320739746,109.92259216308594,0.13814999284414095,-1.1856479780904514
2012-08-09,15.000008583068848,110.01644897460938,0.13634332613780953,-1.2389322441029758
2012-08-10,14.962846755981445,110.1964340209961,0.13578340251128748,-1.248781094988784
2012-08-13,14.981425285339355,110.14163208007812,0.1360196412783057,-1.231663064866112
2012-08-14,15.049553871154785,110.15731811523438,0.13661873880600117,-1.2025694315645812
2012-08-15,15.099099159240723,110.28250885009766,0.13691290955090882,-1.183831699308236
2012-08-16,15.898025512695312,111.09623718261719,0.14310138593229346,-0.9592759765384624
2012-08-17,16.12098503112793,111.2448501586914,0.14491443880890895,-0.8886096950328275
2012-08-20,16.015697479248047,111.252685546875,0.1439578505500438,-0.915715826296232
2012-08-21,16.12098503112793,110.91627502441406,0.1453437291108045,-0.8600851811367536
2012-08-22,16.009504318237305,110.96318817138672,0.14427761658677324,-0.8918066023637288
2012-08-23,15.76796817779541,110.05557250976562,0.14327278317866424,-0.921202388766419
2012-08-24,15.873249053955078,110.72062683105469,0.14336307071468804,-0.911143172857714
2012-08-27,15.966156005859375,110.74409484863281,0.14417162402819064,-0.875119242755943
2012-08-28,15.997119903564453,110.63455200195312,0.14459424848832075,-0.853146967994205
2012-08-29,15.92280101776123,110.72062683105469,0.14381061120668473,-0.874887510313027
2012-08-30,15.582173347473145,109.92259216308594,0.14175587602914927,-0.9433209445195949
2012-08-31,16.1705322265625,110.4468002319336,0.14641014671864708,-0.7662146230492951
2012-09-04,16.39348793029785,110.34508514404297,0.1485656375986118,-0.680582524762931
2012-09-05,16.294389724731445,110.25117492675781,0.14779334311453962,-0.7028651703834481
2012-09-06,17.23576545715332,112.48892211914062,0.153221891831254,-0.49568461565981836
2012-09-07,17.57019805908203,112.92713928222656,0.15558879974078454,-0.40209143729676217
2012-09-10,17.316274642944336,112.28545379638672,0.15421654415134547,-0.4481632766812291
2012-09-11,17.687870025634766,112.59847259521484,0.15708801032516365,-0.3363390975873225
2012-09-12,17.92940330505371,112.97403717041016,0.1587037495881375,-0.27123428345689293
2012-09-13,18.294809341430664,114.69538116455078,0.15950781239554476,-0.23613390242316515
2012-09-14,18.536346435546875,115.20392608642578,0.16090030145015147,-0.17839060148299
2012-09-17,18.51156997680664,114.812744140625,0.16123271084029914,-0.16068410575827338
2012-09-18,18.201906204223633,114.71879577636719,0.1586654225320359,-0.2529581754730253
2012-09-19,18.276222229003906,114.78141021728516,0.15922632588679986,-0.22675239583743648
2012-09-20,18.003726959228516,114.7892837524414,0.15684153059144426,-0.31256310411607807
2012-09-21,18.40009307861328,114.74124145507812,0.1603616349733938,-0.17360304064512083
2012-09-24,18.25145721435547,114.56820678710938,0.15930647538431253,-0.2086750429460025
2012-09-25,17.96037483215332,113.34896850585938,0.15845203594618412,-0.23589926796922603
2012-09-26,17.4091796875,112.71186065673828,0.15445738883256757,-0.383869006771678
2012-09-27,17.68167495727539,113.77371978759766,0.15541088917796683,-0.3411280808220885
2012-09-28,17.14905548095703,113.24671173095703,0.15143093533433855,-0.4895168717861333
2012-10-01,17.18621826171875,113.54560089111328,0.15135961346666174,-0.4861785152625069
2012-10-02,17.557809829711914,113.66361999511719,0.1544716755498916,-0.3579448398751468
2012-10-03,17.440141677856445,114.12770080566406,0.15281252101585233,-0.4171662112341296
2012-10-04,17.669292449951172,114.9458236694336,0.15371843783350775,-0.3749164138824456
2012-10-05,17.842700958251953,114.95362854003906,0.15521650934261053,-0.30850147035219155
2012-10-08,17.743606567382812,114.56033325195312,0.15488438330883,-0.3152015763858814
2012-10-09,17.16144371032715,113.4275894165039,0.1512986725593776,-0.4541568578056781
2012-10-10,17.012807846069336,112.70401000976562,0.15095122032122196,-0.4620526091261758
2012-10-11,17.173831939697266,112.76692962646484,0.15229493253549403,-0.4002425021798367
2012-10-12,17.111900329589844,112.39717102050781,0.15224493796616673,-0.3957441354829732
2012-10-15,17.30389404296875,113.33324432373047,0.15268153793904535,-0.370801802530822
2012-10-16,18.009918212890625,114.4817123413086,0.1573169884042002,-0.16763754402783126
2012-10-17,18.579702377319336,115.00084686279297,0.16156143962562902,0.021407614407437787
2012-10-18,18.319580078125,114.70196533203125,0.15971461365195233,-0.05026666005711193
2012-10-19,17.786962509155273,112.79051971435547,0.15769909168076499,-0.13038259069491012
2012-10-22,17.941791534423828,112.80620574951172,0.15904968538932965,-0.06380338229433502
2012-10-23,17.526845932006836,111.24092864990234,0.1575575298114182,-0.12184103414456213
2012-10-24,17.452526092529297,110.92628479003906,0.15733445076217406,-0.12411306282968605
2012-10-25,17.471107482910156,111.24877166748047,0.1570453967359821,-0.1293226391245845
2012-10-26,17.43394660949707,111.18585205078125,0.1568000450411134,-0.13159626095149526
2012-10-31,17.57019805908203,111.18585205078125,0.1580254837733968,-0.06679863839821071
2012-11-01,17.75599479675293,112.35001373291016,0.15804176792505145,-0.05804855719901774
2012-11-02,17.54543113708496,111.35100555419922,0.15756868157373632,-0.07285826955594055
2012-11-05,17.316274642944336,111.57911682128906,0.15519279177194945,-0.1775309652133602
2012-11-06,17.471107482910156,112.4522705078125,0.15536464852167098,-0.1622003083733204
2012-11-07,17.087127685546875,109.90367126464844,0.1554736751641445,-0.15031134334866592
2012-11-08,16.740306854248047,108.58218383789062,0.15417176430380822,-0.2059533202192428
2012-11-09,16.740306854248047,108.67655944824219,0.15403788028660137,-0.20570420846319878
2012-11-12,16.709341049194336,108.76313018798828,0.1536305641471847,-0.2195877326152907
2012-11-13,16.740306854248047,108.38554382324219,0.1544514726202652,-0.1734711718822018
2012-11-14,16.678373336791992,106.92245483398438,0.15598569414336824,-0.09161479848737958
2012-11-15,16.888944625854492,106.74153900146484,0.15822279483550186,0.02458653992827062
2012-11-16,16.81462287902832,107.2685546875,0.15675258166769845,-0.04256796092650811
2012-11-19,17.173831939697266,109.4395980834961,0.15692521025702802,-0.028263119063479693
2012-11-20,17.21718978881836,109.48678588867188,0.15725358680567267,-0.00572245004285997
2012-11-21,17.23576545715332,109.69131469726562,0.15712971901851927,-0.00508046240859401
2012-11-23,17.706451416015625,111.18585205078125,0.15925093966027856,0.10870565468811574
2012-11-26,17.72502899169922,110.94986724853516,0.1597570995916017,0.14074099048328742
2012-11-27,17.477296829223633,110.3835220336914,0.158332480312498,0.07395879378428705
2012-11-28,17.69406509399414,111.2723388671875,0.15901584593376286,0.11434079015590348
2012-11-29,17.898439407348633,111.79151916503906,0.1601055208930918,0.17709061589044467
2012-11-30,17.910829544067383,111.81507873535156,0.16018259564489917,0.18772773931529632
2012-12-03,17.817930221557617,111.26448822021484,0.16014031526655964,0.19327794945155974
2012-12-04,17.98514747619629,111.1071548461914,0.1618720909656413,0.29131767667111885
2012-12-05,17.978952407836914,111.30384063720703,0.1615303865968022,0.2815896724148078
2012-12-06,18.01611328125,111.68138885498047,0.16131705977120436,0.27915272749567044
2012-12-07,17.743606567382812,112.01964569091797,0.15839727449540916,0.13241274052686583
2012-12-10,17.63213539123535,112.06685638427734,0.15733586146803963,0.08375582086291522
2012-12-11,17.935596466064453,112.82982635498047,0.15896148248634392,0.18011195662186394
2012-12-12,18.146167755126953,112.88484191894531,0.16074937473143155,0.2871619537697644
2012-12-13,18.201906204223633,112.19270324707031,0.16223787891213806,0.3770067613714428
2012-12-14,18.30719566345215,111.77577209472656,0.16378500743378768,0.4689875186918375
2012-12-17,18.455829620361328,113.08941650390625,0.16319678879697677,0.4427352111566283
2012-12-18,18.8227596282959,114.34796905517578,0.16460947915230084,0.5282928602914226
2012-12-19,18.93703269958496,113.49845886230469,0.16684836859819568,0.660321914091216
2012-12-20,19.10843849182129,114.1513671875,0.1673956165626524,0.6987164555218496
2012-12-21,19.127487182617188,113.11515045166016,0.16909748257631796,0.8045385297842162
2012-12-24,18.93703269958496,112.76663208007812,0.1679311721053915,0.7459555600024833
2012-12-26,18.99416732788086,112.29126739501953,0.16915088562553093,0.8245694902454432
2012-12-27,19.146526336669922,112.14075469970703,0.17073655682040761,0.9239683604577814
2012-12-28,18.6386661529541,110.92871856689453,0.16802381199160998,0.7748705700632766
2012-12-31,19.210018157958984,112.81412506103516,0.1702802565509053,0.9124149414281105
2013-01-02,19.34967041015625,115.70556640625,0.16723197518620894,0.7427321309185722
2013-01-03,19.146526336669922,115.44415283203125,0.16585098393443715,0.6710188031409092
2013-01-04,19.413158416748047,115.95112609863281,0.16742535471569645,0.7744148313106022
2013-01-07,19.38141632080078,115.6343002319336,0.16760957848948357,0.7931883413129547
2013-01-08,19.406810760498047,115.30158996582031,0.16831347049291295,0.8392205578045198
2013-01-09,19.794055938720703,115.59465026855469,0.17123678208925985,1.0160145044199613
2013-01-10,20.257488250732422,116.51361846923828,0.173863695221866,1.1741891843796433
2013-01-11,20.447938919067383,116.50565338134766,0.17551027203921987,1.274445291213387
2013-01-14,20.454282760620117,116.42643737792969,0.17568417638876857,1.2855267507370118
2013-01-15,20.39079475402832,116.50565338134766,0.17501978798646736,1.247646646919945
2013-01-16,20.187654495239258,116.48983001708984,0.1732997163123819,1.146052700800374
2013-01-17,20.473329544067383,117.24237823486328,0.17462397003798938,1.2280752336432232
2013-01-18,20.39714813232422,117.5038070678711,0.17358712573919133,1.1680337370861036
2013-01-22,20.466981887817383,118.1375503540039,0.173247048262701,1.1523891245911158
2013-01-23,20.35270881652832,118.32770538330078,0.1720029028755309,1.0823794658677488
2013-01-24,20.49872398376465,118.35933685302734,0.17319059508772788,1.1603278210106769
2013-01-25,20.90501594543457,119.02481079101562,0.1756357838882828,1.3144003540134102
2013-01-28,20.765348434448242,118.8822250366211,0.17467159979594576,1.2613958262309346
2013-01-29,20.727262496948242,119.34961700439453,0.17366844584164062,1.2074998521393783
2013-01-30,20.619333267211914,118.8822250366211,0.1734433659940351,1.2026407127978926
2013-01-31,19.9273681640625,118.58911895751953,0.1680370706793158,0.8761855541109791
2013-02-01,19.8892822265625,119.80903625488281,0.16600819811495574,0.7585251843053931
2013-02-04,18.81007194519043,118.46235656738281,0.15878522503045966,0.3166035272254814
2013-02-05,19.30524253845215,119.6585693359375,0.16133606348119803,0.4874298036178577
2013-02-06,19.32427978515625,119.74568176269531,0.1613776755929448,0.5006064573670697
2013-02-07,18.96242904663086,119.58724975585938,0.15856564211772722,0.3300227424142859
2013-02-08,19.375062942504883,120.25267791748047,0.16111959648666116,0.5054394295977103
2013-02-11,19.10843849182129,120.22893524169922,0.15893377458102845,0.37445163008024906
2013-02-12,19.58456802368164,120.42697143554688,0.16262609438919087,0.6300286168515434
2013-02-13,19.762317657470703,120.52989196777344,0.16396196275322833,0.7300159756578345
2013-02-14,19.489341735839844,120.64086151123047,0.16154842970866531,0.5796505902005188
2013-02-15,19.229061126708984,120.49822998046875,0.15957961481945232,0.45646370924558477
2013-02-19,19.540124893188477,121.40133666992188,0.16095477553361812,0.5590171338097493
2013-02-20,19.146526336669922,119.88825225830078,0.1597031066515048,0.4815432439761152
2013-02-21,18.7719783782959,119.15946960449219,0.15753660569825342,0.34092772357897744
2013-02-22,19.336978912353516,120.3239517211914,0.16070764495135756,0.5702466587151138
2013-02-25,18.270462036132812,118.0346450805664,0.1547889776231548,0.16530971817212617
2013-02-26,18.632320404052734,118.84260559082031,0.1567814868365015,0.3136169009617385
2013-02-27,19.114788055419922,120.33980560302734,0.15884011079821006,0.4682571255927
2013-02-28,18.981473922729492,120.10220336914062,0.15804434381931282,0.4202788804486515
2013-03-01,18.96877098083496,120.49822998046875,0.15741949889147386,0.384274088753529
2013-03-04,19.18462371826172,121.13988494873047,0.15836752467101275,0.4607911625688987
2013-03-05,19.35602378845215,122.2252197265625,0.1583635834875543,0.46911504646629965
2013-03-06,19.298891067504883,122.39155578613281,0.15768155689782876,0.42719478402475425
2013-03-07,19.502037048339844,122.61337280273438,0.15905310002128034,0.5359074031327073
2013-03-08,19.775014877319336,123.13622283935547,0.16059461969300443,0.6542586703726122
2013-03-11,19.730575561523438,123.6036148071289,0.1596278198846452,0.5869643838589176
2013-03-12,19.578216552734375,123.3263168334961,0.15875132782216378,0.5279657362510464
2013-03-13,19.552818298339844,123.5005874633789,0.15832166226851152,0.5005016096658125
2013-03-14,19.901981353759766,124.1581039428711,0.16029546780866813,0.6518952098310019
2013-03-15,19.851192474365234,123.99422454833984,0.16009771863709776,0.6414040337436849
2013-03-18,19.292537689208984,123.30989837646484,0.15645570990829066,0.37176663771313223
2013-03-19,18.975120544433594,123.0234375,0.15423988249745985,0.20949644036435894
2013-03-20,19.203662872314453,123.88279724121094,0.15501476637569941,0.2735694783557467
2013-03-21,18.96877098083496,122.82452392578125,0.1544379768351242,0.23627644157753422
2013-03-22,19.18462371826172,123.8111572265625,0.15495068577023074,0.2820446300213569
2013-03-25,18.289505004882812,123.2939682006836,0.14834063070395528,-0.21971725091352176
2013-03-26,18.092708587646484,124.28064727783203,0.14557945250478016,-0.42688700861569584
2013-03-27,17.85147476196289,124.28064727783203,0.1436384115545805,-0.5710918175591414
2013-03-28,17.965742111206055,124.6625747680664,0.14411496108299668,-0.5286763609672047
2013-04-01,17.724506378173828,124.16924285888672,0.14274474072711393,-0.6294394117087648
2013-04-02,17.997480392456055,124.78196716308594,0.14423142062613853,-0.5093963996223365
2013-04-03,17.845125198364258,123.51679992675781,0.14447528764464385,-0.48597596963488743
2013-04-04,17.965742111206055,124.01803588867188,0.1448639464612509,-0.4511775117018221
2013-04-05,17.953048706054688,123.46106719970703,0.14541465672748768,-0.4039686863994662
2013-04-08,17.94034767150879,124.29654693603516,0.14433504480813258,-0.4845497018605436
2013-04-09,18.27680778503418,124.72622680664062,0.146535401999839,-0.3112082677306489
2013-04-10,18.829118728637695,126.25399780273438,0.14913681195313325,-0.10806082819221276
2013-04-11,18.860855102539062,126.66777801513672,0.14890018123066154,-0.1258205655724466
2013-04-12,18.924333572387695,126.35741424560547,0.14976828772076473,-0.058213436321308765
2013-04-15,18.403776168823242,123.42926788330078,0.14910382670521502,-0.10868176689066882
2013-04-16,18.7529354095459,125.25141143798828,0.1497223479899102,-0.06000855462235789
2013-04-17,18.238719940185547,123.42124938964844,0.147776173311978,-0.2116657467914867
2013-04-18,18.245067596435547,122.64945983886719,0.14875783081642036,-0.1356817090934404
2013-04-19,18.460912704467773,123.71564483642578,0.149220518786257,-0.09980515349560919
2013-04-22,18.854509353637695,124.26472473144531,0.15172857296698733,0.09322173850499746
2013-04-23,19.38141632080078,125.54578399658203,0.15437727738693668,0.2958825280608057
2013-04-24,19.540124893188477,125.62535858154297,0.15554283875341182,0.3833713184047526
2013-04-25,19.38141632080078,126.1346664428711,0.15365653921619565,0.23299286369754985
2013-04-26,19.413158416748047,125.91182708740234,0.1541805791069357,0.2710391977462866
2013-04-29,19.8829345703125,126.75524139404297,0.15686084734360284,0.4768114855975348
2013-04-30,19.8004093170166,127.05762481689453,0.1558380250343212,0.3934711621398929
2013-05-01,19.635351181030273,125.9436264038086,0.15590587425261315,0.3956022684515607
2013-05-02,19.730575561523438,127.11336517333984,0.15522030696471276,0.338721444712104
2013-05-03,20.00990104675293,128.40235900878906,0.15583748773169553,0.38330714648752817
2013-05-06,19.914674758911133,128.7286376953125,0.15470275391282495,0.2902040012512934
2013-05-07,19.978158950805664,129.38108825683594,0.15441328574348348,0.2631911187951582
2013-05-08,20.34001350402832,129.9698486328125,0.1564979394681947,0.42228480481171154
2013-05-09,20.00355339050293,129.60391235351562,0.1543437464753379,0.2506402638139307
2013-05-10,19.933719635009766,130.025634765625,0.15330607438249294,0.16676735220012143
2013-05-13,19.64169692993164,130.12904357910156,0.15094014671668618,-0.022338224026075604
2013-05-14,19.609954833984375,131.47378540039062,0.14915486592451996,-0.16439462919743783
2013-05-15,19.8004093170166,132.18194580078125,0.14979662462269164,-0.11644418160433861
2013-05-16,19.58456802368164,131.5613250732422,0.1488626540723774,-0.19314656647850412
2013-05-17,19.781360626220703,132.8344268798828,0.14891742367442323,-0.19324929786316844
2013-05-20,19.64804458618164,132.8264923095703,0.14792263384016183,-0.27690111649924537
2013-05-21,19.514728546142578,133.0174102783203,0.14670807757654236,-0.3779371361785626
2013-05-22,19.197311401367188,132.03079223632812,0.14540025910777704,-0.4843863239167304
2013-05-23,19.336978912353516,131.6488800048828,0.14688297319078075,-0.36935407644806995
2013-05-24,19.229061126708984,131.53746032714844,0.1461869575319772,-0.4282856447801289
2013-05-28,19.489341735839844,132.32516479492188,0.14728371406938742,-0.34531428653619783
2013-05-29,19.628999710083008,131.46585083007812,0.14930873368365316,-0.18860611891567292
2013-05-30,19.705183029174805,131.9512481689453,0.14933684449839418,-0.19199212669149798
2013-05-31,19.178272247314453,130.05747985839844,0.14745997130034363,-0.3528508339862072
2013-06-03,19.47028923034668,130.77359008789062,0.14888548381413283,-0.2469219599937414
2013-06-04,19.368722915649414,130.14492797851562,0.1488242624318545,-0.2619224711023847
2013-06-05,19.229061126708984,128.3228759765625,0.1498490505326663,-0.1854585238101183
2013-06-06,19.425853729248047,129.4845428466797,0.15002449946670351,-0.17697991565563598
2013-06-07,19.406810760498047,131.13160705566406,0.14799491286841354,-0.35437621528923735
2013-06-10,19.286191940307617,131.13160705566406,0.1470750826085798,-0.4376807006801805
2013-06-11,19.000516891479492,129.7789764404297,0.14640674023346908,-0.5007248432401995
2013-06-12,19.051301956176758,128.7047882080078,0.1480232571098036,-0.3683407372236862
2013-06-13,19.26715087890625,130.6621856689453,0.14745774211769905,-0.42271073292210437
2013-06-14,19.07035255432129,129.84262084960938,0.14687282519050185,-0.4785818250885217
2013-06-17,19.26715087890625,130.8451690673828,0.1472515264891746,-0.45069187374454656
2013-06-18,19.46394157409668,131.87960815429688,0.14758871251212852,-0.4259123322603142
2013-06-19,18.924333572387695,130.05747985839844,0.14550746018600222,-0.6106911349379337
2013-06-20,18.31490135192871,126.8348617553711,0.14439958461304608,-0.7149580918731883
2013-06-21,18.06731605529785,127.24202728271484,0.14199173371510876,-0.9303149335756639
2013-06-24,17.686416625976562,125.63420867919922,0.14077707665702704,-1.038943079218918
2013-06-25,17.74989891052246,126.84204864501953,0.139937024828394,-1.114847574145778
2013-06-26,18.07366371154785,128.09791564941406,0.14109256672850884,-1.012748164113702
2013-06-27,18.103404998779297,128.84982299804688,0.14050003777695302,-1.0673968883966793
2013-06-28,17.902976989746094,128.3218994140625,0.1395161470605862,-1.1579717831599634
2013-07-01,18.252107620239258,129.0738067626953,0.14140830024325626,-0.9956521667687553
2013-07-02,18.09047508239746,128.9537811279297,0.14028650361520345,-1.0967017539665687
2013-07-03,18.03874397277832,129.0098114013672,0.13982458990392072,-1.1343193660253916
2013-07-05,18.180994033813477,130.40164184570312,0.13942304541936687,-1.1663543576460893
2013-07-08,18.40081787109375,131.14556884765625,0.14030834615898347,-1.0856414927589342
2013-07-09,18.381418228149414,132.08953857421875,0.13915877386323994,-1.1879523417499893
2013-07-10,18.420211791992188,132.1375274658203,0.13940181979534086,-1.1711275441548952
2013-07-11,18.885730743408203,133.937255859375,0.14100431296902882,-1.0358311547273018
2013-07-12,18.3167667388916,133.99327087402344,0.13669915376655362,-1.4208761963656216
2013-07-15,18.420211791992188,134.50518798828125,0.136947965111926,-1.3997493982511677
2013-07-16,18.45254135131836,134.00123596191406,0.13770426234399027,-1.336961396037801
2013-07-17,18.40081787109375,134.34519958496094,0.13696669421713822,-1.4074686253715203
2013-07-18,18.73055648803711,135.0811767578125,0.13866148443183307,-1.264722506487647
2013-07-19,18.749961853027344,135.3211212158203,0.13855901935015372,-1.2820915315779553
2013-07-22,18.918062210083008,135.5850830078125,0.1395290823326998,-1.2048598484615205
2013-07-23,19.234867095947266,135.29713439941406,0.14216758678098482,-0.976927461481615
2013-07-24,19.493484497070312,134.80116271972656,0.14460917178882515,-0.7736634011241202
2013-07-25,19.97840118408203,135.12913513183594,0.1478467331607689,-0.4919630844832356
2013-07-26,20.133573532104492,135.2730712890625,0.148836522600137,-0.4196021458642345
2013-07-29,20.03012466430664,134.85714721679688,0.14852846198878977,-0.4704081110119966
2013-07-30,20.120641708374023,134.85714721679688,0.1491996688616585,-0.41995900119932433
2013-07-31,20.224092483520508,134.95318603515625,0.14986005945981884,-0.3654096382645838
2013-08-01,20.47624397277832,136.51303100585938,0.1499947940640146,-0.3624175218748256
2013-08-02,20.62494659423828,136.7449951171875,0.15082779868150312,-0.28841260340996033
2013-08-05,20.515039443969727,136.54498291015625,0.15024381714169752,-0.35940538685008677
2013-08-06,20.47624397277832,135.76914978027344,0.15081661780983927,-0.3162436766037667
2013-08-07,20.702531814575195,135.32913208007812,0.15297912205869255,-0.0983865889920742
2013-08-08,21.10986328125,135.82505798339844,0.15541950502115895,0.15467813783986673
2013-08-09,21.180984497070312,135.43313598632812,0.15639440335494054,0.25318893929981
2013-08-12,20.999948501586914,135.2730712890625,0.15524115998455093,0.12236725833186587
2013-08-13,21.10986328125,135.67306518554688,0.1555936195027369,0.1534159555715269
2013-08-14,21.129262924194336,134.97718811035156,0.15653951026835702,0.24967556227208104
2013-08-15,21.10340118408203,133.08938598632812,0.15856562135052543,0.4663662136336161
2013-08-16,21.336158752441406,132.64944458007812,0.16084619743402803,0.7134287558928903
2013-08-19,20.78658676147461,131.80152893066406,0.15771127186551584,0.356863395532601
2013-08-20,20.64434814453125,132.44943237304688,0.15586588613219549,0.14405677123092475
2013-08-21,20.47624397277832,131.633544921875,0.155554908020832,0.10444289621570564
2013-08-22,20.9158935546875,132.83340454101562,0.15745959103403992,0.31470298990866624
2013-08-23,21.09693145751953,133.2813262939453,0.15828872689180254,0.40370304235311494
2013-08-26,20.818912506103516,132.785400390625,0.15678615604470766,0.2279147675209118
2013-08-27,20.081851959228516,130.64959716796875,0.15370772198715946,-0.12806453517279323
2013-08-28,20.081851959228516,131.1136016845703,0.15316375800232315,-0.19537317268045765
2013-08-29,20.03012466430664,131.3215789794922,0.15252729079228206,-0.272987670459473
2013-08-30,19.706846237182617,130.90560913085938,0.1505424127203192,-0.5052660633583348
2013-09-03,20.04952621459961,131.4974822998047,0.15247079916623915,-0.28771950046916195
2013-09-04,20.217620849609375,132.58538818359375,0.1524875487909242,-0.2920248040463328
2013-09-05,20.224092483520508,132.75338745117188,0.15234332525758823,-0.3120847951428232
2013-09-06,20.482711791992188,132.81739807128906,0.1542170836760271,-0.09664252254720258
2013-09-09,20.676673889160156,134.08932495117188,0.1542007456349675,-0.10165383660954869
2013-09-10,20.999948501586914,135.0811767578125,0.15546169352105804,0.04449534437094254
2013-09-11,21.38141441345215,135.50515747070312,0.15779041043566858,0.31525604529966356
2013-09-12,21.42020606994629,135.1452178955078,0.15849769901964317,0.39570646505998647
2013-09-13,21.45253562927246,135.44911193847656,0.15838077726944855,0.3813955333235053
2013-09-16,21.59477424621582,136.23297119140625,0.15851356729110264,0.39698867728360204
2013-09-17,21.65943145751953,136.84095764160156,0.15828178807581483,0.37061008323460676
2013-09-18,22.49994468688965,138.42477416992188,0.1625427588508837,0.8665511239147814
2013-09-19,22.30598258972168,138.1927490234375,0.16141210553629398,0.7345656760296781
2013-09-20,22.215463638305664,137.2266387939453,0.16188885651905838,0.7879604674280821
2013-09-23,22.157278060913086,136.59161376953125,0.16221550832761,0.8238923119781338
2013-09-24,22.215463638305664,136.2700653076172,0.16302526595372424,0.913836931236443
2013-09-25,22.467618942260742,135.876220703125,0.1653535756734807,1.1796947294875801
2013-09-26,22.56460189819336,136.3987579345703,0.16543113910918064,1.1830889226364203
2013-09-27,22.47408676147461,135.77171325683594,0.1655284905992233,1.1880719539588824
2013-09-30,22.467618942260742,135.04823303222656,0.1663673669606569,1.2752865220335197
2013-10-01,22.82969093322754,136.1173858642578,0.16772060959203478,1.4195865531766758
2013-10-02,23.01072120666504,135.98876953125,0.16921045234825227,1.5749604211336155
2013-10-03,22.862014770507812,134.7347869873047,0.1696816039992847,1.6126384266915434
2013-10-04,23.224084854125977,135.7556610107422,0.17107268073548904,1.7522386654399618
2013-10-07,23.043046951293945,134.58209228515625,0.17121926520855169,1.750049042477711
2013-10-08,22.82969093322754,133.01467895507812,0.1716328687372738,1.7772830957064278
2013-10-09,23.185291290283203,133.11109924316406,0.17418000018111854,2.03566345722688
2013-10-10,23.799510955810547,135.980712890625,0.17502122506853962,2.101036062283853
2013-10-11,23.793052673339844,136.85690307617188,0.17385350785043774,1.9493195807398078
2013-10-14,23.948217391967773,137.40345764160156,0.17429122820499524,1.972483931879345
2013-10-15,23.954687118530273,136.40675354003906,0.1756121782599197,2.087357777600714
2013-10-16,24.387868881225586,138.31173706054688,0.17632537483460015,2.134496643902785
2013-10-17,24.76934051513672,139.23622131347656,0.17789437462088978,2.267328926552316
2013-10-18,24.937442779541016,140.17662048339844,0.17790015691307406,2.2366868234013606
2013-10-21,24.989164352416992,140.1845703125,0.1782590216363402,2.2454349491639567
2013-10-22,25.099079132080078,140.9965057373047,0.1780120649148782,2.191657641106972
2013-10-23,24.588308334350586,140.32130432128906,0.17522861872814086,1.8870593201166543
2013-10-24,24.808130264282227,140.7875213623047,0.17620972387489242,1.9644472656343186
2013-10-25,24.594770431518555,141.4305877685547,0.17389993790994407,1.715581665045292
2013-10-28,24.36847496032715,141.65560913085938,0.17202619161953486,1.5155120052753366
2013-10-29,24.58184242248535,142.4111785888672,0.17261174765958298,1.5599674981991616
2013-10-30,24.26502227783203,141.70384216308594,0.17123757484222335,1.412600926707254
2013-10-31,24.381412506103516,141.30194091796875,0.1725483199148543,1.5289838615413842
2013-11-01,24.219764709472656,141.6395721435547,0.17099574887818367,1.366483200214328
2013-11-04,24.342618942260742,142.1378936767578,0.17126058584784848,1.3817646368418257
2013-11-05,23.941749572753906,141.6878204345703,0.16897535369887287,1.1508905166515397
2013-11-06,24.213298797607422,142.4111785888672,0.17002386355856103,1.2433039075813277
2013-11-07,23.54735565185547,140.61065673828125,0.16746494325593106,0.9889902532850074
2013-11-08,23.81244468688965,142.50765991210938,0.1670958929616542,0.946824095103489
2013-11-11,23.99994468688965,142.53179931640625,0.16838308926145096,1.0633471861681245
2013-11-12,23.84477424621582,142.2423858642578,0.1676348023926633,0.9842709355023775
2013-11-13,23.974082946777344,143.38380432128906,0.16720216805698024,0.9363161400214961
2013-11-14,23.83830451965332,144.0991668701172,0.1654298566565608,0.7617402491726096
2013-11-15,23.83830451965332,144.72616577148438,0.16471316290720264,0.6899022164602481
2013-11-18,23.915889739990234,144.2198028564453,0.16582944412838943,0.7923933772619352
2013-11-19,23.68959617614746,143.9062957763672,0.1646182055367577,0.672985497692589
2013-11-20,23.191753387451172,143.45616149902344,0.16166439381280284,0.38885266626963516
2013-11-21,23.599079132080078,144.61367797851562,0.16318704746300727,0.5317574236531193
2013-11-22,23.948217391967773,145.33706665039062,0.16477707954279402,0.6809176247402515
2013-11-25,23.818904876708984,145.1923828125,0.16405065069748515,0.6095725811815873
2013-11-26,24.025798797607422,145.2325897216797,0.16542980362499835,0.7376002554877998
2013-11-27,24.290889739990234,145.5862274169922,0.1668488164777811,0.868519907636848
2013-11-29,24.342618942260742,145.48977661132812,0.16731497916373442,0.9087261965459396
2013-12-02,24.025798797607422,145.11196899414062,0.16556731304898456,0.7399970791663082
2013-12-03,23.818904876708984,144.4850311279297,0.16485378928713584,0.6699953096658076
2013-12-04,23.715463638305664,144.46896362304688,0.1641561138362204,0.6027420798633654
2013-12-05,23.385719299316406,143.83395385742188,0.1625883087556499,0.45371335651059025
2013-12-06,23.573219299316406,145.44161987304688,0.16208028568365096,0.40525322138794234
2013-12-09,23.773651123046875,145.8113250732422,0.1630439275625894,0.4945532268387223
2013-12-10,23.793052673339844,145.28887939453125,0.1637637565414069,0.5599453654717347
2013-12-11,23.540895462036133,143.65707397460938,0.16386868262538093,0.5676778007841025
2013-12-12,23.30167007446289,143.1829071044922,0.16274058507177655,0.4601241356495309
2013-12-13,23.366323471069336,143.16676330566406,0.1632105310726467,0.5041034036921742
2013-12-16,23.780109405517578,144.05899047851562,0.16507202588695113,0.6793735138489346
2013-12-17,23.612014770507812,143.600830078125,0.1644281217431812,0.6179049699494931
2013-12-18,24.1237850189209,146.05245971679688,0.16517205575105096,0.6878782960680303
2013-12-19,24.261749267578125,145.8836669921875,0.16630887999872812,0.7955955815990007
2013-12-20,24.3077392578125,146.732177734375,0.1656605908338394,0.7353918355992648
2013-12-23,24.609943389892578,147.5161895751953,0.16682876273283778,0.8473541894759141
2013-12-24,24.8530216217041,147.83941650390625,0.1681082231614965,0.9682646379075629
2013-12-26,25.1026668548584,148.59104919433594,0.168937947413156,1.0469215402608985
2013-12-27,25.128948211669922,148.58299255371094,0.1691239877443316,1.0658664706705583
2013-12-30,25.26690673828125,148.5587615966797,0.17008021921236835,1.1546718719625075
2013-12-31,25.339174270629883,149.2618865966797,0.16976319171885337,1.125129825734162
2014-01-02,24.623083114624023,147.83135986328125,0.16656197397761996,0.8226828463585378
2014-01-03,24.531108856201172,147.8070831298828,0.1659670723266009,0.7663163092271758
2014-01-06,24.879297256469727,147.37881469726562,0.16881189679517297,1.034477180777253
2014-01-07,25.601964950561523,148.2839813232422,0.17265496058372048,1.3930039244424062
2014-01-08,25.864742279052734,148.3163299560547,0.17438903920233406,1.5498954870251502
2014-01-09,25.884462356567383,148.41323852539062,0.17440804212448374,1.5479216468682686
2014-01-10,26.2260799407959,148.81729125976562,0.1762300584749751,1.7157688774055408
2014-01-13,26.094680786132812,146.8373260498047,0.17771149535426672,1.851261153189016
2014-01-14,26.442874908447266,148.4375,0.17814147306743422,1.8875549661510158
2014-01-15,26.843626022338867,149.2375946044922,0.1798717413898257,2.0408677850215438
2014-01-16,26.593978881835938,149.04364013671875,0.17843081970784597,1.8986291771997714
2014-01-17,26.298341751098633,148.41323852539062,0.17719673805648745,1.7801855478209012
2014-01-21,26.219512939453125,148.8496856689453,0.17614758688686524,1.6794222829678849
2014-01-22,25.969863891601562,148.94671630859375,0.17435674001564533,1.5122049597991636
2014-01-23,26.120967864990234,147.72628784179688,0.17682003823831083,1.7338334063015441
2014-01-24,24.984413146972656,144.57444763183594,0.1728134781506921,1.3642824865656462
2014-01-27,24.780752182006836,143.8632354736328,0.1722521539323272,1.3160917352090724
2014-01-28,25.28662109375,144.719970703125,0.17472793126542538,1.5450886902855394
2014-01-29,25.00412368774414,143.32989501953125,0.17445155935080314,1.5185811412015489
2014-01-30,25.339174270629883,144.84921264648438,0.17493484298373152,1.561446771877006
2014-01-31,24.8858642578125,144.0006561279297,0.1728177143561345,1.361322351016289
2014-02-03,24.2354679107666,140.7598876953125,0.17217595372927877,1.2968981767449652
2014-02-04,24.64935874938965,141.74578857421875,0.1738983499780181,1.4438088662249164
2014-02-05,24.715059280395508,141.56797790527344,0.17458085964138692,1.4950565420998296
2014-02-06,25.37202262878418,143.4348907470703,0.1768887785714886,1.690531715491149
2014-02-07,25.85161018371582,145.21287536621094,0.1780256063280952,1.775365297600103
2014-02-10,25.516555786132812,145.4795379638672,0.17539618384319017,1.5262539020832662
2014-02-11,25.877887725830078,147.07168579101562,0.1759542469826705,1.562593066972722
2014-02-12,25.713642120361328,147.14437866210938,0.17475110061396287,1.4451838554519225
2014-02-13,25.923873901367188,147.90414428710938,0.1752748310489809,1.4819264936152943
2014-02-14,26.002708435058594,148.7203826904297,0.1748429365541963,1.4332644394551757
2014-02-18,25.910728454589844,148.89816284179688,0.17401644157369348,1.350340631869826
2014-02-19,25.693937301635742,147.91220092773438,0.17371073610208165,1.3145506943095329
2014-02-20,25.877887725830078,148.78500366210938,0.17392806458236032,1.3240023857545289
2014-02-21,25.8319034576416,148.61532592773438,0.1738172244106413,1.3042520414834367
2014-02-24,26.166954040527344,149.43963623046875,0.17510049342044806,1.4054517057220792
2014-02-25,26.34433364868164,149.38308715820312,0.176354192096605,1.500294798570831
2014-02-26,26.18008804321289,149.39109802246094,0.17524530169312175,1.3929156427174703
2014-02-27,26.245786666870117,150.17510986328125,0.1747678872401969,1.3415736024232077
2014-02-28,26.074974060058594,150.554931640625,0.17319242734804347,1.1980053771711614
2014-03-03,25.516555786132812,149.49620056152344,0.1706836407232421,0.9773430276949177
2014-03-04,26.160385131835938,151.59742736816406,0.17256483560439168,1.1300721091718378
2014-03-05,26.383745193481445,151.73483276367188,0.1738806094351079,1.2330001986040329
2014-03-06,26.876476287841797,152.08241271972656,0.17672310563202723,1.4614110911694786
2014-03-07,26.60055160522461,152.1470489501953,0.1748344893231034,1.292312382127621
2014-03-10,26.65311050415039,152.06622314453125,0.17527304849820566,1.3197207922988463
2014-03-11,26.41659927368164,151.31463623046875,0.17458059531958475,1.2527213183401555
2014-03-12,26.390321731567383,151.3550262451172,0.1743603921605395,1.2254486289433781
2014-03-13,25.713642120361328,149.65785217285156,0.17181619104530935,1.0068998690224393
2014-03-14,25.608524322509766,149.2375946044922,0.17159566522347933,0.9829253182567033
2014-03-17,26.0487003326416,150.58726501464844,0.17298076520685665,1.0910717709460918
2014-03-18,26.34433364868164,151.66212463378906,0.17370410517651644,1.1424962858285779
2014-03-19,25.871320724487305,150.8539276123047,0.17149915241833624,0.9533363360335841
2014-03-20,26.03555679321289,151.73483276367188,0.17158589309393094,0.9536444284283048
2014-03-21,25.700504302978516,151.14633178710938,0.17003723477178295,0.8201994323866896
2014-03-24,25.818756103515625,150.5212860107422,0.17152893645668846,0.9362520300717111
2014-03-25,25.95015525817871,151.23562622070312,0.17158758095998355,0.9336184810942338
2014-03-26,26.094680786132812,150.14788818359375,0.17379319217747152,1.1062305476301402
2014-03-27,26.2260799407959,149.8313446044922,0.17503733955017578,1.199387545755925
2014-03-28,26.56770133972168,150.57000732421875,0.17644749981657432,1.3051899892053413
2014-03-31,26.804210662841797,151.80381774902344,0.17657138707247189,1.3055365236952312
2014-04-01,27.224666595458984,152.81045532226562,0.1781597112451778,1.4248133974151231
2014-04-02,27.13925552368164,153.32180786132812,0.17700844975835228,1.3195541902543086
2014-04-03,27.421764373779297,153.11892700195312,0.17908801289751408,1.4784550519517412
2014-04-04,27.270647048950195,151.3087158203125,0.18023183199397186,1.5588644790968722
2014-04-07,27.3889102935791,149.63650512695312,0.1830362869698278,1.772443177530705
2014-04-08,27.231237411499023,150.25347900390625,0.18123532042004215,1.6098945403321139
2014-04-09,27.52029800415039,151.86878967285156,0.18121101816530766,1.5926612022319737
2014-04-10,26.784496307373047,148.6786346435547,0.18015027089525518,1.4925916476442769
2014-04-11,26.547992706298828,147.3393096923828,0.1801826868995526,1.4817193952904821
2014-04-14,26.646543502807617,148.50006103515625,0.1794379296349195,1.408931722903421
2014-04-15,26.672815322875977,149.52285766601562,0.17838620622443013,1.3125758893147852
2014-04-16,27.06699562072754,151.0895233154297,0.17914541674884868,1.3625597196045853
2014-04-17,27.0604248046875,151.30056762695312,0.1788521036577187,1.3276831993139036
2014-04-21,27.106412887573242,151.8282470703125,0.17853339816944677,1.2911729725108871
2014-04-22,27.356056213378906,152.51820373535156,0.17936256488338223,1.3463476801451333
2014-04-23,27.40204620361328,152.16099548339844,0.18008587625600142,1.3921589189369612
2014-04-24,27.38233757019043,152.46942138671875,0.17959232297956132,1.3409458798127871
2014-04-25,27.145830154418945,151.2194061279297,0.17951287370784885,1.3231548209738142
2014-04-28,27.132688522338867,151.6983184814453,0.17885952061925822,1.2604046259504924
2014-04-29,27.395475387573242,152.40452575683594,0.1797549990823973,1.3204927815402419
2014-04-30,27.572856903076172,152.8590850830078,0.18038088405476946,1.3583252392892635
2014-05-01,27.631996154785156,152.8753204345703,0.18074857391132323,1.3753199819429582
2014-05-02,27.566286087036133,152.65615844726562,0.18057762207188505,1.3500493469830805
2014-05-05,27.579429626464844,152.94847106933594,0.18031843949562787,1.3183473107106243
2014-05-06,27.677976608276367,151.61720275878906,0.18255169007642116,1.479809265452293
2014-05-07,27.64512062072754,152.51007080078125,0.18126750892955407,1.3673418179082217
2014-05-08,27.78965950012207,152.3477783203125,0.18240935185608073,1.4432426325282681
2014-05-09,27.51373291015625,152.57496643066406,0.18032927388949843,1.270852942125086
2014-05-12,27.717388153076172,154.06048583984375,0.17991237663556547,1.2282925312516206
2014-05-13,27.631996154785156,154.19847106933594,0.17919760139748936,1.1635203408877715
2014-05-14,27.704254150390625,153.46792602539062,0.18052146052854764,1.2557272142271299
2014-05-15,27.106412887573242,152.12042236328125,0.17819049189095715,1.0670179171034326
2014-05-16,27.40204620361328,152.64808654785156,0.17951123281865305,1.1599909630374727
2014-05-19,27.25094985961914,153.2081756591797,0.17786877066038845,1.0248786976792592
2014-05-20,27.191822052001953,152.24217224121094,0.17860899940996317,1.0738845957373453
2014-05-21,27.454605102539062,153.52474975585938,0.1788285286001011,1.0827264835979178
2014-05-22,27.36919593811035,153.8981475830078,0.17783967102884243,0.9985616011172894
2014-05-23,27.434898376464844,154.51502990722656,0.17755488506805597,0.9689716322550729
2014-05-27,27.842212677001953,155.4647979736328,0.17909014156197633,1.0807336740313438
2014-05-28,27.86191749572754,155.35118103027344,0.17934796060738065,1.092653223400773
2014-05-29,27.881637573242188,156.15480041503906,0.17855126771086408,1.0223162737257359
2014-05-30,28.118141174316406,156.4064178466797,0.1797761342624683,1.1096656073673308
2014-06-02,28.078723907470703,156.58499145507812,0.17931938205920628,1.0658478972597014
2014-06-03,27.940753936767578,156.5038299560547,0.17853079981884898,0.9961830556035197
2014-06-04,27.921051025390625,156.82040405273438,0.17804475886952534,0.950527055209989
2014-06-05,28.47289276123047,157.8432159423828,0.18038718098358988,1.126401396406335
2014-06-06,28.959060668945312,158.59811401367188,0.18259397880638675,1.2901310837971152
2014-06-09,29.129873275756836,158.76051330566406,0.18348311345953286,1.3498234304668333
2014-06-10,28.899932861328125,158.7767333984375,0.18201616976717902,1.225147978448118
2014-06-11,28.512325286865234,158.22476196289062,0.18020141053239438,1.0740779132691254
2014-06-12,28.551738739013672,157.10450744628906,0.18173723467975575,1.187040997955323
2014-06-13,28.584579467773438,157.58346557617188,0.18139326586872384,1.1514282519875876
2014-06-16,28.518888473510742,157.7133331298828,0.180827377797059,1.0986490329143366
2014-06-17,28.525449752807617,158.1517333984375,0.1803676073593351,1.0544290253478321
2014-06-18,29.03789710998535,159.31243896484375,0.18227011838286705,1.1980517213393427
2014-06-19,29.044456481933594,159.4910430908203,0.18210713228199635,1.1773110302990848
2014-06-20,28.9064998626709,159.81484985351562,0.18087493051594547,1.0715284391413544
2014-06-23,28.899932861328125,159.76588439941406,0.18088926162157629,1.0669811152272288
2014-06-24,28.63058090209961,158.803466796875,0.1802893946812943,1.0131984471134494
2014-06-25,28.558666229248047,159.5212860107422,0.17902730690952995,0.9051811722559847
2014-06-26,28.611934661865234,159.40704345703125,0.17948977687160786,0.9385657720945575
2014-06-27,28.498735427856445,159.71697998046875,0.17843272162635093,0.845790159515395
2014-06-30,28.51205062866211,159.63546752929688,0.17860724229989475,0.8563421667635598
2014-07-01,28.678516387939453,160.7039031982422,0.1784556306175216,0.8387536515419614
2014-07-02,28.698490142822266,160.86703491210938,0.17839882582843558,0.829682624341279
2014-07-03,28.8316593170166,161.658203125,0.17834949764178012,0.8215167212372267
2014-07-07,28.338926315307617,161.09539794921875,0.17591394090749102,0.6028303531106717
2014-07-08,27.799583435058594,160.0595703125,0.17368273187777988,0.39786114857865323
2014-07-09,28.059274673461914,160.7772674560547,0.17452264936105702,0.467582635604385
2014-07-10,27.519927978515625,160.14109802246094,0.1718480035315841,0.21468144612629528
2014-07-11,27.486629486083984,160.36131286621094,0.17140436801621856,0.16465283580911472
2014-07-14,27.573198318481445,161.1687774658203,0.17108275406710832,0.1239602160776351
2014-07-15,27.36678123474121,160.86703491210938,0.1701205051096591,0.019398364925237378
2014-07-16,27.61313819885254,161.46243286132812,0.17101896527576826,0.09635571782882832
2014-07-17,27.06047821044922,159.6272735595703,0.16952289923282243,-0.06752155080793897
2014-07-18,27.300188064575195,161.25856018066406,0.16929450463894608,-0.10548591613816537
2014-07-21,27.2003116607666,160.95675659179688,0.16899142500584446,-0.1531082629318661
2014-07-22,27.38674545288086,161.658203125,0.1694114181864587,-0.1236564109175726
2014-07-23,27.440021514892578,162.01707458496094,0.16936499801138657,-0.14326636681888102
2014-07-24,27.972702026367188,162.02517700195312,0.17264416891227954,0.21280167942766762
2014-07-25,28.085905075073242,161.26666259765625,0.17415815905575407,0.37733302282008896
2014-07-28,28.01265525817871,161.33193969726562,0.173633660580438,0.309813250503999
2014-07-29,27.87282943725586,160.63868713378906,0.17351255749520522,0.288123012947289
2014-07-30,28.14582633972168,160.66311645507812,0.17518536276863106,0.4791438929465142
2014-07-31,27.240266799926758,157.490234375,0.17296479942410245,0.2059648483846381
2014-08-01,26.94728660583496,157.00901794433594,0.17162890997374763,0.03459685059176532
2014-08-04,27.087114334106445,158.1427764892578,0.17128265315328137,-0.01798575772947039
2014-08-05,26.214839935302734,156.60940551757812,0.16738994601675014,-0.5162803908681685
2014-08-06,26.121627807617188,156.65834045410156,0.16674265622819115,-0.6135193902535707
2014-08-07,25.56895637512207,155.81011962890625,0.1641033100803708,-0.9644468670290511
2014-08-08,26.194862365722656,157.6126708984375,0.16619769347479751,-0.7060573425038099
2014-08-11,26.041719436645508,158.06935119628906,0.16474869568046205,-0.9037608107862222
2014-08-12,26.22816276550293,157.84918212890625,0.16615963676063847,-0.7313886943037574
2014-08-13,26.36798858642578,158.91766357421875,0.16592232728183318,-0.7740525267265552
2014-08-14,26.394620895385742,159.6680450439453,0.16530935096074592,-0.8656836752376769
2014-08-15,26.374645233154297,159.63546752929688,0.1652179533869184,-0.8855529051230238
2014-08-18,26.561084747314453,160.97311401367188,0.1650032361619006,-0.918984695417209
2014-08-19,26.547773361206055,161.8131103515625,0.1640644154452452,-1.053847019075825
2014-08-20,26.534446716308594,162.24545288085938,0.16354508705888637,-1.1358602317075688
2014-08-21,26.794137954711914,162.71849060058594,0.16466560042325903,-0.9963086754307726
2014-08-22,26.57440757751465,162.4656982421875,0.16356934334471143,-1.1559874892791464
2014-08-25,26.927309036254883,163.28945922851562,0.16490537211328155,-0.9805814143503679
2014-08-26,27.186996459960938,163.39547729492188,0.16638769267089057,-0.7865355515278678
2014-08-27,27.286865234375,163.33023071289062,0.16706561372793935,-0.7079051390398766
2014-08-28,27.007217407226562,163.24053955078125,0.16544430373452113,-0.9559667218198648
2014-08-29,26.980575561523438,163.7054443359375,0.16481171821113658,-1.0680211887821454
2014-09-02,27.000553131103516,163.62387084960938,0.16501597835880788,-1.065539840471744
2014-09-03,27.300188064575195,163.53414916992188,0.16693875990517826,-0.8027673895489627
2014-09-04,27.426698684692383,163.29763793945312,0.1679552688622572,-0.6707575599699669
2014-09-05,27.726337432861328,164.0316619873047,0.16903039996636274,-0.5263316848151607
2014-09-08,27.273555755615234,163.60752868652344,0.16670110461647594,-0.9095411674955264
2014-09-09,27.020536422729492,162.5717315673828,0.16620685627334914,-1.0099610502054026
2014-09-10,27.033842086791992,163.1834259033203,0.16566536667031656,-1.1172275616065046
2014-09-11,26.8474063873291,163.3710479736328,0.16433393015671985,-1.3481235497099697
2014-09-12,26.827434539794922,162.4167022705078,0.16517657460569152,-1.2240649953396743
2014-09-15,26.694255828857422,162.29434204101562,0.16448050802726782,-1.3527846482226413
2014-09-16,26.760847091674805,163.51785278320312,0.16365703582932403,-1.5027277655708966
2014-09-17,26.85405921936035,163.73802185058594,0.16400625166868812,-1.458905078244253
2014-09-18,27.027193069458008,164.61077880859375,0.16418847699447864,-1.4318049164577544
2014-09-19,26.887359619140625,164.46246337890625,0.16348629995401834,-1.5553601435732316
2014-09-22,26.754180908203125,163.19224548339844,0.16394272184290049,-1.4829709185951403
2014-09-23,26.401283264160156,162.25814819335938,0.16271160220994474,-1.6928936614348458
2014-09-24,26.434574127197266,163.52830505371094,0.16165136744073033,-1.868681952679636
2014-09-25,26.108301162719727,160.88966369628906,0.1622745710501595,-1.755660635248981
2014-09-26,26.328033447265625,162.16799926757812,0.1623503623783643,-1.735490068687858
2014-09-29,25.855276107788086,161.87298583984375,0.15972570082428178,-2.1590337118704754
2014-09-30,25.901887893676758,161.44688415527344,0.16043597266804674,-2.02409460856744
2014-10-01,25.722108840942383,159.25900268554688,0.1615111761796605,-1.8314184059816607
2014-10-02,25.249345779418945,159.28359985351562,0.1585181764013331,-2.2957887223675155
2014-10-03,25.22270965576172,161.03717041015625,0.15662663217144418,-2.5635022534152943
2014-10-06,25.595590591430664,160.84866333007812,0.15912840095478978,-2.1324215084730915
2014-10-07,24.86980438232422,158.3657684326172,0.1570402785176775,-2.4285969330335693
2014-10-08,25.48240089416504,161.1355438232422,0.15814264369950548,-2.223551998612097
2014-10-09,24.536880493164062,157.93963623046875,0.15535606563864277,-2.612198086857992
2014-10-10,24.303831100463867,156.1368865966797,0.15565720330547886,-2.522035311490295
2014-10-13,24.37041473388672,153.57205200195312,0.15869042847442566,-2.033455396723487
2014-10-14,24.483604431152344,153.80967712402344,0.1591811704500891,-1.935888192535008
2014-10-15,24.084095001220703,152.7689666748047,0.15765044122140257,-2.136497768957339
2014-10-16,23.45819091796875,152.63787841796875,0.1536852527112118,-2.676508946722698
2014-10-17,24.030826568603516,154.4406280517578,0.15559912486596497,-2.359434359369161
2014-10-20,24.450319290161133,155.94024658203125,0.1567928730784661,-2.1567018792739505
2014-10-21,24.84982681274414,159.029541015625,0.1562591871550619,-2.203346604531378
2014-10-22,24.516902923583984,157.8987579345703,0.15526976427353048,-2.3108506585997444
2014-10-23,24.92306900024414,159.73422241210938,0.15602836151130714,-2.172819111955983
2014-10-24,25.196075439453125,160.9634246826172,0.1565329234832943,-2.0746690643077788
2014-10-27,24.843175888061523,160.74217224121094,0.1545529436468089,-2.3154589656282654
2014-10-28,25.48240089416504,162.58592224121094,0.1567319023867244,-1.9904422993247046
2014-10-29,24.7299747467041,162.34005737304688,0.1523343969866675,-2.547938387117859
2014-10-30,24.829856872558594,163.3807373046875,0.15197542428917787,-2.552206133820048
2014-10-31,25.18276023864746,165.24908447265625,0.15239273681310136,-2.455896626963381
2014-11-03,24.823196411132812,165.33921813964844,0.15013495703219487,-2.702114812667414
2014-11-04,24.543535232543945,164.76564025878906,0.14896027590457972,-2.7982489687818
2014-11-05,24.563507080078125,165.8063507080078,0.14814575542607247,-2.8448938324763215
2014-11-06,24.39704132080078,166.47007751464844,0.14655511479925862,-2.978862503837145
2014-11-07,24.163997650146484,166.6257781982422,0.14501956366797872,-3.0972362357447625
2014-11-10,24.42368507385254,167.1502227783203,0.14611817243129835,-2.904882927903111
2014-11-11,24.636760711669922,167.3141326904297,0.14724853373416874,-2.7195138134559445
2014-11-12,24.21726417541504,167.1337890625,0.14489747591589003,-2.933554509332996
2014-11-13,24.25055694580078,167.3223114013672,0.14493319356334586,-2.871455745641611
2014-11-14,24.350439071655273,167.36334228515625,0.14549445977343484,-2.757582442624903
2014-11-17,24.650075912475586,167.46983337402344,0.14719114132885444,-2.529135674025782
2014-11-18,25.136140823364258,168.43678283691406,0.14923189816384633,-2.27373225587368
2014-11-19,24.943052291870117,168.1663818359375,0.14832365434492412,-2.3414835988404534
2014-11-20,24.536880493164062,168.4613494873047,0.14565287864450577,-2.5921762378112603
2014-11-21,25.016298294067383,169.3627471923828,0.1477083875219078,-2.342255512863017
2014-11-24,25.502370834350586,169.8380126953125,0.15015702568365277,-2.0605257507777335
2014-11-25,25.702131271362305,169.71505737304688,0.15144284584523943,-1.9076742263508528
2014-11-26,25.655519485473633,170.1493682861328,0.15078233756548456,-1.9561348617940373
2014-11-28,25.70879364013672,169.78878784179688,0.15141632122429224,-1.8712540023369855
2014-12-01,25.542329788208008,168.60882568359375,0.1514886880010657,-1.8448794983156704
2014-12-02,25.675504684448242,169.69871520996094,0.15130052489013274,-1.8462129799410678
2014-12-03,25.828643798828125,170.3542022705078,0.1516172976925715,-1.7978192576107397
2014-12-04,25.455760955810547,170.16580200195312,0.1495938705446725,-1.9814074167445543
2014-12-05,25.728763580322266,170.4444580078125,0.1509510129049955,-1.8302687782415041
2014-12-08,25.46908187866211,169.3053741455078,0.15043280230887981,-1.86606819275154
2014-12-09,25.082883834838867,169.1906280517578,0.14825220595059,-2.059849377797337
2014-12-10,24.650075912475586,166.478271484375,0.14806782706648383,-2.055439795511634
2014-12-11,24.623435974121094,167.3223114013672,0.14716170107795856,-2.1190691571869573
2014-12-12,24.064119338989258,164.61810302734375,0.14618148852676371,-2.1877849901023048
2014-12-15,23.651287078857422,163.48731994628906,0.14466740959866273,-2.3022776121279898
2014-12-16,23.8776798248291,162.17620849609375,0.14723293907444032,-2.0360056395781765
2014-12-17,24.180192947387695,165.3556671142578,0.14623141359092104,-2.1051707645147153
2014-12-18,24.694656372070312,169.4446563720703,0.14573877335998867,-2.124927073936028
2014-12-19,24.420276641845703,170.1656494140625,0.1435088499114417,-2.2980565330180736
2014-12-22,24.57805061340332,170.9484405517578,0.14377464066986828,-2.2432535006214085
2014-12-23,24.632925033569336,171.1791534423828,0.14390143039152564,-2.2019956871921456
2014-12-24,24.78383445739746,171.19564819335938,0.14476906813311635,-2.0972828267709844
2014-12-26,24.78383445739746,171.7477264404297,0.1443037120261017,-2.110866214086467
2014-12-29,24.35167694091797,171.97836303710938,0.14159732951791953,-2.3142349012607943
2014-12-30,24.06357765197754,171.05552673339844,0.14067699601125572,-2.3576665395706264
2014-12-31,23.7548885345459,169.35813903808594,0.14026422744999462,-2.356603895324901
2015-01-02,23.994983673095703,169.2675323486328,0.14175774491515775,-2.1995585980888293
2015-01-05,22.993471145629883,166.2106475830078,0.13833933914580676,-2.4486995820845525
2015-01-06,22.609331130981445,164.6450653076172,0.13732164452508155,-2.4915677327782815
2015-01-07,22.815120697021484,166.69667053222656,0.13686608511242437,-2.486877274031849
2015-01-08,22.51329803466797,169.65478515625,0.13270063684872485,-2.7701351456678016
2015-01-09,22.17718505859375,168.2952880859375,0.13177543656046567,-2.788096103404365
2015-01-12,22.129159927368164,166.9768829345703,0.1325282849844517,-2.6785792608645966
2015-01-13,22.225194931030273,166.50723266601562,0.13347885599426257,-2.560374812622152
2015-01-14,22.376102447509766,165.50201416015625,0.13520139051514152,-2.3907591742622856
2015-01-15,22.232051849365234,163.98585510253906,0.13557298484960004,-2.328239567643722
2015-01-16,22.458419799804688,166.136474609375,0.13518054871821247,-2.323241928014286
2015-01-20,22.904294967651367,166.49073791503906,0.13757098595682557,-2.116503363475271
2015-01-21,23.08264923095703,167.3312225341797,0.1379458590057339,-2.06200847834101
2015-01-22,23.16496467590332,169.81954956054688,0.13640929289854326,-2.1456314903881073
2015-01-23,22.66421127319336,168.8885498046875,0.13419625723237938,-2.2738580342026973
2015-01-26,23.137523651123047,169.28395080566406,0.13667877870882542,-2.0672131800490843
2015-01-27,23.171823501586914,167.0510711669922,0.13871101418094625,-1.8989596283345134
2015-01-28,22.25949478149414,164.90872192382812,0.13498070036450754,-2.1356293244629696
2015-01-29,23.000329971313477,166.43310546875,0.13819564266696982,-1.8863865694355717
2015-01-30,22.382970809936523,164.34017944335938,0.13619901648976185,-2.0014723777580654
2015-02-02,22.561311721801758,166.3754119873047,0.1356048436022704,-2.0172120109196836
2015-02-03,23.425628662109375,168.7814178466797,0.138792699818348,-1.7771269839651513
2015-02-04,22.780824661254883,168.13873291015625,0.13548826178812504,-1.9798252597048456
2015-02-05,23.178678512573242,169.83607482910156,0.13647676758837549,-1.8901548967024087
2015-02-06,22.767101287841797,169.3664093017578,0.13442512822762845,-2.004585195673684
2015-02-09,22.45155906677246,168.6083526611328,0.13315804770298276,-2.063834470887778
2015-02-10,22.856279373168945,170.4046173095703,0.1341294604221108,-1.9745749043392566
2015-02-11,22.533876419067383,170.50341796875,0.13216084866520042,-2.078486688678045
2015-02-12,23.31587791442871,172.14315795898438,0.13544469725589708,-1.8407868861136316
2015-02-13,23.60398292541504,172.85177612304688,0.13655620702799273,-1.7490499609876506
2015-02-17,23.6794376373291,173.12371826171875,0.1367775477276421,-1.7164745911300296
2015-02-18,23.72059440612793,173.1401824951172,0.13700224906946074,-1.6843620978927238
2015-02-19,23.713733673095703,173.0165557861328,0.13706048860669984,-1.6634974512224177
2015-02-20,24.15275001525879,174.0547637939453,0.13876523393437262,-1.5389483696430672
2015-02-23,23.885225296020508,174.030029296875,0.13724772323789644,-1.620069914643301
2015-02-24,24.097875595092773,174.52442932128906,0.13807737798546255,-1.552136912604509
2015-02-25,24.015554428100586,174.3761444091797,0.13772270576041212,-1.5597650030475327
2015-02-26,23.90580177307129,174.170166015625,0.13725543426838482,-1.5741213878445346
2015-02-27,23.988122940063477,173.57688903808594,0.13819882976932513,-1.5004251130876167
2015-03-02,24.056711196899414,174.67276000976562,0.1377244579839149,-1.5159443826293857
2015-03-03,23.761749267578125,173.95594787597656,0.13659635992739538,-1.5714266391965543
2015-03-04,23.55596923828125,173.2225799560547,0.13598671284227049,-1.5937730687733083
2015-03-05,23.562828063964844,173.41209411621094,0.1358776513486676,-1.5850163212697037
2015-03-06,22.993471145629883,170.97311401367188,0.1344858884876555,-1.6547792282447922
2015-03-09,23.096363067626953,171.68173217773438,0.13453011438465876,-1.635654294121307
2015-03-10,22.39668846130371,168.89674377441406,0.132605803763853,-1.735747117948293
2015-03-11,22.32122802734375,168.50128173828125,0.13246918834726384,-1.7259295189896129
2015-03-12,22.520156860351562,170.64353942871094,0.13197192777262873,-1.7378025295499817
2015-03-13,22.30750846862793,169.59713745117188,0.13153234072155498,-1.745668078626225
2015-03-16,22.54073715209961,171.86302185058594,0.13115524741381568,-1.749532417143995
2015-03-17,22.533876419067383,171.35218811035156,0.13150620758081868,-1.7104743194874619
2015-03-18,22.89057159423828,173.41209411621094,0.13200101014233945,-1.6639222989717128
2015-03-19,22.561311721801758,172.62107849121094,0.13069847505877144,-1.7231266093113475
2015-03-20,23.610837936401367,174.14480590820312,0.1355816374382555,-1.4210895471897056
2015-03-23,24.02241325378418,173.80538940429688,0.1382144324529806,-1.255165968500723
2015-03-24,24.207626342773438,172.82882690429688,0.14006706390582802,-1.1368852186743597
2015-03-25,24.091018676757812,170.29627990722656,0.14146532554840327,-1.0464102781285707
2015-03-26,23.946964263916016,169.89065551757812,0.14095515842799422,-1.0678345655756
2015-03-27,24.001842498779297,170.27967834472656,0.14095541365886435,-1.0593442469549939
2015-03-30,24.029272079467773,172.3570556640625,0.1394156565676239,-1.1404584070008594
2015-03-31,23.857784271240234,170.85072326660156,0.1396411078343034,-1.1182595005006357
2015-04-01,24.166475296020508,170.24658203125,0.14194984126955673,-0.9752088145900555
2015-04-02,24.57805061340332,170.85897827148438,0.14384992150866263,-0.8568023475325297
2015-04-06,24.838712692260742,172.0094757080078,0.14440316494206015,-0.8175602173577315
2015-04-07,24.488872528076172,171.55426025390625,0.1427470964103823,-0.9077075611643558
2015-04-08,24.358539581298828,172.13356018066406,0.14150953222447232,-0.973231909573665
2015-04-09,24.207626342773438,172.89503479003906,0.1400134270609378,-1.0535335231985983
2015-04-10,24.08415412902832,173.83853149414062,0.13854324425100253,-1.131883323584974
2015-04-13,24.132173538208008,173.05226135253906,0.13945020625327953,-1.0699779955421398
2015-04-14,24.228206634521484,173.38333129882812,0.13973780785630366,-1.044919932097984
2015-04-15,24.26936149597168,174.16136169433594,0.13934986072608874,-1.0597790169206434
2015-04-16,24.180192947387695,174.1116943359375,0.13887747769965147,-1.0794543943441537
2015-04-17,23.74803352355957,172.10877990722656,0.13798269638748645,-1.1240211206934012
2015-04-20,23.610837936401367,173.68130493164062,0.13594346234152477,-1.235764853087064
2015-04-21,23.74803352355957,173.4744110107422,0.13689646435570837,-1.1699226763446993
2015-04-22,23.761749267578125,174.32688903808594,0.136305703604834,-1.1959655815656316
2015-04-23,23.994983673095703,174.76548767089844,0.13729818165403887,-1.128292832831904
2015-04-24,24.207626342773438,175.1710205078125,0.13819424167648664,-1.0667019516595018
2015-04-27,24.433998107910156,174.44271850585938,0.1400688909069566,-0.9472136488420007
2015-04-28,24.680936813354492,174.99722290039062,0.14103616277044018,-0.8821977549572826
2015-04-29,24.502592086791992,174.27719116210938,0.14059551868723968,-0.901651782604412
2015-04-30,24.63978385925293,172.53089904785156,0.14281374522032178,-0.76153681010806
2015-05-01,24.879873275756836,174.40133666992188,0.14265873043648378,-0.7644763468731566
2015-05-04,24.73581886291504,174.89794921875,0.14143001089153553,-0.8323898717618458
2015-05-05,24.132173538208008,172.89503479003906,0.1395770188977013,-0.9381377804968255
2015-05-06,24.427135467529297,172.18321228027344,0.14186711436053193,-0.791973606221797
2015-05-07,24.358539581298828,172.87017822265625,0.14090654519905166,-0.8443325561096942
2015-05-08,24.914165496826172,175.14622497558594,0.1422478018027452,-0.755515932709743
2015-05-11,24.72209930419922,174.310302734375,0.14182810147414124,-0.7750804705965765
2015-05-12,24.701522827148438,173.78887939453125,0.1421352327790298,-0.7496560978165031
2015-05-13,24.96218490600586,173.822021484375,0.14360772411250394,-0.6516671671779357
2015-05-14,25.33260726928711,175.634521484375,0.14423478400025577,-0.6062979618798567
2015-05-15,25.284591674804688,175.82492065429688,0.14380550595850233,-0.6271702578229168
2015-05-18,24.989627838134766,176.3710479736328,0.14168781171992964,-0.7545885139805938
2015-05-19,24.831850051879883,176.3131866455078,0.14083943761850531,-0.8018579881982538
2015-05-20,24.900447845458984,176.18905639648438,0.14132800501198348,-0.7643922866695477
2015-05-21,25.003339767456055,176.7021942138672,0.1414998827756144,-0.747103217842188
2015-05-22,24.694656372070312,176.28005981445312,0.1400876332698272,-0.8311503861906936
2015-05-26,23.72059440612793,174.3848114013672,0.1360244290515198,-1.085110020770746
2015-05-27,24.070430755615234,176.0400390625,0.13673270514936345,-1.0322794750805175
2015-05-28,24.145893096923828,175.84144592285156,0.13731627927762585,-0.9876539377588016
2015-05-29,23.885225296020508,174.74888610839844,0.13668313331167256,-1.021809130213404
2015-06-01,23.816627502441406,175.10488891601562,0.13601349254083028,-1.058666122974311
2015-06-02,24.283084869384766,174.93099975585938,0.1388152180189629,-0.8685807911100331
2015-06-03,24.47515106201172,175.39453125,0.13954341043350926,-0.8143089582862707
2015-06-04,24.015554428100586,173.91305541992188,0.1380894284797298,-0.9040988318986176
2015-06-05,23.809768676757812,173.6150665283203,0.13714114306360578,-0.9610363263458617
2015-06-08,23.796051025390625,172.54737854003906,0.13791024370659347,-0.9041121663113165
2015-06-09,23.734312057495117,172.52261352539062,0.1375721800898992,-0.921747835700175
2015-06-10,24.317380905151367,174.5916748046875,0.13928144587853214,-0.8002288716800912
2015-06-11,24.40655517578125,175.15451049804688,0.13934300125290466,-0.790287043659418
2015-06-12,24.118450164794922,173.81370544433594,0.1387603474831787,-0.8250753659485562
2015-06-15,23.802913665771484,173.06875610351562,0.13753443545601335,-0.9049019224119703
2015-06-16,23.734312057495117,174.01234436035156,0.13639441583721887,-0.979307099294327
2015-06-17,23.672574996948242,174.2937469482422,0.13581999016853993,-1.0143904701185371
2015-06-18,24.132173538208008,176.1062774658203,0.13703187578246162,-0.9237811056166568
2015-06-19,24.111589431762695,175.32447814941406,0.13752551660934903,-0.8838404483136553
2015-06-22,24.96218490600586,176.22274780273438,0.14165132037294526,-0.5801115724276734
2015-06-23,24.756399154663086,176.34750366210938,0.1403841769265846,-0.6671781310154121
2015-06-24,24.447717666625977,175.06668090820312,0.1396480331939647,-0.716197114384521
2015-06-25,24.465835571289062,174.53443908691406,0.14017769615717876,-0.6713693937501918
2015-06-26,24.626157760620117,174.50119018554688,0.14112315070421674,-0.5948372978576129
2015-06-29,23.350587844848633,170.84178161621094,0.13667960860596018,-0.9264504949056914
2015-06-30,23.385435104370117,171.19944763183594,0.1365976083910063,-0.9280529755844916
2015-07-01,23.37149429321289,172.5716552734375,0.13543066650303068,-1.0134627220418737
2015-07-02,23.37149429321289,172.4136505126953,0.13555477900801122,-0.9994929028239415
2015-07-06,22.555973052978516,171.92294311523438,0.13119815566361018,-1.3364900022425417
2015-07-07,22.751136779785156,173.0042266845703,0.131506248233265,-1.306451916300424
2015-07-08,22.35382843017578,170.1016387939453,0.13141453891137617,-1.306947736073131
2015-07-09,22.841753005981445,170.4093017578125,0.13404052930423005,-1.091759510275448
2015-07-10,24.07550048828125,172.55503845214844,0.13952360188519022,-0.644800566400229
2015-07-13,24.005796432495117,174.45957946777344,0.13760090736048988,-0.7946349190419403
2015-07-14,24.096410751342773,175.2163848876953,0.1375237296830849,-0.7950422253676185
2015-07-15,24.06156349182129,175.158203125,0.13737046317294074,-0.8016042572556034
2015-07-16,24.375225067138672,176.56375122070312,0.1380533937380491,-0.739461632361334
2015-07-17,24.26369857788086,176.71340942382812,0.13730536158513576,-0.7955721882179736
2015-07-20,24.3821964263916,176.8048858642578,0.13790453983896728,-0.7395393932788599
2015-07-21,24.354310989379883,176.1062774658203,0.13829325870627585,-0.7008862161697124
2015-07-22,24.41007423400879,175.79029846191406,0.1388590522206626,-0.6471006044375195
2015-07-23,24.32642936706543,174.80055236816406,0.13916677629158303,-0.6149394474217501
2015-07-24,23.963972091674805,172.98751831054688,0.13853006462960366,-0.6641073988592573
2015-07-27,23.963972091674805,171.98118591308594,0.1393406608080111,-0.5885505932520769
2015-07-28,24.228845596313477,174.09365844726562,0.13917132773479277,-0.5979720527062978
2015-07-29,24.138229370117188,175.29124450683594,0.1377035655033863,-0.7231377893515709
2015-07-30,23.80365753173828,175.33282470703125,0.13576269914953182,-0.8937442536193931
2015-07-31,23.88033103942871,175.06668090820312,0.13640705881635154,-0.831373532283156
2015-08-03,23.950031280517578,174.4761505126953,0.13726822382394846,-0.7478392718811699
2015-08-04,23.643339157104492,174.13522338867188,0.13577574196078804,-0.8817258877784693
2015-08-05,23.824565887451172,174.70904541015625,0.13636710012077138,-0.8209435566585421
2015-08-06,23.866390228271484,173.27862548828125,0.13773418481949787,-0.6865017765795283
2015-08-07,23.866390228271484,172.9459686279297,0.13799911277271146,-0.6553207925557036
2015-08-10,24.242786407470703,175.1249237060547,0.1384313888305354,-0.608185815085631
2015-08-11,24.019733428955078,173.54470825195312,0.13840660237293495,-0.6045618603479753
2015-08-12,23.99185562133789,173.75267028808594,0.1380805001820049,-0.6303199804628343
2015-08-13,23.75486183166504,173.5364532470703,0.13688686951463944,-0.7411667513157452
2015-08-14,23.678190231323242,174.16848754882812,0.13594991013908336,-0.8276806620159546
2015-08-17,23.559690475463867,175.1415557861328,0.1345179924302651,-0.9638753468655039
2015-08-18,23.33664321899414,174.63424682617188,0.13363153930639424,-1.0465785038087991
2015-08-19,23.357547760009766,173.253662109375,0.1348170507660851,-0.9219104465266873
2015-08-20,22.86266326904297,169.6359100341797,0.13477490269858786,-0.9203212191293548
2015-08-21,22.5211181640625,164.52944946289062,0.13688198822510558,-0.7006999901191873
2015-08-24,21.844995498657227,157.60162353515625,0.1386089496329602,-0.5177288649014554
2015-08-25,21.88681983947754,155.74700927734375,0.14052802645155754,-0.31265834240463924
2015-08-26,22.374736785888672,161.72671508789062,0.13834904625206224,-0.5338931276780037
2015-08-27,22.555973052978516,165.7270965576172,0.13610310879450324,-0.7662088751872821
2015-08-28,22.479291915893555,165.73533630371094,0.13563367002616827,-0.8116525214171106
2015-08-31,22.32594871520996,164.39633178710938,0.13580563795134862,-0.7883833027593935
2015-09-01,21.684675216674805,159.48951721191406,0.13596301246471473,-0.7666394951435761
2015-09-02,21.79620361328125,162.5167694091797,0.1341166434240607,-0.9667721341035119
2015-09-03,21.482542037963867,162.63323974609375,0.13209195162995485,-1.191374596298321
2015-09-04,21.12705421447754,160.1714324951172,0.13190276121880595,-1.214131777021244
2015-09-08,21.517391204833984,164.19671630859375,0.1310464160829738,-1.311546555098538
2015-09-09,21.447690963745117,162.00112915039062,0.13239223131484823,-1.1549761359984034
2015-09-10,21.649826049804688,162.8827362060547,0.13291664024121372,-1.0923008209844989
2015-09-11,21.53133201599121,163.62290954589844,0.1315911816734403,-1.2478028898138986
2015-09-14,21.30828094482422,163.01577758789062,0.13071299760132588,-1.3529710083914823
2015-09-15,21.4895076751709,165.0533905029297,0.13019731136507287,-1.4149947823124356
2015-09-16,21.80317497253418,166.48382568359375,0.13096272195217093,-1.3198015531026945
2015-09-17,22.2492733001709,166.10955810546875,0.13394336577576144,-0.9478800388104316
2015-09-18,21.573152542114258,163.3950653076172,0.1320306246795114,-1.1890514662661
2015-09-21,21.336162567138672,164.2394561767578,0.12990887247079205,-1.4603922250002195
2015-09-22,20.722774505615234,162.10769653320312,0.12783337835764488,-1.7300021351885186
2015-09-23,20.47184181213379,161.84852600097656,0.12648766298934516,-1.9041852470202012
2015-09-24,20.402135848999023,161.2633514404297,0.12651439813673676,-1.8972623663477717
2015-09-25,20.381229400634766,161.2215118408203,0.1264175553741108,-1.9088336591653123
2015-09-28,20.276674270629883,157.17527770996094,0.12900676598801297,-1.5627587592290442
2015-09-29,20.492753982543945,157.267333984375,0.13030521636858144,-1.3841957929042863
2015-09-30,20.673982620239258,160.20164489746094,0.12904975247583692,-1.5556869814702423
2015-10-01,20.848243713378906,160.61962890625,0.12979885369768565,-1.4537234889986734
2015-10-02,21.18281364440918,163.01893615722656,0.1299408163477342,-1.431240764582609
2015-10-05,21.78226089477539,165.9198455810547,0.13128182959966886,-1.2367070542370497
2015-10-06,22.0401668548584,165.35137939453125,0.13329291195249227,-0.9470322917690607
2015-10-07,22.40262222290039,166.70570373535156,0.13438425753245356,-0.7846116403263955
2015-10-08,22.56293487548828,168.2104949951172,0.13413511966743358,-0.8181209937724574
2015-10-09,22.772045135498047,168.31080627441406,0.1352975821313011,-0.6399680809687184
2015-10-12,22.618701934814453,168.4696044921875,0.13425983875841152,-0.7914133928287409
2015-10-13,22.29109764099121,167.40786743164062,0.13315442089418864,-0.9585514515081625
2015-10-14,22.416561126708984,166.60537719726562,0.1345488453242846,-0.7416721051284839
2015-10-15,22.51414680480957,169.1634979248047,0.133091045532869,-0.9696509880116266
2015-10-16,22.653547286987305,169.93258666992188,0.13330902407193798,-0.9304369044622938
2015-10-19,22.472328186035156,170.0161895751953,0.13217757815996706,-1.1104466796175008
2015-10-20,22.32594871520996,169.79884338378906,0.13148469253555264,-1.2238921265069669
2015-10-21,22.346860885620117,168.74549865722656,0.13242937478891445,-1.0676810091162563
2015-10-22,22.486265182495117,171.59625244140625,0.13104170319904476,-1.2994001327078817
2015-10-23,22.45838737487793,173.4771728515625,0.12946018779136248,-1.5690554364838225
2015-10-26,22.451416015625,173.0508575439453,0.12973883131393085,-1.525130614815118
2015-10-27,22.116836547851562,172.7164764404297,0.1280528470917464,-1.8169874220800775
2015-10-28,22.16562843322754,174.68104553222656,0.1268920068899991,-2.0261407412529406
2015-10-29,22.026220321655273,174.5806884765625,0.12616641917191374,-2.1440690520045975
2015-10-30,21.921669006347656,173.828369140625,0.12611099738623963,-2.1421360911032443
2015-11-02,22.19351577758789,175.8848876953125,0.126182050478572,-2.119812457545411
2015-11-03,22.20047950744629,176.3948211669922,0.12585675339316904,-2.1615260201948714
2015-11-04,21.99834632873535,175.85983276367188,0.12509022659141095,-2.276823910509527
2015-11-05,21.87287712097168,175.6842498779297,0.12450107016519446,-2.3557098310372755
2015-11-06,21.81711196899414,175.5922393798828,0.12424872560451937,-2.37000030972194
2015-11-09,21.54526710510254,173.9537353515625,0.12385630616990953,-2.4049524552037487
2015-11-10,21.440715789794922,174.35498046875,0.12297162795207783,-2.523629080604487
2015-11-11,21.433746337890625,173.6695098876953,0.12341686431746665,-2.4151094045479207
2015-11-12,21.036441802978516,171.24508666992188,0.12284406059209543,-2.4771222419610703
2015-11-13,20.945825576782227,169.32232666015625,0.1237038610910551,-2.2981271505557936
2015-11-16,21.12705421447754,171.89718627929688,0.12290517763420808,-2.401035857369616
2015-11-17,21.134021759033203,171.77182006835938,0.12303544173091126,-2.3503525362418727
2015-11-18,21.343128204345703,174.49720764160156,0.12231214752835579,-2.445873880355931
2015-11-19,21.538299560546875,174.3466339111328,0.12353722625654638,-2.2179081793063604
2015-11-20,21.23160171508789,174.9820556640625,0.12133588003931765,-2.54871336584004
2015-11-23,21.092201232910156,174.78140258789062,0.12067760597300234,-2.621539139316179
2015-11-24,21.19675636291504,175.0154571533203,0.12111362452029514,-2.523663332945978
2015-11-25,21.043407440185547,174.9903564453125,0.12025466927237201,-2.6400035710435756
2015-11-27,21.154932022094727,175.1910400390625,0.1207535043879972,-2.5344231916999
2015-11-30,21.224637985229492,174.4637451171875,0.12165643911273874,-2.369882287972842
2015-12-01,21.496479034423828,176.1273193359375,0.12205079322999511,-2.2913281810273847
2015-12-02,21.14796257019043,174.3299560546875,0.12130997476736752,-2.396862425814743
2015-12-03,21.217668533325195,171.88880920410156,0.1234383356983481,-2.038281213497872
2015-12-04,21.538299560546875,175.24118041992188,0.12290661081451118,-2.112409743208564
2015-12-07,21.18978500366211,174.1794891357422,0.1216548808863965,-2.3064453113716703
2015-12-08,20.799449920654297,173.0091094970703,0.12022170382309556,-2.5240333231603787
2015-12-09,20.904003143310547,171.6631317138672,0.12177339964969247,-2.24621596296783
2015-12-10,20.77853775024414,172.106201171875,0.12073090689796538,-2.395501278298559
2015-12-11,20.457904815673828,168.7705841064453,0.121217242471418,-2.291693785387037
2015-12-14,20.36031723022461,169.62327575683594,0.12003256710719475,-2.457094177471853
2015-12-15,20.604280471801758,171.4039764404297,0.12020888254574794,-2.3964863621431443
2015-12-16,20.931882858276367,173.91195678710938,0.12035907849567633,-2.347651045869234
2015-12-17,20.708831787109375,171.26182556152344,0.12091913489308226,-2.233210671158129
2015-12-18,20.409107208251953,168.2108612060547,0.12133049591400187,-2.1446965960505335
2015-12-21,20.0137996673584,169.59837341308594,0.11800702603798773,-2.640380175191886
2015-12-22,20.169933319091797,171.13739013671875,0.11785813318164066,-2.622801854445073
2015-12-23,20.62415313720703,173.2566375732422,0.1190381703470865,-2.4025865763109446
2015-12-24,20.659637451171875,172.9706573486328,0.11944012798385294,-2.3110851395609906
2015-12-28,20.489307403564453,172.57537841796875,0.11872671287986632,-2.3915677368422283
2015-12-29,20.538984298706055,174.4171142578125,0.1177578495442059,-2.5029348274127834
2015-12-30,20.425434112548828,173.1809539794922,0.11794272778383919,-2.4363101981480635
2015-12-31,20.0634822845459,171.44850158691406,0.11702337494256211,-2.5344541400821314
2016-01-04,19.793790817260742,169.05177307128906,0.11708715299255518,-2.486022355884951
2016-01-05,19.62346076965332,169.33773803710938,0.11588356498155747,-2.6188065906125666
2016-01-06,19.254409790039062,167.20162963867188,0.11515683089721353,-2.6757168343398776
2016-01-07,18.97762680053711,163.19021606445312,0.11629144968496005,-2.468951583824628
2016-01-08,18.80019760131836,161.39894104003906,0.11648278161041031,-2.403898720091307
2016-01-11,18.86407470703125,161.55874633789062,0.11676294310664027,-2.3300485016310346
2016-01-12,18.998916625976562,162.86221313476562,0.11665638247378655,-2.3111501031507777
2016-01-13,18.61567497253418,158.80032348632812,0.1172269335719388,-2.2010315478851563
2016-01-14,18.828588485717773,161.4073486328125,0.11665260996605027,-2.247420133103797
2016-01-15,18.125974655151367,157.94253540039062,0.11476309791533547,-2.4643223380517334
2016-01-19,18.11178207397461,158.1527557373047,0.11452081242301393,-2.4561954139717384
2016-01-20,17.721439361572266,156.1260528564453,0.11350725287256679,-2.5468836163109163
2016-01-21,17.89886474609375,157.0006866455078,0.114005009331632,-2.4414121924356165
2016-01-22,18.459537506103516,160.22157287597656,0.11521255954959682,-2.2510526476723736
2016-01-25,17.984033584594727,157.7996063232422,0.11396754404922664,-2.3742315243451704
2016-01-26,18.45244026184082,159.95242309570312,0.11536205519562721,-2.1661885086700003
2016-01-27,18.310501098632812,158.21165466308594,0.11573421147528794,-2.091684020436227
2016-01-28,18.33888816833496,159.03582763671875,0.11531293571298908,-2.11597337163126
2016-01-29,18.707935333251953,162.9126739501953,0.11483413094656608,-2.146230496327015
2016-02-01,18.686647415161133,162.85385131835938,0.11474489097977192,-2.12821646154734
2016-02-02,17.976932525634766,159.91885375976562,0.11241284003098342,-2.3756255106422213
2016-02-03,18.10468864440918,160.87754821777344,0.11253707459478182,-2.3255551403977437
2016-02-04,18.502120971679688,161.1298828125,0.11482737186130657,-2.0253942987074143
2016-02-05,18.459537506103516,158.06028747558594,0.11678795351397032,-1.7730088215935884
2016-02-08,17.778217315673828,155.9326629638672,0.11401214458700938,-2.0736583131716637
2016-02-09,17.48014259338379,155.9410400390625,0.11209456207939293,-2.2649896643827554
2016-02-10,17.707246780395508,155.80648803710938,0.11364896933032767,-2.058066977501123
2016-02-11,17.238840103149414,153.7797393798828,0.11210085393996036,-2.2051386378450184
2016-02-12,17.387876510620117,156.95022583007812,0.11078592858760886,-2.3192797525563766
2016-02-16,17.79241180419922,159.59925842285156,0.11148179496585735,-2.2093158052675754
2016-02-17,18.204042434692383,162.2062225341797,0.11222776876427458,-2.0980569278348695
2016-02-18,17.827899932861328,161.5419158935547,0.11036083009321693,-2.271161399886361
2016-02-19,17.700149536132812,161.46621704101562,0.10962138000444156,-2.3170425070679017
2016-02-22,17.998226165771484,163.80409240722656,0.10987653544715378,-2.2568229822577837
2016-02-23,17.71434211730957,161.73533630371094,0.10952672756709829,-2.2613093826524504
2016-02-24,17.4659481048584,162.47540283203125,0.10749902939409774,-2.4380501511706574
2016-02-25,17.74983024597168,164.44325256347656,0.1079389392344942,-2.3552949829666097
2016-02-26,17.74983024597168,164.06480407714844,0.1081879221190253,-2.2950036951445387
2016-02-29,17.771120071411133,162.77806091308594,0.10917392658277139,-2.1634564543676595
2016-03-01,18.303401947021484,166.60455322265625,0.10986135488482218,-2.066182288625812
2016-03-02,18.573091506958008,167.35302734375,0.11098150897986514,-1.928957211570961
2016-03-03,18.849878311157227,168.00900268554688,0.11219564433959231,-1.7864110433419726
2016-03-04,18.849878311157227,168.5556182861328,0.111831800700695,-1.8028510493865018
2016-03-07,18.849878311157227,168.69012451171875,0.11174263084883634,-1.7918933320655357
2016-03-08,18.743419647216797,166.8484344482422,0.11233800130759493,-1.7145835372545528
2016-03-09,18.75761604309082,167.67257690429688,0.11187050613409,-1.7422681955283263
2016-03-10,19.14795684814453,167.80715942382812,0.1141069124457486,-1.5087362314003014
2016-03-11,19.91444206237793,170.51502990722656,0.11678995143837428,-1.2367715648238147
2016-03-14,19.857669830322266,170.29640197753906,0.11660651428760871,-1.2451059928100852
2016-03-15,19.545394897460938,170.0188446044922,0.11496016775627774,-1.3935530135737533
2016-03-16,19.673141479492188,171.0028076171875,0.11504572207687448,-1.3738459618465058
2016-03-17,19.815080642700195,172.08767700195312,0.11514526192642661,-1.3529931794270582
2016-03-18,19.921541213989258,172.76388549804688,0.1153107963308366,-1.3265664283872067
2016-03-21,19.82217788696289,173.009033203125,0.1145730804916425,-1.3849728817053069
2016-03-22,19.708627700805664,172.91604614257812,0.1139780149989949,-1.4289443618382294
2016-03-23,19.389251708984375,171.7748565673828,0.11287595924365378,-1.520001494732671
2016-03-24,19.247316360473633,171.6988067626953,0.1120993018144577,-1.5793611778009702
2016-03-28,19.318288803100586,171.80026245117188,0.11244621240663775,-1.5326101559937442
2016-03-29,19.538291931152344,173.3894500732422,0.11268443335450391,-1.4967846257711563
2016-03-30,19.59507179260254,174.15020751953125,0.11251822246841088,-1.4988146633797808
2016-03-31,19.289892196655273,173.72756958007812,0.11103529648910315,-1.6229252023856207
2016-04-01,19.176342010498047,174.91098022460938,0.10963486675263627,-1.7376373766133786
2016-04-04,19.041500091552734,174.3446502685547,0.109217576003748,-1.7605044196519728
2016-04-05,18.622772216796875,172.60328674316406,0.10789349709491802,-1.8664757785429973
2016-04-06,18.793100357055664,174.48834228515625,0.10770404550203808,-1.8652898634618464
2016-04-07,18.303401947021484,172.40042114257812,0.10616796540122286,-1.9858412079337397
2016-04-08,18.743419647216797,172.8653106689453,0.10842788281052151,-1.7586876837904653
2016-04-11,18.878265380859375,172.45962524414062,0.10946484056273786,-1.6468186863023717
2016-04-12,19.084077835083008,174.06568908691406,0.10963721762279062,-1.6155998060946588
2016-04-13,19.545394897460938,175.82394409179688,0.11116457999176936,-1.4627131913077585
2016-04-14,19.552490234375,175.8323211669922,0.11119963670277394,-1.446815343735942
2016-04-15,19.587976455688477,175.63796997070312,0.1115247258833372,-1.4049196339068788
2016-04-18,19.744110107421875,176.8720703125,0.11162932662312207,-1.3833407403529172
2016-04-19,20.0634822845459,177.42999267578125,0.11307830193741823,-1.241000707077692
2016-04-20,20.304786682128906,177.59906005859375,0.11432935892470332,-1.1182313240866104
2016-04-21,20.361557006835938,176.64389038085938,0.11526895701252206,-1.0247195500597073
2016-04-22,20.425434112548828,176.64389038085938,0.11563057215570739,-0.9840481029434857
2016-04-25,20.304786682128906,176.3395538330078,0.11514595699474992,-1.0199316629254378
2016-04-26,20.680931091308594,176.60159301757812,0.11710500872577127,-0.8351878838852033
2016-04-27,20.815767288208008,176.965087890625,0.11762640606871225,-0.7811775011008759
2016-04-28,20.574472427368164,175.35899353027344,0.11732772875328035,-0.8017317161778037
2016-04-29,20.468013763427734,174.41226196289062,0.1173542131331493,-0.7927923416982897
2016-05-02,20.517696380615234,175.79855346679688,0.11671140618623133,-0.8450379007784573
2016-05-03,19.921541213989258,174.26861572265625,0.11431514005765586,-1.0575311018823137
2016-05-04,19.60926628112793,173.2964630126953,0.11315445185797819,-1.1554851514012083
2016-05-05,19.474424362182617,173.2626190185547,0.11239830306441981,-1.2162570026713306
2016-05-06,19.666044235229492,173.89663696289062,0.11309042301620938,-1.143752769871925
2016-05-09,19.4531307220459,174.04037475585938,0.11177366602051042,-1.2564491956784205
2016-05-10,19.69443130493164,176.20428466796875,0.11177044498119283,-1.247651073375642
2016-05-11,19.42474365234375,174.5559539794922,0.11128089996074197,-1.2838208332371464
2016-05-12,19.48151969909668,174.6066436767578,0.11157375967412801,-1.2483168736331756
2016-05-13,19.254409790039062,173.08505249023438,0.11124247595629562,-1.2711118513118174
2016-05-16,19.52410125732422,174.79263305664062,0.11169865065764835,-1.220619434652957
2016-05-17,19.346677780151367,173.16119384765625,0.11172640561240404,-1.2094778732338354
2016-05-18,19.42474365234375,173.21189880371094,0.11214439531291362,-1.1617754206632724
2016-05-19,19.289892196655273,172.6117706298828,0.1117530521022057,-1.1902291020572222
2016-05-20,19.438934326171875,173.7022247314453,0.11190952997997408,-1.1673217826660192
2016-05-23,19.332481384277344,173.4654998779297,0.1114485669939089,-1.2021420307821253
2016-05-24,19.715723037719727,175.71405029296875,0.11220345217043043,-1.1216445385829743
2016-05-25,20.14154815673828,176.90591430664062,0.11385457764756153,-0.957522228613656
2016-05-26,20.056385040283203,176.95663452148438,0.11334067860478071,-0.9984977429656425
2016-05-27,19.96412467956543,177.71742248535156,0.11233633934349335,-1.0854305328742784
2016-05-31,19.829273223876953,177.3793182373047,0.11179022121028005,-1.1284136500228148
2016-06-01,19.70153045654297,177.7427520751953,0.11084294704859807,-1.209444016806852
2016-06-02,19.815080642700195,178.2837677001953,0.11114349274927561,-1.1723283819560446
2016-06-03,19.737014770507812,177.75125122070312,0.11103727616522675,-1.1735854750263077
2016-06-06,19.77250099182129,178.6556854248047,0.11067378541470173,-1.199005071898738
2016-06-07,19.871858596801758,178.93463134765625,0.11105652632548398,-1.1537277657907425
2016-06-08,19.871858596801758,179.51791381835938,0.11069568587404927,-1.1792951512139218
2016-06-09,19.58087730407715,179.2727813720703,0.10922392766048611,-1.3107394952379365
2016-06-10,18.778905868530273,177.5736846923828,0.10575275216630008,-1.6304063417733292
2016-06-13,18.41695213317871,176.20428466796875,0.10452045571923957,-1.7332829293241825
2016-06-14,18.069196701049805,175.85768127441406,0.10274897616132013,-1.8839706051665368
2016-06-15,18.196945190429688,175.61257934570312,0.10361982756718122,-1.7832959422187316
2016-06-16,18.360179901123047,176.13670349121094,0.10423823960143096,-1.7080904011951057
2016-06-17,18.729223251342773,175.48072814941406,0.1067309410489548,-1.459497474226596
2016-06-20,19.126667022705078,176.61082458496094,0.10829838469784137,-1.3008594257373436
2016-06-21,19.289892196655273,177.11215209960938,0.10891343122411203,-1.234965781029864
2016-06-22,19.25440216064453,176.8232421875,0.10889067479165171,-1.229209469907448
2016-06-23,20.015016555786133,179.1259002685547,0.11173714424200297,-0.9500563874325701
2016-06-24,16.7552433013916,172.69369506835938,0.09702290112420825,-2.3368727104943603
2016-06-27,16.748001098632812,169.6007537841797,0.09874956758709325,-2.1508610799109955
2016-06-28,17.262317657470703,172.65963745117188,0.09997888280260339,-2.011912541794248
2016-06-29,17.718685150146484,175.59970092773438,0.10090384582965983,-1.9048283108770565
2016-06-30,18.09537124633789,177.99583435058594,0.10166176816642071,-1.8150470629981534
2016-07-01,18.102615356445312,178.36973571777344,0.10148927610168286,-1.813583100955768
2016-07-05,17.54482650756836,177.086669921875,0.09907480057820602,-2.0165513550105114
2016-07-06,17.530344009399414,178.14877319335938,0.09840283317793215,-2.0539765595560313
2016-07-07,17.414440155029297,178.03829956054688,0.09781288744058708,-2.082546128790909
2016-07-08,17.878049850463867,180.68939208984375,0.09894354972191399,-1.9563118754462447
2016-07-11,18.04466438293457,181.32664489746094,0.09951468739268138,-1.8876002291759888
2016-07-12,18.544492721557617,182.64373779296875,0.10153369037255613,-1.6879110927478747
2016-07-13,18.551738739013672,182.61819458007812,0.10158757062335719,-1.6693091512075846
2016-07-14,18.711105346679688,183.63783264160156,0.10189134274524676,-1.6283549564787947
2016-07-15,18.6169376373291,183.3914337158203,0.10151476140470952,-1.6501385264411712
2016-07-18,18.587955474853516,183.88433837890625,0.10108503877340419,-1.6760250441095736
2016-07-19,18.472055435180664,183.6973876953125,0.1005569848702428,-1.7109006633630293
2016-07-20,18.6169376373291,184.46206665039062,0.10092556141970167,-1.6644675992256757
2016-07-21,18.645912170410156,183.76527404785156,0.10146591768777193,-1.6035787982238896
2016-07-22,18.667640686035156,184.58956909179688,0.10113052854439294,-1.6233828864580249
2016-07-25,18.580713272094727,184.08819580078125,0.10093375727470665,-1.6300214118986787
2016-07-26,18.587955474853516,184.17323303222656,0.10092647649618554,-1.6200713479950954
2016-07-27,18.899450302124023,183.97775268554688,0.10272682444614264,-1.4446655759754936
2016-07-28,18.696619033813477,184.19015502929688,0.10150715726820271,-1.5473130488228215
2016-07-29,19.022600173950195,184.487548828125,0.10311048249479594,-1.3881995173466137
2016-08-01,18.711105346679688,184.33465576171875,0.10150617239802538,-1.526689761173694
2016-08-02,18.39237403869629,183.1535186767578,0.10042053339502825,-1.616519284807881
2016-08-03,18.290956497192383,183.6887969970703,0.0995757868536975,-1.6820833587671002
2016-08-04,18.4285945892334,183.88433837890625,0.10021840223967318,-1.6102278412921012
2016-08-05,18.645912170410156,185.3882598876953,0.10057763194770529,-1.5664839187657578
2016-08-08,18.711105346679688,185.27780151367188,0.10098946119726583,-1.5186019107732658
2016-08-09,18.8922061920166,185.3882598876953,0.10190616279294677,-1.4244720287822925
2016-08-10,19.09503746032715,184.92941284179688,0.10325581618897228,-1.2901928937946154
2016-08-11,19.160232543945312,185.78761291503906,0.10312976329970563,-1.2952079325625496
2016-08-12,19.196449279785156,185.6261749267578,0.10341456040539253,-1.2607564116025334
2016-08-15,19.24715805053711,186.1614532470703,0.10338959926893464,-1.2554879568305795
2016-08-16,19.16747283935547,185.20135498046875,0.10349531644288922,-1.2371951440334519
2016-08-17,19.066059112548828,185.5497283935547,0.10275444366110488,-1.2996520018596271
2016-08-18,19.102277755737305,185.96607971191406,0.10271915063934911,-1.294816056732689
2016-08-19,18.88496208190918,185.69407653808594,0.10169932414637828,-1.3847291033794753
2016-08-22,18.957401275634766,185.68563842773438,0.10209406304199803,-1.3392957847511846
2016-08-23,19.066059112548828,186.05955505371094,0.10247288351863958,-1.2968833039810117
2016-08-24,19.109527587890625,185.10787963867188,0.10323454423005746,-1.2185273080348373
2016-08-25,19.066059112548828,184.98043823242188,0.10307067760642316,-1.2298692344910742
2016-08-26,18.986379623413086,184.63206481933594,0.10283359849759262,-1.2472374750695931
2016-08-29,19.02984046936035,185.5411834716797,0.1025639705066611,-1.267758535757289
2016-08-30,19.073305130004883,185.23533630371094,0.10296796232621828,-1.2208820710848167
2016-08-31,19.196449279785156,184.70843505859375,0.10392838461164809,-1.1178307051241274
2016-09-01,19.435497283935547,184.71701049804688,0.1052176907342329,-0.9800231280218258
2016-09-02,19.660062789916992,185.5497283935547,0.10595576161781065,-0.897731210048116
2016-09-06,19.768726348876953,186.1104736328125,0.10622038600514096,-0.8640810110206325
2016-09-07,19.906354904174805,186.09349060058594,0.10696964649290171,-0.7799919639447236
2016-09-08,20.203359603881836,185.66867065429688,0.10881404780184586,-0.5814679601396967
2016-09-09,19.855648040771484,181.2246856689453,0.10956370522856397,-0.49655437347561787
2016-09-12,19.906354904174805,183.82479858398438,0.1082898230136243,-0.6252490382270486
2016-09-13,19.37755012512207,181.18222045898438,0.10695061621407116,-0.7615765979760037
2016-09-14,19.30510711669922,181.11427307128906,0.10659075504833605,-0.7937853484544651
2016-09-15,19.41376495361328,182.92410278320312,0.10613016359370624,-0.8371181802705134
2016-09-16,19.037084579467773,182.21701049804688,0.10447479369480615,-1.0108030791806961
2016-09-19,19.11676788330078,182.2511749267578,0.10489242602130457,-0.9594879703992355
2016-09-20,19.09503746032715,182.25975036621094,0.1047682629980556,-0.9665038302779099
2016-09-21,19.500694274902344,184.30931091308594,0.10580417331221109,-0.8459163723502923
2016-09-22,19.703523635864258,185.470703125,0.10623523448112909,-0.7917490157075414
2016-09-23,19.464479446411133,184.4544677734375,0.10552457569268013,-0.8635724794823556
2016-09-26,19.26164436340332,182.9600067138672,0.10527789493103146,-0.8840201940688444
2016-09-27,19.24715805053711,184.09576416015625,0.10454970617245066,-0.9584549048721324
2016-09-28,19.435497283935547,185.00958251953125,0.10505130069078321,-0.896380554585686
2016-09-29,19.102277755737305,183.33572387695312,0.10419288369874882,-0.986334965811309
2016-09-30,19.428258895874023,184.71925354003906,0.10517722718960006,-0.8691311381954312
2016-10-03,19.341331481933594,184.27511596679688,0.10495899774887978,-0.8880123502312894
2016-10-04,19.26164436340332,183.33572387695312,0.10506214476961886,-0.8708866443009231
2016-10-05,19.471721649169922,184.14698791503906,0.10574010397690403,-0.7882204387617333
2016-10-06,19.370304107666016,184.27511596679688,0.1051162225894689,-0.8572352129061986
2016-10-07,19.109527587890625,183.64315795898438,0.10405793387716969,-0.97882621628157
2016-10-10,19.131258010864258,184.59967041015625,0.10363646895120188,-1.0274648044856078
2016-10-11,18.9791316986084,182.26824951171875,0.10412747008572194,-0.9658595728815517
2016-10-12,18.96463966369629,182.50735473632812,0.10391164614212324,-0.9893992513577767
2016-10-13,18.85598373413086,181.90956115722656,0.10365581453870593,-1.0198574636061337
2016-10-14,18.96463966369629,182.00347900390625,0.10419932502108523,-0.9493108507116683
2016-10-17,19.000865936279297,181.3715362548828,0.10476211608847616,-0.875481474581116
2016-10-18,19.283374786376953,182.50735473632812,0.1056580695842971,-0.7565245392709372
2016-10-19,19.41376495361328,182.99417114257812,0.10608952641714055,-0.6960250072103673
2016-10-20,19.59486961364746,182.6525115966797,0.10727949723962987,-0.5337381087329783
2016-10-21,19.602108001708984,182.7379150390625,0.10726897041327625,-0.5297127476984853
2016-10-24,19.84115982055664,183.51504516601562,0.10811734701428688,-0.4078328440608606
2016-10-25,19.703523635864258,182.90017700195312,0.1077282917864746,-0.4551958495189643
2016-10-26,19.68903923034668,182.5330047607422,0.10786563918209957,-0.4296157262280651
2016-10-27,19.833919525146484,182.04617309570312,0.1089499393910337,-0.2694832424503626
2016-10-28,19.877382278442383,181.50814819335938,0.109512341326226,-0.18173944061032649
2016-10-31,19.884626388549805,181.5167694091797,0.1095470487562798,-0.16894397445543335
2016-11-01,19.775964736938477,180.20159912109375,0.1097435585110941,-0.13229336605561323
2016-11-02,19.551401138305664,179.11697387695312,0.1091543738994651,-0.21104810405959462
2016-11-03,19.558650970458984,178.2971649169922,0.10969692636203546,-0.12279816168221469
2016-11-04,19.33408546447754,178.10079956054688,0.10855698296797793,-0.2861821626314631
2016-11-07,19.61659812927246,182.02914428710938,0.10776624922398009,-0.39886997975113975
2016-11-08,19.660062789916992,182.8489532470703,0.10752078390819005,-0.4297937143233437
2016-11-09,19.41376495361328,184.7875518798828,0.1050599174896412,-0.8010839967392412
2016-11-10,19.102277755737305,185.2486572265625,0.10311695664479159,-1.0947748904110035
2016-11-11,18.72559356689453,184.82168579101562,0.10131708022654992,-1.3662748397509872
2016-11-14,18.472055435180664,184.96685791015625,0.0998668390861301,-1.5838299530638538
2016-11-15,18.653160095214844,186.4101104736328,0.10006517376026812,-1.5439256847613327
2016-11-16,18.385129928588867,186.0599822998047,0.09881291883046775,-1.729774117630193
2016-11-17,18.464811325073242,187.0164337158203,0.09873362975753956,-1.7306015356382862
2016-11-18,18.16057014465332,186.59803771972656,0.09732455049677857,-1.9401871334000984
2016-11-21,18.276472091674805,188.00706481933594,0.09721162398464894,-1.9415654470734753
2016-11-22,18.363399505615234,188.37432861328125,0.0974835564951844,-1.8824450669418717
2016-11-23,18.16057014465332,188.47679138183594,0.09635441059616588,-2.0418122963740766
2016-11-25,18.240251541137695,189.1770782470703,0.09641893040189277,-2.012319477555491
2016-11-28,18.073644638061523,188.28892517089844,0.09598888846838534,-2.0603888631366893
2016-11-29,18.240251541137695,188.6561737060547,0.0966851557667964,-1.9361134020673467
2016-11-30,18.23300552368164,188.2034912109375,0.09687920987207502,-1.892276456082909
2016-12-01,18.290956497192383,187.51177978515625,0.0975456396294113,-1.7750884324625544
2016-12-02,18.240251541137695,187.60569763183594,0.09722653294322121,-1.8161714614306064
2016-12-05,18.566226959228516,188.73301696777344,0.09837296757884573,-1.6276199635717818
2016-12-06,19.12401008605957,189.33074951171875,0.10100847398206637,-1.2034747144957416
2016-12-07,19.384790420532227,191.80735778808594,0.10106385200274266,-1.1874308116988597
2016-12-08,19.435497283935547,192.27711486816406,0.10108065797253932,-1.1790680373766533
2016-12-09,19.442745208740234,193.4384765625,0.10051126101821982,-1.2639237563758325
2016-12-12,19.49345588684082,193.21646118164062,0.1008892087538817,-1.196731207265738
2016-12-13,19.790451049804688,194.50601196289062,0.10174724601098944,-1.050597066050296
2016-12-14,19.384790420532227,192.90049743652344,0.10049113754572385,-1.2493831323464037
2016-12-15,19.47896385192871,193.6947021484375,0.10056528978784898,-1.230625847523046
2016-12-16,19.602108001708984,193.3158721923828,0.10139937181258189,-1.0872602707194199
2016-12-19,19.464479446411133,193.73683166503906,0.10046865781342088,-1.2371015889777464
2016-12-20,19.609359741210938,194.484130859375,0.10082755675006622,-1.1690972698794213
2016-12-21,19.63981819152832,193.9429473876953,0.10126595710782915,-1.0879736706225354
2016-12-22,19.528358459472656,193.60791015625,0.1008654989546265,-1.148810983883473
2016-12-23,19.63239288330078,193.89141845703125,0.10125457351095486,-1.0767581870297391
2016-12-27,19.63239288330078,194.3724822998047,0.10100397263548508,-1.112859758453968
2016-12-28,19.38717269897461,192.76611328125,0.100573551901668,-1.1789967189165649
2016-12-29,19.543222427368164,192.72315979003906,0.1014056766641819,-1.0291645657342579
2016-12-30,19.699268341064453,192.01869201660156,0.10259036833435618,-0.8180695100456632
2017-01-03,19.951919555664062,193.48764038085938,0.10311728189144732,-0.7204448631693345
2017-01-04,20.011367797851562,194.63877868652344,0.10281285123598613,-0.7670588791474354
2017-01-05,20.271446228027344,194.484130859375,0.10423187814066409,-0.5129757791587659
2017-01-06,20.234291076660156,195.1800079345703,0.10366989575819284,-0.6055011466622268
2017-01-09,20.1971378326416,194.53570556640625,0.10382226632296637,-0.572547002158295
2017-01-10,20.10796356201172,194.53570556640625,0.10336387093292605,-0.6476346582188091
2017-01-11,20.063385009765625,195.08546447753906,0.10284407945767585,-0.7339924650967699
2017-01-12,20.204570770263672,194.59585571289062,0.10382837135069192,-0.5517755974124887
2017-01-13,20.323463439941406,195.04251098632812,0.10420017327076976,-0.47868640677581353
2017-01-17,20.264013290405273,194.35531616210938,0.10426271681451363,-0.4615219864700344
2017-01-18,20.13025665283203,194.7847900390625,0.10334614242105389,-0.6220243737378714
2017-01-19,20.115402221679688,194.06321716308594,0.10365386349735303,-0.5601368628312123
2017-01-20,20.182275772094727,194.77622985839844,0.10361775554833956,-0.5608436320220386
2017-01-23,20.15998077392578,194.26939392089844,0.10377332407869874,-0.5262985155527841
2017-01-24,20.323463439941406,195.51498413085938,0.10394836759078674,-0.48830404713663167
2017-01-25,20.717296600341797,197.207275390625,0.10505340920767406,-0.2780728289538704
2017-01-26,20.494369506835938,197.0010986328125,0.10403175235603684,-0.461610813489774
2017-01-27,20.524099349975586,196.6918182373047,0.1043464824002678,-0.39676940407951755
2017-01-30,20.308603286743164,195.47201538085938,0.1038951956737833,-0.47542962107378595
2017-01-31,20.420061111450195,195.45486450195312,0.10447456073034266,-0.3602486478478732
2017-02-01,20.323463439941406,195.5321807861328,0.1039392255445184,-0.45624802629213373
2017-02-02,20.50180435180664,195.66104125976562,0.10478225107975284,-0.291191132592701
2017-02-03,20.635557174682617,197.0096893310547,0.10474386942464879,-0.29236937050878264
2017-02-06,20.234291076660156,196.65748596191406,0.10289102892619535,-0.6408215192433598
2017-02-07,20.14512062072754,196.6661376953125,0.10243309222830024,-0.7226986877332664
2017-02-08,20.085676193237305,196.92376708984375,0.1019972169437196,-0.8002879929960575
2017-02-09,20.293737411499023,198.09210205078125,0.10244596933146123,-0.7071137555643188
2017-02-10,20.122827529907227,198.87379455566406,0.10118390698415984,-0.9446868639259391
2017-02-13,20.21199607849121,199.95611572265625,0.10108215998017143,-0.9568531434346258
2017-02-14,20.286306381225586,200.75502014160156,0.10105005776152816,-0.9554689353229437
2017-02-15,20.449792861938477,201.80300903320312,0.1013354209132423,-0.892807626885677
2017-02-16,20.54638671875,201.6312713623047,0.10190079435560799,-0.7764110639371875
2017-02-17,20.35318374633789,201.9491424560547,0.10078370969446855,-0.9862749369306315
2017-02-21,20.301166534423828,203.1517333984375,0.09993105249369223,-1.1429266905183608
2017-02-22,20.1376895904541,202.97134399414062,0.09921444670059157,-1.2714277005949952
2017-02-23,20.1971378326416,203.10882568359375,0.09943998132363305,-1.2181391463023776
2017-02-24,20.0782413482666,203.3665008544922,0.09872934462609696,-1.3440895225421263
2017-02-27,20.1971378326416,203.68431091308594,0.09915902575952408,-1.2510113713822875
2017-02-28,20.286306381225586,203.1345672607422,0.09986634305911223,-1.1062430881497232
2017-03-01,20.69501304626465,205.97799682617188,0.10047195994302975,-0.9822589432432018
2017-03-02,20.494369506835938,204.6808319091797,0.10012842587980897,-1.0398621241148942
2017-03-03,20.895639419555664,204.8096923828125,0.10202466092522296,-0.6700050431424328
2017-03-06,20.910503387451172,204.1997833251953,0.10240218205398613,-0.5915689240180253
2017-03-07,20.873348236083984,203.5897979736328,0.10252649417524998,-0.5618572372723084
2017-03-08,20.836193084716797,203.21188354492188,0.10253432388520115,-0.5544656691976565
2017-03-09,21.326631546020508,203.46961975097656,0.10481481988378341,-0.10764252870185843
2017-03-10,21.586711883544922,204.1825714111328,0.10572259784151163,0.07564870930281947
2017-03-13,21.527265548706055,204.28564453125,0.1053782589476716,0.017377377044341714
2017-03-14,21.222597122192383,203.5039520263672,0.10428592128492255,-0.19052376139200883
2017-03-15,21.56441879272461,205.26495361328125,0.10505650581419725,-0.029243290938620905
2017-03-16,22.158889770507812,204.86122131347656,0.10816536984615797,0.6052105256222228
2017-03-17,22.203475952148438,204.50140380859375,0.10857370921976714,0.6981550778190387
2017-03-20,22.151460647583008,204.27711486816406,0.10843828816497174,0.6813544440859657
2017-03-21,22.203475952148438,201.6543426513672,0.11010660945960987,1.0333240608701204
2017-03-22,22.38181495666504,202.12879943847656,0.11073046007715273,1.1695321133406005
2017-03-23,22.456125259399414,201.91317749023438,0.11121673948440297,1.2742634079302986
2017-03-24,22.52300453186035,201.76649475097656,0.11162906189978967,1.3610732222593893
2017-03-27,22.731069564819336,201.5594024658203,0.11277603171439242,1.5985742743324762
2017-03-28,22.827669143676758,203.02610778808594,0.11243711162262818,1.528832958266161
2017-03-29,22.69391441345215,203.21591186523438,0.11167390488842209,1.3722751519084195
2017-03-30,22.552722930908203,203.8629608154297,0.11062687817688786,1.1552039820636248
2017-03-31,22.59731101989746,203.38851928710938,0.11110416211840558,1.2516706833266624
2017-04-03,22.404109954833984,203.03475952148438,0.11034617918447243,1.0921612552582503
2017-04-04,22.441265106201172,203.16409301757812,0.11045881569367434,1.111443044770045
2017-04-05,22.411540985107422,202.56019592285156,0.11064138678876097,1.1445392865071524
2017-04-06,22.679054260253906,203.12966918945312,0.11164816223425153,1.343604398267005
2017-04-07,22.619604110717773,202.92259216308594,0.11146912657482083,1.3009822070168187
2017-04-10,22.366954803466797,203.04336547851562,0.11015851097007887,1.0302953572206452
2017-04-11,22.411540985107422,202.8018035888672,0.1105095743159244,1.1009527348194401
2017-04-12,22.28521156311035,201.91317749023438,0.11037026825150224,1.073790939196628
2017-04-13,22.136594772338867,200.6017608642578,0.11035094944813643,1.0713741749201475
2017-04-17,22.292646408081055,202.37901306152344,0.11015295544160039,1.033122932746269
2017-04-18,22.248058319091797,201.77511596679688,0.11026165546971028,1.058056177676854
2017-04-19,22.389251708984375,201.40411376953125,0.11116581131309275,1.2489676564396825
2017-04-20,22.54529571533203,203.04336547851562,0.1110368499960546,1.230235525609014
2017-04-21,22.58245086669922,202.39630126953125,0.11157541281659174,1.3522570099266085
2017-04-24,23.749095916748047,204.62225341796875,0.11606311395778295,2.286807570396233
2017-04-25,23.98688507080078,205.81283569335938,0.11654708021485526,2.380385831830395
2017-04-26,23.77882194519043,205.6834259033203,0.11560883839209998,2.1928166605408594
2017-04-27,23.6673641204834,205.85598754882812,0.1149704917612348,2.0725587061497746
2017-04-28,23.719375610351562,205.40733337402344,0.11547482371119279,2.187923108754257
2017-05-01,23.823413848876953,205.92498779296875,0.11568976695935683,2.2421098774894337
2017-05-02,24.061195373535156,206.00265502929688,0.11680041390783662,2.476152762300813
2017-05-03,24.076059341430664,205.75244140625,0.11701469580083107,2.5064478621593826
2017-05-04,24.685392379760742,205.99404907226562,0.11983546365021816,3.052917775809202
2017-05-05,25.212982177734375,206.8050079345703,0.12191669065243983,3.4103894220533153
2017-05-08,24.72254753112793,206.7705078125,0.11956515362213259,2.892609358621541
2017-05-09,24.440168380737305,206.58070373535156,0.1183080894721288,2.607819767657648
2017-05-10,24.46989631652832,206.9517059326172,0.11823964536197465,2.5636111129359653
2017-05-11,24.142932891845703,206.5289764404297,0.11689852585314771,2.2775684317453697
2017-05-12,24.313844680786133,206.18380737304688,0.11792315308638796,2.450586863855934
2017-05-15,24.536773681640625,207.3226776123047,0.1183506501277425,2.502775673143291
2017-05-16,24.796850204467773,207.13284301757812,0.11971471951632225,2.7252505059592647
2017-05-17,24.254404067993164,203.4574737548828,0.11921117283316843,2.596208969559869
2017-05-18,24.16522789001465,204.27711486816406,0.11829630502472269,2.3998365739676117
2017-05-19,24.744834899902344,205.60580444335938,0.12035085763699387,2.7411327315387477
2017-05-22,24.611080169677734,206.64968872070312,0.11909565565782573,2.4814247312353075
2017-05-23,24.85630226135254,207.10702514648438,0.12001670268679668,2.612638941448063
2017-05-24,24.88602638244629,207.59014892578125,0.11988057483085902,2.556183775820813
2017-05-25,24.93804359436035,208.58233642578125,0.11955970971316607,2.4752220496257475
2017-05-26,24.737403869628906,208.53916931152344,0.11862233819813134,2.290433833033415
2017-05-30,24.677959442138672,208.35800170898438,0.11844018103325168,2.2378847533337303
2017-05-31,24.796850204467773,208.3062744140625,0.11904034227590107,2.317514357916851
2017-06-01,24.84143829345703,209.96275329589844,0.11831354801510074,2.1698148165285502
2017-06-02,25.03464126586914,210.6615753173828,0.1188381945219575,2.2357424706857416
2017-06-05,24.92317771911621,210.5063018798828,0.11839634964153067,2.1394816693115
2017-06-06,24.796850204467773,209.8333740234375,0.11817400506412326,2.08166677139111
2017-06-07,24.93060874938965,210.22161865234375,0.11859203115840769,2.1304092961843466
2017-06-08,25.101512908935547,210.32510375976562,0.11934625235039284,2.2304356608802087
2017-06-09,24.997488021850586,210.00592041015625,0.11903230143716302,2.1534834828830607
2017-06-12,24.80428695678711,209.96275329589844,0.11813660550464716,1.9835236885656697
2017-06-13,24.967763900756836,210.9894256591797,0.11833656508022511,1.9912324664322298
2017-06-14,24.83400535583496,210.7219696044922,0.11785199902243865,1.8911101076466723
2017-06-15,24.455028533935547,210.31649780273438,0.11627727158557506,1.6237120892127976
2017-06-16,24.767131805419922,210.36245727539062,0.11773551291519982,1.8345192732722577
2017-06-19,24.84886932373047,212.11373901367188,0.1171487968637846,1.7251528967012686
2017-06-20,24.459585189819336,210.68319702148438,0.11609651617031934,1.548232565747685
2017-06-21,24.474584579467773,210.6311798095703,0.116196398850327,1.5523423562403178
2017-06-22,24.384580612182617,210.5358123779297,0.11582153333804428,1.4837816576946847
2017-06-23,24.347076416015625,210.78726196289062,0.11550544463309154,1.4287814756597614
2017-06-26,24.39207649230957,210.9259796142578,0.1156428266300713,1.43845054706798
2017-06-27,24.617097854614258,209.2267608642578,0.11765750113861077,1.7319825082178701
2017-06-28,25.05963706970215,211.09939575195312,0.11871013169146076,1.8728197602791594
2017-06-29,24.7296085357666,209.24404907226562,0.11818548075996108,1.7733891846643888
2017-06-30,24.632102966308594,209.63418579101562,0.11750041088653519,1.6522562301353194
2017-07-03,24.737112045288086,209.98965454101562,0.11780157503167081,1.6805513789737496
2017-07-05,24.699607849121094,210.47511291503906,0.11735167881388144,1.597715053360095
2017-07-06,24.70710563659668,208.55044555664062,0.11847064421584479,1.748912793631356
2017-07-07,24.759613037109375,209.9029541015625,0.11795743010424391,1.6568185662977792
2017-07-10,24.69210433959961,210.1283416748047,0.1175096331260882,1.5753266110242852
2017-07-11,24.774608612060547,209.9723358154297,0.11798987002667806,1.631477521955122
2017-07-12,24.857120513916016,211.55020141601562,0.11749986692300157,1.5436827295381692
2017-07-13,25.112140655517578,211.9056396484375,0.11850624031139487,1.675968705390443
2017-07-14,25.202150344848633,212.8939971923828,0.11837886778026237,1.6405660618216722
2017-07-17,25.112140655517578,212.86798095703125,0.11797049299108363,1.5653128180390325
2017-07-18,25.052135467529297,212.98077392578125,0.11762627680308539,1.5008664539256955
2017-07-19,25.07464027404785,214.1337432861328,0.11709803363658694,1.4111189026082724
2017-07-20,25.23965835571289,214.2291717529297,0.11781615990571893,1.5021233295388268
2017-07-21,25.052135467529297,214.0384063720703,0.11704504762561309,1.3776795558578585
2017-07-24,25.10464096069336,213.98641967773438,0.11731885134814253,1.4050249339315775
2017-07-25,25.26215934753418,214.506591796875,0.11776868550247604,1.4571027759818729
2017-07-26,25.41966438293457,214.51524353027344,0.11849817273869968,1.5480606839095
2017-07-27,25.457170486450195,214.31582641601562,0.11878343709920157,1.5738359038955265
2017-07-28,25.60718536376953,214.06439208984375,0.11962375018925187,1.6775107636317605
2017-07-31,25.599689483642578,213.94305419921875,0.11965655804747345,1.6650745383090828
2017-08-01,25.749696731567383,214.4198760986328,0.12009006441045868,1.7091626805299371
2017-08-02,25.757190704345703,214.52389526367188,0.12006676772621284,1.689053379756204
2017-08-03,25.839702606201172,214.10775756835938,0.12068550387741643,1.7588694663557711
2017-08-04,25.952211380004883,214.49790954589844,0.1209905095809412,1.783329140033574
2017-08-07,26.01222038269043,214.8966827392578,0.12104523928018018,1.7725470406238544
2017-08-08,25.8922119140625,214.36790466308594,0.12078399494904019,1.7184828202405187
2017-08-09,25.787202835083008,214.3592071533203,0.1202990213368289,1.6346945812362674
2017-08-10,25.157142639160156,211.33346557617188,0.11904003263549688,1.4467635989232117
2017-08-11,24.99213218688965,211.6455841064453,0.11808482701117956,1.3034632040984182
2017-08-14,25.4046688079834,213.74365234375,0.11885578135030052,1.3973767618777084
2017-08-15,25.397172927856445,213.71762084960938,0.11883518460898525,1.382278791187055
2017-08-16,25.494674682617188,214.0904541015625,0.1190836592392987,1.403796672000203
2017-08-17,24.99213218688965,210.75254821777344,0.11858519575794141,1.324160537588024
2017-08-18,25.082136154174805,210.42312622070312,0.1191985719662168,1.3955047602077306
2017-08-21,25.149642944335938,210.58782958984375,0.11942590886339073,1.4139735154054822
2017-08-22,25.232154846191406,212.78994750976562,0.11857775774409372,1.2878013584792591
2017-08-23,25.172149658203125,212.02703857421875,0.11872141320972028,1.2962668703306373
2017-08-24,25.157142639160156,211.53285217285156,0.11892782790355086,1.3129390230876432
2017-08-25,25.367162704467773,212.02703857421875,0.1196411687634271,1.3969316883661578
2017-08-28,25.314659118652344,212.0357208251953,0.11938865310115383,1.3511163480845985
2017-08-29,25.202150344848633,212.27850341796875,0.11872210298763274,1.2509648546048662
2017-08-30,25.112140655517578,213.28414916992188,0.11774030444011535,1.1101076069868365
2017-08-31,25.284656524658203,214.5672607421875,0.11784023544504718,1.1145678336291847
2017-09-01,25.307161331176758,214.87069702148438,0.11777856023172094,1.0976991205300324
2017-09-05,24.879621505737305,213.32748413085938,0.11662642348735358,0.9366701325918885
2017-09-06,24.93212890625,214.0557861328125,0.11647491224918664,0.9098518422462264
2017-09-07,25.067136764526367,214.0297393798828,0.11711987706546957,0.9888692517793656
2017-09-08,25.029626846313477,213.77830505371094,0.11708216528344578,0.9776264311366548
2017-09-11,25.442167282104492,216.05841064453125,0.11775596796351084,1.060514937565362
2017-09-12,25.434667587280273,216.7866973876953,0.11732577641419399,0.996767799107134
2017-09-13,25.344667434692383,216.89073181152344,0.11685454340537117,0.9278209071857372
2017-09-14,25.35216522216797,216.8213653564453,0.11692650851307972,0.9306414450677628
2017-09-15,25.337154388427734,217.1133270263672,0.1167001341440025,0.8942134002415145
2017-09-18,25.4046688079834,217.57504272460938,0.11676278901224335,0.895532666374945
2017-09-19,25.592182159423828,217.79286193847656,0.11750698315656122,0.9860080235011187
2017-09-20,25.344667434692383,217.87124633789062,0.11632864758751149,0.8244494621423364
2017-09-21,25.314659118652344,217.2875213623047,0.11650305070415315,0.8411572296090672
2017-09-22,25.359664916992188,217.3311004638672,0.11668677360426107,0.8590448170085264
2017-09-25,24.93212890625,216.88670349121094,0.11495462149094052,0.6264675171566537
2017-09-26,24.722110748291016,217.01744079589844,0.11391762181704916,0.4858664093173232
2017-09-27,25.202150344848633,217.86257934570312,0.11567911488304745,0.7116907049205552
2017-09-28,25.09714126586914,218.1239471435547,0.11505908266620478,0.625053611627416
2017-09-29,25.307161331176758,218.89071655273438,0.11561550772793897,0.6924889507410347
2017-10-02,24.857120513916016,219.8403778076172,0.11306894921581939,0.3536496302376733
2017-10-03,24.819618225097656,220.31085205078125,0.11265726583172027,0.2956914309552417
2017-10-04,24.054546356201172,220.57225036621094,0.10905517949907104,-0.18108314867316339
2017-10-05,24.564598083496094,221.87913513183594,0.11071161814697143,0.03475497039467593
2017-10-06,24.654603958129883,221.62648010253906,0.11124394497770769,0.1018895885116893
2017-10-09,24.759613037109375,221.2605438232422,0.1119025227420982,0.18501968705510322
2017-10-10,25.149642944335938,221.84425354003906,0.11336621320144702,0.3740233762637633
2017-10-11,25.14214324951172,222.1928253173828,0.11315461340211318,0.3416667232683665
2017-10-12,25.044635772705078,221.8617706298828,0.11288396239514996,0.3014713434788254
2017-10-13,24.99213218688965,222.1318359375,0.11251035711027728,0.24758615903207878
2017-10-16,24.69210433959961,222.4280548095703,0.11101164536433825,0.044722298230865466
2017-10-17,24.782114028930664,222.58485412597656,0.11133782721309828,0.08479783591329536
2017-10-18,24.9996337890625,222.802734375,0.11220523778216086,0.19717656196042435
2017-10-19,24.89461898803711,222.86367797851562,0.11170334804596102,0.1273077448524263
2017-10-20,24.812116622924805,224.0137939453125,0.11076155707171352,-0.0003344816843949918
2017-10-23,24.482091903686523,223.1425018310547,0.1097150551902585,-0.14153061158221036
2017-10-24,24.70710563659668,223.5346221923828,0.110529211959536,-0.03398051344855358
2017-10-25,24.737112045288086,222.4280548095703,0.11121399261647337,0.05575386430559234
2017-10-26,24.842121124267578,222.71554565429688,0.11154192695119707,0.09769493178999086
2017-10-27,24.407081604003906,224.5365447998047,0.10869981822230809,-0.282430050315732
2017-10-30,25.089641571044922,223.70013427734375,0.11215747210924222,0.17877491015274127
2017-10-31,25.382164001464844,224.0486297607422,0.11328863750949977,0.32807834059052815
2017-11-01,25.359664916992188,224.34486389160156,0.1130387586196108,0.29286470426353506
2017-11-02,25.344667434692383,224.43197631835938,0.11292805887312901,0.27604147522483113
2017-11-03,24.91712760925293,225.18128967285156,0.11065363221541671,-0.028666847542255215
2017-11-06,24.842121124267578,225.52984619140625,0.1101500379829292,-0.0968868040177299
2017-11-07,24.53459358215332,225.37301635742188,0.10886216095738632,-0.2698109270230085
2017-11-08,24.594600677490234,225.75634765625,0.10894311913186792,-0.25980347465153497
2017-11-09,24.51209259033203,224.93734741210938,0.10897297790848065,-0.2581650145700686
2017-11-10,24.459585189819336,224.8676300048828,0.10877326002541236,-0.2885117543817059
2017-11-13,24.39207649230957,225.0767059326172,0.10837228309006797,-0.3471766775548229
2017-11-14,24.44458770751953,224.55398559570312,0.10885840054306871,-0.2877534410754582
2017-11-15,24.51209259033203,223.43003845214844,0.10970813396508337,-0.17877052894678086
2017-11-16,24.68460464477539,225.32937622070312,0.10954898583927906,-0.20730228260483932
2017-11-17,24.54209327697754,224.66722106933594,0.1092375343415293,-0.25696194239460707
2017-11-20,24.354576110839844,225.05059814453125,0.10821822430882377,-0.4056807057469446
2017-11-21,24.33957862854004,226.5230712890625,0.10744856358353312,-0.5213456174097388
2017-11-22,24.549592971801758,226.32266235351562,0.10847165156379848,-0.38766570538187706
2017-11-24,24.864622116088867,226.8454132080078,0.10961042484596786,-0.23739039196243522
2017-11-27,24.83461570739746,226.732177734375,0.10953282394919753,-0.25798885395575616
2017-11-28,25.029626846313477,229.03233337402344,0.1092842502959554,-0.30386855195854284
2017-11-29,25.232154846191406,228.89291381835938,0.11023563126211358,-0.1761224796102399
2017-11-30,25.232154846191406,230.89686584472656,0.10927889711226967,-0.3252272691326873
2017-12-01,25.037137985229492,230.41761779785156,0.10865982481944982,-0.42592328531173057
2017-12-04,24.9996337890625,230.13885498046875,0.10862847905967095,-0.44104697116800806
2017-12-05,24.887123107910156,229.3111572265625,0.10852992679863957,-0.4651838844652899
2017-12-06,24.76711654663086,229.35472106933594,0.10798607689938741,-0.5535452493179388
2017-12-07,24.947124481201172,230.07785034179688,0.10842905757394924,-0.49338572321224816
2017-12-08,25.14214324951172,231.3324737548828,0.10868402019576395,-0.46149609996855295
2017-12-11,25.119644165039062,232.0294952392578,0.1082605646283757,-0.5335128153156518
2017-12-12,25.037137985229492,232.4390106201172,0.10771487074580832,-0.6242190730922929
2017-12-13,25.014629364013672,232.4128875732422,0.10763013026173347,-0.6433920163443858
2017-12-14,24.797115325927734,231.46316528320312,0.10713201513332635,-0.7281136660438363
2017-12-15,24.759613037109375,233.39076232910156,0.10608651683564123,-0.8979380712411127
2017-12-18,25.067136764526367,234.87062072753906,0.10672742587760868,-0.804497923624716
2017-12-19,25.181640625,233.9686737060547,0.10762825734797651,-0.6715380774446073
2017-12-20,25.196901321411133,233.84605407714844,0.10774995293740725,-0.660146731392592
2017-12-21,25.280866622924805,234.3276824951172,0.10788681197942371,-0.6457870435489467
2017-12-22,25.128202438354492,234.26637268066406,0.1072633777986034,-0.7528596371983818
2017-12-26,25.135839462280273,233.9861602783203,0.10742447088486713,-0.734551607575959
2017-12-27,25.08240509033203,234.1000518798828,0.10714395357418315,-0.7875000359883918
2017-12-28,25.0518741607666,234.58163452148438,0.10679384262910915,-0.8526442208038169
2017-12-29,25.013708114624023,233.69715881347656,0.10703471211042195,-0.8209715031496435
2018-01-02,25.28849983215332,235.36984252929688,0.10744154629327934,-0.760508626441298
2018-01-03,25.326662063598633,236.8585662841797,0.10692736370451575,-0.8496223785976224
2018-01-04,25.922048568725586,237.85690307617188,0.10898169543737919,-0.5184443573543961
2018-01-05,26.097610473632812,239.4419403076172,0.10899348059118025,-0.5211031965386163
2018-01-08,25.92967987060547,239.87982177734375,0.10809446029467779,-0.6747117017369532
2018-01-09,25.937313079833984,240.4228057861328,0.10788208296223954,-0.714621214381405
2018-01-10,26.036542892456055,240.05494689941406,0.10846076379074031,-0.6239367316786188
2018-01-11,26.37239646911621,241.80645751953125,0.1090640702471151,-0.5296456192976117
2018-01-12,26.6929931640625,243.3827667236328,0.10967495161386286,-0.4326790808808093
2018-01-16,26.87618064880371,242.55075073242188,0.11080642120317774,-0.24759746616066794
2018-01-17,26.8380184173584,244.86264038085938,0.10960438217775706,-0.45562332752933055
2018-01-18,26.761693954467773,244.45120239257812,0.10947663047895197,-0.4833870941852691
2018-01-19,26.883821487426758,245.56332397460938,0.10947816250527084,-0.4889540023554352
2018-01-22,27.27310562133789,247.55999755859375,0.11016765992204679,-0.3772194838885056
2018-01-23,27.296009063720703,248.08541870117188,0.11002665616796996,-0.4072928550696915
2018-01-24,27.43340301513672,247.9890899658203,0.11062342709882032,-0.3103596521138072
2018-01-25,27.547901153564453,248.0941619873047,0.11103808704283061,-0.2435433839652195
2018-01-26,27.662395477294922,250.9665985107422,0.11022341475497538,-0.39062888761280196
2018-01-29,27.334177017211914,249.30264282226562,0.10964254814057131,-0.49716700058012997
2018-01-30,27.051748275756836,246.7456512451172,0.10963414406393579,-0.5046383721892354
2018-01-31,27.181509017944336,246.86817932128906,0.1101053570074282,-0.4274429548342684
2018-02-01,27.311277389526367,246.58787536621094,0.11075677321509027,-0.3189162452838918
2018-02-02,26.53270149230957,241.21966552734375,0.10999394031288848,-0.4590172554414728
2018-02-05,25.464059829711914,231.13131713867188,0.1101713958322413,-0.4328676651804674
2018-02-06,26.067079544067383,235.68508911132812,0.11060130974918972,-0.36385266179243925
2018-02-07,25.563295364379883,234.40650939941406,0.10905539880217927,-0.6492107615914358
2018-02-08,24.822879791259766,225.61419677734375,0.11002357185774618,-0.4838999181623494
2018-02-09,24.937374114990234,229.0032958984375,0.10889526291381374,-0.6973758600107041
2018-02-12,25.326662063598633,232.36607360839844,0.10899466376611033,-0.6903826080080506
2018-02-13,25.135839462280273,232.94403076171875,0.1079050593401641,-0.9026868966878631
2018-02-14,25.49459457397461,236.08798217773438,0.10798768467079992,-0.8995672567562849
2018-02-15,25.58618927001953,239.1003875732422,0.1070102375395852,-1.0938849307659861
2018-02-16,25.601457595825195,239.17050170898438,0.10704270557151022,-1.0982953361295869
2018-02-20,25.509857177734375,237.6730499267578,0.10733171971157683,-1.0572418098325311
2018-02-21,25.158733367919922,236.49078369140625,0.10638356799878183,-1.2545656065023714
2018-02-22,25.448793411254883,236.79725646972656,0.1074708119116591,-1.0639564506842467
2018-02-23,25.5556583404541,240.5716094970703,0.10622890370929376,-1.3250974848585277
2018-02-26,25.76938247680664,243.365234375,0.105887689928212,-1.4146865819589676
2018-02-27,25.372467041015625,240.32647705078125,0.10557499678095975,-1.498355203186412
2018-02-28,25.074769973754883,237.891845703125,0.10540407511507022,-1.5517339909259376
2018-03-01,24.83051109313965,234.4328155517578,0.10591738632963522,-1.464720910817586
2018-03-02,24.861045837402344,235.6412811279297,0.10550377980632891,-1.568556563778303
2018-03-05,24.90684700012207,238.36480712890625,0.10449045435911433,-1.787927628477269
2018-03-06,25.036605834960938,238.96910095214844,0.10476921800854207,-1.7386480562382762
2018-03-07,25.074769973754883,238.88143920898438,0.10496742675691237,-1.706058160045035
2018-03-08,24.960275650024414,240.03749084472656,0.10398490486709223,-1.9180772085651536
2018-03-09,25.090036392211914,244.2146759033203,0.1027376274558723,-2.1711264610856427
2018-03-12,25.17400360107422,243.90811157226562,0.10321101433978185,-2.0620715576185042
2018-03-13,25.074769973754883,242.3318634033203,0.1034728558663463,-2.0001281141772513
2018-03-14,25.120567321777344,241.0883331298828,0.10419652828344873,-1.8492055129985625
2018-03-15,24.937374114990234,240.82562255859375,0.10354950544734035,-1.9780804020120677
2018-03-16,25.090036392211914,241.0867156982422,0.10407058854132813,-1.8574741077127201
2018-03-19,24.967910766601562,237.82481384277344,0.10498446467031783,-1.6593890781673137
2018-03-20,24.84577751159668,238.22926330566406,0.10429355809121521,-1.7898616218558807
2018-03-21,24.79234504699707,237.77200317382812,0.10426940395027129,-1.7799637138274833
2018-03-22,24.20459747314453,231.82839965820312,0.10440738713993043,-1.7369225001542732
2018-03-23,24.08246612548828,226.88706970214844,0.10614296423812573,-1.3764125389511177
2018-03-26,24.708383560180664,233.0944366455078,0.10600160139281832,-1.3951765907703804
2018-03-27,24.349626541137695,229.1290740966797,0.10627034843628579,-1.3312071841123512
2018-03-28,24.647319793701172,228.45213317871094,0.10788833288950007,-1.00141384126426
2018-03-29,24.815244674682617,231.3711395263672,0.1072529820507482,-1.1222488977311702
2018-04-02,24.525190353393555,226.3771514892578,0.10833774606690967,-0.902935505219298
2018-04-03,24.624414443969727,229.27862548828125,0.10739952052455197,-1.0846433727869766
2018-04-04,24.654949188232422,231.73167419433594,0.10639438598090034,-1.2778076398736489
2018-04-05,24.90684700012207,233.56051635742188,0.10663980106126617,-1.2230172812804125
2018-04-06,24.822879791259766,228.3554229736328,0.10870282591942629,-0.8127419279320581
2018-04-09,25.090036392211914,229.48081970214844,0.10933391481160469,-0.6856700931509062
2018-04-10,25.31903076171875,233.12960815429688,0.10860495568182547,-0.8263123471698185
2018-04-11,25.265596389770508,231.9075164794922,0.10894686284135499,-0.7574920114612717
2018-04-12,25.27323341369629,233.81549072265625,0.10809050048644772,-0.923138273008971
2018-04-13,25.364831924438477,233.12960815429688,0.10880141791192287,-0.7814097204467063
2018-04-16,25.5556583404541,235.04638671875,0.10872602083874318,-0.7943248729919764
2018-04-17,25.616724014282227,237.5609893798828,0.1078321995591567,-0.9668299653564069
2018-04-18,25.784648895263672,237.73690795898438,0.10845875432901725,-0.8416980063220303
2018-04-19,25.76938247680664,236.4180145263672,0.10899923395614439,-0.7334148234071147
2018-04-20,25.662521362304688,234.4134063720703,0.10947548503933308,-0.6385463186180872
2018-04-23,25.65488624572754,234.378173828125,0.10945936571952672,-0.6396002077770311
2018-04-24,25.35719871520996,231.22174072265625,0.10966615265484565,-0.5942732417562289
2018-04-25,25.372467041015625,231.793212890625,0.10946164783948178,-0.6289934304125808
2018-04-26,25.33429527282715,234.1495819091797,0.10819705534496166,-0.8699660008209531
2018-04-27,25.448793411254883,234.36936950683594,0.10858412711867883,-0.7886710994830298
2018-04-30,25.387727737426758,232.5669708251953,0.10916308385213039,-0.6704840926646265
2018-05-01,25.219802856445312,232.980224609375,0.10824868462003569,-0.8427252438725467
2018-05-02,25.40299415588379,231.41517639160156,0.10977237773246451,-0.5403183067883486
2018-05-03,25.464059829711914,230.90524291992188,0.11027926221035557,-0.436590591855437
2018-05-04,25.532764434814453,233.89462280273438,0.10916353753180835,-0.6486140235188519
2018-05-07,25.48695945739746,234.6859130859375,0.10860029527236525,-0.7530939938796445
2018-05-08,25.464059829711914,234.6859130859375,0.10850271963442246,-0.7658437774752873
2018-05-09,25.62435531616211,236.95436096191406,0.10814046727032274,-0.8306948988594268
2018-05-10,25.83808135986328,239.16998291015625,0.10803229170095859,-0.8452173649490591
2018-05-11,25.906780242919922,239.89974975585938,0.1079900261225144,-0.846790582573611
2018-05-14,25.860984802246094,240.0141143798828,0.1077477667055637,-0.8877080304924461
2018-05-15,25.57855987548828,238.3611602783203,0.10731009970593237,-0.9670207669478287
2018-05-16,25.242700576782227,239.36341857910156,0.10545763728905118,-1.3255080932115209
2018-05-17,25.341928482055664,239.16123962402344,0.10596168727798357,-1.2159594127130686
2018-05-18,25.05950927734375,238.56329345703125,0.10504344115226316,-1.3874061717094348
2018-05-21,24.975542068481445,240.35691833496094,0.1039102275128839,-1.600710450362485
2018-05-22,25.143465042114258,239.68870544433594,0.10490049998602644,-1.3924661696038985
2018-05-23,24.76181411743164,240.3482208251953,0.10302474481573487,-1.7511998499259789
2018-05-24,24.708383560180664,239.8557586669922,0.10301350985900225,-1.738533439124796
2018-05-25,24.08246612548828,239.2843017578125,0.10064373612717367,-2.184433190766147
2018-05-29,22.76193618774414,236.53231811523438,0.09623182307229124,-2.9963847362904064
2018-05-30,23.387853622436523,239.68870544433594,0.0975759520211018,-2.6880561888890537
2018-05-31,23.288623809814453,238.220458984375,0.09776080488259813,-2.6109614143123725
2018-06-01,23.563419342041016,240.55923461914062,0.09795267007457523,-2.5345689171076153
2018-06-04,23.79241180419922,241.70223999023438,0.09843686928660866,-2.408969577067972
2018-06-05,23.609214782714844,241.8780975341797,0.09760790672408293,-2.525541282647856
2018-06-06,24.13589859008789,243.9003448486328,0.09895803388497416,-2.2448275146627137
2018-06-07,24.128263473510742,243.87391662597656,0.09893745016821814,-2.22059848505434
2018-06-08,24.067203521728516,244.5949249267578,0.09839616880413715,-2.2911716344889173
2018-06-11,24.433589935302734,244.92027282714844,0.09976140257097725,-2.020100139047396
2018-06-12,24.349626541137695,245.23678588867188,0.0992902694141143,-2.081296802271557
2018-06-13,24.349626541137695,244.45420837402344,0.09960812989515778,-2.0016277485820893
2018-06-14,24.13589859008789,245.06968688964844,0.0984858588445333,-2.1763689070455174
2018-06-15,23.929805755615234,244.7570343017578,0.09776963437999696,-2.2723225312415427
2018-06-18,23.693178176879883,244.25360107421875,0.09700236996579832,-2.3745199434684197
2018-06-19,23.77765655517578,243.31747436523438,0.09772276577013975,-2.218087122164817
2018-06-20,23.74665069580078,243.73251342773438,0.09742914624659446,-2.238193753139423
2018-06-21,23.521900177001953,242.2046661376953,0.09711580107886758,-2.2606757561924464
2018-06-22,23.76990509033203,242.64630126953125,0.09796112681696494,-2.08846581559358
2018-06-25,23.560649871826172,239.3430633544922,0.09843882476314084,-1.9828138944970544
2018-06-26,23.537399291992188,239.873046875,0.09812440204779546,-2.0114848915881858
2018-06-27,23.219642639160156,237.88587951660156,0.09760832667472263,-2.073948672295266
2018-06-28,23.335891723632812,239.24595642089844,0.09753933597347267,-2.06261959752465
2018-06-29,23.521900177001953,239.59043884277344,0.09817545429030139,-1.935917991000207
2018-07-02,23.436649322509766,240.1026153564453,0.09761097057488022,-2.007023399426835
2018-07-03,23.60715103149414,239.25479125976562,0.09866950169396271,-1.8135943418694263
2018-07-05,24.35892105102539,241.20668029785156,0.10098775465482975,-1.4188770942821063
2018-07-06,24.52167320251465,243.24681091308594,0.10080984457911944,-1.4369165022467205
2018-07-09,24.66118049621582,245.43707275390625,0.10047862867458081,-1.479396566409025
2018-07-10,24.552675247192383,246.32032775878906,0.09967782793483355,-1.5973051308977217
2018-07-11,24.02566146850586,244.51861572265625,0.0982569830010686,-1.8137410931589268
2018-07-12,24.14191436767578,246.73541259765625,0.09784535634146384,-1.862319305093666
2018-07-13,24.010164260864258,246.9296875,0.09723482220364556,-1.9427037615270515
2018-07-16,24.095417022705078,246.70892333984375,0.09766739158240104,-1.854308660495677
2018-07-17,23.99466323852539,247.70692443847656,0.09686714771062038,-1.9640400965797011
2018-07-18,23.940410614013672,248.22801208496094,0.09644524166684135,-2.010436856726541
2018-07-19,23.901662826538086,247.29180908203125,0.09665367775529299,-1.9554668665386257
2018-07-20,24.056665420532227,247.0092010498047,0.09739177859889381,-1.8191927778730461
2018-07-23,24.118667602539062,247.4684600830078,0.09746158195047963,-1.7903653570166362
2018-07-24,24.110912322998047,248.71372985839844,0.09694242588346548,-1.8548512558291537
2018-07-25,24.25042152404785,250.8332977294922,0.09667943508122431,-1.8782555821343452
2018-07-26,24.041162490844727,250.24166870117188,0.09607177979441016,-1.9557154062733522
2018-07-27,24.24266815185547,248.5458984375,0.0975379932006868,-1.7088909229773575
2018-07-30,24.428672790527344,247.2476806640625,0.09880243456648957,-1.4981042624870995
2018-07-31,24.467426300048828,248.4664306640625,0.09847377062026484,-1.539897108194025
2018-08-01,24.24266815185547,248.05133056640625,0.09773246568159578,-1.6468870832480678
2018-08-02,23.986909866333008,249.40260314941406,0.09617746392150824,-1.8804562148400563
2018-08-03,24.002408981323242,250.47125244140625,0.09582899732949682,-1.9220332716304493
2018-08-06,23.862911224365234,251.3897705078125,0.09492395484574279,-2.050928377431472
2018-08-07,24.056665420532227,252.21994018554688,0.09537971265410189,-1.9644111378750666
2018-08-08,24.041162490844727,252.1139678955078,0.09535831232012074,-1.954063989944765
2018-08-09,23.82415771484375,251.76951599121094,0.0946268559203785,-2.0547452990293205
2018-08-10,23.103389739990234,250.08265686035156,0.09238301460021427,-2.3863831672251896
2018-08-13,22.932884216308594,249.146484375,0.09204578693469109,-2.4095644266463307
2018-08-14,22.932884216308594,250.73629760742188,0.09146216337697799,-2.471157379285393
2018-08-15,22.506622314453125,248.86383056640625,0.09043749854379707,-2.597202583588447
2018-08-16,22.622873306274414,250.87750244140625,0.09017497817110207,-2.60324679712507
2018-08-17,22.77787971496582,251.7607421875,0.09047431111400954,-2.5234892921966448
2018-08-20,22.870878219604492,252.29949951171875,0.09064971695888041,-2.4667157857977813
2018-08-21,23.312639236450195,252.89122009277344,0.0921844547544906,-2.20926769880832
2018-08-22,23.452146530151367,252.74102783203125,0.09279121293175001,-2.0961432013495807
2018-08-23,23.23514175415039,252.40541076660156,0.09205484812540667,-2.187160859216221
2018-08-24,23.475399017333984,253.92453002929688,0.09245030015266929,-2.1074258124878815
2018-08-27,23.76990509033203,255.92945861816406,0.09287678416807706,-2.0263958562220696
2018-08-28,23.684654235839844,256.05303955078125,0.09249901613115835,-2.066966379020695
2018-08-29,23.70015525817871,257.43072509765625,0.09206420581377016,-2.114033022488155
2018-08-30,23.328142166137695,256.3885498046875,0.09098745706042131,-2.2534246606512087
2018-08-31,23.03363800048828,256.3974609375,0.08983567121245015,-2.399435002075264
2018-09-04,23.072389602661133,255.95579528808594,0.09014208713927523,-2.326636415528932
2018-09-05,23.002639770507812,255.26698303222656,0.0901120838161973,-2.30329801117679
2018-09-06,22.76237678527832,254.49856567382812,0.08944009851297616,-2.3735343303730105
2018-09-07,22.42911720275879,254.00396728515625,0.08830223182135914,-2.509024538506415
2018-09-10,22.839876174926758,254.4456024169922,0.08976329697966705,-2.267447877489299
2018-09-11,22.855382919311523,255.28466796875,0.08952900736721606,-2.277249901361989
2018-09-12,22.808879852294922,255.34642028808594,0.08932523834311669,-2.281634864139501
2018-09-13,23.0878849029541,256.85662841796875,0.0898862725293756,-2.1764961415487285
2018-09-14,23.018136978149414,256.90081787109375,0.08959931373087074,-2.1947376548758415
2018-09-17,23.204137802124023,255.54078674316406,0.09080404775244652,-2.0011456239212513
2018-09-18,23.374645233154297,256.927490234375,0.09097759532010928,-1.9582264394521482
2018-09-19,23.537399291992188,257.2010498046875,0.0915136206087259,-1.8660114778854053
2018-09-20,24.072162628173828,259.285400390625,0.0928404090315461,-1.661536663959104
2018-09-21,23.901662826538086,259.04852294921875,0.09226712646118243,-1.730815053971769
2018-09-24,23.684654235839844,258.1879577636719,0.09173415538426934,-1.7936044378492608
2018-09-25,23.692401885986328,257.94842529296875,0.09184937593271729,-1.7613442345900105
2018-09-26,23.645904541015625,257.17657470703125,0.09194423935365192,-1.731666073731025
2018-09-27,23.44439697265625,257.89520263671875,0.09090668121376784,-1.8646075170187444
2018-09-28,22.948383331298828,257.92181396484375,0.08897418554301431,-2.1195882414002045
2018-10-01,22.948383331298828,258.8179016113281,0.0886661362619378,-2.1410210452196905
2018-10-02,22.731374740600586,258.6669921875,0.08787891546720152,-2.224967045616098
2018-10-03,22.81662940979004,258.80902099609375,0.08816010091910365,-2.158155585020412
2018-10-04,22.739126205444336,256.78619384765625,0.08855276004026445,-2.0757739011940126
2018-10-05,22.599624633789062,255.3489532470703,0.08850486499516659,-2.0568938908864154
2018-10-08,22.622873306274414,255.3489532470703,0.08859591166753283,-2.0200286924309108
2018-10-09,22.638376235961914,254.97633361816406,0.08878618621077072,-1.9712855488672094
2018-10-10,22.343870162963867,246.9030303955078,0.09049654079648912,-1.7200080327823024
2018-10-11,22.119112014770508,241.4645538330078,0.09160397111564315,-1.554620440731407
2018-10-12,21.93310546875,244.8181610107422,0.08958937269277019,-1.8132225797784822
2018-10-15,22.041608810424805,243.44300842285156,0.09054114535152039,-1.6675686796412166
2018-10-16,22.413618087768555,248.76611328125,0.09009916098350648,-1.7108801118688315
2018-10-17,22.119112014770508,248.8104248046875,0.08889945842154195,-1.8543834778670658
2018-10-18,21.522342681884766,245.2173309326172,0.08776844034648942,-1.9855404014419882
2018-10-19,21.88660430908203,245.08436584472656,0.0893023275215699,-1.761025967714144
2018-10-22,21.51459312438965,243.98419189453125,0.08818027494867337,-1.891074080610431
2018-10-23,21.522342681884766,242.74212646484375,0.08866340175610943,-1.8068705844269095
2018-10-24,20.91782569885254,235.3873748779297,0.08886553796566354,-1.7617859178667523
2018-10-25,21.189083099365234,239.61036682128906,0.08843141213154979,-1.8009049799713972
2018-10-26,21.235586166381836,235.39625549316406,0.09021208141944517,-1.551532880553876
2018-10-29,21.32083511352539,234.092041015625,0.09107885522730046,-1.4242702725457053
2018-10-30,21.444839477539062,237.56097412109375,0.09027088543006151,-1.5178277186695375
2018-10-31,21.460342407226562,240.09835815429688,0.08938146254809157,-1.6212877222432964
2018-11-01,21.84785270690918,242.6534423828125,0.09003726669758835,-1.5227225724958706
2018-11-02,21.98735809326172,241.21621704101562,0.091152072455904,-1.365710233704442
2018-11-05,21.95635414123535,242.54698181152344,0.09052412846883837,-1.436039796213937
2018-11-06,22.36711883544922,244.08180236816406,0.09163779773189103,-1.2791623005096764
2018-11-07,22.56087303161621,249.3073272705078,0.0904942236500607,-1.4168261841581382
2018-11-08,22.243114471435547,248.85482788085938,0.08938188847228055,-1.5480987420299568
2018-11-09,22.35161590576172,246.4239959716797,0.09070389357832863,-1.3635386908005211
2018-11-12,21.824602127075195,241.8194122314453,0.09025165484310611,-1.4101202233827963
2018-11-13,22.049360275268555,241.3669891357422,0.09135201277614742,-1.2563205578156504
2018-11-14,22.281864166259766,239.71681213378906,0.09295077791132968,-1.0401090299499531
2018-11-15,22.28961181640625,242.2187042236328,0.09202266971020934,-1.1516052609776954
2018-11-16,22.2973690032959,242.84864807128906,0.09181590748139734,-1.1691150003991995
2018-11-19,22.13460922241211,238.740966796875,0.09271391298856817,-1.0440771694337325
2018-11-20,21.661848068237305,234.32278442382812,0.09244448046954211,-1.0705404545421962
2018-11-21,21.840105056762695,235.1212158203125,0.09288870415442915,-1.0048139582197957
2018-11-23,21.661848068237305,233.5509033203125,0.09275000764406514,-1.0147486767921468
2018-11-26,22.173362731933594,237.32144165039062,0.09343177159945884,-0.9188238351358196
2018-11-27,22.119112014770508,238.1199188232422,0.0928906415056762,-0.9814399715020045
2018-11-28,22.475616455078125,243.6027374267578,0.09226339856642908,-1.0547551845950278
2018-11-29,22.25086784362793,243.0703887939453,0.09154084112849446,-1.1400027469406409
2018-11-30,22.08810806274414,244.55194091796875,0.09032072278728412,-1.2884614344966068
2018-12-03,22.382617950439453,247.79017639160156,0.0903289156833502,-1.2768408507269977
2018-12-04,21.71609878540039,239.76121520996094,0.09057386018995366,-1.2348837907107422
2018-12-06,21.692852020263672,239.3975067138672,0.0906143606841796,-1.2196913818214
2018-12-07,21.4913387298584,233.8347625732422,0.09190822824355227,-1.0431944467113885
2018-12-10,21.266584396362305,234.2784423828125,0.09077482409419714,-1.1809936878220009
2018-12-11,21.235586166381836,234.33163452148438,0.0906219350611617,-1.191292995100208
2018-12-12,21.692852020263672,235.51156616210938,0.09210949752392143,-0.9901770805238114
2018-12-13,21.863353729248047,235.43174743652344,0.09286493417861069,-0.8848583986906212
2018-12-14,21.669597625732422,231.08456420898438,0.09377345345375486,-0.7603119080531069
2018-12-17,21.63859748840332,226.551025390625,0.09551312977327515,-0.5285674860492858
2018-12-18,21.472753524780273,226.30264282226562,0.09488512046076554,-0.6050666274779212
2018-12-19,21.441165924072266,222.91357421875,0.09618600392200242,-0.43051873785087225
2018-12-20,21.204246520996094,219.28506469726562,0.09669717611762411,-0.358801005103481
2018-12-21,20.86466407775879,214.7919921875,0.09713892899482603,-0.2961184860741345
2018-12-24,20.738306045532227,209.1165313720703,0.09917105027260434,-0.025074383885840292
2018-12-26,21.085784912109375,219.68211364746094,0.09598316659474239,-0.4391888398470737
2018-12-27,21.069995880126953,221.36871337890625,0.09518054994547692,-0.5394421737092239
2018-12-28,21.125276565551758,221.0831756591797,0.09555352415472057,-0.48497481412894033
2018-12-31,21.18055534362793,223.0196075439453,0.09497171830263565,-0.5564523063045312
2019-01-02,21.22004508972168,223.2515869140625,0.09504991826951731,-0.5406614513314513
2019-01-03,21.267423629760742,217.9241485595703,0.09759094515377775,-0.19905713412404338
2019-01-04,21.804443359375,225.22373962402344,0.09681236709671094,-0.2977848963988222
2019-01-07,22.04925537109375,226.99952697753906,0.0971334859797988,-0.24960824716230112
2019-01-08,22.15981674194336,229.13226318359375,0.09671190095210494,-0.3004435468630913
2019-01-09,22.22299575805664,230.2030792236328,0.0965364834953746,-0.3187062779686819
2019-01-10,22.27828025817871,231.01515197753906,0.09643644612689632,-0.3269329370542116
2019-01-11,22.207204818725586,231.10440063476562,0.09609165709406617,-0.3679309529545758
2019-01-14,22.12822914123535,229.6944580078125,0.09633767106598068,-0.3290309775868682
2019-01-15,22.10453987121582,232.326904296875,0.09514412434545208,-0.4850954910422255
2019-01-16,22.191408157348633,232.8891143798828,0.0952874427662195,-0.4594895259384971
2019-01-17,22.230897903442383,234.65599060058594,0.09473825000820955,-0.5287118479636609
2019-01-18,22.530990600585938,237.7792510986328,0.09475591539835364,-0.5203102688803364
2019-01-22,22.254589080810547,234.5667266845703,0.09487530220233253,-0.49786761275086105
2019-01-23,22.641551971435547,235.0575408935547,0.09632344440159325,-0.29102842626033415
2019-01-24,22.5783748626709,235.18247985839844,0.09600364311263818,-0.3294861041402277
2019-01-25,22.783702850341797,237.1724395751953,0.0960638718864223,-0.31476416078965636
2019-01-28,22.649456024169922,235.36990356445312,0.09622919362741571,-0.28500243600263864
2019-01-29,22.69683837890625,235.0575408935547,0.09655864811920442,-0.23194713740347878
2019-01-30,22.75211524963379,238.77867126464844,0.09528537506776166,-0.4073389285368586
2019-01-31,22.633657455444336,240.875732421875,0.0939640420721306,-0.5905053536260075
2019-02-01,22.396739959716797,240.9918212890625,0.0929356848706188,-0.7323322583029689
2019-02-04,22.341455459594727,242.6872100830078,0.09205864393081588,-0.8530491883792751
2019-02-05,22.51519775390625,243.70458984375,0.09238725363499209,-0.7990234967308311
2019-02-06,22.45201873779297,243.38331604003906,0.09224962130970137,-0.812959086190705
2019-02-07,22.017667770385742,241.0631561279297,0.09133568200152992,-0.94102550476617
2019-02-08,21.9071102142334,241.35760498046875,0.09076618992803717,-1.0180473821662472
2019-02-11,21.89130973815918,241.4915008544922,0.09065043556687954,-1.0286015050567294
2019-02-12,22.120328903198242,244.59698486328125,0.09043582003090722,-1.053343105422565
2019-02-13,21.962383270263672,245.39109802246094,0.08949951097351311,-1.185412744175386
2019-02-14,21.97028160095215,244.8468017578125,0.08973072730875942,-1.1426333797429997
2019-02-15,22.40463638305664,247.514892578125,0.09051833669355833,-1.0169943833031074
2019-02-19,22.59417152404785,247.94329833984375,0.09112636508158058,-0.9182732270583479
2019-02-20,22.609966278076172,248.4430694580078,0.09100662911386924,-0.929268501803893
2019-02-21,22.602067947387695,247.5595703125,0.09129951194719153,-0.8780947829772983
2019-02-22,22.657352447509766,249.09446716308594,0.09095887478173352,-0.9227097194358868
2019-02-25,22.665246963500977,249.43345642089844,0.09086690810736807,-0.929813181236316
2019-02-26,22.831087112426758,249.25506591796875,0.09159728420501029,-0.8114726167998947
2019-02-27,22.75211524963379,249.14801025390625,0.0913196747043942,-0.8471867628043703
2019-02-28,22.965341567993164,248.68397521972656,0.09234749262674431,-0.6830015804448474
2019-03-01,22.98903465270996,250.23667907714844,0.0918691645744803,-0.7502433061926483
2019-03-04,22.79160499572754,249.32644653320312,0.09141270536133178,-0.8140709724061653
2019-03-05,22.760011672973633,248.9873504638672,0.09141031313667698,-0.8077579925370002
2019-03-06,22.91796112060547,247.4792022705078,0.0926056044723909,-0.6162267409873019
2019-03-07,22.44411849975586,245.40895080566406,0.09145598979203104,-0.7884972248028466
2019-03-08,22.396739959716797,244.91818237304688,0.09144580342182691,-0.7834866594646503
2019-03-11,22.530990600585938,248.4698028564453,0.09067898932412054,-0.8961182792104906
2019-03-12,22.538890838623047,249.4067840576172,0.0903699990510931,-0.9369798893154501
2019-03-13,22.79160499572754,251.0576171875,0.09078236801198446,-0.8654242028002445
2019-03-14,22.775806427001953,250.89706420898438,0.09077749274910159,-0.8591959425925215
2019-03-15,23.13908576965332,252.13648986816406,0.09177206274963286,-0.6970168816006476
2019-03-18,23.45497703552246,253.05079650878906,0.09268880935811563,-0.5473347137350282
2019-03-19,23.53394889831543,253.11351013183594,0.09297784573434112,-0.4961919716684699
2019-03-20,23.53394889831543,252.35169982910156,0.09325853130473528,-0.4461105348931661
2019-03-21,23.37600326538086,255.2019500732422,0.09159805894379733,-0.702873809585113
2019-03-22,22.673147201538086,250.29022216796875,0.09058742688846322,-0.8564287184288354
2019-03-25,22.673147201538086,250.10203552246094,0.09065558844482846,-0.8387507982979984
2019-03-26,22.56258201599121,251.9663543701172,0.0895460113013688,-1.0085218561471785
2019-03-27,22.767913818359375,250.64866638183594,0.09083596632297632,-0.7957116271569638
2019-03-28,22.523096084594727,251.59873962402344,0.08951990824060611,-1.0001401390502445
2019-03-29,22.59417152404785,253.185302734375,0.08923966470420337,-1.0391874117907374
2019-04-01,22.965341567993164,256.1878967285156,0.08964257039952875,-0.9675998575747918
2019-04-02,22.98903465270996,256.3132629394531,0.08969116302865873,-0.9541809272427151
2019-04-03,23.257539749145508,256.7166442871094,0.09059615052904206,-0.7998083995729868
2019-04-04,23.399696350097656,257.39788818359375,0.09090865708038519,-0.7421021068912383
2019-04-05,23.368106842041016,258.6436767578125,0.0903486492883502,-0.8290641847047222
2019-04-08,23.289134979248047,258.8409423828125,0.0899746955209451,-0.8866458670658919
2019-04-09,23.210161209106445,257.5143737792969,0.0901315171983322,-0.8558552808639531
2019-04-10,23.210161209106445,258.3927307128906,0.08982513225147995,-0.9033457440942595
2019-04-11,23.297027587890625,258.321044921875,0.09018633226315893,-0.8369252172084723
2019-04-12,23.526050567626953,260.0687255859375,0.09046089842068676,-0.7843342387954682
2019-04-15,23.518156051635742,259.8984680175781,0.0904897833027823,-0.7748110042997256
2019-04-16,23.462875366210938,260.0687255859375,0.09021798108691785,-0.8187075066309993
2019-04-17,23.731380462646484,259.4324645996094,0.09147421275618647,-0.5884976125396967
2019-04-18,23.541847229003906,259.9433288574219,0.09056530641690957,-0.74830682224074
2019-04-22,23.557645797729492,260.1673278808594,0.09054805608995393,-0.7475891519312649
2019-04-23,23.42338752746582,262.5066833496094,0.0892296806640549,-0.989949674891064
2019-04-24,23.036415100097656,261.924072265625,0.08795073664224241,-1.2296712029167405
2019-04-25,23.241750717163086,261.76275634765625,0.08878937187800279,-1.0702618330252238
2019-04-26,23.273334503173828,262.9817199707031,0.08849791729161456,-1.1269402602715037
2019-04-29,23.447080612182617,263.3939514160156,0.08901905486489058,-1.0232811492787266
2019-04-30,23.67609977722168,263.52850341796875,0.08984265257891386,-0.8580952832852901
2019-05-01,23.478666305541992,261.5476379394531,0.0897682215389656,-0.8724621292133559
2019-05-02,23.225954055786133,260.9830017089844,0.08899412568518472,-1.0308261615831085
2019-05-03,23.320720672607422,263.53741455078125,0.08849111885065462,-1.139885377245276
2019-05-06,23.131187438964844,262.452880859375,0.0881346295884585,-1.2232388012190594
2019-05-07,22.68893814086914,258.070068359375,0.08791774375505532,-1.2765769686575617
2019-05-08,22.75211524963379,257.71148681640625,0.08828521976531999,-1.200499361453193
2019-05-09,22.609966278076172,256.93170166015625,0.08799990866048282,-1.2713320728998039
2019-05-10,22.81529426574707,258.222412109375,0.08835520541913,-1.1955488992956833
2019-05-13,22.40463638305664,251.7332763671875,0.08900148882333858,-1.0488611980480027
2019-05-14,22.523096084594727,254.009765625,0.08867019749880818,-1.1351730021431088
2019-05-15,22.641551971435547,255.49765014648438,0.08861745678856331,-1.1558100024003708
2019-05-16,22.925859451293945,257.8639221191406,0.08890681279834692,-1.0899396283268201
2019-05-17,22.807397842407227,256.19677734375,0.08902296929287905,-1.0624362325231549
2019-05-20,22.68893814086914,254.50274658203125,0.089150071838443,-1.033282853284207
2019-05-21,22.799501419067383,256.7973327636719,0.08878402736390391,-1.1344868262438197
2019-05-22,22.712627410888672,256.0085754394531,0.08871822895737445,-1.153598636656421
2019-05-23,22.51519775390625,252.8805389404297,0.08903491683561339,-1.0701521936280478
2019-05-24,22.760011672973633,253.4541015625,0.08979934249500071,-0.8529884481778152
2019-05-28,22.586275100708008,251.0968780517578,0.08995044174166264,-0.8078633239376317
2019-05-29,22.388839721679688,249.41177368164062,0.08976657112529787,-0.8566339912849258
2019-05-30,22.602067947387695,250.09303283691406,0.09037464055276793,-0.6722682799770067
2019-05-31,22.22299575805664,246.72296142578125,0.09007266948172443,-0.7545186549951064
2019-06-03,22.373044967651367,246.09559631347656,0.0909120085966617,-0.5012446349117362
2019-06-04,22.760011672973633,251.43751525878906,0.09051955373305437,-0.6112379568428389
2019-06-05,22.720531463623047,253.61550903320312,0.08958652233152072,-0.8820237545205287
2019-06-06,22.870574951171875,255.26458740234375,0.0895955650719528,-0.8725086595319159
2019-06-07,23.146982192993164,257.8190002441406,0.08977997033218742,-0.8114034047694475
2019-06-10,23.202259063720703,259.002197265625,0.0895832518359879,-0.8647796169394726
2019-06-11,23.21805763244629,258.93951416015625,0.08966595039676226,-0.8335172425113162
2019-06-12,23.028522491455078,258.482421875,0.0890912516387342,-1.0038540675739518
2019-06-13,23.004831314086914,259.5489807128906,0.08863387269293317,-1.1387906428926462
2019-06-14,22.807397842407227,259.2621765136719,0.0879704018114054,-1.3385514464934543
2019-06-17,22.700899124145508,259.3607177734375,0.08752635834380941,-1.4679357370041022
2019-06-18,22.941120147705078,262.0764465332031,0.0875359859734614,-1.454829024652309
2019-06-19,23.03721046447754,262.6681213378906,0.08770463026551656,-1.3914673208933699
2019-06-20,23.133298873901367,265.1777038574219,0.08723696803083962,-1.5270271112550808
2019-06-21,23.213369369506836,264.792236328125,0.08766635189689366,-1.3827082640889896
2019-06-24,23.237396240234375,264.46795654296875,0.08786469462684769,-1.3109889685896932
2019-06-25,23.093259811401367,261.8740234375,0.08818461452673601,-1.2030838430881627
2019-06-26,23.06924057006836,261.6128845214844,0.08818082722593829,-1.197966967191334
2019-06-27,23.02920150756836,262.5406188964844,0.08771671829054539,-1.337770250997675
2019-06-28,23.149311065673828,263.8915710449219,0.08772281347983318,-1.3274343998795355
2019-07-01,23.237396240234375,266.28729248046875,0.08726438285423913,-1.4644038937698947
2019-07-02,23.285436630249023,266.98077392578125,0.08721765349561167,-1.4713080621704948
2019-07-03,23.549680709838867,269.11529541015625,0.08750777496294666,-1.3695407467449034
2019-07-05,23.317466735839844,268.8091125488281,0.08674358735366279,-1.60890387182514
2019-07-08,23.109275817871094,267.33209228515625,0.08644407643067793,-1.708824821580023
2019-07-09,23.077245712280273,267.665283203125,0.08621680569148553,-1.7859150023174466
2019-07-10,23.149311065673828,268.9442138671875,0.0860747689374185,-1.834294117824276
2019-07-11,23.309459686279297,269.5746154785156,0.08646756166155785,-1.7005240534790609
2019-07-12,23.293445587158203,270.7815246582031,0.08602302397314811,-1.8421182794923232
2019-07-15,23.309459686279297,270.8715515136719,0.0860535540038164,-1.8211928799937753
2019-07-16,23.349496841430664,269.9979248046875,0.08648028261076948,-1.6648725640173678
2019-07-17,23.117280960083008,268.1605529785156,0.08620686638401699,-1.7488395985160967
2019-07-18,23.133298873901367,269.142333984375,0.08595191448122154,-1.8229205930369632
2019-07-19,22.813003540039062,267.6473083496094,0.08523531837742226,-2.0500291121339305
2019-07-22,22.780977249145508,268.3046875,0.08490711609034228,-2.1420009676774048
2019-07-23,22.99717140197754,270.2230529785156,0.08510440226506491,-2.0590433898349065
2019-07-24,23.10126495361328,271.4930725097656,0.0850897031738529,-2.0495188747026396
2019-07-25,22.90909194946289,270.19610595703125,0.08478690641495062,-2.1348179232408144
2019-07-26,22.756948471069336,272.0064697265625,0.0836632617376565,-2.490109266640277
2019-07-29,22.79698944091797,271.5110778808594,0.08396338602037232,-2.359150735493585
2019-07-30,22.156396865844727,270.8445129394531,0.08180485779602172,-3.0442974068361344
2019-07-31,21.97222900390625,267.8813781738281,0.08202223369796342,-2.939738297302413
2019-08-01,21.868135452270508,265.5487976074219,0.08235072291534003,-2.8011866383794795
2019-08-02,21.8441104888916,263.5492858886719,0.08288434709748733,-2.596289441071488
2019-08-05,21.60388946533203,255.6234893798828,0.08451449245818889,-2.0334847032108385
2019-08-06,21.7239990234375,259.20806884765625,0.08380911566532018,-2.2435570043272874
2019-08-07,21.82008934020996,259.3612060546875,0.08413011981294186,-2.112584234315145
2019-08-08,21.860126495361328,264.44989013671875,0.08266264162204717,-2.5599834765765324
2019-08-09,21.772043228149414,262.64862060546875,0.08289418454953076,-2.450656086547268
2019-08-12,21.475772857666016,259.4513244628906,0.08277380314833467,-2.45375231834134
2019-08-13,21.571863174438477,263.4862060546875,0.08187093927019906,-2.6940047308216806
2019-08-14,20.907249450683594,255.6956024169922,0.0817661674782648,-2.6767777151296115
2019-08-15,20.9713077545166,256.37109375,0.08180059400521476,-2.6180091310189826
2019-08-16,21.307615280151367,260.15380859375,0.08190391443941854,-2.542044305324122
2019-08-19,21.32362937927246,263.2881164550781,0.08098971448607203,-2.7669325820858814
2019-08-20,21.099424362182617,261.27069091796875,0.08075695091573518,-2.781353194521414
2019-08-21,21.267580032348633,263.3962097167969,0.08074368289207919,-2.7320424031023722
2019-08-22,21.379682540893555,263.3150634765625,0.08119430107270162,-2.5556915244777274
2019-08-23,21.123449325561523,256.5512390136719,0.08233618128983518,-2.1959633524350295
2019-08-26,21.31562614440918,259.3883361816406,0.08217650206708828,-2.209982004136649
2019-08-27,21.31562614440918,258.37054443359375,0.08250021762789492,-2.09070256074067
2019-08-28,21.347652435302734,260.1898498535156,0.08204644588296299,-2.1878363653137956
2019-08-29,21.41972541809082,263.5132141113281,0.0812852041986839,-2.363149508146736
2019-08-30,21.395702362060547,263.3962097167969,0.08123010724059077,-2.342117193890178
2019-09-03,21.347652435302734,261.85601806640625,0.08152439112508388,-2.2295289476190985
2019-09-04,21.579866409301758,264.8282470703125,0.08148627137788762,-2.208998828326549
2019-09-05,21.80406951904297,268.2326354980469,0.08128790696388521,-2.230201583367005
2019-09-06,21.82008934020996,268.4398193359375,0.08128484587043822,-2.2001698667282215
2019-09-09,21.916179656982422,268.57501220703125,0.08160170775711748,-2.0903967974068243
2019-09-10,22.140384674072266,268.5119323730469,0.08245586882638929,-1.8499287632876484
2019-09-11,22.084331512451172,270.4214172363281,0.08166635519534725,-2.028653671117477
2019-09-12,22.284517288208008,271.35797119140625,0.08212221365883261,-1.8906901635692293
2019-09-13,22.39661979675293,271.1778564453125,0.08259014983868927,-1.7540069680163861
2019-09-16,22.09233856201172,270.3402404785156,0.0817204960789677,-1.9506394131469844
2019-09-17,22.108354568481445,271.024658203125,0.08157322184283278,-1.9642584527147227
2019-09-18,22.16440773010254,271.1869201660156,0.0817311089949836,-1.9025043874362761
2019-09-19,22.276512145996094,271.1688232421875,0.08214997535354718,-1.7794800837425306
2019-09-20,22.26849937438965,269.8876647949219,0.08251025252047253,-1.6736656336850328
2019-09-23,22.108354568481445,269.82427978515625,0.08193612000404452,-1.7943489433139426
2019-09-24,22.108354568481445,267.7070007324219,0.08258414799760562,-1.6205335385587778
2019-09-25,22.036287307739258,269.2903747558594,0.08183095042931823,-1.7832080284686103
2019-09-26,22.116361618041992,268.72943115234375,0.08229973740949922,-1.653423429718162
2019-09-27,22.140384674072266,267.2817077636719,0.08283539064202851,-1.510777343072215
2019-09-30,22.292522430419922,268.5213317871094,0.08301955856562639,-1.4536617232866735
2019-10-01,22.132373809814453,265.3273010253906,0.0834153655665328,-1.349355306951474
2019-10-02,21.6439266204834,260.64044189453125,0.08304132107496066,-1.4268772123589881
2019-10-03,21.7239990234375,262.7757873535156,0.08267123558919044,-1.5027438681259289
2019-10-04,21.836101531982422,266.3317565917969,0.08198835096278181,-1.648546297540077
2019-10-07,21.8841495513916,265.18255615234375,0.08252484578517848,-1.5106827137621082
2019-10-08,21.60388946533203,261.06573486328125,0.08275268095464874,-1.4463257146602453
2019-10-09,21.79606819152832,263.544921875,0.0827034269393597,-1.4462555592446544
2019-10-10,22.052303314208984,265.3273010253906,0.08311358548097046,-1.3415941377396037
2019-10-11,22.51673126220703,268.0780944824219,0.08399317857611627,-1.130865961624644
2019-10-14,22.484704971313477,267.77935791015625,0.08396728241785317,-1.1278290973554894
2019-10-15,22.780977249145508,270.4305419921875,0.08423966125025786,-1.058293519600802
2019-10-16,22.925106048583984,269.99615478515625,0.0849090094146939,-0.899105959896868
2019-10-17,22.949129104614258,270.7923889160156,0.08474805808420181,-0.9295172475804785
2019-10-18,23.045217514038086,269.6070861816406,0.0854770467661669,-0.7595189635629367
2019-10-21,23.133298873901367,271.4347839355469,0.08522599255147213,-0.8133498737741466
2019-10-22,23.03721046447754,270.548095703125,0.08515014827439957,-0.8257316401898104
2019-10-23,23.15732192993164,271.3352966308594,0.0853457777792774,-0.777876061827196
2019-10-24,23.093259811401367,271.7786560058594,0.08497083674923865,-0.8582665038915891
2019-10-25,23.093259811401367,272.8916015625,0.08462429653084193,-0.931264170360658
2019-10-28,23.18934440612793,274.42974853515625,0.08450011170402404,-0.9540632205736317
2019-10-29,23.12529182434082,274.3484191894531,0.08429168971581169,-0.9940179028957625
2019-10-30,22.949129104614258,275.1898193359375,0.08339381580318983,-1.1865966877613745
2019-10-31,22.90108871459961,274.4568786621094,0.08344148205078768,-1.1669127863331412
2019-11-01,23.06123161315918,276.9994201660156,0.08325371800178412,-1.2001256832572567
2019-11-04,23.213369369506836,278.1123962402344,0.08346758247142301,-1.1437448605060596
2019-11-05,23.133298873901367,277.80474853515625,0.08327179069429709,-1.177894955800633
2019-11-06,23.02920150756836,277.8680419921875,0.0828781940609631,-1.255185243424787
2019-11-07,23.03721046447754,278.84521484375,0.08261648125246246,-1.3020865433086513
2019-11-08,22.957134246826172,279.5328369140625,0.08212678875320806,-1.398125659676598
2019-11-11,22.973154067993164,278.9990539550781,0.0823413332135961,-1.3399403582708087
2019-11-12,22.636838912963867,279.587158203125,0.08096523123039079,-1.6258963311701717
2019-11-13,22.356582641601562,279.67767333984375,0.0799369587662276,-1.8299742516586541
2019-11-14,22.30854034423828,280.0848083496094,0.0796492336578004,-1.870745679598373
2019-11-15,22.508724212646484,282.111572265625,0.07978660368973864,-1.821285065177966
2019-11-18,22.5968017578125,282.3197021484375,0.08003976196436903,-1.7481835103871983
2019-11-19,22.612815856933594,282.2382507324219,0.08011960036689657,-1.7130866657468713
2019-11-20,22.492708206176758,281.1886901855469,0.07999151100755363,-1.7225357732962423
2019-11-21,22.524738311767578,280.736328125,0.08023449783719572,-1.6544301859195165
2019-11-22,22.572782516479492,281.36065673828125,0.0802272171886365,-1.6398844631214784
2019-11-25,22.700899124145508,283.5412292480469,0.08006207486773065,-1.6581573480553937
2019-11-26,22.66086196899414,284.18359375,0.07974021888444832,-1.708710264077956
2019-11-27,22.732927322387695,285.45037841796875,0.07963880604530559,-1.7125137900657739
2019-11-29,22.716915130615234,284.39178466796875,0.07987894290665794,-1.6460609119485345
2019-12-02,22.404624938964844,281.97601318359375,0.07945578308597923,-1.7157771516938307
2019-12-03,22.444665908813477,280.0848083496094,0.08013524918066046,-1.5603485810563538
2019-12-04,22.700899124145508,281.81298828125,0.0805530620238481,-1.4610361974949915
2019-12-05,22.604812622070312,282.3197021484375,0.08006813711564911,-1.5454770285192152
2019-12-06,22.845033645629883,284.89849853515625,0.08018657087731483,-1.5070945954900885
2019-12-09,22.772968292236328,284.0027160644531,0.08018574120632038,-1.4934023362357323
2019-12-10,22.748943328857422,283.6860046386719,0.08019057322842743,-1.478668161456998
2019-12-11,22.973154067993164,284.4913024902344,0.08075169211467108,-1.3535521810278504
2019-12-12,23.301454544067383,286.9433288574219,0.08120577201376775,-1.2516736779837638
2019-12-13,23.397539138793945,287.115234375,0.08149180655539343,-1.1845959811637148
2019-12-16,23.6500301361084,289.0876770019531,0.08180919498671199,-1.1121925927366156
2019-12-17,23.658222198486328,289.1511535644531,0.08181956705634516,-1.1024776275173507
2019-12-18,23.609037399291992,289.169189453125,0.08164437381431008,-1.1296614532189206
2019-12-19,23.62543487548828,290.3544921875,0.0813675541834974,-1.1782181623224643
2019-12-20,23.62543487548828,291.62744140625,0.0810123860826149,-1.2431524888676773
2019-12-23,23.62543487548828,292.0730285644531,0.08088879343501157,-1.2617845132703078
2019-12-24,23.584449768066406,292.0820617675781,0.08074597127033956,-1.2878227688568407
2019-12-26,23.723806381225586,293.6368713378906,0.08079300897442945,-1.2703889631297514
2019-12-27,23.838571548461914,293.5641174316406,0.08120396919426968,-1.1772714225540952
2019-12-30,23.723806381225586,291.94561767578125,0.08126104638971475,-1.1580969122280242
2019-12-31,23.707414627075195,292.6549072265625,0.0810080885085648,-1.2029534169169518
2020-01-02,24.018918991088867,295.39166259765625,0.08131210874358456,-1.1317732041378665
2020-01-03,23.666423797607422,293.1549987792969,0.08073007076855203,-1.249488981627594
2020-01-06,23.781190872192383,294.2734680175781,0.08081323481997309,-1.2262240341152486
2020-01-07,23.477874755859375,293.44598388671875,0.08000748364279105,-1.3924915332736625
2020-01-08,23.527061462402344,295.0099182128906,0.07975006943808682,-1.4412859639714588
2020-01-09,23.527061462402344,297.01031494140625,0.07921294405900929,-1.5498259357361874
2020-01-10,23.395902633666992,296.15557861328125,0.07899868961853077,-1.5885586356519348
2020-01-13,23.49427032470703,298.1922607421875,0.07878900098289211,-1.6256240198699603
2020-01-14,23.36311149597168,297.73773193359375,0.07846876290836559,-1.6872022308857664
2020-01-15,23.297531127929688,298.41058349609375,0.07807206720010537,-1.7623339962315459
2020-01-16,23.55165672302246,300.8928527832031,0.0782725694717372,-1.7074681784075396
2020-01-17,23.682819366455078,301.829345703125,0.07846427030242831,-1.6541767160222576
2020-01-21,23.41229820251465,301.2383728027344,0.07772017218352911,-1.8056393388542944
2020-01-22,23.379505157470703,301.274658203125,0.07760196392524925,-1.8190334840989075
2020-01-23,23.354917526245117,301.6202392578125,0.07743153305532094,-1.8477282877344516
2020-01-24,23.149978637695312,298.9378662109375,0.07744077032168334,-1.836166430166925
2020-01-27,22.805675506591797,294.14605712890625,0.07753180759651476,-1.8072245914045115
2020-01-28,23.076190948486328,297.22845458984375,0.07763789298144418,-1.7760445532105835
2020-01-29,23.1745662689209,296.9830017089844,0.07803330876031016,-1.681830289192233
2020-01-30,23.338516235351562,297.94677734375,0.07833115848212456,-1.6067945415062335
2020-01-31,22.9614315032959,292.53662109375,0.0784907934515911,-1.5608013020720073
2020-02-03,22.953235626220703,294.70989990234375,0.07788416891942408,-1.686568988389691
2020-02-04,23.338516235351562,299.2015380859375,0.07800266129864683,-1.64574477605885
2020-02-05,23.63363265991211,302.65679931640625,0.0780872351564282,-1.6137465966551325
2020-02-06,23.76479148864746,303.6752014160156,0.07825726756032085,-1.5627853444001287
2020-02-07,23.666423797607422,302.05670166015625,0.07835093102564067,-1.5286599252455235
2020-02-10,23.732006072998047,304.31158447265625,0.07798587790906289,-1.5978597983473282
2020-02-11,23.838571548461914,304.8390197753906,0.07820052552992227,-1.535451476345032
2020-02-12,23.953340530395508,306.802978515625,0.07807401559882705,-1.5505134722098166
2020-02-13,23.797584533691406,306.47564697265625,0.0776491860569092,-1.6313826865148708
2020-02-14,23.920549392700195,306.9666442871094,0.07792556565307804,-1.5543264874049427
2020-02-18,24.00252342224121,306.1756591796875,0.07839461662807976,-1.4361474078722254
2020-02-19,24.133686065673828,307.6395568847656,0.07844792883612729,-1.4129585752174223
2020-02-20,23.854965209960938,306.3757629394531,0.07786178965689014,-1.5328105196699964
2020-02-21,23.797584533691406,303.220458984375,0.0784827798671649,-1.3818978904055685
2020-02-24,22.871257781982422,293.1640930175781,0.07801520829705111,-1.475769279188871
2020-02-25,22.133474349975586,284.2806091308594,0.077857840595055,-1.499091722108629
2020-02-26,22.31382179260254,283.2349853515625,0.07878201121554859,-1.2810475280052827
2020-02-27,21.69900131225586,270.514404296875,0.08021384801543645,-0.9495881180786049
2020-02-28,21.55144691467285,269.3778381347656,0.08000452844933365,-0.9905862170150415
2020-03-02,22.035104751586914,281.0436706542969,0.07840455791189696,-1.3467680847642776
2020-03-03,21.67441177368164,272.99658203125,0.0793944437414259,-1.1125119328606
2020-03-04,22.436782836914062,284.4715270996094,0.07887180508247384,-1.2240121707653067
2020-03-05,21.436683654785156,275.01519775390625,0.07794726920498224,-1.4282420049239135
2020-03-06,21.051393508911133,270.4689636230469,0.07783293590110583,-1.4444019513719961
2020-03-09,19.116762161254883,249.34683227539062,0.0766673552128443,-1.7003616066289373
2020-03-10,19.338096618652344,262.24920654296875,0.0737393903820405,-2.3467797657303704
2020-03-11,18.428165435791016,249.46499633789062,0.07387074622217052,-2.2873105770037485
2020-03-12,15.739359855651855,225.59689331054688,0.06976762678192441,-3.1562534486604683
2020-03-13,17.141149520874023,244.88232421875,0.06999749604451676,-3.0433201449963403
2020-03-16,14.837626457214355,218.0863494873047,0.06803555789757529,-3.3983649815413424
2020-03-17,16.026275634765625,229.861328125,0.06972149584922975,-2.980425545529604
2020-03-18,14.854020118713379,218.22276306152344,0.06806815160032408,-3.2712661345493173
2020-03-19,15.255705833435059,218.68646240234375,0.06976063202928083,-2.8684112015082683
2020-03-20,15.026168823242188,209.2623748779297,0.07180540138669217,-2.4065449559233425
2020-03-23,15.067156791687012,203.91188049316406,0.07389052935634186,-1.949150498461999
2020-03-24,16.173830032348633,222.3869171142578,0.07272833421238918,-2.167594373643631
2020-03-25,16.796846389770508,225.71615600585938,0.07441579143911381,-1.798164115320446
2020-03-26,17.592012405395508,238.89566040039062,0.0736388948041634,-1.94083769274366
2020-03-27,16.583711624145508,231.78001403808594,0.07154935982280372,-2.341763829770125
2020-03-30,16.70667839050293,239.30723571777344,0.06981267549388236,-2.6541409283660076
2020-03-31,16.657487869262695,235.7402801513672,0.07066033797264956,-2.4459530562948633
2020-04-01,15.960693359375,225.13082885742188,0.07089519209953739,-2.3658900412444757
2020-04-02,16.157432556152344,230.3257598876953,0.07015034950511205,-2.4803745226457576
2020-04-03,16.067264556884766,226.9966278076172,0.07078195263104083,-2.326097989875651
2020-04-06,16.78044891357422,242.2430877685547,0.06927111550694356,-2.585637698493396
2020-04-07,16.8050479888916,242.49008178710938,0.06930200140575378,-2.5412340609776045
2020-04-08,16.960800170898438,250.63006591796875,0.06767264776784486,-2.808233685601029
2020-04-09,17.321491241455078,254.4440460205078,0.0680758363670219,-2.6860196187070673
2020-04-13,17.190330505371094,252.12091064453125,0.06818288281374636,-2.6244446169738715
2020-04-14,17.378877639770508,259.5566101074219,0.06695602023996987,-2.806845568028357
2020-04-15,16.76405906677246,254.0415802001953,0.06598942997269064,-2.931979579121999
2020-04-16,16.452550888061523,255.2671661376953,0.06445228008363107,-3.1467805591103994
2020-04-17,16.85423469543457,262.1633605957031,0.06428905495084203,-3.114086428895522
2020-04-20,16.403362274169922,257.54443359375,0.0636913873279224,-3.153349510729873
2020-04-21,16.173830032348633,249.724609375,0.06476666465843234,-2.91019652416216
2020-04-22,16.354183197021484,255.2671661376953,0.06406692816967996,-2.971529949465375
2020-04-23,16.149240493774414,255.24888610839844,0.0632686032052504,-3.0415028762328746
2020-04-24,16.288597106933594,258.8066711425781,0.0629373154680395,-3.0325570064444602
2020-04-27,16.477142333984375,262.53826904296875,0.06276091631916571,-2.998442471783341
2020-04-28,16.575511932373047,261.3310546875,0.06342725686464651,-2.835836185865065
2020-04-29,17.305095672607422,268.1722106933594,0.06452978713888768,-2.6159724670584046
2020-04-30,17.026378631591797,265.6753845214844,0.06408715155248011,-2.643477510090279
2020-05-01,16.69847869873047,258.64208984375,0.06456210862206649,-2.528662869830007
2020-05-04,16.559120178222656,259.35546875,0.06384719881956473,-2.5974403221514106
2020-05-05,16.41975975036621,261.751708984375,0.0627302867059652,-2.721275131684631
2020-05-06,16.206623077392578,259.9774169921875,0.062338580269376234,-2.731190957433247
2020-05-07,16.370574951171875,263.11444091796875,0.062218458607050504,-2.7012154898769154
2020-05-08,16.59190559387207,267.468017578125,0.06203323202567845,-2.6813067229566987
2020-05-11,16.362375259399414,267.5228576660156,0.061162531688513676,-2.7590840950615885
2020-05-12,16.403362274169922,262.1907043457031,0.06256271485712855,-2.515801662516522
2020-05-13,16.190223693847656,257.5536193847656,0.06286156541896888,-2.4361822410128746
2020-05-14,16.182031631469727,260.6358642578125,0.06208674189006847,-2.507843688466274
2020-05-15,16.00168228149414,261.83404541015625,0.061113833598025497,-2.6030146674863093
2020-05-18,16.87882423400879,269.80938720703125,0.06255832833961875,-2.3668747391996754
2020-05-19,16.13284683227539,267.0382080078125,0.060414001998558224,-2.622228620243963
2020-05-20,16.4935359954834,271.57464599609375,0.06073297429878869,-2.5381234775311197
2020-05-21,16.56731414794922,269.6995849609375,0.061428771387797204,-2.407984353371803
2020-05-22,16.575511932373047,270.2119140625,0.06134263912781852,-2.385661906169415
2020-05-26,17.362478256225586,273.5410461425781,0.06347302717843567,-2.0761638882901456
2020-05-27,17.870731353759766,277.611083984375,0.06437326311785735,-1.935985334065088
2020-05-28,17.862533569335938,277.0989074707031,0.0644626632864819,-1.9047727723970198
2020-05-29,17.80514907836914,278.3336181640625,0.06397053002729255,-1.9504852583020758
2020-06-01,18.18223762512207,279.4585876464844,0.06506236855430843,-1.7894073899788685
2020-06-02,18.61670684814453,281.7724609375,0.06607000125634671,-1.64305300737952
2020-06-03,19.346298217773438,285.5223083496094,0.06775757148224214,-1.4096653483449153
2020-06-04,19.239727020263672,284.7724304199219,0.06756176148053732,-1.4244469165925915
2020-06-05,19.764375686645508,292.0709533691406,0.06766977495932587,-1.399389604874452
2020-06-08,20.174253463745117,295.6014099121094,0.06824816386952785,-1.313124757972464
2020-06-09,19.780765533447266,293.3971862792969,0.06741975198977246,-1.4121194883177484
2020-06-10,19.51024627685547,291.7599792480469,0.06687087902576369,-1.47349369215923
2020-06-11,18.239620208740234,274.9402770996094,0.0663402990684123,-1.5313806506318772
2020-06-12,18.54293441772461,278.2330322265625,0.066645337792334,-1.47888804982396
2020-06-15,18.736589431762695,280.83038330078125,0.06671852671900894,-1.4571076780176773
2020-06-16,18.877275466918945,286.23577880859375,0.06595009032585757,-1.5454054603367167
2020-06-17,18.860729217529297,285.0468444824219,0.06616712158935122,-1.5038203075755265
2020-06-18,18.629003524780273,285.15655517578125,0.06532903833578946,-1.6004057756117382
2020-06-19,18.537965774536133,283.5268859863281,0.06538344929810307,-1.5791428854022627
2020-06-22,18.819347381591797,285.3457336425781,0.06595279046703661,-1.4916231870826766
2020-06-23,18.951763153076172,286.6593933105469,0.06611247911400255,-1.4586861239763373
2020-06-24,18.380722045898438,279.3470764160156,0.06579887028609914,-1.4878969219806433
2020-06-25,18.744863510131836,282.34185791015625,0.06639066431338927,-1.3991256026986956
2020-06-26,18.256591796875,275.6358337402344,0.06623446432614577,-1.4084566025668241
2020-06-29,18.645551681518555,279.6869812011719,0.06666578330332534,-1.3412785842276198
2020-06-30,18.587621688842773,283.2696533203125,0.06561811853465457,-1.467102080639683
2020-07-01,18.59589958190918,285.2539367675781,0.06519068515804892,-1.5106560116391
2020-07-02,19.092451095581055,286.82476806640625,0.06656486196882666,-1.3197971889525397
2020-07-06,19.448312759399414,291.2525939941406,0.06677472805543724,-1.2821181158181711
2020-07-07,19.06761932373047,288.2486572265625,0.06614989817192238,-1.353407822061396
2020-07-08,19.241416931152344,290.4533386230469,0.06624615513930807,-1.3300136611247242
2020-07-09,18.85245132446289,288.7998352050781,0.06527860831733397,-1.4451044041056595
2020-07-10,19.200040817260742,291.7486877441406,0.06581020454871386,-1.3642859448294637
2020-07-13,19.133832931518555,289.22235107421875,0.06615613509969888,-1.308357080810996
2020-07-14,19.390384674072266,292.97039794921875,0.06618547406087508,-1.2942227786625269
2020-07-15,19.671764373779297,295.662109375,0.0665346141761737,-1.2388169822980453
2020-07-16,19.65521240234375,294.6883239746094,0.06669830734127512,-1.207982993139189
2020-07-17,19.69658851623535,295.5425720214844,0.06664552041187323,-1.2055841517428265
2020-07-20,19.81245231628418,297.93109130859375,0.06650011661845208,-1.2151017435417597
2020-07-21,19.81245231628418,298.56500244140625,0.06635892403421395,-1.2239112807621049
2020-07-22,19.820730209350586,300.2643737792969,0.06601092883539825,-1.2596589632134043
2020-07-23,19.605554580688477,296.68170166015625,0.06608278997653283,-1.2403414101377008
2020-07-24,19.58900260925293,294.7709655761719,0.06645499352679947,-1.1819860687236317
2020-07-27,19.58072853088379,296.9206237792969,0.06594600362094846,-1.2388638915671515
2020-07-28,19.58072853088379,295.0373229980469,0.06636695429551946,-1.174049454134753
2020-07-29,19.688318252563477,298.66595458984375,0.06592086560251345,-1.222582472699905
2020-07-30,19.291072845458984,297.6003723144531,0.06482207228247511,-1.3551341946468654
2020-07-31,18.736589431762695,299.9520263671875,0.0624652870616924,-1.647692758313107
2020-08-03,19.00141716003418,302.0373229980469,0.06291082496502279,-1.5745705368843814
2020-08-04,19.175212860107422,303.2039794921875,0.06324195642887827,-1.5180941034550928
2020-08-05,19.183486938476562,305.087158203125,0.06287870997737743,-1.5511851825802334
2020-08-06,19.183486938476562,307.12652587890625,0.06246118560934793,-1.5907533669689444
2020-08-07,19.00141716003418,307.34710693359375,0.061823966230271615,-1.656883560182547
2020-08-10,19.166933059692383,308.2656555175781,0.06217667364699157,-1.5961894144072475
2020-08-11,19.4317626953125,305.7210693359375,0.06356043022327705,-1.4058829085997686
2020-08-12,19.80417823791504,309.9835205078125,0.06388784218422965,-1.3521226594114177
2020-08-13,19.66348648071289,309.42303466796875,0.06354887735430914,-1.3834411218458451
2020-08-14,19.448312759399414,309.4322509765625,0.06285160224256164,-1.4594290619209433
2020-08-17,19.406932830810547,310.4152526855469,0.06251926302883681,-1.4882176113561256
2020-08-18,19.34900665283203,311.08587646484375,0.06219828065713774,-1.514853363753151
2020-08-19,19.274524688720703,309.7905578613281,0.06221792175263321,-1.4983782662937468
2020-08-20,19.158658981323242,310.7551574707031,0.06165194211822358,-1.5550540611590862
2020-08-21,19.0262451171875,311.8575134277344,0.06100941711509023,-1.6200827379018703
2020-08-24,19.34900665283203,315.0176696777344,0.06142197252816396,-1.5537808241265492
2020-08-25,19.398658752441406,316.1199035644531,0.0613648762185145,-1.5465439324334356
2020-08-26,19.36556053161621,319.289306640625,0.060652079881312944,-1.6201205427158138
2020-08-27,19.183486938476562,319.9874267578125,0.059950752230636506,-1.6905618916461862
2020-08-28,19.53107452392578,322.0544128417969,0.06064526286593704,-1.5890094904302021
2020-08-31,19.158658981323242,320.88763427734375,0.05970519563481957,-1.6882025154952054
2020-09-01,19.06761932373047,323.90997314453125,0.058867033758242274,-1.7727847612540641
2020-09-02,19.142105102539062,328.5950622558594,0.058254390589820036,-1.8280428476480348
2020-09-03,18.96831512451172,317.28668212890625,0.05978289097178472,-1.6253946805425818
2020-09-04,19.15037727355957,314.6960754394531,0.06085356243104488,-1.4815406475105128
2020-09-08,18.736589431762695,306.09771728515625,0.06121113740390281,-1.4255401218234731
2020-09-09,19.051071166992188,312.1423034667969,0.061033288200292544,-1.4346692436876531
2020-09-10,18.827625274658203,306.7223815917969,0.061383278184488826,-1.3804014495673977
2020-09-11,18.869001388549805,306.8785400390625,0.06148687160121387,-1.3564221730116923
2020-09-14,18.918657302856445,310.92059326171875,0.06084723145671983,-1.4215067664245196
2020-09-15,19.133832931518555,312.49139404296875,0.06122995159632326,-1.3637403708700953
2020-09-16,19.06761932373047,311.2511901855469,0.06126119329010002,-1.3485366715836546
2020-09-17,19.183486938476562,308.513671875,0.06218034624491165,-1.2279971630326725
2020-09-18,18.777969360351562,304.9618835449219,0.061574807782774944,-1.2902178322539382
2020-09-21,18.231760025024414,301.5677795410156,0.06045659139306276,-1.4126304422889169
2020-09-22,17.92555046081543,304.63909912109375,0.05884192315606225,-1.5916392667368808
2020-09-23,17.66899871826172,297.57421875,0.05937677932074456,-1.5143502603717351
2020-09-24,17.826244354248047,298.3674011230469,0.05974595175997962,-1.457518025628521
2020-09-25,17.784862518310547,303.1910705566406,0.058658925824097014,-1.5730656872045454
2020-09-28,18.182104110717773,308.2269592285156,0.05898933745518927,-1.5205755013418982
2020-09-29,18.0910701751709,306.54827880859375,0.059015402877100526,-1.5047082114641874
2020-09-30,18.008312225341797,308.8725280761719,0.05830337951227802,-1.5758123680530152
2020-10-01,18.1324520111084,310.8554992675781,0.05833080660895869,-1.5590984429219341
2020-10-02,18.215208053588867,307.904052734375,0.05915871483933633,-1.4488445243661385
2020-10-05,18.579347610473633,313.36419677734375,0.0592899501651585,-1.4213523619233035
2020-10-06,18.521413803100586,308.9093933105469,0.059957431545246,-1.331683639174765
2020-10-07,18.72003746032715,314.2864074707031,0.05956362418273586,-1.3674308368190424
2020-10-08,18.96003532409668,317.07177734375,0.05979729726478102,-1.3293073528210397
2020-10-09,18.918657302856445,319.9033203125,0.05913867128473568,-1.3963509431501298
2020-10-12,18.910383224487305,325.04974365234375,0.05817689013381553,-1.498633375070751
2020-10-13,18.537965774536133,322.9284973144531,0.05740579084441935,-1.5773437211231265
2020-10-14,18.645551681518555,320.8994140625,0.0581040377901315,-1.4834057336320947
2020-10-15,18.430383682250977,320.5027770996094,0.057504599021065514,-1.5431409238168408
2020-10-16,18.480037689208984,320.30914306640625,0.05769438084812246,-1.509636623434131
2020-10-19,18.43865966796875,315.43927001953125,0.05845391306804341,-1.4101014203391578
2020-10-20,18.85245132446289,316.7028503417969,0.05952725497770753,-1.2740279020587524
2020-10-21,18.59589958190918,316.1034240722656,0.05882852941718815,-1.3488115970331664
2020-10-22,18.55451774597168,317.8373107910156,0.05837740603768085,-1.3940049811890047
2020-10-23,18.835899353027344,318.91644287109375,0.05906217686192125,-1.303413759979573
2020-10-26,18.54624366760254,313.02288818359375,0.05924884207420903,-1.272727279936316
2020-10-27,18.099346160888672,311.9437561035156,0.058021184289653076,-1.4118683290245755
2020-10-28,17.453826904296875,301.28192138671875,0.05793187597835826,-1.4132852942551528
2020-10-29,17.346240997314453,304.3439636230469,0.05699551517571445,-1.51595736646936
2020-10-30,17.387624740600586,301.1712341308594,0.05773335156253879,-1.4163269630858997
2020-11-02,17.760034561157227,304.5469055175781,0.05831625355369811,-1.33614918117785
2020-11-03,18.33106803894043,309.92388916015625,0.05914699924750773,-1.2266255861498612
2020-11-04,18.223485946655273,316.8504638671875,0.05751446825810523,-1.4169090396412733
2020-11-05,18.84417724609375,323.02996826171875,0.058335693581303284,-1.307229252395996
2020-11-06,18.84417724609375,322.9562072753906,0.05834901705426884,-1.296726172258438
2020-11-09,20.217971801757812,327.0143127441406,0.061825953830884954,-0.861342945882227
2020-11-10,21.12004280090332,326.53466796875,0.06467932771819668,-0.501983726795082
2020-11-11,21.219348907470703,328.96044921875,0.06450425562667078,-0.5177785414369275
2020-11-12,20.90487289428711,325.7691345214844,0.06417082123201712,-0.5534968109148658
2020-11-13,21.459352493286133,330.279296875,0.06497335042289315,-0.44711414013957207
2020-11-16,21.806941986083984,334.40203857421875,0.06521174954274105,-0.41135702183747735
2020-11-17,21.773832321166992,332.603515625,0.06546482913823527,-0.37358709636291754
2020-11-18,21.61659812927246,328.6006774902344,0.06578379050942426,-0.32730744621610586
2020-11-19,21.889699935913086,329.9841003417969,0.06633562015030355,-0.2512169908680753
2020-11-20,21.81521224975586,327.7244873046875,0.06656570715594444,-0.21584580423850244
2020-11-23,21.91452407836914,329.68902587890625,0.0664702867192743,-0.22212405724750167
2020-11-24,22.469009399414062,335.00152587890625,0.06707136434816116,-0.13853937124889065
2020-11-25,22.452455520629883,334.48504638671875,0.06712543882954701,-0.1256021662929243
2020-11-27,22.568321228027344,335.4165344238281,0.06728446248720195,-0.09894934538556709
2020-11-30,22.154523849487305,333.931640625,0.06634448837499196,-0.21593392868852002
2020-12-01,22.65935516357422,337.5839538574219,0.06712213333796181,-0.10775264332350856
2020-12-02,22.93246078491211,338.294189453125,0.06778851514412339,-0.013344588089509854
2020-12-03,22.866252899169922,338.20196533203125,0.06761123601609138,-0.03023310234690806
2020-12-04,23.280046463012695,341.1164855957031,0.06824661793275096,0.06118934261923489
2020-12-07,23.056598663330078,340.41552734375,0.06773074907375666,-0.0014293778455886637
2020-12-08,23.048322677612305,341.41162109375,0.06750889909304916,-0.02472447549493413
2020-12-09,22.990388870239258,338.3494873046875,0.06794864402893613,0.04180599932414693
2020-12-10,22.940732955932617,338.23883056640625,0.06782406655532909,0.03200664401118572
2020-12-11,22.73383903503418,337.8421630859375,0.06729130203103552,-0.03385554612943728
2020-12-14,22.869102478027344,336.3296813964844,0.0679960875979541,0.07162778628686185
2020-12-15,22.986724853515625,340.876708984375,0.06743413160143272,0.0012357520357292398
2020-12-16,22.91111183166504,341.41162109375,0.06710700637039463,-0.03684150025555425
2020-12-17,23.053937911987305,343.3207702636719,0.06714984908801695,-0.022805368894086794
2020-12-18,22.751482009887695,341.9499816894531,0.06653453203149982,-0.10315669276374988
2020-12-21,22.297794342041016,340.727294921875,0.06544176141554393,-0.2536541008061742
2020-12-22,22.289396286010742,340.1530456542969,0.0655275517028997,-0.23418258024374594
2020-12-23,22.78508949279785,340.45867919921875,0.0669246839187354,-0.02187670415185084
2020-12-24,22.877506256103516,341.7831726074219,0.06693573028061571,-0.01223613997980068
2020-12-28,23.037134170532227,344.7194519042969,0.06682864585468166,-0.01985650476779902
2020-12-29,23.112751007080078,344.06170654296875,0.0671761796432106,0.04106979687740354
2020-12-30,23.11948585510254,344.5526428222656,0.0671000102211624,0.03824248429593874
2020-12-31,22.774168014526367,346.30328369140625,0.06576365020789297,-0.1581780287963397
2021-01-04,22.959461212158203,341.58868408203125,0.0672137640444921,0.07468434571679781
2021-01-05,23.14475440979004,343.9413757324219,0.06729273080478722,0.09628170738165204
2021-01-06,23.885929107666016,345.99761962890625,0.06903495212852752,0.38054424088433636
2021-01-07,23.94487953186035,351.13824462890625,0.06819217188137977,0.2562557473613281
2021-01-08,24.02910804748535,353.1388854980469,0.06804435601476193,0.24164026061275576
2021-01-11,23.78485679626465,350.75848388671875,0.06780978333783147,0.2126530084693798
2021-01-12,23.73432159423828,350.83251953125,0.06765142987870648,0.1956346554548171
2021-01-13,23.826967239379883,351.77734375,0.06773309214681306,0.21768958647923334
2021-01-14,23.835390090942383,350.54541015625,0.06799515669116346,0.2695806990587368
2021-01-15,23.17844581604004,347.9890441894531,0.06660682628681025,0.0465095792541759
2021-01-19,23.313203811645508,350.72149658203125,0.06647212685519753,0.032158945630185766
2021-01-20,23.228979110717773,355.574951171875,0.06532794009859692,-0.1542932065261793
2021-01-21,23.102642059326172,355.899169921875,0.06491344743624307,-0.2180014118551538
2021-01-22,22.8331241607666,354.6394348144531,0.06438405298246898,-0.3022549944349597
2021-01-25,22.614145278930664,356.0380859375,0.0635160848575633,-0.44614134211602224
2021-01-26,22.723630905151367,355.4823303222656,0.06392337668246706,-0.36858448302454094
2021-01-27,22.066686630249023,346.794189453125,0.06363049699606257,-0.4135890220186608
2021-01-28,22.428848266601562,349.77667236328125,0.06412333937269195,-0.31940141045558884
2021-01-29,21.915088653564453,342.7743225097656,0.0639344525374712,-0.3462922350694607
2021-02-01,21.990886688232422,348.4799499511719,0.06310517058818944,-0.4897983219380633
2021-02-02,22.243558883666992,353.4076232910156,0.06294023506490803,-0.5137973138523196
2021-02-03,22.513072967529297,353.68536376953125,0.0636528261378644,-0.3759806865011564
2021-02-04,22.580453872680664,357.7052917480469,0.06312585917399685,-0.4676620909843794
2021-02-05,22.925769805908203,359.1131591796875,0.06383996024617121,-0.32648927946942224
2021-02-08,22.97630500793457,361.7066650390625,0.06352192875808148,-0.38009524082553553
2021-02-09,22.774168014526367,361.4658508300781,0.06300503342771459,-0.4732207442721519
2021-02-10,22.6309871673584,361.3083801269531,0.06263620887898182,-0.539215230931208
2021-02-11,22.681520462036133,361.8918762207031,0.06267485387874139,-0.5259106389890738
2021-02-12,22.7320556640625,363.6795959472656,0.0625057218424723,-0.5539721875084161
2021-02-16,22.8836612701416,363.3645935058594,0.06297713557986655,-0.45290725018515426
2021-02-17,22.799434661865234,363.4479675292969,0.0627309455514493,-0.4974246490864394
2021-02-18,22.664674758911133,361.9011535644531,0.06262669940584936,-0.5135678627805209
2021-02-19,22.8331241607666,361.26202392578125,0.06320377634117863,-0.38575521603070095
2021-02-22,22.698366165161133,358.48333740234375,0.06331777183742747,-0.354467081881425
2021-02-23,23.11948585510254,358.91864013671875,0.06441428020092771,-0.10723941299408125
2021-02-24,23.13633155822754,362.87371826171875,0.06375863115427034,-0.24307997660363595
2021-02-25,22.967884063720703,354.1299133300781,0.06485722668198535,0.015172171003243789
2021-02-26,22.7657470703125,352.3052978515625,0.06461937191732052,-0.025595866380091606
2021-03-01,23.077377319335938,360.84527587890625,0.06395366341744856,-0.17080844833536712
2021-03-02,23.060529708862305,358.0295104980469,0.06440957807300106,-0.049097118575443
2021-03-03,22.681520462036133,353.2870788574219,0.06420138697229243,-0.08774636619367103
2021-03-04,22.706785202026367,348.915283203125,0.06507821896929449,0.15120241822740707
2021-03-05,22.858388900756836,355.33416748046875,0.06432927366044322,-0.029543563829937048
2021-03-08,22.7320556640625,353.5649719238281,0.06429385677085649,-0.02532995496683855
2021-03-09,23.018415451049805,358.613037109375,0.064187335844205,-0.04181340115068362
2021-03-10,23.11948585510254,360.84527587890625,0.06407035757580781,-0.06463139554477851
2021-03-11,23.363733291625977,364.5038757324219,0.06409735217404663,-0.04671850146662203
2021-03-12,23.549028396606445,364.9947814941406,0.06451880846133272,0.08063972673787233
2021-03-15,23.447959899902344,367.1714782714844,0.06386106026069123,-0.10265230153750739
2021-03-16,23.414270401000977,366.7084045410156,0.06384983303098017,-0.101338017079819
2021-03-17,23.464807510375977,367.9588317871094,0.06377019786809209,-0.11823628091121258
2021-03-18,23.279510498046875,362.60516357421875,0.06420071426611657,0.012120175698403957
2021-03-19,23.212133407592773,361.9342041015625,0.06413357219225185,-0.001017983481769383
2021-03-22,22.8415470123291,364.8241882324219,0.06260973846881344,-0.4436442190067487
2021-03-23,22.7657470703125,361.9527587890625,0.06289701215837351,-0.3510989746206884
2021-03-24,22.774168014526367,360.11279296875,0.06324176330081857,-0.2386327702988252
2021-03-25,22.8331241607666,362.1387023925781,0.06305077035376973,-0.2893160743675127
2021-03-26,23.06894874572754,367.9744873046875,0.0626917070112694,-0.39540349565210203
2021-03-29,23.06894874572754,367.78857421875,0.06272339698080669,-0.3785078162193084
2021-03-30,23.127906799316406,366.8128662109375,0.06305096938997934,-0.26599084655246613
2021-03-31,23.06894874572754,368.2997741699219,0.06263633692885257,-0.3942227419813009
2021-04-01,23.271089553833008,372.2770080566406,0.06251014446288983,-0.4292090940573562
2021-04-05,23.65852165222168,377.62042236328125,0.06265159469966783,-0.3756450540590331
2021-04-06,23.456382751464844,377.3973388671875,0.062153015762836474,-0.536680389142645
2021-04-07,23.498493194580078,377.8341064453125,0.06219262050124434,-0.5171423116973505
2021-04-08,23.607986450195312,379.62762451171875,0.06218721959594001,-0.5128297821881384
2021-04-09,23.48164939880371,382.3876037597656,0.061407977580664505,-0.7733693570615567
2021-04-12,23.38058090209961,382.5269775390625,0.061121390842851224,-0.8650694539835615
2021-04-13,23.431114196777344,383.6606750488281,0.061072493796230976,-0.8751812360795278
2021-04-14,23.540607452392578,382.3504943847656,0.06156813656085737,-0.6975519320128137
2021-04-15,23.557451248168945,386.4577941894531,0.06095737128960681,-0.9020394499222244
2021-04-16,23.692209243774414,387.74951171875,0.06110184159550743,-0.8463358343379478
2021-04-19,23.97856903076172,385.8444519042969,0.06214568827520489,-0.4820935005125162
2021-04-20,23.40584945678711,383.01947021484375,0.06110877194743722,-0.8360041522141277
2021-04-21,23.61640739440918,386.6435852050781,0.06108056178374948,-0.8398153443045058
2021-04-22,23.692209243774414,383.1123352050781,0.06184141586329266,-0.5739289829767636
2021-04-23,23.818546295166016,387.2662048339844,0.06150432441007005,-0.6871063495119871
2021-04-26,24.00383758544922,388.07476806640625,0.061853641516167186,-0.5649710355764113
2021-04-27,24.281776428222656,387.9910888671875,0.0625833353521542,-0.31347842449989033
2021-04-28,24.46706771850586,387.87957763671875,0.06307903052689535,-0.14234453195833938
2021-04-29,24.610254287719727,390.3514709472656,0.06304639823182437,-0.15158362922055552
2021-04-30,24.357582092285156,387.78662109375,0.06281181651802409,-0.23060917355771351
2021-05-03,24.593408584594727,388.6229248046875,0.06328347355461539,-0.06647880868151679
2021-05-04,24.42496109008789,386.2254638671875,0.06324016248314217,-0.08056762461123727
2021-05-05,24.711318969726562,386.3462219238281,0.06396159084117727,0.16623607823078976
2021-05-06,24.930301666259766,389.4314270019531,0.06401717975918449,0.18313328679874272
2021-05-07,25.351421356201172,392.2657470703125,0.06462818011906862,0.3903758621651149
2021-05-10,25.25877571105957,388.3813781738281,0.06503601132944763,0.5267655336440337
2021-05-11,25.022945404052734,384.9151306152344,0.0650089939672077,0.5125982262926138
2021-05-12,24.846080780029297,376.737548828125,0.06595063554804982,0.8316776235981563
2021-05-13,24.989259719848633,381.26318359375,0.06554333278210155,0.6871592568083146
2021-05-14,25.620939254760742,387.11761474609375,0.06618386319507893,0.9009716101743617
2021-05-17,25.570402145385742,386.13250732421875,0.06622183229943751,0.906848342491074
2021-05-18,25.646207809448242,382.8057556152344,0.06699535582538564,1.1637462466048014
2021-05-19,25.359848022460938,381.8020935058594,0.06642144832050731,0.9593604873177627
2021-05-20,25.612516403198242,385.9095153808594,0.06636922745457804,0.9339861211147024
2021-05-21,25.78096580505371,385.593505859375,0.06686047719500744,1.093769099116217
2021-05-24,25.831501007080078,389.5243835449219,0.06631549165676573,0.8999543945657349
2021-05-25,25.915721893310547,388.66009521484375,0.06667965714099061,1.0182252568829346
2021-05-26,25.789386749267578,389.4314270019531,0.06622317810303029,0.8585053443958701
2021-05-27,25.797809600830078,389.6358337402344,0.06621005402195419,0.8505382348848171
2021-05-28,25.89045524597168,390.3329162597656,0.06632916202419793,0.8865681566423004
2021-06-01,25.88203239440918,389.9889831542969,0.06636606035655399,0.8962952909100658
2021-06-02,25.797809600830078,390.602294921875,0.06604623151533183,0.7876169957162376
2021-06-03,25.587247848510742,389.1527099609375,0.0657511747793794,0.691951527610064
2021-06-04,25.50302505493164,392.7117919921875,0.06494081811385738,0.42051947626604297
2021-06-07,25.730432510375977,392.330810546875,0.06558351222660794,0.6449737899503379
2021-06-08,25.646207809448242,392.4144287109375,0.06535490525589184,0.5729254640915263
2021-06-09,25.71358871459961,391.82891845703125,0.06562453025635834,0.66985311867231
2021-06-10,25.618764877319336,393.6503601074219,0.06507999858130022,0.4852599707647877
2021-06-11,25.721275329589844,394.30084228515625,0.06523261573706798,0.5401758957818368
2021-06-14,25.934833526611328,395.1836242675781,0.0656272981317943,0.6790694305997663
2021-06-15,25.875038146972656,394.4588928222656,0.06559628548831163,0.6707594459119338
2021-06-16,25.567508697509766,392.2564392089844,0.06518059652269478,0.5278702618577528
2021-06-17,25.251436233520508,392.1263427734375,0.0643961740874682,0.2581384560898077
2021-06-18,24.7303524017334,386.8363342285156,0.06392975585153915,0.09786337306177538
2021-06-21,25.012250900268555,392.37432861328125,0.06374589027948432,0.03614104110875324
2021-06-22,24.96953773498535,394.4720764160156,0.0632986191617075,-0.11616321444247514
2021-06-23,24.670549392700195,393.9966735839844,0.06261613624370212,-0.3498368597312387
2021-06-24,24.995168685913086,396.327392578125,0.06306697229106105,-0.18879082100542743
2021-06-25,25.072052001953125,397.73516845703125,0.06303705075720943,-0.1949547974166905
2021-06-28,24.619300842285156,398.5369873046875,0.061774193177867656,-0.6317034165528387
2021-06-29,24.559499740600586,398.75140380859375,0.06159100508744413,-0.689836293878568
2021-06-30,24.277599334716797,399.0870361328125,0.06083284380762856,-0.9486486688535478
2021-07-01,24.508249282836914,401.29656982421875,0.061072660784447626,-0.8580902700486943
2021-07-02,24.405738830566406,404.36395263671875,0.060355871663200805,-1.100570807975599
2021-07-06,24.217805862426758,403.6273498535156,0.06000040847384569,-1.2153595656884173
2021-07-07,24.158008575439453,405.0539245605469,0.05964146280436384,-1.3297140962305845
2021-07-08,23.756511688232422,401.7534484863281,0.05913206663872823,-1.4941857328394323
2021-07-09,24.14092254638672,406.0421142578125,0.05945423319084255,-1.3697186303908446
2021-07-12,24.243432998657227,407.49652099609375,0.059493595035844796,-1.344332269612585
2021-07-13,23.747970581054688,406.1073913574219,0.05847707056420873,-1.6801911396269227
2021-07-14,23.688173294067383,406.7133483886719,0.05824292069074162,-1.7429773474850083
2021-07-15,23.286680221557617,405.32415771484375,0.05745199188926808,-1.9918934847956227
2021-07-16,23.13291358947754,402.14501953125,0.057523809735209014,-1.945354556775863
2021-07-19,22.645998001098633,396.20611572265625,0.05715711369016525,-2.0457378250771305
2021-07-20,22.84247398376465,401.8840026855469,0.05683847535886539,-2.126605977856324
2021-07-21,23.44044303894043,405.13775634765625,0.057857957377899255,-1.7651165045283093
2021-07-22,23.448986053466797,405.9861755371094,0.05775808997053751,-1.779602611519458
2021-07-23,23.67963218688965,410.1629333496094,0.05773225774818104,-1.7695355756790592
2021-07-26,23.9017333984375,411.1697692871094,0.05813105725131151,-1.6215863673962927
2021-07-27,23.824851989746094,409.2958679199219,0.05820936358538413,-1.5804847521012557
2021-07-28,23.824851989746094,409.1280517578125,0.05823323990467771,-1.5582063261410715
2021-07-29,23.98716163635254,410.8248596191406,0.058387804619686554,-1.493557682679363
2021-07-30,23.730884552001953,408.8296813964844,0.05804589449313408,-1.590257661576614
2021-08-02,23.8931884765625,407.971923828125,0.05856576661542153,-1.4094357157507587
2021-08-03,24.089664459228516,411.2910461425781,0.05857084584058169,-1.396683122206572
2021-08-04,23.92736053466797,409.2679443359375,0.05846380315343677,-1.419576221807763
2021-08-05,23.99570083618164,411.8597717285156,0.058261822307809207,-1.4725598142370318
2021-08-06,24.08112907409668,412.5403137207031,0.058372789938779215,-1.4258026571428315
2021-08-09,23.978614807128906,412.2047119140625,0.05817161743684296,-1.47946769684295
2021-08-10,24.046953201293945,412.7174377441406,0.058264931408596246,-1.438822668716247
2021-08-11,24.320314407348633,413.7430725097656,0.058781200274415704,-1.2646348454627245
2021-08-12,24.294689178466797,414.98291015625,0.058543830562370204,-1.3288104233298843
2021-08-13,24.405738830566406,415.7381896972656,0.05870458725078469,-1.2679829124193707
2021-08-16,24.217805862426758,416.71710205078125,0.05811569945952343,-1.4416139718005132
2021-08-17,23.85047721862793,413.9854431152344,0.057611874077391316,-1.5855925899498802
2021-08-18,24.046953201293945,409.4543151855469,0.05872927042030785,-1.2287263241163926
2021-08-19,23.98716163635254,410.0883483886719,0.05849266805702581,-1.2934845071399517
2021-08-20,24.123836517333984,413.3514404296875,0.05836156393275599,-1.3256891907648316
2021-08-23,24.260515213012695,416.987548828125,0.05818043076152486,-1.3737274300363527
2021-08-24,24.20926284790039,417.6494445800781,0.05796550950101556,-1.4302621498040151
2021-08-25,24.269060134887695,418.52581787109375,0.05798700844391536,-1.4142771732746522
2021-08-26,23.978614807128906,416.0551452636719,0.05763326107151646,-1.5129485872591935
2021-08-27,24.20926284790039,419.775146484375,0.05767197760671025,-1.4936392964692495
2021-08-30,24.029870986938477,421.6211242675781,0.05699399200806678,-1.6866936126021417
2021-08-31,24.012786865234375,420.99639892578125,0.0570379863735311,-1.663432865137547
2021-09-01,24.422826766967773,421.2201843261719,0.057981140685451946,-1.3766418499717241
2021-09-02,24.439912796020508,422.5160217285156,0.057843753938694856,-1.4165096978866758
2021-09-03,24.175090789794922,422.4135437011719,0.057230860966184155,-1.5916962316206547
2021-09-07,24.08112907409668,420.9031677246094,0.05721299082703175,-1.5855095901017908
2021-09-08,23.93590545654297,420.39056396484375,0.0569373042791338,-1.6539927669144634
2021-09-09,23.790681838989258,418.5910339355469,0.056835144353933914,-1.6705836213834713
2021-09-10,23.474613189697266,415.2906494140625,0.05652574461480849,-1.7457754485060801
2021-09-13,23.918819427490234,416.35357666015625,0.057448334224383744,-1.4645613540551479
2021-09-14,23.69671630859375,414.1066589355469,0.05722370263135999,-1.519554131829748
2021-09-15,23.491695404052734,417.5654602050781,0.056258713047088,-1.783344121617404
2021-09-16,23.5173282623291,416.90362548828125,0.05640950767646934,-1.7242654248335871
2021-09-17,23.363561630249023,412.8424987792969,0.05659194898618963,-1.6563376300442587
2021-09-20,22.85101318359375,405.95867919921875,0.05628901253858874,-1.7266890264137158
2021-09-21,23.11583137512207,405.5752258300781,0.056995175994321697,-1.516112981207807
2021-09-22,23.235424041748047,409.53143310546875,0.05673660716481342,-1.5820540911879952
2021-09-23,23.61983299255371,414.50732421875,0.056982908654440806,-1.5051733208693323
2021-09-24,23.594207763671875,415.19012451171875,0.05682747823402511,-1.5398993181063754
2021-09-27,23.9017333984375,414.0022888183594,0.05773333637033157,-1.2836276040106405
2021-09-28,23.32084846496582,405.65936279296875,0.057488746973326454,-1.3478140985397116
2021-09-29,23.31230926513672,406.3421936035156,0.057371126188986106,-1.3759417313008795
2021-09-30,23.03894805908203,401.3757629394531,0.05739994834356109,-1.365213438283581
2021-10-01,23.218339920043945,406.14569091796875,0.05716751510416362,-1.4262809336023219
2021-10-04,23.226882934570312,400.9079895019531,0.057935694829691485,-1.2098060707780374
2021-10-05,23.491695404052734,405.07952880859375,0.05799279828616794,-1.1908066640977726
2021-10-06,23.32084846496582,406.7629699707031,0.057332771630233426,-1.366782660526802
2021-10-07,23.654001235961914,410.2797546386719,0.05765334742581605,-1.2734270427348224
2021-10-08,23.756511688232422,409.53143310546875,0.05800900680098537,-1.1713042388151131
2021-10-11,23.448986053466797,406.566650390625,0.05767562595440933,-1.2592922486420892
2021-10-12,23.654001235961914,405.56585693359375,0.05832345310033077,-1.0817027070436243
2021-10-13,23.688173294067383,407.0248718261719,0.05819834347662148,-1.1181261351127227
2021-10-14,23.782140731811523,413.87139892578125,0.057462634029650184,-1.3186152408757446
2021-10-15,23.8931884765625,417.0233154296875,0.05729461061893799,-1.3641362291259689
2021-10-18,23.739429473876953,418.25787353515625,0.0567578782754978,-1.5084155563702382
2021-10-19,23.961530685424805,421.4847412109375,0.056850292175661336,-1.4780545751724965
2021-10-20,24.14092254638672,423.14013671875,0.05705183803547464,-1.4160704492958207
2021-10-21,23.9102783203125,424.2438049316406,0.05635975833321884,-1.5968464714215356
2021-10-22,23.85047721862793,423.80426025390625,0.0562771058609435,-1.612177463673506
2021-10-25,23.782140731811523,426.0770568847656,0.055816525080446905,-1.72575501643797
2021-10-26,23.944446563720703,426.4605407714844,0.05614692163641736,-1.6266603823823236
2021-10-27,23.81631088256836,424.5711669921875,0.05609497943840968,-1.6339221759079245
2021-10-28,24.260515213012695,428.6678161621094,0.05659514033551353,-1.4955995074472006
2021-10-29,24.149463653564453,429.53759765625,0.0562220019512489,-1.5926646959105197
2021-11-01,24.576589584350586,430.2765197753906,0.0571181285866583,-1.3513971081344633
2021-11-02,24.30323028564453,432.01617431640625,0.05625537128118027,-1.5750923871509734
2021-11-03,24.25197410583496,434.6537780761719,0.05579607340163248,-1.686374247869537
2021-11-04,23.978614807128906,436.7020263671875,0.05490841205066272,-1.910681208740511
2021-11-05,24.192174911499023,438.21728515625,0.05520588924937797,-1.8204104427505268
2021-11-08,24.123836517333984,438.5914306640625,0.05500298188865334,-1.8609187306351012
2021-11-09,24.046953201293945,437.1416931152344,0.05500951654811603,-1.839583117904768
2021-11-10,23.978614807128906,433.6249084472656,0.05529805677674767,-1.7458408380970634
2021-11-11,23.859025955200195,433.7651672363281,0.055004476517131425,-1.8015734799611924
2021-11-12,23.790681838989258,437.038818359375,0.05443608402635367,-1.9243957900079607
2021-11-15,23.67108917236328,437.1883544921875,0.054143915154963904,-1.9746938757588537
2021-11-16,23.44044303894043,438.918701171875,0.05340497676758013,-2.1333196789796673
2021-11-17,23.380647659301758,437.85247802734375,0.05339845914459263,-2.1073853162715115
2021-11-18,23.192710876464844,439.3396301269531,0.05278993581745174,-2.2282702917784634
2021-11-19,22.628910064697266,438.553955078125,0.051598919135653676,-2.483766653322877
2021-11-22,22.654537200927734,437.3193664550781,0.05180318764422895,-2.3980948834672398
2021-11-23,22.782676696777344,437.89923095703125,0.05202721330883746,-2.3110106522419005
2021-11-24,22.603282928466797,439.068359375,0.051480099728984936,-2.407958376373995
2021-11-26,21.8002986907959,429.27581787109375,0.05078389646756729,-2.534755912379592
2021-11-29,21.911346435546875,434.54150390625,0.05042405901065351,-2.5789566082239475
2021-11-30,21.68069839477539,426.08642578125,0.05088333512390775,-2.4340911191481625
2021-12-01,21.561105728149414,421.3537292480469,0.051171033342051184,-2.335137625557589
2021-12-02,21.68069839477539,427.807373046875,0.05067864595311645,-2.4152952525427063
2021-12-03,21.475683212280273,424.08489990234375,0.05064005631236951,-2.3912291155455163
2021-12-06,21.962600708007812,429.107421875,0.051182057425251365,-2.2415762666990426
2021-12-07,22.099281311035156,437.9834289550781,0.050456889119660675,-2.3736627901297678
2021-12-08,22.141992568969727,439.1432189941406,0.050420891434202385,-2.3502087558433393
2021-12-09,21.706329345703125,436.1783447265625,0.04976480287968145,-2.46216227328006
2021-12-10,21.757579803466797,440.28424072265625,0.04941712146624918,-2.502975921491855
2021-12-13,21.58811378479004,436.3840026855469,0.04947045183126517,-2.455649960819337
2021-12-14,21.701091766357422,433.38177490234375,0.05007384487095113,-2.2957434969855424
2021-12-15,21.735855102539062,440.15338134765625,0.0493824562610163,-2.4119167257743803
2021-12-16,21.81407356262207,436.27178955078125,0.050001109595198684,-2.2500927180542933
2021-12-17,21.52727508544922,431.6286926269531,0.04987452283218519,-2.248502088086957
2021-12-20,21.67502212524414,427.0389099121094,0.050756550801670894,-2.037636942748075
2021-12-21,21.96181869506836,434.62274169921875,0.05053076286161543,-2.0598460259193705
2021-12-22,22.22254753112793,438.9684143066406,0.05062447959092658,-2.0159894054403478
2021-12-23,22.47458267211914,441.69964599609375,0.05088204818782648,-1.9416685373345115
2021-12-27,22.709232330322266,447.95068359375,0.05069583139852388,-1.959483240502249
2021-12-28,22.80483055114746,447.5846252441406,0.050950880045775214,-1.8872891025201526
2021-12-29,22.917814254760742,448.1571960449219,0.051137891920547296,-1.8310404930995026
2021-12-30,22.830907821655273,446.9183044433594,0.05108519296405048,-1.8243457500197917
2021-12-31,22.830907821655273,445.79193115234375,0.05121426886897399,-1.7796756504889348
2022-01-03,23.074249267578125,448.3731384277344,0.05146215794391766,-1.7137073694401515
2022-01-04,23.08293914794922,448.22283935546875,0.05149880175928073,-1.691545734340429
2022-01-05,22.822214126586914,439.6160583496094,0.05191396832105097,-1.596192862951744
2022-01-06,23.109012603759766,439.2030334472656,0.052615785511268394,-1.4426367044580217
2022-01-07,23.291519165039062,437.46673583984375,0.05324180619201655,-1.3055570546041961
2022-01-10,23.24806785583496,436.92230224609375,0.053208700348604844,-1.3034809636185107
2022-01-11,23.508792877197266,440.9018859863281,0.053319782982117356,-1.27189881515477
2022-01-12,23.54355812072754,442.0939025878906,0.05325465468514792,-1.2767649386565316
2022-01-13,23.421884536743164,436.0024719238281,0.0537196140962134,-1.1729689510569365
2022-01-14,23.647846221923828,436.1807861328125,0.054215699026053166,-1.0621048342149286
2022-01-18,23.308902740478516,428.4562072753906,0.05440206570632479,-1.0157480033166155
2022-01-19,23.16115951538086,424.0072021484375,0.05462444835376297,-0.9617636892988927
2022-01-20,23.048179626464844,419.31439208984375,0.05496634520840978,-0.8831680019438116
2022-01-21,22.839597702026367,411.0828857421875,0.05555959271033804,-0.7526036246795511
2022-01-24,22.80483055114746,412.8287353515625,0.05524041472483015,-0.8128954807506003
2022-01-25,22.648399353027344,407.7884216308594,0.05553958413642568,-0.7438934001287317
2022-01-26,22.62232780456543,406.7655029296875,0.055615158221703646,-0.721924290426021
2022-01-27,22.709232330322266,404.75677490234375,0.05610587330082703,-0.6131285620906731
2022-01-28,22.80483055114746,414.80914306640625,0.05497668248719548,-0.8437362765441002
2022-01-31,22.92650604248047,422.2803039550781,0.05429215103747622,-0.980032567561404
2022-02-01,23.274141311645508,425.13360595703125,0.0547454752706561,-0.8777081307671317
2022-02-02,23.343666076660156,429.2633056640625,0.05438076296912435,-0.9468653026998943
2022-02-03,23.36104965209961,419.1736145019531,0.05573120264226641,-0.6570604578165091
2022-02-04,23.395809173583984,421.1446533203125,0.05555290560887091,-0.6885434426864153
2022-02-07,23.091632843017578,419.7930603027344,0.05500718098189859,-0.7970180045536842
2022-02-08,23.421884536743164,423.2470397949219,0.05533856668694456,-0.721087403841606
2022-02-09,23.795589447021484,429.4418029785156,0.055410510299603845,-0.7001043082654587
2022-02-10,23.717374801635742,421.7265930175781,0.056238746131542075,-0.5202765660740356
2022-02-11,22.996028900146484,413.41058349609375,0.05562515769595379,-0.6444711824259124
2022-02-14,22.726613998413086,412.0589904785156,0.05515378750023422,-0.7379847677330442
2022-02-15,23.274141311645508,418.7043151855469,0.05558610328945781,-0.6409671407066531
2022-02-16,23.395809173583984,419.1736145019531,0.05581412656753702,-0.5874183346325564
2022-02-17,22.96126937866211,410.219482421875,0.05597313234150211,-0.5483759175440848
2022-02-18,22.813522338867188,407.563232421875,0.05597541810457661,-0.5424986355286777
2022-02-22,22.500652313232422,403.1893615722656,0.05580666172710889,-0.572509772851546
2022-02-23,22.22254753112793,396.0373840332031,0.05611224704298327,-0.5019811193587032
2022-02-24,21.970508575439453,401.9974060058594,0.05465335906948419,-0.8066114930508319
2022-02-25,22.71792221069336,410.86712646484375,0.055292625638272475,-0.6637014325919244
2022-02-28,22.23123550415039,409.8158264160156,0.054246893534030664,-0.8808719888358968
2022-03-01,21.34476661682129,403.57427978515625,0.052889313531536815,-1.163398958745825
2022-03-02,21.80538558959961,410.9985046386719,0.053054659186095456,-1.1191572453181369
2022-03-03,20.96236801147461,408.95233154296875,0.0512587076649839,-1.4933543138293282
2022-03-04,20.18888282775879,405.6297912597656,0.04977169641573445,-1.7952667170773646
2022-03-07,19.519683837890625,393.6721496582031,0.049583603653035005,-1.8173175622697475
2022-03-08,20.5278263092041,390.6874084472656,0.05254284081176094,-1.1758064940428414
2022-03-09,21.457748413085938,401.1619873046875,0.053488987222482055,-0.965923111853846
2022-03-10,21.16225814819336,399.3505859375,0.05299167922469341,-1.0642084605819928
2022-03-11,20.918914794921875,394.2727966308594,0.053056956943715684,-1.0423344547300628
2022-03-14,21.26654815673828,391.3913879394531,0.05433575906894544,-0.7611638616795778
2022-03-15,21.50989532470703,399.9982604980469,0.053774972165940356,-0.8748240937906155
2022-03-16,22.022653579711914,408.86785888671875,0.05386252086352801,-0.8490348080877127
2022-03-17,22.170400619506836,413.983154296875,0.05355387143025639,-0.9085730665792723
2022-03-18,22.144325256347656,418.51739501953125,0.05291136167784431,-1.03976359269189
2022-03-21,21.927053451538086,418.3950500488281,0.05240753553126196,-1.139855762554472
2022-03-22,22.23123550415039,423.2909240722656,0.052519990956279045,-1.10668713126227
2022-03-23,21.64894676208496,417.83953857421875,0.05181162806171242,-1.2502318392323004
2022-03-24,21.735855102539062,424.13824462890625,0.05124710015612136,-1.361230380251821
2022-03-25,21.79669189453125,426.2095031738281,0.05114079280780734,-1.3725710085018192
2022-03-28,21.953126907348633,429.24114990234375,0.051144040855223616,-1.3603749319549037
2022-03-29,22.709232330322266,434.55126953125,0.05225904035401551,-1.110746097887744
2022-03-30,22.604942321777344,431.86798095703125,0.052342251147408925,-1.084162334991396
2022-03-31,22.12694549560547,425.220947265625,0.052036348721511395,-1.1411742500136222
2022-04-01,22.431123733520508,426.42608642578125,0.05260260675310399,-1.0107686710876371
2022-04-04,22.3529052734375,430.0791015625,0.05197393965953756,-1.1376062205440942
2022-04-05,22.361600875854492,424.6466064453125,0.05265931844608841,-0.9815896951651437
2022-04-06,22.187780380249023,420.40045166015625,0.05277772726606204,-0.9484050244176384
2022-04-07,22.248619079589844,422.518798828125,0.05265711050324245,-0.9668210266614123
2022-04-08,22.37898063659668,421.3890075683594,0.05310765168207734,-0.8624533209918371
2022-04-11,22.248619079589844,414.1865234375,0.05371642441414953,-0.7247165020710402
2022-04-12,22.092182159423828,412.65191650390625,0.05353708846573284,-0.7572142127906347
2022-04-13,22.396364212036133,417.3782958984375,0.05365962828475858,-0.7246794228226136
2022-04-14,22.431123733520508,412.1811218261719,0.05442055093192825,-0.5545479473287636
2022-04-18,22.37898063659668,412.35052490234375,0.05427174038858482,-0.5811246622123245
2022-04-19,22.55280113220215,419.00701904296875,0.05382439937095512,-0.672564287121982
2022-04-20,22.68315887451172,418.69635009765625,0.05417567855373261,-0.5907567578307775
2022-04-21,22.457199096679688,412.435302734375,0.05445023485572725,-0.5255302573242024
2022-04-22,22.12694549560547,401.1184387207031,0.05516312230915008,-0.36521443396006587
2022-04-25,22.213851928710938,403.4439697265625,0.05506056254544233,-0.382542389196563
2022-04-26,21.292621612548828,391.7598876953125,0.05435120409547636,-0.5321105031396551
2022-04-27,21.249168395996094,392.8614501953125,0.054088199250478745,-0.583860110639441
2022-04-28,21.562040328979492,402.784912109375,0.053532393296609845,-0.6999717587886694
2022-04-29,21.353456497192383,387.8997802734375,0.05504890072930681,-0.3594413357465524
2022-05-02,21.26654815673828,390.2346496582031,0.05449682178495714,-0.475898457436638
2022-05-03,21.622873306274414,392.0235595703125,0.05515707609505592,-0.3232032855985342
2022-05-04,21.996583938598633,403.9618225097656,0.05445213560513351,-0.4746124088375444
2022-05-05,21.240478515625,389.6038818359375,0.054518138822265076,-0.45369159189526587
2022-05-06,21.12749481201172,387.2783508300781,0.05455377189746813,-0.4394051238183859
2022-05-09,20.606042861938477,374.8786926269531,0.05496722877884081,-0.3389124894580907
2022-05-10,20.72771453857422,375.74493408203125,0.05516432201331827,-0.28704307456026956
2022-05-11,20.753787994384766,369.7757568359375,0.056125334370129704,-0.05705906437838229
2022-05-12,20.458301544189453,369.3898010253906,0.05538404549177907,-0.22226068423806622
2022-05-13,20.94498634338379,378.2210998535156,0.05537762528715544,-0.21600239751479364
2022-05-16,21.066659927368164,376.6865234375,0.0559262373793512,-0.0768831631517562
2022-05-17,21.58811378479004,384.43499755859375,0.05615543309503106,-0.011667611373276003
2022-05-18,21.249168395996094,368.93780517578125,0.05759552991830664,0.35169581288450746
2022-05-19,21.483821868896484,366.6781921386719,0.05859039978241096,0.6117926377590752
2022-05-20,21.692399978637695,366.83831787109375,0.05913340815792412,0.765013004233981
2022-05-23,22.22254753112793,373.70184326171875,0.05946598319442745,0.8662740529906231
2022-05-24,22.518033981323242,370.8490905761719,0.06072020817507727,1.2075768643064224
2022-05-25,22.68315887451172,374.1255187988281,0.06062980934136367,1.2032602042848306
2022-05-26,22.943883895874023,381.6009826660156,0.06012532707745919,1.0905322679510845
2022-05-27,23.056867599487305,390.9690246582031,0.0589736427831957,0.8041950335256967
2022-05-31,22.813522338867188,388.7752990722656,0.0586804830278752,0.7444957267619485
2022-06-01,22.431123733520508,385.6307067871094,0.058167369295889074,0.6221435878529237
2022-06-02,22.752687454223633,392.9744873046875,0.057898637670548425,0.5644773849372873
2022-06-03,22.535417556762695,386.52508544921875,0.058302600284201665,0.6936112218916308
2022-06-06,22.700546264648438,387.7019958496094,0.058551533156032655,0.7833584774771923
2022-06-07,22.865665435791016,391.4208679199219,0.058417083272292336,0.7632502305733355
2022-06-08,22.587560653686523,387.16534423828125,0.05834086389660173,0.7611950456418757
2022-06-09,21.9456787109375,377.95745849609375,0.05806388580942454,0.6972838778896374
2022-06-10,21.116878509521484,366.9984130859375,0.05753942730149269,0.5573338801431436
2022-06-13,20.446779251098633,353.0640563964844,0.05791237844992434,0.6930662820639066
2022-06-14,20.111730575561523,352.0001525878906,0.05713557345842298,0.47035437380626005
2022-06-15,20.561397552490234,357.0184631347656,0.05759197261663416,0.6360799440008182
2022-06-16,20.473230361938477,345.20245361328125,0.05930789352057721,1.2134083523948092
2022-06-17,20.499679565429688,345.94671630859375,0.05925675428912996,1.2174099113239987
2022-06-21,20.676023483276367,354.6554260253906,0.05829890639202041,0.9189798456887843
2022-06-22,20.526132583618164,354.0124816894531,0.057981381011373775,0.8295355366579028
2022-06-23,20.57903480529785,357.482666015625,0.057566524930186054,0.7027312319989379
2022-06-24,21.03752326965332,368.8484191894531,0.05703568776540623,0.5353940711514208
2022-06-27,20.905263900756836,367.43951416015625,0.05689443594148896,0.5013944863341732
2022-06-28,20.825912475585938,359.9316711425781,0.05786073898269503,0.855323657100739
2022-06-29,20.596670150756836,359.6385498046875,0.057270473818622825,0.6569664721560633
2022-06-30,20.561397552490234,356.7167663574219,0.057640681604206385,0.7995139807797372
2022-07-01,20.843544006347656,360.48956298828125,0.05782010395409211,0.8750242425473679
2022-07-05,20.1029109954834,361.1704406738281,0.05566045482010604,0.09633845756099989
2022-07-06,19.723779678344727,362.3901062011719,0.05442692651050346,-0.34938188879368076
2022-07-07,19.97065544128418,367.8177795410156,0.054294970368764454,-0.39199632092958664
2022-07-08,19.917753219604492,367.5151672363281,0.054195731211268666,-0.42298036461680705
2022-07-11,19.662057876586914,363.31683349609375,0.05411821326136906,-0.44582289905140077
2022-07-12,19.274110794067383,360.1019592285156,0.05352403756802752,-0.6612709168297435
2022-07-13,19.309375762939453,358.21075439453125,0.05390506992336757,-0.5129682243066198
2022-07-14,18.912607192993164,357.3408203125,0.052925963444237355,-0.8734379435291709
2022-07-15,19.256473541259766,364.1679382324219,0.05287800357913376,-0.8844649686878188
2022-07-18,19.23883819580078,361.1609802246094,0.05326942623711999,-0.7313757067014988
2022-07-19,19.997108459472656,370.919189453125,0.05391230496582274,-0.4852093214083983
2022-07-20,19.494535446166992,373.2831726074219,0.052224522498551515,-1.1111174756609383
2022-07-21,19.62679100036621,377.0843811035156,0.052048803885564134,-1.1675952894256263
2022-07-22,19.62679100036621,373.58575439453125,0.05253624039325392,-0.9769522716442252
2022-07-25,19.882484436035156,374.0396423339844,0.053156088782380595,-0.7382026456680707
2022-07-26,19.61797523498535,369.6142883300781,0.05307688542999678,-0.7614723473790705
2022-07-27,20.111730575561523,379.2119445800781,0.05303559358561959,-0.770469575457768
2022-07-28,19.92656898498535,383.9681091308594,0.051896416684423706,-1.1899383096885712
2022-07-29,20.226348876953125,389.5658874511719,0.051920225893722,-1.1717812817861164
2022-08-01,19.97065544128418,388.4122314453125,0.05141613426274399,-1.3503092891502935
2022-08-02,19.811948776245117,385.8498229980469,0.05134626892480239,-1.3656281275272362
2022-08-03,19.997108459472656,391.89202880859375,0.05102708651734164,-1.4734385322103762
2022-08-04,20.138179779052734,391.627197265625,0.05142181115014292,-1.3145798595234368
2022-08-05,20.199899673461914,390.9653625488281,0.051666724493884354,-1.2129205561928715
2022-08-08,20.314523696899414,390.5114440917969,0.052020303128745476,-1.0716847988218627
2022-08-09,20.543766021728516,388.96075439453125,0.052817066476816145,-0.765177034462219
2022-08-10,20.834728240966797,397.1304931640625,0.052463179231013006,-0.8915465298272848
2022-08-11,20.8699951171875,397.1304931640625,0.05255198348258211,-0.8512346215113047
2022-08-12,21.019887924194336,403.85345458984375,0.05204830535755172,-1.0343498602073267
2022-08-15,20.8699951171875,405.5177307128906,0.05146506191109952,-1.2466358347603963
2022-08-16,21.002256393432617,406.3119201660156,0.05168998336266205,-1.1521397547525056
2022-08-17,20.85236167907715,403.4280090332031,0.051687937406847094,-1.143753864008978
2022-08-18,20.658390045166016,404.6005554199219,0.05105872883373909,-1.3728666226666768
2022-08-19,20.32333755493164,399.16351318359375,0.05091481782199867,-1.4165604729135592
2022-08-22,19.97065544128418,390.85186767578125,0.05109520279393983,-1.3374794148162423
2022-08-23,19.935388565063477,389.9062805175781,0.0511286674802991,-1.3144040718977004
2022-08-24,19.864849090576172,391.1544494628906,0.0507851799151291,-1.4333598103352232
2022-08-25,19.979473114013672,396.6766357421875,0.05036715378164837,-1.5785897631526795
2022-08-26,19.45044708251953,383.2494201660156,0.05075140641855115,-1.4203189910438012
2022-08-29,19.520984649658203,380.71533203125,0.05127449043227887,-1.2119753762430716
2022-08-30,19.423999786376953,376.5358581542969,0.05158605579184277,-1.0849317767296391
2022-08-31,19.19475555419922,373.6708068847656,0.05136808977458758,-1.1582693016242367
2022-09-01,19.106582641601562,374.8433837890625,0.05097217522813076,-1.2982645528222534
2022-09-02,18.86852264404297,370.8908996582031,0.050873512025858214,-1.3250940150253627
2022-09-06,18.859704971313477,369.491455078125,0.05104233051161033,-1.2507613589896123
2022-09-07,19.327009201049805,376.1293640136719,0.051383941404658025,-1.1123639561684662
2022-09-08,19.335824966430664,378.5877685546875,0.051073559614057046,-1.219969414449807
2022-09-09,19.838401794433594,384.46923828125,0.05159945144927628,-1.012743811671455
2022-09-12,20.2528018951416,388.6014099121094,0.05211716009914172,-0.8102191038955685
2022-09-13,19.529802322387695,371.7040710449219,0.05254126560273117,-0.6435983032044331
2022-09-14,19.67087745666504,373.1224060058594,0.052719636076628794,-0.5702259356393071
2022-09-15,19.73259735107422,368.8862609863281,0.05349236184159637,-0.2725485872655292
2022-09-16,19.609155654907227,366.07208251953125,0.05356637829343626,-0.2403935877743043
2022-09-19,19.714962005615234,368.910888671875,0.053440986999845806,-0.28384182202882474
2022-09-20,19.256473541259766,364.67633056640625,0.05280428678042002,-0.5219619718621596
2022-09-21,18.842069625854492,358.3150329589844,0.05258520545525453,-0.5999233374088283
2022-09-22,18.87734031677246,355.3052062988281,0.053129928810825656,-0.3866937375073839
2022-09-23,18.145524978637695,349.3521423339844,0.05194050008512723,-0.8356412873262221
2022-09-26,17.766393661499023,345.8961181640625,0.051363379721631394,-1.0486539413274847
2022-09-27,17.47542381286621,345.01312255859375,0.05065147575625432,-1.3115309146246967
2022-09-28,17.88101577758789,351.8017578125,0.05082696541589751,-1.2345356267073653
2022-09-29,17.625316619873047,344.45294189453125,0.051169011717338675,-1.0947339171084274
2022-09-30,17.47542381286621,339.12646484375,0.05153069908866559,-0.9483177494946866
2022-10-03,18.004451751708984,348.07989501953125,0.05172505510753136,-0.8664978548171671
2022-10-04,18.824438095092773,358.8656921386719,0.05245538514118727,-0.5789596395153136
2022-10-05,18.454124450683594,358.0301513671875,0.051543492580761636,-0.9248791342437459
2022-10-06,17.986818313598633,354.3367919921875,0.05076192684499783,-1.2188084781036854
2022-10-07,17.739940643310547,344.45294189453125,0.05150178293075045,-0.924321996871381
2022-10-10,17.590049743652344,341.82293701171875,0.05145953603180615,-0.9338793581110892
2022-10-11,17.3343505859375,339.658203125,0.05103468847934217,-1.0918830987321912
2022-10-12,17.140382766723633,338.53778076171875,0.05063063486786417,-1.2420584252735953
2022-10-13,17.704669952392578,347.47216796875,0.0509527714288324,-1.1081679499672599
2022-10-14,17.484243392944336,339.55377197265625,0.05149182496595065,-0.8887110942872544
2022-10-17,18.127887725830078,348.2793273925781,0.052049852805063114,-0.6619499783982088
2022-10-18,18.401220321655273,352.3713684082031,0.05222109958814377,-0.5882167515953374
2022-10-19,18.110258102416992,349.87432861328125,0.05176218036400835,-0.7640631132302942
2022-10-20,18.18079376220703,346.9405212402344,0.052403200690466424,-0.5030497724761129
2022-10-21,18.401220321655273,355.3717041015625,0.05178020677863634,-0.7455204396664443
2022-10-24,18.621646881103516,359.7201843261719,0.05176703363472806,-0.7444585591597261
2022-10-25,19.08013153076172,365.4643859863281,0.052207909340516424,-0.5627388468256278
2022-10-26,19.353464126586914,362.7109375,0.05335781782590142,-0.09774216599651088
2022-10-27,19.256473541259766,360.77410888671875,0.05337543096061309,-0.08650945034846373
2022-10-28,19.51216697692871,369.3571472167969,0.052827370808871614,-0.3018168037210353
2022-10-31,19.327009201049805,366.689208984375,0.05270678473080823,-0.34554302777003915
2022-11-01,19.423999786376953,365.08465576171875,0.05320409795325524,-0.1387945409532988
2022-11-02,19.08013153076172,355.9223327636719,0.05360757045675663,0.029317815671643554
2022-11-03,18.79798698425293,352.2574768066406,0.053364337798204986,-0.06583843104914212
2022-11-04,19.51216697692871,357.32763671875,0.05460581542503693,0.44077185087848686
2022-11-07,19.547435760498047,360.7456359863281,0.0541862016072701,0.27156475613498426
2022-11-08,19.68851089477539,362.69195556640625,0.05428438814979608,0.3129573431628902
2022-11-09,19.573888778686523,355.2198486328125,0.05510358966151093,0.6471665528343511
2022-11-10,20.305706024169922,374.7406311035156,0.05418602718465514,0.27467471256738035
2022-11-11,20.57903480529785,378.3675537109375,0.054389005091646084,0.358775599899517
2022-11-14,20.482046127319336,375.1488342285156,0.05459712055200747,0.44353595189612666
2022-11-15,20.623119354248047,378.3485107421875,0.05450826095176824,0.4065464740470706
2022-11-16,20.667203903198242,375.462158203125,0.055044705442771374,0.6226170867844985
2022-11-17,20.53495216369629,374.3132629394531,0.05486033810941375,0.5446467059793346
2022-11-18,20.6407527923584,376.0128479003906,0.05489374341226322,0.5546304404913656
2022-11-21,20.676023483276367,374.6457214355469,0.05518820128000159,0.6691657314086922
2022-11-22,21.143325805664062,379.687255859375,0.05568616138513464,0.8656481932675926
2022-11-23,21.310850143432617,382.07989501953125,0.05577590033190112,0.8954462023091773
2022-11-25,21.566543579101562,381.9944152832031,0.056457745758174374,1.1638003845284988
2022-11-28,21.143325805664062,375.89898681640625,0.05624736045375596,1.0697095982301745
2022-11-29,21.213865280151367,375.2532653808594,0.05653212706522507,1.1765124609334543
2022-11-30,21.61063003540039,387.073974609375,0.055830749295943435,0.8836361117115505
2022-12-01,21.82223892211914,386.7891845703125,0.05641894807984783,1.1145380049456826
2022-12-02,21.707618713378906,386.34295654296875,0.05618743229492422,1.0122267090371277
2022-12-05,21.566543579101562,379.39288330078125,0.05684488172648112,1.2703032399475582
2022-12-06,21.478374481201172,373.9240417480469,0.05744047475736658,1.49962697644523
2022-12-07,21.531274795532227,373.2879333496094,0.05768007179424879,1.5832309610501856
2022-12-08,21.443105697631836,376.21221923828125,0.05699736638285646,1.295645243961735
2022-12-09,21.46074104309082,373.4018249511719,0.05747358370810627,1.4783869647335768
2022-12-12,21.531274795532227,378.7852478027344,0.056842960280083,1.214045095490531
2022-12-13,21.77390480041504,381.6526184082031,0.05705163216547458,1.2910656264165186
2022-12-14,21.8813419342041,379.2125244140625,0.057702054983584466,1.5454055276850815
2022-12-15,21.52322006225586,369.9363098144531,0.058180880035947645,1.729032387339766
2022-12-16,21.263578414916992,365.5688171386719,0.05816573355831671,1.7085820717848932
2022-12-19,21.21881675720215,362.4688720703125,0.058539693728751625,1.8457593649119344
2022-12-20,21.460546493530273,362.9648742675781,0.05912568409501117,2.0618929723506643
2022-12-21,21.72913932800293,368.39208984375,0.05898372936622808,1.9829086923772252
2022-12-22,21.612751007080078,363.13665771484375,0.05951685280986333,2.1729623764928423
2022-12-23,21.648563385009766,365.22552490234375,0.059274508239253794,2.0513337199431017
2022-12-27,21.6217041015625,363.78515625,0.059435366534591805,2.0917043811151133
2022-12-28,21.496360778808594,359.26409912109375,0.05983442495756588,2.2224527881481566
2022-12-29,21.79180908203125,365.7309875488281,0.05958425680055853,2.0975147447357196
2022-12-30,21.648563385009766,364.7676696777344,0.059348909414411316,1.9822195653706685
2023-01-03,21.79180908203125,363.23199462890625,0.05999418940034376,2.2068594856869117
2023-01-04,22.35585594177246,366.0362243652344,0.06107552874183725,2.5853202074828485
2023-01-05,22.29318618774414,361.8585510253906,0.06160745994414787,2.7399405619979986
2023-01-06,22.812461853027344,370.15667724609375,0.06162920529422405,2.698352646246323
2023-01-09,22.848278045654297,369.94683837890625,0.0617609766467383,2.6967926893366836
2023-01-10,23.134775161743164,372.5412292480469,0.062099905582099955,2.767327650904354
2023-01-11,23.17953872680664,377.2530517578125,0.06144294557406882,2.4851902654005724
2023-01-12,23.59138298034668,378.6265563964844,0.062307787401057566,2.7434514242340042
2023-01-13,23.770442962646484,380.0954284667969,0.06253809223260086,2.77004351923138
2023-01-17,23.61823844909668,379.399169921875,0.062251687197839925,2.6215734354677194
2023-01-18,23.6003360748291,373.4091491699219,0.06320235089925351,2.888519894322233
2023-01-19,23.51080322265625,370.6908264160156,0.06342429201706425,2.9017022793491054
2023-01-20,23.85102081298828,377.59637451171875,0.06316538617149266,2.7608250723336605
2023-01-23,23.913692474365234,382.1270446777344,0.06258047632962689,2.52566312857407
2023-01-24,23.922643661499023,381.7169189453125,0.06267116408567248,2.51386694039214
2023-01-25,24.012176513671875,381.86004638671875,0.06288213899537992,2.538512648412593
2023-01-26,24.155424118041992,386.0567626953125,0.0625696178701736,2.4027726595483014
2023-01-27,23.97636604309082,386.9438781738281,0.06196342000872756,2.1843418554829768
2023-01-30,23.895790100097656,382.0889587402344,0.0625398602955794,2.329968357188974
2023-01-31,24.092754364013672,387.7069396972656,0.06214166396615467,2.178216075352909
2023-02-01,24.49564552307129,391.82733154296875,0.06251642892447139,2.2588784733739886
2023-02-02,24.764238357543945,397.53118896484375,0.0622950828638857,2.162853018833382
2023-02-03,24.406110763549805,393.3057556152344,0.062053784911873924,2.0642836046047344
2023-02-06,24.17333221435547,390.9021911621094,0.06183984833262459,1.9784587138942251
2023-02-07,24.37030029296875,396.0146179199219,0.06153889071311168,1.8702011337140128
2023-02-08,24.343442916870117,391.6842956542969,0.0621506738640239,2.0231305786706533
2023-02-09,24.307626724243164,388.2886657714844,0.0626019476410591,2.12553595676329
2023-02-10,24.012176513671875,389.1947937011719,0.06169706507458754,1.8470342758944216
2023-02-13,24.343442916870117,393.7635803222656,0.06182248469232948,1.863600702998246
2023-02-14,24.61203384399414,393.5824279785156,0.06253336555293985,2.0391945634988033
2023-02-15,24.567270278930664,394.86053466796875,0.06221758854576046,1.9285553543555876
2023-02-16,24.49564552307129,389.4237976074219,0.06290228197036214,2.0919973007023933
2023-02-17,24.629940032958984,388.45086669921875,0.06340554789398935,2.2006160522142695
2023-02-21,24.22705078125,380.6581726074219,0.06364516126187496,2.2350679159698674
2023-02-22,23.985321044921875,380.13360595703125,0.0630970813131241,2.0619796834930186
2023-02-23,24.244958877563477,382.1556701660156,0.06344262500941307,2.1268296091159424
2023-02-24,24.06589698791504,378.0733642578125,0.06365403983207935,2.1547781540048176
2023-02-27,24.388206481933594,379.36102294921875,0.0642875915199074,2.286969829383755
2023-02-28,24.540409088134766,377.9588928222656,0.06492877811364221,2.4149587031623923
2023-03-01,24.60308074951172,376.50909423828125,0.0653452496261383,2.4800397081165255
2023-03-02,24.45088005065918,379.4372863769531,0.06443984534078809,2.218673111723129
2023-03-03,24.907485961914062,385.5226135253906,0.06460706865973155,2.2285733259532527
2023-03-06,24.99701499938965,385.78973388671875,0.06479440172643278,2.2443464343049606
2023-03-07,24.45983123779297,379.87603759765625,0.06438898171223811,2.119753944401209
2023-03-08,24.692609786987305,380.4960632324219,0.06489583512958476,2.2177275552569777
2023-03-09,24.388206481933594,373.4759521484375,0.0653006072857953,2.2831792879675405
2023-03-10,24.12856674194336,368.0869445800781,0.06555127014751846,2.308892447807483
2023-03-13,23.734630584716797,367.5622863769531,0.06457308452036281,2.0477871134969163
2023-03-14,24.298675537109375,373.63812255859375,0.06503264541293928,2.1284561578927863
2023-03-15,23.322786331176758,371.3012390136719,0.06281365069810063,1.5887002867458162
2023-03-16,23.6003360748291,377.81585693359375,0.06246518149442621,1.492822390039293
2023-03-17,23.081058502197266,373.3981018066406,0.061813540000665274,1.328819308358637
2023-03-20,23.56452178955078,376.9886474609375,0.0625072451074073,1.477091162833202
2023-03-21,24.262863159179688,381.9386291503906,0.0635255543885456,1.696310554146041
2023-03-22,24.056943893432617,375.42791748046875,0.0640787292934446,1.8046241956036098
2023-03-23,23.931598663330078,376.4428405761719,0.06357299457920652,1.671054330067703
2023-03-24,23.71672248840332,378.9129638671875,0.0625914781229714,1.4331299132046693
2023-03-27,24.08380126953125,379.62152099609375,0.06344161207282838,1.612687983468547
2023-03-28,24.155424118041992,378.7695007324219,0.06377341383435822,1.672426097022751
2023-03-29,24.576223373413086,384.2747802734375,0.06395481732089064,1.6972684883485678
2023-03-30,25.00596809387207,386.5248718261719,0.06469433124892869,1.8447792042883502
2023-03-31,24.952251434326172,391.9727783203125,0.06365812325348695,1.5951269022324857
2023-04-03,24.99701499938965,393.4664306640625,0.06353023549480855,1.5517817269543768
2023-04-04,25.158174514770508,391.28338623046875,0.06429655692039059,1.7062919499210616
2023-04-05,25.32828140258789,390.2589111328125,0.06490122500743666,1.8219183307611295
2023-04-06,25.650590896606445,391.7812805175781,0.06547171131484311,1.9263667500067863
2023-04-10,25.596872329711914,392.18341064453125,0.06526760601027183,1.860125734707387
2023-04-11,25.28351402282715,392.2887268066406,0.06445128879599288,1.6635814472221733
2023-04-12,25.587919235229492,390.68975830078125,0.06549421552926929,1.870909661044223
2023-04-13,25.89232635498047,395.87921142578125,0.06540461233548435,1.8306509876829844
2023-04-14,25.82069969177246,394.9121398925781,0.06538340325216659,1.8059682553857614
2023-04-17,25.6595458984375,396.32916259765625,0.06474301747127917,1.6510204875788923
2023-04-18,25.865467071533203,396.5876770019531,0.06522004734757762,1.7348300696714485
2023-04-19,26.098247528076172,396.520751953125,0.06581811267008138,1.8415061325750652
2023-04-20,25.972902297973633,394.3568420410156,0.0658614217609347,1.8300078728642866
2023-04-21,25.9191837310791,394.6632080078125,0.06567418296201054,1.7710875707153533
2023-04-24,26.098247528076172,395.0749816894531,0.06605897294855936,1.8310429514279138
2023-04-25,25.355140686035156,388.8035888671875,0.0652132372540838,1.6380615284661815
2023-04-26,25.46257972717285,387.1567687988281,0.06576813781707004,1.7346654428973833
2023-04-27,25.91023063659668,394.8642578125,0.06561807032152317,1.6861023436296596
2023-04-28,25.57896614074707,398.2345275878906,0.06423091010133916,1.3888145012293596
2023-05-01,25.596872329711914,397.83233642578125,0.06434085413890736,1.3988493350888305
2023-05-02,25.113405227661133,393.3611145019531,0.06384313116322646,1.2864194219652094
2023-05-03,25.086545944213867,390.6610412597656,0.06421563272169967,1.3505174196377305
2023-05-04,25.077594757080078,387.8940124511719,0.06465063639062191,1.4260639967676247
2023-05-05,25.38199806213379,395.0749816894531,0.0642460273075079,1.3326495464402275
2023-05-08,25.38199806213379,395.1802978515625,0.0642289056416162,1.3178678728901372
2023-05-09,25.29246711730957,393.4472351074219,0.06428426701334941,1.3176872056010616
2023-05-10,25.27456283569336,395.28558349609375,0.06394000664570942,1.238380365744177
2023-05-11,25.17608070373535,394.59619140625,0.06380213811495138,1.201079387875149
2023-05-12,25.17608070373535,394.0791320800781,0.06388585097324943,1.208373813033299
2023-05-15,25.17608070373535,395.4386901855469,0.06366620497332288,1.1555159019014776
2023-05-16,24.99701499938965,392.7961730957031,0.06363864190015729,1.1410914143343678
2023-05-17,25.077594757080078,397.5643310546875,0.06307808019535459,1.0224339298107106
2023-05-18,24.8537654876709,401.3941345214844,0.06191860655188676,0.7875363663263822
2023-05-19,24.97911262512207,400.8100891113281,0.062321566506735135,0.8622580445482513
2023-05-22,25.122358322143555,400.97283935546875,0.06265351628934694,0.9230903607332502
2023-05-23,24.791095733642578,396.4727783203125,0.06252912454335949,0.8945639953387922
2023-05-24,24.576223373413086,393.6004638671875,0.06243951831750339,0.8734113080650828
2023-05-25,24.441926956176758,397.0090026855469,0.06156517053981297,0.7005496051958922
2023-05-26,24.64784812927246,402.1505432128906,0.061290102786767525,0.6457783349589581
2023-05-30,24.53145408630371,402.3036804199219,0.06097745379982093,0.583489222317132
2023-05-31,24.191238403320312,400.0728454589844,0.060467084127059076,0.4818907890886618
2023-06-01,24.64784812927246,403.87396240234375,0.06102856441316709,0.589911555708214
2023-06-02,24.96120262145996,409.71441650390625,0.06092341791254001,0.5667713391625487
2023-06-05,24.800046920776367,408.92938232421875,0.0606462826902316,0.5100267275554873
2023-06-06,24.94329833984375,409.8197021484375,0.060864078054522715,0.5503877613447642
2023-06-07,24.845365524291992,408.4027099609375,0.060835457058226614,0.5426971296162274
2023-06-08,25.008583068847656,410.8729248046875,0.060866953160118135,0.5466378092570094
2023-06-09,24.89070701599121,411.6102294921875,0.060471546216670606,0.46742535899200455
2023-06-12,24.9995174407959,415.34423828125,0.06018987417340191,0.410555231089674
2023-06-13,24.9995174407959,418.08258056640625,0.059795644695187423,0.3316727952175805
2023-06-14,25.262479782104492,418.5804748535156,0.060352742900741434,0.43849671596183437
2023-06-15,25.7067928314209,423.7698669433594,0.06066215376955257,0.49600509596056
2023-06-16,25.752132415771484,422.326416015625,0.06097684501653034,0.5545092489552026
2023-06-20,25.68865966796875,420.1353454589844,0.06114377175265917,0.5853273009536162
2023-06-21,25.78840446472168,417.982666015625,0.061697306040336276,0.6908171189037432
2023-06-22,25.534509658813477,419.491455078125,0.06087015444464297,0.5273281902133877
2023-06-23,25.07206153869629,416.3201599121094,0.06022303014100813,0.3994176589566236
2023-06-26,25.208070755004883,414.619140625,0.060798135650481665,0.5086587916023952
2023-06-27,25.68865966796875,419.16473388671875,0.061285355353657284,0.5998320238430367
2023-06-28,25.851877212524414,419.3761291503906,0.06164365450388758,0.6653549734116371
2023-06-29,25.879077911376953,421.0290832519531,0.06146624767935649,0.6276041290738005
2023-06-30,26.20551300048828,425.9975280761719,0.061515645686569614,0.633461569166727
2023-07-03,26.26898956298828,426.4876403808594,0.06159378860200898,0.6450629566433199
2023-07-05,25.67959213256836,425.8533020019531,0.06030149821980383,0.39244750537313716
2023-07-06,25.262479782104492,422.5186462402344,0.05979021282705906,0.29025565017486477
2023-07-07,25.407560348510742,421.45184326171875,0.06028579719067172,0.38217046673739913
2023-07-10,25.46196746826172,422.5186462402344,0.06026235219400147,0.3733754485113327
2023-07-11,25.770267486572266,425.20947265625,0.060606052178441464,0.4356032811952711
2023-07-12,26.341527938842773,428.630615234375,0.061455078108313,0.5954222755638602
2023-07-13,26.677032470703125,432.0326232910156,0.06174772698295418,0.6466365033598361
2023-07-14,26.52288246154785,431.7635192871094,0.061429188147577043,0.5792935151895471
2023-07-17,26.649829864501953,433.26275634765625,0.061509625450283906,0.5892966565376366
2023-07-18,26.695167541503906,436.4821472167969,0.06115981538242537,0.515545330391705
2023-07-19,26.595426559448242,437.4527587890625,0.060796111180253,0.43931547473246446
2023-07-20,26.68610191345215,434.550537109375,0.06141081332212309,0.5545176983786326
2023-07-21,26.767709732055664,434.550537109375,0.061598611544963565,0.5854841096515316
2023-07-24,26.550086975097656,436.49176025390625,0.0608260897288268,0.42800185973523547
2023-07-25,26.432207107543945,437.6834411621094,0.060391151735973425,0.3369790810236742
2023-07-26,26.976266860961914,437.7507019042969,0.0616247255426665,0.5752833248515293
2023-07-27,26.658897399902344,434.8484802246094,0.06130617585723745,0.5067167512439436
2023-07-28,26.794910430908203,439.1057434082031,0.061021543974657186,0.44489895915759026
2023-07-31,26.6044921875,439.9418640136719,0.06047274506859212,0.3301244960566894
2023-08-01,26.05136489868164,438.682861328125,0.05938541756523239,0.10754068316735665
2023-08-02,25.552642822265625,432.5804138183594,0.059070272268487836,0.03847005174266456
2023-08-03,25.56171226501465,431.3407287597656,0.05926106801579406,0.07087975063978504
2023-08-04,25.69772720336914,429.38983154296875,0.05984707907736652,0.1832286205155784
2023-08-07,25.82467269897461,433.1377868652344,0.05962230376129628,0.13154216342870878
2023-08-08,25.652387619018555,431.2542419433594,0.05948321227733621,0.09723916842377256
2023-08-09,25.68865966796875,428.3712463378906,0.05996821655883516,0.19102134745564342
2023-08-10,26.105770111083984,428.5249328613281,0.0609200728106336,0.38157087203328116
2023-08-11,25.987892150878906,428.275146484375,0.060680364864056,0.3264709957035847
2023-08-14,25.77933692932129,430.63922119140625,0.05986295641627855,0.15156887566749844
2023-08-15,25.434762954711914,425.6226806640625,0.05975894638657,0.12410038887396603
2023-08-16,25.335018157958984,422.49945068359375,0.05996461798226612,0.16085548150867604
2023-08-17,25.07206153869629,419.280029296875,0.05979789111525698,0.11967276848448871
2023-08-18,25.217138290405273,419.4818115234375,0.06011497423171667,0.1804498672735422
2023-08-21,25.316883087158203,422.21112060546875,0.05996261550584625,0.14148638037075228
2023-08-22,25.199005126953125,421.0675048828125,0.05984552318746675,0.10963272950164085
2023-08-23,25.36222267150879,425.7572021484375,0.05956968559434119,0.04342906335137109
2023-08-24,25.153663635253906,419.8565979003906,0.05991013065185061,0.11018831738162127
2023-08-25,25.37129020690918,422.8165588378906,0.06000543185120766,0.12383107453132822
2023-08-28,25.78840446472168,425.4977722167969,0.06060761336156218,0.24880141719856386
2023-08-29,26.26898956298828,431.64825439453125,0.06085739788253177,0.2972665089112379
2023-08-30,26.142040252685547,433.42620849609375,0.060314858077903134,0.16974538636752406
2023-08-31,25.82467269897461,432.7918395996094,0.05966996217596409,0.018266804869809708
2023-09-01,25.507305145263672,433.5991516113281,0.05882692586107282,-0.17962564353011604
2023-09-05,25.17180061340332,431.72515869140625,0.05830515110516393,-0.30694464232491403
2023-09-06,24.90884017944336,428.8228454589844,0.05808655122555922,-0.36633376446322957
2023-09-07,24.872570037841797,427.5062561035156,0.05818059895670672,-0.3539138276445119
2023-09-08,25.053922653198242,428.150146484375,0.05851667425299495,-0.2845262060451486
2023-09-11,25.38035774230957,430.9659423828125,0.05889179456265492,-0.2057034080875207
2023-09-12,25.416627883911133,428.6018371582031,0.05930125743844978,-0.117200230713247
2023-09-13,25.199005126953125,429.1015930175781,0.058725032805741297,-0.26207796463807104
2023-09-14,25.543575286865234,432.8014221191406,0.059019157473640775,-0.19906697094541165
2023-09-15,25.452899932861328,427.5868835449219,0.059526849191077376,-0.08388729717554426
2023-09-18,25.398494720458984,427.8376770019531,0.05936479203616992,-0.1293721514846604
2023-09-19,25.57984733581543,426.950439453125,0.05991291956176531,-0.002189240234752446
2023-09-20,25.69772720336914,423.0252990722656,0.06074749491277869,0.1956539344463189
2023-09-21,25.398494720458984,416.0334167480469,0.0610491698455091,0.2633020083314495
2023-09-22,25.2534122467041,415.09796142578125,0.06083723504679115,0.2041945118465357
2023-09-25,24.963247299194336,416.8434753417969,0.059886381281907694,-0.039225408210898004
2023-09-26,24.736553192138672,410.7195129394531,0.060227362988193964,0.03818078310524938
2023-09-27,24.600542068481445,410.88348388671875,0.05987230695129098,-0.06050555877144971
2023-09-28,24.954177856445312,413.2655334472656,0.060382915672375005,0.060449992029222646
2023-09-29,24.93604278564453,412.2625732421875,0.06048582724727626,0.07800322864870021
2023-10-02,24.33757781982422,412.0986328125,0.059057652421034675,-0.30598560879048214
2023-10-03,23.99300765991211,406.5822448730469,0.059011449620491416,-0.32940137822754184
2023-10-04,24.0655517578125,409.54296875,0.05876197027937011,-0.4074037940994801
2023-10-05,24.228763580322266,409.3886413574219,0.05918279388501412,-0.30397526993574203
2023-10-06,24.546133041381836,414.249267578125,0.05925449955503561,-0.29613166508186495
2023-10-09,24.355712890625,416.9013977050781,0.05842079931776715,-0.5406106514134972
2023-10-10,24.836299896240234,419.0713195800781,0.059265091013928,-0.3180465320826045
2023-10-11,25.07206153869629,420.78790283203125,0.059583608202502136,-0.2404423509371259
2023-10-12,24.682147979736328,418.22259521484375,0.05901677303460121,-0.417084256994923
2023-10-13,24.446388244628906,416.13946533203125,0.05874566168609726,-0.5129575377068287
2023-10-16,24.75469207763672,420.5177917480469,0.05886716938832516,-0.4940603713696375
2023-10-17,24.76375961303711,420.4985656738281,0.058891424690960384,-0.5026991455418423
2023-10-18,24.373849868774414,414.8953857421875,0.05874697744631009,-0.561650644469803
2023-10-19,24.328510284423828,411.25,0.05915747181622815,-0.4499276635145813
2023-10-20,24.083683013916016,406.19647216796875,0.05929072422853793,-0.4241041024857795
2023-10-23,24.02020835876465,405.4924621582031,0.05923712670494267,-0.45556940895777986
2023-10-24,23.974872589111328,408.54962158203125,0.058682890211164955,-0.6515619735230312
2023-10-25,23.884197235107422,402.68609619140625,0.05931219741879217,-0.46461405419006774
2023-10-26,23.902332305908203,397.8640441894531,0.06007663334997544,-0.22611902251783828
2023-10-27,23.739112854003906,396.060546875,0.05993809037863135,-0.28483411580828577
2023-10-30,24.283174514770508,400.79583740234375,0.060587392005255654,-0.07499740894694631
2023-10-31,24.265037536621094,403.3129577636719,0.060164289466840305,-0.23407837616808522
2023-11-01,24.428255081176758,407.6141662597656,0.05992984813390672,-0.331276121290598
2023-11-02,25.099260330200195,415.4258117675781,0.06041815317976124,-0.1706529535439115
2023-11-03,25.2534122467041,419.2159729003906,0.06023962319943504,-0.24786263216736548
2023-11-06,25.135530471801758,420.1803283691406,0.05982081686061101,-0.4164601631446391
2023-11-07,25.017654418945312,421.3761901855469,0.059371305265086646,-0.5963876163625231
2023-11-08,25.208070755004883,421.68475341796875,0.05977942183273331,-0.45750898948935537
2023-11-09,25.271547317504883,418.39617919921875,0.06040099927746202,-0.23383013748160625
2023-11-10,25.516372680664062,424.9251708984375,0.06004909670734191,-0.38051711832240415
2023-11-13,25.625185012817383,424.5201416015625,0.06036270721135335,-0.27205827427914303
2023-11-14,26.495681762695312,432.7561340332031,0.06122543316893213,0.0579387759483313
2023-11-15,26.368732452392578,433.6723327636719,0.06080335419221249,-0.12216949437904996
2023-11-16,26.61355972290039,434.20269775390625,0.06129293958920587,0.06614197112284316
2023-11-17,26.976266860961914,434.74285888671875,0.06205108677355213,0.3707831915545437
2023-11-20,27.175752639770508,438.08929443359375,0.06203245088402828,0.3560260308949388
2023-11-21,27.0216007232666,437.13446044921875,0.06181530665758542,0.25647637591150385
2023-11-22,27.103212356567383,438.8221740722656,0.06176354331653259,0.22617897069756046
2023-11-24,27.38431167602539,439.09222412109375,0.062365740433775685,0.48112882825789904
2023-11-27,27.474985122680664,438.3013610839844,0.0626851467098595,0.6158590194388532
2023-11-28,27.674474716186523,438.7354431152344,0.06307781865008291,0.7845537923218734
2023-11-29,27.83769416809082,438.4267578125,0.06349451458434031,0.966089498107808
2023-11-30,27.674474716186523,440.1531066894531,0.06287465496798607,0.6812369830494412
2023-12-01,27.819557189941406,442.7569885253906,0.06283256484012797,0.6573199813741362
2023-12-04,27.846759796142578,440.43280029296875,0.06322589911019198,0.833501536604479
2023-12-05,27.846759796142578,440.34600830078125,0.06323836090532167,0.8351007740447683
2023-12-06,27.765151977539062,438.57147216796875,0.06330815782496968,0.8626676594323631
2023-12-07,27.756084442138672,441.91796875,0.0628082277818414,0.6202074200540769
2023-12-08,27.946502685546875,443.8178405761719,0.06296840759998798,0.6904237911116257
2023-12-11,27.774215698242188,445.5440673828125,0.062337752270817504,0.38177601999829236
2023-12-12,27.674474716186523,447.5789794921875,0.061831488930926395,0.12975049173988776
2023-12-13,28.08251953125,453.7511291503906,0.061889696194987034,0.14993512184903793
2023-12-14,28.33641242980957,455.2073669433594,0.06224945923016096,0.3200251947858959
2023-12-15,27.74701690673828,454.45794677734375,0.0610551913625852,-0.2824217801247791
2023-12-18,27.783283233642578,457.0142517089844,0.06079303463677168,-0.4212765506966598
2023-12-19,28.037181854248047,459.7933349609375,0.060977790938683336,-0.33581324106425203
2023-12-20,27.618165969848633,453.4218444824219,0.06091053244550798,-0.3764142203690467
2023-12-21,28.05099105834961,457.72113037109375,0.061284020328289175,-0.19127214963165434
2023-12-22,28.07862091064453,458.6410217285156,0.06122134650063023,-0.2286449641590818
2023-12-26,28.26280403137207,460.57763671875,0.06136382181454165,-0.15975558728003508
2023-12-27,28.373310089111328,461.4104309082031,0.06149256321159361,-0.09843097416488628
2023-12-28,28.161500930786133,461.5847473144531,0.061010466863631437,-0.35095264378284047
2023-12-29,28.198341369628906,460.2483825683594,0.06126765989327662,-0.22140999936665323
2024-01-02,28.08782958984375,457.6727600097656,0.061370988278272066,-0.17200747888797083
2024-01-03,27.76551055908203,453.9350280761719,0.061166265746786304,-0.28273933342753754
2024-01-04,28.161500930786133,452.472900390625,0.06223908858734742,0.2710820987755103
2024-01-05,28.152292251586914,453.09259033203125,0.06213364078842385,0.2139916760884915
2024-01-08,28.40093994140625,459.5609436035156,0.06180016021097965,0.039848330222011084
2024-01-09,27.802349090576172,458.8637390136719,0.06058955355752745,-0.5883322335491658
2024-01-10,27.995738983154297,461.4588317871094,0.06066790156498711,-0.544958594659148
2024-01-11,27.885231018066406,461.2554931640625,0.060455065427585046,-0.6518071867787492
2024-01-12,27.94048309326172,461.57501220703125,0.06053291957825809,-0.6090211192995557
2024-01-16,27.31426429748535,459.8804626464844,0.059394269850689775,-1.1914634480148392
2024-01-17,27.01957130432129,457.3240661621094,0.05908189247740914,-1.3418868936297839
2024-01-18,27.074827194213867,461.39105224609375,0.058680867481957305,-1.5346961467366764
2024-01-19,27.102455139160156,467.14276123046875,0.058017499977461785,-1.8546469345951833
2024-01-22,27.18533706665039,468.1304931640625,0.05807213472232182,-1.8069516850189142
2024-01-23,26.918270111083984,469.4957275390625,0.0573344303944584,-2.152929237283198
2024-01-24,27.13007926940918,470.009033203125,0.05772246351206681,-1.9337104527086022
2024-01-25,26.98273468017578,472.5653381347656,0.05709842111289355,-2.214622712592454
2024-01-26,27.037988662719727,471.96502685546875,0.0572881190855687,-2.0926744616721837
2024-01-29,26.899852752685547,475.70269775390625,0.05654761446528849,-2.418095908969601
2024-01-30,27.27742576599121,475.33477783203125,0.057385714317815424,-1.9854699338994786
2024-01-31,27.203754425048828,467.5785217285156,0.05818007705846636,-1.5860756009951205
2024-02-01,27.424772262573242,473.6982727050781,0.05789502272398563,-1.705415984849863
2024-02-02,27.341890335083008,478.6850891113281,0.0571187424823339,-2.0500412657808713
2024-02-05,26.927478790283203,476.9421081542969,0.05645858969024354,-2.327418240581843
2024-02-06,27.037988662719727,478.3268127441406,0.05652618239735283,-2.2622808680898805
2024-02-07,26.789344787597656,482.3162841796875,0.05554310660101464,-2.6688921786162525
2024-02-08,26.752506256103516,482.529296875,0.055442242428305435,-2.6653504118189244
2024-02-09,26.8445987701416,485.31805419921875,0.05531341465224397,-2.67295382552247
2024-02-12,26.927478790283203,485.10498046875,0.05550855974363233,-2.54174613358014
2024-02-13,26.485441207885742,478.423583984375,0.05535981522338736,-2.5619440072859754
2024-02-14,26.715669631958008,482.7713623046875,0.05533814082181861,-2.5275569203987702
2024-02-15,26.863018035888672,486.1023254394531,0.05526206444621219,-2.5168469489682996
2024-02-16,26.53148651123047,483.6816101074219,0.0548532049943723,-2.640834781430075
2024-02-20,27.212961196899414,481.0187072753906,0.05657360261732934,-1.9004566194285606
2024-02-21,27.415565490722656,481.4544677734375,0.056943215456095535,-1.7291238095958599
2024-02-22,27.45240020751953,491.41839599609375,0.05586359898447462,-2.146842302071839
2024-02-23,27.369518280029297,491.7572937011719,0.0556565578804837,-2.2009763246488
2024-02-26,27.35110092163086,489.9561767578125,0.05582356590056957,-2.1058099881154844
2024-02-27,27.32347297668457,490.8664245605469,0.055663764334963804,-2.142406635216101
2024-02-28,27.111663818359375,490.21771240234375,0.05530535338165752,-2.2563661653491107
2024-02-29,26.945898056030273,491.98004150390625,0.0547703072947042,-2.436181723213321
2024-03-01,27.15770721435547,496.5988464355469,0.054687415021775015,-2.437803592043885
2024-03-04,27.19454574584961,496.0662841796875,0.05482038714003605,-2.353313965748096
2024-03-05,27.341890335083008,491.1085205078125,0.05567382603505055,-1.9989733020352523
2024-03-06,27.62737464904785,493.59710693359375,0.05597150846502978,-1.8655276356138761
2024-03-07,28.161500930786133,498.49676513671875,0.05649284589251547,-1.6486236069644182
2024-03-08,28.115459442138672,495.5047302246094,0.05674105155241222,-1.5406003635496293
2024-03-11,28.244384765625,495.07861328125,0.05705030273561747,-1.411403494692614
2024-03-12,28.318058013916016,500.4044189453125,0.0565903436136738,-1.5796664510876333
2024-03-13,28.621959686279297,499.6199645996094,0.057287461899599344,-1.2987764618860242
2024-03-14,28.20754623413086,498.63232421875,0.05656983084344971,-1.5669534689184208
2024-03-15,28.53907585144043,495.2084045410156,0.057630435165759955,-1.1438983053237242
2024-03-18,28.474613189697266,498.1515197753906,0.057160546659650986,-1.3156713949502372
2024-03-19,28.649585723876953,500.9198303222656,0.05719395398150899,-1.291854679255461
2024-03-20,29.119253158569336,505.55303955078125,0.05759880938396454,-1.1258302872491481
2024-03-21,29.100833892822266,507.2237243652344,0.057372777523844204,-1.2036777979069204
2024-03-22,29.248178482055664,506.2620544433594,0.05777280407518267,-1.0409471756143487
2024-03-25,29.33106231689453,504.8634033203125,0.05809702609457182,-0.907971750632445
2024-03-26,29.377105712890625,503.9308776855469,0.0582959032949395,-0.824182069617598
2024-03-27,29.80072784423828,508.1658630371094,0.05864370279839527,-0.6830114889807823
2024-03-28,29.625751495361328,508.0687561035156,0.05831051632178161,-0.8059044104204187
2024-04-01,29.478404998779297,507.1849060058594,0.05812161334004435,-0.8725843732526131
2024-04-02,29.358688354492188,503.9600830078125,0.05825597967852756,-0.8137222180232365
2024-04-03,29.552080154418945,504.5136413574219,0.058575383759510324,-0.6821543654487555
2024-04-04,29.496826171875,498.3555603027344,0.05918831557524243,-0.43546460659671354
2024-04-05,29.358688354492188,503.561767578125,0.05830205993535309,-0.7787095526156478
2024-04-08,29.48761749267578,503.84344482421875,0.058525357024270586,-0.6842367013219681
2024-04-09,29.413944244384766,504.42620849609375,0.0583116891013258,-0.7638102601789867
2024-04-10,28.85218620300293,499.3753356933594,0.05777655430848024,-0.9728931337600489
2024-04-11,28.603538513183594,503.14410400390625,0.05684959494817319,-1.338370611810637
2024-04-12,28.299640655517578,496.19921875,0.05703281985571965,-1.2584321213766683
2024-04-15,28.115459442138672,489.98272705078125,0.057380511373056664,-1.1113961872268354
2024-04-16,27.95890235900879,489.0891418457031,0.057165248554688235,-1.1942748972443824
2024-04-17,28.345685958862305,486.1945495605469,0.05830111831669629,-0.7192122926687491
2024-04-18,28.511451721191406,485.194091796875,0.05876298207919572,-0.5211311223696132
2024-04-19,28.502243041992188,480.95916748046875,0.059261253281235424,-0.3048073258644803
2024-04-22,28.981115341186523,485.3883972167969,0.05970706244187831,-0.10655280393425343
2024-04-23,29.50603675842285,491.1483154296875,0.06007561429302493,0.062166938082230894
2024-04-24,29.377105712890625,490.91522216796875,0.05984150498156507,-0.02938342794733116
2024-04-25,29.33106231689453,489.05023193359375,0.059975561612405665,0.03940350985877722
2024-04-26,29.662588119506836,493.6834411621094,0.06008422735363048,0.09935179555730364
2024-04-29,29.773099899291992,495.4318542480469,0.06009524749772257,0.11583851155089377
2024-04-30,28.806142807006836,487.5835876464844,0.0590793938451684,-0.3436581611826439
2024-05-01,28.769304275512695,486.0003356933594,0.059196058444010234,-0.2826882627635306
2024-05-02,29.137670516967773,490.54608154296875,0.05939843699356,-0.18131886476761344
2024-05-03,29.257389068603516,496.62652587890625,0.05891225607980799,-0.40326089489158146
2024-05-06,29.5797061920166,501.755126953125,0.05895247423108045,-0.3774527827778395
2024-05-07,29.855979919433594,502.3088073730469,0.059437500360730526,-0.1373209029647733
2024-05-08,30.086206436157227,502.3572998046875,0.059890055241268524,0.09062635872037554
2024-05-09,29.855979919433594,505.2518615722656,0.05909128137900651,-0.29203320837500746
2024-05-10,30.003328323364258,505.9026794433594,0.05930652187170994,-0.17844329006297932
2024-05-13,30.123043060302734,505.9706115722656,0.05953516344891582,-0.05680878930780841
2024-05-14,30.565080642700195,508.2921142578125,0.06013290347289783,0.25270654360758166
2024-05-15,31.099212646484375,514.5863647460938,0.06043536085887019,0.4155895628780211
2024-05-16,30.767684936523438,513.5275268554688,0.059914383022320314,0.15868266857908733
2024-05-17,30.99791145324707,514.2656860351562,0.060276064094869415,0.3526464520322353
2024-05-20,30.841360092163086,514.8582153320312,0.059902627895863605,0.1639436843288558
2024-05-21,30.942657470703125,516.1209716796875,0.05995233514732396,0.1954032822454721
2024-05-22,30.675594329833984,514.6348266601562,0.059606526299260526,0.021582542662301286
2024-05-23,30.40852928161621,510.8758239746094,0.0595223493745273,-0.0163453689444303
2024-05-24,30.55587387084961,514.2560424804688,0.05941762730383496,-0.06546466499175604
2024-05-28,30.749265670776367,514.6153564453125,0.0597519395518545,0.11541417906204722
2024-05-29,30.14146614074707,511.01177978515625,0.058983896914116915,-0.2873124347882771
2024-05-30,30.73084831237793,507.621826171875,0.06053886324023588,0.5394973756109004
2024-05-31,30.99791145324707,512.245361328125,0.06051379630432804,0.5260556303028626
2024-06-03,31.145259857177734,512.6630859375,0.060751906488884067,0.6534039361768109
2024-06-04,30.740060806274414,513.236083984375,0.05989458217285102,0.20016418437781172
2024-06-05,30.85977554321289,519.3359985351562,0.059421599177134354,-0.048905969921794384
2024-06-06,31.05316925048828,519.3263549804688,0.05979509599826906,0.15234039066943106
2024-06-07,30.6663818359375,518.6950073242188,0.059122184333594285,-0.20281322034951088
2024-06-10,30.509830474853516,520.2975463867188,0.05863919729534269,-0.4560089299116873
2024-06-11,30.00721549987793,521.5507202148438,0.057534606581536266,-1.03766355660522
2024-06-12,30.222488403320312,525.8341064453125,0.05747532925855104,-1.0614136087106105
2024-06-13,29.614105224609375,526.8928833007812,0.056205172176721,-1.719176477777513
2024-06-14,29.286516189575195,527.2135620117188,0.05554962599563063,-2.039426914203544
2024-06-17,29.352033615112305,531.4095458984375,0.05523429874690666,-2.1744748544237997
2024-06-18,29.623464584350586,532.7596435546875,0.05560380735052758,-1.9586568621224774
2024-06-20,29.735782623291016,531.3124389648438,0.055966659996188405,-1.7525953662298466
2024-06-21,29.323955535888672,530.6001586914062,0.05526563657313812,-2.0875831280335873
2024-06-24,29.810659408569336,528.8753051757812,0.05636613983831449,-1.5107062192619949
2024-06-25,29.707704544067383,530.9119873046875,0.05595598753549765,-1.701826190608233
2024-06-26,29.380111694335938,531.5745849609375,0.05526997062226916,-2.023890502241128
2024-06-27,29.24907875061035,532.4125366210938,0.05493687082621474,-2.1627002796391186
2024-06-28,29.230358123779297,530.3173828125,0.05511861212008213,-2.047438819775188
2024-07-01,29.642183303833008,531.408935546875,0.05578036295781914,-1.7018152933424013
2024-07-02,29.38947105407715,534.9851684570312,0.05493511369453533,-2.0941269732670986
2024-07-03,29.922975540161133,537.3726196289062,0.05568384850129703,-1.7090278264978023
2024-07-05,30.11016845703125,540.4713134765625,0.055710946550240864,-1.6783128081458119
2024-07-08,29.997852325439453,541.0950317382812,0.05543915683178721,-1.791242160410678
2024-07-09,29.71706199645996,541.6212158203125,0.054866872139511705,-2.042328339654272
2024-07-10,30.269285202026367,546.980712890625,0.05533885288580377,-1.795279808923294
2024-07-11,30.55007553100586,542.2642211914062,0.05633798863565888,-1.3062033611111583
2024-07-12,30.755992889404297,545.6846923828125,0.056362205718294436,-1.2840755837134974
2024-07-15,30.447118759155273,547.185302734375,0.05564315892076416,-1.6122727287925973
2024-07-16,30.503276824951172,550.4302368164062,0.05541715331878727,-1.702976485574112
2024-07-17,30.56879425048828,542.7127075195312,0.0563259231393401,-1.261671769426657
2024-07-18,30.54071807861328,538.5418701171875,0.05671001601410783,-1.0709846416200606
2024-07-19,30.400320053100586,534.9656372070312,0.05682667808686876,-1.0076706834269555
2024-07-22,30.755992889404297,540.4811401367188,0.05690484016079513,-0.9629898504860314
2024-07-23,30.68111228942871,539.63330078125,0.05685548361268729,-0.9787245666590909
2024-07-24,30.587512969970703,527.4038696289062,0.057996375702538544,-0.432169339276749
2024-07-25,30.52199935913086,524.656005859375,0.0581752596334745,-0.3431958857789901
2024-07-26,30.737268447875977,530.5317993164062,0.05793671272387659,-0.45108118105992545
2024-07-29,30.52199935913086,530.8438110351562,0.05749713705734336,-0.6548512827218186
2024-07-30,30.709192276000977,528.1541137695312,0.058144377702227724,-0.34057457716757333
2024-07-31,30.362878799438477,536.7391357421875,0.05656915394748244,-1.0864728247545432
2024-08-01,29.45499038696289,529.138427734375,0.055665944567815734,-1.5049172859669748
2024-08-02,29.473711013793945,519.2867431640625,0.056758065561635325,-0.9784423175643033
2024-08-05,28.799814224243164,504.16314697265625,0.05712399725600163,-0.7994689517460966
2024-08-06,28.724933624267578,508.8113098144531,0.05645498256464194,-1.1086004081013838
2024-08-07,28.87468910217285,505.41046142578125,0.0571311662618069,-0.7827082737084925
2024-08-08,29.174198150634766,517.09423828125,0.056419499562798806,-1.1114351598989058
2024-08-09,29.36139488220215,519.374267578125,0.05653224796660833,-1.0500730411135974
2024-08-12,29.342674255371094,519.647216796875,0.05646652826554223,-1.0724999941020446
2024-08-13,29.810659408569336,528.1932373046875,0.05643892670926625,-1.0768813030412467
2024-08-14,29.866819381713867,529.8595581054688,0.05636742590527897,-1.1019935776449112
2024-08-15,30.10080909729004,538.94140625,0.055851728496301704,-1.3331894365911747
2024-08-16,30.3815975189209,540.1497192382812,0.0562466228099961,-1.1389134288649125
2024-08-19,30.915102005004883,545.3142700195312,0.05669226665184759,-0.9234652148229033
2024-08-20,30.858949661254883,544.4275512695312,0.05668146218775298,-0.9214239185071957
2024-08-21,31.036781311035156,546.2985229492188,0.056812859649485424,-0.8535892884725459
2024-08-22,30.961904525756836,542.010986328125,0.05712412719806565,-0.7029777238715167
2024-08-23,31.61707878112793,547.7699584960938,0.05771962899888274,-0.4216454874974529
2024-08-26,31.49540901184082,546.4642333984375,0.05763489554654333,-0.45711655262752215
2024-08-27,31.74811553955078,547.2145385742188,0.05801767552132532,-0.27492340558673906
2024-08-28,31.682598114013672,544.0377807617188,0.05823602557464704,-0.1688049537881362
2024-08-29,31.49540901184082,544.0864868164062,0.05788676942911922,-0.3273924655791151
2024-08-30,31.720035552978516,549.2803955078125,0.05774834822505031,-0.3879190847170121
2024-09-03,31.102298736572266,537.976806640625,0.05781345655175982,-0.35399795929820077
2024-09-04,31.12101936340332,536.8756103515625,0.057966908466980514,-0.2803103021163767
2024-09-05,31.52348518371582,535.56982421875,0.05885971120516353,0.13779537027914002
2024-09-06,31.083580017089844,526.5560913085938,0.05903184965506929,0.21684828718816554
2024-09-09,31.3924503326416,532.4515991210938,0.058958317308954344,0.18087883106195193
2024-09-10,31.12101936340332,534.770751953125,0.05819506629661604,-0.1768312340020612
2024-09-11,31.467327117919922,540.2569580078125,0.058245112166542205,-0.15213301803600165
2024-09-12,31.63579750061035,544.8076782226562,0.05806782606995709,-0.2330895889386387
2024-09-13,32.05699157714844,547.6530151367188,0.058535223382538255,-0.013294863250325082
2024-09-16,32.450096130371094,548.4618530273438,0.05916563923499212,0.2823941124858165
2024-09-17,32.57176971435547,548.6859741210938,0.05936322641840842,0.37550762475579336
2024-09-18,32.590492248535156,547.05859375,0.059574043111419735,0.47402338657922366
2024-09-19,32.824485778808594,556.393798828125,0.05899506041933506,0.20407608313522832
2024-09-20,32.73088836669922,555.4321899414062,0.05892868465213021,0.17664648478825273
2024-09-23,32.75896453857422,556.8200073242188,0.05883223323097962,0.13575329430240374
2024-09-24,32.92744064331055,558.413330078125,0.05896607202894641,0.2028948971296471
2024-09-25,32.69344711303711,557.181640625,0.05867646155096625,0.06820320992137772
2024-09-26,33.32991027832031,559.3907470703125,0.059582519826933994,0.498822469203253
2024-09-27,33.217594146728516,558.5794067382812,0.05946798923486344,0.44549421467019296
2024-09-30,33.03040313720703,560.8178100585938,0.05889685124970629,0.17779750160443047
2024-10-01,32.24418258666992,555.793701171875,0.058014659969488666,-0.23676923706680772
2024-10-02,32.019554138183594,556.0283203125,0.057586192948207944,-0.43763806632159047
2024-10-03,32.019554138183594,555.0117797851562,0.057691665842801186,-0.3849339611986426
2024-10-04,32.15058517456055,560.0553588867188,0.05740608435292837,-0.5178621880074423
2024-10-07,32.131866455078125,554.9921875,0.057896069852475404,-0.28266016652413456
2024-10-08,32.27226257324219,560.2411499023438,0.05760423449592662,-0.41817030142582123
2024-10-09,32.20674514770508,564.1215209960938,0.0570918568943022,-0.6585157151927528
2024-10-10,31.832351684570312,563.1343383789062,0.05652710111091084,-0.9201260962172694
2024-10-11,32.05699157714844,566.5064697265625,0.05658715882383742,-0.8851281727164715
2024-10-14,32.347145080566406,571.1396484375,0.05663613998618442,-0.856323450415488
2024-10-15,32.319061279296875,566.7019653320312,0.057030085047192494,-0.6662451905480988
2024-10-16,32.5156135559082,569.1651611328125,0.05712860831325691,-0.6160163066182855
2024-10-17,32.12250518798828,569.2140502929688,0.05643308553514298,-0.938246879669494
2024-10-18,32.39393615722656,571.403564453125,0.056691869236465,-0.8113840035558222
2024-10-21,32.08506393432617,570.4652099609375,0.05624368212835133,-1.0150893365597913
2024-10-22,31.944669723510742,570.1621704101562,0.056027339906698434,-1.1083219365739754
2024-10-23,31.888513565063477,564.9523315429688,0.0564446091902501,-0.9062476599110957
2024-10-24,31.991474151611328,566.1741943359375,0.056504649049103954,-0.8727849086389093
2024-10-25,31.701318740844727,565.9786987304688,0.056011505047721906,-1.0950512007187634
2024-10-28,32.09442901611328,567.7283935546875,0.05653130859839887,-0.8457851079154053
2024-10-29,31.701318740844727,568.647216796875,0.055748657171690114,-1.2010708126765606
2024-10-30,31.720035552978516,566.9268188476562,0.055950846737949575,-1.0981109890535024
2024-10-31,31.74811553955078,555.8133544921875,0.057120102068359054,-0.5484744207015342
2024-11-01,32.075706481933594,558.1591186523438,0.05746695773667426,-0.38258202162772487
2024-11-04,32.159942626953125,556.9569091796875,0.05774224557932105,-0.2496689308849773
2024-11-05,32.48753356933594,563.6915283203125,0.05763353170508392,-0.2960921498831786
2024-11-06,30.877668380737305,577.7080078125,0.053448572571559216,-2.2232048698937774
2024-11-07,31.29884910583496,582.1749877929688,0.053761926846924865,-2.051165848737739
2024-11-08,30.971263885498047,584.6967163085938,0.05296979275175525,-2.3784192442318743
2024-11-11,30.840225219726562,585.25390625,0.052695462414483564,-2.4640264708668473
2024-11-12,30.278642654418945,583.4359130859375,0.05189711839003479,-2.76993421657998
2024-11-13,30.054012298583984,583.7193603515625,0.05148709181152233,-2.8926873804754476
2024-11-14,30.278642654418945,579.9659423828125,0.05220762193382938,-2.5378741191875323
2024-11-15,30.74662971496582,572.5372924804688,0.05370240527347779,-1.8693210547646975
2024-11-18,30.95254135131836,574.8832397460938,0.05384143981130679,-1.792044973998363
2024-11-19,30.7279109954834,576.9846801757812,0.05325602576852125,-2.0249565982855486
2024-11-20,30.709192276000977,577.1801147460938,0.05320556181931216,-2.0272693928312338
2024-11-21,30.484556198120117,580.2786865234375,0.052534337217792756,-2.288046554587476
2024-11-22,30.35352325439453,582.0772094726562,0.05214690209550357,-2.421685317505979
2024-11-25,30.662391662597656,584.0516967773438,0.052499447962886386,-2.2491038706296727
2024-11-26,30.3815975189209,587.1012573242188,0.05174847973821162,-2.53704876062139
2024-11-27,30.615591049194336,585.322265625,0.0523055295299648,-2.283405011354067
2024-11-29,30.634313583374023,588.9583740234375,0.0520143951330505,-2.3877082288776346
2024-12-02,30.6717529296875,590.0140380859375,0.05198478502170834,-2.377724557280402
2024-12-03,30.980623245239258,590.2877807617188,0.05248393115178712,-2.1512225994746133
2024-12-04,31.074216842651367,593.9530029296875,0.05231763572096958,-2.206232518377048
2024-12-05,31.729402542114258,592.9756469726562,0.05350877848711617,-1.6981429175245222
2024-12-06,31.52348518371582,594.0997314453125,0.05306093154936494,-1.8800972866196786
2024-12-09,31.289491653442383,591.0404052734375,0.05293968292906589,-1.9207494429766214
2024-12-10,31.214614868164062,589.2027587890625,0.052977713363591104,-1.895228731042957
2024-12-11,30.784069061279297,593.7576293945312,0.05184618695791841,-2.3573143716650145
2024-12-12,30.606233596801758,590.6983032226562,0.05181364738957973,-2.345433990225098
2024-12-13,30.718549728393555,590.5809326171875,0.05201412377514939,-2.237774776978624
2024-12-16,30.737268447875977,593.102783203125,0.051824522356606645,-2.29699949420365
2024-12-17,30.24675750732422,590.6591186523438,0.05120848312023973,-2.522609613617015
2024-12-18,29.488428115844727,573.0553588867188,0.051458253829319796,-2.385280720189121
2024-12-19,29.421234130859375,572.8794555664062,0.05135676248290416,-2.396161849726533
2024-12-20,29.53642463684082,579.7603759765625,0.05094591810813036,-2.530186713675474
2024-12-23,29.613216400146484,583.2320556640625,0.05077432921005886,-2.5649542531160567
2024-12-24,29.79560089111328,589.7147216796875,0.05052544865464155,-2.6280300671955286
2024-12-26,29.910789489746094,589.7539672851562,0.050717402762775664,-2.5165170966172696
2024-12-27,29.77640151977539,583.5459594726562,0.05102666043079791,-2.3642064019002182
2024-12-30,29.79560089111328,576.88671875,0.05164896317196292,-2.092305675337385
2024-12-31,29.80519676208496,574.7880249023438,0.05185424099110077,-1.9916521446304805
2025-01-02,29.718807220458984,573.3757934570312,0.051831290332779126,-1.9830523983651527
2025-01-03,29.968381881713867,580.5447998046875,0.05162113568461232,-2.0469547939865023
2025-01-06,30.409942626953125,583.8890991210938,0.05208170981908733,-1.8525608432007414
2025-01-07,30.313949584960938,577.2888793945312,0.052510884354388804,-1.6723755672443494
2025-01-08,30.265954971313477,578.1322631835938,0.05235126440556754,-1.7255558969054265
2025-01-10,29.853193283081055,569.3057250976562,0.052437894029539515,-1.676739407719185
2025-01-13,29.86279296875,570.1882934570312,0.05237356380590165,-1.6886373019006662
2025-01-14,30.217958450317383,570.972900390625,0.05292362987743217,-1.456851187186776
2025-01-15,30.429140090942383,581.35888671875,0.052341403539365526,-1.6766101169040668
2025-01-16,30.333148956298828,580.2408447265625,0.05227682475643932,-1.6860300655359355
2025-01-17,30.48673439025879,586.06640625,0.052019249124567596,-1.7704553089552313
2025-01-21,31.02428436279297,591.4310302734375,0.05245630136864724,-1.5810652591466223
2025-01-22,30.697914123535156,594.7556762695312,0.0516143272748245,-1.892939235171728
2025-01-23,31.168270111083984,598.001953125,0.052120682797450496,-1.675891387277155
2025-01-24,31.216266632080078,596.2562255859375,0.05235377895032297,-1.5692981619014623
2025-01-27,31.494640350341797,587.8218383789062,0.05357854760414762,-1.082496767201963
2025-01-28,31.61942481994629,592.8726806640625,0.05333257181715664,-1.1695687554513186
2025-01-29,31.69622039794922,590.2149047851562,0.05370284643944554,-1.0181835191382518
2025-01-30,32.04179000854492,593.3826293945312,0.053998530494968056,-0.8980241850621309
2025-01-31,31.66742515563965,590.2246704101562,0.053653170975780234,-1.0243448565242865
2025-02-03,31.05307960510254,586.2527465820312,0.05296875756428963,-1.2783215572296103
2025-02-04,31.8402042388916,590.185546875,0.05394948149354679,-0.8929164123888784
2025-02-05,32.550537109375,592.5784301757812,0.054930344156670155,-0.5110378761455434
2025-02-06,32.742523193359375,594.637939453125,0.05506295683634302,-0.457575635126522
2025-02-07,32.464149475097656,589.1949462890625,0.05509916485123848,-0.4412733276589821
2025-02-10,32.57933807373047,593.1962280273438,0.054921687857106036,-0.5085230027409566
2025-02-11,32.87690734863281,593.6473999023438,0.05538120331031709,-0.331416306291576
2025-02-12,33.49125289916992,591.7349853515625,0.05659839916220611,0.13549406465929112
2025-02-13,33.52964782714844,597.9823608398438,0.05607129912671221,-0.0684518683143286
2025-02-14,33.77922439575195,597.9528198242188,0.05649145430183286,0.09173508445795252
2025-02-18,34.105594635009766,599.7083129882812,0.05687030494052234,0.23543765647485573
2025-02-19,33.51044845581055,601.12060546875,0.055746630794130426,-0.1984832854530181
2025-02-20,34.09599685668945,598.6197509765625,0.05695768774930448,0.2653370387137033
2025-02-21,33.78882598876953,588.3809814453125,0.0574267813785719,0.44480672710583874
2025-02-24,34.03839874267578,585.7035522460938,0.05811540430674039,0.7079160209640486
2025-02-25,34.700740814208984,582.7907104492188,0.05954237120125239,1.2481791780879363
2025-02-26,34.83512496948242,583.0849609375,0.05974279445224166,1.3145172697941145
2025-02-27,34.374366760253906,573.77783203125,0.05990884422732762,1.3668308167961853
2025-02-28,34.633544921875,582.73193359375,0.05943306506009963,1.1765571320738224
2025-03-03,34.91191864013672,572.5224609375,0.06097912487654858,1.7458588071214876
2025-03-04,35.046302795410156,565.74560546875,0.061947105654267434,2.0843100110304267
2025-03-05,36.015811920166016,571.8262329101562,0.0629838399278627,2.433532287628469
2025-03-06,35.535858154296875,561.6756591796875,0.06326757724590747,2.496431693804367
2025-03-07,36.34218215942383,564.82373046875,0.06434251997390987,2.831795034401748
2025-03-10,35.54545593261719,549.7792358398438,0.06465405314611034,2.8828000500844486
2025-03-11,35.63185119628906,545.2090454101562,0.0653544754920262,3.059798426735137
2025-03-12,35.46866989135742,548.1022338867188,0.06471177765476514,2.7811265981522366
2025-03-13,35.50706481933594,540.7957153320312,0.06565707495950802,3.0358372902862554
2025-03-14,36.30378723144531,551.96630859375,0.06577174488047437,3.0062823846172053
2025-03-17,36.79334259033203,556.2227172851562,0.0661485794214143,3.0603337891360174
2025-03-18,37.31169509887695,550.2107543945312,0.06781346020750882,3.4963175272832108
2025-03-19,37.25410079956055,556.2030639648438,0.066979316032526,3.1567955344248544
2025-03-20,36.78374099731445,554.5946044921875,0.06632545772960656,2.893533316091784
2025-03-21,36.898929595947266,554.7775268554688,0.06651121901980038,2.8894001390890454
2025-03-24,36.63975143432617,564.712890625,0.06488208794698287,2.3666129478309137
2025-03-25,37.234901428222656,566.0703735351562,0.06577786644386213,2.5865488801021645
2025-03-26,36.735748291015625,559.3124389648438,0.06568019184233571,2.5167018415208244
2025-03-27,37.023719787597656,557.8270263671875,0.06637132666144242,2.668188934282754
2025-03-28,36.87013626098633,546.5934448242188,0.06745440621382415,2.91554716222354
2025-03-31,36.5341682434082,550.2625122070312,0.06639407088968212,2.5769376856923922
2025-04-01,36.735748291015625,551.8167724609375,0.06657236627148028,2.5825375212747628
2025-04-02,37.17730712890625,555.308837890625,0.06694888428235098,2.638359389007417
2025-04-03,37.33089065551758,527.9428100585938,0.07071010333747023,3.542493994316389
2025-04-04,34.30717849731445,497.0354309082031,0.06902360750143505,3.033987534164384
2025-04-07,33.08808898925781,496.150146484375,0.06668966889098729,2.4002587157723343
2025-04-08,32.78091812133789,488.3790588378906,0.0671218749619217,2.4707431534844733
2025-04-09,35.564659118652344,539.6682739257812,0.06590096330832936,2.1378033964078553
2025-04-10,35.41107177734375,516.0205688476562,0.06862337262334613,2.761545361508586
2025-04-11,36.255794525146484,525.2278442382812,0.06902869854077698,2.8046966069152495
2025-04-14,36.524566650390625,530.3232421875,0.06887227212545415,2.714695990860709
2025-04-15,37.129310607910156,528.837890625,0.07020924798718446,2.966027958544918
2025-04-16,37.31169509887695,517.0828247070312,0.07215806311110219,3.3302336615100785
2025-04-17,37.67646026611328,517.8206787109375,0.07275966722670296,3.373751713142435
2025-04-21,37.5612678527832,505.4950866699219,0.07430590097369226,3.6064028156342927
2025-04-22,38.53077697753906,518.64697265625,0.07429095128079842,3.5010882345811463
2025-04-23,38.42518615722656,526.6836547851562,0.07295686093182613,3.14414432054308
2025-04-24,38.76115798950195,537.769775390625,0.07207760600034957,2.9025121423546483
2025-04-25,39.2219123840332,541.6553955078125,0.07241119115459359,2.911120790790718
2025-04-28,39.653873443603516,541.8618774414062,0.0731807774166424,3.000157477911323
2025-04-29,39.47148513793945,545.2753295898438,0.07238817345290482,2.790869379286206
2025-04-30,38.97233581542969,545.4916381835938,0.07144442386908402,2.5656566439184343
2025-05-01,38.84754943847656,549.3575439453125,0.07071450982448647,2.3909244260424622
2025-05-02,39.212310791015625,557.51220703125,0.07033444343724957,2.286473074281162
2025-05-05,39.39469909667969,554.3153686523438,0.07106910853375113,2.387653152178681
2025-05-06,39.5098876953125,549.6821899414062,0.07187769299842893,2.4966460772409724
2025-05-07,39.51948547363281,551.9938354492188,0.07159407032412131,2.407309066769167
2025-05-08,39.09712600708008,555.8400268554688,0.0703388099418868,2.152292868410486
2025-05-09,39.39469909667969,555.1317749023438,0.07096459053097766,2.233633677039791
2025-05-12,39.0587272644043,573.4774780273438,0.0681085635634011,1.7120525114708203
2025-05-13,39.50028991699219,577.2646484375,0.06842665668841638,1.7507750495560293
2025-05-14,39.87465286254883,578.00244140625,0.06898699729630184,1.8298489932379527
2025-05-15,40.08583450317383,580.8255004882812,0.0690152799239616,1.8162499301681572
2025-05-16,40.517791748046875,584.5045776367188,0.06931988781314471,1.850071880058823
2025-05-19,40.98815155029297,585.1439208984375,0.07004798321643543,1.9537862865745397
2025-05-20,41.756072998046875,583.176513671875,0.0716010882110746,2.1893291876041854
2025-05-21,41.42970657348633,573.3495483398438,0.07225907248631777,2.2689287742990922
2025-05-22,41.62168884277344,573.5758056640625,0.07256527983181849,2.2875380250915534
2025-05-23,41.573692321777344,569.6607055664062,0.07297974375894711,2.322211866504405
2025-05-27,41.784873962402344,581.50439453125,0.07185650591013173,2.1116716631205454
2025-05-28,41.16093063354492,578.1400756835938,0.0711954288670893,1.9813918277243527
2025-05-29,41.35291290283203,580.4223022460938,0.07124625077776349,1.9666553682448764
2025-05-30,41.55449676513672,579.7730712890625,0.07167372688204508,2.010889687681546
2025-06-02,42.13044357299805,583.0388793945312,0.07226009287193554,2.077147750994779
2025-06-03,41.544891357421875,586.36376953125,0.07085173661161505,1.837564991426334
2025-06-04,41.4873046875,586.2063598632812,0.0707725257316825,1.8071535395496119
2025-06-05,41.85206604003906,583.373291015625,0.07174148471414696,1.9359389478736704
2025-06-06,41.89046096801758,589.3639526367188,0.07107740604189729,1.8150808072282534
2025-06-09,41.756072998046875,589.8950805664062,0.0707855928514499,1.752802011214658
2025-06-10,41.756072998046875,593.2396850585938,0.07038651332626654,1.676424479800078
2025-06-11,41.736873626708984,591.5477294921875,0.07055537794479895,1.6853932621432306
2025-06-12,42.20723342895508,593.8987426757812,0.07106806328431087,1.7442008999072363
2025-06-13,41.51609420776367,587.2588500976562,0.07069471017909716,1.671603303237961
2025-06-16,42.277183532714844,592.84619140625,0.07131222928569722,1.7445702543962578
2025-06-17,41.199623107910156,587.7802734375,0.0700935791311326,1.5501067723347468
2025-06-18,41.49085998535156,587.691650390625,0.07059970982703864,1.6083121770943933
2025-06-20,41.44232177734375,586.3114624023438,0.07068311713971719,1.6045181860149034
2025-06-23,41.78208923339844,592.1027221679688,0.07056560908960932,1.5720637458989775
2025-06-24,42.42280197143555,598.6438598632812,0.07086484104443015,1.599524062926609
2025-06-25,41.830631256103516,598.9793090820312,0.06983652126516901,1.438211463552105
2025-06-26,42.06361770629883,603.6655883789062,0.06968033049433409,1.4033207215038297
2025-06-27,42.45192337036133,606.664794921875,0.06997591375947272,1.4326598265402126
2025-06-30,42.74315643310547,609.5654296875,0.07012070296541946,1.4401768272407256
2025-07-01,42.956729888916016,609.3681640625,0.07049388599912179,1.4794778874495642
2025-07-02,43.29649353027344,612.1305541992188,0.07073081589092273,1.4989659058875215
2025-07-03,43.34503936767578,616.9549560546875,0.07025640841733287,1.4191798695196207
2025-07-07,43.01497268676758,612.357421875,0.07024487848135887,1.40496090248543
2025-07-08,43.39357376098633,612.0220336914062,0.07090197962197263,1.4833492261033971
2025-07-09,43.95662307739258,615.6920776367188,0.07139384226952587,1.5373778159653873
2025-07-10,43.20912551879883,617.4285278320312,0.0699823924082654,1.3292693594775429
2025-07-11,42.86935806274414,615.2579956054688,0.06967704340121068,1.2760294080148853
2025-07-14,43.04409408569336,616.43212890625,0.06982779136134176,1.2859911379770097
2025-07-15,42.209228515625,613.7978515625,0.0687673122481222,1.130347373178809
2025-07-16,42.74315643310547,615.8499755859375,0.06940514431690671,1.208536022405934
2025-07-17,42.72373962402344,619.6187133789062,0.06895166124186637,1.1369215459304247
2025-07-18,42.61695861816406,619.1648559570312,0.06882974414349123,1.1112508342244218
2025-07-21,42.93730926513672,620.3389892578125,0.06921588036326377,1.15500916869202
2025-07-22,43.422698974609375,620.427734375,0.06998832671197731,1.250512733074845
2025-07-23,44.02457809448242,625.7061157226562,0.07035983345573736,1.290422498639974
2025-07-24,44.005165100097656,625.9132080078125,0.07030553843105415,1.272385528116665
2025-07-25,44.14107131958008,628.5573120117188,0.07022600879195105,1.2511982269105202
2025-07-28,43.451820373535156,628.3994140625,0.06914681872891353,1.0965372621315936
2025-07-29,43.65568542480469,626.741943359375,0.069654960685745,1.1563959211340644
2025-07-30,43.37416076660156,625.9526977539062,0.06929303271994866,1.0991724605333453
2025-07-31,43.41299057006836,623.6045532226562,0.06961621807557244,1.1338631392429042
2025-08-01,43.21883773803711,613.3834228515625,0.07045974202745284,1.2373319267392444
2025-08-04,43.976036071777344,622.7067260742188,0.07062078219231561,1.2485202987670496
2025-08-05,44.150779724121094,619.5496826171875,0.0712626944422169,1.3229706945366437
2025-08-06,44.8109016418457,624.295166015625,0.07177838958426945,1.379606530166172
2025-08-07,45.30599594116211,623.772216796875,0.07263227620783172,1.479487780624217
2025-08-08,45.762264251708984,628.6361694335938,0.07279610445091181,1.487307936259438
2025-08-11,45.713722229003906,627.39306640625,0.07286297008485479,1.482345458251472
2025-08-12,45.9952507019043,634.0723266601562,0.07253943874853314,1.4268357322575447
2025-08-13,46.5680046081543,636.2427368164062,0.07319219837568366,1.4983884969800976
2025-08-14,47.00484848022461,636.3020629882812,0.07387190960763912,1.571880391394193
2025-08-15,47.41257858276367,634.8123168945312,0.07468755303095494,1.6610287457726258
2025-08-18,47.17959213256836,634.674072265625,0.07433672524883396,1.5997065857656987
2025-08-19,47.033973693847656,631.23095703125,0.0745115130522966,1.606350875046879
2025-08-20,47.24754333496094,629.5537719726562,0.07504925780511894,1.6585252766072027
2025-08-21,47.0630989074707,627.028076171875,0.0750574028435853,1.642877496417167
2025-08-22,47.80088806152344,636.6571044921875,0.07508105654400972,1.629465196819921
2025-08-25,46.88835906982422,633.8552856445312,0.07397328717097645,1.475232187485691
2025-08-26,46.68449401855469,636.5091552734375,0.07334457585060113,1.3834726868954768
2025-08-27,46.26706314086914,637.95947265625,0.07252351461798749,1.2693360032298324
2025-08-28,46.61654281616211,640.21875,0.07281346073691548,1.2947989423933675
2025-08-29,46.31560134887695,636.4006958007812,0.07277742097782933,1.2795315739710578
2025-09-02,45.64577102661133,631.6847534179688,0.0722603652844677,1.2050914688259688
2025-09-03,45.67489242553711,635.108154296875,0.0719167154704596,1.1529880701205322
2025-09-04,46.092323303222656,640.4160766601562,0.0719724644384311,1.150704865801352
2025-09-05,46.20881271362305,638.5612182617188,0.07236395100756658,1.1896912065237435
2025-09-08,46.66508102416992,640.1299438476562,0.07289938780816616,1.2457570506328834
2025-09-09,46.67478942871094,641.6099243164062,0.07274636451180193,1.2169730189897836
2025-09-10,47.05339431762695,643.4647216796875,0.07312505679378926,1.253423955041099
2025-09-11,47.548484802246094,648.81201171875,0.07328545702519704,1.262733468948163
2025-09-12,47.567901611328125,648.5949096679688,0.07333992435383015,1.258911657146474
2025-09-15,47.79117965698242,652.0479736328125,0.07329396239163079,1.2429788407160185
2025-09-16,47.51936340332031,651.1502075195312,0.07297757545734172,1.194588879255455
2025-09-17,47.3252067565918,650.3411865234375,0.07276981334917537,1.1599864425587285
2025-09-18,47.23783493041992,653.3799438476562,0.07229765066286457,1.094114058290918
2025-09-19,47.402870178222656,656.6160278320312,0.07219267908329031,1.0731940253568582
2025-09-22,47.014556884765625,659.7225341796875,0.07126413673776429,0.9536913330485752
2025-09-23,47.13105010986328,656.1312866210938,0.07183173713994952,1.0147003237015704
2025-09-24,47.15046691894531,654.0437622070312,0.07209069124035203,1.0380553212772092
2025-09-25,46.839820861816406,651.0263061523438,0.07194766235890879,1.0130728518215728
2025-09-26,47.60673141479492,654.756103515625,0.07270910673329652,1.0962688978512063
2025-09-29,47.490234375,656.5962524414062,0.07232790957672723,1.042365693669361
2025-09-30,48.053287506103516,659.0694580078125,0.07291080920568754,1.1038435423738742
2025-10-01,48.18919372558594,661.3153686523438,0.07286870381341341,1.0903840992313443
2025-10-02,47.91737747192383,662.0770263671875,0.07237432438163001,1.0233845337508747
2025-10-03,48.19890213012695,662.0671997070312,0.07280061925957858,1.0658949152230555
2025-10-06,47.781471252441406,664.4415893554688,0.07191222225988454,0.9524614596890812
2025-10-07,47.490234375,661.9781494140625,0.0717398820747106,0.9247060776618147
2025-10-08,47.88825988769531,665.925537109375,0.07191233436634208,0.9378937923775755
2025-10-09,47.24754333496094,663.9963989257812,0.07115632465989032,0.8413051913721509
2025-10-10,46.91748046875,646.0499877929688,0.07262205921406972,1.0078497060024538
2025-10-13,47.305789947509766,655.9630126953125,0.07211655082979927,0.9402916526281981
2025-10-14,47.684391021728516,655.1616821289062,0.07278263110074007,1.011436393920807
2025-10-15,47.51936340332031,658.0702514648438,0.07221016798365175,0.9359486868967831
2025-10-16,47.98533630371094,653.5886840820312,0.07341824831485048,1.0709442319553057
2025-10-17,48.024166107177734,657.2986450195312,0.07306293185154934,1.0206218582130666
2025-10-20,48.46100997924805,664.1348876953125,0.07296862561672965,1.001473869132316
2025-10-21,47.77176284790039,664.125,0.07193188458181878,0.8714532350692815
2025-10-22,47.89796447753906,660.6722412109375,0.07249882996407948,0.9313190664787874
2025-10-23,48.12124252319336,664.5899658203125,0.0724074165997927,0.9131533588149766
2025-10-24,48.24744415283203,670.0213012695312,0.0720088213037624,0.8588617002859801
2025-10-27,48.7619514465332,677.9260864257812,0.07192812376290172,0.8424323902806976
2025-10-28,49.12113571166992,679.7266235351562,0.07226601697046713,0.875542052764751
2025-10-29,49.169677734375,680.0531616210938,0.07230269706733743,0.8728404293039339
2025-10-30,48.810489654541016,672.5738525390625,0.07257268398150543,0.8977598170235346
2025-10-31,48.703704833984375,674.780029296875,0.07217715806547201,0.8437711521367667
2025-11-03,48.66487503051758,676.0463256835938,0.07198452706818487,0.8140891511435984
2025-11-04,48.27656555175781,668.0328369140625,0.0722667552912047,0.8409487495023165
2025-11-05,48.92698669433594,670.3478393554688,0.07298746087013369,0.9196376850582667
2025-11-06,49.169677734375,663.1554565429688,0.07414502474381598,1.049419139961385
2025-11-07,49.04347610473633,663.808349609375,0.07388198134837634,1.0099982660168
2025-11-10,49.76184844970703,674.1666259765625,0.07381238781677248,0.9941552705359391
2025-11-11,50.38314437866211,675.7100219726562,0.0745632634418747,1.075767123650356
2025-11-12,50.985023498535156,676.0859985351562,0.07541203871845004,1.1688414208827562
2025-11-13,50.68408203125,664.8670043945312,0.07623191058699934,1.2580724804051515
2025-11-14,50.14044952392578,664.7581176757812,0.07542660734890115,1.1534764297554587
2025-11-17,49.295875549316406,658.56494140625,0.07485347677945581,1.0772413911933287
2025-11-18,48.52896499633789,653.03466796875,0.0743129995644583,1.0048208269976697
2025-11-19,48.4513053894043,655.557373046875,0.07390856602560068,0.9485702066798907
2025-11-20,47.927085876464844,645.5652465820312,0.07424049874155486,0.9816025871002965
2025-11-21,48.27656555175781,651.9959106445312,0.07404427660295286,0.9506380714983637
2025-11-24,48.48042678833008,661.5922241210938,0.07327841081073003,0.8503109670719038
2025-11-25,49.354122161865234,667.8152465820312,0.07390385651490634,0.9204767575868187
2025-11-26,50.08220672607422,672.4254760742188,0.07447993645104906,0.9848255802732938
2025-11-28,50.1501579284668,676.0958251953125,0.07417610945013493,0.9405794415342277
2025-12-01,50.06278610229492,673.0091552734375,0.07438648599357443,0.9603997892520958
2025-12-02,50.499637603759766,674.2556762695312,0.07489686684309457,1.0175143721705022
2025-12-03,50.87823486328125,676.5905151367188,0.07519797237033433,1.0487240332137053
2025-12-04,50.955902099609375,677.0850830078125,0.07525775324018093,1.0497570633938444
2025-12-05,50.76174545288086,678.3712768554688,0.07482885432322921,0.9889096105453228
2025-12-08,50.78116226196289,676.333251953125,0.07508304835717645,1.0148965810675796
2025-12-09,50.8297004699707,675.7495727539062,0.07521973008850397,1.0255001210038264
2025-12-10,51.50924301147461,680.2312622070312,0.07572313398880152,1.0833536034969218
2025-12-11,51.91696548461914,681.8140869140625,0.07614534002897902,1.1309385371789176
2025-12-12,51.800472259521484,674.4832763671875,0.076800232228918,1.208611488855649
2025-12-15,52.43147659301758,673.4642333984375,0.07785339442369149,1.3387492981444433
2025-12-16,52.04761505126953,671.6241455078125,0.07749515171453004,1.2853514043969003
2025-12-17,51.9688720703125,664.2337646484375,0.07823882921371565,1.3761116779469822
2025-12-18,52.37241744995117,669.2496948242188,0.07825542223625072,1.371631568367904
2025-12-19,52.608642578125,675.3153686523438,0.07790233277692253,1.3191613623476837
2025-12-22,52.78580856323242,679.5225219726562,0.07768073442215724,1.2840849033949604
2025-12-23,52.95313262939453,682.6282348632812,0.07757243243828046,1.2644612429889337
2025-12-24,53.07123947143555,685.0294799804688,0.07747292784092838,1.2466451092434068
2025-12-26,53.04171371459961,684.9599609375,0.07743768503198607,1.2379769906031464
2025-12-29,52.95313262939453,682.51904296875,0.07758484275993902,1.2549807868755645
2025-12-30,53.25825119018555,681.6856079101562,0.07812729295174557,1.327168541821943
2025-12-31,53.0614013671875,676.635009765625,0.07841953283730778,1.3647559991727314
2026-01-02,53.838966369628906,677.8753662109375,0.07942310497365912,1.5023464906167256
2026-01-05,54.13424301147461,682.3900756835938,0.0793303492247376,1.4847021756759973
2026-01-06,53.69132614135742,686.4483642578125,0.07821611782760739,1.3210826196839927
2026-01-07,53.612586975097656,684.2356567382812,0.0783539800171571,1.3382656427858544
2026-01-08,53.9373893737793,684.1661987304688,0.07883667663480734,1.4056827768426226
2026-01-09,53.642112731933594,688.6908569335938,0.07788997369701682,1.2626381642969826
2026-01-12,54.094871520996094,689.7723388671875,0.07842424010483814,1.33956071696022
2026-01-13,53.947235107421875,688.3932495117188,0.07836688570913058,1.3284806351670775
2026-01-14,54.153926849365234,685.0095825195312,0.0790557216005386,1.4311025295249746
2026-01-15,53.415733337402344,686.8750610351562,0.07776630186121777,1.2308358455395592
2026-01-16,53.78975296020508,686.2994995117188,0.07837650034492936,1.3245091249274676
2026-01-20,52.982662200927734,672.3286743164062,0.07880470404567846,1.3913734126806077
2026-01-21,53.71100997924805,680.0880126953125,0.07897655741112322,1.4194426969301388
2026-01-22,54.05550003051758,683.6403198242188,0.0790700876806339,1.4350573086492469
2026-01-23,54.2621955871582,683.8883056640625,0.07934365178897022,1.48277739764899
2026-01-26,55.118499755859375,687.3612060546875,0.08018855191468874,1.6251507734611395
2026-01-27,56.102760314941406,690.099853515625,0.08129658342793888,1.8131269165308772
2026-01-28,55.00039291381836,690.0303344726562,0.07970721019946385,1.5449833220112663
2026-01-29,55.472835540771484,688.6610717773438,0.08055172248607488,1.6918450843664183
2026-01-30,55.40393829345703,686.6071166992188,0.08069234493199665,1.7181218843064905
2026-02-02,55.9649658203125,690.0204467773438,0.08110624269424195,1.7923801333446676
2026-02-03,55.364566802978516,684.18603515625,0.08092034031407074,1.7631505763235842
2026-02-04,55.78779602050781,680.8719482421875,0.08193581210760056,1.9526352345935507
2026-02-05,54.34093475341797,672.3683471679688,0.08082018581377791,1.754146849188478
2026-02-06,55.571258544921875,685.267578125,0.08109424744269032,1.8076600201482342
2026-02-09,56.60472869873047,688.57177734375,0.08220599589063923,2.0179441291044746
2026-02-10,56.211029052734375,686.7559814453125,0.08185007567671335,1.9539716407512209
2026-02-11,55.97480392456055,686.5972290039062,0.08152494877639842,1.8973786211629762
2026-02-12,55.27598190307617,675.9901123046875,0.08177040003532145,1.9500762183482587
2026-02-13,54.734642028808594,676.46630859375,0.08091259140842051,1.7834089657609025
2026-02-17,55.61063003540039,677.5578002929688,0.08207510859052165,2.019345717414799
2026-02-18,55.9354362487793,680.9711303710938,0.08214068666655135,2.0359887631114986
2026-02-19,55.26613998413086,679.1751708984375,0.08137243873480064,1.8831274217999827
2026-02-20,56.12244415283203,684.0867919921875,0.08203994699180359,2.031165443928912
2026-02-23,56.378353118896484,677.1013793945312,0.08326427154720967,2.291282932010209
2026-02-24,56.25040054321289,682.0228881835938,0.08247582525129397,2.127501337938897
2026-02-25,57.342926025390625,687.778076171875,0.08337416968065829,2.319522780360651
2026-02-26,57.20512771606445,683.9578247070312,0.08363838477989179,2.3682941683906407
2026-02-27,56.338985443115234,680.6734619140625,0.08276947552015512,2.173818146696603
2026-03-02,55.14802932739258,681.0604858398438,0.08097376147052089,1.779099686760028
2026-03-03,52.22478103637695,675.057373046875,0.0773634703086941,0.9786202520936443
2026-03-04,53.79959487915039,679.820068359375,0.07913799162914704,1.3776641945197103
2026-03-05,52.70706558227539,676.0297241210938,0.07796560373258712,1.1076362446708816
2026-03-06,52.36257553100586,667.1688842773438,0.07848473866961489,1.2229416685476993
2026-03-09,52.99250030517578,673.0133666992188,0.07873914981076303,1.277348779157238
2026-03-10,53.14998245239258,671.9317016601562,0.07910027510396334,1.3551007686684806
2026-03-11,53.21887969970703,671.08837890625,0.07930234134950148,1.3952341548756124
2026-03-12,52.14603805541992,660.8978881835938,0.0789018076585744,1.2929529761130347
2026-03-13,51.62438201904297,657.1571655273438,0.07855713172908395,1.2050775304039276
2026-03-16,52.520057678222656,663.844970703125,0.07911494399452174,1.3300815117737033
2026-03-17,52.94329071044922,665.5912475585938,0.07954324956141867,1.4237086443363287
2026-03-18,52.421630859375,656.3038330078125,0.07987402819076783,1.493025779304162
2026-03-19,52.441314697265625,654.6864624023438,0.08010141908973416,1.534853793378862
2026-03-20,50.817291259765625,645.3009643554688,0.07874975254457012,1.20151490992381
2026-03-23,52.25430679321289,652.07666015625,0.08013522026795401,1.5249314781988583
2026-03-24,51.94918441772461,649.8877563476562,0.0799356256681569,1.4667302713088148
2026-03-25,52.687381744384766,653.5094604492188,0.08062221732515969,1.6245811995784838
2026-03-26,51.63422393798828,641.838623046875,0.08044736181951037,1.572586394112217
2026-03-27,51.142093658447266,630.89404296875,0.08106288881377262,1.7117441036571706
2026-03-30,51.39800262451172,628.78466796875,0.08174181916768071,1.8628447452296857
2026-03-31,53.45510482788086,647.0621337890625,0.08261201210285446,2.054129857388807
2026-04-01,54.0751838684082,651.9373779296875,0.08294536515168226,2.1154832302156836
2026-04-02,53.99644470214844,652.5244750976562,0.08275006802475475,2.049390623913669
2026-04-06,54.419677734375,655.6087646484375,0.08300633040431805,2.091071973955357
2026-04-07,54.40983200073242,655.8972778320312,0.08295480685721986,2.052569438843662
2026-04-08,56.45709228515625,672.6027221679688,0.08393824530352889,2.259045387849191
2026-04-09,56.52599334716797,676.4830322265625,0.08355862697859466,2.147380812717284
2026-04-10,56.535831451416016,676.0353393554688,0.083628514901776,2.1420478429403533
2026-04-13,56.7130012512207,682.6417846679688,0.08307871349950462,1.9964696435657716
2026-04-14,57.20512771606445,690.959716796875,0.08279082893754476,1.908615957399986
2026-04-15,56.890167236328125,696.412109375,0.08169037624487117,1.633273244112888
2026-04-16,56.46693420410156,698.1234130859375,0.08088388549310924,1.4310215608970176
2026-04-17,57.47087860107422,706.5607299804688,0.08133890855024291,1.5246817752469322
2026-04-20,57.12638854980469,705.1477661132812,0.0810133581854493,1.4348397832706015
2026-04-21,55.876380920410156,700.53125,0.0797628669961692,1.13197725963575
2026-04-22,55.88622283935547,707.6253051757812,0.07897714006351535,0.9416464336354298
2026-04-23,54.95117950439453,704.8792114257812,0.07795829216362199,0.6989575598919621
2026-04-24,55.08897399902344,710.3414916992188,0.07755280332455909,0.5996412271353067
2026-04-27,55.059444427490234,711.5653686523438,0.07737791473996136,0.5539828407097899
2026-04-28,55.20708465576172,708.1029052734375,0.07796477636882908,0.6860175763943703
2026-04-29,54.63621139526367,707.993408203125,0.07717050859827838,0.4964278054020513
2026-04-30,55.7779541015625,715.0377197265625,0.07800700936853029,0.6867808113390912
2026-05-01,55.71889877319336,717.0177001953125,0.07770923752372609,0.6117423174011833
2026-05-04,54.00628662109375,714.3909912109375,0.07559765910478478,0.1132161996895992
2026-05-05,55.33504104614258,720.1220092773438,0.07684120237023773,0.39970339684436956
2026-05-06,56.75237274169922,730.1312866210938,0.0777289972113621,0.6028437024592672
2026-05-07,55.89606475830078,727.8926391601562,0.07679163347879675,0.3780195074421841
2026-05-08,56.329139709472656,733.9021606445312,0.07675292801972813,0.36450679963539306
2026-05-11,56.083072662353516,735.5736694335938,0.07624399158487903,0.2395730700715095
2026-05-12,55.54173278808594,734.4593505859375,0.07562260967033207,0.08848249842658196
2026-05-13,55.54173278808594,738.5685424804688,0.07520186630417545,-0.017956846945384783
2026-05-14,55.38425064086914,744.3989868164062,0.0744012977203699,-0.21547512604888383
2026-05-15,54.75432586669922,735.4443969726562,0.07445066696012231,-0.2097868846809179
2026-05-18,55.58110427856445,734.927001953125,0.07562806119635473,0.06748321341718379
2026-05-19,54.93149185180664,730.03173828125,0.07524534752575907,-0.03083574195746604
2026-05-20,56.24055480957031,737.5138549804688,0.07625694680821922,0.20942064556191556
2026-05-21,56.48662185668945,738.9764404296875,0.07643900233658947,0.24947751575445443
2026-05-22,55.6204719543457,741.8817749023438,0.07497215032902944,-0.1110717091420093
2026-05-26,56.88032531738281,746.8068237304688,0.07616471021683056,0.17682923150751279
2026-05-27,56.890167236328125,746.6774291992188,0.07619109003648405,0.18028118902612988
2026-05-28,56.86064147949219,750.7965698242188,0.07573375234360055,0.06475833759271483
2026-05-29,56.998435974121094,752.6671142578125,0.07572861215057326,0.05922207795022684
2026-06-01,56.565364837646484,754.7166748046875,0.07494913883052205,-0.13603859737146679
2026-06-02,56.57520294189453,755.7415771484375,0.07486051403359859,-0.1612319844047121
2026-06-03,55.97480392456055,750.4384155273438,0.0745894703234592,-0.23058195398517117
2026-06-04,56.59489059448242,753.2740478515625,0.07513187365992305,-0.10120522416834553
2026-06-05,55.89606475830078,733.83251953125,0.07617005688710211,0.15075327448070683
2026-06-08,55.76811218261719,735.4940795898438,0.07582401236148206,0.06099755326719991
2026-06-09,55.9354362487793,733.3350830078125,0.0762754128976854,0.16846729038323344
2026-06-10,55.364566802978516,721.7736206054688,0.07670627634816476,0.2706964906079453
2026-06-11,57.411827087402344,734.04150390625,0.07821332551617523,0.6410946917516583
2026-06-12,57.7760009765625,738.0113525390625,0.0782860599336166,0.6532062224418417
2026-06-15,58.29999923706055,751.0254516601562,0.07762719506800639,0.48231983127897493
2026-06-16,58.86000061035156,746.5481567382812,0.07884287179478794,0.7816318393901011
2026-06-17,58.849998474121094,737.225341796875,0.07982633685744327,1.0214965661158315
2026-06-18,59.0099983215332,744.8902587890625,0.07921972079144025,0.8616225018803251
2026-06-22,59.459999084472656,742.546142578125,0.08007583054438497,1.0699017815037224
2026-06-23,59.029998779296875,731.7628784179688,0.08066820621854513,1.2104623079792383
2026-06-24,58.36000061035156,731.4237060546875,0.07978959408513903,0.9803008312433863
2026-06-25,58.79999923706055,732.4810791015625,0.080275110053604,1.0950259629769594
2026-06-26,58.68000030517578,727.1842651367188,0.08069481576879732,1.1930857009839828
2026-06-29,59.22999954223633,739.1644897460938,0.08013101327768342,1.0421959575714483
2026-06-30,59.38999938964844,744.9202270507812,0.07972665693987098,0.931967146260411
2026-07-01,58.970001220703125,743.9127197265625,0.07927005367293428,0.8084748342077218
2026-07-02,59.65999984741211,742.9351806640625,0.08030310234344513,1.0659562148023918
2026-07-06,60.279998779296875,749.4190673828125,0.08043563528455716,1.0918365789489286
2026-07-07,59.81999969482422,745.85791015625,0.08020294332239837,1.0243420163562293
2026-07-08,58.79999923706055,743.5536499023438,0.07907969955467661,0.7276474063729297
2026-07-09,59.16999816894531,749.8480224609375,0.0789093208177764,0.6772104510187225
2026-07-10,59.45000076293945,753.0799560546875,0.07894248185065529,0.6796445773249906
2026-07-13,58.939998626708984,747.3142700195312,0.07886909295224427,0.6543483365716517
2026-07-14,59.25,749.9677124023438,0.07900340110670455,0.6834367126852096
2026-07-15,59.599998474121094,752.9403076171875,0.0791563393155771,0.7175722530523072
2026-07-16,59.279998779296875,748.8604125976562,0.07916027844717506,0.7128948454943209
2026-07-17,59.15999984741211,741.4487915039062,0.07978973130081693,0.8747436841866073
2026-07-20,58.66999816894531,740.2518310546875,0.07925680924740726,0.7260748018626023
2026-07-21,59.459999084472656,746.426513671875,0.07965954852269751,0.8294464038112299
2026-07-22,60.130001068115234,745.55859375,0.08065093954007586,1.0932935315701873
2026-07-23,59.02000045776367,736.3515014648438,0.08015193876885374,0.9502641331893895
2026-07-24,59.709999084472656,737.099609375,0.08100668936061686,1.17776537731616
2026-07-27,60.689998626708984,737.25927734375,0.08231839258146363,1.5292778811899044
2026-07-28,60.470001220703125,739.0248413085938,0.08182404411958426,1.3836911487453234
2026-07-29,59.400001525878906,727.6531372070312,0.08163230320682101,1.3242445636527633
2026-07-30,61.439998626708984,739.852783203125,0.08304354598858185,1.7069885982701247
2026-07-31,61.47999954223633,745.1796264648438,0.08250359692990995,1.5481926357307765
2026-08-03,61.959999084472656,755.793212890625,0.08198009459161315,1.3940291147520054
2026-08-04,62.0,769.4193725585938,0.08058024298742036,0.9927019343994846
2026-08-05,62.18000030517578,767.8831787109375,0.08097585938730775,1.0979614842210736
2026-08-06,62.29999923706055,766.65625,0.08126197267296856,1.1714566168981615
2026-08-07,62.65999984741211,771.3446044921875,0.0812347678099909,1.1553594015366897
2026-08-10,62.40999984741211,771.1151733398438,0.08093473193777624,1.061315003430458
2026-08-11,62.630001068115234,768.6513061523438,0.08148038072246794,1.208133751768056
2026-08-12,62.79999923706055,770.5764770507812,0.0814974257680617,1.203544393657959
2026-08-13,62.66999816894531,775.9531860351562,0.08076517926186583,0.9860503877250942
2026-08-14,62.849998474121094,774.4169921875,0.08115782467090288,1.0902180352974598
2026-08-17,62.400001525878906,770.7560424804688,0.08095947107344299,1.0250600917705315
2026-08-18,62.08000183105469,765.5490112304688,0.08109213247009928,1.0547896009696398
2026-08-19,62.36000061035156,767.1549682617188,0.08128735808314173,1.1019401378647107
2026-08-20,62.27000045776367,760.7109985351562,0.0818576313181646,1.2549030272299833
2026-08-21,62.91999816894531,763.8232421875,0.08237507671113782,1.390622723964066
2026-08-24,63.22999954223633,761.5787963867188,0.08302489491859362,1.560917277995125
2026-08-25,63.150001525878906,764.0127563476562,0.08265568997534269,1.4427828021941904
2026-08-26,62.880001068115234,764.182373046875,0.08228402445008787,1.326190393229177
2026-08-27,62.40999984741211,769.18994140625,0.08113730625924823,0.993894027845603
2026-08-28,62.349998474121094,767.4442749023438,0.08124368180615466,1.0163801566271302
2026-08-31,62.400001525878906,765.1499633789062,0.08155264263533409,1.095753431389471
2026-09-01,61.560001373291016,759.89306640625,0.08101140028086548,0.9346705193816517
2026-09-02,61.93000030517578,763.2646484375,0.08113830560861739,0.9636854479365558
2026-09-03,62.59000015258789,771.2548217773438,0.08115346366114158,0.96115503020165
2026-09-04,62.75,768.2822265625,0.08167571477054762,1.103380901127652
2026-09-08,62.220001220703125,764.0626831054688,0.08143311091678387,1.0261842394570124
2026-09-09,61.59000015258789,760.5115356445312,0.08098496507405446,0.8899022678425089
2026-09-10,61.41999816894531,755.9528198242188,0.08124845434563928,0.9588820999321721
2026-09-11,62.13999938964844,762.3967895507812,0.08150611366853015,1.0258157785890225
2026-09-14,60.9900016784668,758.9952392578125,0.0803562374621825,0.6854886307447281
2026-09-15,61.099998474121094,755.513916015625,0.08087210199429003,0.8290055497130229
2026-09-16,60.83000183105469,752.1821899414062,0.08087136686364942,0.8220561799034292
2026-09-17,61.63999938964844,760.7109985351562,0.08102945732130064,0.8615362172814788
2026-09-18,60.58000183105469,761.6900024414062,0.07953367070183498,0.4163498430182672
2026-09-21,61.41999816894531,773.5,0.07940529821453822,0.3722656276790759
2026-09-22,61.54999923706055,773.3800048828125,0.0795857131661776,0.4195643734619502
2026-09-23,60.349998474121094,767.8099975585938,0.07860017278495467,0.1177855622698147
2026-09-24,60.779998779296875,767.1799926757812,0.07922521358685011,0.2992378519650027
2026-09-25,61.20000076293945,771.3499755859375,0.07934141790365695,0.3279601862063067
2026-09-28,60.63999938964844,765.6099853515625,0.07920481779218566,0.2795202458869927
2026-09-29,60.04999923706055,764.2000122070312,0.07857890379199871,0.08037917009748177
2026-09-30,59.20000076293945,762.6300048828125,0.07762611015027696,-0.22233625013862907
2026-10-01,57.86000061035156,763.989990234375,0.07573397734255839,-0.8186713577361115
2026-10-02,58.310001373291016,769.6400146484375,0.07576269458901035,-0.8170141611723158
2026-10-05,58.56999969482422,774.8300170898438,0.07559077268947992,-0.8799456480852395
2026-10-06,58.84000015258789,779.0900268554688,0.07552400637199207,-0.9086202254549569
2026-10-07,57.81999969482422,777.219970703125,0.07439335307161034,-1.2773466648960687
2026-10-08,57.900001525878906,773.9299926757812,0.07481297026065079,-1.1547363972658231
