Date,Close
2000-01-03,13.032210350036621
2000-01-04,12.243263244628906
2000-01-05,12.15560531616211
2000-01-06,12.097167015075684
2000-01-07,12.330923080444336
2000-01-10,12.506242752075195
2000-01-11,12.44780445098877
2000-01-12,12.330923080444336
2000-01-13,12.418585777282715
2000-01-14,12.681570053100586
2000-01-18,12.374754905700684
2000-01-19,12.330923080444336
2000-01-20,12.44780445098877
2000-01-21,12.214042663574219
2000-01-24,12.06794261932373
2000-01-25,12.126382827758789
2000-01-26,12.272482872009277
2000-01-27,12.330923080444336
2000-01-28,11.688080787658691
2000-01-31,11.834183692932129
2000-02-01,12.097167015075684
2000-02-02,12.506242752075195
2000-02-03,13.178305625915527
2000-02-04,13.324411392211914
2000-02-07,13.09065055847168
2000-02-08,13.499733924865723
2000-02-09,13.470514297485352
2000-02-10,13.236749649047852
2000-02-11,13.295190811157227
2000-02-14,13.324411392211914
2000-02-15,13.002991676330566
2000-02-16,12.856887817382812
2000-02-17,13.149087905883789
2000-02-18,12.798449516296387
2000-02-22,12.973769187927246
2000-02-23,13.032210350036621
2000-02-24,13.061430931091309
2000-02-25,13.149087905883789
2000-02-28,12.798449516296387
2000-02-29,13.207530975341797
2000-03-01,13.295190811157227
2000-03-02,13.645833969116211
2000-03-03,13.733490943908691
2000-03-06,13.587390899658203
2000-03-07,13.324411392211914
2000-03-08,13.38284969329834
2000-03-09,13.587390899658203
2000-03-10,13.675052642822266
2000-03-13,13.236749649047852
2000-03-14,13.207530975341797
2000-03-15,13.061430931091309
2000-03-16,13.353632926940918
2000-03-17,13.38284969329834
2000-03-20,13.470514297485352
2000-03-21,13.280580520629883
2000-03-22,13.178305625915527
2000-03-23,13.38284969329834
2000-03-24,13.499733924865723
2000-03-27,13.558175086975098
2000-03-28,13.528952598571777
2000-03-29,13.441289901733398
2000-03-30,13.178305625915527
2000-03-31,12.973769187927246
2000-04-03,12.710786819458008
2000-04-04,12.740011215209961
2000-04-05,12.652348518371582
2000-04-06,12.944546699523926
2000-04-07,12.973769187927246
2000-04-10,13.09065055847168
2000-04-11,12.915329933166504
2000-04-12,12.798449516296387
2000-04-13,12.856887817382812
2000-04-14,12.506242752075195
2000-04-17,12.56468391418457
2000-04-18,12.623128890991211
2000-04-19,12.47702407836914
2000-04-20,12.593903541564941
2000-04-24,12.47702407836914
2000-04-25,12.593903541564941
2000-04-26,12.681570053100586
2000-04-27,12.330923080444336
2000-04-28,12.652348518371582
2000-05-01,12.740011215209961
2000-05-02,12.856887817382812
2000-05-03,12.272482872009277
2000-05-04,12.506242752075195
2000-05-05,12.710786819458008
2000-05-08,12.506242752075195
2000-05-09,12.03872299194336
2000-05-10,12.272482872009277
2000-05-11,12.433194160461426
2000-05-12,12.856887817382812
2000-05-15,12.76922607421875
2000-05-16,12.973769187927246
2000-05-17,12.535469055175781
2000-05-18,12.506242752075195
2000-05-19,12.097167015075684
2000-05-22,11.951062202453613
2000-05-23,12.03872299194336
2000-05-24,11.951062202453613
2000-05-25,12.03872299194336
2000-05-26,12.418585777282715
2000-05-30,12.886110305786133
2000-05-31,13.149087905883789
2000-06-01,13.441289901733398
2000-06-02,13.821157455444336
2000-06-05,13.850373268127441
2000-06-06,13.704277992248535
2000-06-07,13.528952598571777
2000-06-08,13.499733924865723
2000-06-09,13.528952598571777
2000-06-12,13.558175086975098
2000-06-13,13.879593849182129
2000-06-14,13.879593849182129
2000-06-15,13.616610527038574
2000-06-16,13.499733924865723
2000-06-19,13.675052642822266
2000-06-20,13.733490943908691
2000-06-21,13.441289901733398
2000-06-22,13.38284969329834
2000-06-23,13.38284969329834
2000-06-26,13.587390899658203
2000-06-27,13.499733924865723
2000-06-28,13.675052642822266
2000-06-29,13.265969276428223
2000-06-30,13.470514297485352
2000-07-03,13.528952598571777
2000-07-05,13.38284969329834
2000-07-06,13.470514297485352
2000-07-07,13.645833969116211
2000-07-10,13.675052642822266
2000-07-11,13.558175086975098
2000-07-12,13.558175086975098
2000-07-13,13.528952598571777
2000-07-14,13.528952598571777
2000-07-17,13.616610527038574
2000-07-18,13.38284969329834
2000-07-19,13.178305625915527
2000-07-20,13.470514297485352
2000-07-21,13.295190811157227
2000-07-24,13.295190811157227
2000-07-25,13.38284969329834
2000-07-26,13.353632926940918
2000-07-27,13.295190811157227
2000-07-28,12.973769187927246
2000-07-31,13.207530975341797
2000-08-01,13.09065055847168
2000-08-02,13.002991676330566
2000-08-03,12.623128890991211
2000-08-04,12.740011215209961
2000-08-07,12.944546699523926
2000-08-08,12.944546699523926
2000-08-09,12.973769187927246
2000-08-10,13.061430931091309
2000-08-11,12.944546699523926
2000-08-14,13.119874000549316
2000-08-15,13.295190811157227
2000-08-16,13.353632926940918
2000-08-17,13.295190811157227
2000-08-18,13.09065055847168
2000-08-21,12.973769187927246
2000-08-22,12.886110305786133
2000-08-23,12.856887817382812
2000-08-24,12.87916088104248
2000-08-25,13.09329891204834
2000-08-28,13.09329891204834
2000-08-29,13.06270694732666
2000-08-30,12.970932006835938
2000-08-31,12.970932006835938
2000-09-01,13.490995407104492
2000-09-05,13.338041305541992
2000-09-06,13.03211498260498
2000-09-07,13.154484748840332
2000-09-08,12.817972183227539
2000-09-11,12.665018081665039
2000-09-12,12.72619915008545
2000-09-13,12.512056350708008
2000-09-14,12.54265022277832
2000-09-15,12.389690399169922
2000-09-18,12.206135749816895
2000-09-19,12.23672866821289
2000-09-20,11.93080997467041
2000-09-21,11.747262001037598
2000-09-22,12.114364624023438
2000-09-25,12.175551414489746
2000-09-26,12.206135749816895
2000-09-27,12.23672866821289
2000-09-28,12.328509330749512
2000-09-29,12.114364624023438
2000-10-02,12.175551414489746
2000-10-03,12.26732063293457
2000-10-04,12.114364624023438
2000-10-05,11.961404800415039
2000-10-06,11.747262001037598
2000-10-09,11.563712120056152
2000-10-10,11.563712120056152
2000-10-11,11.410748481750488
2000-10-12,11.135422706604004
2000-10-13,11.31897258758545
2000-10-16,11.31897258758545
2000-10-17,11.257789611816406
2000-10-18,10.8906888961792
2000-10-19,11.257789611816406
2000-10-20,11.380158424377441
2000-10-23,11.31897258758545
2000-10-24,11.471932411193848
2000-10-25,11.288384437561035
2000-10-26,11.257789611816406
2000-10-27,11.441344261169434
2000-10-30,11.50252628326416
2000-10-31,11.900221824645996
2000-11-01,11.93080997467041
2000-11-02,12.022590637207031
2000-11-03,12.144953727722168
2000-11-06,11.839035987854004
2000-11-07,11.99199390411377
2000-11-08,11.839035987854004
2000-11-09,11.808448791503906
2000-11-10,11.53311824798584
2000-11-13,11.31897258758545
2000-11-14,11.655486106872559
2000-11-15,11.77785587310791
2000-11-16,11.624897003173828
2000-11-17,11.441344261169434
2000-11-20,11.19660758972168
2000-11-21,11.19660758972168
2000-11-22,10.8906888961792
2000-11-24,11.257789611816406
2000-11-27,11.471932411193848
2000-11-28,11.31897258758545
2000-11-29,11.31897258758545
2000-11-30,11.19660758972168
2000-12-01,11.288384437561035
2000-12-04,11.19660758972168
2000-12-05,11.380158424377441
2000-12-06,11.563712120056152
2000-12-07,11.53311824798584
2000-12-08,11.471932411193848
2000-12-11,11.624897003173828
2000-12-12,11.471932411193848
2000-12-13,11.441344261169434
2000-12-14,11.410748481750488
2000-12-15,11.441344261169434
2000-12-18,11.410748481750488
2000-12-19,11.594301223754883
2000-12-20,12.349153518676758
2000-12-21,12.382265090942383
2000-12-22,12.580912590026855
2000-12-26,12.647124290466309
2000-12-27,12.812661170959473
2000-12-28,12.978201866149902
2000-12-29,13.077527046203613
2001-01-02,13.077527046203613
2001-01-03,12.87888240814209
2001-01-04,12.945096015930176
2001-01-05,12.945096015930176
2001-01-08,12.746450424194336
2001-01-09,12.647124290466309
2001-01-10,12.580912590026855
2001-01-11,12.779559135437012
2001-01-12,13.04442024230957
2001-01-16,12.812661170959473
2001-01-17,12.978201866149902
2001-01-18,13.04442024230957
2001-01-19,12.87888240814209
2001-01-22,12.978201866149902
2001-01-23,12.87888240814209
2001-01-24,12.746450424194336
2001-01-25,12.87888240814209
2001-01-26,12.812661170959473
2001-01-29,12.766312599182129
2001-01-30,12.88814640045166
2001-01-31,13.237767219543457
2001-02-01,13.02057933807373
2001-02-02,12.792801856994629
2001-02-05,12.898747444152832
2001-02-06,12.819289207458496
2001-02-07,12.612692832946777
2001-02-08,12.474964141845703
2001-02-09,12.554422378540039
2001-02-12,12.633879661560059
2001-02-13,12.48556137084961
2001-02-14,12.316049575805664
2001-02-15,12.236594200134277
2001-02-16,12.098861694335938
2001-02-20,11.918756484985352
2001-02-21,11.728055000305176
2001-02-22,11.653898239135742
2001-02-23,11.547950744628906
2001-02-26,11.653898239135742
2001-02-27,11.653898239135742
2001-02-28,11.733354568481445
2001-03-01,11.706869125366211
2001-03-02,11.728055000305176
2001-03-05,11.75454330444336
2001-03-06,11.977028846740723
2001-03-07,12.008810997009277
2001-03-08,11.876375198364258
2001-03-09,11.733354568481445
2001-03-12,11.431411743164062
2001-03-13,11.230116844177246
2001-03-14,10.912284851074219
2001-03-15,10.965258598327637
2001-03-16,10.700393676757812
2001-03-19,10.801045417785645
2001-03-20,10.859310150146484
2001-03-21,10.567962646484375
2001-03-22,10.30310344696045
2001-03-23,10.43023681640625
2001-03-26,10.790448188781738
2001-03-27,11.071203231811523
2001-03-28,10.806342124938965
2001-03-29,10.658016204833984
2001-03-30,10.753368377685547
2001-04-02,10.72158432006836
2001-04-03,10.409049034118652
2001-04-04,10.827529907226562
2001-04-05,11.092392921447754
2001-04-06,10.981146812438965
2001-04-09,11.071203231811523
2001-04-10,11.256603240966797
2001-04-11,11.23541259765625
2001-04-12,11.362547874450684
2001-04-16,11.23541259765625
2001-04-17,11.177145957946777
2001-04-18,11.468493461608887
2001-04-19,11.494976997375488
2001-04-20,11.653898239135742
2001-04-23,11.415518760681152
2001-04-24,11.389031410217285
2001-04-25,11.521465301513672
2001-04-26,11.653898239135742
2001-04-27,11.706869125366211
2001-04-30,11.759842872619629
2001-05-01,11.892266273498535
2001-05-02,11.812813758850098
2001-05-03,11.468493461608887
2001-05-04,11.494976997375488
2001-05-07,11.563840866088867
2001-05-08,11.547950744628906
2001-05-09,11.44200611114502
2001-05-10,11.653898239135742
2001-05-11,11.569141387939453
2001-05-14,11.415518760681152
2001-05-15,11.494976997375488
2001-05-16,11.606216430664062
2001-05-17,11.664491653442383
2001-05-18,11.680381774902344
2001-05-21,11.706869125366211
2001-05-22,11.706869125366211
2001-05-23,11.415518760681152
2001-05-24,11.494976997375488
2001-05-25,11.341360092163086
2001-05-29,11.26190185546875
2001-05-30,11.203631401062012
2001-05-31,10.997036933898926
2001-06-01,10.975848197937012
2001-06-04,11.023527145385742
2001-06-05,11.203631401062012
2001-06-06,11.102980613708496
2001-06-07,10.991740226745605
2001-06-08,11.028822898864746
2001-06-11,10.912284851074219
2001-06-12,10.933470726013184
2001-06-13,10.83812427520752
2001-06-14,10.859310150146484
2001-06-15,10.875202178955078
2001-06-18,10.673908233642578
2001-06-19,10.626235008239746
2001-06-20,10.647425651550293
2001-06-21,10.589151382446289
2001-06-22,10.673908233642578
2001-06-25,10.726880073547363
2001-06-26,10.620936393737793
2001-06-27,10.409049034118652
2001-06-28,10.382562637329102
2001-06-29,10.59444808959961
2001-07-02,10.726880073547363
2001-07-03,10.514992713928223
2001-07-05,10.297806739807129
2001-07-06,10.107105255126953
2001-07-09,10.197155952453613
2001-07-10,10.213053703308105
2001-07-11,10.122998237609863
2001-07-12,10.186562538146973
2001-07-13,10.25013256072998
2001-07-16,10.202457427978516
2001-07-17,10.255430221557617
2001-07-18,10.149480819702148
2001-07-19,10.202457427978516
2001-07-20,10.175971984863281
2001-07-23,10.266020774841309
2001-07-24,10.165376663208008
2001-07-25,10.048835754394531
2001-07-26,10.202457427978516
2001-07-27,10.377264976501465
2001-07-30,10.546775817871094
2001-07-31,10.626235008239746
2001-08-01,10.827529907226562
2001-08-02,10.716286659240723
2001-08-03,10.631532669067383
2001-08-06,10.652719497680664
2001-08-07,10.636826515197754
2001-08-08,10.488505363464355
2001-08-09,10.446128845214844
2001-08-10,10.446128845214844
2001-08-13,10.599745750427246
2001-08-14,10.753368377685547
2001-08-15,10.806342124938965
2001-08-16,10.801045417785645
2001-08-17,10.567962646484375
2001-08-20,10.647425651550293
2001-08-21,10.620936393737793
2001-08-22,10.726880073547363
2001-08-23,10.673908233642578
2001-08-24,10.818902015686035
2001-08-27,10.808284759521484
2001-08-28,10.611766815185547
2001-08-29,10.691435813903809
2001-08-30,10.420565605163574
2001-08-31,10.409940719604492
2001-09-04,10.14438247680664
2001-09-05,9.894755363464355
2001-09-06,9.74604320526123
2001-09-07,9.692928314208984
2001-09-10,9.63982105255127
2001-09-17,8.816584587097168
2001-09-18,8.975916862487793
2001-09-19,8.79002571105957
2001-09-20,8.391688346862793
2001-09-21,8.126130104064941
2001-09-24,8.566957473754883
2001-09-25,8.710360527038574
2001-09-26,8.949365615844727
2001-09-27,8.95467472076416
2001-09-28,8.965298652648926
2001-10-01,8.975916862487793
2001-10-02,9.044965744018555
2001-10-03,8.928119659423828
2001-10-04,9.241480827331543
2001-10-05,9.268038749694824
2001-10-08,9.26272201538086
2001-10-09,9.220235824584961
2001-10-10,9.56015396118164
2001-10-11,9.427373886108398
2001-10-12,9.528284072875977
2001-10-15,9.368949890136719
2001-10-16,9.501728057861328
2001-10-17,9.507038116455078
2001-10-18,9.522972106933594
2001-10-19,9.273344993591309
2001-10-22,9.395502090454102
2001-10-23,9.45923900604248
2001-10-24,9.634510040283203
2001-10-25,9.538907051086426
2001-10-26,9.666376113891602
2001-10-29,9.480484008789062
2001-10-30,9.29458999633789
2001-10-31,9.4008150100708
2001-11-01,9.56015396118164
2001-11-02,9.485795974731445
2001-11-05,9.666376113891602
2001-11-06,9.708866119384766
2001-11-07,9.714178085327148
2001-11-08,9.719489097595215
2001-11-09,9.634510040283203
2001-11-12,9.533594131469727
2001-11-13,9.74604320526123
2001-11-14,9.74604320526123
2001-11-15,9.629195213317871
2001-11-16,9.67699909210205
2001-11-19,9.777909278869629
2001-11-20,9.671686172485352
2001-11-21,9.63982105255127
2001-11-23,9.671686172485352
2001-11-26,9.767287254333496
2001-11-27,9.507038116455078
2001-11-28,9.46986198425293
2001-11-29,9.533594131469727
2001-11-30,9.618575096130371
2001-12-03,9.538907051086426
2001-12-04,9.698243141174316
2001-12-05,10.091270446777344
2001-12-06,10.054091453552246
2001-12-07,9.910689353942871
2001-12-10,9.74604320526123
2001-12-11,9.724802017211914
2001-12-12,9.81509017944336
2001-12-13,9.480484008789062
2001-12-14,9.528284072875977
2001-12-17,9.772599220275879
2001-12-18,9.730109214782715
2001-12-19,9.698243141174316
2001-12-20,9.719489097595215
2001-12-21,9.714178085327148
2001-12-24,9.507038116455078
2001-12-26,9.544218063354492
2001-12-27,9.841644287109375
2001-12-28,9.825712203979492
2001-12-31,9.958489418029785
2002-01-02,9.995670318603516
2002-01-03,10.170940399169922
2002-01-04,10.14438247680664
2002-01-07,9.931937217712402
2002-01-08,9.852267265319824
2002-01-09,9.900066375732422
2002-01-10,9.825712203979492
2002-01-11,9.799151420593262
2002-01-14,9.613264083862305
2002-01-15,9.724802017211914
2002-01-16,9.45923900604248
2002-01-17,9.570775032043457
2002-01-18,9.602638244628906
2002-01-22,9.507038116455078
2002-01-23,9.56015396118164
2002-01-24,9.64513111114502
2002-01-25,9.416747093200684
2002-01-28,9.491104125976562
2002-01-29,9.411436080932617
2002-01-30,9.347705841064453
2002-01-31,9.422059059143066
2002-02-01,9.4008150100708
2002-02-04,9.29458999633789
2002-02-05,9.082144737243652
2002-02-06,9.082144737243652
2002-02-07,9.087457656860352
2002-02-08,9.161813735961914
2002-02-11,9.411436080932617
2002-02-12,9.29458999633789
2002-02-13,9.379571914672852
2002-02-14,9.453924179077148
2002-02-15,9.358327865600586
2002-02-19,9.18836784362793
2002-02-20,9.18836784362793
2002-02-21,9.151187896728516
2002-02-22,9.241480827331543
2002-02-25,9.29458999633789
2002-02-26,9.283968925476074
2002-02-27,9.374261856079102
2002-02-28,9.46986198425293
2002-03-01,9.507038116455078
2002-03-04,9.809776306152344
2002-03-05,9.730109214782715
2002-03-06,9.825712203979492
2002-03-07,10.016915321350098
2002-03-08,9.873512268066406
2002-03-11,9.799151420593262
2002-03-12,9.735419273376465
2002-03-13,9.666376113891602
2002-03-14,9.894755363464355
2002-03-15,9.958489418029785
2002-03-18,10.043471336364746
2002-03-19,9.985048294067383
2002-03-20,9.958489418029785
2002-03-21,9.905379295349121
2002-03-22,9.878824234008789
2002-03-25,9.761974334716797
2002-03-26,9.91600227355957
2002-03-27,9.905379295349121
2002-03-28,9.958489418029785
2002-04-01,10.075336456298828
2002-04-02,9.889448165893555
2002-04-03,9.900066375732422
2002-04-04,9.661066055297852
2002-04-05,9.634510040283203
2002-04-08,9.549527168273926
2002-04-09,9.56015396118164
2002-04-10,9.793846130371094
2002-04-11,9.496417045593262
2002-04-12,9.63982105255127
2002-04-15,9.586705207824707
2002-04-16,9.900066375732422
2002-04-17,9.91600227355957
2002-04-18,9.878824234008789
2002-04-19,10.085958480834961
2002-04-22,9.878824234008789
2002-04-23,9.894755363464355
2002-04-24,9.825712203979492
2002-04-25,9.846957206726074
2002-04-26,9.761974334716797
2002-04-29,9.772599220275879
2002-04-30,9.905379295349121
2002-05-01,9.74604320526123
2002-05-02,9.772599220275879
2002-05-03,9.756665229797363
2002-05-06,9.825712203979492
2002-05-07,9.719489097595215
2002-05-08,9.86820125579834
2002-05-09,9.825712203979492
2002-05-10,9.730109214782715
2002-05-13,9.831026077270508
2002-05-14,9.937243461608887
2002-05-15,10.00097942352295
2002-05-16,10.091270446777344
2002-05-17,10.096583366394043
2002-05-20,10.00097942352295
2002-05-21,9.979732513427734
2002-05-22,10.038156509399414
2002-05-23,10.0062894821167
2002-05-24,9.878824234008789
2002-05-28,10.054091453552246
2002-05-29,10.038156509399414
2002-05-30,9.953180313110352
2002-05-31,9.878824234008789
2002-06-03,9.825712203979492
2002-06-04,9.63982105255127
2002-06-05,9.634510040283203
2002-06-06,9.692928314208984
2002-06-07,9.432682991027832
2002-06-10,9.597333908081055
2002-06-11,9.57608413696289
2002-06-12,9.512350082397461
2002-06-13,9.252104759216309
2002-06-14,9.108698844909668
2002-06-17,9.533594131469727
2002-06-18,9.507038116455078
2002-06-19,9.321145057678223
2002-06-20,9.214920997619629
2002-06-21,9.18836784362793
2002-06-24,9.044965744018555
2002-06-25,9.135254859924316
2002-06-26,9.183060646057129
2002-06-27,9.374261856079102
2002-06-28,9.719489097595215
2002-07-01,9.618575096130371
2002-07-02,9.214920997619629
2002-07-03,8.949365615844727
2002-07-05,9.368949890136719
2002-07-08,9.464548110961914
2002-07-09,9.363637924194336
2002-07-10,9.023721694946289
2002-07-11,8.869694709777832
2002-07-12,8.779403686523438
2002-07-15,8.434179306030273
2002-07-16,8.423556327819824
2002-07-17,8.742227554321289
2002-07-18,8.79002571105957
2002-07-19,8.444802284240723
2002-07-22,7.887126445770264
2002-07-23,7.573766231536865
2002-07-24,7.908370494842529
2002-07-25,7.966794490814209
2002-07-26,7.860568523406982
2002-07-29,8.317329406738281
2002-07-30,8.365131378173828
2002-07-31,8.285466194152832
2002-08-01,7.966794490814209
2002-08-02,7.972104072570801
2002-08-05,7.5950093269348145
2002-08-06,7.918995380401611
2002-08-07,7.956169605255127
2002-08-08,8.025215148925781
2002-08-09,8.391688346862793
2002-08-12,8.189866065979004
2002-08-13,8.184552192687988
2002-08-14,8.168621063232422
2002-08-15,8.232352256774902
2002-08-16,8.285466194152832
2002-08-19,8.418245315551758
2002-08-20,8.285466194152832
2002-08-21,8.450113296508789
2002-08-22,8.705049514770508
2002-08-23,8.418245315551758
2002-08-26,8.519158363342285
2002-08-27,8.609447479248047
2002-08-28,8.370442390441895
2002-08-29,8.126130104064941
2002-08-30,8.221729278564453
2002-09-03,7.727787971496582
2002-09-04,7.8765034675598145
2002-09-05,7.759657859802246
2002-09-06,7.934924602508545
2002-09-09,7.887126445770264
2002-09-10,8.014594078063965
2002-09-11,8.152685165405273
2002-09-12,7.940237045288086
2002-09-13,7.770277976989746
2002-09-16,7.6215643882751465
2002-09-17,7.6215643882751465
2002-09-18,7.435673713684082
2002-09-19,7.1966705322265625
2002-09-20,7.117002010345459
2002-09-23,6.862064838409424
2002-09-24,6.745215892791748
2002-09-25,7.010776519775391
2002-09-26,7.228537559509277
2002-09-27,7.138247966766357
2002-09-30,6.989534378051758
2002-10-01,7.255093574523926
2002-10-02,7.228537559509277
2002-10-03,7.1966705322265625
2002-10-04,6.925798416137695
2002-10-07,6.787705421447754
2002-10-08,6.851442813873291
2002-10-09,6.638993263244629
2002-10-10,7.010776519775391
2002-10-11,7.382561206817627
2002-10-14,7.2657151222229
2002-10-15,7.674675941467285
2002-10-16,7.600319862365723
2002-10-17,7.711858749389648
2002-10-18,7.786210060119629
2002-10-21,7.897744655609131
2002-10-22,7.701233863830566
2002-10-23,7.462230205535889
2002-10-24,7.494095802307129
2002-10-25,7.515342712402344
2002-10-28,7.695919513702393
2002-10-29,7.32944917678833
2002-10-30,7.669368743896484
2002-10-31,7.786210060119629
2002-11-01,7.860568523406982
2002-11-04,8.019905090332031
2002-11-05,8.136750221252441
2002-11-06,8.051772117614746
2002-11-07,7.8499436378479
2002-11-08,7.727787971496582
2002-11-11,7.685300350189209
2002-11-12,7.759657859802246
2002-11-13,7.727787971496582
2002-11-14,7.918995380401611
2002-11-15,8.073017120361328
2002-11-18,8.104884147644043
2002-11-19,7.993348598480225
2002-11-20,8.019905090332031
2002-11-21,8.253597259521484
2002-11-22,8.189866065979004
2002-11-25,8.051772117614746
2002-11-26,7.8499436378479
2002-11-27,8.189866065979004
2002-11-29,8.242972373962402
2002-12-02,8.073017120361328
2002-12-03,7.918995380401611
2002-12-04,7.966794490814209
2002-12-05,7.8074564933776855
2002-12-06,7.982726573944092
2002-12-09,7.727787971496582
2002-12-10,7.8765034675598145
2002-12-11,7.860568523406982
2002-12-12,7.834014892578125
2002-12-13,7.695919513702393
2002-12-16,8.046462059020996
2002-12-17,7.887126445770264
2002-12-18,7.759657859802246
2002-12-19,7.6534342765808105
2002-12-20,7.865879535675049
2002-12-23,7.740632057189941
2002-12-24,7.934149265289307
2002-12-26,7.848141670227051
2002-12-27,7.7460103034973145
2002-12-30,7.885767936706543
2002-12-31,7.955649375915527
2003-01-02,8.224424362182617
2003-01-03,8.170666694641113
2003-01-06,8.391059875488281
2003-01-07,8.12228775024414
2003-01-08,8.063158988952637
2003-01-09,8.208297729492188
2003-01-10,8.181417465209961
2003-01-13,8.267426490783691
2003-01-14,8.310428619384766
2003-01-15,8.057784080505371
2003-01-16,8.084661483764648
2003-01-17,7.955649375915527
2003-01-21,7.794390678405762
2003-01-22,7.649251461029053
2003-01-23,7.70837926864624
2003-01-24,7.686878681182861
2003-01-27,7.364351749420166
2003-01-28,7.358973026275635
2003-01-29,7.52561616897583
2003-01-30,7.606248378753662
2003-01-31,7.67075252532959
2003-02-03,7.848141670227051
2003-02-04,7.67075252532959
2003-02-05,7.590119361877441
2003-02-06,7.471858978271484
2003-02-07,7.267596244812012
2003-02-10,7.208461284637451
2003-02-11,7.3804779052734375
2003-02-12,7.1923394203186035
2003-02-13,7.2299652099609375
2003-02-14,7.46648645401001
2003-02-18,7.638497829437256
2003-02-19,7.52561616897583
2003-02-20,7.3858537673950195
2003-02-21,7.434232711791992
2003-02-24,7.353602886199951
2003-02-25,7.074077606201172
2003-02-26,7.01494836807251
2003-02-27,7.095581531524658
2003-02-28,7.2998433113098145
2003-03-03,7.337475299835205
2003-03-04,7.084828853607178
2003-03-05,7.246090412139893
2003-03-06,7.074077606201172
2003-03-07,6.934316158294678
2003-03-10,6.821432590484619
2003-03-11,6.773053169250488
2003-03-12,6.5472846031188965
2003-03-13,6.864434242248535
2003-03-14,7.068701267242432
2003-03-17,7.364351749420166
2003-03-18,7.332100868225098
2003-03-19,7.4127302169799805
2003-03-20,7.375102519989014
2003-03-21,7.536365985870361
2003-03-24,7.117080211639404
2003-03-25,7.2783427238464355
2003-03-26,7.342851161956787
2003-03-27,7.165461540222168
2003-03-28,7.176211357116699
2003-03-31,6.998823642730713
2003-04-01,7.095581531524658
2003-04-02,7.310596466064453
2003-04-03,7.444981575012207
2003-04-04,7.428856372833252
2003-04-07,7.643876552581787
2003-04-08,7.573993682861328
2003-04-09,7.579370975494385
2003-04-10,7.461108684539795
2003-04-11,7.434232711791992
2003-04-14,7.606248378753662
2003-04-15,7.794390678405762
2003-04-16,7.692254066467285
2003-04-17,7.842767715454102
2003-04-21,7.842767715454102
2003-04-22,7.912647724151611
2003-04-23,7.977154731750488
2003-04-24,7.939521312713623
2003-04-25,7.794390678405762
2003-04-28,8.009405136108398
2003-04-29,8.084661483764648
2003-04-30,8.208297729492188
2003-05-01,8.138413429260254
2003-05-02,8.21904468536377
2003-05-05,8.342680931091309
2003-05-06,8.643705368041992
2003-05-07,8.525445938110352
2003-05-08,8.434063911437988
2003-05-09,8.417938232421875
2003-05-12,8.520071983337402
2003-05-13,8.39643669128418
2003-05-14,8.493193626403809
2003-05-15,8.444815635681152
2003-05-16,8.568449020385742
2003-05-19,8.272802352905273
2003-05-20,8.326555252075195
2003-05-21,8.305054664611816
2003-05-22,8.471691131591797
2003-05-23,8.471691131591797
2003-05-27,8.546947479248047
2003-05-28,8.536197662353516
2003-05-29,8.611454010009766
2003-05-30,8.702836990356445
2003-06-02,8.95548152923584
2003-06-03,8.89635181427002
2003-06-04,8.95548152923584
2003-06-05,9.003862380981445
2003-06-06,9.009239196777344
2003-06-09,8.907102584838867
2003-06-10,9.04686450958252
2003-06-11,9.218880653381348
2003-06-12,9.22962760925293
2003-06-13,9.267257690429688
2003-06-16,9.498400688171387
2003-06-17,9.487652778625488
2003-06-18,9.353262901306152
2003-06-19,9.353262901306152
2003-06-20,9.315635681152344
2003-06-23,9.009239196777344
2003-06-24,9.003862380981445
2003-06-25,8.982358932495117
2003-06-26,8.97160816192627
2003-06-27,8.772716522216797
2003-06-30,8.869475364685059
2003-07-01,8.761967658996582
2003-07-02,8.960858345031738
2003-07-03,8.869475364685059
2003-07-07,9.084491729736328
2003-07-08,9.073740005493164
2003-07-09,8.944733619689941
2003-07-10,8.80496883392334
2003-07-11,8.944733619689941
2003-07-14,8.976984977722168
2003-07-15,8.880227088928223
2003-07-16,8.917851448059082
2003-07-17,8.810345649719238
2003-07-18,8.944733619689941
2003-07-21,8.772716522216797
2003-07-22,8.880227088928223
2003-07-23,8.917851448059082
2003-07-24,8.998485565185547
2003-07-25,9.084491729736328
2003-07-28,9.095244407653809
2003-07-29,8.976984977722168
2003-07-30,9.036114692687988
2003-07-31,9.04686450958252
2003-08-01,8.885600090026855
2003-08-04,8.976984977722168
2003-08-05,8.976984977722168
2003-08-06,8.933980941772461
2003-08-07,8.92860221862793
2003-08-08,8.960858345031738
2003-08-11,9.04686450958252
2003-08-12,9.08986759185791
2003-08-13,9.025362014770508
2003-08-14,9.18124771118164
2003-08-15,9.186626434326172
2003-08-18,9.192000389099121
2003-08-19,9.143620491027832
2003-08-20,9.06299114227295
2003-08-21,9.036114692687988
2003-08-22,8.993110656738281
2003-08-25,8.97160816192627
2003-08-26,8.92860221862793
2003-08-27,8.960858345031738
2003-08-28,9.030736923217773
2003-08-29,9.068367004394531
2003-09-02,9.1382474899292
2003-09-03,9.310259819030762
2003-09-04,9.34788990020752
2003-09-05,9.374764442443848
2003-09-08,9.476897239685059
2003-09-09,9.42314338684082
2003-09-10,9.272632598876953
2003-09-11,9.358638763427734
2003-09-12,9.34788990020752
2003-09-15,9.4446439743042
2003-09-16,9.541403770446777
2003-09-17,9.573660850524902
2003-09-18,9.573660850524902
2003-09-19,9.589786529541016
2003-09-22,9.358638763427734
2003-09-23,9.321011543273926
2003-09-24,9.304883003234863
2003-09-25,9.25650405883789
2003-09-26,9.235005378723145
2003-09-29,9.224252700805664
2003-09-30,9.16512393951416
2003-10-01,9.385517120361328
2003-10-02,9.304883003234863
2003-10-03,9.530654907226562
2003-10-06,9.595155715942383
2003-10-07,9.552155494689941
2003-10-08,9.568282127380371
2003-10-09,9.65428638458252
2003-10-10,9.686542510986328
2003-10-13,9.751045227050781
2003-10-14,9.751045227050781
2003-10-15,9.75642204284668
2003-10-16,9.65966510772705
2003-10-17,9.638164520263672
2003-10-20,9.729545593261719
2003-10-21,9.702669143676758
2003-10-22,9.62203598022461
2003-10-23,9.552155494689941
2003-10-24,9.62203598022461
2003-10-27,9.616660118103027
2003-10-28,9.713418960571289
2003-10-29,9.7349214553833
2003-10-30,9.767175674438477
2003-10-31,9.702669143676758
2003-11-03,9.767175674438477
2003-11-04,9.740296363830566
2003-11-05,9.686542510986328
2003-11-06,9.75642204284668
2003-11-07,9.853180885314941
2003-11-10,9.783299446105957
2003-11-11,9.761799812316895
2003-11-12,9.917685508728027
2003-11-13,9.987565994262695
2003-11-14,10.057446479797363
2003-11-17,9.831677436828613
2003-11-18,9.90693473815918
2003-11-19,9.971434593200684
2003-11-20,9.761799812316895
2003-11-21,9.944562911987305
2003-11-24,10.02519702911377
2003-11-25,10.02519702911377
2003-11-26,10.202581405639648
2003-11-28,10.24021053314209
2003-12-01,10.374598503112793
2003-12-02,10.406851768493652
2003-12-03,10.578859329223633
2003-12-04,10.503608703613281
2003-12-05,10.465981483459473
2003-12-08,10.492854118347168
2003-12-09,10.471356391906738
2003-12-10,10.465981483459473
2003-12-11,10.562737464904785
2003-12-12,10.632617950439453
2003-12-15,10.616491317749023
2003-12-16,10.833484649658203
2003-12-17,10.83891487121582
2003-12-18,10.985383987426758
2003-12-19,10.811785697937012
2003-12-22,10.913047790527344
2003-12-23,10.836003303527832
2003-12-24,10.98459243774414
2003-12-26,11.006600379943848
2003-12-29,11.133179664611816
2003-12-30,11.072647094726562
2003-12-31,11.221236228942871
2004-01-02,11.270764350891113
2004-01-05,11.523917198181152
2004-01-06,11.49089241027832
2004-01-07,11.32579517364502
2004-01-08,11.551432609558105
2004-01-09,11.501901626586914
2004-01-12,11.44687271118164
2004-01-13,11.386333465576172
2004-01-14,11.501901626586914
2004-01-15,11.46337890625
2004-01-16,11.424853324890137
2004-01-20,11.534920692443848
2004-01-21,11.694519996643066
2004-01-22,11.755054473876953
2004-01-23,11.639483451843262
2004-01-26,11.556939125061035
2004-01-27,11.716532707214355
2004-01-28,11.353309631347656
2004-01-29,11.369821548461914
2004-01-30,11.39734172821045
2004-02-02,11.44687271118164
2004-02-03,11.380829811096191
2004-02-04,11.336800575256348
2004-02-05,11.358817100524902
2004-02-06,11.556939125061035
2004-02-09,11.65599250793457
2004-02-10,11.760560035705566
2004-02-11,11.870619773864746
2004-02-12,11.826597213745117
2004-02-13,11.678006172180176
2004-02-17,11.903640747070312
2004-02-18,11.81558895111084
2004-02-19,11.947669982910156
2004-02-20,11.749551773071289
2004-02-23,11.733038902282715
2004-02-24,11.694519996643066
2004-02-25,11.644989967346191
2004-02-26,11.567944526672363
2004-02-27,11.672501564025879
2004-03-01,11.749551773071289
2004-03-02,11.562437057495117
2004-03-03,11.556939125061035
2004-03-04,11.534920692443848
2004-03-05,11.733038902282715
2004-03-08,11.711027145385742
2004-03-09,11.49089241027832
2004-03-10,11.36431884765625
2004-03-11,11.006600379943848
2004-03-12,11.199220657348633
2004-03-15,10.896539688110352
2004-03-16,10.979087829589844
2004-03-17,11.199220657348633
2004-03-18,11.182709693908691
2004-03-19,11.061639785766602
2004-03-22,10.885530471801758
2004-03-23,10.929558753967285
2004-03-24,10.714930534362793
2004-03-25,10.968079566955566
2004-03-26,10.874524116516113
2004-03-29,11.050631523132324
2004-03-30,11.127674102783203
2004-03-31,11.226733207702637
2004-04-01,11.391833305358887
2004-04-02,11.358817100524902
2004-04-05,11.46337890625
2004-04-06,11.43035888671875
2004-04-07,11.457874298095703
2004-04-08,11.358817100524902
2004-04-12,11.375327110290527
2004-04-13,11.254255294799805
2004-04-14,11.149693489074707
2004-04-15,11.144185066223145
2004-04-16,11.292778968811035
2004-04-19,11.342307090759277
2004-04-20,11.1662015914917
2004-04-21,11.11116886138916
2004-04-22,11.281769752502441
2004-04-23,11.32579517364502
2004-04-26,11.248751640319824
2004-04-27,11.314790725708008
2004-04-28,11.039620399475098
2004-04-29,10.968079566955566
2004-04-30,10.9625825881958
2004-05-03,11.023114204406738
2004-05-04,11.199220657348633
2004-05-05,11.30378246307373
2004-05-06,11.160696029663086
2004-05-07,10.918551445007324
2004-05-10,10.687410354614258
2004-05-11,10.709426879882812
2004-05-12,10.670899391174316
2004-05-13,10.698419570922852
2004-05-14,10.83049488067627
2004-05-17,10.769960403442383
2004-05-18,10.78647232055664
2004-05-19,10.924059867858887
2004-05-20,10.896539688110352
2004-05-21,10.847010612487793
2004-05-24,11.067143440246582
2004-05-25,11.144185066223145
2004-05-26,11.298280715942383
2004-05-27,11.496397972106934
2004-05-28,11.36431884765625
2004-06-01,11.347808837890625
2004-06-02,11.441367149353027
2004-06-03,11.369821548461914
2004-06-04,11.556939125061035
2004-06-07,11.760560035705566
2004-06-08,11.611964225769043
2004-06-09,11.380829811096191
2004-06-10,11.474386215209961
2004-06-14,11.237744331359863
2004-06-15,11.419352531433105
2004-06-16,11.419352531433105
2004-06-17,11.44687271118164
2004-06-18,11.578951835632324
2004-06-21,11.512907981872559
2004-06-22,11.540426254272461
2004-06-23,11.551432609558105
2004-06-24,11.578951835632324
2004-06-25,11.556939125061035
2004-06-28,11.65599250793457
2004-06-29,11.562437057495117
2004-06-30,11.650492668151855
2004-07-01,11.49089241027832
2004-07-02,11.584449768066406
2004-07-06,11.501901626586914
2004-07-07,11.622978210449219
2004-07-08,11.573446273803711
2004-07-09,11.606467247009277
2004-07-12,11.65599250793457
2004-07-13,11.551432609558105
2004-07-14,11.507401466369629
2004-07-15,11.419352531433105
2004-07-16,11.457874298095703
2004-07-19,11.419352531433105
2004-07-20,11.457874298095703
2004-07-21,11.336800575256348
2004-07-22,11.320290565490723
2004-07-23,11.050631523132324
2004-07-26,11.012107849121094
2004-07-27,11.160696029663086
2004-07-28,11.050631523132324
2004-07-29,11.270764350891113
2004-07-30,11.243247985839844
2004-08-02,11.149693489074707
2004-08-03,11.2322416305542
2004-08-04,11.17170238494873
2004-08-05,11.012107849121094
2004-08-06,11.067143440246582
2004-08-09,10.9625825881958
2004-08-10,11.133179664611816
2004-08-11,10.979087829589844
2004-08-12,10.946067810058594
2004-08-13,10.957076072692871
2004-08-16,11.094656944274902
2004-08-17,11.188211441040039
2004-08-18,11.254255294799805
2004-08-19,11.25975513458252
2004-08-20,11.270764350891113
2004-08-23,11.144185066223145
2004-08-24,11.100160598754883
2004-08-25,11.25975513458252
2004-08-26,11.30378246307373
2004-08-27,11.331299781799316
2004-08-30,11.287272453308105
2004-08-31,11.276263236999512
2004-09-01,11.336800575256348
2004-09-02,11.44687271118164
2004-09-03,11.380829811096191
2004-09-07,11.441367149353027
2004-09-08,11.44687271118164
2004-09-09,11.46337890625
2004-09-10,11.567944526672363
2004-09-13,11.705523490905762
2004-09-14,11.633981704711914
2004-09-15,11.501901626586914
2004-09-16,11.507401466369629
2004-09-17,11.567944526672363
2004-09-20,11.512907981872559
2004-09-21,11.733038902282715
2004-09-22,11.622978210449219
2004-09-23,11.474386215209961
2004-09-24,11.611964225769043
2004-09-27,11.578951835632324
2004-09-28,11.65599250793457
2004-09-29,11.689011573791504
2004-09-30,11.633981704711914
2004-10-01,11.920151710510254
2004-10-04,11.909144401550293
2004-10-05,11.936662673950195
2004-10-06,11.86512279510498
2004-10-07,11.843108177185059
2004-10-08,11.81558895111084
2004-10-11,11.903640747070312
2004-10-12,11.683507919311523
2004-10-13,11.644989967346191
2004-10-14,11.584449768066406
2004-10-15,11.777064323425293
2004-10-18,11.777064323425293
2004-10-19,11.87612247467041
2004-10-20,11.87612247467041
2004-10-21,11.925657272338867
2004-10-22,11.87612247467041
2004-10-25,11.88713264465332
2004-10-26,11.88162899017334
2004-10-27,12.096260070800781
2004-10-28,12.173304557800293
2004-10-29,12.21182918548584
2004-11-01,12.21733283996582
2004-11-02,12.250349998474121
2004-11-03,12.393437385559082
2004-11-04,12.525513648986816
2004-11-05,12.586054801940918
2004-11-08,12.514511108398438
2004-11-09,12.514511108398438
2004-11-10,12.50900650024414
2004-11-11,12.795178413391113
2004-11-12,12.861220359802246
2004-11-15,12.685112953186035
2004-11-16,12.635578155517578
2004-11-17,12.839203834533691
2004-11-18,12.734640121459961
2004-11-19,12.635578155517578
2004-11-22,12.723634719848633
2004-11-23,12.668604850769043
2004-11-24,12.773164749145508
2004-11-26,12.938263893127441
2004-11-29,12.932761192321777
2004-11-30,12.861220359802246
2004-12-01,13.042829513549805
2004-12-02,13.020814895629883
2004-12-03,13.0868558883667
2004-12-06,13.048331260681152
2004-12-07,13.059335708618164
2004-12-08,12.993298530578613
2004-12-09,12.932761192321777
2004-12-10,12.795178413391113
2004-12-13,13.015303611755371
2004-12-14,13.042829513549805
2004-12-15,13.097858428955078
2004-12-16,12.949270248413086
2004-12-17,12.822691917419434
2004-12-20,12.85021686553955
2004-12-21,12.976787567138672
2004-12-22,13.042829513549805
2004-12-23,13.181604385375977
2004-12-27,13.35439395904541
2004-12-28,13.376686096191406
2004-12-29,13.348819732666016
2004-12-30,13.365532875061035
2004-12-31,13.309798240661621
2005-01-03,13.343244552612305
2005-01-04,13.042269706726074
2005-01-05,13.058989524841309
2005-01-06,13.025550842285156
2005-01-07,12.986530303955078
2005-01-10,13.014406204223633
2005-01-11,12.914077758789062
2005-01-12,13.008831024169922
2005-01-13,12.953091621398926
2005-01-14,12.975383758544922
2005-01-18,12.997675895690918
2005-01-19,12.875061988830566
2005-01-20,12.713423728942871
2005-01-21,12.875061988830566
2005-01-24,12.802602767944336
2005-01-25,12.919651985168457
2005-01-26,12.997675895690918
2005-01-27,12.997675895690918
2005-01-28,12.902929306030273
2005-01-31,13.1035795211792
2005-02-01,13.159317970275879
2005-02-02,13.21505355834961
2005-02-03,13.114725112915039
2005-02-04,13.0868558883667
2005-02-07,13.058989524841309
2005-02-08,13.053415298461914
2005-02-09,13.031121253967285
2005-02-10,13.17046070098877
2005-02-11,13.309798240661621
2005-02-14,13.3822603225708
2005-02-15,13.532751083374023
2005-02-16,13.437996864318848
2005-02-17,13.443572998046875
2005-02-18,13.616352081298828
2005-02-22,13.571760177612305
2005-02-23,13.477009773254395
2005-02-24,13.5773344039917
2005-02-25,13.822577476501465
2005-02-28,13.76126766204834
2005-03-01,13.727821350097656
2005-03-02,13.722250938415527
2005-03-03,13.644220352172852
2005-03-04,13.906183242797852
2005-03-07,13.93962287902832
2005-03-08,13.989788055419922
2005-03-09,13.97863483428955
2005-03-10,13.97305965423584
2005-03-11,13.97863483428955
2005-03-14,13.87274169921875
2005-03-15,13.867164611816406
2005-03-16,13.805851936340332
2005-03-17,13.833720207214355
2005-03-18,13.766844749450684
2005-03-21,13.655366897583008
2005-03-22,13.449148178100586
2005-03-23,13.432421684265137
2005-03-24,13.465861320495605
2005-03-28,13.460289001464844
2005-03-29,13.477009773254395
2005-03-30,13.571760177612305
2005-03-31,13.477009773254395
2005-04-01,13.493730545043945
2005-04-04,13.410128593444824
2005-04-05,13.454715728759766
2005-04-06,13.605206489562988
2005-04-07,13.560616493225098
2005-04-08,13.683235168457031
2005-04-11,13.699953079223633
2005-04-12,13.705531120300293
2005-04-13,13.56618881225586
2005-04-14,13.477009773254395
2005-04-15,13.259641647338867
2005-04-18,13.248496055603027
2005-04-19,13.226200103759766
2005-04-20,13.192758560180664
2005-04-21,13.348819732666016
2005-04-22,13.304228782653809
2005-04-25,13.337672233581543
2005-04-26,13.254067420959473
2005-04-27,13.131443977355957
2005-04-28,12.902929306030273
2005-04-29,13.025550842285156
2005-05-02,13.042269706726074
2005-05-03,13.042269706726074
2005-05-04,13.254067420959473
2005-05-05,13.293079376220703
2005-05-06,13.32652473449707
2005-05-09,13.304228782653809
2005-05-10,13.181604385375977
2005-05-11,13.159317970275879
2005-05-12,13.081284523010254
2005-05-13,13.0868558883667
2005-05-16,13.148164749145508
2005-05-17,13.064563751220703
2005-05-18,13.231773376464844
2005-05-19,13.343244552612305
2005-05-20,13.320947647094727
2005-05-23,13.449148178100586
2005-05-24,13.293079376220703
2005-05-25,13.371110916137695
2005-05-26,13.42127513885498
2005-05-27,13.4881591796875
2005-05-31,13.276363372802734
2005-06-01,13.226200103759766
2005-06-02,13.410128593444824
2005-06-03,13.315376281738281
2005-06-06,13.35439395904541
2005-06-07,13.376686096191406
2005-06-08,13.359967231750488
2005-06-09,13.293079376220703
2005-06-10,13.265212059020996
2005-06-13,13.35439395904541
2005-06-14,13.209480285644531
2005-06-15,13.209480285644531
2005-06-16,13.237345695495605
2005-06-17,13.504878997802734
2005-06-20,13.3822603225708
2005-06-21,13.477009773254395
2005-06-22,13.432421684265137
2005-06-23,13.35439395904541
2005-06-24,13.276363372802734
2005-06-27,13.159317970275879
2005-06-28,13.259641647338867
2005-06-29,13.371110916137695
2005-06-30,13.398984909057617
2005-07-01,13.304228782653809
2005-07-05,13.265212059020996
2005-07-06,13.32652473449707
2005-07-07,13.237345695495605
2005-07-08,13.48259162902832
2005-07-11,13.59963321685791
2005-07-12,13.833720207214355
2005-07-13,13.74454116821289
2005-07-14,13.77799129486084
2005-07-15,13.81700611114502
2005-07-18,13.766844749450684
2005-07-19,13.867164611816406
2005-07-20,14.045519828796387
2005-07-21,14.023224830627441
2005-07-22,13.934050559997559
2005-07-25,13.878312110900879
2005-07-26,13.961920738220215
2005-07-27,14.01764965057373
2005-07-28,14.140273094177246
2005-07-29,14.06224250793457
2005-08-01,14.196002006530762
2005-08-02,14.396661758422852
2005-08-03,14.502556800842285
2005-08-04,14.329773902893066
2005-08-05,14.285188674926758
2005-08-08,14.279613494873047
2005-08-09,14.474684715270996
2005-08-10,14.653043746948242
2005-08-11,14.731080055236816
2005-08-12,14.558297157287598
2005-08-15,14.469114303588867
2005-08-16,14.35764217376709
2005-08-17,14.201584815979004
2005-08-18,14.095683097839355
2005-08-19,14.223875999450684
2005-08-22,14.285188674926758
2005-08-23,14.156993865966797
2005-08-24,14.101258277893066
2005-08-25,14.078964233398438
2005-08-26,13.945196151733398
2005-08-29,14.01764965057373
2005-08-30,13.984210968017578
2005-08-31,14.25174617767334
2005-09-01,14.513707160949707
2005-09-02,14.502556800842285
2005-09-06,14.608455657958984
2005-09-07,14.547146797180176
2005-09-08,14.441245079040527
2005-09-09,14.630751609802246
2005-09-12,14.435674667358398
2005-09-13,14.329773902893066
2005-09-14,14.318625450134277
2005-09-15,14.340922355651855
2005-09-16,14.496984481811523
2005-09-19,14.324203491210938
2005-09-20,14.324203491210938
2005-09-21,14.262890815734863
2005-09-22,14.15141773223877
2005-09-23,14.090110778808594
2005-09-26,14.34649658203125
2005-09-27,14.329773902893066
2005-09-28,14.463541030883789
2005-09-29,14.513707160949707
2005-09-30,14.469114303588867
2005-10-03,14.491408348083496
2005-10-04,14.379937171936035
2005-10-05,14.296335220336914
2005-10-06,14.285188674926758
2005-10-07,14.340922355651855
2005-10-10,14.279613494873047
2005-10-11,14.279613494873047
2005-10-12,14.162568092346191
2005-10-13,14.012077331542969
2005-10-14,14.246170997619629
2005-10-17,14.129128456115723
2005-10-18,13.922898292541504
2005-10-19,13.956343650817871
2005-10-20,13.711103439331055
2005-10-21,13.660941123962402
2005-10-24,13.917325019836426
2005-10-25,13.945196151733398
2005-10-26,13.878312110900879
2005-10-27,13.688806533813477
2005-10-28,13.711103439331055
2005-10-31,13.906183242797852
2005-11-01,13.934050559997559
2005-11-02,14.01764965057373
2005-11-03,14.078964233398438
2005-11-04,13.922898292541504
2005-11-07,13.956343650817871
2005-11-08,13.883885383605957
2005-11-09,13.833720207214355
2005-11-10,13.794709205627441
2005-11-11,13.878312110900879
2005-11-14,13.906183242797852
2005-11-15,13.967490196228027
2005-11-16,13.74454116821289
2005-11-17,13.878312110900879
2005-11-18,13.995357513427734
2005-11-21,14.095683097839355
2005-11-22,14.140273094177246
2005-11-23,14.279613494873047
2005-11-25,14.123553276062012
2005-11-28,14.145845413208008
2005-11-29,14.162568092346191
2005-11-30,14.101258277893066
2005-12-01,14.307478904724121
2005-12-02,14.34649658203125
2005-12-05,14.396661758422852
2005-12-06,14.452396392822266
2005-12-07,14.318625450134277
2005-12-08,14.413379669189453
2005-12-09,14.457969665527344
2005-12-12,14.65861701965332
2005-12-13,14.770092010498047
2005-12-14,14.781237602233887
2005-12-15,14.686484336853027
2005-12-16,14.797957420349121
2005-12-19,14.770092010498047
2005-12-20,14.614034652709961
2005-12-21,14.736653327941895
2005-12-22,14.797957420349121
2005-12-23,14.7821626663208
2005-12-27,14.720099449157715
2005-12-28,14.776520729064941
2005-12-29,14.804728507995605
2005-12-30,14.658037185668945
2006-01-03,15.210955619812012
2006-01-04,15.402786254882812
2006-01-05,15.380216598510742
2006-01-06,15.572050094604492
2006-01-09,15.509984016418457
2006-01-10,15.459206581115723
2006-01-11,15.59461784362793
2006-01-12,15.402786254882812
2006-01-13,15.4366455078125
2006-01-17,15.318158149719238
2006-01-18,15.188394546508789
2006-01-19,15.306872367858887
2006-01-20,15.086835861206055
2006-01-23,15.346366882324219
2006-01-24,15.352012634277344
2006-01-25,15.402786254882812
2006-01-26,15.639753341674805
2006-01-27,15.74694538116455
2006-01-30,15.724385261535645
2006-01-31,15.82594108581543
2006-02-01,15.837220191955566
2006-02-02,15.611546516418457
2006-02-03,15.60025405883789
2006-02-06,15.498702049255371
2006-02-07,15.385859489440918
2006-02-08,15.442282676696777
2006-02-09,15.54383373260498
2006-02-10,15.42535400390625
2006-02-13,15.42535400390625
2006-02-14,15.566407203674316
2006-02-15,15.391504287719727
2006-02-16,15.515625
2006-02-17,15.639753341674805
2006-02-21,15.577686309814453
2006-02-22,15.684887886047363
2006-02-23,15.662321090698242
2006-02-24,15.74694538116455
2006-02-27,15.741301536560059
2006-02-28,15.588969230651855
2006-03-01,15.780806541442871
2006-03-02,15.786446571350098
2006-03-03,15.79773235321045
2006-03-06,15.724385261535645
2006-03-07,15.498702049255371
2006-03-08,15.493056297302246
2006-03-09,15.555121421813965
2006-03-10,15.82594108581543
2006-03-13,15.91057300567627
2006-03-14,16.11932373046875
2006-03-15,16.187030792236328
2006-03-16,16.29987144470215
2006-03-17,16.378864288330078
2006-03-20,16.35065460205078
2006-03-21,16.22087860107422
2006-03-22,16.41835594177246
2006-03-23,16.2603816986084
2006-03-24,16.390148162841797
2006-03-27,16.23216438293457
2006-03-28,16.108041763305664
2006-03-29,16.345006942749023
2006-03-30,16.576332092285156
2006-03-31,16.48042106628418
2006-04-03,16.6214656829834
2006-04-04,16.73995018005371
2006-04-05,16.79073143005371
2006-04-06,16.689170837402344
2006-04-07,16.38450050354004
2006-04-10,16.40706443786621
2006-04-11,16.198314666748047
2006-04-12,16.085472106933594
2006-04-13,16.16446304321289
2006-04-17,16.311159133911133
2006-04-18,16.52555274963379
2006-04-19,16.694814682006836
2006-04-20,16.7738037109375
2006-04-21,16.886646270751953
2006-04-24,16.976919174194336
2006-04-25,16.96562957763672
2006-04-26,17.061552047729492
2006-04-27,17.04461669921875
2006-04-28,17.095399856567383
2006-05-01,16.954349517822266
2006-05-02,17.275943756103516
2006-05-03,17.157468795776367
2006-05-04,17.332365036010742
2006-05-05,17.63139533996582
2006-05-08,17.580617904663086
2006-05-09,17.721664428710938
2006-05-10,17.70474624633789
2006-05-11,17.63139533996582
2006-05-12,17.41699981689453
2006-05-15,17.04461669921875
2006-05-16,17.129253387451172
2006-05-17,16.50298500061035
2006-05-18,16.576332092285156
2006-05-19,16.72866439819336
2006-05-22,16.474775314331055
2006-05-23,16.548128128051758
2006-05-24,16.395784378051758
2006-05-25,16.627107620239258
2006-05-26,16.86971664428711
2006-05-30,16.604543685913086
2006-05-31,16.74559783935547
2006-06-01,16.897926330566406
2006-06-02,17.061552047729492
2006-06-05,16.751237869262695
2006-06-06,16.55376434326172
2006-06-07,16.311159133911133
2006-06-08,15.966991424560547
2006-06-09,15.899285316467285
2006-06-12,15.758234024047852
2006-06-13,15.459206581115723
2006-06-14,15.498702049255371
2006-06-15,16.04033660888672
2006-06-16,15.865436553955078
2006-06-19,15.792082786560059
2006-06-20,15.972635269165039
2006-06-21,16.19267463684082
2006-06-22,16.11932373046875
2006-06-23,16.108041763305664
2006-06-26,16.249086380004883
2006-06-27,15.933137893676758
2006-06-28,16.16446304321289
2006-06-29,16.734317779541016
2006-06-30,16.897926330566406
2006-07-03,17.0559024810791
2006-07-05,16.64967918395996
2006-07-06,16.84151268005371
2006-07-07,16.762521743774414
2006-07-10,16.83586883544922
2006-07-11,16.8753604888916
2006-07-12,16.598899841308594
2006-07-13,16.294227600097656
2006-07-14,16.15317726135254
2006-07-17,15.882360458374023
2006-07-18,15.803369522094727
2006-07-19,16.345006942749023
2006-07-20,16.316795349121094
2006-07-21,16.271657943725586
2006-07-24,16.542482376098633
2006-07-25,16.610187530517578
2006-07-26,16.768165588378906
2006-07-27,16.79637336730957
2006-07-28,17.05026626586914
2006-07-31,17.038984298706055
2006-08-01,16.93742561340332
2006-08-02,17.1066837310791
2006-08-03,17.095399856567383
2006-08-04,17.072832107543945
2006-08-07,16.931779861450195
2006-08-08,16.914854049682617
2006-08-09,17.01076889038086
2006-08-10,16.96562957763672
2006-08-11,16.86971664428711
2006-08-14,16.93742561340332
2006-08-15,17.366220474243164
2006-08-16,17.586257934570312
2006-08-17,17.51291275024414
2006-08-18,17.580617904663086
2006-08-21,17.50727081298828
2006-08-22,17.433921813964844
2006-08-23,17.33800506591797
2006-08-24,17.366220474243164
2006-08-25,17.377504348754883
2006-08-28,17.462133407592773
2006-08-29,17.637041091918945
2006-08-30,17.670888900756836
2006-08-31,17.653963088989258
2006-09-01,17.71038246154785
2006-09-05,17.716026306152344
2006-09-06,17.428281784057617
2006-09-07,17.16310691833496
2006-09-08,17.168746948242188
2006-09-11,17.151823043823242
2006-09-12,17.360578536987305
2006-09-13,17.411357879638672
2006-09-14,17.411357879638672
2006-09-15,17.315439224243164
2006-09-18,17.40007209777832
2006-09-19,17.281585693359375
2006-09-20,17.5693302154541
2006-09-21,17.608823776245117
2006-09-22,17.535480499267578
2006-09-25,17.580617904663086
2006-09-26,17.653963088989258
2006-09-27,17.68781852722168
2006-09-28,17.817583084106445
2006-09-29,17.783727645874023
2006-10-02,17.76116371154785
2006-10-03,17.648326873779297
2006-10-04,17.87964630126953
2006-10-05,17.851438522338867
2006-10-06,17.8006591796875
2006-10-09,17.716026306152344
2006-10-10,17.676528930664062
2006-10-11,17.699106216430664
2006-10-12,17.919139862060547
2006-10-13,17.84014892578125
2006-10-16,17.86271858215332
2006-10-17,17.755517959594727
2006-10-18,17.834508895874023
2006-10-19,18.009410858154297
2006-10-20,18.077117919921875
2006-10-23,18.11096954345703
2006-10-24,18.048906326293945
2006-10-25,18.25201988220215
2006-10-26,18.438207626342773
2006-10-27,18.263301849365234
2006-10-30,18.178667068481445
2006-10-31,18.161746978759766
2006-11-01,18.156105041503906
2006-11-02,18.06018829345703
2006-11-03,18.082761764526367
2006-11-06,18.376148223876953
2006-11-07,18.455137252807617
2006-11-08,18.567974090576172
2006-11-09,18.567974090576172
2006-11-10,18.697742462158203
2006-11-13,18.714664459228516
2006-11-14,18.833145141601562
2006-11-15,18.878284454345703
2006-11-16,18.799301147460938
2006-11-17,18.714664459228516
2006-11-20,18.641324996948242
2006-11-21,18.79366683959961
2006-11-22,18.895212173461914
2006-11-24,18.833145141601562
2006-11-27,18.567974090576172
2006-11-28,18.720300674438477
2006-11-29,18.929061889648438
2006-11-30,18.98548698425293
2006-12-01,18.74852180480957
2006-12-04,18.895212173461914
2006-12-05,19.10961151123047
2006-12-06,18.95163345336914
2006-12-07,19.064476013183594
2006-12-08,19.01933479309082
2006-12-11,19.233739852905273
2006-12-12,19.24502182006836
2006-12-13,19.386072158813477
2006-12-14,19.425569534301758
2006-12-15,19.352224349975586
2006-12-18,19.27886962890625
2006-12-19,19.40863800048828
2006-12-20,19.330862045288086
2006-12-21,19.388065338134766
2006-12-22,19.13640594482422
2006-12-26,19.16499900817871
2006-12-27,19.473831176757812
2006-12-28,19.47955894470215
2006-12-29,19.576786041259766
2007-01-03,19.639694213867188
2007-01-04,19.490991592407227
2007-01-05,19.239351272583008
2007-01-08,19.233633041381836
2007-01-09,19.285104751586914
2007-01-10,19.09636878967285
2007-01-11,19.319419860839844
2007-01-12,19.456682205200195
2007-01-16,19.376609802246094
2007-01-17,19.29654312133789
2007-01-18,19.239351272583008
2007-01-19,19.462398529052734
2007-01-22,19.29654312133789
2007-01-23,19.422365188598633
2007-01-24,19.576786041259766
2007-01-25,19.279388427734375
2007-01-26,19.359451293945312
2007-01-29,19.473831176757812
2007-01-30,19.582504272460938
2007-01-31,19.64541244506836
2007-02-01,19.765522003173828
2007-02-02,19.736921310424805
2007-02-05,19.662574768066406
2007-02-06,19.685447692871094
2007-02-07,19.885618209838867
2007-02-08,19.79982566833496
2007-02-09,19.685447692871094
2007-02-12,19.565343856811523
2007-02-13,19.82842445373535
2007-02-14,20.125823974609375
2007-02-15,20.080074310302734
2007-02-16,20.1143798828125
2007-02-20,20.080074310302734
2007-02-21,20.040037155151367
2007-02-22,20.097227096557617
2007-02-23,20.148710250854492
2007-02-26,20.245927810668945
2007-02-27,19.256507873535156
2007-02-28,19.496713638305664
2007-03-01,19.193599700927734
2007-03-02,18.987707138061523
2007-03-05,18.701744079589844
2007-03-06,19.176443099975586
2007-03-07,19.199321746826172
2007-03-08,19.43380355834961
2007-03-09,19.439517974853516
2007-03-12,19.43380355834961
2007-03-13,18.9591121673584
2007-03-14,18.9991397857666
2007-03-15,19.13068962097168
2007-03-16,19.216474533081055
2007-03-19,19.39377212524414
2007-03-20,19.616819381713867
2007-03-21,20.080074310302734
2007-03-22,19.971406936645508
2007-03-23,20.068634033203125
2007-03-26,20.074350357055664
2007-03-27,20.03432273864746
2007-03-28,19.82270622253418
2007-03-29,20.1143798828125
2007-03-30,20.120107650756836
2007-04-02,20.28024673461914
2007-04-03,20.44610023498535
2007-04-04,20.56048011779785
2007-04-05,20.70918083190918
2007-04-09,20.669147491455078
2007-04-10,20.82357406616211
2007-04-11,20.606233596801758
2007-04-12,20.869321823120117
2007-04-13,21.00658416748047
2007-04-16,21.258224487304688
2007-04-17,21.28682518005371
2007-04-18,21.25250816345215
2007-04-19,21.246789932250977
2007-04-20,21.58993911743164
2007-04-23,21.406925201416016
2007-04-24,21.395483016967773
2007-04-25,21.75579833984375
2007-04-26,21.624252319335938
2007-04-27,21.64712905883789
2007-04-30,21.64712905883789
2007-05-01,21.584226608276367
2007-05-02,21.772951126098633
2007-05-03,21.772951126098633
2007-05-04,22.076068878173828
2007-05-07,22.104665756225586
2007-05-08,21.92165184020996
2007-05-09,21.978839874267578
2007-05-10,21.5041446685791
2007-05-11,21.944530487060547
2007-05-14,21.80155372619629
2007-05-15,21.92165184020996
2007-05-16,21.87017822265625
2007-05-17,21.79010772705078
2007-05-18,22.207609176635742
2007-05-21,22.053186416625977
2007-05-22,22.058914184570312
2007-05-23,22.150423049926758
2007-05-24,21.881614685058594
2007-05-25,22.053186416625977
2007-05-29,22.013160705566406
2007-05-30,22.058914184570312
2007-05-31,22.259078979492188
2007-06-01,22.38490867614746
2007-06-04,22.367748260498047
2007-06-05,22.167572021484375
2007-06-06,21.75579833984375
2007-06-07,21.149560928344727
2007-06-08,21.49271011352539
2007-06-11,21.567054748535156
2007-06-12,21.132404327392578
2007-06-13,21.584226608276367
2007-06-14,21.853023529052734
2007-06-15,22.070356369018555
2007-06-18,22.104665756225586
2007-06-19,22.133262634277344
2007-06-20,21.80155372619629
2007-06-21,21.961679458618164
2007-06-22,21.70431900024414
2007-06-25,21.601375579833984
2007-06-26,21.45840072631836
2007-06-27,21.698596954345703
2007-06-28,21.812984466552734
2007-06-29,21.961679458618164
2007-07-02,22.21332550048828
2007-07-03,22.356307983398438
2007-07-05,22.24764633178711
2007-07-06,22.476409912109375
2007-07-09,22.476409912109375
2007-07-10,22.116107940673828
2007-07-11,22.407785415649414
2007-07-12,22.928226470947266
2007-07-13,22.8538818359375
2007-07-16,22.728065490722656
2007-07-17,22.67658042907715
2007-07-18,22.44780921936035
2007-07-19,22.602235794067383
2007-07-20,22.219051361083984
2007-07-23,22.442096710205078
2007-07-24,21.875898361206055
2007-07-25,21.767230987548828
2007-07-26,20.87504005432129
2007-07-27,20.634836196899414
2007-07-30,21.103809356689453
2007-07-31,21.08664894104004
2007-08-01,21.109527587890625
2007-08-02,21.1610050201416
2007-08-03,20.6920223236084
2007-08-06,20.89219856262207
2007-08-07,20.98370361328125
2007-08-08,21.406925201416016
2007-08-09,21.11524200439453
2007-08-10,20.308835983276367
2007-08-13,20.308835983276367
2007-08-14,19.988563537597656
2007-08-15,19.416650772094727
2007-08-16,19.43380355834961
2007-08-17,19.668289184570312
2007-08-20,19.64541244506836
2007-08-21,19.651132583618164
2007-08-22,20.22877311706543
2007-08-23,20.263084411621094
2007-08-24,20.71489715576172
2007-08-27,20.60051727294922
2007-08-28,19.994277954101562
2007-08-29,20.64055061340332
2007-08-30,20.571928024291992
2007-08-31,20.937952041625977
2007-09-04,20.966543197631836
2007-09-05,20.566204071044922
2007-09-06,20.64055061340332
2007-09-07,20.274520874023438
2007-09-10,20.22877311706543
2007-09-11,20.549047470092773
2007-09-12,20.674867630004883
2007-09-13,20.800691604614258
2007-09-14,20.766374588012695
2007-09-17,20.41178321838379
2007-09-18,21.36116600036621
2007-09-19,21.54990005493164
2007-09-20,21.54990005493164
2007-09-21,21.692882537841797
2007-09-24,21.618532180786133
2007-09-25,21.652851104736328
2007-09-26,21.67572784423828
2007-09-27,21.938810348510742
2007-09-28,21.996000289916992
2007-10-01,22.356307983398438
2007-10-02,22.27052116394043
2007-10-03,22.070356369018555
2007-10-04,22.16185760498047
2007-10-05,22.356307983398438
2007-10-08,22.121829986572266
2007-10-09,22.413501739501953
2007-10-10,22.327714920043945
2007-10-11,22.379182815551758
2007-10-12,22.413501739501953
2007-10-15,22.29911231994629
2007-10-16,22.09322738647461
2007-10-17,22.362031936645508
2007-10-18,22.413501739501953
2007-10-19,21.91021728515625
2007-10-22,21.744356155395508
2007-10-23,22.070356369018555
2007-10-24,22.116107940673828
2007-10-25,22.29911231994629
2007-10-26,22.607952117919922
2007-10-29,22.768089294433594
2007-10-30,22.56791877746582
2007-10-31,22.81383514404297
2007-11-01,22.23048973083496
2007-11-02,22.510723114013672
2007-11-05,22.281959533691406
2007-11-06,22.59079933166504
2007-11-07,22.184734344482422
2007-11-08,22.29911231994629
2007-11-09,21.767230987548828
2007-11-12,21.424083709716797
2007-11-13,21.98456382751465
2007-11-14,22.058914184570312
2007-11-15,21.71576499938965
2007-11-16,21.89877700805664
2007-11-19,21.3497371673584
2007-11-20,21.875898361206055
2007-11-21,21.441238403320312
2007-11-23,22.013160705566406
2007-11-26,21.498435974121094
2007-11-27,21.78439712524414
2007-11-28,22.40205955505371
2007-11-29,22.236202239990234
2007-11-30,22.3105525970459
2007-12-03,22.201889038085938
2007-12-04,22.127544403076172
2007-12-05,22.33915138244629
2007-12-06,22.636547088623047
2007-12-07,22.44780921936035
2007-12-10,22.779531478881836
2007-12-11,22.196176528930664
2007-12-12,22.688026428222656
2007-12-13,22.22477149963379
2007-12-14,21.607093811035156
2007-12-17,21.269664764404297
2007-12-18,21.395483016967773
2007-12-19,21.303974151611328
2007-12-20,21.39403533935547
2007-12-21,21.775047302246094
2007-12-24,21.8327693939209
2007-12-26,21.99440574645996
2007-12-27,21.907812118530273
2007-12-28,22.31768226623535
2007-12-31,21.95399284362793
2008-01-02,21.902036666870117
2008-01-03,21.890493392944336
2008-01-04,21.353626251220703
2008-01-07,21.509492874145508
2008-01-08,21.342079162597656
2008-01-09,21.40558433532715
2008-01-10,21.457534790039062
2008-01-11,21.047664642333984
2008-01-14,21.480623245239258
2008-01-15,20.839839935302734
2008-01-16,20.44152069091797
2008-01-17,19.991241455078125
2008-01-18,19.962371826171875
2008-01-22,19.304271697998047
2008-01-23,18.859769821166992
2008-01-24,19.610239028930664
2008-01-25,19.10222625732422
2008-01-28,19.448593139648438
2008-01-29,19.702600479125977
2008-01-30,19.50055503845215
2008-01-31,19.62755584716797
2008-02-01,19.97970199584961
2008-02-04,19.794965744018555
2008-02-05,18.605770111083984
2008-02-06,18.686588287353516
2008-02-07,18.582674026489258
2008-02-08,18.380626678466797
2008-02-11,18.455678939819336
2008-02-12,19.009862899780273
2008-02-13,19.18882179260254
2008-02-14,19.07914161682129
2008-02-15,19.073368072509766
2008-02-19,19.36200523376465
2008-02-20,19.390869140625
2008-02-21,19.298503875732422
2008-02-22,19.610239028930664
2008-02-25,19.94504737854004
2008-02-26,20.22215461730957
2008-02-27,20.366474151611328
2008-02-28,20.152875900268555
2008-02-29,19.587142944335938
2008-03-03,19.63909912109375
2008-03-04,19.442825317382812
2008-03-05,19.708375930786133
2008-03-06,19.402416229248047
2008-03-07,19.14263343811035
2008-03-10,18.95790672302246
2008-03-11,19.523645401000977
2008-03-12,19.60446548461914
2008-03-13,19.73724365234375
2008-03-14,19.367774963378906
2008-03-17,19.11954689025879
2008-03-18,19.71992301940918
2008-03-19,19.009862899780273
2008-03-20,19.159954071044922
2008-03-24,19.575597763061523
2008-03-25,19.875783920288086
2008-03-26,20.060516357421875
2008-03-27,19.991241455078125
2008-03-28,19.916194915771484
2008-03-31,20.170198440551758
2008-04-01,20.816755294799805
2008-04-02,20.834070205688477
2008-04-03,20.75324821472168
2008-04-04,20.834070205688477
2008-04-07,20.91489028930664
2008-04-08,20.816755294799805
2008-04-09,20.718618392944336
2008-04-10,20.7012996673584
2008-04-11,20.30297088623047
2008-04-14,20.45306968688965
2008-04-15,20.493478775024414
2008-04-16,21.116943359375
2008-04-17,20.955303192138672
2008-04-18,21.145797729492188
2008-04-21,21.191984176635742
2008-04-22,20.978391647338867
2008-04-23,21.238168716430664
2008-04-24,21.05921173095703
2008-04-25,21.16312026977539
2008-04-28,21.220849990844727
2008-04-29,21.018808364868164
2008-04-30,21.047664642333984
2008-05-01,21.238168716430664
2008-05-02,21.215076446533203
2008-05-05,21.226619720458984
2008-05-06,21.428672790527344
2008-05-07,21.013029098510742
2008-05-08,21.140026092529297
2008-05-09,20.98416519165039
2008-05-12,21.226619720458984
2008-05-13,21.16312026977539
2008-05-14,21.267032623291016
2008-05-15,21.578767776489258
2008-05-16,21.809677124023438
2008-05-19,21.769271850585938
2008-05-20,21.70576286315918
2008-05-21,21.532581329345703
2008-05-22,21.723093032836914
2008-05-23,21.457534790039062
2008-05-27,21.440214157104492
2008-05-28,21.561439514160156
2008-05-29,21.474851608276367
2008-05-30,21.64803695678711
2008-06-02,21.249711990356445
2008-06-03,21.191984176635742
2008-06-04,21.013029098510742
2008-06-05,21.388259887695312
2008-06-06,20.82830047607422
2008-06-09,20.816755294799805
2008-06-10,20.447296142578125
2008-06-11,20.106700897216797
2008-06-12,19.939289093017578
2008-06-13,20.031654357910156
2008-06-16,20.152875900268555
2008-06-17,20.19329071044922
2008-06-18,19.97392463684082
2008-06-19,19.950836181640625
2008-06-20,19.517871856689453
2008-06-23,19.47746467590332
2008-06-24,19.437053680419922
2008-06-25,19.725954055786133
2008-06-26,19.282407760620117
2008-06-27,19.22247314453125
2008-06-30,19.312376022338867
2008-07-01,19.180509567260742
2008-07-02,18.772926330566406
2008-07-03,18.93475914001465
2008-07-07,18.70100212097168
2008-07-08,18.838857650756836
2008-07-09,18.629072189331055
2008-07-10,18.653051376342773
2008-07-11,18.21549415588379
2008-07-14,18.221487045288086
2008-07-15,17.98172950744629
2008-07-16,18.293413162231445
2008-07-17,18.778913497924805
2008-07-18,18.958742141723633
2008-07-21,19.132558822631836
2008-07-22,19.22846221923828
2008-07-23,19.22247314453125
2008-07-24,18.85085105895996
2008-07-25,19.09659767150879
2008-07-28,18.772926330566406
2008-07-29,18.92277717590332
2008-07-30,19.16852569580078
2008-07-31,18.92277717590332
2008-08-01,18.63507080078125
2008-08-04,18.587116241455078
2008-08-05,19.036664962768555
2008-08-06,19.1924991607666
2008-08-07,18.916778564453125
2008-08-08,18.940752029418945
2008-08-11,18.84485626220703
2008-08-12,18.706993103027344
2008-08-13,18.413288116455078
2008-08-14,18.323381423950195
2008-08-15,18.209501266479492
2008-08-18,18.059656143188477
2008-08-19,17.861852645874023
2008-08-20,17.90980339050293
2008-08-21,18.005708694458008
2008-08-22,18.13157844543457
2008-08-25,17.795917510986328
2008-08-26,17.81989097595215
2008-08-27,18.005708694458008
2008-08-28,18.323381423950195
2008-08-29,18.28742218017578
2008-09-02,18.17353630065918
2008-09-03,18.029682159423828
2008-09-04,17.06465721130371
2008-09-05,16.950782775878906
2008-09-08,17.196529388427734
2008-09-09,16.657081604003906
2008-09-10,16.812917709350586
2008-09-11,16.824907302856445
2008-09-12,17.154569625854492
2008-09-15,16.489248275756836
2008-09-16,16.399337768554688
2008-09-17,15.823925971984863
2008-09-18,16.393341064453125
2008-09-19,17.65806007385254
2008-09-22,17.100624084472656
2008-09-23,16.794937133789062
2008-09-24,16.71701431274414
2008-09-25,17.20252227783203
2008-09-26,17.058666229248047
2008-09-29,15.2904634475708
2008-09-30,16.03371238708496
2008-10-01,15.967775344848633
2008-10-02,15.10465145111084
2008-10-03,15.00875186920166
2008-10-06,14.007769584655762
2008-10-07,13.462319374084473
2008-10-08,13.090700149536133
2008-10-09,12.43736457824707
2008-10-10,12.191611289978027
2008-10-13,13.785996437072754
2008-10-14,13.69009017944336
2008-10-15,12.191611289978027
2008-10-16,12.647151947021484
2008-10-17,12.401400566101074
2008-10-20,13.012779235839844
2008-10-21,12.347456932067871
2008-10-22,11.43038558959961
2008-10-23,11.670145034790039
2008-10-24,11.160662651062012
2008-10-27,10.423408508300781
2008-10-28,11.766048431396484
2008-10-29,12.059748649597168
2008-10-30,12.23357105255127
2008-10-31,12.287520408630371
2008-11-03,12.293512344360352
2008-11-04,13.384403228759766
2008-11-05,12.539259910583496
2008-11-06,11.730083465576172
2008-11-07,12.425372123718262
2008-11-10,12.209598541259766
2008-11-11,11.772038459777832
2008-11-12,11.0947265625
2008-11-13,12.347456932067871
2008-11-14,11.562251091003418
2008-11-17,11.250570297241211
2008-11-18,11.280537605285645
2008-11-19,10.561269760131836
2008-11-20,9.931907653808594
2008-11-21,10.429402351379395
2008-11-24,11.292526245117188
2008-11-25,11.598215103149414
2008-11-26,11.712099075317383
2008-11-28,11.598215103149414
2008-12-01,10.657175064086914
2008-12-02,11.322497367858887
2008-12-03,11.340476989746094
2008-12-04,11.064759254455566
2008-12-05,11.172646522521973
2008-12-08,11.70610523223877
2008-12-09,11.69411849975586
2008-12-10,12.119686126708984
2008-12-11,12.137667655944824
2008-12-12,12.215585708618164
2008-12-15,12.23357105255127
2008-12-16,13.150634765625
2008-12-17,13.078712463378906
2008-12-18,12.671126365661621
2008-12-19,12.43736457824707
2008-12-22,12.257545471191406
2008-12-23,12.206683158874512
2008-12-24,12.255707740783691
2008-12-26,12.353752136230469
2008-12-29,12.316985130310059
2008-12-30,12.831725120544434
2008-12-31,12.825599670410156
2009-01-02,13.13199520111084
2009-01-05,12.813338279724121
2009-01-06,12.86236572265625
2009-01-07,12.703038215637207
2009-01-08,12.856237411499023
2009-01-09,12.378263473510742
2009-01-12,12.071869850158691
2009-01-13,11.857397079467773
2009-01-14,11.293635368347168
2009-01-15,11.275250434875488
2009-01-16,11.330403327941895
2009-01-20,10.398965835571289
2009-01-21,10.889195442199707
2009-01-22,10.644083976745605
2009-01-23,10.466375350952148
2009-01-26,10.797279357910156
2009-01-27,10.93209171295166
2009-01-28,11.422318458557129
2009-01-29,10.840174674987793
2009-01-30,10.686978340148926
2009-02-02,10.619568824768066
2009-02-03,10.999497413635254
2009-02-04,10.8953275680542
2009-02-05,11.140438079833984
2009-02-06,11.428448677062988
2009-02-09,11.489726066589355
2009-02-10,10.81566333770752
2009-02-11,11.011754989624023
2009-02-12,10.938220024108887
2009-02-13,10.86468505859375
2009-02-17,10.190620422363281
2009-02-18,10.13547134399414
2009-02-19,10.166109085083008
2009-02-20,9.98227596282959
2009-02-23,9.59009075164795
2009-02-24,10.025169372558594
2009-02-25,9.76779842376709
2009-02-26,9.620731353759766
2009-02-27,9.639114379882812
2009-03-02,9.124378204345703
2009-03-03,9.09373664855957
2009-03-04,9.541069030761719
2009-03-05,9.1427583694458
2009-03-06,9.087606430053711
2009-03-09,8.848621368408203
2009-03-10,9.553323745727539
2009-03-11,9.608470916748047
2009-03-12,9.945505142211914
2009-03-13,9.96389102935791
2009-03-16,10.037422180175781
2009-03-17,10.307051658630371
2009-03-18,10.69310474395752
2009-03-19,10.644083976745605
2009-03-20,10.533783912658691
2009-03-23,11.177206039428711
2009-03-24,10.82179069519043
2009-03-25,10.999497413635254
2009-03-26,11.054646492004395
2009-03-27,10.570549011230469
2009-03-30,10.14159870147705
2009-03-31,10.539909362792969
2009-04-01,10.71761703491211
2009-04-02,11.262995719909668
2009-04-03,11.391683578491211
2009-04-06,11.177206039428711
2009-04-07,10.809534072875977
2009-04-08,10.938220024108887
2009-04-09,11.171074867248535
2009-04-13,11.312019348144531
2009-04-14,11.13431167602539
2009-04-15,11.305893898010254
2009-04-16,11.367168426513672
2009-04-17,11.385552406311035
2009-04-20,10.760510444641113
2009-04-21,11.030137062072754
2009-04-22,10.98724365234375
2009-04-23,11.367168426513672
2009-04-24,11.673561096191406
2009-04-27,11.410066604614258
2009-04-28,11.391683578491211
2009-04-29,11.710329055786133
2009-04-30,11.73483943939209
2009-05-01,12.00446605682373
2009-05-04,12.439542770385742
2009-05-05,12.292472839355469
2009-05-06,12.604998588562012
2009-05-07,12.445670127868652
2009-05-08,12.984922409057617
2009-05-11,12.531460762023926
2009-05-12,12.623381614685059
2009-05-13,12.194425582885742
2009-05-14,12.316985130310059
2009-05-15,12.10863971710205
2009-05-18,12.61724853515625
2009-05-19,12.758193016052246
2009-05-20,12.90526008605957
2009-05-21,12.90526008605957
2009-05-22,12.9236478805542
2009-05-26,13.162630081176758
2009-05-27,12.984922409057617
2009-05-28,13.205524444580078
2009-05-29,13.444507598876953
2009-06-01,13.695754051208496
2009-06-02,13.928611755371094
2009-06-03,13.560940742492676
2009-06-04,13.65285873413086
2009-06-05,13.432257652282715
2009-06-08,13.352596282958984
2009-06-09,13.444507598876953
2009-06-10,13.340335845947266
2009-06-11,13.481280326843262
2009-06-12,13.487404823303223
2009-06-15,12.942028999328613
2009-06-16,12.764317512512207
2009-06-17,12.770445823669434
2009-06-18,12.831725120544434
2009-06-19,12.997175216674805
2009-06-22,12.494694709777832
2009-06-23,12.730323791503906
2009-06-24,12.749175071716309
2009-06-25,12.925115585327148
2009-06-26,12.81200885772705
2009-06-29,13.0444974899292
2009-06-30,12.862275123596191
2009-07-01,13.145036697387695
2009-07-02,12.730323791503906
2009-07-06,12.673773765563965
2009-07-07,12.334467887878418
2009-07-08,12.221366882324219
2009-07-09,12.347033500671387
2009-07-10,12.17737865447998
2009-07-13,12.478982925415039
2009-07-14,12.529253959655762
2009-07-15,13.063349723815918
2009-07-16,13.320971488952637
2009-07-17,13.289557456970215
2009-07-20,13.578596115112305
2009-07-21,13.660280227661133
2009-07-22,13.660280227661133
2009-07-23,13.917901992797852
2009-07-24,14.012154579162598
2009-07-27,13.968171119689941
2009-07-28,13.861350059509277
2009-07-29,13.785947799682617
2009-07-30,13.993300437927246
2009-07-31,14.206945419311523
2009-08-03,14.659354209899902
2009-08-04,14.646783828735352
2009-08-05,14.621648788452148
2009-08-06,14.521117210388184
2009-08-07,14.49598503112793
2009-08-10,14.414299011230469
2009-08-11,14.2760591506958
2009-08-12,14.451995849609375
2009-08-13,14.690770149230957
2009-08-14,14.521117210388184
2009-08-17,14.043572425842285
2009-08-18,14.181807518005371
2009-08-19,14.34517765045166
2009-08-20,14.558815956115723
2009-08-21,15.067776679992676
2009-08-24,15.086631774902344
2009-08-25,15.243714332580566
2009-08-26,15.25000286102295
2009-08-27,15.375667572021484
2009-08-28,15.41965389251709
2009-08-31,15.306549072265625
2009-09-01,14.835287094116211
2009-09-02,14.772456169128418
2009-09-03,14.841577529907227
2009-09-04,15.086631774902344
2009-09-08,15.551604270935059
2009-09-09,15.727542877197266
2009-09-10,15.890918731689453
2009-09-11,15.87205982208252
2009-09-14,15.978882789611816
2009-09-15,16.0982666015625
2009-09-16,16.412446975708008
2009-09-17,16.431289672851562
2009-09-18,16.506689071655273
2009-09-21,16.374738693237305
2009-09-22,16.56324577331543
2009-09-23,16.387310028076172
2009-09-24,16.09198760986328
2009-09-25,16.060565948486328
2009-09-28,16.299339294433594
2009-09-29,16.230222702026367
2009-09-30,16.318187713623047
2009-10-01,15.714974403381348
2009-10-02,15.539032936096191
2009-10-05,15.846931457519531
2009-10-06,16.129688262939453
2009-10-07,16.179954528808594
2009-10-08,16.443857192993164
2009-10-09,16.381025314331055
2009-10-12,16.556964874267578
2009-10-13,16.575809478759766
2009-10-14,16.977956771850586
2009-10-15,17.047073364257812
2009-10-16,16.720335006713867
2009-10-19,16.959110260009766
2009-10-20,16.889984130859375
2009-10-21,16.751745223999023
2009-10-22,16.908836364746094
2009-10-23,16.68263053894043
2009-10-26,16.26163673400879
2009-10-27,16.117116928100586
2009-10-28,15.633293151855469
2009-10-29,16.123403549194336
2009-10-30,15.394519805908203
2009-11-02,15.601873397827148
2009-11-03,15.51390552520752
2009-11-04,15.796660423278809
2009-11-05,16.110836029052734
2009-11-06,16.142253875732422
2009-11-09,16.670068740844727
2009-11-10,16.60722541809082
2009-11-11,16.676349639892578
2009-11-12,16.387310028076172
2009-11-13,16.626079559326172
2009-11-16,16.864849090576172
2009-11-17,16.770597457885742
2009-11-18,16.802017211914062
2009-11-19,16.51297950744629
2009-11-20,16.286775588989258
2009-11-23,16.550678253173828
2009-11-24,16.58209228515625
2009-11-25,16.83343505859375
2009-11-27,16.2427921295166
2009-11-30,16.24907112121582
2009-12-01,16.626079559326172
2009-12-02,16.68891716003418
2009-12-03,16.619796752929688
2009-12-04,16.670068740844727
2009-12-07,16.58209228515625
2009-12-08,16.267921447753906
2009-12-09,16.217653274536133
2009-12-10,16.24907112121582
2009-12-11,16.24907112121582
2009-12-14,16.381025314331055
2009-12-15,16.255353927612305
2009-12-16,16.393590927124023
2009-12-17,16.029150009155273
2009-12-18,15.997734069824219
2009-12-21,16.211374282836914
2009-12-22,16.281452178955078
2009-12-23,16.39508056640625
2009-12-24,16.426651000976562
2009-12-28,16.590791702270508
2009-12-29,16.660226821899414
2009-12-30,16.502403259277344
2009-12-31,16.3193302154541
2010-01-04,16.900135040283203
2010-01-05,16.855937957763672
2010-01-06,16.944316864013672
2010-01-07,16.868566513061523
2010-01-08,17.10214614868164
2010-01-11,17.247346878051758
2010-01-12,16.925382614135742
2010-01-13,17.07058334350586
2010-01-14,17.083208084106445
2010-01-15,16.7423038482666
2010-01-19,16.86225128173828
2010-01-20,16.3193302154541
2010-01-21,15.877405166625977
2010-01-22,15.504929542541504
2010-01-25,15.713271141052246
2010-01-26,15.605949401855469
2010-01-27,15.605949401855469
2010-01-28,15.23978328704834
2010-01-29,15.044083595275879
2010-02-01,15.378678321838379
2010-02-02,15.643826484680176
2010-02-03,15.555436134338379
2010-02-04,14.753680229187012
2010-02-05,14.343330383300781
2010-02-08,14.217062950134277
2010-02-09,14.791555404663086
2010-02-10,14.696864128112793
2010-02-11,14.684236526489258
2010-02-12,14.450657844543457
2010-02-16,14.955699920654297
2010-02-17,14.943073272705078
2010-02-18,15.0125150680542
2010-02-19,14.99357795715332
2010-02-22,15.00619888305664
2010-02-23,14.753680229187012
2010-02-24,14.848374366760254
2010-02-25,14.70317268371582
2010-02-26,14.905189514160156
2010-03-01,14.999890327453613
2010-03-02,15.182966232299805
2010-03-03,15.366048812866211
2010-03-04,15.334484100341797
2010-03-05,15.738520622253418
2010-03-08,15.656451225280762
2010-03-09,15.618573188781738
2010-03-10,15.757461547851562
2010-03-11,15.839533805847168
2010-03-12,15.864784240722656
2010-03-15,15.751145362854004
2010-03-16,15.959481239318848
2010-03-17,15.96579647064209
2010-03-18,15.83321475982666
2010-03-19,15.662768363952637
2010-03-22,15.706955909729004
2010-03-23,15.757461547851562
2010-03-24,15.492313385009766
2010-03-25,15.536505699157715
2010-03-26,15.706955909729004
2010-03-29,15.877405166625977
2010-03-30,15.77009105682373
2010-03-31,15.820586204528809
2010-04-01,16.142562866210938
2010-04-05,16.155183792114258
2010-04-06,16.060487747192383
2010-04-07,15.871095657348633
2010-04-08,15.814277648925781
2010-04-09,16.092052459716797
2010-04-12,16.256196975708008
2010-04-13,16.19306182861328
2010-04-14,16.426651000976562
2010-04-15,16.3193302154541
2010-04-16,15.89634895324707
2010-04-19,15.883720397949219
2010-04-20,15.959481239318848
2010-04-21,15.78271484375
2010-04-22,15.555436134338379
2010-04-23,15.694334030151367
2010-04-26,15.694334030151367
2010-04-27,14.842065811157227
2010-04-28,14.7789306640625
2010-04-29,15.050398826599121
2010-04-30,14.873629570007324
2010-05-03,15.031455039978027
2010-05-04,14.324393272399902
2010-05-05,13.850906372070312
2010-05-06,12.986019134521484
2010-05-07,13.030205726623535
2010-05-10,14.204442024230957
2010-05-11,13.996110916137695
2010-05-12,14.210752487182617
2010-05-13,13.951919555664062
2010-05-14,13.352177619934082
2010-05-17,13.339546203613281
2010-05-18,13.061775207519531
2010-05-19,13.276419639587402
2010-05-20,12.853443145751953
2010-05-21,13.137530326843262
2010-05-24,12.70192813873291
2010-05-25,12.645110130310059
2010-05-26,12.373644828796387
2010-05-27,13.26379108428955
2010-05-28,12.979702949523926
2010-06-01,12.758746147155762
2010-06-02,13.219602584838867
2010-06-03,13.181723594665527
2010-06-04,12.398897171020508
2010-06-07,12.260008811950684
2010-06-08,12.443089485168457
2010-06-09,12.367334365844727
2010-06-10,13.030205726623535
2010-06-11,13.156465530395508
2010-06-14,13.339546203613281
2010-06-15,13.895101547241211
2010-06-16,13.819341659545898
2010-06-17,13.895101547241211
2010-06-18,13.863532066345215
2010-06-21,13.825654983520508
2010-06-22,13.642579078674316
2010-06-23,13.676801681518555
2010-06-24,13.32809829711914
2010-06-25,13.334559440612793
2010-06-28,13.26998233795166
2010-06-29,12.714649200439453
2010-06-30,12.63070297241211
2010-07-01,12.86316967010498
2010-07-02,12.817963600158691
2010-07-06,13.063346862792969
2010-07-07,13.57348346710205
2010-07-08,13.780121803283691
2010-07-09,13.760746955871582
2010-07-12,13.715547561645508
2010-07-13,14.070708274841309
2010-07-14,14.051329612731934
2010-07-15,14.199851989746094
2010-07-16,13.722003936767578
2010-07-19,13.851151466369629
2010-07-20,13.805946350097656
2010-07-21,13.5089111328125
2010-07-22,14.154655456542969
2010-07-23,14.30317211151123
2010-07-26,14.432321548461914
2010-07-27,14.516263008117676
2010-07-28,14.458146095275879
2010-07-29,14.503349304199219
2010-07-30,14.464607238769531
2010-08-02,15.058688163757324
2010-08-03,15.058688163757324
2010-08-04,15.116806030273438
2010-08-05,15.136176109313965
2010-08-06,15.181379318237305
2010-08-09,15.220124244689941
2010-08-10,15.026400566101074
2010-08-11,14.206315040588379
2010-08-12,14.10299301147461
2010-08-13,13.973841667175293
2010-08-16,14.025500297546387
2010-08-17,14.30317211151123
2010-08-18,14.270882606506348
2010-08-19,13.922185897827148
2010-08-20,13.68326187133789
2010-08-23,13.676801681518555
2010-08-24,13.457245826721191
2010-08-25,13.424962043762207
2010-08-26,13.405588150024414
2010-08-27,13.696166038513184
2010-08-30,13.386214256286621
2010-08-31,13.46370792388916
2010-09-01,14.090075492858887
2010-09-02,14.30317211151123
2010-09-03,14.496892929077148
2010-09-07,14.070708274841309
2010-09-08,14.245054244995117
2010-09-09,14.380656242370605
2010-09-10,14.464607238769531
2010-09-13,14.826216697692871
2010-09-14,14.968280792236328
2010-09-15,14.98765754699707
2010-09-16,15.000575065612793
2010-09-17,14.852051734924316
2010-09-20,15.187834739685059
2010-09-21,15.304069519042969
2010-09-22,15.323442459106445
2010-09-23,14.994115829467773
2010-09-24,15.614026069641113
2010-09-27,15.47196102142334
2010-09-28,15.665681838989258
2010-09-29,15.588190078735352
2010-09-30,15.491329193115234
2010-10-01,15.594654083251953
2010-10-04,15.297611236572266
2010-10-05,15.87877368927002
2010-10-06,16.053131103515625
2010-10-07,16.059587478637695
2010-10-08,16.104795455932617
2010-10-11,16.020843505859375
2010-10-12,16.059587478637695
2010-10-13,16.304969787597656
2010-10-14,16.479318618774414
2010-10-15,16.39537811279297
2010-10-18,16.42765998840332
2010-10-19,15.975641250610352
2010-10-20,16.36309051513672
2010-10-21,16.447031021118164
2010-10-22,16.498693466186523
2010-10-25,16.54389190673828
2010-10-26,16.388916015625
2010-10-27,16.188730239868164
2010-10-28,16.382455825805664
2010-10-29,16.350173950195312
2010-11-01,16.240394592285156
2010-11-02,16.608463287353516
2010-11-03,16.71824073791504
2010-11-04,17.11214256286621
2010-11-05,16.892595291137695
2010-11-08,16.750530242919922
2010-11-09,16.556804656982422
2010-11-10,16.563262939453125
2010-11-11,16.266223907470703
2010-11-12,16.098329544067383
2010-11-15,16.078954696655273
2010-11-16,15.614026069641113
2010-11-17,15.723800659179688
2010-11-18,16.143531799316406
2010-11-19,16.266223907470703
2010-11-22,16.027299880981445
2010-11-23,15.368644714355469
2010-11-24,15.452585220336914
2010-11-26,15.233037948608398
2010-11-29,14.852051734924316
2010-11-30,14.522727966308594
2010-12-01,14.98765754699707
2010-12-02,15.375100135803223
2010-12-03,15.639852523803711
2010-12-06,15.459049224853516
2010-12-07,15.594654083251953
2010-12-08,15.76254653930664
2010-12-09,15.820662498474121
2010-12-10,15.827115058898926
2010-12-13,16.104795455932617
2010-12-14,16.085420608520508
2010-12-15,15.788372993469238
2010-12-16,15.930434226989746
2010-12-17,15.794836044311523
2010-12-20,15.788372993469238
2010-12-21,15.90546989440918
2010-12-22,15.90546989440918
2010-12-23,15.853425979614258
2010-12-27,15.749343872070312
2010-12-28,15.677788734436035
2010-12-29,15.853425979614258
2010-12-30,15.807890892028809
2010-12-31,15.90546989440918
2011-01-03,16.081111907958984
2011-01-04,16.087617874145508
2011-01-05,15.951008796691895
2011-01-06,15.723320007324219
2011-01-07,15.48262882232666
2011-01-10,15.352519989013672
2011-01-11,15.495636940002441
2011-01-12,16.009559631347656
2011-01-13,16.308799743652344
2011-01-14,16.523473739624023
2011-01-18,16.595035552978516
2011-01-19,16.510467529296875
2011-01-20,16.536483764648438
2011-01-21,16.829227447509766
2011-01-24,16.991857528686523
2011-01-25,16.99836540222168
2011-01-26,17.063413619995117
2011-01-27,17.20653533935547
2011-01-28,16.653579711914062
2011-01-31,16.913793563842773
2011-02-01,17.362659454345703
2011-02-02,17.219541549682617
2011-02-03,17.037395477294922
2011-02-04,16.99836540222168
2011-02-07,17.07642364501953
2011-02-08,17.278091430664062
2011-02-09,17.323627471923828
2011-02-10,17.180511474609375
2011-02-11,17.167497634887695
2011-02-14,17.050405502319336
2011-02-15,17.043899536132812
2011-02-16,17.317121505737305
2011-02-17,17.362659454345703
2011-02-18,17.466747283935547
2011-02-22,16.900779724121094
2011-02-23,16.92029571533203
2011-02-24,16.9853515625
2011-02-25,17.245559692382812
2011-02-28,17.466747283935547
2011-03-01,17.18701934814453
2011-03-02,17.239057540893555
2011-03-03,17.55781364440918
2011-03-04,17.310617446899414
2011-03-07,17.147987365722656
2011-03-08,17.232553482055664
2011-03-09,17.20002555847168
2011-03-10,16.83572769165039
2011-03-11,16.90728759765625
2011-03-14,16.829227447509766
2011-03-15,16.38035774230957
2011-03-16,15.736329078674316
2011-03-17,16.3153018951416
2011-03-18,16.647075653076172
2011-03-21,17.141475677490234
2011-03-22,17.037395477294922
2011-03-23,17.063413619995117
2011-03-24,17.395187377929688
2011-03-25,17.239057540893555
2011-03-28,17.239057540893555
2011-03-29,17.38867950439453
2011-03-30,17.544801712036133
2011-03-31,17.518787384033203
2011-04-01,17.726953506469727
2011-04-04,17.75297737121582
2011-04-05,17.75948143005371
2011-04-06,17.94162940979004
2011-04-07,17.844051361083984
2011-04-08,18.006681442260742
2011-04-11,17.902605056762695
2011-04-12,17.77899742126465
2011-04-13,17.75948143005371
2011-04-14,17.772491455078125
2011-04-15,17.674917221069336
2011-04-18,17.102445602416992
2011-04-19,17.297603607177734
2011-04-20,17.889589309692383
2011-04-21,18.013195037841797
2011-04-25,18.039213180541992
2011-04-26,18.247379302978516
2011-04-27,18.644201278686523
2011-04-28,18.748289108276367
2011-04-29,18.806835174560547
2011-05-02,18.793827056884766
2011-05-03,18.73528480529785
2011-05-04,18.592161178588867
2011-05-05,18.026201248168945
2011-05-06,17.889589309692383
2011-05-09,17.93512535095215
2011-05-10,18.21485710144043
2011-05-11,17.844051361083984
2011-05-12,17.928619384765625
2011-05-13,17.66189956665039
2011-05-16,17.58384132385254
2011-05-17,17.64889144897461
2011-05-18,17.792009353637695
2011-05-19,18.1237735748291
2011-05-20,17.720449447631836
2011-05-23,17.304109573364258
2011-05-24,17.362659454345703
2011-05-25,17.414697647094727
2011-05-26,17.58384132385254
2011-05-27,17.720449447631836
2011-05-31,18.26689910888672
2011-06-01,17.7659854888916
2011-06-02,17.922117233276367
2011-06-03,17.987167358398438
2011-06-06,17.707441329956055
2011-06-07,17.922117233276367
2011-06-08,17.64238929748535
2011-06-09,17.876571655273438
2011-06-10,17.323627471923828
2011-06-13,17.33013343811035
2011-06-14,17.7009334564209
2011-06-15,16.991857528686523
2011-06-16,16.94632339477539
2011-06-17,17.258573532104492
2011-06-20,17.219541549682617
2011-06-21,17.668407440185547
2011-06-22,17.516040802001953
2011-06-23,17.257673263549805
2011-06-24,16.986051559448242
2011-06-27,17.217920303344727
2011-06-28,17.516040802001953
2011-06-29,17.90028190612793
2011-06-30,18.311016082763672
2011-07-01,18.483261108398438
2011-07-05,18.17189598083496
2011-07-06,17.95989990234375
2011-07-07,18.112274169921875
2011-07-08,17.728029251098633
2011-07-11,16.81380271911621
2011-07-12,16.654809951782227
2011-07-13,16.88005828857422
2011-07-14,16.721057891845703
2011-07-15,16.734310150146484
2011-07-18,16.38981819152832
2011-07-19,16.63494110107422
2011-07-20,16.906557083129883
2011-07-21,17.496164321899414
2011-07-22,17.52928924560547
2011-07-25,17.410049438476562
2011-07-26,17.39678955078125
2011-07-27,16.886680603027344
2011-07-28,16.68793296813965
2011-07-29,16.66805648803711
2011-08-01,16.33681869506836
2011-08-02,15.727334976196289
2011-08-03,15.866455078125
2011-08-04,14.574620246887207
2011-08-05,15.117853164672852
2011-08-08,13.700135231018066
2011-08-09,14.640861511230469
2011-08-10,13.534517288208008
2011-08-11,14.137377738952637
2011-08-12,14.607742309570312
2011-08-15,15.03835391998291
2011-08-16,14.740234375
2011-08-17,14.892605781555176
2011-08-18,13.991631507873535
2011-08-19,13.713388442993164
2011-08-22,13.88563060760498
2011-08-23,14.428872108459473
2011-08-24,14.52161979675293
2011-08-25,14.203622817993164
2011-08-26,14.316252708435059
2011-08-29,14.713735580444336
2011-08-30,14.64748764038086
2011-08-31,14.958850860595703
2011-09-01,14.740234375
2011-09-02,14.18375301361084
2011-09-06,13.494771003723145
2011-09-07,13.978379249572754
2011-09-08,13.6272611618042
2011-09-09,12.978034973144531
2011-09-12,12.686542510986328
2011-09-13,12.772663116455078
2011-09-14,13.150276184082031
2011-09-15,13.640514373779297
2011-09-16,13.435148239135742
2011-09-19,12.991281509399414
2011-09-20,12.984654426574707
2011-09-21,12.58716869354248
2011-09-22,12.070428848266602
2011-09-23,12.183052062988281
2011-09-26,12.501049995422363
2011-09-27,13.004535675048828
2011-09-28,12.779285430908203
2011-09-29,13.156903266906738
2011-09-30,12.62028980255127
2011-10-03,12.103555679321289
2011-10-04,12.414923667907715
2011-10-05,12.759411811828613
2011-10-06,13.236400604248047
2011-10-07,13.117155075073242
2011-10-10,13.759761810302734
2011-10-11,13.779638290405273
2011-10-12,14.177123069763184
2011-10-13,14.124123573303223
2011-10-14,14.316252708435059
2011-10-17,13.806134223937988
2011-10-18,13.978379249572754
2011-10-19,13.70676326751709
2011-10-20,13.667015075683594
2011-10-21,14.071130752563477
2011-10-24,14.302999496459961
2011-10-25,13.971757888793945
2011-10-26,14.243375778198242
2011-10-27,15.389472961425781
2011-10-28,15.137727737426758
2011-10-31,14.243375778198242
2011-11-01,13.435148239135742
2011-11-02,13.614014625549316
2011-11-03,14.177123069763184
2011-11-04,13.79951000213623
2011-11-07,13.7730131149292
2011-11-08,14.057882308959961
2011-11-09,13.110528945922852
2011-11-10,13.309273719787598
2011-11-11,13.812760353088379
2011-11-14,13.461641311645508
2011-11-15,13.236400604248047
2011-11-16,13.004535675048828
2011-11-17,12.819039344787598
2011-11-18,12.891908645629883
2011-11-21,12.573918342590332
2011-11-22,12.414923667907715
2011-11-23,12.010810852050781
2011-11-25,11.990933418273926
2011-11-28,12.752786636352539
2011-11-29,12.819039344787598
2011-11-30,13.607392311096191
2011-12-01,13.488142967224121
2011-12-02,13.481515884399414
2011-12-05,13.647138595581055
2011-12-06,13.6272611618042
2011-12-07,13.69351577758789
2011-12-08,13.064154624938965
2011-12-09,13.527892112731934
2011-12-12,12.997904777526855
2011-12-13,12.633543014526367
2011-12-14,12.335426330566406
2011-12-15,12.381799697875977
2011-12-16,12.322175025939941
2011-12-19,12.26917839050293
2011-12-20,12.84240436553955
2011-12-21,12.742067337036133
2011-12-22,12.895912170410156
2011-12-23,12.996246337890625
2011-12-27,12.989554405212402
2011-12-28,12.715316772460938
2011-12-29,13.056442260742188
2011-12-30,13.096574783325195
2012-01-03,13.48452377319336
2012-01-04,13.250414848327637
2012-01-05,12.969488143920898
2012-01-06,12.742067337036133
2012-01-09,12.835715293884277
2012-01-10,13.109949111938477
2012-01-11,13.083196640014648
2012-01-12,13.216970443725586
2012-01-13,12.949424743652344
2012-01-17,13.250414848327637
2012-01-18,13.558095932006836
2012-01-19,13.825651168823242
2012-01-20,13.818957328796387
2012-01-23,13.96611499786377
2012-01-24,13.8657808303833
2012-01-25,14.039690971374512
2012-01-26,14.07313346862793
2012-01-27,14.053065299987793
2012-01-30,13.805580139160156
2012-01-31,13.919291496276855
2012-02-01,14.180153846740723
2012-02-02,14.240352630615234
2012-02-03,14.467771530151367
2012-02-06,14.333993911743164
2012-02-07,14.507902145385742
2012-02-08,14.568099021911621
2012-02-09,14.634984970092773
2012-02-10,14.273797035217285
2012-02-13,14.360749244689941
2012-02-14,14.206907272338867
2012-02-15,14.166775703430176
2012-02-16,14.42094612121582
2012-02-17,14.574792861938477
2012-02-21,14.661745071411133
2012-02-22,14.608235359191895
2012-02-23,14.835653305053711
2012-02-24,14.976113319396973
2012-02-27,14.815584182739258
2012-02-28,14.909225463867188
2012-02-29,14.78882884979248
2012-03-01,14.976113319396973
2012-03-02,14.828967094421387
2012-03-05,14.822270393371582
2012-03-06,14.106576919555664
2012-03-07,14.333993911743164
2012-03-08,14.882472038269043
2012-03-09,14.695184707641602
2012-03-12,14.815584182739258
2012-03-13,15.029620170593262
2012-03-14,14.929290771484375
2012-03-15,15.069754600524902
2012-03-16,15.210223197937012
2012-03-19,15.250350952148438
2012-03-20,15.109889030456543
2012-03-21,14.996177673339844
2012-03-22,14.74869441986084
2012-03-23,14.882472038269043
2012-03-26,15.12995433807373
2012-03-27,14.875782012939453
2012-03-28,14.742009162902832
2012-03-29,14.588165283203125
2012-03-30,14.762068748474121
2012-04-02,14.915919303894043
2012-04-03,14.54134750366211
2012-04-04,14.106576919555664
2012-04-05,13.925978660583496
2012-04-09,13.899224281311035
2012-04-10,13.451080322265625
2012-04-11,13.665121078491211
2012-04-12,13.952730178833008
2012-04-13,13.531343460083008
2012-04-16,13.624988555908203
2012-04-17,13.979490280151367
2012-04-18,13.745381355285645
2012-04-19,13.48452377319336
2012-04-20,13.578164100646973
2012-04-23,13.243727684020996
2012-04-24,13.471145629882812
2012-04-25,13.8657808303833
2012-04-26,13.925978660583496
2012-04-27,14.033000946044922
2012-04-30,13.859091758728027
2012-05-01,13.972801208496094
2012-05-02,13.892536163330078
2012-05-03,13.758759498596191
2012-05-04,13.538033485412598
2012-05-07,13.71193790435791
2012-05-08,13.424325942993164
2012-05-09,13.210285186767578
2012-05-10,13.310614585876465
2012-05-11,13.223660469055176
2012-05-14,12.88253402709961
2012-05-15,12.67518424987793
2012-05-16,12.66849422454834
2012-05-17,12.501277923583984
2012-05-18,12.514654159545898
2012-05-21,12.869163513183594
2012-05-22,12.755451202392578
2012-05-23,12.62167739868164
2012-05-24,12.528030395507812
2012-05-25,12.528030395507812
2012-05-29,12.722007751464844
2012-05-30,12.31399154663086
2012-05-31,12.414320945739746
2012-06-01,12.073192596435547
2012-06-04,12.240415573120117
2012-06-05,12.31399154663086
2012-06-06,12.788893699645996
2012-06-07,12.701935768127441
2012-06-08,12.66849422454834
2012-06-11,12.507966995239258
2012-06-12,12.67518424987793
2012-06-13,12.548095703125
2012-06-14,12.681868553161621
2012-06-15,12.982868194580078
2012-06-18,12.8089599609375
2012-06-19,13.103266716003418
2012-06-20,13.163460731506348
2012-06-21,12.81660270690918
2012-06-22,12.933367729187012
2012-06-25,12.548730850219727
2012-06-26,12.548730850219727
2012-06-27,12.699838638305664
2012-06-28,12.692968368530273
2012-06-29,13.448504447937012
2012-07-02,13.592741966247559
2012-07-03,13.661432266235352
2012-07-05,13.228711128234863
2012-07-06,12.981447219848633
2012-07-09,12.974578857421875
2012-07-10,12.844080924987793
2012-07-11,12.850946426391602
2012-07-12,12.761656761169434
2012-07-13,12.947100639343262
2012-07-16,12.95397663116455
2012-07-17,13.0707368850708
2012-07-18,13.214982032775879
2012-07-19,13.324873924255371
2012-07-20,12.933367729187012
2012-07-23,12.55560302734375
2012-07-24,12.356415748596191
2012-07-25,12.486916542053223
2012-07-26,13.13255500793457
2012-07-27,13.585872650146484
2012-07-30,13.496582984924316
2012-07-31,13.393555641174316
2012-08-01,13.43476676940918
2012-08-02,13.050132751464844
2012-08-03,13.819405555725098
2012-08-06,13.94990348815918
2012-08-07,14.169695854187012
2012-08-08,14.080404281616211
2012-08-09,14.059796333312988
2012-08-10,14.039193153381348
2012-08-13,14.018588066101074
2012-08-14,14.032328605651855
2012-08-15,14.004850387573242
2012-08-16,14.258988380432129
2012-08-17,14.238380432128906
2012-08-20,14.238380432128906
2012-08-21,14.430697441101074
2012-08-22,14.423829078674316
2012-08-23,14.258988380432129
2012-08-24,14.190299034118652
2012-08-27,14.272723197937012
2012-08-28,14.300196647644043
2012-08-29,14.162830352783203
2012-08-30,13.991117477416992
2012-08-31,14.155962944030762
2012-09-04,14.176563262939453
2012-09-05,14.190299034118652
2012-09-06,14.650489807128906
2012-09-07,14.952701568603516
2012-09-10,14.760388374328613
2012-09-11,15.02138900756836
2012-09-12,15.131284713745117
2012-09-13,15.254916191101074
2012-09-14,15.529658317565918
2012-09-17,15.406025886535645
2012-09-18,15.186232566833496
2012-09-19,15.26865291595459
2012-09-20,15.138155937194824
2012-09-21,15.165627479553223
2012-09-24,15.062599182128906
2012-09-25,14.91836166381836
2012-09-26,14.684830665588379
2012-09-27,14.863411903381348
2012-09-28,14.410094261169434
2012-10-01,14.657361030578613
2012-10-02,14.70544147491455
2012-10-03,14.61614990234375
2012-10-04,14.829070091247559
2012-10-05,14.938969612121582
2012-10-08,14.79472827911377
2012-10-09,14.492515563964844
2012-10-10,14.471908569335938
2012-10-11,14.61614990234375
2012-10-12,14.650489807128906
2012-10-15,14.829070091247559
2012-10-16,15.26865291595459
2012-10-17,15.406025886535645
2012-10-18,15.351079940795898
2012-10-19,15.124414443969727
2012-10-22,15.199969291687012
2012-10-23,14.801594734191895
2012-10-24,14.760388374328613
2012-10-25,14.746649742126465
2012-10-26,14.8496732711792
2012-10-31,14.829070091247559
2012-11-01,15.02138900756836
2012-11-02,14.856548309326172
2012-11-05,14.726043701171875
2012-11-06,14.904623985290527
2012-11-07,14.58867359161377
2012-11-08,14.430697441101074
2012-11-09,14.492515563964844
2012-11-12,14.492515563964844
2012-11-13,14.416964530944824
2012-11-14,14.320806503295898
2012-11-15,14.382617950439453
2012-11-16,14.272723197937012
2012-11-19,14.691702842712402
2012-11-20,14.808464050292969
2012-11-21,14.8496732711792
2012-11-23,15.24117660522461
2012-11-26,15.186232566833496
2012-11-27,15.048859596252441
2012-11-28,15.220573425292969
2012-11-29,15.37855052947998
2012-11-30,15.406025886535645
2012-12-03,15.467840194702148
2012-12-04,15.605210304260254
2012-12-05,15.67389965057373
2012-12-06,15.598344802856445
2012-12-07,15.564002990722656
2012-12-10,15.618951797485352
2012-12-11,15.80439567565918
2012-12-12,15.866216659545898
2012-12-13,15.825002670288086
2012-12-14,15.948633193969727
2012-12-17,15.982975006103516
2012-12-18,16.12308692932129
2012-12-19,16.12999153137207
2012-12-20,16.254228591918945
2012-12-21,16.15760040283203
2012-12-24,16.040264129638672
2012-12-26,16.019554138183594
2012-12-27,16.18520736694336
2012-12-28,15.909131050109863
2012-12-31,16.281835556030273
2013-01-02,16.37156105041504
2013-01-03,16.12308692932129
2013-01-04,16.22661590576172
2013-01-07,16.18520736694336
2013-01-08,16.164501190185547
2013-01-09,16.109283447265625
2013-01-10,16.33014678955078
2013-01-11,16.433683395385742
2013-01-14,16.516502380371094
2013-01-15,16.419879913330078
2013-01-16,16.33014678955078
2013-01-17,16.606229782104492
2013-01-18,16.613130569458008
2013-01-22,16.606229782104492
2013-01-23,16.537208557128906
2013-01-24,16.633840560913086
2013-01-25,16.965133666992188
2013-01-28,16.937528610229492
2013-01-29,16.99964141845703
2013-01-30,16.937528610229492
2013-01-31,16.792583465576172
2013-02-01,17.16529083251953
2013-02-04,16.440582275390625
2013-02-05,16.682147979736328
2013-02-06,16.454387664794922
2013-02-07,16.15760040283203
2013-02-08,16.281835556030273
2013-02-11,16.323244094848633
2013-02-12,16.50269889831543
2013-02-13,16.564817428588867
2013-02-14,16.385360717773438
2013-02-15,16.33704948425293
2013-02-19,16.716663360595703
2013-02-20,16.40607452392578
2013-02-21,16.033363342285156
2013-02-22,16.426776885986328
2013-02-25,15.771088600158691
2013-02-26,15.902227401733398
2013-02-27,16.281835556030273
2013-02-28,16.19900894165039
2013-03-01,16.13689422607422
2013-03-04,16.24042320251465
2013-03-05,16.447484970092773
2013-03-06,16.419879913330078
2013-03-07,16.626935958862305
2013-03-08,16.682147979736328
2013-03-11,16.709749221801758
2013-03-12,16.668346405029297
2013-03-13,16.606229782104492
2013-03-14,16.77187728881836
2013-03-15,16.72356414794922
2013-03-18,16.4888973236084
2013-03-19,16.302539825439453
2013-03-20,16.516502380371094
2013-03-21,16.247323989868164
2013-03-22,16.440582275390625
2013-03-25,16.005754470825195
2013-03-26,16.13689422607422
2013-03-27,15.867717742919922
2013-03-28,16.019554138183594
2013-04-01,15.922929763793945
2013-04-02,16.171401977539062
2013-04-03,16.11618423461914
2013-04-04,16.143802642822266
2013-04-05,15.99885082244873
2013-04-08,16.033363342285156
2013-04-09,16.095483779907227
2013-04-10,16.33014678955078
2013-04-11,16.481992721557617
2013-04-12,16.419879913330078
2013-04-15,16.005754470825195
2013-04-16,16.281835556030273
2013-04-17,15.743476867675781
2013-04-18,15.688260078430176
2013-04-19,15.888422012329102
2013-04-22,15.99885082244873
2013-04-23,16.412973403930664
2013-04-24,16.640743255615234
2013-04-25,16.5786190032959
2013-04-26,16.59242820739746
2013-04-29,16.95823097229004
2013-04-30,16.930625915527344
2013-05-01,16.751171112060547
2013-05-02,16.916820526123047
2013-05-03,17.158390045166016
2013-05-06,17.137683868408203
2013-05-07,17.192893981933594
2013-05-08,17.441373825073242
2013-05-09,17.206707000732422
2013-05-10,17.310232162475586
2013-05-13,17.255016326904297
2013-05-14,17.282625198364258
2013-05-15,17.28952980041504
2013-05-16,17.19980239868164
2013-05-17,17.38615608215332
2013-05-20,17.448278427124023
2013-05-21,17.572509765625
2013-05-22,17.41376495361328
2013-05-23,17.39995765686035
2013-05-24,17.379255294799805
2013-05-28,17.572509765625
2013-05-29,17.455175399780273
2013-05-30,17.620824813842773
2013-05-31,17.255016326904297
2013-06-03,17.427568435668945
2013-06-04,17.310232162475586
2013-06-05,17.02035140991211
2013-06-06,17.19980239868164
2013-06-07,17.33094024658203
2013-06-10,17.324037551879883
2013-06-11,17.137683868408203
2013-06-12,17.116981506347656
2013-06-13,17.365446090698242
2013-06-14,17.19980239868164
2013-06-17,17.48278045654297
2013-06-18,17.57941246032715
2013-06-19,17.192893981933594
2013-06-20,16.564817428588867
2013-06-21,16.433683395385742
2013-06-24,16.143802642822266
2013-06-25,16.3094425201416
2013-06-26,16.468189239501953
2013-06-27,16.630109786987305
2013-06-28,16.48162269592285
2013-07-01,16.658388137817383
2013-07-02,16.45334243774414
2013-07-03,16.403852462768555
2013-07-05,16.50990104675293
2013-07-08,16.743236541748047
2013-07-09,16.736167907714844
2013-07-10,16.84929656982422
2013-07-11,17.280607223510742
2013-07-12,17.125051498413086
2013-07-15,17.22403907775879
2013-07-16,17.238178253173828
2013-07-17,17.24525260925293
2013-07-18,17.464441299438477
2013-07-19,17.492725372314453
2013-07-22,17.619997024536133
2013-07-23,17.641202926635742
2013-07-24,17.796756744384766
2013-07-25,17.987668991088867
2013-07-26,18.037158966064453
2013-07-29,17.952316284179688
2013-07-30,17.952316284179688
2013-07-31,18.001811981201172
2013-08-01,18.21392250061035
2013-08-02,18.31291389465332
2013-08-05,18.27756118774414
2013-08-06,18.235132217407227
2013-08-07,18.319988250732422
2013-08-08,18.51797103881836
2013-08-09,18.51797103881836
2013-08-12,18.404830932617188
2013-08-13,18.47553825378418
2013-08-14,18.546245574951172
2013-08-15,18.5321044921875
2013-08-16,18.60280990600586
2013-08-19,18.433115005493164
2013-08-20,18.397764205932617
2013-08-21,18.235132217407227
2013-08-22,18.418975830078125
2013-08-23,18.51797103881836
2013-08-26,18.404830932617188
2013-08-27,17.94524383544922
2013-08-28,17.90282440185547
2013-08-29,17.86039924621582
2013-08-30,17.627065658569336
2013-09-03,17.775543212890625
2013-09-04,17.839183807373047
2013-09-05,17.853328704833984
2013-09-06,18.05837059020996
2013-09-09,18.22806739807129
2013-09-10,18.51797103881836
2013-09-11,18.6240234375
2013-09-12,18.510896682739258
2013-09-13,18.58160400390625
2013-09-16,18.73008155822754
2013-09-17,18.793720245361328
2013-09-18,19.34522819519043
2013-09-19,19.246238708496094
2013-09-20,19.18967056274414
2013-09-23,19.097753524780273
2013-09-24,19.11896514892578
2013-09-25,19.168460845947266
2013-09-26,19.154319763183594
2013-09-27,19.18967056274414
2013-09-30,19.005840301513672
2013-10-01,19.239166259765625
2013-10-02,19.203815460205078
2013-10-03,19.034116744995117
2013-10-04,19.12603759765625
2013-10-07,19.083614349365234
2013-10-08,18.92806053161621
2013-10-09,18.942201614379883
2013-10-10,19.38058090209961
2013-10-11,19.394723892211914
2013-10-14,19.451284408569336
2013-10-15,19.35230255126953
2013-10-16,19.373506546020508
2013-10-17,19.642192840576172
2013-10-18,19.833099365234375
2013-10-21,19.783601760864258
2013-10-22,19.96744155883789
2013-10-23,19.87552833557129
2013-10-24,19.953296661376953
2013-10-25,19.960371017456055
2013-10-28,19.826030731201172
2013-10-29,19.896730422973633
2013-10-30,19.80481719970703
2013-10-31,19.727039337158203
2013-11-01,19.57855796813965
2013-11-04,19.67047691345215
2013-11-05,19.38058090209961
2013-11-06,19.628053665161133
2013-11-07,19.30986976623535
2013-11-08,19.366445541381836
2013-11-11,19.49371337890625
2013-11-12,19.40886116027832
2013-11-13,19.472496032714844
2013-11-14,19.521991729736328
2013-11-15,19.628053665161133
2013-11-18,19.67754364013672
2013-11-19,19.57855796813965
2013-11-20,19.331085205078125
2013-11-21,19.458358764648438
2013-11-22,19.649261474609375
2013-11-25,19.62097930908203
2013-11-26,19.68461799621582
2013-11-27,19.712894439697266
2013-11-29,19.748252868652344
2013-12-02,19.599767684936523
2013-12-03,19.28158950805664
2013-12-04,19.147247314453125
2013-12-05,19.04825782775879
2013-12-06,19.295732498168945
2013-12-09,19.30280303955078
2013-12-10,19.182601928710938
2013-12-11,19.12603759765625
2013-12-12,19.055328369140625
2013-12-13,19.04825782775879
2013-12-16,19.28158950805664
2013-12-17,19.11896514892578
2013-12-18,19.404489517211914
2013-12-19,19.447107315063477
2013-12-20,19.525238037109375
2013-12-23,19.674394607543945
2013-12-24,19.7667293548584
2013-12-26,19.89457893371582
2013-12-27,19.994014739990234
2013-12-30,20.12896156311035
2013-12-31,20.207094192504883
2014-01-02,19.72411346435547
2014-01-03,19.63888168334961
2014-01-06,19.624671936035156
2014-01-07,19.7667293548584
2014-01-08,19.71701431274414
2014-01-09,19.660192489624023
2014-01-10,19.866165161132812
2014-01-13,19.745418548583984
2014-01-14,19.972705841064453
2014-01-15,20.10765838623047
2014-01-16,20.093456268310547
2014-01-17,19.90167808532715
2014-01-21,20.043731689453125
2014-01-22,19.994014739990234
2014-01-23,19.97981071472168
2014-01-24,19.312156677246094
2014-01-27,19.31926155090332
2014-01-28,19.582063674926758
2014-01-29,19.31926155090332
2014-01-30,19.411598205566406
2014-01-31,19.09197998046875
2014-02-03,18.758150100708008
2014-02-04,19.013845443725586
2014-02-05,19.049362182617188
2014-02-06,19.440013885498047
2014-02-07,19.745418548583984
2014-02-10,19.674394607543945
2014-02-11,19.951400756835938
2014-02-12,19.951400756835938
2014-02-13,20.164480209350586
2014-02-14,20.25681495666504
2014-02-18,20.278121948242188
2014-02-19,20.164480209350586
2014-02-20,20.356246948242188
2014-02-21,20.448589324951172
2014-02-24,20.62615394592285
2014-02-25,20.62615394592285
2014-02-26,20.484100341796875
2014-02-27,20.583538055419922
2014-02-28,20.633258819580078
2014-03-03,20.136070251464844
2014-03-04,20.548023223876953
2014-03-05,20.569326400756836
2014-03-06,20.86054039001465
2014-03-07,20.775310516357422
2014-03-10,20.746898651123047
2014-03-11,20.562231063842773
2014-03-12,20.50540542602539
2014-03-13,20.022422790527344
2014-03-14,20.01531982421875
2014-03-17,20.306529998779297
2014-03-18,20.548023223876953
2014-03-19,20.22130012512207
2014-03-20,20.370458602905273
2014-03-21,20.292327880859375
2014-03-24,20.320737838745117
2014-03-25,20.633258819580078
2014-03-26,20.597742080688477
2014-03-27,20.604846954345703
2014-03-28,20.725589752197266
2014-03-31,20.73979377746582
2014-04-01,20.94577407836914
2014-04-02,20.91025733947754
2014-04-03,20.924463272094727
2014-04-04,20.888954162597656
2014-04-07,20.853437423706055
2014-04-08,20.853437423706055
2014-04-09,21.144649505615234
2014-04-10,20.73979377746582
2014-04-11,20.640356063842773
2014-04-14,20.70427894592285
2014-04-15,20.6474609375
2014-04-16,20.896053314208984
2014-04-17,20.988386154174805
2014-04-21,21.031003952026367
2014-04-22,21.15175437927246
2014-04-23,21.073623657226562
2014-04-24,21.165956497192383
2014-04-25,21.087825775146484
2014-04-28,21.15175437927246
2014-04-29,21.23698616027832
2014-04-30,21.336421966552734
2014-05-01,21.37903594970703
2014-05-02,21.272499084472656
2014-05-05,21.300905227661133
2014-05-06,21.15175437927246
2014-05-07,21.336421966552734
2014-05-08,21.336421966552734
2014-05-09,21.215675354003906
2014-05-12,21.37193489074707
2014-05-13,21.357723236083984
2014-05-14,21.300905227661133
2014-05-15,21.094926834106445
2014-05-16,21.116239547729492
2014-05-19,21.17305564880371
2014-05-20,21.05231285095215
2014-05-21,21.180156707763672
2014-05-22,21.15175437927246
2014-05-23,21.201467514038086
2014-05-27,21.428754806518555
2014-05-28,21.329317092895508
2014-05-29,21.39324378967285
2014-05-30,21.450063705444336
2014-06-02,21.421648025512695
2014-06-03,21.315109252929688
2014-06-04,21.308008193969727
2014-06-05,21.656038284301758
2014-06-06,21.82650375366211
2014-06-09,21.727062225341797
2014-06-10,21.670244216918945
2014-06-11,21.442960739135742
2014-06-12,21.442960739135742
2014-06-13,21.37193489074707
2014-06-16,21.315109252929688
2014-06-17,21.37903594970703
2014-06-18,21.535293579101562
2014-06-19,21.585012435913086
2014-06-20,21.47136688232422
2014-06-23,21.414552688598633
2014-06-24,21.27959632873535
2014-06-25,21.216514587402344
2014-06-26,21.17300796508789
2014-06-27,21.18751335144043
2014-06-30,21.13675308227539
2014-07-01,21.25276756286621
2014-07-02,21.194765090942383
2014-07-03,21.281770706176758
2014-07-07,20.98448371887207
2014-07-08,20.665435791015625
2014-07-09,20.752450942993164
2014-07-10,20.46965789794922
2014-07-11,20.520414352416992
2014-07-14,20.62917709350586
2014-07-15,20.418899536132812
2014-07-16,20.585678100585938
2014-07-17,20.237625122070312
2014-07-18,20.48416519165039
2014-07-21,20.339141845703125
2014-07-22,20.49141502380371
2014-07-23,20.505910873413086
2014-07-24,20.658185958862305
2014-07-25,20.324636459350586
2014-07-28,20.346391677856445
2014-07-29,20.339141845703125
2014-07-30,20.186870574951172
2014-07-31,19.744552612304688
2014-08-01,19.650291442871094
2014-08-04,19.79531478881836
2014-08-05,19.534276962280273
2014-08-06,19.512523651123047
2014-08-07,19.215229034423828
2014-08-08,19.490774154663086
2014-08-11,19.46176528930664
2014-08-12,19.40375328063965
2014-08-13,19.47626495361328
2014-08-14,19.585033416748047
2014-08-15,19.5560302734375
2014-08-18,19.679292678833008
2014-08-19,19.722801208496094
2014-08-20,19.56328010559082
2014-08-21,19.780813217163086
2014-08-22,19.606786727905273
2014-08-25,19.860572814941406
2014-08-26,20.049097061157227
2014-08-27,20.10710906982422
2014-08-28,19.9910945892334
2014-08-29,19.9910945892334
2014-09-02,19.97658348083496
2014-09-03,20.165117263793945
2014-09-04,20.157861709594727
2014-09-05,20.215869903564453
2014-09-08,19.9910945892334
2014-09-09,19.97658348083496
2014-09-10,20.020090103149414
2014-09-11,19.940336227416992
2014-09-12,19.94758415222168
2014-09-15,19.9185791015625
2014-09-16,19.940336227416992
2014-09-17,19.838821411132812
2014-09-18,19.96933937072754
2014-09-19,19.831571578979492
2014-09-22,19.773557662963867
2014-09-23,19.440013885498047
2014-09-24,19.592281341552734
2014-09-25,19.215229034423828
2014-09-26,19.396509170532227
2014-09-29,19.17897605895996
2014-09-30,19.25148582458496
2014-10-01,19.019453048706055
2014-10-02,18.75841522216797
2014-10-03,18.62789535522461
2014-10-06,18.78742027282715
2014-10-07,18.33785629272461
2014-10-08,18.678653717041016
2014-10-09,18.033309936523438
2014-10-10,17.794031143188477
2014-10-13,17.815780639648438
2014-10-14,17.89554214477539
2014-10-15,17.678010940551758
2014-10-16,17.424226760864258
2014-10-17,17.837539672851562
2014-10-20,17.881038665771484
2014-10-21,18.22183609008789
2014-10-22,17.946300506591797
2014-10-23,18.250843048095703
2014-10-24,18.32335090637207
2014-10-27,18.178333282470703
2014-10-28,18.374107360839844
2014-10-29,18.13482666015625
2014-10-30,18.272600173950195
2014-10-31,18.526378631591797
2014-11-03,18.301599502563477
2014-11-04,18.19283676147461
2014-11-05,18.32335090637207
2014-11-06,18.301599502563477
2014-11-07,18.243593215942383
2014-11-10,18.32335090637207
2014-11-11,18.46837615966797
2014-11-12,18.200084686279297
2014-11-13,18.272600173950195
2014-11-14,18.374107360839844
2014-11-17,18.395862579345703
2014-11-18,18.714908599853516
2014-11-19,18.714908599853516
2014-11-20,18.53363037109375
2014-11-21,18.772916793823242
2014-11-24,19.04845428466797
2014-11-25,19.106464385986328
2014-11-26,19.17897605895996
2014-11-28,19.07745933532715
2014-12-01,19.099210739135742
2014-12-02,19.03395652770996
2014-12-03,18.94693946838379
2014-12-04,18.881685256958008
2014-12-05,18.997697830200195
2014-12-08,18.823671340942383
2014-12-09,18.63515281677246
2014-12-10,18.352357864379883
2014-12-11,18.207340240478516
2014-12-12,17.859283447265625
2014-12-15,17.50398826599121
2014-12-16,17.699766159057617
2014-12-17,18.01365089416504
2014-12-18,18.423383712768555
2014-12-19,18.31363296508789
2014-12-22,18.37217140197754
2014-12-23,18.452646255493164
2014-12-24,18.598983764648438
2014-12-26,18.591663360595703
2014-12-29,18.438020706176758
2014-12-30,18.167299270629883
2014-12-31,18.035600662231445
2015-01-02,17.94048500061035
2015-01-05,17.29661750793457
2015-01-06,17.106382369995117
2015-01-07,17.2746639251709
2015-01-08,17.589284896850586
2015-01-09,17.450267791748047
2015-01-12,17.552701950073242
2015-01-13,17.61123275756836
2015-01-14,17.61123275756836
2015-01-15,17.59659767150879
2015-01-16,17.94048500061035
2015-01-20,18.094135284423828
2015-01-21,18.269733428955078
2015-01-22,18.3502197265625
2015-01-23,18.25510025024414
2015-01-26,18.591663360595703
2015-01-27,18.57703399658203
2015-01-28,18.094135284423828
2015-01-29,18.61362075805664
2015-01-30,18.25510025024414
2015-02-02,18.525819778442383
2015-02-03,18.979450225830078
2015-02-04,18.628253936767578
2015-02-05,19.02335548400879
2015-02-06,18.5843505859375
2015-02-09,18.51850128173828
2015-02-10,18.77458381652832
2015-02-11,18.664831161499023
2015-02-12,19.133100509643555
2015-02-13,19.155054092407227
2015-02-17,19.198949813842773
2015-02-18,19.257484436035156
2015-02-19,19.264802932739258
2015-02-20,19.51357078552246
2015-02-23,19.381868362426758
2015-02-24,19.5282039642334
2015-02-25,19.476985931396484
2015-02-26,19.294069290161133
2015-02-27,19.389183044433594
2015-03-02,19.389183044433594
2015-03-03,19.22089958190918
2015-03-04,19.140417098999023
2015-03-05,19.257484436035156
2015-03-06,18.884334564208984
2015-03-09,18.891647338867188
2015-03-10,18.416067123413086
2015-03-11,18.547771453857422
2015-03-12,18.679468154907227
2015-03-13,18.540447235107422
2015-03-16,18.862384796142578
2015-03-17,18.76726722717285
2015-03-18,19.16237449645996
2015-03-19,18.8184814453125
2015-03-20,19.330656051635742
2015-03-23,19.425769805908203
2015-03-24,19.46967124938965
2015-03-25,19.30138397216797
2015-03-26,19.12578010559082
2015-03-27,19.330656051635742
2015-03-30,19.30138397216797
2015-03-31,19.00872039794922
2015-04-01,19.213584899902344
2015-04-02,19.433086395263672
2015-04-06,19.63795280456543
2015-04-07,19.550148010253906
2015-04-08,19.54282569885254
2015-04-09,19.572105407714844
2015-04-10,19.572105407714844
2015-04-13,19.476985931396484
2015-04-14,19.594051361083984
2015-04-15,19.718433380126953
2015-04-16,19.75501823425293
2015-04-17,19.51357078552246
2015-04-20,19.52088737487793
2015-04-21,19.681848526000977
2015-04-22,19.71112060546875
2015-04-23,19.806230545043945
2015-04-24,19.872087478637695
2015-04-27,20.11353302001953
2015-04-28,20.05500030517578
2015-04-29,19.813552856445312
2015-04-30,19.872087478637695
2015-05-01,20.128170013427734
2015-05-04,20.003780364990234
2015-05-05,19.66722297668457
2015-05-06,19.915985107421875
2015-05-07,19.75501823425293
2015-05-08,20.150121688842773
2015-05-11,19.86477279663086
2015-05-12,19.791603088378906
2015-05-13,19.95256805419922
2015-05-14,20.347671508789062
2015-05-15,20.391571044921875
2015-05-18,20.19401741027832
2015-05-19,20.230600357055664
2015-05-20,20.274505615234375
2015-05-21,20.340351104736328
2015-05-22,20.164751052856445
2015-05-26,19.733070373535156
2015-05-27,20.09158706665039
2015-05-28,20.062318801879883
2015-05-29,19.703798294067383
2015-06-01,19.6452693939209
2015-06-02,19.937936782836914
2015-06-03,20.201332092285156
2015-06-04,19.872087478637695
2015-06-05,19.535520553588867
2015-06-08,19.51357078552246
2015-06-09,19.48430061340332
2015-06-10,19.94525146484375
2015-06-11,20.025739669799805
2015-06-12,19.733070373535156
2015-06-15,19.48430061340332
2015-06-16,19.476985931396484
2015-06-17,19.359920501708984
2015-06-18,19.564786911010742
2015-06-19,19.51357078552246
2015-06-22,20.215967178344727
2015-06-23,20.201332092285156
2015-06-24,20.069637298583984
2015-06-25,20.08228302001953
2015-06-26,20.179018020629883
2015-06-29,19.382863998413086
2015-06-30,19.144765853881836
2015-07-01,19.286136627197266
2015-07-02,19.189403533935547
2015-07-06,18.564390182495117
2015-07-07,18.594160079956055
2015-07-08,18.28908920288086
2015-07-09,18.65367889404297
2015-07-10,19.650728225708008
2015-07-13,19.620967864990234
2015-07-14,19.7772159576416
2015-07-15,19.680490493774414
2015-07-16,19.88882827758789
2015-07-17,19.836742401123047
2015-07-20,19.896265029907227
2015-07-21,19.92603302001953
2015-07-22,19.836742401123047
2015-07-23,19.859067916870117
2015-07-24,19.725128173828125
2015-07-27,19.509357452392578
2015-07-28,19.725128173828125
2015-07-29,19.74745750427246
2015-07-30,19.71769142150879
2015-07-31,19.92603302001953
2015-08-03,19.97811508178711
2015-08-04,19.91859245300293
2015-08-05,20.14180564880371
2015-08-06,20.216217041015625
2015-08-07,20.193891525268555
2015-08-10,20.417116165161133
2015-08-11,20.14180564880371
2015-08-12,19.911151885986328
2015-08-13,19.836742401123047
2015-08-14,19.806982040405273
2015-08-17,19.806982040405273
2015-08-18,19.60608673095703
2015-08-19,19.48703384399414
2015-08-20,19.003389358520508
2015-08-21,18.705764770507812
2015-08-24,18.155155181884766
2015-08-25,18.229570388793945
2015-08-26,18.61648178100586
2015-08-27,18.79505729675293
2015-08-28,18.6462459564209
2015-08-31,18.61648178100586
2015-09-01,18.1700382232666
2015-09-02,18.41558265686035
2015-09-03,18.400697708129883
2015-09-04,17.998905181884766
2015-09-08,18.49742889404297
2015-09-09,18.408140182495117
2015-09-10,18.62392234802246
2015-09-11,18.564390182495117
2015-09-14,18.34117317199707
2015-09-15,18.482542037963867
2015-09-16,18.735530853271484
2015-09-17,18.951305389404297
2015-09-18,18.3337345123291
2015-09-21,18.326292037963867
2015-09-22,17.78312873840332
2015-09-23,17.768245697021484
2015-09-24,17.678955078125
2015-09-25,17.887298583984375
2015-09-28,17.500381469726562
2015-09-29,17.597108840942383
2015-09-30,17.909618377685547
2015-10-01,17.902175903320312
2015-10-02,18.222126007080078
2015-10-05,18.63880157470703
2015-10-06,18.78017234802246
2015-10-07,18.94386863708496
2015-10-08,19.092679977416992
2015-10-09,19.1298828125
2015-10-12,19.070358276367188
2015-10-13,18.89177703857422
2015-10-14,19.018272399902344
2015-10-15,19.211729049682617
2015-10-16,19.189403533935547
2015-10-19,19.12244415283203
2015-10-20,19.010828018188477
2015-10-21,19.003389358520508
2015-10-22,19.196847915649414
2015-10-23,19.494470596313477
2015-10-26,19.367984771728516
2015-10-27,19.196847915649414
2015-10-28,19.271251678466797
2015-10-29,19.174524307250977
2015-10-30,19.189403533935547
2015-11-02,19.46471405029297
2015-11-03,19.382863998413086
2015-11-04,19.234054565429688
2015-11-05,19.367984771728516
2015-11-06,19.219167709350586
2015-11-09,18.94386863708496
2015-11-10,18.862018585205078
2015-11-11,18.951305389404297
2015-11-12,18.65367889404297
2015-11-13,18.452781677246094
2015-11-16,18.61648178100586
2015-11-17,18.668561935424805
2015-11-18,18.839698791503906
2015-11-19,18.89177703857422
2015-11-20,18.735530853271484
2015-11-23,18.579273223876953
2015-11-24,18.44534683227539
2015-11-25,18.55695152282715
2015-11-27,18.705764770507812
2015-11-30,18.742969512939453
2015-12-01,18.809938430786133
2015-12-02,18.571834564208984
2015-12-03,18.423023223876953
2015-12-04,18.668561935424805
2015-12-07,18.65367889404297
2015-12-08,18.400697708129883
2015-12-09,18.251888275146484
2015-12-10,18.214685440063477
2015-12-11,17.909618377685547
2015-12-14,17.93193817138672
2015-12-15,18.110515594482422
2015-12-16,18.437908172607422
2015-12-17,18.1700382232666
2015-12-18,17.902175903320312
2015-12-21,18.015613555908203
2015-12-22,18.12755584716797
2015-12-23,18.42608070373535
2015-12-24,18.366374969482422
2015-12-28,18.291748046875
2015-12-29,18.475452423095703
2015-12-30,18.34103012084961
2015-12-31,18.07965087890625
2016-01-04,17.788408279418945
2016-01-05,17.61665153503418
2016-01-06,17.340341567993164
2016-01-07,17.101367950439453
2016-01-08,16.9594783782959
2016-01-11,16.99681854248047
2016-01-12,17.220857620239258
2016-01-13,16.89226722717285
2016-01-14,17.0416316986084
2016-01-15,16.51140785217285
2016-01-19,16.720504760742188
2016-01-20,16.369524002075195
2016-01-21,16.48900604248047
2016-01-22,16.99681854248047
2016-01-25,16.795185089111328
2016-01-26,17.161109924316406
2016-01-27,17.0416316986084
2016-01-28,17.13123893737793
2016-01-29,17.39261245727539
2016-02-01,17.38514518737793
2016-02-02,16.869863510131836
2016-02-03,17.17604637145996
2016-02-04,17.235790252685547
2016-02-05,16.98935317993164
2016-02-08,16.593557357788086
2016-02-09,16.43673324584961
2016-02-10,16.48900604248047
2016-02-11,16.19776153564453
2016-02-12,16.339651107788086
2016-02-16,16.742916107177734
2016-02-17,17.116304397583008
2016-02-18,17.011754989624023
2016-02-19,17.02669334411621
2016-02-22,17.153636932373047
2016-02-23,16.884801864624023
2016-02-24,16.854930877685547
2016-02-25,17.078964233398438
2016-02-26,16.99681854248047
2016-02-29,16.95201301574707
2016-03-01,17.38514518737793
2016-03-02,17.362747192382812
2016-03-03,17.549440383911133
2016-03-04,17.646520614624023
2016-03-07,17.653993606567383
2016-03-08,17.489696502685547
2016-03-09,17.579315185546875
2016-03-10,17.61665153503418
2016-03-11,18.154333114624023
2016-03-14,18.10953140258789
2016-03-15,18.012447357177734
2016-03-16,18.19167709350586
2016-03-17,18.19167709350586
2016-03-18,18.251419067382812
2016-03-21,18.11699676513672
2016-03-22,18.02737808227539
2016-03-23,17.90043067932129
2016-03-24,17.69133186340332
2016-03-28,17.72866439819336
2016-03-29,18.01991081237793
2016-03-30,18.26634979248047
2016-03-31,18.0572509765625
2016-04-01,17.90043067932129
2016-04-04,17.90789794921875
2016-04-05,17.519563674926758
2016-04-06,17.788408279418945
2016-04-07,17.452360153198242
2016-04-08,17.736135482788086
2016-04-11,17.74360466003418
2016-04-12,17.975109100341797
2016-04-13,18.31863021850586
2016-04-14,18.32609748840332
2016-04-15,18.28129005432129
2016-04-18,18.42317771911621
2016-04-19,18.744295120239258
2016-04-20,18.721891403198242
2016-04-21,18.62480926513672
2016-04-22,18.587474822998047
2016-04-25,18.572542190551758
2016-04-26,18.609878540039062
2016-04-27,18.744295120239258
2016-04-28,18.565067291259766
2016-04-29,18.482921600341797
2016-05-02,18.677087783813477
2016-05-03,18.34849739074707
2016-05-04,18.139400482177734
2016-05-05,18.01991081237793
2016-05-06,18.0945987701416
2016-05-09,18.0572509765625
2016-05-10,18.273822784423828
2016-05-11,18.16927146911621
2016-05-12,18.11699676513672
2016-05-13,17.863088607788086
2016-05-16,18.049785614013672
2016-05-17,17.855621337890625
2016-05-18,17.82575225830078
2016-05-19,17.7585391998291
2016-05-20,17.967639923095703
2016-05-23,17.87802505493164
2016-05-24,18.221546173095703
2016-05-25,18.400774002075195
2016-05-26,18.557600021362305
2016-05-27,18.482921600341797
2016-05-31,18.44558334350586
2016-06-01,18.438112258911133
2016-06-02,18.475452423095703
2016-06-03,18.565067291259766
2016-06-06,18.63227653503418
2016-06-07,18.7741641998291
2016-06-08,18.7741641998291
2016-06-09,18.460514068603516
2016-06-10,17.870555877685547
2016-06-13,17.586776733398438
2016-06-14,17.183517456054688
2016-06-15,17.317935943603516
2016-06-16,17.422487258911133
2016-06-17,17.653993606567383
2016-06-20,18.07965087890625
2016-06-21,18.25888442993164
2016-06-22,18.246625900268555
2016-06-23,18.920726776123047
2016-06-24,16.775867462158203
2016-06-27,16.385196685791016
2016-06-28,16.88311195373535
2016-06-29,17.18186378479004
2016-06-30,17.518909454345703
2016-07-01,17.53423309326172
2016-07-05,16.990352630615234
2016-07-06,16.929073333740234
2016-07-07,16.814170837402344
2016-07-08,17.120576858520508
2016-07-11,17.381025314331055
2016-07-12,17.702756881713867
2016-07-13,17.794675827026367
2016-07-14,17.978519439697266
2016-07-15,17.83297348022461
2016-07-18,17.809995651245117
2016-07-19,17.649131774902344
2016-07-20,17.794675827026367
2016-07-21,17.764036178588867
2016-07-22,17.78701400756836
2016-07-25,17.794675827026367
2016-07-26,17.901918411254883
2016-07-27,18.13172721862793
2016-07-28,18.223648071289062
2016-07-29,18.346214294433594
2016-08-01,18.154708862304688
2016-08-02,18.009164810180664
2016-08-03,17.894256591796875
2016-08-04,17.947879791259766
2016-08-05,18.06278419494629
2016-08-08,18.08576202392578
2016-08-09,18.26194953918457
2016-08-10,18.36919403076172
2016-08-11,18.52239990234375
2016-08-12,18.545373916625977
2016-08-15,18.576017379760742
2016-08-16,18.576017379760742
2016-08-17,18.51473617553711
2016-08-18,18.621978759765625
2016-08-19,18.47643280029297
2016-08-22,18.438133239746094
2016-08-23,18.4457950592041
2016-08-24,18.41515350341797
2016-08-25,18.32322883605957
2016-08-26,18.28493309020996
2016-08-29,18.330890655517578
2016-08-30,18.32322883605957
2016-08-31,18.28493309020996
2016-09-01,18.461116790771484
2016-09-02,18.74454116821289
2016-09-06,18.84412956237793
2016-09-07,18.882421493530273
2016-09-08,18.87476348876953
2016-09-09,18.499418258666992
2016-09-12,18.644962310791016
2016-09-13,18.269607543945312
2016-09-14,18.170028686523438
2016-09-15,18.23896598815918
2016-09-16,17.955541610717773
2016-09-19,18.116403579711914
2016-09-20,18.154708862304688
2016-09-21,18.399837493896484
2016-09-22,18.67559814453125
2016-09-23,18.553037643432617
2016-09-26,18.338552474975586
2016-09-27,18.330890655517578
2016-09-28,18.56069564819336
2016-09-29,18.231306076049805
2016-09-30,18.507076263427734
2016-10-03,18.453453063964844
2016-10-04,18.49175453186035
2016-10-05,18.591339111328125
2016-10-06,18.507076263427734
2016-10-07,18.399837493896484
2016-10-10,18.49175453186035
2016-10-11,18.23896598815918
2016-10-12,18.177688598632812
2016-10-13,18.116403579711914
2016-10-14,18.177688598632812
2016-10-17,18.170028686523438
2016-10-18,18.353870391845703
2016-10-19,18.36919403076172
2016-10-20,18.392175674438477
2016-10-21,18.330890655517578
2016-10-24,18.392175674438477
2016-10-25,18.32322883605957
2016-10-26,18.254283905029297
2016-10-27,18.30790901184082
2016-10-28,18.43047523498535
2016-10-31,18.422815322875977
2016-11-01,18.346214294433594
2016-11-02,18.223648071289062
2016-11-03,18.231306076049805
2016-11-04,18.02448081970215
2016-11-07,18.300247192382812
2016-11-08,18.376853942871094
2016-11-09,18.438133239746094
2016-11-10,18.30790901184082
2016-11-11,18.09342384338379
2016-11-14,17.978519439697266
2016-11-15,18.09342384338379
2016-11-16,17.863618850708008
2016-11-17,17.909576416015625
2016-11-18,17.733394622802734
2016-11-21,17.940217971801758
2016-11-22,17.98617935180664
2016-11-23,17.77935218811035
2016-11-25,17.901918411254883
2016-11-28,17.725736618041992
2016-11-29,18.00150489807129
2016-11-30,17.963199615478516
2016-12-01,17.97085952758789
2016-12-02,17.917240142822266
2016-12-05,18.29258918762207
2016-12-06,18.53005599975586
2016-12-07,18.86710548400879
2016-12-08,18.667940139770508
2016-12-09,18.72156524658203
2016-12-12,18.73688507080078
2016-12-13,18.890085220336914
2016-12-14,18.5989990234375
2016-12-15,18.583677291870117
2016-12-16,18.660280227661133
2016-12-19,18.5683536529541
2016-12-20,18.637296676635742
2016-12-21,18.71187400817871
2016-12-22,18.73493194580078
2016-12-23,18.78105926513672
2016-12-27,18.80412483215332
2016-12-28,18.67343521118164
2016-12-29,18.82718276977539
2016-12-30,18.965566635131836
2017-01-03,18.957874298095703
2017-01-04,19.088563919067383
2017-01-05,19.2653865814209
2017-01-06,19.188508987426758
2017-01-09,19.165447235107422
2017-01-10,19.150068283081055
2017-01-11,19.242319107055664
2017-01-12,19.31151008605957
2017-01-13,19.403764724731445
2017-01-17,19.388389587402344
2017-01-18,19.25000762939453
2017-01-19,19.219261169433594
2017-01-20,19.35763931274414
2017-01-23,19.388389587402344
2017-01-24,19.403764724731445
2017-01-25,19.565204620361328
2017-01-26,19.35763931274414
2017-01-27,19.32688331604004
2017-01-30,19.157760620117188
2017-01-31,19.226947784423828
2017-02-01,19.2653865814209
2017-02-02,19.296133041381836
2017-02-03,19.388389587402344
2017-02-06,19.142383575439453
2017-02-07,18.980937957763672
2017-02-08,19.019376754760742
2017-02-09,19.165447235107422
2017-02-10,19.165447235107422
2017-02-13,19.2653865814209
2017-02-14,19.303821563720703
2017-02-15,19.42682647705078
2017-02-16,19.46526336669922
2017-02-17,19.234636306762695
2017-02-21,19.203882217407227
2017-02-22,19.25000762939453
2017-02-23,19.2807559967041
2017-02-24,19.111629486083984
2017-02-27,19.142383575439453
2017-02-28,19.150068283081055
2017-03-01,19.403764724731445
2017-03-02,19.35763931274414
2017-03-03,19.695898056030273
2017-03-06,19.59595489501953
2017-03-07,19.43451690673828
2017-03-08,19.380699157714844
2017-03-09,19.588266372680664
2017-03-10,19.834278106689453
2017-03-13,19.834278106689453
2017-03-14,19.642080307006836
2017-03-15,19.880403518676758
2017-03-16,20.087968826293945
2017-03-17,20.072595596313477
2017-03-20,20.049528121948242
2017-03-21,20.064908981323242
2017-03-22,20.111034393310547
2017-03-23,20.17253303527832
2017-03-24,20.210975646972656
2017-03-27,20.357038497924805
2017-03-28,20.403167724609375
2017-03-29,20.357038497924805
2017-03-30,20.25710105895996
2017-03-31,20.380102157592773
2017-04-03,20.33397674560547
2017-04-04,20.34935188293457
2017-04-05,20.210975646972656
2017-04-06,20.318599700927734
2017-04-07,20.318599700927734
2017-04-10,20.20328712463379
2017-04-11,20.241722106933594
2017-04-12,20.264785766601562
2017-04-13,20.072595596313477
2017-04-17,20.16485023498535
2017-04-18,19.972654342651367
2017-04-19,19.9649658203125
2017-04-20,20.318599700927734
2017-04-21,20.3032283782959
2017-04-24,21.487131118774414
2017-04-25,21.679323196411133
2017-04-26,21.525569915771484
2017-04-27,21.54094696044922
2017-04-28,21.54094696044922
2017-05-01,21.633197784423828
2017-05-02,21.82539176940918
2017-05-03,21.740829467773438
2017-05-04,22.26358985900879
2017-05-05,22.65566062927246
2017-05-08,22.21746253967285
2017-05-09,22.109832763671875
2017-05-10,22.109832763671875
2017-05-11,22.048336029052734
2017-05-12,22.271278381347656
2017-05-15,22.425029754638672
2017-05-16,22.671037673950195
2017-05-17,22.271278381347656
2017-05-18,22.278963088989258
2017-05-19,22.57110023498535
2017-05-22,22.65566062927246
2017-05-23,22.601848602294922
2017-05-24,22.640289306640625
2017-05-25,22.61722755432129
2017-05-26,22.578784942626953
2017-05-30,22.53265953063965
2017-05-31,22.594161987304688
2017-06-01,22.78635597229004
2017-06-02,22.986238479614258
2017-06-05,22.778669357299805
2017-06-06,22.64797592163086
2017-06-07,22.694103240966797
2017-06-08,22.58647346496582
2017-06-09,22.58647346496582
2017-06-12,22.37890625
2017-06-13,22.58647346496582
2017-06-14,22.57110023498535
2017-06-15,22.286651611328125
2017-06-16,22.57110023498535
2017-06-19,22.7017879486084
2017-06-20,22.496143341064453
2017-06-21,22.511781692504883
2017-06-22,22.496143341064453
2017-06-23,22.5743350982666
2017-06-26,22.65252685546875
2017-06-27,22.707263946533203
2017-06-28,22.902748107910156
2017-06-29,22.511781692504883
2017-06-30,22.488319396972656
2017-07-03,22.480504989624023
2017-07-05,22.488319396972656
2017-07-06,22.43358612060547
2017-07-07,22.4492244720459
2017-07-10,22.51959991455078
2017-07-11,22.613431930541992
2017-07-12,22.769821166992188
2017-07-13,22.85582733154297
2017-07-14,22.996578216552734
2017-07-17,22.96529769897461
2017-07-18,22.957481384277344
2017-07-19,23.043489456176758
2017-07-20,23.1451416015625
2017-07-21,22.980937957763672
2017-07-24,22.910560607910156
2017-07-25,23.0122127532959
2017-07-26,23.20769500732422
2017-07-27,23.09040641784668
2017-07-28,23.06694984436035
2017-07-31,23.020036697387695
2017-08-01,23.121685028076172
2017-08-02,23.18424415588379
2017-08-03,23.285892486572266
2017-08-04,23.410999298095703
2017-08-07,23.465734481811523
2017-08-08,23.324981689453125
2017-08-09,23.199878692626953
2017-08-10,22.93402099609375
2017-08-11,22.871469497680664
2017-08-14,23.098224639892578
2017-08-15,23.113862991333008
2017-08-16,23.231155395507812
2017-08-17,22.93402099609375
2017-08-18,22.98875617980957
2017-08-21,22.98875617980957
2017-08-22,23.113862991333008
2017-08-23,23.176422119140625
2017-08-24,23.098224639892578
2017-08-25,23.262434005737305
2017-08-28,23.270252227783203
2017-08-29,23.168603897094727
2017-08-30,23.082590103149414
2017-08-31,23.223337173461914
2017-09-01,23.301528930664062
2017-09-05,23.137325286865234
2017-09-06,23.37972640991211
2017-09-07,23.583026885986328
2017-09-08,23.583026885986328
2017-09-11,23.778505325317383
2017-09-12,23.90361785888672
2017-09-13,23.755048751831055
2017-09-14,23.864521026611328
2017-09-15,23.880157470703125
2017-09-18,23.919254302978516
2017-09-19,24.044361114501953
2017-09-20,23.9896297454834
2017-09-21,24.067821502685547
2017-09-22,24.16165542602539
2017-09-25,23.934894561767578
2017-09-26,23.83324432373047
2017-09-27,23.825422286987305
2017-09-28,23.90361785888672
2017-09-29,24.16165542602539
2017-10-02,24.106916427612305
2017-10-03,24.200748443603516
2017-10-04,24.16947364807129
2017-10-05,24.16165542602539
2017-10-06,24.16165542602539
2017-10-09,24.12255859375
2017-10-10,24.357139587402344
2017-10-11,24.404048919677734
2017-10-12,24.357139587402344
2017-10-13,24.294580459594727
2017-10-16,24.2711238861084
2017-10-17,24.232023239135742
2017-10-18,24.364953994750977
2017-10-19,24.39623260498047
2017-10-20,24.2711238861084
2017-10-23,24.23984718322754
2017-10-24,24.333677291870117
2017-10-25,24.34931755065918
2017-10-26,24.372774124145508
2017-10-27,24.39623260498047
2017-10-30,24.474422454833984
2017-10-31,24.544801712036133
2017-11-01,24.513521194458008
2017-11-02,24.607351303100586
2017-11-03,24.513521194458008
2017-11-06,24.490066528320312
2017-11-07,24.310218811035156
2017-11-08,24.302398681640625
2017-11-09,24.075639724731445
2017-11-10,24.044361114501953
2017-11-13,23.887975692749023
2017-11-14,24.020902633666992
2017-11-15,23.92707061767578
2017-11-16,24.12255859375
2017-11-17,24.020902633666992
2017-11-20,23.997446060180664
2017-11-21,24.138200759887695
2017-11-22,24.247665405273438
2017-11-24,24.630809783935547
2017-11-27,24.48224449157715
2017-11-28,24.568260192871094
2017-11-29,24.521345138549805
2017-11-30,24.521345138549805
2017-12-01,24.372774124145508
2017-12-04,24.435327529907227
2017-12-05,24.333677291870117
2017-12-06,24.302398681640625
2017-12-07,24.388416290283203
2017-12-08,24.45096778869629
2017-12-11,24.443151473999023
2017-12-12,24.443151473999023
2017-12-13,24.435327529907227
2017-12-14,24.177288055419922
2017-12-15,24.19293212890625
2017-12-18,24.497882843017578
2017-12-19,24.48611831665039
2017-12-20,24.40768814086914
2017-12-21,24.478271484375
2017-12-22,24.46259307861328
2017-12-26,24.48611831665039
2017-12-27,24.493959426879883
2017-12-28,24.52533531188965
2017-12-29,24.48611831665039
2018-01-02,24.541019439697266
2018-01-03,24.66651153564453
2018-01-04,25.05866241455078
2018-01-05,25.29395866394043
2018-01-08,25.207685470581055
2018-01-09,25.34101676940918
2018-01-10,25.199840545654297
2018-01-11,25.37238883972168
2018-01-12,25.717479705810547
2018-01-16,25.788070678710938
2018-01-17,25.87434959411621
2018-01-18,25.842973709106445
2018-01-19,25.991992950439453
2018-01-22,26.148855209350586
2018-01-23,26.164539337158203
2018-01-24,26.18807029724121
2018-01-25,26.156696319580078
2018-01-26,26.45473289489746
2018-01-29,26.227285385131836
2018-01-30,26.05473518371582
2018-01-31,26.141010284423828
2018-02-01,26.274343490600586
2018-02-02,25.54493522644043
2018-02-05,24.43906021118164
2018-02-06,25.129255294799805
2018-02-07,24.690040588378906
2018-02-08,24.046905517578125
2018-02-09,24.070436477661133
2018-02-12,24.45474624633789
2018-02-13,24.415529251098633
2018-02-14,24.92533302307129
2018-02-15,25.168472290039062
2018-02-16,25.21552848815918
2018-02-20,25.003765106201172
2018-02-21,24.92533302307129
2018-02-22,25.09003448486328
2018-02-23,25.246896743774414
2018-02-26,25.403759002685547
2018-02-27,24.972394943237305
2018-02-28,24.80768585205078
2018-03-01,24.627296447753906
2018-03-02,24.6037654876709
2018-03-05,24.65082359313965
2018-03-06,24.799842834472656
2018-03-07,24.917491912841797
2018-03-08,24.94886016845703
2018-03-09,25.082191467285156
2018-03-12,25.09787940979004
2018-03-13,24.941017150878906
2018-03-14,25.027294158935547
2018-03-15,25.01160430908203
2018-03-16,25.003765106201172
2018-03-19,24.88611602783203
2018-03-20,24.81553077697754
2018-03-21,24.831209182739258
2018-03-22,24.313573837280273
2018-03-23,24.11749267578125
2018-03-26,24.595924377441406
2018-03-27,24.250825881958008
2018-03-28,24.43906021118164
2018-03-29,24.627296447753906
2018-04-02,24.29788589477539
2018-04-03,24.50180435180664
2018-04-04,24.6351375579834
2018-04-05,24.87827491760254
2018-04-06,24.80768585205078
2018-04-09,25.042980194091797
2018-04-10,25.317481994628906
2018-04-11,25.199840545654297
2018-04-12,25.317481994628906
2018-04-13,25.348859786987305
2018-04-16,25.482192993164062
2018-04-17,25.662582397460938
2018-04-18,25.764541625976562
2018-04-19,25.772384643554688
2018-04-20,25.662582397460938
2018-04-23,25.615524291992188
2018-04-24,25.54493522644043
2018-04-25,25.46650505065918
2018-04-26,25.568464279174805
2018-04-27,25.70963478088379
2018-04-30,25.631210327148438
2018-05-01,25.54493522644043
2018-05-02,25.52924919128418
2018-05-03,25.662582397460938
2018-05-04,25.631210327148438
2018-05-07,25.537097930908203
2018-05-08,25.458662033081055
2018-05-09,25.490032196044922
2018-05-10,25.725322723388672
2018-05-11,25.756696701049805
2018-05-14,25.772384643554688
2018-05-15,25.591997146606445
2018-05-16,25.576309204101562
2018-05-17,25.693954467773438
2018-05-18,25.64689826965332
2018-05-21,25.835128784179688
2018-05-22,25.850814819335938
2018-05-23,25.513561248779297
2018-05-24,25.576309204101562
2018-05-25,25.309642791748047
2018-05-29,24.517494201660156
2018-05-30,24.94886016845703
2018-05-31,24.956707000732422
2018-06-01,25.168472290039062
2018-06-04,25.231212615966797
2018-06-05,25.21552848815918
2018-06-06,25.450817108154297
2018-06-07,25.184158325195312
2018-06-08,25.29395866394043
2018-06-11,25.497875213623047
2018-06-12,25.246896743774414
2018-06-13,25.32533073425293
2018-06-14,25.32533073425293
2018-06-15,25.309642791748047
2018-06-18,25.035133361816406
2018-06-19,24.767765045166016
2018-06-20,24.607664108276367
2018-06-21,24.391525268554688
2018-06-22,24.67970848083496
2018-06-25,24.439558029174805
2018-06-26,24.35950469970703
2018-06-27,24.1513729095459
2018-06-28,24.167383193969727
2018-06-29,24.431554794311523
2018-07-02,24.287458419799805
2018-07-03,24.399532318115234
2018-07-05,24.839811325073242
2018-07-06,24.951885223388672
2018-07-09,25.087966918945312
2018-07-10,25.200040817260742
2018-07-11,24.743751525878906
2018-07-12,24.999910354614258
2018-07-13,25.111984252929688
2018-07-16,25.144004821777344
2018-07-17,25.136001586914062
2018-07-18,25.10398292541504
2018-07-19,24.97589874267578
2018-07-20,25.039939880371094
2018-07-23,24.903852462768555
2018-07-24,25.09597396850586
2018-07-25,25.36014175415039
2018-07-26,25.111984252929688
2018-07-27,25.2320613861084
2018-07-30,25.288095474243164
2018-07-31,25.39216423034668
2018-08-01,25.264081954956055
2018-08-02,25.09597396850586
2018-08-03,25.12799644470215
2018-08-06,24.983898162841797
2018-08-07,25.248071670532227
2018-08-08,25.176027297973633
2018-08-09,25.047943115234375
2018-08-10,24.35150146484375
2018-08-13,24.335491180419922
2018-08-14,24.29546356201172
2018-08-15,23.823163986206055
2018-08-16,24.023290634155273
2018-08-17,24.231426239013672
2018-08-20,24.399532318115234
2018-08-21,24.735750198364258
2018-08-22,24.879837036132812
2018-08-23,24.727741241455078
2018-08-24,24.991907119750977
2018-08-27,25.320117950439453
2018-08-28,25.39216423034668
2018-08-29,25.49622917175293
2018-08-30,25.22405433654785
2018-08-31,24.83180809020996
2018-09-04,24.535619735717773
2018-09-05,24.247434616088867
2018-09-06,24.247434616088867
2018-09-07,24.031295776367188
2018-09-10,24.271446228027344
2018-09-11,24.343494415283203
2018-09-12,24.52761459350586
2018-09-13,24.727741241455078
2018-09-14,24.639684677124023
2018-09-17,24.687715530395508
2018-09-18,24.807790756225586
2018-09-19,24.91986083984375
2018-09-20,25.39216423034668
2018-09-21,25.448198318481445
2018-09-24,25.37615203857422
2018-09-25,25.432191848754883
2018-09-26,25.49622917175293
2018-09-27,25.368144989013672
2018-09-28,25.12799644470215
2018-10-01,25.10398292541504
2018-10-02,24.91986083984375
2018-10-03,24.95988655090332
2018-10-04,24.59965705871582
2018-10-05,24.375516891479492
2018-10-08,24.167383193969727
2018-10-09,24.143369674682617
2018-10-10,23.502962112426758
2018-10-11,23.310840606689453
2018-10-12,23.36687469482422
2018-10-15,23.254802703857422
2018-10-16,23.703088760375977
2018-10-17,23.494956970214844
2018-10-18,23.126718521118164
2018-10-19,23.19076156616211
2018-10-22,22.990631103515625
2018-10-23,22.838537216186523
2018-10-24,22.174116134643555
2018-10-25,22.582372665405273
2018-10-26,22.45429039001465
2018-10-29,22.38224983215332
2018-10-30,22.51032829284668
2018-10-31,22.742477416992188
2018-11-01,23.006650924682617
2018-11-02,23.04667091369629
2018-11-05,23.04667091369629
2018-11-06,23.04667091369629
2018-11-07,23.36687469482422
2018-11-08,23.086694717407227
2018-11-09,22.966617584228516
2018-11-12,22.502323150634766
2018-11-13,22.662424087524414
2018-11-14,22.726465225219727
2018-11-15,22.774499893188477
2018-11-16,22.766490936279297
2018-11-19,22.54235076904297
2018-11-20,22.12608528137207
2018-11-21,22.33422088623047
2018-11-23,22.11807632446289
2018-11-26,22.406265258789062
2018-11-27,22.326210021972656
2018-11-28,22.6544189453125
2018-11-29,22.614395141601562
2018-11-30,22.478307723999023
2018-12-03,22.678434371948242
2018-12-04,22.13408660888672
2018-12-06,21.821887969970703
2018-12-07,21.645780563354492
2018-12-10,21.485675811767578
2018-12-11,21.573734283447266
2018-12-12,22.03002166748047
2018-12-13,21.973987579345703
2018-12-14,21.58974266052246
2018-12-17,21.429641723632812
2018-12-18,21.43205451965332
2018-12-19,21.255126953125
2018-12-20,21.166662216186523
2018-12-21,20.88519287109375
2018-12-24,20.555471420288086
2018-12-26,21.1184139251709
2018-12-27,21.086244583129883
2018-12-28,21.166662216186523
2018-12-31,21.327503204345703
2019-01-02,21.142541885375977
2019-01-03,20.836942672729492
2019-01-04,21.399885177612305
2019-01-07,21.46422004699707
2019-01-08,21.705482482910156
2019-01-09,22.011083602905273
2019-01-10,21.978912353515625
2019-01-11,21.7296085357666
2019-01-14,21.641149520874023
2019-01-15,21.649192810058594
2019-01-16,21.68939781188965
2019-01-17,21.721569061279297
2019-01-18,21.946746826171875
2019-01-22,21.681352615356445
2019-01-23,21.826114654541016
2019-01-24,21.842195510864258
2019-01-25,22.20408821105957
2019-01-28,22.171920776367188
2019-01-29,22.32472038269043
2019-01-30,22.654443740844727
2019-01-31,22.638357162475586
2019-02-01,22.718780517578125
2019-02-04,22.710739135742188
2019-02-05,22.919832229614258
2019-02-06,22.80724334716797
2019-02-07,22.437307357788086
2019-02-08,22.32472038269043
2019-02-11,22.32472038269043
2019-02-12,22.63031578063965
2019-02-13,22.574026107788086
2019-02-14,22.622272491455078
2019-02-15,23.04046058654785
2019-02-19,23.2093448638916
2019-02-20,23.289766311645508
2019-02-21,23.26563835144043
2019-02-22,23.370187759399414
2019-02-25,23.442564010620117
2019-02-26,23.56319236755371
2019-02-27,23.4747314453125
2019-02-28,23.603403091430664
2019-03-01,23.788372039794922
2019-03-04,23.732078552246094
2019-03-05,23.691864013671875
2019-03-06,23.59536361694336
2019-03-07,23.225427627563477
2019-03-08,23.338016510009766
2019-03-11,23.45864486694336
2019-03-12,23.522985458374023
2019-03-13,23.77228546142578
2019-03-14,23.86878776550293
2019-03-15,24.190475463867188
2019-03-18,24.222644805908203
2019-03-19,24.278940200805664
2019-03-20,24.351314544677734
2019-03-21,24.214601516723633
2019-03-22,23.4747314453125
2019-03-25,23.4747314453125
2019-03-26,23.55515480041504
2019-03-27,23.619487762451172
2019-03-28,23.506898880004883
2019-03-29,23.699907302856445
2019-04-01,23.973339080810547
2019-04-02,24.029634475708008
2019-04-03,24.25481414794922
2019-04-04,24.270896911621094
2019-04-05,24.327190399169922
2019-04-08,24.34327507019043
2019-04-09,24.166345596313477
2019-04-10,24.270896911621094
2019-04-11,24.34327507019043
2019-04-12,24.57649040222168
2019-04-15,24.584537506103516
2019-04-16,24.640827178955078
2019-04-17,24.81775665283203
2019-04-18,24.75341796875
2019-04-22,24.825796127319336
2019-04-23,24.737333297729492
2019-04-24,24.600618362426758
2019-04-25,24.504114151000977
2019-04-26,24.560409545898438
2019-04-29,24.737333297729492
2019-04-30,24.841880798339844
2019-05-01,24.68103790283203
2019-05-02,24.54432487487793
2019-05-03,24.705163955688477
2019-05-06,24.439777374267578
2019-05-07,23.90096092224121
2019-05-08,24.069843292236328
2019-05-09,23.933128356933594
2019-05-10,24.085926055908203
2019-05-13,23.514942169189453
2019-05-14,23.828580856323242
2019-05-15,23.96529769897461
2019-05-16,24.182430267333984
2019-05-17,24.053760528564453
2019-05-20,23.80445671081543
2019-05-21,23.973339080810547
2019-05-22,23.852712631225586
2019-05-23,23.531028747558594
2019-05-24,23.836626052856445
2019-05-28,23.55515480041504
2019-05-29,23.34606170654297
2019-05-30,23.482778549194336
2019-05-31,23.321935653686523
2019-06-03,23.498855590820312
2019-06-04,23.79641342163086
2019-06-05,23.852712631225586
2019-06-06,23.86878776550293
2019-06-07,24.37544059753418
2019-06-10,24.431734085083008
2019-06-11,24.584537506103516
2019-06-12,24.351314544677734
2019-06-13,24.34327507019043
2019-06-14,24.166345596313477
2019-06-17,24.281736373901367
2019-06-18,24.768030166625977
2019-06-19,24.949365615844727
2019-06-20,25.171907424926758
2019-06-21,25.11421012878418
2019-06-24,25.19663429260254
2019-06-25,25.0894832611084
2019-06-26,25.056514739990234
2019-06-27,25.081241607666016
2019-06-28,25.262571334838867
2019-07-01,25.279052734375
2019-07-02,25.2955379486084
2019-07-03,25.526321411132812
2019-07-05,25.27081298828125
2019-07-08,25.171907424926758
2019-07-09,25.138935089111328
2019-07-10,25.229602813720703
2019-07-11,25.122451782226562
2019-07-12,25.23784637451172
2019-07-15,25.27081298828125
2019-07-16,25.23784637451172
2019-07-17,25.122451782226562
2019-07-18,25.18838882446289
2019-07-19,25.064756393432617
2019-07-22,25.097726821899414
2019-07-23,25.262571334838867
2019-07-24,25.23784637451172
2019-07-25,24.957605361938477
2019-07-26,25.081241607666016
2019-07-29,25.14717674255371
2019-07-30,24.69385528564453
2019-07-31,24.553735733032227
2019-08-01,24.4383487701416
2019-08-02,24.050954818725586
2019-08-05,23.54817771911621
2019-08-06,23.737749099731445
2019-08-07,23.93556785583496
2019-08-08,24.16634750366211
2019-08-09,24.14162254333496
2019-08-12,23.93556785583496
2019-08-13,24.207557678222656
2019-08-14,23.44102668762207
2019-08-15,23.44102668762207
2019-08-16,23.680051803588867
2019-08-19,23.93556785583496
2019-08-20,23.853139877319336
2019-08-21,24.16634750366211
2019-08-22,24.034473419189453
2019-08-23,23.713024139404297
2019-08-26,23.93556785583496
2019-08-27,23.943805694580078
2019-08-28,23.902597427368164
2019-08-29,24.215801239013672
2019-08-30,24.306468963623047
2019-09-03,24.158103942871094
2019-09-04,24.578458786010742
2019-09-05,24.809246063232422
2019-09-06,24.792760848999023
2019-09-09,24.809246063232422
2019-09-10,24.776273727416992
2019-09-11,24.875186920166016
2019-09-12,25.0894832611084
2019-09-13,25.14717674255371
2019-09-16,24.80100440979004
2019-09-17,24.998817443847656
2019-09-18,24.982332229614258
2019-09-19,25.081241607666016
2019-09-20,25.064756393432617
2019-09-23,24.8999080657959
2019-09-24,24.792760848999023
2019-09-25,24.63615608215332
2019-09-26,24.685609817504883
2019-09-27,24.669126510620117
2019-09-30,24.842212677001953
2019-10-01,24.545494079589844
2019-10-02,23.886110305786133
2019-10-03,24.108654022216797
2019-10-04,24.314708709716797
2019-10-07,24.289979934692383
2019-10-08,24.001506805419922
2019-10-09,24.289979934692383
2019-10-10,24.578458786010742
2019-10-11,25.007061004638672
2019-10-14,24.949365615844727
2019-10-15,25.25432777404785
2019-10-16,25.279052734375
2019-10-17,25.353235244750977
2019-10-18,25.28729820251465
2019-10-21,25.2955379486084
2019-10-22,25.163665771484375
2019-10-23,25.303781509399414
2019-10-24,25.394447326660156
2019-10-25,25.485111236572266
2019-10-28,25.600502014160156
2019-10-29,25.691171646118164
2019-10-30,25.856016159057617
2019-10-31,25.74062156677246
2019-11-01,25.90546226501465
2019-11-04,26.0538272857666
2019-11-05,25.99613380432129
2019-11-06,26.0703125
2019-11-07,26.08679962158203
2019-11-08,26.11152458190918
2019-11-11,26.15273666381836
2019-11-12,26.136249542236328
2019-11-13,26.08679962158203
2019-11-14,26.136249542236328
2019-11-15,26.317581176757812
2019-11-18,26.35879135131836
2019-11-19,26.259889602661133
2019-11-20,26.128009796142578
2019-11-21,26.103282928466797
2019-11-22,26.128009796142578
2019-11-25,26.235157012939453
2019-11-26,26.29285430908203
2019-11-27,26.218671798706055
2019-11-29,26.09503936767578
2019-12-02,25.831287384033203
2019-12-03,25.691171646118164
2019-12-04,25.8807430267334
2019-12-05,25.954919815063477
2019-12-06,26.11976432800293
2019-12-09,25.93019676208496
2019-12-10,26.0703125
2019-12-11,26.193946838378906
2019-12-12,26.383516311645508
2019-12-13,26.474184036254883
2019-12-16,26.787240982055664
2019-12-17,26.72115707397461
2019-12-18,26.605518341064453
2019-12-19,26.688121795654297
2019-12-20,26.72115707397461
2019-12-23,26.83680534362793
2019-12-24,26.77897834777832
2019-12-26,26.9359188079834
2019-12-27,26.9854793548584
2019-12-30,26.861583709716797
2019-12-31,27.018516540527344
2020-01-02,27.2085018157959
2020-01-03,26.927656173706055
2020-01-06,27.051557540893555
2020-01-07,26.878101348876953
2020-01-08,26.968957901000977
2020-01-09,26.99374008178711
2020-01-10,26.869840621948242
2020-01-13,27.0102596282959
2020-01-14,27.02678108215332
2020-01-15,27.0102596282959
2020-01-16,27.11764144897461
2020-01-17,27.22502326965332
2020-01-21,26.91114044189453
2020-01-22,26.820283889770508
2020-01-23,26.770721435546875
2020-01-24,26.63855743408203
2020-01-27,26.06035804748535
2020-01-28,26.30816078186035
2020-01-29,26.390756607055664
2020-01-30,26.30816078186035
2020-01-31,25.936458587646484
2020-02-03,26.035579681396484
2020-02-04,26.415536880493164
2020-02-05,26.64681625366211
2020-02-06,26.77897834777832
2020-02-07,26.622041702270508
2020-02-10,26.64681625366211
2020-02-11,26.72115707397461
2020-02-12,26.90287971496582
2020-02-13,26.72115707397461
2020-02-14,26.671602249145508
2020-02-18,26.588993072509766
2020-02-19,26.745939254760742
2020-02-20,26.622041702270508
2020-02-21,26.506397247314453
2020-02-24,25.39955711364746
2020-02-25,24.788314819335938
2020-02-26,24.763534545898438
2020-02-27,24.102733612060547
2020-02-28,23.8962345123291
2020-03-02,24.466175079345703
2020-03-03,24.135774612426758
2020-03-04,24.97829818725586
2020-03-05,24.102733612060547
2020-03-06,23.574094772338867
2020-03-09,21.385190963745117
2020-03-10,22.145109176635742
2020-03-11,20.840024948120117
2020-03-12,18.196823120117188
2020-03-13,19.51842498779297
2020-03-16,17.048675537109375
2020-03-17,17.759044647216797
2020-03-18,16.544818878173828
2020-03-19,16.577856063842773
2020-03-20,16.90825653076172
2020-03-23,16.891738891601562
2020-03-24,18.428102493286133
2020-03-25,19.336706161499023
2020-03-26,20.352684020996094
2020-03-27,19.52668571472168
2020-03-30,19.592763900756836
2020-03-31,19.36148452758789
2020-04-01,18.328977584838867
2020-04-02,18.626338958740234
2020-04-03,18.048141479492188
2020-04-06,19.188018798828125
2020-04-07,19.254100799560547
2020-04-08,19.584503173828125
2020-04-09,20.14618492126465
2020-04-13,19.84882354736328
2020-04-14,20.12140655517578
2020-04-15,19.2210636138916
2020-04-16,19.0971622467041
2020-04-17,19.92316246032715
2020-04-20,19.609281539916992
2020-04-21,19.229324340820312
2020-04-22,19.386260986328125
2020-04-23,19.2210636138916
2020-04-24,19.485383987426758
2020-04-27,19.832304000854492
2020-04-28,19.92316246032715
2020-04-29,20.608747482299805
2020-04-30,20.220523834228516
2020-05-01,19.832304000854492
2020-05-04,19.634065628051758
2020-05-05,19.625804901123047
2020-05-06,19.386260986328125
2020-05-07,19.807525634765625
2020-05-08,20.14618492126465
2020-05-11,19.94794464111328
2020-05-12,19.609281539916992
2020-05-13,19.1715030670166
2020-05-14,19.03108024597168
2020-05-15,19.055858612060547
2020-05-18,20.129663467407227
2020-05-19,19.68362808227539
2020-05-20,20.08836555480957
2020-05-21,19.906644821166992
2020-05-22,19.92316246032715
2020-05-26,20.62526512145996
2020-05-27,21.145645141601562
2020-05-28,21.39344596862793
2020-05-29,21.418230056762695
2020-06-01,21.872528076171875
2020-06-02,22.32682991027832
2020-06-03,23.152835845947266
2020-06-04,23.227169036865234
2020-06-05,23.84667205810547
2020-06-08,24.135774612426758
2020-06-09,23.61539077758789
2020-06-10,23.458450317382812
2020-06-11,21.86426544189453
2020-06-12,22.31031036376953
2020-06-15,22.54893684387207
2020-06-16,22.76511001586914
2020-06-17,22.806684494018555
2020-06-18,22.632083892822266
2020-06-19,22.440845489501953
2020-06-22,22.806684494018555
2020-06-23,22.948034286499023
2020-06-24,22.35770034790039
2020-06-25,22.806684494018555
2020-06-26,22.41590118408203
2020-06-29,22.7817440032959
2020-06-30,22.798368453979492
2020-07-01,22.831628799438477
2020-07-02,23.147579193115234
2020-07-06,23.58824920654297
2020-07-07,23.197467803955078
2020-07-08,23.38869857788086
2020-07-09,22.92308807373047
2020-07-10,23.222410202026367
2020-07-13,23.172523498535156
2020-07-14,23.58824920654297
2020-07-15,23.97903060913086
2020-07-16,23.845998764038086
2020-07-17,23.945772171020508
2020-07-20,23.98734474182129
2020-07-21,24.070491790771484
2020-07-22,24.120380401611328
2020-07-23,23.862628936767578
2020-07-24,23.762855529785156
2020-07-27,23.920833587646484
2020-07-28,23.746225357055664
2020-07-29,24.161949157714844
2020-07-30,23.804428100585938
2020-07-31,23.239038467407227
2020-08-03,23.67139434814453
2020-08-04,23.812742233276367
2020-08-05,23.98734474182129
2020-08-06,24.037233352661133
2020-08-07,23.870943069458008
2020-08-10,23.920833587646484
2020-08-11,24.120380401611328
2020-08-12,24.66913604736328
2020-08-13,24.569358825683594
2020-08-14,24.220149993896484
2020-08-17,24.37812614440918
2020-08-18,24.31160545349121
2020-08-19,24.245094299316406
2020-08-20,24.112060546875
2020-08-21,23.92914390563965
2020-08-24,24.37812614440918
2020-08-25,24.50284194946289
2020-08-26,24.71070671081543
2020-08-27,24.361495971679688
2020-08-28,24.602619171142578
2020-08-31,24.3282413482666
2020-09-01,24.286666870117188
2020-09-02,24.78553581237793
2020-09-03,24.31992530822754
2020-09-04,24.369810104370117
2020-09-08,23.95408821105957
2020-09-09,24.486217498779297
2020-09-10,24.21183967590332
2020-09-11,24.44464111328125
2020-09-14,24.585988998413086
2020-09-15,24.66082000732422
2020-09-16,24.49452781677246
2020-09-17,24.561046600341797
2020-09-18,24.220149993896484
2020-09-21,23.363758087158203
2020-09-22,23.180835723876953
2020-09-23,22.848257064819336
2020-09-24,22.898147583007812
2020-09-25,22.864887237548828
2020-09-28,23.272296905517578
2020-09-29,23.338815689086914
2020-09-30,23.230722427368164
2020-10-01,23.363758087158203
2020-10-02,23.363758087158203
2020-10-05,23.796112060546875
2020-10-06,23.57162094116211
2020-10-07,23.787797927856445
2020-10-08,23.962404251098633
2020-10-09,24.186893463134766
2020-10-12,24.336557388305664
2020-10-13,23.962404251098633
2020-10-14,23.870943069458008
2020-10-15,23.696338653564453
2020-10-16,23.904197692871094
2020-10-19,23.845998764038086
2020-10-20,24.103748321533203
2020-10-21,23.762855529785156
2020-10-22,23.82936668395996
2020-10-23,24.153635025024414
2020-10-26,23.554988861083984
2020-10-27,23.014549255371094
2020-10-28,22.050064086914062
2020-10-29,22.16646957397461
2020-10-30,22.17478370666504
2020-11-02,22.58219337463379
2020-11-03,23.288923263549805
2020-11-04,23.64645004272461
2020-11-05,24.25341033935547
2020-11-06,24.286666870117188
2020-11-09,25.65856170654297
2020-11-10,26.373607635498047
2020-11-11,26.41518211364746
2020-11-12,25.941253662109375
2020-11-13,26.381921768188477
2020-11-16,26.789331436157227
2020-11-17,26.864164352416992
2020-11-18,26.706188201904297
2020-11-19,26.930679321289062
2020-11-20,26.872478485107422
2020-11-23,26.880794525146484
2020-11-24,27.338090896606445
2020-11-25,27.363035202026367
2020-11-27,27.56258201599121
2020-11-30,27.013826370239258
2020-12-01,27.74549674987793
2020-12-02,27.787071228027344
2020-12-03,27.74549674987793
2020-12-04,27.99493408203125
2020-12-07,27.728870391845703
2020-12-08,27.803701400756836
2020-12-09,27.604154586791992
2020-12-10,27.670665740966797
2020-12-11,27.545955657958984
2020-12-14,27.5484619140625
2020-12-15,27.874324798583984
2020-12-16,27.865968704223633
2020-12-17,27.982955932617188
2020-12-18,27.832548141479492
2020-12-21,27.423124313354492
2020-12-22,27.39805793762207
2020-12-23,27.790767669677734
2020-12-24,27.774063110351562
2020-12-28,28.033084869384766
2020-12-29,28.15842056274414
2020-12-30,28.16677474975586
2020-12-31,27.790767669677734
2021-01-04,28.099931716918945
2021-01-05,28.26704216003418
2021-01-06,28.51771354675293
2021-01-07,28.64303970336914
2021-01-08,28.801799774169922
2021-01-11,28.325536727905273
2021-01-12,28.467575073242188
2021-01-13,28.409088134765625
2021-01-14,28.509353637695312
2021-01-15,27.96623992919922
2021-01-19,28.13334846496582
2021-01-20,28.25033187866211
2021-01-21,28.15842056274414
2021-01-22,27.97459602355957
2021-01-25,27.61530303955078
2021-01-26,27.882678985595703
2021-01-27,27.139034271240234
2021-01-28,27.60695457458496
2021-01-29,27.063833236694336
2021-02-01,27.347923278808594
2021-02-02,27.78241729736328
2021-02-03,27.74898910522461
2021-02-04,27.757349014282227
2021-02-05,28.19184112548828
2021-02-08,28.34223747253418
2021-02-09,28.475934982299805
2021-02-10,28.30882453918457
2021-02-11,28.400728225708008
2021-02-12,28.559486389160156
2021-02-16,28.8686466217041
2021-02-17,28.693178176879883
2021-02-18,28.584548950195312
2021-02-19,28.718246459960938
2021-02-22,28.726604461669922
2021-02-23,28.885358810424805
2021-02-24,29.002330780029297
2021-02-25,28.64303970336914
2021-02-26,28.30046272277832
2021-03-01,28.726604461669922
2021-03-02,28.84358024597168
2021-03-03,28.718246459960938
2021-03-04,28.475934982299805
2021-03-05,28.559486389160156
2021-03-08,28.64303970336914
2021-03-09,28.935489654541016
2021-03-10,29.319852828979492
2021-03-11,29.587228775024414
2021-03-12,29.729276657104492
2021-03-15,29.537094116210938
2021-03-16,29.478605270385742
2021-03-17,29.77105140686035
2021-03-18,29.253002166748047
2021-03-19,29.253002166748047
2021-03-22,29.161094665527344
2021-03-23,28.776737213134766
2021-03-24,28.684823989868164
2021-03-25,28.835224151611328
2021-03-26,29.1109619140625
2021-03-29,29.085893630981445
2021-03-30,29.17780303955078
2021-03-31,29.102603912353516
2021-04-01,29.57051658630371
2021-04-05,30.088563919067383
2021-04-06,29.779409408569336
2021-04-07,29.91309928894043
2021-04-08,30.080211639404297
2021-04-09,30.18047332763672
2021-04-12,30.113632202148438
2021-04-13,30.414440155029297
2021-04-14,30.422788619995117
2021-04-15,30.614967346191406
2021-04-16,30.965906143188477
2021-04-19,31.066173553466797
2021-04-20,30.44785499572754
2021-04-21,30.790437698364258
2021-04-22,30.748659133911133
2021-04-23,31.0076847076416
2021-04-26,31.099594116210938
2021-04-27,31.141374588012695
2021-04-28,31.366971969604492
2021-04-29,31.433820724487305
2021-04-30,30.89906120300293
2021-05-03,31.25835609436035
2021-05-04,30.89906120300293
2021-05-05,31.249998092651367
2021-05-06,31.61764907836914
2021-05-07,31.9769344329834
2021-05-10,31.726268768310547
2021-05-11,31.325197219848633
2021-05-12,31.04945945739746
2021-05-13,31.366971969604492
2021-05-14,32.052127838134766
2021-05-17,31.935157775878906
2021-05-18,31.843244552612305
2021-05-19,31.500667572021484
2021-05-20,32.052127838134766
2021-05-21,32.09391403198242
2021-05-24,32.319515228271484
2021-05-25,32.403072357177734
2021-05-26,32.22760772705078
2021-05-27,32.44485092163086
2021-05-28,32.5701789855957
2021-06-01,32.77907180786133
2021-06-02,32.82920455932617
2021-06-03,32.5367546081543
2021-06-04,32.76236343383789
2021-06-07,32.92112350463867
2021-06-08,32.929473876953125
2021-06-09,32.99631881713867
2021-06-10,32.8653678894043
2021-06-11,33.05124282836914
2021-06-14,33.101932525634766
2021-06-15,33.22020721435547
2021-06-16,32.916053771972656
2021-06-17,32.713287353515625
2021-06-18,32.1472282409668
2021-06-21,32.476722717285156
2021-06-22,32.476722717285156
2021-06-23,32.214813232421875
2021-06-24,32.65414810180664
2021-06-25,32.64570236206055
2021-06-28,32.33310317993164
2021-06-29,32.24861145019531
2021-06-30,31.97825813293457
2021-07-01,32.164127349853516
2021-07-02,32.164127349853516
2021-07-06,31.767032623291016
2021-07-07,31.86842155456543
2021-07-08,31.35304832458496
2021-07-09,32.02894592285156
2021-07-12,32.13032531738281
2021-07-13,31.876869201660156
2021-07-14,31.995153427124023
2021-07-15,31.648754119873047
2021-07-16,31.429096221923828
2021-07-19,30.702505111694336
2021-07-20,30.998199462890625
2021-07-21,31.589618682861328
2021-07-22,31.564273834228516
2021-07-23,31.902217864990234
2021-07-26,32.08808517456055
2021-07-27,31.995153427124023
2021-07-28,32.24015808105469
2021-07-29,32.46828079223633
2021-07-30,32.392242431640625
2021-08-02,32.5865592956543
2021-08-03,32.90760803222656
2021-08-04,32.8231201171875
2021-08-05,33.04278564453125
2021-08-06,33.02589416503906
2021-08-09,32.916053771972656
2021-08-10,32.94985580444336
2021-08-11,33.15262985229492
2021-08-12,33.203311920166016
2021-08-13,33.42298126220703
2021-08-16,33.203311920166016
2021-08-17,32.84846878051758
2021-08-18,32.502071380615234
2021-08-19,31.927560806274414
2021-08-20,32.07963943481445
2021-08-23,32.400691986083984
2021-08-24,32.324649810791016
2021-08-25,32.4260368347168
2021-08-26,32.25706100463867
2021-08-27,32.544315338134766
2021-08-30,32.544315338134766
2021-08-31,32.671043395996094
2021-09-01,33.304691314697266
2021-09-02,33.33849334716797
2021-09-03,32.975196838378906
2021-09-07,33.02589416503906
2021-09-08,32.780879974365234
2021-09-09,32.780879974365234
2021-09-10,32.63725280761719
2021-09-13,32.789329528808594
2021-09-14,32.611900329589844
2021-09-15,32.55276107788086
2021-09-16,32.544315338134766
2021-09-17,32.09653854370117
2021-09-20,31.454437255859375
2021-09-21,31.927560806274414
2021-09-22,32.2655143737793
2021-09-23,32.831573486328125
2021-09-24,32.45138168334961
2021-09-27,32.52741622924805
2021-09-28,31.800832748413086
2021-09-29,31.733247756958008
2021-09-30,31.4628849029541
2021-10-01,31.758586883544922
2021-10-04,31.589618682861328
2021-10-05,31.826175689697266
2021-10-06,31.59806251525879
2021-10-07,31.800832748413086
2021-10-08,31.707895278930664
2021-10-11,31.547372817993164
2021-10-12,31.564273834228516
2021-10-13,32.062740325927734
2021-10-14,32.544315338134766
2021-10-15,32.74708557128906
2021-10-18,32.45982360839844
2021-10-19,32.485172271728516
2021-10-20,32.7386360168457
2021-10-21,32.662593841552734
2021-10-22,32.92451095581055
2021-10-25,32.64570236206055
2021-10-26,32.8231201171875
2021-10-27,32.7386360168457
2021-10-28,33.321590423583984
2021-10-29,33.21177291870117
2021-11-01,33.591957092285156
2021-11-02,33.60039520263672
2021-11-03,33.95524597167969
2021-11-04,33.879207611083984
2021-11-05,34.132667541503906
2021-11-08,34.17491149902344
2021-11-09,34.166465759277344
2021-11-10,33.63419723510742
2021-11-11,33.701778411865234
2021-11-12,33.84541320800781
2021-11-15,33.76092529296875
2021-11-16,33.74402618408203
2021-11-17,33.80316925048828
2021-11-18,33.8961067199707
2021-11-19,33.414527893066406
2021-11-22,33.18641662597656
2021-11-23,33.17797088623047
2021-11-24,32.94140625
2021-11-26,31.859975814819336
2021-11-29,31.986705780029297
2021-11-30,31.927560806274414
2021-12-01,31.71634292602539
2021-12-02,32.113433837890625
2021-12-03,31.944461822509766
2021-12-06,32.324649810791016
2021-12-07,33.093482971191406
2021-12-08,33.203311920166016
2021-12-09,32.8653678894043
2021-12-10,32.95829391479492
2021-12-13,32.539085388183594
2021-12-14,32.40021896362305
2021-12-15,32.947017669677734
2021-12-16,32.82550811767578
2021-12-17,32.23530960083008
2021-12-20,32.452293395996094
2021-12-21,32.84286880493164
2021-12-22,33.328914642333984
2021-12-23,33.4504280090332
2021-12-27,33.76288604736328
2021-12-28,33.7108039855957
2021-12-29,33.80628204345703
2021-12-30,33.68476867675781
2021-12-31,33.74552536010742
2022-01-03,34.040626525878906
2022-01-04,34.274967193603516
2022-01-05,34.21420669555664
2022-01-06,33.927791595458984
2022-01-07,34.170814514160156
2022-01-10,33.81495666503906
2022-01-11,34.19685363769531
2022-01-12,34.50931930541992
2022-01-13,34.09270095825195
2022-01-14,34.0579948425293
2022-01-18,33.615333557128906
2022-01-19,33.77156066894531
2022-01-20,33.48514175415039
2022-01-21,33.016456604003906
2022-01-24,32.59984588623047
2022-01-25,32.29606246948242
2022-01-26,32.408897399902344
2022-01-27,32.41757583618164
2022-01-28,32.50436782836914
2022-01-31,32.886260986328125
2022-02-01,33.34626388549805
2022-02-02,33.48514175415039
2022-02-03,33.08589553833008
2022-02-04,33.17268371582031
2022-02-07,33.21608352661133
2022-02-08,33.372310638427734
2022-02-09,33.953834533691406
2022-02-10,33.441741943359375
2022-02-11,32.4262580871582
2022-02-14,32.0877571105957
2022-02-15,32.97306442260742
2022-02-16,33.06853103637695
2022-02-17,32.608524322509766
2022-02-18,32.55644989013672
2022-02-22,31.81869888305664
2022-02-23,31.56699562072754
2022-02-24,30.85527801513672
2022-02-25,31.81869888305664
2022-02-28,30.664335250854492
2022-03-01,29.5360164642334
2022-03-02,30.065454483032227
2022-03-03,29.24959373474121
2022-03-04,27.71333885192871
2022-03-07,26.74124526977539
2022-03-08,27.45295524597168
2022-03-09,29.31902503967285
2022-03-10,28.5118408203125
2022-03-11,28.216737747192383
2022-03-14,28.911094665527344
2022-03-15,29.128082275390625
2022-03-16,30.412633895874023
2022-03-17,30.577543258666992
2022-03-18,30.55150032043457
2022-03-21,30.11753273010254
2022-03-22,30.655656814575195
2022-03-23,30.03074073791504
2022-03-24,30.26508331298828
2022-03-25,30.28244400024414
2022-03-28,30.499420166015625
2022-03-29,31.60171127319336
2022-03-30,31.428123474121094
2022-03-31,30.664335250854492
2022-04-01,30.933395385742188
2022-04-04,30.959430694580078
2022-04-05,30.186967849731445
2022-04-06,29.588092803955078
2022-04-07,29.70960235595703
2022-04-08,29.64884376525879
2022-04-11,29.674880981445312
2022-04-12,29.48394012451172
2022-04-13,29.85715103149414
2022-04-14,29.76167869567871
2022-04-18,29.779035568237305
2022-04-19,29.848474502563477
2022-04-20,30.186967849731445
2022-04-21,30.074140548706055
2022-04-22,29.65752410888672
2022-04-25,29.475261688232422
2022-04-26,28.607316970825195
2022-04-27,28.633358001708984
2022-04-28,29.032608032226562
2022-04-29,28.598634719848633
2022-05-02,28.494483947753906
2022-05-03,28.74618911743164
2022-05-04,29.327709197998047
2022-05-05,28.425046920776367
2022-05-06,28.025798797607422
2022-05-09,27.314083099365234
2022-05-10,27.5657901763916
2022-05-11,27.496355056762695
2022-05-12,27.296728134155273
2022-05-13,28.147308349609375
2022-05-16,28.26881980895996
2022-05-17,29.006568908691406
2022-05-18,28.103912353515625
2022-05-19,28.372974395751953
2022-05-20,28.364294052124023
2022-05-23,29.015247344970703
2022-05-24,28.919775009155273
2022-05-25,28.902416229248047
2022-05-26,29.46657943725586
2022-05-27,29.987340927124023
2022-05-31,29.770357131958008
2022-06-01,29.301666259765625
2022-06-02,30.17828941345215
2022-06-03,29.81375503540039
2022-06-06,29.952625274658203
2022-06-07,29.94394302368164
2022-06-08,29.46657943725586
2022-06-09,28.705848693847656
2022-06-10,27.946908950805664
2022-06-13,26.920106887817383
2022-06-14,26.598669052124023
2022-06-15,27.161182403564453
2022-06-16,26.562955856323242
2022-06-17,26.518314361572266
2022-06-21,26.911174774169922
2022-06-22,26.759387969970703
2022-06-23,26.75046157836914
2022-06-24,27.786191940307617
2022-06-27,27.420114517211914
2022-06-28,27.23261260986328
2022-06-29,26.982606887817383
2022-06-30,26.795103073120117
2022-07-01,26.884389877319336
2022-07-05,26.027233123779297
2022-07-06,26.107589721679688
2022-07-07,26.393310546875
2022-07-08,26.375452041625977
2022-07-11,25.937944412231445
2022-07-12,26.0183048248291
2022-07-13,26.11652183532715
2022-07-14,25.741512298583984
2022-07-15,26.259380340576172
2022-07-18,26.411169052124023
2022-07-19,27.393329620361328
2022-07-20,26.991535186767578
2022-07-21,27.321895599365234
2022-07-22,27.214752197265625
2022-07-25,27.509401321411133
2022-07-26,26.911174774169922
2022-07-27,27.71476173400879
2022-07-28,27.982622146606445
2022-07-29,28.545133590698242
2022-08-01,28.437990188598633
2022-08-02,27.929052352905273
2022-08-03,28.330842971801758
2022-08-04,28.64335060119629
2022-08-05,28.41120147705078
2022-08-08,28.500490188598633
2022-08-09,28.44692039489746
2022-08-10,28.93799591064453
2022-08-11,28.94692611694336
2022-08-12,29.116573333740234
2022-08-15,28.8129940032959
2022-08-16,28.9915714263916
2022-08-17,28.705848693847656
2022-08-18,28.518346786499023
2022-08-19,28.11655616760254
2022-08-22,27.277254104614258
2022-08-23,27.286184310913086
2022-08-24,27.393329620361328
2022-08-25,27.607616424560547
2022-08-26,26.759387969970703
2022-08-29,26.839746475219727
2022-08-30,26.714744567871094
2022-08-31,26.464740753173828
2022-09-01,26.098661422729492
2022-09-02,25.848661422729492
2022-09-06,25.929019927978516
2022-09-07,26.473670959472656
2022-09-08,26.30402374267578
2022-09-09,27.000463485717773
2022-09-12,27.562976837158203
2022-09-13,26.571887969970703
2022-09-14,26.75046157836914
2022-09-15,26.393310546875
2022-09-16,26.223665237426758
2022-09-19,26.259380340576172
2022-09-20,25.589725494384766
2022-09-21,25.232574462890625
2022-09-22,25.107574462890625
2022-09-23,24.107555389404297
2022-09-26,23.768268585205078
2022-09-27,23.652193069458008
2022-09-28,24.268274307250977
2022-09-29,23.920055389404297
2022-09-30,23.92898178100586
2022-10-03,24.46470832824707
2022-10-04,25.812944412231445
2022-10-05,25.48258399963379
2022-10-06,24.89328384399414
2022-10-07,24.428991317749023
2022-10-10,24.33077621459961
2022-10-11,24.161130905151367
2022-10-12,24.143272399902344
2022-10-13,24.839710235595703
2022-10-14,24.571849822998047
2022-10-17,25.402225494384766
2022-10-18,25.705801010131836
2022-10-19,25.26828956604004
2022-10-20,25.339717864990234
2022-10-21,25.732585906982422
2022-10-24,25.99151611328125
2022-10-25,26.687957763671875
2022-10-26,26.946895599365234
2022-10-27,26.554025650024414
2022-10-28,26.955821990966797
2022-10-31,26.50938606262207
2022-11-01,26.795103073120117
2022-11-02,26.17902183532715
2022-11-03,25.982589721679688
2022-11-04,27.429040908813477
2022-11-07,27.500473022460938
2022-11-08,27.687976837158203
2022-11-09,27.393329620361328
2022-11-10,28.768352508544922
2022-11-11,29.38443374633789
2022-11-14,29.036212921142578
2022-11-15,29.170143127441406
2022-11-16,29.321931838989258
2022-11-17,29.27728843688965
2022-11-18,29.33085823059082
2022-11-21,29.116573333740234
2022-11-22,29.411218643188477
2022-11-23,29.6790828704834
2022-11-25,29.848726272583008
2022-11-28,29.366573333740234
2022-11-29,29.52728843688965
2022-11-30,30.161230087280273
2022-12-01,30.339807510375977
2022-12-02,30.42909812927246
2022-12-05,30.04515838623047
2022-12-06,30.036230087280273
2022-12-07,30.036230087280273
2022-12-08,30.1076602935791
2022-12-09,30.036230087280273
2022-12-12,30.19694709777832
2022-12-13,30.576011657714844
2022-12-14,30.59392738342285
2022-12-15,29.751569747924805
2022-12-16,29.41103744506836
2022-12-19,29.3841552734375
2022-12-20,29.402080535888672
2022-12-21,29.850143432617188
2022-12-22,29.697799682617188
2022-12-23,29.661958694458008
2022-12-27,29.850143432617188
2022-12-28,29.49169158935547
2022-12-29,30.02040672302246
2022-12-30,29.679880142211914
2023-01-03,29.96664047241211
2023-01-04,30.782121658325195
2023-01-05,30.45055389404297
2023-01-06,31.319799423217773
2023-01-09,31.499027252197266
2023-01-10,31.70513916015625
2023-01-11,32.00086212158203
2023-01-12,32.484771728515625
2023-01-13,32.67295837402344
2023-01-17,32.70880126953125
2023-01-18,32.610233306884766
2023-01-19,32.386199951171875
2023-01-20,32.69984817504883
2023-01-23,32.83426284790039
2023-01-24,32.9149169921875
2023-01-25,33.07622146606445
2023-01-26,33.138946533203125
2023-01-27,33.02245330810547
2023-01-30,32.83426284790039
2023-01-31,33.12101745605469
2023-02-01,33.4794807434082
2023-02-02,33.515323638916016
2023-02-03,33.291290283203125
2023-02-06,32.79841232299805
2023-02-07,32.968685150146484
2023-02-08,32.70880126953125
2023-02-09,32.87010955810547
2023-02-10,32.628150939941406
2023-02-13,33.112060546875
2023-02-14,33.32713317871094
2023-02-15,33.45259475708008
2023-02-16,33.4794807434082
2023-02-17,33.649742126464844
2023-02-21,33.10310363769531
2023-02-22,32.986602783203125
2023-02-23,33.24647903442383
2023-02-24,32.484771728515625
2023-02-27,33.031410217285156
2023-02-28,32.72672653198242
2023-03-01,32.941795349121094
2023-03-02,32.995567321777344
2023-03-03,33.434669494628906
2023-03-06,33.470516204833984
2023-03-07,32.9149169921875
2023-03-08,32.89699172973633
2023-03-09,32.57438659667969
2023-03-10,32.35931396484375
2023-03-13,31.991899490356445
2023-03-14,32.67295837402344
2023-03-15,31.4542179107666
2023-03-16,32.0456657409668
2023-03-17,31.499027252197266
2023-03-20,32.15320587158203
2023-03-21,32.789459228515625
2023-03-22,32.68191909790039
2023-03-23,32.663997650146484
2023-03-24,32.350345611572266
2023-03-27,32.7177619934082
2023-03-28,32.70880126953125
2023-03-29,33.28232955932617
2023-03-30,33.75727844238281
2023-03-31,33.873775482177734
2023-04-03,34.26807403564453
2023-04-04,34.27703857421875
2023-04-05,34.08884811401367
2023-04-06,34.223270416259766
2023-04-10,34.223270416259766
2023-04-11,34.39353561401367
2023-04-12,34.8147087097168
2023-04-13,35.35239028930664
2023-04-14,35.23589324951172
2023-04-17,35.011863708496094
2023-04-18,35.298622131347656
2023-04-19,35.298622131347656
2023-04-20,35.253814697265625
2023-04-21,35.58538818359375
2023-04-24,35.79149627685547
2023-04-25,35.21796798706055
2023-04-26,35.164215087890625
2023-04-27,35.612274169921875
2023-04-28,35.459930419921875
2023-05-01,35.46888732910156
2023-05-02,35.03874206542969
2023-05-03,35.11940002441406
2023-05-04,34.83263397216797
2023-05-05,35.307586669921875
2023-05-08,35.28070068359375
2023-05-09,34.949134826660156
2023-05-10,34.91328430175781
2023-05-11,34.88640594482422
2023-05-12,34.69821548461914
2023-05-15,34.9222526550293
2023-05-16,34.66237258911133
2023-05-17,34.8147087097168
2023-05-18,34.725101470947266
2023-05-19,35.002899169921875
2023-05-22,34.96706008911133
2023-05-23,34.20533752441406
2023-05-24,33.73936080932617
2023-05-25,33.67662811279297
2023-05-26,34.017154693603516
2023-05-30,33.649742126464844
2023-05-31,33.15686798095703
2023-06-01,33.46155548095703
2023-06-02,33.873775482177734
2023-06-05,33.488441467285156
2023-06-06,33.65870666503906
2023-06-07,33.49106979370117
2023-06-08,33.9399299621582
2023-06-09,33.77503967285156
2023-06-12,34.07734298706055
2023-06-13,34.306358337402344
2023-06-14,34.46208572387695
2023-06-15,34.8193473815918
2023-06-16,35.075843811035156
2023-06-20,34.67277908325195
2023-06-21,34.645294189453125
2023-06-22,34.407127380371094
2023-06-23,33.96741485595703
2023-06-26,34.09566879272461
2023-06-27,34.645294189453125
2023-06-28,34.75522232055664
2023-06-29,34.7735481262207
2023-06-30,35.29570007324219
2023-07-03,35.18577194213867
2023-07-05,34.6086540222168
2023-07-06,33.74755859375
2023-07-07,34.05902099609375
2023-07-10,34.3613166809082
2023-07-11,34.8193473815918
2023-07-12,35.73540496826172
2023-07-13,36.2484016418457
2023-07-14,36.11098861694336
2023-07-17,35.90945816040039
2023-07-18,35.97358322143555
2023-07-19,35.90945816040039
2023-07-20,35.90029525756836
2023-07-21,36.12015151977539
2023-07-24,35.90029525756836
2023-07-25,35.524715423583984
2023-07-26,35.478912353515625
2023-07-27,35.49723434448242
2023-07-28,35.90029525756836
2023-07-31,35.8636589050293
2023-08-01,35.41478729248047
2023-08-02,34.746070861816406
2023-08-03,34.617820739746094
2023-08-04,34.87430953979492
2023-08-07,35.12165069580078
2023-08-08,34.846832275390625
2023-08-09,35.02088165283203
2023-08-10,35.387306213378906
2023-08-11,35.02088165283203
2023-08-14,34.94759750366211
2023-08-15,34.425445556640625
2023-08-16,34.23307418823242
2023-08-17,33.89413070678711
2023-08-18,33.9307746887207
2023-08-21,34.223915100097656
2023-08-22,34.09566879272461
2023-08-23,34.28803634643555
2023-08-24,33.811683654785156
2023-08-25,34.113983154296875
2023-08-28,34.535369873046875
2023-08-29,34.97507858276367
2023-08-30,35.011722564697266
2023-08-31,34.498722076416016
2023-09-01,34.28803634643555
2023-09-05,33.76588439941406
2023-09-06,33.53687286376953
2023-09-07,33.47274398803711
2023-09-08,33.66511917114258
2023-09-11,34.04070281982422
2023-09-12,33.74755859375
2023-09-13,33.51854705810547
2023-09-14,33.86664962768555
2023-09-15,34.03154373168945
2023-09-18,33.68343734741211
2023-09-19,33.77503967285156
2023-09-20,33.69259262084961
2023-09-21,33.115482330322266
2023-09-22,33.00555419921875
2023-09-25,32.730735778808594
2023-09-26,32.318511962890625
2023-09-27,32.17194366455078
2023-09-28,32.538368225097656
2023-09-29,32.60248565673828
2023-10-02,31.970413208007812
2023-10-03,31.723072052001953
2023-10-04,31.915447235107422
2023-10-05,32.0528564453125
2023-10-06,32.4742431640625
2023-10-09,32.263553619384766
2023-10-10,32.61164855957031
2023-10-11,32.749061584472656
2023-10-12,32.226905822753906
2023-10-13,31.79636001586914
2023-10-16,32.11698532104492
2023-10-17,32.153621673583984
2023-10-18,31.594831466674805
2023-10-19,31.457420349121094
2023-10-20,31.200925827026367
2023-10-23,31.439098358154297
2023-10-24,31.6314697265625
2023-10-25,31.439098358154297
2023-10-26,31.338327407836914
2023-10-27,30.926105499267578
2023-10-30,31.439098358154297
2023-10-31,31.55818748474121
2023-11-01,31.787199020385742
2023-11-02,32.538368225097656
2023-11-03,32.65745162963867
2023-11-06,32.4650764465332
2023-11-07,32.27271270751953
2023-11-08,32.52920150756836
2023-11-09,32.60248565673828
2023-11-10,32.749061584472656
2023-11-13,32.75822067260742
2023-11-14,33.811683654785156
2023-11-15,33.78420639038086
2023-11-16,33.74755859375
2023-11-17,34.17810821533203
2023-11-20,34.31551742553711
2023-11-21,34.15062713623047
2023-11-22,34.23307418823242
2023-11-24,34.544532775878906
2023-11-27,34.44375991821289
2023-11-28,34.43460464477539
2023-11-29,34.47124481201172
2023-11-30,34.416282653808594
2023-12-01,34.581172943115234
2023-12-04,34.39796447753906
2023-12-05,34.44375991821289
2023-12-06,34.48040771484375
2023-12-07,34.681941986083984
2023-12-08,35.09416961669922
2023-12-11,35.14912796020508
2023-12-12,35.2407341003418
2023-12-13,35.707923889160156
2023-12-14,36.01938247680664
2023-12-15,35.68960952758789
2023-12-18,35.74456787109375
2023-12-19,36.0468635559082
2023-12-20,35.60616683959961
2023-12-21,36.12247085571289
2023-12-22,36.07637023925781
2023-12-26,36.29764175415039
2023-12-27,36.42671203613281
2023-12-28,36.07637023925781
2023-12-29,36.12247085571289
2024-01-02,35.59695053100586
2024-01-03,35.0529899597168
2024-01-04,35.237388610839844
2024-01-05,35.10831069946289
2024-01-08,35.513973236083984
2024-01-09,35.11753463745117
2024-01-10,35.31114196777344
2024-01-11,35.31114196777344
2024-01-12,35.40333557128906
2024-01-16,34.739524841308594
2024-01-17,34.49059295654297
2024-01-18,34.951576232910156
2024-01-19,34.960792541503906
2024-01-22,34.942359924316406
2024-01-23,34.81327819824219
2024-01-24,35.10831069946289
2024-01-25,35.412559509277344
2024-01-26,35.965728759765625
2024-01-29,36.05792999267578
2024-01-30,36.131683349609375
2024-01-31,35.74446105957031
2024-02-01,35.91963577270508
2024-02-02,35.58772277832031
2024-02-05,35.40333557128906
2024-02-06,35.652259826660156
2024-02-07,35.57851028442383
2024-02-08,35.643043518066406
2024-02-09,35.818214416503906
2024-02-12,35.78134536743164
2024-02-13,35.15441131591797
2024-02-14,35.689144134521484
2024-02-15,36.131683349609375
2024-02-16,36.039493560791016
2024-02-20,36.39905548095703
2024-02-21,36.611106872558594
2024-02-22,37.044429779052734
2024-02-23,37.19194412231445
2024-02-26,37.10896301269531
2024-02-27,37.26569366455078
2024-02-28,37.145843505859375
2024-02-29,37.072086334228516
2024-03-01,37.09974670410156
2024-03-04,37.219600677490234
2024-03-05,37.053646087646484
2024-03-06,37.34867477416992
2024-03-07,37.84653854370117
2024-03-08,37.70824432373047
2024-03-11,37.818878173828125
2024-03-12,38.0954704284668
2024-03-13,38.37205123901367
2024-03-14,38.25220489501953
2024-03-15,38.32595443725586
2024-03-18,38.03092575073242
2024-03-19,37.994049072265625
2024-03-20,38.57488250732422
2024-03-21,38.132347106933594
2024-03-22,37.901851654052734
2024-03-25,37.966392517089844
2024-03-26,38.04936599731445
2024-03-27,38.35361099243164
2024-03-28,38.178436279296875
2024-04-01,38.15078353881836
2024-04-02,37.7451171875
2024-04-03,38.04014587402344
2024-04-04,37.579166412353516
2024-04-05,37.634483337402344
2024-04-08,37.901851654052734
2024-04-09,37.71746063232422
2024-04-10,37.16428756713867
2024-04-11,37.2011604309082
2024-04-12,36.51891326904297
2024-04-15,36.50046920776367
2024-04-16,36.38983917236328
2024-04-17,36.64798355102539
2024-04-18,36.703304290771484
2024-04-19,36.79549789428711
2024-04-22,37.08130645751953
2024-04-23,37.477752685546875
2024-04-24,37.44087219238281
2024-04-25,37.219600677490234
2024-04-26,37.496185302734375
2024-04-29,37.4316520690918
2024-04-30,36.91535568237305
2024-05-01,36.77705764770508
2024-05-02,37.145843505859375
2024-05-03,37.468528747558594
2024-05-06,37.70824432373047
2024-05-07,37.98482894897461
2024-05-08,38.27986145019531
2024-05-09,38.694740295410156
2024-05-10,38.72239685058594
2024-05-13,38.75005340576172
2024-05-14,39.0543098449707
2024-05-15,39.25714111328125
2024-05-16,38.91600799560547
2024-05-17,38.95288848876953
2024-05-20,38.95288848876953
2024-05-21,38.90679168701172
2024-05-22,38.54722595214844
2024-05-23,38.36283493041992
2024-05-24,38.694740295410156
2024-05-28,38.55644607543945
2024-05-29,37.88341522216797
2024-05-30,38.16922378540039
2024-05-31,38.4458122253418
2024-06-03,38.47346878051758
2024-06-04,38.35361099243164
2024-06-05,38.70396041870117
2024-06-06,38.869911193847656
2024-06-07,38.270633697509766
2024-06-10,37.7266845703125
2024-06-11,37.12784194946289
2024-06-12,37.599365234375
2024-06-13,36.73176574707031
2024-06-14,35.50579833984375
2024-06-17,36.13764190673828
2024-06-18,36.42998504638672
2024-06-20,36.46770477294922
2024-06-21,36.1942253112793
2024-06-24,36.552581787109375
2024-06-25,36.53372573852539
2024-06-26,36.099918365478516
2024-06-27,35.80757522583008
2024-06-28,35.628395080566406
2024-07-01,36.099918365478516
2024-07-02,35.98675537109375
2024-07-03,36.665748596191406
2024-07-05,36.948665618896484
2024-07-08,36.62802505493164
2024-07-09,35.98675537109375
2024-07-10,36.42998504638672
2024-07-11,36.76005172729492
2024-07-12,37.27873229980469
2024-07-15,36.85436248779297
2024-07-16,36.79777526855469
2024-07-17,36.79777526855469
2024-07-18,36.665748596191406
2024-07-19,36.411128997802734
2024-07-22,36.95808792114258
2024-07-23,36.42998504638672
2024-07-24,35.98675537109375
2024-07-25,35.8547248840332
2024-07-26,36.47713851928711
2024-07-29,36.04334259033203
2024-07-30,36.109352111816406
2024-07-31,36.31682205200195
2024-08-01,35.30775451660156
2024-08-02,35.42092514038086
2024-08-05,34.902244567871094
2024-08-06,34.845664978027344
2024-08-07,34.96826171875
2024-08-08,35.31718826293945
2024-08-09,35.468074798583984
2024-08-12,35.3360481262207
2024-08-13,35.76042175292969
2024-08-14,36.005611419677734
2024-08-15,36.30739212036133
2024-08-16,36.590301513671875
2024-08-19,37.0052490234375
2024-08-20,37.042964935302734
2024-08-21,37.45791244506836
2024-08-22,37.09012222290039
2024-08-23,37.78797912597656
2024-08-26,37.75025177001953
2024-08-27,37.703102111816406
2024-08-28,37.51449203491211
2024-08-29,37.561649322509766
2024-08-30,37.608795166015625
2024-09-03,37.118412017822266
2024-09-04,36.986385345458984
2024-09-05,36.80720901489258
2024-09-06,36.28853225708008
2024-09-09,36.580875396728516
2024-09-10,36.496002197265625
2024-09-11,36.646888732910156
2024-09-12,36.76948547363281
2024-09-13,36.87321853637695
2024-09-16,37.203285217285156
2024-09-17,37.07126235961914
2024-09-18,36.967525482177734
2024-09-19,38.014312744140625
2024-09-20,37.43905258178711
2024-09-23,37.38246536254883
2024-09-24,37.94829559326172
2024-09-25,37.599365234375
2024-09-26,38.759315490722656
2024-09-27,38.778175354003906
2024-09-30,38.099185943603516
2024-10-01,37.53335189819336
2024-10-02,37.37303924560547
2024-10-03,36.84492874145508
2024-10-04,37.2315788269043
2024-10-07,37.05240249633789
2024-10-08,36.97695541381836
2024-10-09,36.95808792114258
2024-10-10,36.939231872558594
2024-10-11,37.099552154541016
2024-10-14,37.099552154541016
2024-10-15,36.36397933959961
2024-10-16,36.571441650390625
2024-10-17,36.67517852783203
2024-10-18,37.01467514038086
2024-10-21,36.496002197265625
2024-10-22,36.42055130004883
2024-10-23,36.07162857055664
2024-10-24,36.24138259887695
2024-10-25,36.07162857055664
2024-10-28,36.609169006347656
2024-10-29,36.24138259887695
2024-10-30,36.09048843383789
2024-10-31,35.75099563598633
2024-11-01,35.79814529418945
2024-11-04,35.77928161621094
2024-11-05,36.20365524291992
2024-11-06,35.30775451660156
2024-11-07,35.967891693115234
2024-11-08,35.23231887817383
2024-11-11,35.24174499511719
2024-11-12,34.31755447387695
2024-11-13,34.072364807128906
2024-11-14,34.2232551574707
2024-11-15,34.21381759643555
2024-11-18,34.31755447387695
2024-11-19,34.1949577331543
2024-11-20,33.99692153930664
2024-11-21,33.81774139404297
2024-11-22,33.78944778442383
2024-11-25,33.88375473022461
2024-11-26,33.61969757080078
2024-11-27,33.7800178527832
2024-11-29,34.18552780151367
2024-12-02,33.94976806640625
2024-12-03,34.110084533691406
2024-12-04,34.23268127441406
2024-12-05,34.609901428222656
2024-12-06,35.10028839111328
2024-12-09,35.16630172729492
2024-12-10,34.75135803222656
2024-12-11,34.92110824584961
2024-12-12,34.65705490112305
2024-12-13,34.75135803222656
2024-12-16,34.51559829711914
2024-12-17,34.50799560546875
2024-12-18,33.728904724121094
2024-12-19,33.74790573120117
2024-12-20,33.86192321777344
2024-12-23,33.966434478759766
2024-12-24,34.17545700073242
2024-12-26,34.31797790527344
2024-12-27,34.26096725463867
2024-12-30,34.023441314697266
2024-12-31,34.08995056152344
2025-01-02,33.766910552978516
2025-01-03,33.586387634277344
2025-01-06,34.43198776245117
2025-01-07,34.536495208740234
2025-01-08,34.31797790527344
2025-01-10,34.10895538330078
2025-01-13,34.032936096191406
2025-01-14,34.26096725463867
2025-01-15,34.4224853515625
2025-01-16,35.220577239990234
2025-01-17,35.429603576660156
2025-01-21,36.26570129394531
2025-01-22,36.39871597290039
2025-01-23,36.82625961303711
2025-01-24,37.168304443359375
2025-01-27,37.19681167602539
2025-01-28,36.8167610168457
2025-01-29,36.6932487487793
2025-01-30,36.98778533935547
2025-01-31,36.70275115966797
2025-02-03,36.056678771972656
2025-02-04,36.68375015258789
2025-02-05,36.73125076293945
2025-02-06,37.1017951965332
2025-02-07,36.70275115966797
2025-02-10,36.854766845703125
2025-02-11,37.23480987548828
2025-02-12,37.63385772705078
2025-02-13,37.89038848876953
2025-02-14,38.27993392944336
2025-02-18,38.27993392944336
2025-02-19,37.73836898803711
2025-02-20,38.08991241455078
2025-02-21,37.795379638671875
2025-02-24,37.60535430908203
2025-02-25,37.89988708496094
2025-02-26,37.89988708496094
2025-02-27,37.47233963012695
2025-02-28,37.567352294921875
2025-03-03,38.34644317626953
2025-03-04,38.745487213134766
2025-03-05,39.923622131347656
2025-03-06,39.363059997558594
2025-03-07,39.78110885620117
2025-03-10,38.95451354980469
2025-03-11,39.04002380371094
2025-03-12,38.92601013183594
2025-03-13,38.45095443725586
2025-03-14,39.23004150390625
2025-03-17,39.600582122802734
2025-03-18,39.72410202026367
2025-03-19,39.876121520996094
2025-03-20,39.22053909301758
2025-03-21,38.86900329589844
2025-03-24,38.86900329589844
2025-03-25,39.173038482666016
2025-03-26,38.46045684814453
2025-03-27,38.52695846557617
2025-03-28,38.33694076538086
2025-03-31,37.81437683105469
2025-04-01,38.05190658569336
2025-04-02,38.17542266845703
2025-04-03,37.51034164428711
2025-04-04,35.35359573364258
2025-04-07,34.17545700073242
2025-04-08,33.871421813964844
2025-04-09,36.68375015258789
2025-04-10,36.09468460083008
2025-04-11,37.025787353515625
2025-04-14,36.91176986694336
2025-04-15,37.054290771484375
2025-04-16,37.01628494262695
2025-04-17,37.2633171081543
2025-04-21,37.025787353515625
2025-04-22,37.85238265991211
2025-04-23,38.118412017822266
2025-04-24,38.68848419189453
2025-04-25,38.907005310058594
2025-04-28,38.992515563964844
2025-04-29,38.897499084472656
2025-04-30,38.992515563964844
2025-05-01,39.02101516723633
2025-05-02,39.7716064453125
2025-05-05,39.75260543823242
2025-05-06,39.5435791015625
2025-05-07,39.258548736572266
2025-05-08,39.258548736572266
2025-05-09,39.600582122802734
2025-05-12,39.72410202026367
2025-05-13,39.999629974365234
2025-05-14,39.79060745239258
2025-05-15,39.99013137817383
2025-05-16,40.142147064208984
2025-05-19,40.59819793701172
2025-05-20,40.94974136352539
2025-05-21,40.57919692993164
2025-05-22,40.522193908691406
2025-05-23,40.284664154052734
2025-05-27,40.77872085571289
2025-05-28,40.351173400878906
2025-05-29,40.626705169677734
2025-05-30,40.37017822265625
2025-06-02,40.98774337768555
2025-06-03,40.70271301269531
2025-06-04,40.93074035644531
2025-06-05,40.89273452758789
2025-06-06,40.89273452758789
2025-06-09,40.93074035644531
2025-06-10,41.05425262451172
2025-06-11,40.95924758911133
2025-06-12,41.39629364013672
2025-06-13,40.693214416503906
2025-06-16,41.01778030395508
2025-06-17,40.561058044433594
2025-06-18,40.49302673339844
2025-06-20,40.12376403808594
2025-06-23,40.39585876464844
2025-06-24,40.85258102416992
2025-06-25,40.706817626953125
2025-06-26,40.94975662231445
2025-06-27,41.4064826965332
2025-06-30,41.59111785888672
2025-07-01,41.65913772583008
2025-07-02,42.0478401184082
2025-07-03,41.86320877075195
2025-07-07,41.47450256347656
2025-07-08,42.0478401184082
2025-07-09,42.601741790771484
2025-07-10,42.5142822265625
2025-07-11,42.05755615234375
2025-07-14,41.902076721191406
2025-07-15,41.35789489746094
2025-07-16,41.53281021118164
2025-07-17,41.766029357910156
2025-07-18,41.707725524902344
2025-07-21,41.81461715698242
2025-07-22,41.94094467163086
2025-07-23,43.14592361450195
2025-07-24,42.174171447753906
2025-07-25,42.48513412475586
2025-07-28,41.59111785888672
2025-07-29,41.6980094909668
2025-07-30,41.27043533325195
2025-07-31,40.75540542602539
2025-08-01,40.25981140136719
2025-08-04,40.67766571044922
2025-08-05,40.64851379394531
2025-08-06,40.83314514160156
2025-08-07,41.28987503051758
2025-08-08,41.47450256347656
2025-08-11,41.15382385253906
2025-08-12,41.67857360839844
2025-08-13,42.08671188354492
2025-08-14,42.27134704589844
2025-08-15,42.65032958984375
2025-08-18,42.31993103027344
2025-08-19,42.582305908203125
2025-08-20,42.72806930541992
2025-08-21,42.31993103027344
2025-08-22,42.93213653564453
2025-08-25,41.74659729003906
2025-08-26,41.3773307800293
2025-08-27,41.35789489746094
2025-08-28,41.688289642333984
2025-08-29,41.387046813964844
2025-09-02,41.09552001953125
2025-09-03,41.338462829589844
2025-09-04,41.35789489746094
2025-09-05,41.35789489746094
2025-09-08,41.77574920654297
2025-09-09,41.843772888183594
2025-09-10,41.688289642333984
2025-09-11,42.30049514770508
2025-09-12,42.261627197265625
2025-09-15,42.65032958984375
2025-09-16,42.582305908203125
2025-09-17,42.30049514770508
2025-09-18,42.601741790771484
2025-09-19,42.446258544921875
2025-09-22,42.543434143066406
2025-09-23,42.65032958984375
2025-09-24,42.18388748168945
2025-09-25,41.83405303955078
2025-09-26,42.358802795410156
2025-09-29,42.543434143066406
2025-09-30,42.68920135498047
2025-10-01,43.23338317871094
2025-10-02,43.505470275878906
2025-10-03,43.641517639160156
2025-10-06,42.94185256958008
2025-10-07,42.55315399169922
2025-10-08,43.04874801635742
2025-10-09,42.65032958984375
2025-10-10,42.06727600097656
2025-10-13,42.125579833984375
2025-10-14,42.883548736572266
2025-10-15,43.16535949707031
2025-10-16,43.87474060058594
2025-10-17,43.95248031616211
2025-10-20,43.9233283996582
2025-10-21,43.70954132080078
2025-10-22,43.641517639160156
2025-10-23,43.99135208129883
2025-10-24,43.835872650146484
2025-10-27,44.049659729003906
2025-10-28,43.865020751953125
2025-10-29,43.59292984008789
2025-10-30,43.184791564941406
2025-10-31,43.02931213378906
2025-11-03,42.82524490356445
2025-11-04,42.397674560546875
2025-11-05,42.6406135559082
2025-11-06,42.193599700927734
2025-11-07,42.543434143066406
2025-11-10,42.94185256958008
2025-11-11,43.447166442871094
2025-11-12,43.865020751953125
2025-11-13,43.767845153808594
2025-11-14,43.5734977722168
2025-11-17,42.951576232910156
2025-11-18,42.397674560546875
2025-11-19,42.213035583496094
2025-11-20,41.77574920654297
2025-11-21,42.45597457885742
2025-11-24,42.106143951416016
2025-11-25,42.815528869628906
2025-11-26,43.17507553100586
2025-11-28,43.31112289428711
2025-12-01,43.155643463134766
2025-12-02,43.184791564941406
2025-12-03,43.52490997314453
2025-12-04,43.48603820800781
2025-12-05,43.359710693359375
2025-12-08,43.38886260986328
2025-12-09,42.96128845214844
2025-12-10,43.32084274291992
2025-12-11,43.72897720336914
2025-12-12,43.61236572265625
2025-12-15,43.903892517089844
2025-12-16,43.89216995239258
2025-12-17,43.57963180541992
2025-12-18,43.755435943603516
2025-12-19,43.86287307739258
2025-12-22,43.911705017089844
2025-12-23,43.85310745239258
2025-12-24,43.93124008178711
2025-12-26,44.1265754699707
2025-12-29,43.941009521484375
2025-12-30,44.08750915527344
2025-12-31,43.941009521484375
2026-01-02,44.25354766845703
2026-01-05,44.36097717285156
2026-01-06,44.536781311035156
2026-01-07,44.34144973754883
2026-01-08,44.400047302246094
2026-01-09,44.81025695800781
2026-01-12,45.025123596191406
2026-01-13,44.888389587402344
2026-01-14,44.80048751831055
2026-01-15,44.34144973754883
2026-01-16,44.234012603759766
2026-01-20,43.51126480102539
2026-01-21,43.99960708618164
2026-01-22,44.1070442199707
2026-01-23,44.44887924194336
2026-01-26,44.58562088012695
2026-01-27,45.0739631652832
2026-01-28,44.468414306640625
2026-01-29,44.75165557861328
2026-01-30,44.29261016845703
2026-02-02,44.61491775512695
2026-02-03,44.62468338012695
2026-02-04,44.956756591796875
2026-02-05,44.663753509521484
2026-02-06,45.31813049316406
2026-02-09,45.89437484741211
2026-02-10,45.73810577392578
2026-02-11,45.982276916503906
2026-02-12,45.59160232543945
2026-02-13,45.61113739013672
2026-02-17,45.95297622680664
2026-02-18,45.933441162109375
2026-02-19,45.81623840332031
2026-02-20,46.56828689575195
2026-02-23,46.38271713256836
2026-02-24,46.50968551635742
2026-02-25,46.900360107421875
2026-02-26,47.22266387939453
2026-02-27,46.75385665893555
2026-03-02,45.48416519165039
2026-03-03,44.019142150878906
2026-03-04,44.175411224365234
2026-03-05,43.24755859375
2026-03-06,43.11082458496094
2026-03-09,43.16942596435547
2026-03-10,43.05222702026367
2026-03-11,43.16942596435547
2026-03-12,42.56388473510742
2026-03-13,41.802066802978516
2026-03-16,42.46621322631836
2026-03-17,42.63225173950195
2026-03-18,42.10484313964844
2026-03-19,42.19274139404297
2026-03-20,40.70818328857422
2026-03-23,41.84113693237305
2026-03-24,41.450462341308594
2026-03-25,41.96810531616211
2026-03-26,41.264892578125
2026-03-27,40.89375305175781
2026-03-30,40.99142074584961
2026-03-31,42.36854553222656
2026-04-01,42.82758712768555
2026-04-02,42.72991943359375
2026-04-06,43.1303596496582
2026-04-07,42.99362564086914
2026-04-08,44.80048751831055
2026-04-09,44.80048751831055
2026-04-10,44.78095245361328
2026-04-13,44.995826721191406
2026-04-14,45.41579818725586
2026-04-15,45.05442810058594
2026-04-16,44.986061096191406
2026-04-17,45.669734954833984
2026-04-20,45.38650131225586
2026-04-21,44.3023796081543
2026-04-22,44.29261016845703
2026-04-23,44.14611053466797
2026-04-24,44.32191467285156
2026-04-27,44.14611053466797
2026-04-28,43.84333801269531
2026-04-29,43.472198486328125
2026-04-30,44.2730827331543
2026-05-01,44.3121452331543
2026-05-04,43.23779296875
2026-05-05,44.06797409057617
2026-05-06,45.630672454833984
2026-05-07,44.47818374633789
2026-05-08,44.693050384521484
2026-05-11,44.429351806640625
2026-05-12,44.05820846557617
2026-05-13,44.08750915527344
2026-05-14,43.980072021484375
2026-05-15,43.1303596496582
2026-05-18,43.78474044799805
2026-05-19,43.38429641723633
2026-05-20,44.429351806640625
2026-05-21,44.43911361694336
2026-05-22,44.1168098449707
2026-05-26,44.84931945800781
2026-05-27,44.92745590209961
2026-05-28,44.92745590209961
2026-05-29,44.89815902709961
2026-06-01,44.75165557861328
2026-06-02,45.005592346191406
2026-06-03,44.468414306640625
2026-06-04,45.210697174072266
2026-06-05,44.3023796081543
2026-06-08,44.48794937133789
2026-06-09,44.81025695800781
2026-06-10,44.204708099365234
2026-06-11,45.45486831665039
2026-06-12,45.53300094604492
2026-06-15,45.75
2026-06-16,46.13999938964844
2026-06-17,45.349998474121094
2026-06-18,45.810001373291016
2026-06-22,45.209999084472656
2026-06-23,44.75
2026-06-24,44.84000015258789
2026-06-25,45.13999938964844
2026-06-26,44.81999969482422
2026-06-29,45.16999816894531
2026-06-30,45.43000030517578
2026-07-01,44.959999084472656
2026-07-02,45.91999816894531
2026-07-06,46.06999969482422
2026-07-07,45.5
2026-07-08,44.93000030517578
2026-07-09,45.040000915527344
2026-07-10,45.040000915527344
2026-07-13,44.83000183105469
2026-07-14,45.040000915527344
2026-07-15,45.470001220703125
2026-07-16,45.18000030517578
2026-07-17,45.13999938964844
2026-07-20,44.7400016784668
2026-07-21,45.189998626708984
2026-07-22,45.52000045776367
2026-07-23,44.689998626708984
2026-07-24,44.95000076293945
2026-07-27,45.29999923706055
2026-07-28,45.68000030517578
2026-07-29,45.5099983215332
2026-07-30,46.470001220703125
2026-07-31,46.54999923706055
2026-08-03,47.0099983215332
2026-08-04,47.529998779296875
2026-08-05,47.540000915527344
2026-08-06,47.599998474121094
2026-08-07,47.900001525878906
2026-08-10,47.75
2026-08-11,47.689998626708984
2026-08-12,47.5099983215332
2026-08-13,47.369998931884766
2026-08-14,47.470001220703125
2026-08-17,47.13999938964844
2026-08-18,46.75
2026-08-19,47.15999984741211
2026-08-20,46.88999938964844
2026-08-21,47.0
2026-08-24,46.939998626708984
2026-08-25,46.90999984741211
2026-08-26,46.849998474121094
2026-08-27,46.130001068115234
2026-08-28,46.20000076293945
2026-08-31,45.86000061035156
2026-09-01,45.439998626708984
2026-09-02,45.59000015258789
2026-09-03,45.7400016784668
2026-09-04,45.689998626708984
2026-09-08,45.619998931884766
2026-09-09,44.88999938964844
2026-09-10,44.619998931884766
2026-09-11,44.93000030517578
2026-09-14,44.5099983215332
2026-09-15,44.290000915527344
2026-09-16,44.150001525878906
2026-09-17,44.40999984741211
2026-09-18,43.709999084472656
2026-09-21,44.220001220703125
2026-09-22,44.25
2026-09-23,43.630001068115234
2026-09-24,43.720001220703125
2026-09-25,43.849998474121094
2026-09-28,43.779998779296875
2026-09-29,43.27000045776367
