Date,etf,spy,ratio,zscore
2000-12-29,13.79324722290039,82.86224365234375,0.16645997760779013,1.1058029641985025
2001-01-02,13.939982414245605,81.36215209960938,0.17133251830874976,1.9218663337598385
2001-01-03,14.233455657958984,85.27039337158203,0.16692142600930643,1.230037416175879
2001-01-04,13.842161178588867,84.35252380371094,0.16409895702468486,0.7878840923086574
2001-01-05,13.842161178588867,81.59901428222656,0.1696363773551599,1.775052056173038
2001-01-08,13.891074180603027,82.23065185546875,0.1689281778407695,1.6537944576824997
2001-01-09,13.646510124206543,82.01351928710938,0.1663934219970909,1.2226456214040788
2001-01-10,13.695425033569336,83.45442199707031,0.16410664295356472,0.8325558230112258
2001-01-11,13.842161178588867,83.53339385986328,0.16570811431187218,1.1304210769275806
2001-01-12,13.744335174560547,83.37545776367188,0.16484869220771092,0.9898283285894836
2001-01-16,13.597597122192383,83.90839385986328,0.1620528828725043,0.500355304713052
2001-01-17,13.79324722290039,84.29331970214844,0.16363393056103392,0.7920471305894893
2001-01-18,13.842161178588867,85.13223266601562,0.1625960079408864,0.6086019207350502
2001-01-19,13.695425033569336,84.64859771728516,0.1617915169641699,0.4668089468378458
2001-01-22,13.695425033569336,85.21121978759766,0.1607232600085685,0.2783056424815426
2001-01-23,13.79324722290039,85.8823013305664,0.16060639979603375,0.26553406266676793
2001-01-24,13.79324722290039,86.13887023925781,0.1601280256472892,0.18342373958777788
2001-01-25,13.597597122192383,85.92176818847656,0.15825555512736794,-0.15673953227404586
2001-01-26,13.695425033569336,85.82305145263672,0.1595774655149316,0.09953018865473709
2001-01-29,13.742378234863281,86.28096771240234,0.15927473461668074,0.05130345528569229
2001-01-30,13.867597579956055,87.03898620605469,0.15932627647024897,0.0667543855407465
2001-01-31,13.953678131103516,86.54625701904297,0.16122797925314386,0.43350867053681613
2001-02-01,13.83629035949707,87.12105560302734,0.15881683553678472,-0.02266024473568292
2001-02-02,13.789332389831543,85.14404296875,0.16195299059139784,0.5802995473034271
2001-02-05,13.851941108703613,85.76934814453125,0.1615022313724653,0.4910029756786697
2001-02-06,13.773683547973633,85.51667785644531,0.16106429638315894,0.40374371436430506
2001-02-07,13.695425033569336,85.0745620727539,0.16098143440171114,0.3887688787117071
2001-02-08,13.499770164489746,84.08292388916016,0.16055305334392772,0.31232750162902617
2001-02-09,13.491950988769531,83.27438354492188,0.16201802300333304,0.5965530376339763
2001-02-12,13.664121627807617,84.22818756103516,0.1622274208133238,0.6368731646335354
2001-02-13,13.624992370605469,83.5396728515625,0.16309607047199048,0.8000048448958358
2001-02-14,13.601510047912598,83.41333770751953,0.1630615729058214,0.7881148838741858
2001-02-15,13.554557800292969,84.22188568115234,0.16093866446552724,0.38111175457247604
2001-02-16,13.280645370483398,82.36489868164062,0.16124156750093463,0.4425113845028964
2001-02-20,13.02238941192627,81.09532928466797,0.16058125081672622,0.31932581022503065
2001-02-21,12.967610359191895,79.345703125,0.16343179086538462,0.8769932757817965
2001-02-22,13.131953239440918,79.46564483642578,0.16525321434781134,1.236665159335473
2001-02-23,13.045868873596191,78.92881774902344,0.16528651062631183,1.2466643894864864
2001-02-26,12.93630599975586,80.60892486572266,0.16048230417791823,0.3161682229686821
2001-02-27,12.94412899017334,79.86359405517578,0.1620779673555708,0.6324584746856593
2001-02-28,13.06152057647705,78.29084777832031,0.1668333010451056,1.5660666046050353
2001-03-01,13.01456356048584,78.7014389038086,0.16536627210072555,1.2848535139363095
2001-03-02,13.139781951904297,78.07608795166016,0.16829457387823568,1.862155237582766
2001-03-05,13.249343872070312,78.78981018066406,0.16816062688423453,1.8344573579658643
2001-03-06,13.413687705993652,79.63619995117188,0.16843706397615807,1.8850636165267596
2001-03-07,13.272818565368652,80.20469665527344,0.16548679963738716,1.3087805587928507
2001-03-08,13.288474082946777,80.29309844970703,0.16549958015719424,1.3206007929336248
2001-03-09,13.1006498336792,77.9181900024414,0.16813339520936918,1.8503369788277237
2001-03-12,12.905000686645508,74.58318328857422,0.1730282902610097,2.8045423652092683
2001-03-13,12.584138870239258,75.80850982666016,0.16599902700915112,1.416484292007629
2001-03-14,12.396315574645996,74.31158447265625,0.16681538501183962,1.606417826505477
2001-03-15,12.529354095458984,74.33051300048828,0.16856272867882235,1.9579393602899189
2001-03-16,12.16153621673584,72.83968353271484,0.16696305676937312,1.6432014119390541
2001-03-19,12.138057708740234,74.32164764404297,0.16331793082513993,0.9095164209162065
2001-03-20,12.24761962890625,72.3266372680664,0.16933760633046613,2.107071390165672
2001-03-21,12.051971435546875,71.09798431396484,0.1695121395049123,2.1200710114704644
2001-03-22,11.684155464172363,70.3759536743164,0.1660248260115085,1.4192177898868226
2001-03-23,11.856319427490234,72.50397491455078,0.1635264748100148,0.9199445777497391
2001-03-26,12.231968879699707,73.4286117553711,0.1665831422831574,1.5154964941072164
2001-03-27,12.795437812805176,74.92965698242188,0.17076600011403925,2.309756843516095
2001-03-28,12.341534614562988,72.85867309570312,0.16939005461095663,2.0227750202878845
2001-03-29,12.153708457946777,73.13726806640625,0.16617668090790058,1.3915385270282026
2001-03-30,12.271100044250488,73.90361785888672,0.16604193948503593,1.3554083375124923
2001-04-02,12.200661659240723,72.3266372680664,0.16868835770728619,1.8469587401878282
2001-04-03,11.660670280456543,69.91368103027344,0.16678667334662778,1.4722192209529248
2001-04-04,12.130232810974121,70.20498657226562,0.17278306575114638,2.56993288773759
2001-04-05,12.599787712097168,72.86497497558594,0.17291967390805857,2.55313178110967
2001-04-06,12.372838020324707,71.75664520263672,0.17242776589379993,2.4238594209054067
2001-04-09,12.568486213684082,72.55463409423828,0.17322789054878815,2.530304515606617
2001-04-10,12.701523780822754,73.87832641601562,0.17192489864076388,2.264313874630025
2001-04-11,12.717182159423828,73.928955078125,0.17201896261058805,2.24882402471936
2001-04-12,12.756303787231445,75.27167510986328,0.1694701727922608,1.7805084720909976
2001-04-16,12.646744728088379,74.47996520996094,0.16980062614740596,1.827230417395252
2001-04-17,12.662392616271973,75.53129577636719,0.16764431863796886,1.4429656674021514
2001-04-18,12.99108600616455,78.5333251953125,0.16542131603183363,1.0472682422734851
2001-04-19,12.881519317626953,79.57832336425781,0.16187221309833,0.42493540625481
2001-04-20,12.95195484161377,78.84994506835938,0.16426079726986498,0.8392346865518301
2001-04-23,12.967610359191895,77.418701171875,0.16749971470591946,1.3953053552535388
2001-04-24,12.905000686645508,77.00064086914062,0.1675960166172775,1.402462350464487
2001-04-25,12.811088562011719,78.00765228271484,0.1642286133106769,0.8160095838514833
2001-04-26,12.912829399108887,78.35596466064453,0.1647970190276344,0.9089189176673457
2001-04-27,13.108477592468262,79.66065216064453,0.16455398288773188,0.8617333631158356
2001-04-30,13.030218124389648,80.21797180175781,0.16243514803130585,0.495266871453273
2001-05-01,13.084996223449707,80.46495056152344,0.16261733999879774,0.5230331668072129
2001-05-02,13.084996223449707,80.31929779052734,0.16291223383918726,0.5720266520420038
2001-05-03,12.646744728088379,79.29962921142578,0.1594805026688093,-0.018618751488144403
2001-05-04,12.94412899017334,80.64862823486328,0.16050029955224673,0.15529271022556726
2001-05-07,12.905000686645508,79.95197296142578,0.16140940878184143,0.30898565189545596
2001-05-08,12.85021686553955,79.91395568847656,0.160800660595913,0.20163335725956089
2001-05-09,12.905000686645508,79.57832336425781,0.16216728552541634,0.433506162942091
2001-05-10,13.00674057006836,79.81265258789062,0.16296589761560906,0.5673927370961344
2001-05-11,12.94412899017334,79.26164245605469,0.16330886654727095,0.6218491134694145
2001-05-14,12.623270034790039,79.41996765136719,0.15894327847378234,-0.1297905584013145
2001-05-15,12.732831954956055,79.78730010986328,0.15958469502569403,-0.022660036751047163
2001-05-16,12.959783554077148,81.6683120727539,0.15868802997338766,-0.18075806438058825
2001-05-17,13.06152057647705,81.79498291015625,0.159686084791091,-0.013808405640282993
2001-05-18,13.06152057647705,82.16864776611328,0.15895990662589046,-0.14554073073845541
2001-05-21,13.264995574951172,83.37833404541016,0.1590940347611969,-0.12835619988050775
2001-05-22,13.06934928894043,83.27063751220703,0.15695027298217254,-0.5085956667637035
2001-05-23,12.98326301574707,81.85826873779297,0.15860661623976974,-0.22127384755119478
2001-05-24,12.905000686645508,82.09894561767578,0.157188385180273,-0.4728780248755631
2001-05-25,12.834565162658691,81.12999725341797,0.15819752985530858,-0.29515778173561225
2001-05-29,12.756303787231445,80.48400115966797,0.15849490089247534,-0.24149564653042946
2001-05-30,12.717182159423828,79.35663604736328,0.16025354391072846,0.06664259003040948
2001-05-31,12.732831954956055,79.76832580566406,0.15962265506206652,-0.045804800425814376
2001-06-01,12.599787712097168,80.2623291015625,0.15698258265286102,-0.5119693883011044
2001-06-04,12.818915367126465,80.64862823486328,0.15894771737214777,-0.16598734258117823
2001-06-05,12.920653343200684,81.57331085205078,0.15839314609449684,-0.2618082295738511
2001-06-06,12.615442276000977,80.89563751220703,0.15594712723658707,-0.6889779399973481
2001-06-07,12.818915367126465,81.18698120117188,0.15789373095869505,-0.346661815980426
2001-06-08,12.631092071533203,80.43328857421875,0.1570381156289293,-0.49622614108968094
2001-06-11,12.545008659362793,79.86329650878906,0.15708102730247553,-0.49008530026456576
2001-06-12,12.271100044250488,79.72396087646484,0.15391984930684768,-1.0422768863431482
2001-06-13,12.419794082641602,79.03997802734375,0.15713306598269794,-0.47820327663602497
2001-06-14,12.419794082641602,77.26661682128906,0.1607394576543645,0.1536099141256987
2001-06-15,12.443267822265625,77.39111328125,0.16078419465352656,0.15917032116502847
2001-06-18,12.3180570602417,77.0163803100586,0.1599407426141127,0.009280025195113062
2001-06-19,12.380661964416504,77.35299682617188,0.16005406994428933,0.026210607637506735
2001-06-20,12.255446434020996,77.7595443725586,0.1576069733035364,-0.4045953330375158
2001-06-21,12.419794082641602,78.64228820800781,0.15792767944126207,-0.34942568999596035
2001-06-22,12.286749839782715,78.02625274658203,0.1574694337774787,-0.4296413569380466
2001-06-25,12.427618026733398,77.30854034423828,0.16075349465137864,0.14635646932552004
2001-06-26,12.169364929199219,77.20059204101562,0.15763305186485876,-0.40635949367376273
2001-06-27,12.341534614562988,77.1561050415039,0.15995538665312634,0.0005507751253494219
2001-06-28,12.263275146484375,77.5816650390625,0.15806924407087417,-0.3346416037740151
2001-06-29,12.32588005065918,77.86744689941406,0.15829310631670304,-0.29852201576915033
2001-07-02,12.40414047241211,78.83924865722656,0.1573345850407863,-0.4690378689612492
2001-07-03,12.239794731140137,78.8201904296875,0.15528755594746746,-0.8290508033299167
2001-07-05,12.075451850891113,77.28313446044922,0.15624950948477515,-0.6582214063641927
2001-07-06,11.879798889160156,75.61273956298828,0.1571137212832215,-0.50287016554728
2001-07-09,11.887625694274902,76.02556610107422,0.15636352748061857,-0.6335838499011209
2001-07-10,11.825018882751465,75.11100006103516,0.1574339161127193,-0.44397995710773597
2001-07-11,11.832847595214844,75.18720245361328,0.15737847943624603,-0.4528368310888575
2001-07-12,12.09109878540039,76.97193908691406,0.15708450285691178,-0.5048547472494672
2001-07-13,12.028494834899902,77.63883972167969,0.15492883301733698,-0.8853270957923035
2001-07-16,11.973714828491211,76.66704559326172,0.15617811715368335,-0.6697507567903581
2001-07-17,11.715457916259766,77.38475036621094,0.15139233325452672,-1.5116157290558114
2001-07-18,11.856319427490234,76.85762786865234,0.1542634056798158,-1.0070041715075153
2001-07-19,11.958059310913086,77.5308609008789,0.1542361218741159,-1.0106363897117925
2001-07-20,11.91110610961914,77.06718444824219,0.15455483672974404,-0.9537159178614778
2001-07-23,11.785888671875,75.54920959472656,0.15600280578842313,-0.6986477780997328
2001-07-24,11.574590682983398,74.81880950927734,0.15470161526090814,-0.9274308847763904
2001-07-25,11.668498992919922,75.6445083618164,0.1542544098126482,-1.004336995903856
2001-07-26,11.715457916259766,76.43843078613281,0.15326659372480397,-1.1716925297129561
2001-07-27,11.91110610961914,76.73054504394531,0.1552329141256247,-0.8214959396128996
2001-07-30,12.028494834899902,76.7560043334961,0.1567107998826706,-0.5583698156117922
2001-07-31,12.169364929199219,77.0735855102539,0.15789280917234869,-0.3495927988971254
2001-08-01,12.357182502746582,77.55626678466797,0.15933183758129862,-0.097432475125432
2001-08-02,12.435442924499512,77.87381744384766,0.1596870852448747,-0.03662328017847905
2001-08-03,12.185015678405762,77.44828033447266,0.15733100368120304,-0.45354557843550325
2001-08-06,12.138057708740234,76.40666198730469,0.15886124839162621,-0.1854229422088802
2001-08-07,12.114579200744629,76.70519256591797,0.157936885307129,-0.34987795720276466
2001-08-08,11.879798889160156,75.2824935913086,0.15780294092877506,-0.3764107996229177
2001-08-09,11.887625694274902,75.5047607421875,0.15744206825401957,-0.44161157224806696
2001-08-10,12.09109878540039,75.76518249511719,0.1595864800586948,-0.066230983718148
2001-08-13,12.012843132019043,75.78421020507812,0.15851379989989114,-0.2578967581961206
2001-08-14,12.130232810974121,75.75249481201172,0.16012981276823487,0.025144684144790708
2001-08-15,12.153708457946777,75.0982666015625,0.1618374032842711,0.32427897161849695
2001-08-16,12.098929405212402,75.35868072509766,0.16055123694837908,0.09345466215449025
2001-08-17,11.86414909362793,74.15190887451172,0.15999789181025387,-0.006711384918883816
2001-08-20,11.973714828491211,74.837890625,0.159995354338479,-0.009340330051103914
2001-08-21,12.114579200744629,73.56126403808594,0.1646869362450375,0.8187735502545886
2001-08-22,12.130232810974121,74.32342529296875,0.1632087429119293,0.5506641078867559
2001-08-23,12.106759071350098,74.0566635131836,0.1634796721458407,0.5930242645823236
2001-08-24,12.215781211853027,75.59367370605469,0.1615979302627093,0.25288696203997646
2001-08-27,12.287405967712402,75.14276885986328,0.16352080385309825,0.5906751748032075
2001-08-28,12.1680326461792,74.04397583007812,0.16433521444206814,0.7301831874114106
2001-08-29,12.104363441467285,73.3834228515625,0.1649468363713639,0.8333930904888358
2001-08-30,12.08049201965332,71.97344970703125,0.16784650546593363,1.3465390976665985
2001-08-31,12.08049201965332,72.5005874633789,0.16662612597112197,1.118900800612388
2001-09-04,12.040701866149902,72.03693389892578,0.16714622922519268,1.2032705774028143
2001-09-05,12.05661392211914,72.21477508544922,0.16695494665534819,1.1598997495755703
2001-09-06,11.658711433410645,70.35384368896484,0.16571534435210025,0.9278551446059381
2001-09-07,11.459756851196289,69.05182647705078,0.16595877959875419,0.9650805416272688
2001-09-10,11.459756851196289,69.89653015136719,0.16395315799481264,0.5937093337149515
2001-09-17,11.01409912109375,66.24449920654297,0.16626435784129057,1.0140818618572098
2001-09-18,10.90268611907959,66.08573913574219,0.16497789480246455,0.7711493652707001
2001-09-19,10.831061363220215,64.75196075439453,0.16727001371128583,1.1995144237606687
2001-09-20,10.266030311584473,62.694129943847656,0.16374787114486317,0.5266676102959764
2001-09-21,10.106864929199219,62.01772689819336,0.16296735521749092,0.36930769885967063
2001-09-24,10.377446174621582,64.19800567626953,0.16164748523422673,0.10133284937713312
2001-09-25,10.226238250732422,64.86743927001953,0.15764824950410505,-0.7140470036803807
2001-09-26,10.711690902709961,64.63789367675781,0.1657184399645996,0.9168894055166464
2001-09-27,10.823104858398438,65.19893646240234,0.16600124857312198,0.9732721401247101
2001-09-28,11.14142894744873,66.58235168457031,0.16733306447676324,1.2458190127397706
2001-10-01,10.998183250427246,66.47393798828125,0.16545105620741357,0.8467135603530955
2001-10-02,10.99022388458252,67.30908203125,0.16327995499151246,0.3792923336978189
2001-10-03,11.419963836669922,68.43753814697266,0.16686695848329672,1.1382644098006203
2001-10-04,11.49158763885498,68.49488067626953,0.16777294193953257,1.324846352871239
2001-10-05,11.47567081451416,68.36100769042969,0.16786866083778804,1.3355260935099584
2001-10-08,11.579126358032227,67.91476440429688,0.1704949793994961,1.885773778429271
2001-10-09,11.419963836669922,67.5513687133789,0.1690559947811707,1.562564593096935
2001-10-10,11.658711433410645,69.05593872070312,0.16882996088959598,1.5023702892090545
2001-10-11,11.55524730682373,70.12694549560547,0.16477613883165415,0.623601961011842
2001-10-12,11.404046058654785,69.80816650390625,0.16336263548787877,0.3114555636540073
2001-10-15,11.38017463684082,69.6806869506836,0.16331892142359508,0.29589203609486475
2001-10-16,11.451796531677246,70.12055206298828,0.16331583529733568,0.29018507611691885
2001-10-17,11.499545097351074,68.62874603271484,0.1675616379741125,1.2111775782229388
2001-10-18,11.46771240234375,68.48213958740234,0.16745552156278273,1.1787528062212074
2001-10-19,11.14142894744873,68.43753814697266,0.16279704456232802,0.15567240290715195
2001-10-22,11.292634010314941,69.78907012939453,0.16181092525487864,-0.06562399294278363
2001-10-23,11.38017463684082,69.43205261230469,0.1639037621483775,0.3901892551868638
2001-10-24,11.49158763885498,69.24715423583984,0.16595032338393695,0.8338884866437909
2001-10-25,11.412008285522461,70.49028778076172,0.16189476089267774,-0.06309187624910338
2001-10-26,11.57116985321045,70.33094787597656,0.16452458274293918,0.5111244992710239
2001-10-29,11.33242416381836,68.50126647949219,0.1654337904425613,0.7068011681662614
2001-10-30,11.173262596130371,67.6788558959961,0.1650923681880885,0.6252404837824046
2001-10-31,11.356300354003906,67.44937896728516,0.16836775264472087,1.344018869753179
2001-11-01,11.618916511535645,69.1770248413086,0.1679591820866729,1.2428518398928405
2001-11-02,11.603001594543457,69.64881134033203,0.1665929593234052,0.9323718981473139
2001-11-05,11.786042213439941,70.56045532226562,0.16703466778396497,1.0222807285385895
2001-11-06,11.913372993469238,71.65693664550781,0.16625568369473537,0.8429539558787164
2001-11-07,11.857659339904785,71.56135559082031,0.16569919954710657,0.7131780952145027
2001-11-08,11.801959037780762,71.78448486328125,0.16440821523283822,0.41983102988048854
2001-11-09,11.897453308105469,71.86099243164062,0.1655620511979874,0.6717004315831918
2001-11-12,11.722373008728027,71.42110443115234,0.164130379977924,0.34430381974004587
2001-11-13,11.865618705749512,73.02766418457031,0.16248114790800805,-0.03449429141557243
2001-11-14,11.754206657409668,73.0977783203125,0.16080114782562954,-0.42232893984734593
2001-11-15,11.658711433410645,73.23165893554688,0.15920315889159067,-0.7886677240577307
2001-11-16,11.682579040527344,72.906494140625,0.1602405818334031,-0.5541657956510074
2001-11-19,11.79399585723877,73.80541229248047,0.15979852277636256,-0.6553083408656848
2001-11-20,11.69054126739502,73.18701171875,0.15973519061442953,-0.6693388322393997
2001-11-21,11.786042213439941,72.70252227783203,0.16211325060222379,-0.13066602119860135
2001-11-23,11.55524730682373,73.74806213378906,0.15668543650490685,-1.3658884041462807
2001-11-26,11.778083801269531,73.90739440917969,0.15936272541366486,-0.7533945047687035
2001-11-27,11.618916511535645,73.588623046875,0.15789011983733606,-1.0848101903939689
2001-11-28,11.427921295166016,72.2562255859375,0.1581582929705384,-1.0207720835117846
2001-11-29,11.55524730682373,73.23165893554688,0.15779032558847,-1.1010296447132306
2001-11-30,11.483631134033203,72.70887756347656,0.1579398763790257,-1.07000844724408
2001-12-03,11.531379699707031,72.27534484863281,0.15954790286863865,-0.7018580623574726
2001-12-04,11.587082862854004,73.49942779541016,0.15764861319883072,-1.1258599696473452
2001-12-05,11.738289833068848,74.84455871582031,0.1568355807619674,-1.3060145549925701
2001-12-06,11.961118698120117,74.80633544921875,0.15989446116151163,-0.6114665689657027
2001-12-07,11.762162208557129,74.30902099609375,0.15828713729353852,-0.9712126643455645
2001-12-10,11.459756851196289,72.91922760009766,0.1571568601088822,-1.2194243939714244
2001-12-11,11.483631134033203,72.77259826660156,0.15780158201804276,-1.0743029935637756
2001-12-12,11.61095905303955,72.85554504394531,0.1593695997475004,-0.7186497002052257
2001-12-13,11.404046058654785,71.4402084350586,0.15963063810237094,-0.6562373942366692
2001-12-14,11.459756851196289,72.12236785888672,0.1588932420191505,-0.8174633731434917
2001-12-17,11.642792701721191,72.86822509765625,0.15977873326978664,-0.6154310734585174
2001-12-18,11.770125389099121,73.30181121826172,0.16057073070203787,-0.43641459360062557
2001-12-19,11.642792701721191,73.81814575195312,0.15772263829064195,-1.0690252935843585
2001-12-20,11.459756851196289,73.09139251708984,0.15678668112003516,-1.267748687859668
2001-12-21,11.515462875366211,73.53471374511719,0.15659900323105364,-1.2986236869087922
2001-12-24,11.596271514892578,73.39396667480469,0.15800033763365792,-0.9801771908454122
2001-12-26,11.733650207519531,73.79695892333984,0.15899910211352242,-0.7523440722077739
2001-12-27,11.725566864013672,74.2447738647461,0.15793120853697373,-0.9833285983509683
2001-12-28,11.838700294494629,74.20638275146484,0.15953749334670178,-0.6182592406281655
2001-12-31,11.871026039123535,73.118896484375,0.16235236867476918,0.015763034934596153
2002-01-02,11.846786499023438,73.90577697753906,0.16029581155237474,-0.44132777970001474
2002-01-03,11.959918975830078,74.7437744140625,0.16001224275315573,-0.5001299439442926
2002-01-04,11.984163284301758,75.24276733398438,0.15927329242300414,-0.6607185757587136
2002-01-07,11.814457893371582,74.71177673339844,0.15813380982131242,-0.9100652022292954
2002-01-08,11.741731643676758,74.53904724121094,0.1575245737402587,-1.0416101613131132
2002-01-09,11.652841567993164,73.93131256103516,0.1576171335842709,-1.0125817256998695
2002-01-10,11.604351043701172,74.25756072998047,0.15627164331316468,-1.3067225115821615
2002-01-11,11.660919189453125,73.52832794189453,0.15859083860397477,-0.7761079043418679
2002-01-14,11.491215705871582,73.06771087646484,0.15726804039748438,-1.0689416189726726
2002-01-15,11.604351043701172,73.66265869140625,0.15753369821085453,-1.0004618953648534
2002-01-16,11.442730903625488,72.17211151123047,0.15854781942807536,-0.7639280946648236
2002-01-17,11.466975212097168,72.71588897705078,0.15769559271586653,-0.9503848163725311
2002-01-18,11.491215705871582,72.38320922851562,0.15875526697902442,-0.7036986992460412
2002-01-22,11.394246101379395,71.88423156738281,0.15850828273372666,-0.7558344212074625
2002-01-23,11.507380485534668,72.43439483642578,0.15886624733348143,-0.669799778394373
2002-01-24,11.547784805297852,72.65830993652344,0.15893274720243777,-0.6508811665076479
2002-01-25,11.426572799682617,72.63912200927734,0.15730604230352943,-1.0139653328763312
2002-01-28,11.466975212097168,72.83739471435547,0.15743252840202357,-0.9805798837238378
2002-01-29,11.313436508178711,70.54728698730469,0.16036671275841716,-0.31694269693671057
2002-01-30,11.394246101379395,71.56440734863281,0.15921666263330095,-0.5759047393782977
2002-01-31,11.450814247131348,72.4024429321289,0.15815508128455702,-0.8156644910586119
2002-02-01,11.442730903625488,72.0633773803711,0.15878704717414902,-0.6718678932579992
2002-02-04,11.386167526245117,70.272216796875,0.1620294341810412,0.05809648015511494
2002-02-05,11.273030281066895,69.83720397949219,0.16141869431624495,-0.08187064221644111
2002-02-06,11.256871223449707,69.5365219116211,0.16188430070973156,0.02284189620089175
2002-02-07,11.426572799682617,69.10150909423828,0.16535923671506866,0.8025683192406048
2002-02-08,11.321516036987305,70.42570495605469,0.1607582919340584,-0.2365038249181339
2002-02-11,11.499300003051758,71.2893295288086,0.16130464515597384,-0.11282017374678896
2002-02-12,11.475053787231445,71.0654296875,0.16147167248113947,-0.07543259479381872
2002-02-13,11.499300003051758,71.8202896118164,0.16011213635039154,-0.3819033014736586
2002-02-14,11.466975212097168,71.68595123291016,0.15996126179368905,-0.41539430990023846
2002-02-15,11.475053787231445,70.9375,0.1617628727715446,-0.008061307222648159
2002-02-19,11.321516036987305,69.57489013671875,0.16272416693349942,0.2087005861035263
2002-02-20,11.297274589538574,70.74557495117188,0.1596887804973792,-0.47396541352418126
2002-02-21,11.281111717224121,69.28063201904297,0.16283211322499647,0.2362992316647393
2002-02-22,11.353840827941895,70.13786315917969,0.1618789098574911,0.020127439165444787
2002-02-25,11.36192512512207,71.29573059082031,0.15936333116958024,-0.5461943269708676
2002-02-26,11.410412788391113,71.1485595703125,0.16037447359865076,-0.31768550774208454
2002-02-27,11.394246101379395,71.42366790771484,0.15953039706812147,-0.5046469030664581
2002-02-28,11.2649507522583,71.10382080078125,0.15842961215573,-0.7471020668738205
2002-03-01,11.547784805297852,72.76065063476562,0.15870920208319614,-0.678337817833735
2002-03-04,11.757891654968262,74.04649353027344,0.1587906610346258,-0.6579568246227808
2002-03-05,11.660919189453125,73.80980682373047,0.15798604130344426,-0.8347208002990589
2002-03-06,11.757891654968262,74.68618774414062,0.15743060410645618,-0.9523221062776954
2002-03-07,11.85486125946045,74.52622985839844,0.15906964946415456,-0.5774075224619486
2002-03-08,11.830621719360352,74.83969116210938,0.15807951015904356,-0.7943654470520104
2002-03-11,11.838700294494629,74.99964141845703,0.1578500919549888,-0.8396047387011272
2002-03-12,11.701321601867676,74.954833984375,0.15611163389818086,-1.2257424104142949
2002-03-13,11.782136917114258,74.23199462890625,0.15872046785236515,-0.6264172734297099
2002-03-14,11.814457893371582,74.12965393066406,0.15937559757694322,-0.4722342499197007
2002-03-15,11.911433219909668,74.83596801757812,0.1591672231340925,-0.513769958518892
2002-03-18,11.895268440246582,74.84880065917969,0.1589239685270456,-0.5643556339199665
2002-03-19,11.93567180633545,75.3492202758789,0.15840471557150732,-0.6788780343777363
2002-03-20,11.919510841369629,73.9313735961914,0.16122398734904156,-0.018256287049634532
2002-03-21,11.798295974731445,73.96349334716797,0.15951512619006383,-0.41074320672591846
2002-03-22,11.774053573608398,73.80309295654297,0.15953333528367494,-0.4008625832500698
2002-03-25,11.677082061767578,72.88571166992188,0.1602108533240325,-0.2386194639131317
2002-03-26,11.677082061767578,73.30908203125,0.1592856128902269,-0.4501453527500583
2002-03-27,11.660919189453125,73.50157928466797,0.1586485529010331,-0.5951726368769653
2002-03-28,11.846786499023438,73.4695053100586,0.16124766934290916,0.0299460435158533
2002-04-01,12.073050498962402,73.50157928466797,0.1642556611226553,0.7489932534044971
2002-04-02,11.919510841369629,73.09740447998047,0.1630633936480478,0.4684446141394924
2002-04-03,11.733650207519531,72.58415985107422,0.16165579696168209,0.14081891129819546
2002-04-04,11.725566864013672,72.2826156616211,0.16221835301180773,0.2864964310756375
2002-04-05,11.782136917114258,72.29546356201172,0.16297200870713116,0.47520723602399584
2002-04-08,11.693245887756348,72.44943237304688,0.16139872328532623,0.09419796451377288
2002-04-09,11.717486381530762,71.94264221191406,0.16287261659108604,0.46552740375945967
2002-04-10,11.830621719360352,72.75736999511719,0.16260375711978478,0.4045977620734375
2002-04-11,11.644760131835938,70.9482421875,0.1641303543653907,0.8055728273038363
2002-04-12,11.733650207519531,71.48072052001953,0.1641512581596502,0.8339190537093846
2002-04-15,11.725566864013672,70.93537902832031,0.16529927695645844,1.1536622441381628
2002-04-16,12.032649993896484,72.62266540527344,0.16568725378981675,1.2855296174805628
2002-04-17,12.000326156616211,72.46868133544922,0.16559327333511253,1.2855014035129513
2002-04-18,11.887189865112305,72.15435028076172,0.16474668289379285,1.0825037533593465
2002-04-19,11.927592277526855,72.4173355102539,0.16470631228675864,1.0864192606939356
2002-04-22,11.85486125946045,71.21126556396484,0.1664745200857571,1.5907283712975149
2002-04-23,11.814457893371582,70.90328979492188,0.16662778169452072,1.6378175320566666
2002-04-24,11.959918975830078,70.19120025634766,0.1703905750599912,2.653301010008077
2002-04-25,11.93567180633545,70.22969818115234,0.16995191657449904,2.4922766783137926
2002-04-26,11.903348922729492,68.89532470703125,0.17277440774605526,3.1912836748338735
2002-04-29,11.838700294494629,68.5552749633789,0.17268839342878672,3.120408838379892
2002-04-30,11.919510841369629,69.19682312011719,0.17225517449954056,2.9666804543012013
2002-05-01,11.911433219909668,70.04364776611328,0.17005729427005017,2.364038619380798
2002-05-02,11.943756103515625,69.7741928100586,0.17117727375262193,2.615654493972458
2002-05-03,12.06497573852539,69.01719665527344,0.17481115320848858,3.453584260099769
2002-05-06,11.984163284301758,67.66351318359375,0.17711411542857247,3.8913547494384875
2002-05-07,11.879107475280762,67.42613220214844,0.17617957737315162,3.5595229316632175
2002-05-08,11.951836585998535,69.93462371826172,0.17090013430468498,2.2837774959814334
2002-05-09,12.073050498962402,69.12625122070312,0.17465218040561928,3.08593815619389
2002-05-10,12.000326156616211,67.82390594482422,0.17693357510814342,3.504245901940031
2002-05-13,12.06497573852539,69.20323944091797,0.17434119899583347,2.865624346020467
2002-05-14,12.073050498962402,70.71086120605469,0.17073827546493855,2.0483419725023255
2002-05-15,12.137702941894531,70.43496704101562,0.1723249609079325,2.3585696086815373
2002-05-16,12.153864860534668,70.80067443847656,0.17166312265988332,2.1878799824111512
2002-05-17,12.145783424377441,71.14708709716797,0.17071371323733237,1.9643899598033723
2002-05-20,12.056891441345215,70.37725067138672,0.1713180228884273,2.065266316389483
2002-05-21,12.024565696716309,69.7357177734375,0.17243051452890465,2.2653507177679213
2002-05-22,12.056891441345215,69.8896484375,0.1725132649955636,2.2496244083277914
2002-05-23,12.024565696716309,70.63387298583984,0.17023794942020104,1.7618447687978624
2002-05-24,12.008405685424805,69.72928619384766,0.1722146653278709,2.137314943082919
2002-05-28,11.757891654968262,69.35079193115234,0.1695422839099062,1.5793489415490427
2002-05-29,11.733650207519531,68.83755493164062,0.17045419784551724,1.7453579149545906
2002-05-30,11.733650207519531,68.64511108398438,0.17093205943193696,1.820977164056674
2002-05-31,11.685164451599121,68.7862319946289,0.16987650163061038,1.594327512895933
2002-06-03,11.717486381530762,66.95780944824219,0.17499805441795818,2.5703541368993923
2002-06-04,11.475053787231445,67.12464904785156,0.17095141576161021,1.7543857140247319
2002-06-05,11.491215705871582,67.75336456298828,0.16960361717813352,1.476929443851527
2002-06-06,11.458894729614258,66.3740234375,0.17264125536105757,2.0431290373423137
2002-06-07,11.458894729614258,66.29705810546875,0.17284167739969492,2.056179216721033
2002-06-10,11.475053787231445,66.55364227294922,0.17241811860829576,1.9509257563645424
2002-06-11,11.491215705871582,65.41171264648438,0.17567520006662277,2.5294989624178204
2002-06-12,11.232625007629395,65.80945587158203,0.17068405837526288,1.573312832251953
2002-06-13,11.03060245513916,65.1487045288086,0.16931422558466155,1.3042106413355756
2002-06-14,10.982115745544434,65.05245208740234,0.1688193971656783,1.2013803758809185
2002-06-17,11.192220687866211,66.79740142822266,0.16755473189915696,0.956306825797632
2002-06-18,11.200303077697754,67.34274291992188,0.16631789250129267,0.7177728541583517
2002-06-19,10.99020004272461,65.77094268798828,0.167098107364238,0.8579416368947596
2002-06-20,10.763924598693848,64.93057250976562,0.16577590775246812,0.6044018838098724
2002-06-21,10.755844116210938,63.91529846191406,0.1682827801018585,1.0693328379919103
2002-06-24,10.828575134277344,64.25006103515625,0.16853797428071204,1.1087594019121985
2002-06-25,10.909383773803711,62.8079833984375,0.17369422139535065,2.050570205073702
2002-06-26,11.022521018981934,62.9109992980957,0.17520816934973693,2.2991168541010203
2002-06-27,11.071009635925293,64.01189422607422,0.1729523828309973,1.861464806056076
2002-06-28,11.232625007629395,63.70924758911133,0.17631074659794263,2.4398107118680934
2002-07-01,11.386167526245117,62.46674728393555,0.18227565899166445,3.4265711893843354
2002-07-02,10.877060890197754,61.140594482421875,0.17790243916134876,2.604433591443495
2002-07-03,10.666955947875977,61.488224029541016,0.17347965592161535,1.8081335595061019
2002-07-05,11.143735885620117,63.93459701538086,0.17429899312479047,1.9283103708656686
2002-07-08,11.2649507522583,63.13632583618164,0.17842265293497134,2.597424950518892
2002-07-09,10.957870483398438,61.54616165161133,0.17804311738279704,2.4920060582117096
2002-07-10,10.594226837158203,59.305789947509766,0.17863731090227308,2.5527229524414916
2002-07-11,10.392199516296387,59.78862380981445,0.173815666829088,1.7262323141638956
2002-07-12,10.37603759765625,59.131980895996094,0.17547251826225943,1.9801922229369202
2002-07-15,10.060877799987793,59.44741439819336,0.16923995604918265,0.9354742075330793
2002-07-16,10.052797317504883,58.30145263671875,0.17242790467237082,1.4536564296524357
2002-07-17,10.3356351852417,58.41734313964844,0.17692751210088498,2.172905848712534
2002-07-18,10.610387802124023,56.52461242675781,0.18771270330906759,3.8254255126185623
2002-07-19,10.109365463256836,54.535301208496094,0.1853728729691492,3.365719286378381
2002-07-22,9.8507719039917,52.91939163208008,0.18614673374325222,3.3981649756918433
2002-07-23,9.373992919921875,51.47087097167969,0.18212229058800336,2.7379178011283125
2002-07-24,9.810365676879883,54.5417594909668,0.17986888887412358,2.3616312253330576
2002-07-25,9.93966007232666,54.07822799682617,0.18380151200423975,2.905812779216898
2002-07-26,10.052797317504883,55.10828399658203,0.182418986556148,2.6551649559718884
2002-07-29,10.675034523010254,57.792850494384766,0.1847120263439412,2.9371369030293253
2002-07-30,10.537659645080566,58.5461311340332,0.17998900082664837,2.2171100596924216
2002-07-31,10.586145401000977,58.68777084350586,0.1803807718175139,2.2468452170645383
2002-08-01,10.1336088180542,57.1555290222168,0.17729883690019188,1.7846722803241473
2002-08-02,10.141687393188477,55.8743896484375,0.1815086922112282,2.362628773652039
2002-08-05,9.818449020385742,53.93015670776367,0.18205860356738587,2.4060429091296327
2002-08-06,10.24674129486084,55.74560546875,0.1838125392790824,2.610996795254122
2002-08-07,10.26290512084961,56.71775817871094,0.18094694590206495,2.1770002901223946
2002-08-08,10.42452621459961,58.552528381347656,0.17803716599060512,1.7512323605609208
2002-08-09,10.56190299987793,58.77145004272461,0.1797114584070978,1.961690220209777
2002-08-12,10.42452621459961,58.34007263183594,0.17868551999215354,1.8000699763617478
2002-08-13,10.30330753326416,57.27784729003906,0.17988293940397376,1.942636172259995
2002-08-14,10.618471145629883,59.37017822265625,0.17885193313396133,1.78265649727787
2002-08-15,10.691198348999023,60.19420623779297,0.17761175065195142,1.5983862999143015
2002-08-16,10.602306365966797,60.013938903808594,0.17666406437611704,1.4560497759706226
2002-08-19,10.86898136138916,61.417423248291016,0.17696902257604233,1.4839695569844333
2002-08-20,10.69927978515625,60.76716995239258,0.1760700686495437,1.3503995765536114
2002-08-21,10.860899925231934,61.64271926879883,0.17619112287814503,1.3549517951502448
2002-08-22,10.901301383972168,62.2414436340332,0.17514538139683203,1.2041183601129193
2002-08-23,10.610387802124023,60.90237045288086,0.1742196194207761,1.071048350118995
2002-08-26,10.747767448425293,61.32725524902344,0.17525270623613043,1.199955944043461
2002-08-27,10.828575134277344,60.619102478027344,0.17863304951112377,1.6373745032960165
2002-08-28,10.42452621459961,59.29292297363281,0.17581400429922017,1.2509784958964574
2002-08-29,10.359879493713379,59.31863784790039,0.1746479668039119,1.0876430783716977
2002-08-30,10.392199516296387,59.086883544921875,0.1758799735713854,1.2409429524202233
2002-09-03,9.778044700622559,56.83364486694336,0.17204676426286794,0.7279562661973213
2002-09-04,9.98814868927002,57.64482498168945,0.1732705180810714,0.8840737100110295
2002-09-05,10.060877799987793,57.1555290222168,0.17602632627329987,1.2389624346221746
2002-09-06,10.149771690368652,57.940975189208984,0.1751743331420311,1.1200406767719528
2002-09-09,10.254820823669434,58.36583709716797,0.17569902761091416,1.1810020613234984
2002-09-10,10.295228004455566,59.03539276123047,0.17439077683610527,1.0036385192137756
2002-09-11,10.30330753326416,58.66843032836914,0.17561928068632837,1.1568220730942143
2002-09-12,9.980070114135742,57.58685302734375,0.17330466225332616,0.8495608344891217
2002-09-13,9.818449020385742,57.72845458984375,0.17007988677585553,0.4269384415471738
2002-09-16,9.907339096069336,57.870094299316406,0.17119963628928053,0.5688878831316523
2002-09-17,9.858851432800293,56.543914794921875,0.1743574258796404,0.9741810759650567
2002-09-18,9.74571704864502,55.977413177490234,0.1741008827568329,0.9345970208038024
2002-09-19,9.301258087158203,54.52885818481445,0.17057496519794133,0.475025578121859
2002-09-20,9.648744583129883,54.546966552734375,0.17688874731103085,1.2835937299189215
2002-09-23,9.260855674743652,54.10074996948242,0.17117795372462655,0.5406304719496307
2002-09-24,9.115396499633789,53.227760314941406,0.17125267803302693,0.5455639356120119
2002-09-25,9.285099029541016,54.546966552734375,0.17022209696233906,0.40682268243365943
2002-09-26,9.551774978637695,55.439388275146484,0.1722922145394552,0.6714444272288451
2002-09-27,9.57601547241211,53.51229476928711,0.17894981917142855,1.5207738949915028
2002-09-30,9.4467191696167,52.89148712158203,0.17860566385477988,1.4642765712311996
2002-10-01,9.69723129272461,55.432926177978516,0.17493630521307327,0.9861867309132696
2002-10-02,9.69723129272461,53.770992279052734,0.1803431716937518,1.6624822831116062
2002-10-03,9.664912223815918,53.227760314941406,0.18157653387311337,1.8006272216205184
2002-10-04,9.373992919921875,52.251304626464844,0.17940208358307722,1.5121740519572926
2002-10-07,9.34166431427002,51.17133712768555,0.18255658027774774,1.8892529640056523
2002-10-08,9.34166431427002,51.973209381103516,0.17973999346029368,1.5250805479398208
2002-10-09,9.34974479675293,50.50524139404297,0.18512424727972335,2.1682135730905006
2002-10-10,9.414396286010742,52.141319274902344,0.18055539094390077,1.5898894497004328
2002-10-11,9.705313682556152,54.42409896850586,0.17832750319251814,1.3052215963048288
2002-10-14,9.705313682556152,54.7280387878418,0.17733713645723137,1.174456016106348
2002-10-15,10.359879493713379,57.360008239746094,0.18061154123989082,1.5597447750762514
2002-10-16,10.085121154785156,55.96967697143555,0.18018901842031637,1.4943230237503424
2002-10-17,10.190174102783203,57.08195495605469,0.17851830951880057,1.2821809718353288
2002-10-18,10.198254585266113,57.321205139160156,0.17791416911957014,1.2006610674042164
2002-10-21,10.230578422546387,58.31062316894531,0.1754496499360844,0.8967847352600317
2002-10-22,9.98814868927002,57.89027404785156,0.17253586813242425,0.541012109095292
2002-10-23,9.980070114135742,58.33000564575195,0.17109667663580228,0.3642314101920324
2002-10-24,9.963905334472656,57.1401481628418,0.17437661005142752,0.7547710013034686
2002-10-25,10.02855396270752,58.33000564575195,0.1719278757422489,0.45544884558128607
2002-10-28,10.141687393188477,57.9484977722168,0.17501208457643355,0.8212661947828573
2002-10-29,9.78612232208252,57.275962829589844,0.17085914995787418,0.3187613707528608
2002-10-30,9.947745323181152,57.83208084106445,0.17201084897013805,0.4540378270604567
2002-10-31,9.907339096069336,57.24360656738281,0.17307328608666842,0.5792800954664793
2002-11-01,9.923500061035156,58.37528991699219,0.1699948741179026,0.20801105792946964
2002-11-04,10.085121154785156,58.93142318725586,0.17113316816971258,0.34269701975605005
2002-11-05,10.311389923095703,59.39706802368164,0.17360099187024766,0.6358435494180308
2002-11-06,10.26290512084961,60.166568756103516,0.17057487792684708,0.2701527001335669
2002-11-07,10.093199729919434,58.69216537475586,0.17196843335857956,0.43453462245468133
2002-11-08,10.17401123046875,57.974334716796875,0.17549164264098124,0.8516666190356746
2002-11-11,10.117445945739746,57.07550048828125,0.17726425277369334,1.0567145593241638
2002-11-12,10.238658905029297,57.52812576293945,0.17797657700896638,1.1331382995172303
2002-11-13,9.98814868927002,57.58634948730469,0.17344646393103935,0.5866440682106768
2002-11-14,10.254820823669434,58.672794342041016,0.17477982664141686,0.73990499104776
2002-11-15,10.30330753326416,59.106021881103516,0.1743190829859957,0.678692875821607
2002-11-18,10.26290512084961,58.51108169555664,0.17540104922772226,0.8017488825315559
2002-11-19,10.28714370727539,58.433502197265625,0.17604872753556733,0.8723619304752758
2002-11-20,10.279065132141113,59.73329162597656,0.1720826837486886,0.3912677538536595
2002-11-21,10.537659645080566,60.845584869384766,0.17318692338485064,0.5191880532643826
2002-11-22,10.505335807800293,60.41231155395508,0.17389395534745977,0.5982224408535681
2002-11-25,10.295228004455566,60.45106887817383,0.17030679846543975,0.1600781629630524
2002-11-26,9.980070114135742,59.300018310546875,0.16829792634921878,-0.08854950204757839
2002-11-27,10.15785026550293,60.968475341796875,0.16660823825028845,-0.29900564753615366
2002-11-29,10.351795196533203,60.774444580078125,0.17033138300249515,0.14955365188091851
2002-12-02,10.1336088180542,60.8714599609375,0.16647553425787964,-0.3277698654188894
2002-12-03,10.109365463256836,60.05665969848633,0.16833046516424277,-0.10446085564597396
2002-12-04,10.17401123046875,59.7850341796875,0.1701765562245921,0.11730688257976551
2002-12-05,10.085121154785156,59.125431060791016,0.17057163007261517,0.16017676133517675
2002-12-06,9.980070114135742,59.51343536376953,0.16769440468582644,-0.20174486662322672
2002-12-09,9.87501335144043,57.8773307800293,0.17061970927739856,0.1572247593105665
2002-12-10,9.891176223754883,58.65335464477539,0.16863786024958335,-0.09677828651153232
2002-12-11,9.93966007232666,58.70510482788086,0.1693150894026853,-0.017501646292043326
2002-12-12,9.810365676879883,58.69862747192383,0.16713109146499694,-0.2978890478644934
2002-12-13,9.737640380859375,57.77388000488281,0.16854745397117848,-0.12347548034969227
2002-12-16,9.996227264404297,59.267704010009766,0.16866229983729464,-0.1142297002188803
2002-12-17,9.74571704864502,58.75035858154297,0.16588353303611558,-0.4726641834381861
2002-12-18,9.778044700622559,58.07131576538086,0.1683799406255528,-0.15807748971337154
2002-12-19,9.778044700622559,57.657508850097656,0.16958840046392323,-0.009348442555690239
2002-12-20,9.931577682495117,58.480201721191406,0.1698280339360769,0.014913923750102937
2002-12-23,9.900975227355957,58.49968338012695,0.16924835580767328,-0.06698542846354397
2002-12-24,9.909246444702148,58.06427764892578,0.1706599452526811,0.11072909288215309
2002-12-26,9.867890357971191,58.09027862548828,0.16987163070072547,0.002004101410444665
2002-12-27,9.710732460021973,56.784061431884766,0.17101158696917915,0.14557438190094182
2002-12-30,10.066405296325684,57.25847244262695,0.17580638928871586,0.7716742745794897
2002-12-31,10.049864768981934,57.33645248413086,0.1752788031621499,0.695840853056629
2003-01-02,10.16566276550293,59.18199157714844,0.17176952810469684,0.2258299996570246
2003-01-03,10.207021713256836,59.36398696899414,0.17193962593159337,0.2429802763766693
2003-01-06,10.215293884277344,60.41021728515625,0.1690987773816103,-0.14152537046259162
2003-01-07,9.934062957763672,60.260780334472656,0.16485121670554959,-0.7166943203203285
2003-01-08,9.909246444702148,59.38999557495117,0.16685043244693482,-0.4553745177850568
2003-01-09,10.016775131225586,60.31277847290039,0.16608047887772742,-0.5669153624026444
2003-01-10,10.000235557556152,60.47527313232422,0.1653607340586114,-0.6738733865525035
2003-01-13,9.925790786743164,60.45573425292969,0.16418278446865708,-0.8410946715444325
2003-01-14,10.082950592041016,60.65071487426758,0.16624619533246315,-0.566083117011346
2003-01-15,9.917520523071289,60.04634094238281,0.16516444411804543,-0.7233727159965284
2003-01-16,9.95887565612793,59.79940414428711,0.16653804161825153,-0.5397695831778672
2003-01-17,9.793447494506836,58.91558074951172,0.1662284809878243,-0.5909707080806264
2003-01-21,9.54530143737793,57.999298095703125,0.16457615438082504,-0.8292352364932061
2003-01-22,9.429496765136719,57.297462463378906,0.1645709314119013,-0.8369470956492906
2003-01-23,9.487401008605957,57.648372650146484,0.16457361365918538,-0.8431428744066094
2003-01-24,9.338513374328613,56.13421630859375,0.16636044801963243,-0.5964721588325055
2003-01-27,9.049012184143066,55.367408752441406,0.1634357176548208,-1.0222974738755592
2003-01-28,9.181358337402344,55.77682113647461,0.16460884916581056,-0.8630589788045454
2003-01-29,9.297157287597656,56.199222564697266,0.16543213345869062,-0.7496873521968304
2003-01-30,9.272343635559082,54.86701583862305,0.16899668213834068,-0.24099907541455862
2003-01-31,9.669373512268066,55.92625045776367,0.17289507937905688,0.31944940371561636
2003-02-03,9.661104202270508,56.03675842285156,0.17240655016780465,0.24148615480838562
2003-02-04,9.462587356567383,55.484371185302734,0.1705450950316245,-0.0376995959683343
2003-02-05,9.470858573913574,55.13990783691406,0.1717605078689159,0.13631243403424578
2003-02-06,9.346783638000488,54.8799934387207,0.17031313329942646,-0.0835835869365732
2003-02-07,9.280611991882324,54.210655212402344,0.17119534813811105,0.04432165346275853
2003-02-10,9.371599197387695,54.594093322753906,0.17165958122949115,0.1075455705307991
2003-02-11,9.297157287597656,54.217159271240234,0.1714799781575679,0.07492532225681678
2003-02-12,9.32197093963623,53.35284423828125,0.17472303628280822,0.5564802797314021
2003-02-13,9.313700675964355,53.515323638916016,0.17403801458450846,0.4470621254185814
2003-02-14,9.40468692779541,54.68505859375,0.1719790957464619,0.12839035126761586
2003-02-18,9.52875804901123,55.646812438964844,0.17123636793145464,0.009442505235747318
2003-02-19,9.355056762695312,55.354400634765625,0.1690029456631822,-0.3373887851241341
2003-02-20,9.363327026367188,54.80202865600586,0.1708573068552097,-0.05975657893282338
2003-02-21,9.371599197387695,55.354400634765625,0.16930179154540087,-0.30512068971567885
2003-02-24,9.338513374328613,54.457618713378906,0.1714822203937898,0.02717363409753435
2003-02-25,9.272343635559082,54.89302444458008,0.1689166106145313,-0.38077284612904183
2003-02-26,9.049012184143066,54.093666076660156,0.16728413584169058,-0.6442685956862445
2003-02-27,9.040740966796875,54.80852127075195,0.16495137539171997,-1.0202333631561151
2003-02-28,9.20617389678955,55.17245101928711,0.1668617892935601,-0.728428874556918
2003-03-03,9.156540870666504,54.64604949951172,0.16756089332218463,-0.627202966142797
2003-03-04,9.007654190063477,53.77526092529297,0.1675055413041569,-0.6465081296759314
2003-03-05,9.115182876586914,54.23014831542969,0.16808331084710387,-0.5645059463077606
2003-03-06,9.015926361083984,53.77526092529297,0.1676593698654353,-0.6467915831016283
2003-03-07,8.900127410888672,54.145687103271484,0.16437370891449868,-1.199359903112917
2003-03-10,8.759509086608887,52.845977783203125,0.16575545489089352,-0.9831326319362897
2003-03-11,8.809139251708984,52.32606887817383,0.16835087061897439,-0.5613963956192101
2003-03-12,8.668523788452148,52.677005767822266,0.16455991873682604,-1.221375507810459
2003-03-13,9.164813995361328,54.496620178222656,0.16817215389485146,-0.6159568769415231
2003-03-14,9.015926361083984,54.67206573486328,0.16490919521511163,-1.1901861745169244
2003-03-17,9.355056762695312,56.394142150878906,0.16588703021080556,-1.032788621424796
2003-03-18,9.371599197387695,56.72561264038086,0.16520930777425225,-1.1644221755894735
2003-03-19,9.479131698608398,57.16096878051758,0.16583224358925164,-1.0694179935400978
2003-03-20,9.553576469421387,57.284461975097656,0.16677430737805407,-0.9108177805034562
2003-03-21,9.867890357971191,58.507198333740234,0.16866113297174454,-0.5852386167688757
2003-03-24,9.446043968200684,56.562828063964844,0.1670009137011059,-0.8977682075192386
2003-03-25,9.487401008605957,57.1043701171875,0.1661414177082465,-1.0658241769671308
2003-03-26,9.520487785339355,56.817291259765625,0.1675632113789479,-0.8190698101355036
2003-03-27,9.495670318603516,56.862972259521484,0.16699215572596984,-0.9407432832945187
2003-03-28,9.330241203308105,56.57587432861328,0.1649155459642509,-1.3379065041468634
2003-03-31,9.19789981842041,55.29048156738281,0.16635593609744345,-1.0710226978078348
2003-04-01,9.371599197387695,56.13873291015625,0.16693642181746227,-0.968393558526381
2003-04-02,9.512213706970215,57.49587631225586,0.16544166846523192,-1.25947034595702
2003-04-03,9.561843872070312,57.22183609008789,0.1671013117617636,-0.9530715596531203
2003-04-04,9.644559860229492,57.561126708984375,0.16755335434954455,-0.8742637657059671
2003-04-07,9.644559860229492,57.45018768310547,0.1678769077906023,-0.8230333594378271
2003-04-08,9.611477851867676,57.54155731201172,0.16703541407040254,-0.9931231182234123
2003-04-09,9.677647590637207,56.784664154052734,0.1704271344175329,-0.3436340057883936
2003-04-10,9.69419002532959,57.09786605834961,0.16978200228048587,-0.47611591234188494
2003-04-11,9.669373512268066,56.862972259521484,0.1700469238248264,-0.43074463669232643
2003-04-14,9.876161575317383,58.03741455078125,0.17016887557380755,-0.41192417691941696
2003-04-15,9.867890357971191,58.57897186279297,0.16845448194420912,-0.7547401510326871
2003-04-16,9.661104202270508,57.580692291259766,0.16778374517280642,-0.8910778030815091
2003-04-17,9.884431838989258,58.43540573120117,0.16915141967965383,-0.625326961817472
2003-04-21,9.735546112060547,58.49414825439453,0.16643624024953876,-1.1699067891665025
2003-04-22,10.041592597961426,59.59682083129883,0.16849208494503823,-0.762255507485996
2003-04-23,10.082950592041016,60.14488983154297,0.1676443438550122,-0.9333477867111193
2003-04-24,10.008505821228027,59.609893798828125,0.16790007804752682,-0.8790912363495624
2003-04-25,9.909246444702148,58.872554779052734,0.16831690898910892,-0.7938320200552805
2003-04-28,10.074679374694824,59.890419006347656,0.16821854884045861,-0.8088189807410897
2003-04-29,10.149123191833496,60.09923553466797,0.16887275023621592,-0.6747174055825577
2003-04-30,10.190476417541504,59.96875,0.16992977871877443,-0.462053597541389
2003-05-01,10.124307632446289,59.96222686767578,0.16884475712999353,-0.6768459229365142
2003-05-02,10.248383522033691,60.81697463989258,0.16851189298244568,-0.7402586546911589
2003-05-05,10.240107536315918,60.699527740478516,0.16870160143745447,-0.6973969107159288
2003-05-06,10.380724906921387,61.27364730834961,0.16941581516572837,-0.5500649426675042
2003-05-07,10.372450828552246,60.93438720703125,0.1702232729987209,-0.38501749681221
2003-05-08,10.066405296325684,60.32107162475586,0.1668804121874124,-1.0456905848011597
2003-05-09,10.231836318969727,61.15623092651367,0.1673065223928608,-0.953910534728241
2003-05-12,10.488251686096191,61.90654373168945,0.16942072766254823,-0.5288685979649203
2003-05-13,10.388995170593262,61.795677185058594,0.1681184775996789,-0.7822226343722885
2003-05-14,10.388995170593262,61.6651496887207,0.16847433636398898,-0.7091292621147036
2003-05-15,10.570966720581055,62.05664825439453,0.17034382323142103,-0.33644180440530663
2003-05-16,10.736395835876465,61.90006637573242,0.17344724270094822,0.27793977245328333
2003-05-19,10.405537605285645,60.451568603515625,0.17213015055957537,0.01550733360095342
2003-05-20,10.570966720581055,60.327579498291016,0.17522610402229902,0.6263069727386932
2003-05-21,10.562698364257812,60.451568603515625,0.1747299302278738,0.5258274730843151
2003-05-22,10.620593070983887,61.05183029174805,0.1739602731028917,0.37206213663821786
2003-05-23,10.620593070983887,61.175819396972656,0.17360769623805736,0.29958398917922163
2003-05-27,10.71158218383789,62.24586868286133,0.17208503006701872,-0.002021970336480444
2003-05-28,10.761209487915039,62.42204284667969,0.17239438181071068,0.057060702075405055
2003-05-29,10.860468864440918,62.25893783569336,0.17444031719755035,0.45942568260284955
2003-05-30,10.81083869934082,63.25719451904297,0.1709029112267431,-0.24167708194170945
2003-06-02,10.85219669342041,63.518157958984375,0.17085187987390954,-0.2526266672852066
2003-06-03,10.819110870361328,63.77915954589844,0.1696339517076169,-0.4899505492294949
2003-06-04,10.95145320892334,64.69916534423828,0.169267302764341,-0.5610331738361637
2003-06-05,11.133427619934082,65.01888275146484,0.17123375777605546,-0.17266709535637673
2003-06-06,11.14169979095459,64.76441192626953,0.17203429259326494,-0.013467566568591124
2003-06-09,10.92663860321045,64.10539245605469,0.1704480416479915,-0.326042381639614
2003-06-10,10.976272583007812,64.75788879394531,0.16949707267223424,-0.5120012171030708
2003-06-11,11.315402030944824,65.4429931640625,0.17290471422322698,0.1655219231401893
2003-06-12,11.149970054626465,65.6452407836914,0.16985191799915692,-0.43917858820504024
2003-06-13,11.240961074829102,64.96013641357422,0.17304398813547078,0.19091858289892355
2003-06-16,11.373300552368164,66.33036041259766,0.17146447692462882,-0.12461784038035398
2003-06-17,11.530460357666016,66.33036041259766,0.1738338264098459,0.34133634240731514
2003-06-18,11.480833053588867,66.27163696289062,0.1732390141504677,0.21817328883184445
2003-06-19,11.199601173400879,65.2602767944336,0.1716143682424,-0.10946722345698508
2003-06-20,11.290586471557617,65.11619567871094,0.17339137143801164,0.24018168062749407
2003-06-23,11.075528144836426,64.44829559326172,0.17185137392515323,-0.07130417988640994
2003-06-24,11.009355545043945,64.51377868652344,0.1706512278336556,-0.31402552571513875
2003-06-25,10.761209487915039,63.865501403808594,0.16849800363852305,-0.7415397744721841
2003-06-26,11.034170150756836,64.69713592529297,0.17055113789732834,-0.32613909936462077
2003-06-27,10.877009391784668,63.95065689086914,0.17008440445492412,-0.41740582689671585
2003-06-30,10.860468864440918,63.93095779418945,0.16987808784913908,-0.45412240917812535
2003-07-01,10.92663860321045,64.52031707763672,0.169351904921089,-0.5537737925512618
2003-07-02,10.992812156677246,65.3322982788086,0.1682599946165205,-0.7682597656298941
2003-07-03,10.959728240966797,64.65782928466797,0.1695034980638552,-0.5127870424689893
2003-07-07,10.92663860321045,65.94131469726562,0.1657024682230599,-1.2725618030760022
2003-07-08,10.918374061584473,66.2359619140625,0.16484057521124942,-1.4347611955543995
2003-07-09,10.877009391784668,65.86273956298828,0.16514662863943527,-1.361698157687018
2003-07-10,10.744670867919922,65.02452850341797,0.16524027340475272,-1.3322783660345578
2003-07-11,10.71158218383789,65.64008331298828,0.16318660250265674,-1.7283751215180398
2003-07-14,10.835653305053711,65.96094512939453,0.16427377266650112,-1.4961777231261575
2003-07-15,10.562698364257812,65.8169174194336,0.16048606921142422,-2.2255069503008995
2003-07-16,10.661954879760742,65.43055725097656,0.1629506965509087,-1.7196135831663992
2003-07-17,10.570966720581055,64.50070190429688,0.16388917342738007,-1.5207847467414284
2003-07-18,10.58751106262207,65.16205596923828,0.16247969627631492,-1.802751352036202
2003-07-21,10.529608726501465,64.3565902709961,0.16361352710208601,-1.5760968707814937
2003-07-22,10.7033109664917,64.93940734863281,0.16481996685048342,-1.3351340316095017
2003-07-23,10.794294357299805,64.98526763916016,0.16610371472556892,-1.0680119422604852
2003-07-24,10.777753829956055,64.494140625,0.16711213957595167,-0.8542671379383114
2003-07-25,11.00108528137207,65.633544921875,0.1676137605315528,-0.7466198309788533
2003-07-28,10.959728240966797,65.3912582397461,0.1676023452673871,-0.7441656618054989
2003-07-29,10.959728240966797,65.09001922607422,0.16837801511320605,-0.5756912803338012
2003-07-30,10.877009391784668,64.93285369873047,0.16751164891428957,-0.755910374710843
2003-07-31,10.744670867919922,65.08345031738281,0.16509067690054813,-1.2725693381500347
2003-08-01,10.786025047302246,64.50721740722656,0.16720648449632114,-0.8061739108893139
2003-08-04,10.794294357299805,64.50721740722656,0.16733467650847006,-0.7733737351692936
2003-08-05,10.71158218383789,63.13864517211914,0.16965175851711065,-0.2560545360893556
2003-08-06,10.670226097106934,63.50531005859375,0.1680210062317931,-0.6150915897105408
2003-08-07,10.794294357299805,64.17327117919922,0.16820545624295072,-0.5676404019817649
2003-08-08,10.860468864440918,64.3565902709961,0.16875457227782092,-0.436002291696348
2003-08-11,10.901825904846191,64.59892272949219,0.16876172920866742,-0.4279428561438286
2003-08-12,10.95145320892334,65.1882095336914,0.16799745363865637,-0.599006940345116
2003-08-13,10.918374061584473,64.85428619384766,0.16835238967783497,-0.5101391943181134
2003-08-14,11.108614921569824,65.03108978271484,0.17082006404454375,0.07865421416119268
2003-08-15,11.125157356262207,65.2341079711914,0.17054203241616,0.019484920203104907
2003-08-18,11.125157356262207,65.79724884033203,0.16908240925481932,-0.3228233253066889
2003-08-19,11.075528144836426,66.04611206054688,0.16769387022635165,-0.6492255894156533
2003-08-20,10.984543800354004,65.777587890625,0.1669952358030992,-0.8105447050369118
2003-08-21,10.843924522399902,65.98714447021484,0.16433389578320992,-1.4405037609130467
2003-08-22,10.95145320892334,65.3322982788086,0.16762693946855364,-0.6408125708454676
2003-08-25,10.877009391784668,65.43711853027344,0.16622078777433627,-0.9726348368497976
2003-08-26,10.877009391784668,65.55492401123047,0.16592208069559025,-1.0366248703743897
2003-08-27,10.777753829956055,65.5745620727539,0.16435876183203957,-1.406865051296779
2003-08-28,10.901825904846191,65.9805908203125,0.1652277703080222,-1.1868888339381014
2003-08-29,10.761209487915039,66.42587280273438,0.16200328326693905,-1.9479005953799275
2003-09-02,10.877009391784668,67.31645202636719,0.1615802536284035,-2.027643245004657
2003-09-03,10.959728240966797,67.68315887451172,0.16192696120000447,-1.9211407277012658
2003-09-04,11.042438507080078,67.71588897705078,0.1630701254002943,-1.6315705087901544
2003-09-05,11.034170150756836,67.33606719970703,0.16386716078964653,-1.4305733402808265
2003-09-08,11.166511535644531,67.8927001953125,0.16447293307706,-1.2761758045938787
2003-09-09,10.967999458312988,67.44741821289062,0.16261555666509964,-1.702615206880663
2003-09-10,11.034170150756836,66.76641082763672,0.16526528854819683,-1.064705437869545
2003-09-11,11.042438507080078,66.96284484863281,0.16490396326561585,-1.1419236922139833
2003-09-12,11.14169979095459,67.08724975585938,0.16607775443919548,-0.8558712992135477
2003-09-15,11.133427619934082,66.85150909423828,0.16653966037235854,-0.7418425983954675
2003-09-16,11.315402030944824,67.82721710205078,0.16682686559172866,-0.6690491926133033
2003-09-17,11.240961074829102,67.69623565673828,0.16605001689942872,-0.8466192954657398
2003-09-18,11.439477920532227,68.49516296386719,0.16701147096426094,-0.6122947422342768
2003-09-19,11.414661407470703,68.14677429199219,0.16750112571083237,-0.49261777025095477
2003-09-22,11.298861503601074,67.41053771972656,0.1676126891403605,-0.4599083326745821
2003-09-23,11.447747230529785,67.66686248779297,0.1691780409147084,-0.08333462598652011
2003-09-24,11.373300552368164,66.46395874023438,0.17111981843903115,0.38175222073595894
2003-09-25,11.348492622375488,65.91836547851562,0.17215980007990692,0.628475844866069
2003-09-26,11.290586471557617,65.70148468017578,0.1718467478553699,0.5541354179304546
2003-09-29,11.315402030944824,66.34562683105469,0.17055234190128074,0.2548799209247631
2003-09-30,11.092073440551758,65.70148468017578,0.16882530881221605,-0.15479539815658544
2003-10-01,11.381574630737305,67.10159301757812,0.16961705555568188,0.04381595164623177
2003-10-02,11.580090522766113,67.34479522705078,0.17195227164510957,0.6327538821124795
2003-10-03,11.679347038269043,67.96269989013672,0.17184936821446145,0.6278800633625825
2003-10-06,11.81169319152832,68.27165985107422,0.17301019511308205,0.9383594280061683
2003-10-07,11.72897720336914,68.53460693359375,0.17113948307508164,0.48246535764529763
2003-10-08,11.72897720336914,68.36369323730469,0.17156734295579096,0.6116627053668299
2003-10-09,11.662801742553711,68.54774475097656,0.17014129035058528,0.2581670049809009
2003-10-10,11.770336151123047,68.73837280273438,0.17123384903075317,0.580285200190193
2003-10-13,11.935769081115723,68.95527648925781,0.1730943546136768,1.1205470711621917
2003-10-14,11.985394477844238,69.19849395751953,0.17320311169202596,1.1655892366817693
2003-10-15,11.985394477844238,69.0144271850586,0.17366505767998375,1.3300600779825438
2003-10-16,11.869592666625977,69.29052734375,0.17130180879907264,0.6649432209290629
2003-10-17,11.910951614379883,68.53460693359375,0.17379470237453812,1.429182628583965
2003-10-20,11.910951614379883,69.04730987548828,0.17250420958989826,1.0599501761214205
2003-10-21,11.952303886413574,68.92898559570312,0.17340025800638872,1.3410421023926056
2003-10-22,11.886134147644043,68.06129455566406,0.17463867276169637,1.7113821400547444
2003-10-23,11.745518684387207,67.93644714355469,0.17288979889643133,1.1735740397317103
2003-10-24,11.745518684387207,68.08760070800781,0.1725059858513389,1.0622566294758014
2003-10-27,11.778606414794922,68.12044525146484,0.17290853533494246,1.1825037952757937
2003-10-28,12.001934051513672,69.04730987548828,0.1738218921657706,1.4659249597560065
2003-10-29,11.935769081115723,69.13936614990234,0.17263347562714937,1.0985761097400508
2003-10-30,11.993664741516113,69.28395080566406,0.17310884558470666,1.2404995457501682
2003-10-31,11.968852043151855,69.21821594238281,0.1729147722199994,1.181839748069126
2003-11-03,11.927492141723633,69.67183685302734,0.17119531622059375,0.655970863323741
2003-11-04,11.836505889892578,69.52056884765625,0.17025904830886066,0.372117501690775
2003-11-05,11.910951614379883,69.57319641113281,0.1712002930553,0.6637855797323015
2003-11-06,11.886134147644043,69.94129943847656,0.16994442830018633,0.28084608577668135
2003-11-07,11.944036483764648,69.42202758789062,0.17204966346802672,0.9241983830575123
2003-11-10,11.819966316223145,69.13936614990234,0.17095855768472126,0.6004731545846528
2003-11-11,11.853050231933594,69.1196060180664,0.17148607920067507,0.7791256737796727
2003-11-12,12.0846529006958,69.8952865600586,0.17289653559559953,1.2406468223599625
2003-11-13,12.059837341308594,69.91497039794922,0.17249291922266677,1.1161699931252478
2003-11-14,12.059837341308594,69.32337951660156,0.1739649368712687,1.5851875593641092
2003-11-17,11.993664741516113,68.97502136230469,0.17388417581659107,1.5615614221614071
2003-11-18,12.051565170288086,68.25851440429688,0.17655768332293853,2.3994940085326406
2003-11-19,12.150823593139648,68.83697509765625,0.17651594329794074,2.382488139930409
2003-11-20,11.853050231933594,68.21907043457031,0.17374980568376389,1.5039779666362751
2003-11-21,11.993664741516113,68.50172424316406,0.17508558907132893,1.9144620539617512
2003-11-24,12.192180633544922,69.40887451171875,0.17565737406513396,2.0831488707541137
2003-11-25,12.266624450683594,69.67183685302734,0.1760628828626985,2.1822627483757886
2003-11-26,12.291435241699219,69.92155456542969,0.17578892972405818,2.0705605040311017
2003-11-28,12.250081062316895,69.9741439819336,0.17506582239119217,1.8282378271691322
2003-12-01,12.5313081741333,70.7301025390625,0.17717079043130987,2.4331918795381298
2003-12-02,12.498222351074219,70.5526351928711,0.17714749161257531,2.3886916664097506
2003-12-03,12.432050704956055,70.44087982177734,0.17648914574051913,2.162403755558779
2003-12-04,12.432050704956055,70.7301025390625,0.17576746333840162,1.9284166574394446
2003-12-05,12.365878105163574,70.237060546875,0.17605916319506,1.992252825027351
2003-12-08,12.46513843536377,70.71041870117188,0.17628432505883587,2.031698935564707
2003-12-09,12.432050704956055,70.16478729248047,0.1771836156665495,2.2611416902963577
2003-12-10,12.332793235778809,70.15821075439453,0.1757854583685533,1.8407633125146525
2003-12-11,12.423783302307129,70.94705963134766,0.17511343481834352,1.634559106676386
2003-12-12,12.481682777404785,71.08502197265625,0.17558808355163796,1.7497067261702983
2003-12-15,12.332793235778809,70.7301025390625,0.17436413624549335,1.3940202455138273
2003-12-16,12.72899341583252,71.0982437133789,0.17903386569079544,2.6517229216423
2003-12-17,12.880732536315918,71.32170104980469,0.180600467273224,3.017326960698841
2003-12-18,13.184207916259766,72.12369537353516,0.18279995011317096,3.5096241643209045
2003-12-19,13.116768836975098,71.92290496826172,0.18237262305747093,3.3082090989425343
2003-12-22,13.13850212097168,72.42485046386719,0.1814087573094333,2.9918157802702092
2003-12-23,13.164589881896973,72.4710464477539,0.1816530949554818,2.986710506782136
2003-12-24,13.21676254272461,72.3984146118164,0.18255596636459293,3.1370264590554573
2003-12-26,13.286323547363281,72.45125579833984,0.1833829296809473,3.254993313917784
2003-12-29,13.286323547363281,73.4155044555664,0.18097435474824833,2.6320896060232593
2003-12-30,13.347186088562012,73.4287338256836,0.1817706147602601,2.7817240377926034
2003-12-31,13.547181129455566,73.49478912353516,0.1843284577180638,3.306374111256482
2004-01-02,13.538484573364258,73.46176147460938,0.18429294780854896,3.219217715870389
2004-01-05,13.7906494140625,74.26089477539062,0.18570540330511334,3.4406362324120052
2004-01-06,13.747176170349121,74.33356475830078,0.1849390139575404,3.1922085816906796
2004-01-07,13.660219192504883,74.58452606201172,0.183150847954003,2.7572336973325777
2004-01-08,13.84282112121582,74.88172149658203,0.18486248505715341,3.049111440254847
2004-01-09,13.7906494140625,74.22785186767578,0.18578807101472855,3.1646790622629384
2004-01-12,13.78195571899414,74.77604675292969,0.18430976652900108,2.8081256931168936
2004-01-13,13.764561653137207,74.34016418457031,0.18515646022737886,2.9197868786155263
2004-01-14,13.78195571899414,74.96099853515625,0.18385501778675598,2.6149653728422138
2004-01-15,13.695002555847168,75.14588165283203,0.1822455503166093,2.2677753336739124
2004-01-16,13.547181129455566,75.44307708740234,0.1795682473788931,1.7293195687045397
2004-01-20,13.668913841247559,75.42329406738281,0.18122934048777842,2.0250996658451776
2004-01-21,13.973250389099121,76.01768493652344,0.18381578445551341,2.482836172113884
2004-01-22,13.912378311157227,75.81954193115234,0.1834933047180674,2.3862788067263203
2004-01-23,13.608051300048828,75.57520294189453,0.18005973878113543,1.7219591871226556
2004-01-26,13.503703117370605,76.52621459960938,0.17645852715991436,1.0369846245626129
2004-01-27,13.62543773651123,75.74028778076172,0.17989683081151608,1.6676841926288397
2004-01-28,13.468920707702637,74.87511444091797,0.1798851435256318,1.6498449504556087
2004-01-29,13.468920707702637,74.9477767944336,0.17971074371752385,1.6019257488433136
2004-01-30,13.477619171142578,74.9477767944336,0.17982680404395354,1.6076825858247321
2004-02-02,13.39066219329834,75.27140808105469,0.17789838844091826,1.242606514636947
2004-02-03,13.460227966308594,75.14588165283203,0.17912129940126023,1.4578329170864341
2004-02-04,13.538484573364258,74.53168487548828,0.18164737045702756,1.9012645748390389
2004-02-05,13.495009422302246,74.74962615966797,0.18053614600662224,1.6820789483824303
2004-02-06,13.695002555847168,75.58837890625,0.18117867791334258,1.77982122239708
2004-02-09,13.808038711547852,75.60820770263672,0.1826261874352871,2.0166194391454493
2004-02-10,13.9036865234375,75.85257720947266,0.18329880189886513,2.1098769128794723
2004-02-11,14.051506996154785,76.6583023071289,0.18330052418664186,2.0835223630096364
2004-02-12,13.860213279724121,76.38094329833984,0.18146166676139197,1.745418664349834
2004-02-13,13.894989967346191,76.03751373291016,0.18273861525974955,1.9488158585885618
2004-02-17,14.26888370513916,76.72435760498047,0.1859759292948829,2.471306149077053
2004-02-18,14.077587127685547,76.38754272460938,0.1842916609902971,2.15293897043821
2004-02-19,14.294968605041504,76.103515625,0.18783585078355575,2.7038951555232282
2004-02-20,14.112371444702148,75.87237548828125,0.18600144458218332,2.359570286571153
2004-02-23,14.1471529006958,75.68087005615234,0.18693168947713137,2.47228086215647
2004-02-24,14.260191917419434,75.54878997802734,0.18875473613233087,2.718659565452722
2004-02-25,14.190628051757812,75.86579132080078,0.18704910084905482,2.404590757840359
2004-02-26,14.173238754272461,75.91202545166016,0.1867061071015396,2.3149641165781523
2004-02-27,14.121066093444824,75.96485137939453,0.1858894717363347,2.1578813919655846
2004-03-01,14.303668975830078,76.71776580810547,0.18644532756086662,2.2139847503918078
2004-03-02,14.06889820098877,76.26866912841797,0.1844649757464648,1.8837993162166535
2004-03-03,13.999330520629883,76.40735626220703,0.18321966896208786,1.67389106371865
2004-03-04,14.016728401184082,76.60550689697266,0.18297285624694434,1.6196257376642549
2004-03-05,14.199323654174805,76.86307525634766,0.18473530504495614,1.868269861251056
2004-03-08,14.060198783874512,75.92520904541016,0.1851848544198968,1.9158729005254929
2004-03-09,13.868906021118164,75.62140655517578,0.1833992073527351,1.629060893727401
2004-03-10,13.712390899658203,74.35333251953125,0.1844220082005902,1.7645223905378964
2004-03-11,13.408059120178223,73.38909149169922,0.18269825729747263,1.4921716263738642
2004-03-12,13.608051300048828,74.35333251953125,0.18301871400954683,1.5257676570755108
2004-03-15,13.338497161865234,73.44189453125,0.18161973144891597,1.3056727421985141
2004-03-16,13.399358749389648,73.83162689208984,0.181485351378939,1.2749597331314597
2004-03-17,13.68630599975586,74.6572036743164,0.1833219746544596,1.5354825354082042
2004-03-18,13.67760944366455,74.67697143554688,0.1831569917838673,1.4973350585147405
2004-03-19,13.512397766113281,73.6065673828125,0.1835759803311857,1.5450692431962325
2004-03-22,13.338497161865234,72.67210388183594,0.183543566917417,1.525713883044535
2004-03-23,13.434144020080566,72.54621124267578,0.18518050481150206,1.7491170700380445
2004-03-24,13.268932342529297,72.6058578491211,0.1827529174037563,1.3800731274122695
2004-03-25,13.442839622497559,73.56684112548828,0.18272960231590119,1.3646826424861667
2004-03-26,13.399358749389648,73.58674621582031,0.18208929513055352,1.2602933526822533
2004-03-29,13.608051300048828,74.62061309814453,0.18236316662462798,1.2899927755892324
2004-03-30,13.738476753234863,74.87249755859375,0.18349163179020975,1.4423158692349247
2004-03-31,13.78195571899414,74.9586410522461,0.1838608001095982,1.4826872285637829
2004-04-01,13.9036865234375,75.40931701660156,0.1843762425321604,1.5438812876022616
2004-04-02,13.912378311157227,75.97927856445312,0.18310753371204194,1.347817904440432
2004-04-05,13.929774284362793,76.39683532714844,0.1823344412724999,1.2254526478040668
2004-04-06,13.999330520629883,76.15160369873047,0.18383500597063943,1.4300306625097012
2004-04-07,13.999330520629883,75.97269439697266,0.18426792193890815,1.4791719351249726
2004-04-08,13.981943130493164,75.80033874511719,0.1844575283167034,1.4925904643684869
2004-04-12,14.112371444702148,76.09858703613281,0.18544853451748547,1.6186864995013088
2004-04-13,13.947161674499512,75.03155517578125,0.18588394765141944,1.6638102913297061
2004-04-14,13.581965446472168,75.15087127685547,0.1807293144538041,0.9234165321710656
2004-04-15,13.695002555847168,74.86589050292969,0.18292713095172827,1.2256147472072312
2004-04-16,13.921072006225586,75.44245910644531,0.18452569244308023,1.439495056246753
2004-04-19,14.016728401184082,75.44245910644531,0.18579363089698894,1.603080080002743
2004-04-20,13.851513862609863,74.17658233642578,0.18673701896626507,1.7188650124077243
2004-04-21,13.825428009033203,74.67362976074219,0.18514471645921757,1.4814368642811715
2004-04-22,13.947161674499512,75.72085571289062,0.18419181272043078,1.3364782088037452
2004-04-23,13.912378311157227,75.79375457763672,0.1835557347526116,1.2372354694158099
2004-04-26,13.868906021118164,75.68769836425781,0.18323857536758592,1.1832280137616307
2004-04-27,13.947161674499512,75.75396728515625,0.18411130366280387,1.2939789195813673
2004-04-28,13.651522636413574,74.7730712890625,0.18257271503050407,1.0711517761018796
2004-04-29,13.651522636413574,74.11692810058594,0.1841889968495018,1.2851086176792166
2004-04-30,13.555874824523926,73.54035186767578,0.18433247163292849,1.293991445588821
2004-05-03,13.729778289794922,74.32902526855469,0.18471624295069805,1.3356200354952286
2004-05-04,13.834120750427246,74.26935577392578,0.1862695671218422,1.5358341169614413
2004-05-05,13.981943130493164,74.74656677246094,0.18705799790184566,1.6281750290579955
2004-05-06,13.834120750427246,74.10368347167969,0.1866860067180635,1.5619350183005
2004-05-07,13.529792785644531,72.8775863647461,0.18565094510579802,1.4083408571259894
2004-05-10,13.277626991271973,72.12861633300781,0.18408265216084296,1.1846519472764687
2004-05-11,13.373275756835938,72.73838806152344,0.1838544421073035,1.1442123675730802
2004-05-12,13.503703117370605,73.20232391357422,0.18447096206007957,1.2182158215649663
2004-05-13,13.41675090789795,72.89745330810547,0.18404965192941988,1.151495618303043
2004-05-14,13.347186088562012,72.93061828613281,0.18301210660516057,1.002493178376122
2004-05-17,13.260233879089355,72.3075942993164,0.18338646178987478,1.0459047673508366
2004-05-18,13.312413215637207,72.67210388183594,0.183184640385299,1.010973799106287
2004-05-19,13.399358749389648,72.42027282714844,0.1850222075436118,1.2506551129143837
2004-05-20,13.442839622497559,72.65221405029297,0.1850300062871016,1.2423847515146131
2004-05-21,13.425446510314941,72.7781753540039,0.18447077636958562,1.158520413597059
2004-05-24,13.581965446472168,73.08303833007812,0.1858429227467184,1.3317065430183714
2004-05-25,13.808038711547852,74.13020324707031,0.18626737964722304,1.3764391883596192
2004-05-26,13.79934310913086,74.38866424560547,0.1855033054978677,1.2641148643967959
2004-05-27,13.894989967346191,74.80622100830078,0.18574644969439574,1.2863173310323126
2004-05-28,13.825428009033203,74.79957580566406,0.18483297345098443,1.155872034198303
2004-06-01,13.929774284362793,74.70015716552734,0.18647583636933912,1.3613138442167196
2004-06-02,13.9036865234375,74.9785385131836,0.1854355499473065,1.21396888043667
2004-06-03,13.912378311157227,74.28925323486328,0.18727309409308038,1.4430814673126888
2004-06-04,13.999330520629883,74.87913513183594,0.1869590306562965,1.3894362599569785
2004-06-07,14.190628051757812,76.01908111572266,0.18667192293676427,1.340220899870812
2004-06-08,14.260191917419434,76.1251220703125,0.18732570181297176,1.412945265469597
2004-06-09,14.025416374206543,75.41594696044922,0.18597414657621372,1.226649908722076
2004-06-10,14.20801830291748,75.78712463378906,0.18747271877079438,1.4091324211961316
2004-06-14,13.825428009033203,75.0381851196289,0.18424523443620267,0.9828467575050199
2004-06-15,13.912378311157227,75.568359375,0.18410322026601794,0.9574139212809314
2004-06-16,14.016728401184082,75.55512237548828,0.18551658657271147,1.1312674293802027
2004-06-17,14.129766464233398,75.44245910644531,0.1872919657125313,1.349226002386931
2004-06-18,14.173238754272461,75.58477020263672,0.1875144783304248,1.3660414743908482
2004-06-21,14.129766464233398,75.29876708984375,0.18764937342698154,1.371256868605673
2004-06-22,14.051506996154785,75.67793273925781,0.18567509031421503,1.1100428419214692
2004-06-23,14.042807579040527,76.3298110961914,0.18397540066414778,0.8861709466109273
2004-06-24,13.929774284362793,76.0903549194336,0.18306885674422196,0.7642959097550167
2004-06-25,14.086286544799805,75.72451782226562,0.186020155029075,1.131985714688805
2004-06-28,14.138457298278809,75.465087890625,0.18735096842092494,1.2908510386039196
2004-06-29,13.955855369567871,75.77772521972656,0.1841683070994966,0.8783886288463046
2004-06-30,14.042807579040527,76.1834945678711,0.18432874021721246,0.8916884320453408
2004-07-01,13.834120750427246,75.1258316040039,0.18414599153255753,0.8614247342618717
2004-07-02,13.825428009033203,75.0859375,0.18412806005163354,0.852185389834303
2004-07-06,13.738476753234863,74.42740631103516,0.1845889496111313,0.9037681771750701
2004-07-07,13.947161674499512,74.64693450927734,0.1868417205098505,1.1828590215154489
2004-07-08,13.84282112121582,74.12804412841797,0.18674202569320172,1.162056684464279
2004-07-09,13.99063777923584,74.32096862792969,0.18824617113477962,1.345359375229552
2004-07-12,13.981943130493164,74.35421752929688,0.18804505776668326,1.310208809766318
2004-07-13,13.84282112121582,74.40744018554688,0.18604081912637402,1.0457822681842082
2004-07-14,13.886296272277832,74.1812744140625,0.1871940915273008,1.1873212637724975
2004-07-15,13.668913841247559,73.7023696899414,0.18546098176695444,0.9577495027966254
2004-07-16,13.84282112121582,73.64246368408203,0.18797335706474977,1.2797030035940873
2004-07-19,13.868906021118164,73.3298568725586,0.18913041171239717,1.423169972799882
2004-07-20,13.816733360290527,74.26112365722656,0.18605607725605672,1.0119754829708618
2004-07-21,13.590655326843262,72.89080047607422,0.1864522715909023,1.0584584155841197
2004-07-22,13.668913841247559,73.09034729003906,0.18701394025405585,1.1264678780731388
2004-07-23,13.564571380615234,72.4784164428711,0.18715325260047722,1.1374456789736482
2004-07-26,13.486315727233887,72.3387680053711,0.18643275382064206,1.0329981117444165
2004-07-27,13.529792785644531,73.01720428466797,0.1852959575512739,0.8727591206833215
2004-07-28,13.651522636413574,73.23672485351562,0.18640269159658157,1.0150990662892816
2004-07-29,13.695002555847168,73.54934692382812,0.18620155213656064,0.9803443965945605
2004-07-30,13.712390899658203,73.72895050048828,0.18598380699271436,0.9436957905067305
2004-08-02,13.894989967346191,73.8819351196289,0.1880701953034603,1.2211959457154662
2004-08-03,13.764561653137207,73.30988311767578,0.18775860863183436,1.170416755012951
2004-08-04,13.764561653137207,73.30323791503906,0.18777562962622196,1.1647038276727404
2004-08-05,13.695002555847168,72.10589599609375,0.18992902545152587,1.4493138731384911
2004-08-06,13.59935474395752,71.07485961914062,0.19133846787500627,1.6299444800050513
2004-08-09,13.581965446472168,71.17465209960938,0.19082587755348804,1.5471147516985393
2004-08-10,13.67760944366455,72.09261322021484,0.18972275844523465,1.3847033888413158
2004-08-11,13.608051300048828,71.94628143310547,0.18914182955656134,1.2950797880693492
2004-08-12,13.486315727233887,71.16132354736328,0.1895174942643909,1.3373496358841812
2004-08-13,13.581965446472168,71.30101013183594,0.19048770026341905,1.4603225112505518
2004-08-16,13.721085548400879,72.03938293457031,0.1904664502868249,1.4451359983321415
2004-08-17,13.695002555847168,72.44513702392578,0.18903963907645377,1.2384428848960531
2004-08-18,13.68630599975586,73.19015502929688,0.18699654337769123,0.9491352837521236
2004-08-19,13.712390899658203,72.97731018066406,0.18789937400695558,1.0670104085227932
2004-08-20,13.712390899658203,73.48951721191406,0.18658975347622997,0.8787619521279849
2004-08-23,13.651522636413574,73.30323791503906,0.18623355563414745,0.8239774267930929
2004-08-24,13.581965446472168,73.40299987792969,0.1850328388357313,0.6486501403389493
2004-08-25,13.729778289794922,73.90189361572266,0.18578384961537583,0.7494073572497375
2004-08-26,13.764561653137207,73.90189361572266,0.18625451906158993,0.8111201987357844
2004-08-27,13.808038711547852,74.13472747802734,0.18625601228034985,0.8066666072326589
2004-08-30,13.834120750427246,73.52274322509766,0.18816110693901372,1.0786357615859046
2004-08-31,13.868906021118164,73.90856170654297,0.18764951855219744,1.0021336643288714
2004-09-01,13.894989967346191,74.04826354980469,0.18764774893067485,1.0011252144900513
2004-09-02,13.99063777923584,74.88638305664062,0.18682485664521897,0.8755848925743966
2004-09-03,13.808038711547852,74.5804214477539,0.18514294292666136,0.6140052780885807
2004-09-07,13.868906021118164,75.07261657714844,0.18473987791361676,0.5462459467117882
2004-09-08,13.912378311157227,74.88638305664062,0.18577981394340465,0.7057939802879124
2004-09-09,13.894989967346191,74.81983184814453,0.185712659653495,0.692289974092409
2004-09-10,14.051506996154785,75.20567321777344,0.18684105061417064,0.8721990857306379
2004-09-13,14.025416374206543,75.45175170898438,0.18588589471457526,0.7116503311440834
2004-09-14,14.025416374206543,75.60475158691406,0.1855097210138061,0.6443112242685688
2004-09-15,13.929774284362793,75.0327377319336,0.18564928730348518,0.6632072466824762
2004-09-16,13.999330520629883,75.25888061523438,0.18601566228711686,0.7214875270557238
2004-09-17,14.094978332519531,75.57880401611328,0.18649379963083967,0.8011384629402425
2004-09-20,14.03410816192627,75.1246337890625,0.18681100265103076,0.8534813365265577
2004-09-21,14.26888370513916,75.45191955566406,0.1891122689676888,1.2595048988652053
2004-09-22,14.112371444702148,74.51007080078125,0.18940220151494178,1.3092937631343882
2004-09-23,14.06889820098877,74.10933685302734,0.18983975297053354,1.3838524004499215
2004-09-24,14.129766464233398,74.44999694824219,0.18978867754764914,1.3672549239980338
2004-09-27,14.112371444702148,73.97576904296875,0.19077018903994078,1.5371020686288503
2004-09-28,14.303668975830078,74.32978057861328,0.1924352374577793,1.8295490228653641
2004-09-29,14.173238754272461,74.70378875732422,0.18972583573122812,1.3255333618930447
2004-09-30,14.199323654174805,74.65036010742188,0.19021105368737642,1.4123812805193852
2004-10-01,14.34714126586914,75.91281127929688,0.18899499338897396,1.181763778718461
2004-10-04,14.3732271194458,76.03971862792969,0.18902262368664866,1.1806959988601908
2004-10-05,14.408008575439453,76.07982635498047,0.18938014537800338,1.2421644021729987
2004-10-06,14.434091567993164,76.60081481933594,0.1884326113506255,1.0550820994748078
2004-10-07,14.416707038879395,75.7791976928711,0.19024623482171865,1.3966788916565263
2004-10-08,14.460176467895508,75.15133666992188,0.19241409545923568,1.8043076897031574
2004-10-11,14.503660202026367,75.45858001708984,0.19220690607670568,1.7586321815236958
2004-10-12,14.364529609680176,75.1646957397461,0.1911074004665252,1.5387847180547456
2004-10-13,14.277584075927734,74.50345611572266,0.19163653366296252,1.6322160461976625
2004-10-14,14.28627872467041,73.90225982666016,0.19331315115639605,1.9462494837019775
2004-10-15,14.381921768188477,74.31636810302734,0.19352293626957554,1.971040361902825
2004-10-18,14.338445663452148,74.59693145751953,0.19221227178248498,1.7072308005438568
2004-10-19,14.338445663452148,73.96903991699219,0.19384387954126084,2.0121935182152506
2004-10-20,14.47757625579834,73.82210540771484,0.19611437760870673,2.436006575652953
2004-10-21,14.521047592163086,74.30304718017578,0.19543004147530216,2.2792137530996963
2004-10-22,14.434091567993164,73.46807861328125,0.19646752495013298,2.452096024375887
2004-10-25,14.468877792358398,73.38125610351562,0.19717402727404673,2.5611038493338727
2004-10-26,14.468877792358398,74.50345611572266,0.19420411544243776,1.971209629883089
2004-10-27,14.60799503326416,75.39849853515625,0.19374384526308377,1.8701369434482313
2004-10-28,14.5993013381958,75.62557220458984,0.1930471520757597,1.7229975227706835
2004-10-29,14.60799503326416,75.6122055053711,0.1931962562873065,1.743784128461008
2004-11-01,14.703648567199707,75.81932067871094,0.19393010166244204,1.8770572389780225
2004-11-02,14.781903266906738,75.84599304199219,0.1948936611420293,2.05382298029248
2004-11-03,14.99059009552002,76.80117797851562,0.1951869813730395,2.103681591084666
2004-11-04,15.12971305847168,77.84986877441406,0.19434474709666014,1.9346227635608508
2004-11-05,15.242755889892578,78.33747100830078,0.19457809517845462,1.9765355889933625
2004-11-08,15.051459312438965,78.22395324707031,0.19241496610250494,1.5425913929068662
2004-11-09,15.121020317077637,78.07026672363281,0.19368475287276457,1.7981696562508702
2004-11-10,15.077544212341309,78.13041687011719,0.19297918552522236,1.653542402052267
2004-11-11,15.225358963012695,78.72489929199219,0.19339953559726436,1.7406416524081259
2004-11-12,15.399264335632324,79.3460693359375,0.1940772172397666,1.8775945113791206
2004-11-15,15.294926643371582,79.5410385131836,0.19228975292843972,1.4973471597624075
2004-11-16,15.26014232635498,78.97159576416016,0.1932358359824422,1.6939658587181239
2004-11-17,15.242755889892578,79.4405288696289,0.1918763143547005,1.3974507842080053
2004-11-18,15.26014232635498,79.5477294921875,0.1918363028558056,1.3806661384402328
2004-11-19,15.1644926071167,78.66342163085938,0.19277692595522344,1.5760996681974768
2004-11-22,15.199275016784668,79.03858947753906,0.19230195170808242,1.4695886618299197
2004-11-23,15.277530670166016,79.15919494628906,0.19299754981758083,1.6166867655031703
2004-11-24,15.31231689453125,79.34675598144531,0.19297974699951098,1.6053091428113995
2004-11-26,15.486220359802246,79.28644561767578,0.19531989659970095,2.1114144139331215
2004-11-29,15.555778503417969,78.92469024658203,0.19709647836206284,2.483439534431077
2004-11-30,15.442743301391602,78.97827911376953,0.19553152429601653,2.122733703511031
2004-12-01,15.799243927001953,79.8759994506836,0.19779713600649965,2.595407419807882
2004-12-02,15.781856536865234,79.94298553466797,0.19741389981015026,2.4812977054051735
2004-12-03,15.860112190246582,79.889404296875,0.1985258537078236,2.693075550809719
2004-12-06,15.842724800109863,79.86259460449219,0.19837478206873493,2.6315612472532357
2004-12-07,15.712291717529297,79.11897277832031,0.19859069406212868,2.648863890078884
2004-12-08,15.686208724975586,79.58122253417969,0.19710942136178478,2.3056728338976336
2004-12-09,15.686208724975586,79.86259460449219,0.1964149650115832,2.135827504500398
2004-12-10,15.477519035339355,79.94298553466797,0.1936069679137439,1.5185093061857817
2004-12-13,15.781856536865234,80.63972473144531,0.19570821439958522,1.9718155333900471
2004-12-14,15.7644624710083,80.92108154296875,0.19481279995791256,1.7681283003420465
2004-12-15,15.894896507263184,80.98139190673828,0.196278381156605,2.0880776853132255
2004-12-16,15.825334548950195,80.93448638916016,0.1955326493684865,1.9048831432833064
2004-12-17,15.773154258728027,80.39466857910156,0.19619652070844196,2.0306029205267704
2004-12-20,15.894896507263184,80.41484832763672,0.1976612135423313,2.321701304044826
2004-12-21,15.825334548950195,81.03411102294922,0.19529225839805153,1.7813312644240091
2004-12-22,15.842724800109863,81.22931671142578,0.19503703147464016,1.708934993742777
2004-12-23,15.900337219238281,81.28990936279297,0.19560038070993335,1.813394062864523
2004-12-27,16.024412155151367,81.12161254882812,0.19753567084858023,2.205041532305699
2004-12-28,15.997831344604492,81.56584930419922,0.19613393940079873,1.8803784915542232
2004-12-29,15.935789108276367,81.68701934814453,0.19508349350291648,1.6399053788759281
2004-12-30,16.042144775390625,81.53221893310547,0.19675834885044258,1.9769065949207905
2004-12-31,16.03327751159668,81.3572006225586,0.19707263019016658,2.0184525808193685
2005-01-03,15.935789108276367,80.9735336303711,0.1968024414127737,1.9377859951852505
2005-01-04,15.643308639526367,79.98409271240234,0.19558024738462418,1.6633454671351173
2005-01-05,15.652170181274414,79.4321060180664,0.19705092771573263,1.9477456740384484
2005-01-06,15.643308639526367,79.83599853515625,0.19594304482379268,1.699806940136128
2005-01-07,15.661032676696777,79.72156524658203,0.19644662806427055,1.7844465147023465
2005-01-10,15.66989803314209,80.09851837158203,0.195632807593874,1.6009759350624029
2005-01-11,15.457181930541992,79.54656982421875,0.19431613411739973,1.3195797285205446
2005-01-12,15.563533782958984,79.80908966064453,0.19500953900284465,1.4482103339405177
2005-01-13,15.403999328613281,79.16966247558594,0.19456947076619802,1.3467741319619768
2005-01-14,15.439455032348633,79.5869369506836,0.19399483915200508,1.2200757089440875
2005-01-18,15.474910736083984,80.41484832763672,0.19243847445976736,0.897107166114697
2005-01-19,15.37741470336914,79.573486328125,0.1932479700582635,1.0544049930972264
2005-01-20,15.359688758850098,79.08887481689453,0.19420795648453257,1.2403826107874607
2005-01-21,15.3951416015625,78.60423278808594,0.19585639418512263,1.562128829922153
2005-01-24,15.439455032348633,78.44945526123047,0.19680767675105545,1.7412083659451385
2005-01-25,15.430590629577637,78.6715316772461,0.19613944587836943,1.599728989638208
2005-01-26,15.678762435913086,78.90713500976562,0.19869891910246984,2.1024209558317253
2005-01-27,15.678762435913086,79.04177856445312,0.19836044583850218,2.0141181915050774
2005-01-28,15.678762435913086,79.04177856445312,0.19836044583850218,1.9958204520881593
2005-01-31,15.643308639526367,79.5331039428711,0.1966892760876403,1.6437350629603502
2005-02-01,15.829434394836426,80.03790283203125,0.19777422739394254,1.8535747847398274
2005-02-02,15.944643020629883,80.28023529052734,0.1986123105260912,2.008022291648917
2005-02-03,15.891473770141602,80.07157135009766,0.19846586625182072,1.9576966817529677
2005-02-04,15.9801025390625,80.92640686035156,0.19746462445364868,1.739801309128571
2005-02-07,15.882609367370605,80.81869506835938,0.19652147753606414,1.5360281711049573
2005-02-08,15.87374210357666,80.91295623779297,0.1961829457438897,1.4549214000087474
2005-02-09,15.944643020629883,80.30715942382812,0.19854572288481306,1.9136713181524936
2005-02-10,16.095325469970703,80.59658813476562,0.19970231795740156,2.12089292027617
2005-02-11,16.19281578063965,81.28990936279297,0.19919834955617785,1.9989544573501556
2005-02-14,16.387800216674805,81.22931671142578,0.20174736019131972,2.472002799189428
2005-02-15,16.48529815673828,81.53221893310547,0.20219366493954902,2.5174918245245816
2005-02-16,16.405529022216797,81.5860366821289,0.20108255884686652,2.2673673603478046
2005-02-17,16.44984245300293,80.92640686035156,0.20326915640019888,2.6434645337711267
2005-02-18,16.556198120117188,81.03411102294922,0.20431146724653274,2.7875862299590297
2005-02-22,16.414390563964844,79.82926940917969,0.20561869957533807,2.968316938288174
2005-02-23,16.414390563964844,80.40138244628906,0.20415557624186662,2.6475413835339587
2005-02-24,16.414390563964844,80.93314361572266,0.2028141973812576,2.364760955490566
2005-02-25,16.57392692565918,81.73413848876953,0.20277851130634328,2.3227070819163935
2005-02-28,16.467567443847656,81.19564819335938,0.20281342424450852,2.2946760394610943
2005-03-01,16.556198120117188,81.59953308105469,0.20289574578412767,2.27548117797278
2005-03-02,16.37893295288086,81.55914306640625,0.20082276906152596,1.8895660934573455
2005-03-03,16.547338485717773,81.59275817871094,0.20280400926604883,2.2068972643271665
2005-03-04,16.724607467651367,82.60917663574219,0.20245459583015862,2.120037096830044
2005-03-07,16.59164810180664,82.64954376220703,0.200747001696015,1.8056584842096424
2005-03-08,16.671419143676758,82.33991241455078,0.20247069318877065,2.0750040517347426
2005-03-09,16.57392692565918,81.42448425292969,0.20354967031999152,2.2291401891841547
2005-03-10,16.556198120117188,81.6062240600586,0.20287911015135995,2.089031643136592
2005-03-11,16.503026962280273,81.03411102294922,0.20365530952275818,2.1917590134328195
2005-03-14,16.440980911254883,81.5389175415039,0.2016335439195192,1.8349153689101223
2005-03-15,16.4764347076416,80.86580657958984,0.20375032915086483,2.162071047178497
2005-03-16,16.48529815673828,80.17930603027344,0.20560539836194017,2.435681022483853
2005-03-17,16.503026962280273,80.34083557128906,0.20541268764421294,2.3697503668637485
2005-03-18,16.35235023498535,80.10228729248047,0.20414336204005518,2.1362101737709978
2005-03-21,16.272584915161133,79.80499267578125,0.20390434695321313,2.072358913916276
2005-03-22,15.962368965148926,78.99403381347656,0.20207056399778017,1.7590940297770157
2005-03-23,15.864879608154297,79.06163787841797,0.2006646969868183,1.5190589205597809
2005-03-24,16.00668716430664,79.15624237060547,0.2022163595053458,1.7509037590591212
2005-03-28,16.01555633544922,79.2711410522461,0.202035143216794,1.7060711878133208
2005-03-29,15.935789108276367,78.7440414428711,0.20237453928292218,1.744302133519654
2005-03-30,16.03327751159668,79.8590087890625,0.20076980361660335,1.4768850975040795
2005-03-31,16.06873321533203,79.7103271484375,0.20158910131442126,1.5929175569154255
2005-04-01,15.997831344604492,79.35218048095703,0.2016054410558215,1.581127330549117
2005-04-04,15.997831344604492,79.48735046386719,0.20126260658136638,1.5131970069059282
2005-04-05,16.166221618652344,79.86577606201172,0.20241738596642564,1.680502628235497
2005-04-06,16.148496627807617,80.14285278320312,0.20149640382145378,1.5227443983585673
2005-04-07,16.175086975097656,80.57528686523438,0.20074501257626526,1.3925547084228767
2005-04-08,16.308034896850586,79.73735809326172,0.20452188643843108,1.9662704409356813
2005-04-11,16.37893295288086,79.79818725585938,0.2052544489558965,2.056557288289549
2005-04-12,16.467567443847656,80.21040344238281,0.20530463302901514,2.039331676839678
2005-04-13,16.175086975097656,79.26435852050781,0.20406507132600749,1.826970347195992
2005-04-14,16.042144775390625,78.23048400878906,0.2050625785926151,1.9633139198453153
2005-04-15,15.87374210357666,77.1357650756836,0.20578965007998248,2.0526466499520692
2005-04-18,15.926918983459473,77.37229919433594,0.20584781826704987,2.0375044928121975
2005-04-19,16.130773544311523,77.98722839355469,0.20683865649012684,2.1602072613032948
2005-04-20,15.864879608154297,76.89929962158203,0.20630720547813375,2.0535851898725794
2005-04-21,16.11304473876953,78.39265441894531,0.20554278788237407,1.9170246935740396
2005-04-22,15.962368965148926,78.09534454345703,0.20439590936520532,1.728479145769526
2005-04-25,16.11304473876953,78.60888671875,0.20497739392264164,1.7978892020474715
2005-04-26,15.926918983459473,77.84529876708984,0.20459705641457174,1.7254426993262988
2005-04-27,15.909198760986328,78.14937591552734,0.20357422659629149,1.559643980179844
2005-04-28,15.71420955657959,77.1695556640625,0.20363224099653102,1.555889706352061
2005-04-29,15.87374210357666,78.21695709228516,0.20294502232869846,1.4418603883891692
2005-05-02,15.87374210357666,78.65617370605469,0.2018117759312611,1.2636943423890048
2005-05-03,15.935789108276367,78.7913589477539,0.20225300491191295,1.3185874235996629
2005-05-04,16.228271484375,79.39950561523438,0.20438756335607816,1.6199014977219088
2005-05-05,16.210546493530273,79.37247467041016,0.2042338551348396,1.581926409921719
2005-05-06,16.157360076904297,79.12248992919922,0.20420692133630156,1.56318840713471
2005-05-09,16.05100440979004,79.61576080322266,0.20160586607294384,1.1711770455992045
2005-05-10,15.944643020629883,78.7913589477539,0.20236537652818862,1.2731602891562994
2005-05-11,15.9801025390625,79.22380828857422,0.20170833596959484,1.1677474194510282
2005-05-12,15.820566177368164,78.35210418701172,0.20191628982429688,1.1893339407568144
2005-05-13,15.740796089172363,78.19670104980469,0.2012974444938132,1.0898886575887985
2005-05-16,15.652170181274414,78.9264907836914,0.19831326625392834,0.6425071468944609
2005-05-17,15.723073959350586,79.45357513427734,0.19789007521409116,0.5735859142817359
2005-05-18,15.909198760986328,80.2712173461914,0.1981930670413729,0.6126602615483547
2005-05-19,15.87374210357666,80.60906982421875,0.19692253164801365,0.4166224513814541
2005-05-20,15.802840232849121,80.49422454833984,0.19632265943948457,0.32084663693092697
2005-05-23,15.926918983459473,80.94023895263672,0.19677380731207533,0.3830877835864802
2005-05-24,15.811697006225586,80.75098419189453,0.19580810270561014,0.23153706888168935
2005-05-25,15.891473770141602,80.690185546875,0.19694432058171235,0.3988163292721915
2005-05-26,15.85601806640625,81.1226577758789,0.1954573296921849,0.16682950694157397
2005-05-27,15.891473770141602,81.2577896118164,0.19556861989549718,0.1784967813665403
2005-05-31,15.749667167663574,80.73747253417969,0.1950725812106151,0.0965692279107887
2005-06-01,15.749667167663574,81.42672729492188,0.19342134567952593,-0.16261025150238803
2005-06-02,15.84715461730957,81.60238647460938,0.19419964662725178,-0.047881856355780655
2005-06-03,15.749667167663574,81.19024658203125,0.19398471898654435,-0.08557750139741702
2005-06-06,15.83829402923584,81.11592864990234,0.19525504167737723,0.10719801166744411
2005-06-07,15.9801025390625,81.17671203613281,0.196855750106626,0.35155735642740654
2005-06-08,15.87374210357666,81.02803039550781,0.19590433120606496,0.19791181915507097
2005-06-09,15.926918983459473,81.41323852539062,0.1956305789075359,0.14952160323937724
2005-06-10,15.882609367370605,81.2240219116211,0.1955407894557633,0.13068303543275755
2005-06-13,15.84715461730957,81.48078918457031,0.1944894591216169,-0.04185034516434634
2005-06-14,15.891473770141602,81.67001342773438,0.19458150064102972,-0.03403914080863365
2005-06-15,15.953513145446777,81.82539367675781,0.1949701972528158,0.022096613877205865
2005-06-16,15.944643020629883,82.03490447998047,0.19436413221546398,-0.07977114003031811
2005-06-17,16.1839542388916,82.33885192871094,0.19655307136057332,0.2670293659500655
2005-06-20,16.130773544311523,82.36599731445312,0.19584263009319486,0.14768383808401797
2005-06-21,16.19281578063965,82.41348266601562,0.19648260523416744,0.245246487783179
2005-06-22,16.139636993408203,82.48136138916016,0.1956761712171412,0.10749947835518311
2005-06-23,16.07758903503418,81.32113647460938,0.19770492312357232,0.43256458150196253
2005-06-24,16.01555633544922,80.7240982055664,0.19839870238828944,0.5407358018987234
2005-06-27,16.03327751159668,80.83941650390625,0.19833489905041476,0.5244409123736049
2005-06-28,16.121912002563477,81.5179214477539,0.1977713822462495,0.4248326613583187
2005-06-29,16.01555633544922,81.3008041381836,0.1969913644178506,0.2882892891043721
2005-06-30,15.926918983459473,80.8597640991211,0.19696964443200238,0.2780091875364607
2005-07-01,15.882609367370605,81.0972671508789,0.19584641906393113,0.08098042043454935
2005-07-05,15.84715461730957,81.74858093261719,0.19385235115422844,-0.2663378383159831
2005-07-06,15.882609367370605,81.0633316040039,0.19592840626089103,0.08344898813490213
2005-07-07,15.776248931884766,81.38220977783203,0.19385377928361575,-0.27951228435654096
2005-07-08,15.864879608154297,82.31169128417969,0.19274150926362424,-0.4760403688420671
2005-07-11,15.953513145446777,82.73235321044922,0.19283282206255226,-0.4648612541273044
2005-07-12,16.095325469970703,82.94947052001953,0.19403771198378125,-0.2624205199363149
2005-07-13,16.024412155151367,83.0648193359375,0.19291454894212356,-0.46434412843882716
2005-07-14,16.01555633544922,83.3904800415039,0.19205497231192561,-0.62309028537112
2005-07-15,15.900337219238281,83.34300231933594,0.19078191061937944,-0.8513554102756726
2005-07-18,15.802840232849121,83.01055145263672,0.1903714643055436,-0.9255860275779236
2005-07-19,15.696483612060547,83.46513366699219,0.18806036631638448,-1.3385840255746888
2005-07-20,15.811697006225586,83.75005340576172,0.18879626177214825,-1.2126536163975752
2005-07-21,15.87374210357666,83.26158142089844,0.19064905845749877,-0.8888308986496658
2005-07-22,15.820566177368164,83.81792449951172,0.18874919979031843,-1.2304368827601944
2005-07-25,15.891473770141602,83.5804443359375,0.19013387517142769,-0.9893469065912989
2005-07-26,15.811697006225586,83.68221282958984,0.1889493175619587,-1.208933774084477
2005-07-27,15.997831344604492,83.98753356933594,0.19047864206415202,-0.9404171652006811
2005-07-28,16.121912002563477,84.51670837402344,0.19075413977573472,-0.8977869920805691
2005-07-29,16.042144775390625,83.9535903930664,0.1910834867250123,-0.8458163729547736
2005-08-01,16.272584915161133,83.89253234863281,0.1939694089521226,-0.3255785148814605
2005-08-02,16.396665573120117,84.3946304321289,0.19428564932583592,-0.2736242859038048
2005-08-03,16.45870590209961,84.61849212646484,0.19450483562743692,-0.23929312972859434
2005-08-04,16.405529022216797,83.93999481201172,0.19544353152460744,-0.07042546824553138
2005-08-05,16.405529022216797,83.37010955810547,0.1967795065782279,0.1727020284722931
2005-08-08,16.503026962280273,83.21407318115234,0.19832014383377333,0.45288316501525383
2005-08-09,16.635967254638672,83.71614837646484,0.1987187367941016,0.52119773389212
2005-08-10,16.671419143676758,83.67539978027344,0.1992391932091738,0.6118715024366326
2005-08-11,16.85755157470703,84.00787353515625,0.20066632882514704,0.8704404116256386
2005-08-12,16.875272750854492,83.49225616455078,0.202117819377115,1.1318437718119156
2005-08-15,16.9018611907959,84.00787353515625,0.2011937748159127,0.9521029165456575
2005-08-16,16.715736389160156,82.91555786132812,0.20159951666870937,1.019827711552256
2005-08-17,16.635967254638672,82.90878295898438,0.20065385910764866,0.836957791589139
2005-08-18,16.4764347076416,82.9019546508789,0.1987460341197989,0.47336227490441074
2005-08-19,16.565065383911133,83.0919418334961,0.19935826529490744,0.5825463070472401
2005-08-22,16.600513458251953,83.0919418334961,0.19978487795503583,0.6573743641926206
2005-08-23,16.57392692565918,82.9359130859375,0.1998401694629613,0.6623150429324288
2005-08-24,16.396665573120117,82.19632720947266,0.19948173026434807,0.5874652827536666
2005-08-25,16.48529815673828,82.49490356445312,0.19983414058855584,0.6498420245055668
2005-08-26,16.37007713317871,81.9317398071289,0.19980140995070564,0.6375718694570411
2005-08-29,16.423255920410156,82.562744140625,0.19891848425528644,0.45798733102148503
2005-08-30,16.387800216674805,82.12850952148438,0.19953850754332567,0.5743519529169843
2005-08-31,16.68028450012207,83.16658782958984,0.20056473321113447,0.7720346335032776
2005-09-01,16.93731117248535,83.10552978515625,0.20380486372292617,1.4109229021477832
2005-09-02,17.05253028869629,82.95624542236328,0.20556053618235814,1.7549365059838884
2005-09-06,17.23865509033203,83.92648315429688,0.20540185222153498,1.7169115493614246
2005-09-07,17.23865509033203,84.06896209716797,0.20505373993326306,1.6389061954579773
2005-09-08,17.132299423217773,83.7907485961914,0.20446528656501942,1.5131145612981645
2005-09-09,17.212066650390625,84.53707885742188,0.20360375450658835,1.3300550461708869
2005-09-12,17.043664932250977,84.36744689941406,0.2020170760005462,0.998905431769705
2005-09-13,16.9461727142334,83.89934539794922,0.2019821803597483,0.9879090019531603
2005-09-14,16.95503807067871,83.59400177001953,0.20282601277212128,1.161516423738694
2005-09-15,16.9461727142334,83.55331420898438,0.20281867780669316,1.156163613097793
2005-09-16,17.123435974121094,84.1474609375,0.20349319852727843,1.2957965834121776
2005-09-19,17.105703353881836,83.86811065673828,0.20395956484453723,1.3910038331043197
2005-09-20,16.9018611907959,83.15948486328125,0.20324634307900638,1.2287082968722158
2005-09-21,16.93731117248535,82.38272094726562,0.20559300515610757,1.7262563892046336
2005-09-22,16.875272750854492,82.67567443847656,0.2041141226300161,1.3945685726240789
2005-09-23,16.768911361694336,82.74386596679688,0.20266047719384175,1.070240568041938
2005-09-26,16.85755157470703,82.83924865722656,0.2034971568182668,1.2444332132589042
2005-09-27,16.77777671813965,82.8188247680664,0.20258409564643914,1.0359829026263758
2005-09-28,16.875272750854492,82.90055084228516,0.20356044175097215,1.2423718269986446
2005-09-29,16.919586181640625,83.57510375976562,0.20244768382550285,0.990395650867529
2005-09-30,16.804365158081055,83.83403015136719,0.20044801768136164,0.5422258635183278
2005-10-03,16.8132266998291,83.53423309326172,0.20127349084605817,0.7202978419038044
2005-10-04,16.715736389160156,82.59398651123047,0.2023844240389981,0.9634445361115981
2005-10-05,16.538475036621094,81.51060485839844,0.20289967256839775,1.0745599120913834
2005-10-06,16.494157791137695,81.21761322021484,0.20308597035984238,1.1098120481880969
2005-10-07,16.432117462158203,81.49699401855469,0.20162850986156677,0.7707218842181475
2005-10-10,16.35235023498535,80.8088150024414,0.20235849559842342,0.9304194095707841
2005-10-11,16.37007713317871,80.6929702758789,0.20286868951795328,1.0400719335433979
2005-10-12,16.254854202270508,80.05931854248047,0.2030351306780794,1.0705994677824264
2005-10-13,16.104185104370117,80.01163482666016,0.20127304159274778,0.6583714917837661
2005-10-14,16.290307998657227,80.85653686523438,0.20147175021617228,0.6980878384331594
2005-10-17,16.19281578063965,81.15632629394531,0.199526229440079,0.2423324291689763
2005-10-18,15.953513145446777,80.27735137939453,0.19872993903410846,0.053008134348968096
2005-10-19,16.095325469970703,81.61279296875,0.1972157168562249,-0.30064675927660467
2005-10-20,15.785117149353027,80.17510986328125,0.1968830123996166,-0.37975667203251906
2005-10-21,15.811697006225586,80.48857879638672,0.19644646784265749,-0.4814785044712697
2005-10-24,16.086454391479492,81.73543548583984,0.19681126424372414,-0.3960731488967491
2005-10-25,16.095325469970703,81.57191467285156,0.19731454796080058,-0.28218808452800276
2005-10-26,16.05100440979004,81.3334732055664,0.19734807548697575,-0.27835051747234146
2005-10-27,16.042144775390625,80.4681396484375,0.19936020449184233,0.18727536028925515
2005-10-28,16.210546493530273,81.62645721435547,0.19859426767672284,0.0024257344575436077
2005-10-31,16.396665573120117,81.8512954711914,0.20032261528336018,0.40437111469450576
2005-11-01,16.37893295288086,82.0965576171875,0.1995081575680076,0.20812189040172527
2005-11-02,16.635967254638672,82.955078125,0.20054187917912555,0.44784819025740696
2005-11-03,16.760042190551758,83.30938720703125,0.20117831558287136,0.5928173902456474
2005-11-04,16.618240356445312,83.20038604736328,0.19973753904200742,0.24707023605473255
2005-11-07,16.66255760192871,83.28214263916016,0.2000735940971552,0.3209766940326623
2005-11-08,16.609384536743164,83.28214263916016,0.19943512511088127,0.16383007042855763
2005-11-09,16.57392692565918,83.3911361694336,0.19874926385442665,-0.0055980842790315215
2005-11-10,16.66255760192871,84.03841400146484,0.19827310879091878,-0.12489591213004872
2005-11-11,16.66255760192871,84.32460021972656,0.19760019684066926,-0.2909512590791932
2005-11-14,16.59164810180664,84.27690887451172,0.1968706294924936,-0.4735252003160113
2005-11-15,16.396665573120117,83.97030639648438,0.1952674257933469,-0.865987482341189
2005-11-16,16.29917335510254,84.14064025878906,0.1937134457851951,-1.2485324268829363
2005-11-17,16.4764347076416,84.92417907714844,0.19401347044725348,-1.1811632434095387
2005-11-18,16.503026962280273,85.258056640625,0.19356560086565086,-1.2927260738940742
2005-11-21,16.600513458251953,85.68732452392578,0.19373359537695364,-1.2555309017733618
2005-11-22,16.66255760192871,86.05525970458984,0.19362625432922836,-1.2835189066567971
2005-11-23,16.635967254638672,86.55260467529297,0.19220643118770891,-1.6291124365808571
2005-11-25,16.565065383911133,86.62078857421875,0.1912366033208967,-1.8526862992510342
2005-11-28,16.556198120117188,86.00756072998047,0.192497008165307,-1.5344065901374975
2005-11-29,16.5207462310791,85.91217041015625,0.19229808945818547,-1.5737149362699934
2005-11-30,16.423255920410156,85.44883728027344,0.19219987589230308,-1.584262502099869
2005-12-01,16.715736389160156,86.32097625732422,0.19364628522423422,-1.229319362971934
2005-12-02,16.8132266998291,86.43000030517578,0.19452998542708852,-1.0115008610620664
2005-12-05,16.86640739440918,86.24604034423828,0.1955615275447941,-0.7610586898444218
2005-12-06,16.892993927001953,86.40953063964844,0.1954991978541163,-0.7721071901088151
2005-12-07,16.768911361694336,85.90534210205078,0.1952021952461792,-0.8402855408309403
2005-12-08,16.963909149169922,85.85084533691406,0.19759746200047953,-0.27019539558515127
2005-12-09,16.990488052368164,86.07569885253906,0.19739006803157635,-0.32417202782480264
2005-12-12,17.114574432373047,86.1574478149414,0.1986430061059102,-0.027156313748474777
2005-12-13,17.14116096496582,86.74339294433594,0.1976076838032548,-0.2782842483963397
2005-12-14,17.17661476135254,87.08412170410156,0.1972416374562062,-0.3671961674099813
2005-12-15,16.972759246826172,86.83197021484375,0.19546670661544788,-0.7931723698357483
2005-12-16,17.14116096496582,86.552490234375,0.19804353310400852,-0.17651011497029423
2005-12-19,17.025941848754883,86.1072769165039,0.19772941914380265,-0.2520327760133749
2005-12-20,17.043664932250977,86.18950653076172,0.19774640345768724,-0.25061260939599744
2005-12-21,17.043664932250977,86.32647705078125,0.19743264771739846,-0.32882897789085613
2005-12-22,17.096843719482422,86.778564453125,0.19701689959065397,-0.43067240969647824
2005-12-23,17.105066299438477,86.82655334472656,0.1970027098913671,-0.4335011393876138
2005-12-27,16.949735641479492,85.94290161132812,0.19722089112296565,-0.3821605590884089
2005-12-28,16.93146324157715,86.13468933105469,0.19656962105594708,-0.5411873610106295
2005-12-29,17.041109085083008,85.75113677978516,0.1987275005909922,-0.022193326248154843
2005-12-30,16.97714614868164,85.28538513183594,0.1990627834116949,0.056892988488669305
2006-01-03,17.507110595703125,86.78543090820312,0.2017286820206169,0.6958915883683517
2006-01-04,17.708133697509766,87.1963882446289,0.20308333927581623,1.014986010218381
2006-01-05,17.607620239257812,87.2511978149414,0.20180376522283777,0.7012852165232123
2006-01-06,17.900020599365234,87.97724914550781,0.20346192650056533,1.092422216981116
2006-01-09,17.826921463012695,88.20330047607422,0.2021117278695073,0.7615379782977072
2006-01-10,17.689855575561523,88.29236602783203,0.20035543695799504,0.3346512222039445
2006-01-11,17.817787170410156,88.57318115234375,0.2011645843425674,0.5240945431655673
2006-01-12,17.708133697509766,88.2238540649414,0.2007182058094497,0.41148332469131516
2006-01-13,17.872608184814453,88.14161682128906,0.2027715037387156,0.9006977883713557
2006-01-17,17.698993682861328,87.90191650390625,0.20134934921555217,0.5508561583918289
2006-01-18,17.534523010253906,87.55259704589844,0.20027416206810672,0.28397641081095504
2006-01-19,17.64417266845703,87.8882064819336,0.20075699999730895,0.39590653793016534
2006-01-20,17.507110595703125,86.28541564941406,0.2028976793347812,0.9124072157174304
2006-01-23,17.73554801940918,86.5936279296875,0.2048135462555066,1.3697227662234601
2006-01-24,17.73554801940918,86.68265533447266,0.20460319254151832,1.30716676773338
2006-01-25,17.90915870666504,86.75800323486328,0.20642658935087538,1.7331146725541506
2006-01-26,17.991395950317383,87.23748016357422,0.20623470458549126,1.6699965460250135
2006-01-27,18.073627471923828,88.04573059082031,0.20527545572786912,1.4263297590072916
2006-01-30,17.93656349182129,87.97724914550781,0.2038772940280907,1.0827615895381444
2006-01-31,18.009666442871094,87.33340454101562,0.20621738654895744,1.6272570681985743
2006-02-01,18.128454208374023,87.9430160522461,0.20613864547929633,1.5928835933918446
2006-02-02,17.927431106567383,86.9223861694336,0.20624642162517617,1.6031016490381211
2006-02-03,17.817787170410156,86.49087524414062,0.206007710294471,1.5325512537074002
2006-02-06,17.74468231201172,86.71692657470703,0.20462766628063778,1.1983954317259808
2006-02-07,17.561941146850586,85.94976806640625,0.2043279643673027,1.1191112802215126
2006-02-08,17.552799224853516,86.73058319091797,0.20238304158770565,0.657990430997315
2006-02-09,17.72640609741211,86.5867919921875,0.20472413505066125,1.1975551228915233
2006-02-10,17.826921463012695,86.74430847167969,0.20551113700828955,1.3709081605095417
2006-02-13,17.708133697509766,86.5867919921875,0.2045131051755275,1.130757806657241
2006-02-14,17.72640609741211,87.50464630126953,0.20257674131247738,0.6800141315786031
2006-02-15,17.74468231201172,87.8128662109375,0.2020738312924073,0.563423990769006
2006-02-16,17.872608184814453,88.47044372558594,0.2020178427074582,0.5493556762493554
2006-02-17,17.90915870666504,88.23065948486328,0.20298112709604654,0.7733156121820308
2006-02-21,18.00053596496582,88.01152038574219,0.2045247700081988,1.131149121059012
2006-02-22,18.04621124267578,88.5457992553711,0.2038065204045365,0.9680581624619682
2006-02-23,18.037080764770508,88.41563415527344,0.20400329576434656,1.0140976920197526
2006-02-24,18.00053596496582,88.64163970947266,0.20307088208164317,0.7968921044961095
2006-02-27,18.082763671875,88.67594909667969,0.2039195955169323,0.9922603754804558
2006-02-28,17.90915870666504,87.83340454101562,0.20389917480998915,0.9856638396859706
2006-03-01,18.04621124267578,88.6142807006836,0.20364901796846124,0.926370604381945
2006-03-02,18.04621124267578,88.60741424560547,0.20366479934347922,0.925959348183334
2006-03-03,18.091901779174805,88.19647216796875,0.2051318078201481,1.2608664420409403
2006-03-06,18.101041793823242,87.79232788085938,0.2061802236111985,1.4942516281665836
2006-03-07,17.90915870666504,87.65530395507812,0.2043134630602979,1.0589179326630596
2006-03-08,17.927431106567383,87.84026336669922,0.2040912722646023,1.0051668212357732
2006-03-09,17.927431106567383,87.2511978149414,0.20546916896878847,1.31707661832682
2006-03-10,18.055355072021484,88.07998657226562,0.2049881678536348,1.2027622763174408
2006-03-13,18.201553344726562,88.24439239501953,0.20626300267612074,1.487624654829731
2006-03-14,18.466529846191406,89.16907501220703,0.2070956757560105,1.6638416059834196
2006-03-15,18.54876708984375,89.56636047363281,0.2070952419162356,1.6543309179270331
2006-03-16,18.649282455444336,89.75132751464844,0.20778837452182042,1.8034298722584174
2006-03-17,18.640134811401367,89.8262710571289,0.2075131761792312,1.734661898091441
2006-03-20,18.621862411499023,89.68187713623047,0.20764353965530458,1.7533171588830647
2006-03-21,18.466529846191406,89.11798095703125,0.20721441002007385,1.648176250579408
2006-03-22,18.685829162597656,89.66124725341797,0.20840474268425185,1.8949706256730225
2006-03-23,18.466529846191406,89.47557067871094,0.20638627623288439,1.4373964590647716
2006-03-24,18.685829162597656,89.5443115234375,0.2086768980038089,1.9232302074197596
2006-03-27,18.59445571899414,89.41365814208984,0.20795990350204832,1.751093728847194
2006-03-28,18.347747802734375,88.8635025024414,0.20647113028467784,1.418641219901789
2006-03-29,18.420841217041016,89.42051696777344,0.20600240125741798,1.3080739156072403
2006-03-30,18.667552947998047,89.26240539550781,0.2091311887158432,1.9630455838196026
2006-03-31,18.420841217041016,89.28302001953125,0.20631964748740952,1.3512693737443233
2006-04-03,18.521352767944336,89.21424102783203,0.20760533917635704,1.6125371429406072
2006-04-04,18.758926391601562,89.7850112915039,0.20893160363590293,1.8767574462449528
2006-04-05,18.88684844970703,90.094482421875,0.2096337971205359,2.0024369713784655
2006-04-06,18.813749313354492,89.99818420410156,0.2090458766444432,1.8593567586460211
2006-04-07,18.640134811401367,89.08355712890625,0.20924327016296174,1.8861884432821967
2006-04-10,18.73151397705078,89.22111511230469,0.2099448539000324,2.0156006436522924
2006-04-11,18.603599548339844,88.46463775634766,0.21029419234811672,2.070158854266846
2006-04-12,18.631004333496094,88.62971496582031,0.21021171444228456,2.033864868625889
2006-04-13,18.73151397705078,88.51280212402344,0.21162491218845758,2.2955278066921
2006-04-17,18.850297927856445,88.47843170166016,0.21304963893819504,2.5492647681705125
2006-04-18,19.234067916870117,89.88127136230469,0.21399416836616636,2.6976403128196904
2006-04-19,19.453365325927734,90.0532455444336,0.21602070206708052,3.0416519974383114
2006-04-20,19.261478424072266,90.177001953125,0.21359634947815845,2.539888098344982
2006-04-21,19.36199378967285,90.19075775146484,0.21467824722160495,2.705333002399349
2006-04-24,19.380260467529297,90.02570343017578,0.21527474631243163,2.7698095216938796
2006-04-25,19.33457374572754,89.65435028076172,0.215656838571462,2.792673392511119
2006-04-26,19.35284996032715,89.67500305175781,0.21581097632254603,2.7724515579393967
2006-04-27,19.43508529663086,90.10823822021484,0.215685998089693,2.7024150397784212
2006-04-28,19.599563598632812,90.41082000732422,0.21678338496481997,2.8437930044609008
2006-05-01,19.499048233032227,89.67500305175781,0.21744128875889684,2.900327000699026
2006-05-02,19.910232543945312,90.34894561767578,0.22037039179403653,3.3188752182585084
2006-05-03,19.7640323638916,90.01194763183594,0.2195712111988714,3.110505008715069
2006-05-04,19.901090621948242,90.33517456054688,0.22030278591657115,3.1586441938674024
2006-05-05,20.193485260009766,91.13292694091797,0.2215827576030925,3.2843587465960162
2006-05-08,20.08384132385254,91.02287292480469,0.2206460934324067,3.067184520604957
2006-05-09,20.266584396362305,91.20167541503906,0.22221723783179936,3.230314197013313
2006-05-10,20.2574405670166,91.15352630615234,0.22223430500076374,3.1562801513541805
2006-05-11,20.147798538208008,90.0532455444336,0.22373206447364286,3.2938067822862775
2006-05-12,19.827991485595703,88.87727355957031,0.22309405646096828,3.125136840747328
2006-05-15,19.553869247436523,89.05607604980469,0.21956805323985984,2.573291677474545
2006-05-16,19.5721492767334,88.92542266845703,0.22009621871244572,2.6010158459867916
2006-05-17,19.005634307861328,87.2336654663086,0.2178704082451022,2.2563704036300676
2006-05-18,18.996496200561523,86.7935791015625,0.2188698334277995,2.3578514291887944
2006-05-19,19.014774322509766,87.40560913085938,0.21754638531311854,2.147018344538534
2006-05-22,18.685829162597656,86.7385482788086,0.21542704522255485,1.8381731385910998
2006-05-23,18.79547691345215,86.0783462524414,0.21835313678460755,2.2023663738210555
2006-05-24,18.69496726989746,86.76606750488281,0.21546403804511932,1.7957113967221567
2006-05-25,19.005634307861328,87.83885955810547,0.21636931995103018,1.8940453526836076
2006-05-26,19.17009735107422,88.2858657836914,0.21713665240643099,1.9717792266019907
2006-05-30,18.914262771606445,86.71790313720703,0.2181125475517999,2.0734810880622745
2006-05-31,19.0787353515625,87.68755340576172,0.2175763219584695,1.9795716250618205
2006-06-01,19.115283966064453,88.52655792236328,0.21592711175812715,1.7477978638327176
2006-06-02,19.40767478942871,88.71222686767578,0.21877113758374514,2.089421650207084
2006-06-05,18.97821807861328,87.41938018798828,0.2170939445898857,1.853680314869198
2006-06-06,18.7680606842041,87.2061767578125,0.2152148091106716,1.5977245328246794
2006-06-07,18.621862411499023,86.55286407470703,0.2151501583520771,1.5741128451346056
2006-06-08,18.320335388183594,86.47721862792969,0.2118515798595151,1.1457667577029242
2006-06-09,18.28378677368164,86.20216369628906,0.2121035712989736,1.1681987321896738
2006-06-12,18.219825744628906,85.26685333251953,0.2136800530632474,1.3562502113931767
2006-06-13,17.698993682861328,84.27660369873047,0.2100107610663948,0.8849078155388332
2006-06-14,17.93656349182129,84.92993927001953,0.21119246812122633,1.0263508663296315
2006-06-15,18.667552947998047,86.731689453125,0.21523336009829613,1.523954166124575
2006-06-16,18.43912124633789,86.09965515136719,0.21416022182575598,1.37666604307756
2006-06-19,18.338605880737305,85.42271423339844,0.21468067416625478,1.4294096696995087
2006-06-20,18.503076553344727,85.71284484863281,0.21587285529981876,1.5644523563842423
2006-06-21,18.658418655395508,86.3482666015625,0.21608330299774514,1.575590728431748
2006-06-22,18.54876708984375,85.96839141845703,0.2157626400098189,1.5213724631148675
2006-06-23,18.420841217041016,85.9546127319336,0.21430893155775177,1.3286971221447035
2006-06-26,18.521352767944336,86.3344955444336,0.2145301556596458,1.344491275378127
2006-06-27,18.247228622436523,85.5885009765625,0.21319719838805604,1.1697526231394613
2006-06-28,18.4482479095459,86.16873931884766,0.2140944390666131,1.2700359293546806
2006-06-29,19.069595336914062,87.90933990478516,0.21692342767638106,1.603549048825842
2006-06-30,19.234067916870117,87.91627502441406,0.2187771025504536,1.8115611102546356
2006-07-03,19.270614624023438,88.27543640136719,0.218300983938551,1.735301652834773
2006-07-05,19.097003936767578,87.77122497558594,0.21757704694311283,1.6319212570742436
2006-07-06,19.224933624267578,88.02679443359375,0.21839865631788527,1.7142830540411722
2006-07-07,19.1975154876709,87.45348358154297,0.21951687573166642,1.830853286882554
2006-07-10,19.288890838623047,87.61927032470703,0.22014439023676657,1.8873552851145232
2006-07-11,19.316299438476562,88.00607299804688,0.21948825553101603,1.791150114268082
2006-07-12,18.895992279052734,87.0666732788086,0.21702899131729986,1.4832628795510436
2006-07-13,18.667552947998047,85.65067291259766,0.21794986908097472,1.580084292954187
2006-07-14,18.658418655395508,85.31909942626953,0.21868982186713787,1.6546038792475546
2006-07-17,18.43912124633789,85.19479370117188,0.21643483651142706,1.3752752019863321
2006-07-18,18.475666046142578,85.62996673583984,0.21576168659668196,1.2861538812295732
2006-07-19,18.959949493408203,86.81804656982422,0.21838719301475515,1.5925653522746597
2006-07-20,18.868568420410156,86.22400665283203,0.21883196052790266,1.635900637493703
2006-07-21,18.786333084106445,85.61614990234375,0.21942510969641452,1.694720952543349
2006-07-24,19.115283966064453,87.17720794677734,0.21926928398228293,1.665573001317444
2006-07-25,19.160972595214844,87.488037109375,0.21901248705877757,1.623335071427164
2006-07-26,19.307165145874023,87.6054458618164,0.22038772767994347,1.7787031110849005
2006-07-27,19.453365325927734,87.5225601196289,0.22226686810050109,1.990104181527237
2006-07-28,19.709209442138672,88.3998031616211,0.222955354392638,2.0548287425229574
2006-07-31,19.736618041992188,88.30996704101562,0.22349253094869237,2.09966582464077
2006-08-01,19.599563598632812,87.87483978271484,0.22303953722244038,2.0229704741261236
2006-08-02,19.846263885498047,88.46886444091797,0.2243304919862733,2.15321926085154
2006-08-03,19.663524627685547,88.7037124633789,0.22167645616640433,1.8170312852737442
2006-08-04,19.837127685546875,88.55175018310547,0.22401734177504198,2.073031355637963
2006-08-07,19.809717178344727,88.34452056884766,0.22423255059612712,2.073378906125931
2006-08-08,19.718341827392578,88.00607299804688,0.2240566037735849,2.0276226661852124
2006-08-09,19.77317237854004,87.70906829833984,0.22544045629674425,2.1614750546877612
2006-08-10,19.800582885742188,87.9784164428711,0.22506182409636485,2.0901917395009697
2006-08-11,19.599563598632812,87.72979736328125,0.22340828529983686,1.8767150725923418
2006-08-14,19.663524627685547,87.79886627197266,0.22396103119115765,1.9174577879809436
2006-08-15,19.928503036499023,88.84871673583984,0.22429702722380743,1.9326725087898422
2006-08-16,20.047286987304688,89.58781433105469,0.22377247549788146,1.8517507461705682
2006-08-17,19.919361114501953,89.81578826904297,0.22178017360192348,1.6105319673277578
2006-08-18,19.965055465698242,90.27165222167969,0.22116639027133508,1.5272089484197973
2006-08-21,20.0107364654541,89.88481903076172,0.22262643103954774,1.6741552488371467
2006-08-22,19.882822036743164,89.8779296875,0.22122029407969795,1.5029034713002487
2006-08-23,19.827991485595703,89.6292953491211,0.2212222176729423,1.489329818968734
2006-08-24,19.928503036499023,89.55331420898438,0.22253227825821448,1.6190497915398185
2006-08-25,19.901090621948242,89.663818359375,0.22195229899962696,1.540201798833044
2006-08-28,20.056427001953125,90.09210205078125,0.2226213679712805,1.5984930998695404
2006-08-29,20.102115631103516,90.19569396972656,0.22287223199203526,1.6105239377822065
2006-08-30,20.230030059814453,90.25093078613281,0.22415314594099264,1.7329588858660507
2006-08-31,20.166072845458984,90.23714447021484,0.22347862361840728,1.6427620299457775
2006-09-01,20.29400062561035,90.77589416503906,0.22356156127433965,1.6352540425182527
2006-09-05,20.321409225463867,90.94860076904297,0.22343839326421894,1.6062039781384654
2006-09-06,20.001604080200195,90.1473159790039,0.22187686746945126,1.4254410792770904
2006-09-07,19.718341827392578,89.73289489746094,0.2197448533219062,1.1873767139266975
2006-09-08,19.690937042236328,89.98847198486328,0.21881621732113074,1.079788393779936
2006-09-11,19.416812896728516,90.07826232910156,0.2155549229600928,0.7259757408632084
2006-09-12,19.809717178344727,90.9623794555664,0.21777923243555256,0.9560558712145159
2006-09-13,19.85540771484375,91.3284912109375,0.21740650098975758,0.9092179688229994
2006-09-14,19.85540771484375,91.33538055419922,0.2173901022185086,0.9005941627824621
2006-09-15,19.818857192993164,91.54979705810547,0.21648171628839757,0.7976897445003577
2006-09-18,19.7640323638916,91.67461395263672,0.21558893473063984,0.6972907460010849
2006-09-19,19.54473876953125,91.44570922851562,0.2137305176417899,0.4953330786263706
2006-09-20,19.800582885742188,91.93132019042969,0.21538451579642914,0.6662534677467116
2006-09-21,19.873682022094727,91.4873275756836,0.2172287960390369,0.8566865390309237
2006-09-22,19.837127685546875,91.20980834960938,0.2174889745356189,0.8778643847083303
2006-09-25,19.946775436401367,91.91053771972656,0.21702381393118794,0.8220761371133057
2006-09-26,20.001604080200195,92.67364501953125,0.21582839518165922,0.6897849967823477
2006-09-27,20.056427001953125,92.7846908569336,0.21616095087150203,0.7193702289614394
2006-09-28,20.08384132385254,92.75000762939453,0.21653735495206067,0.7535900134441345
2006-09-29,20.001604080200195,92.67364501953125,0.21582839518165922,0.672834661915168
2006-10-02,20.08384132385254,92.32678985595703,0.21752994288208435,0.8466290496865908
2006-10-03,20.102115631103516,92.52100372314453,0.2172708338882286,0.8125533403426998
2006-10-04,20.29400062561035,93.60330963134766,0.21680857979848514,0.7573932551967794
2006-10-05,20.24831199645996,93.78372955322266,0.21590431616359382,0.655962218362139
2006-10-06,20.147798538208008,93.66577911376953,0.2151030902517325,0.565963518391061
2006-10-09,20.175209045410156,93.72125244140625,0.21526823980530488,0.5782464963019934
2006-10-10,20.193485260009766,93.84611511230469,0.21517657109028357,0.5634388004798027
2006-10-11,20.239173889160156,93.73515319824219,0.21591871564295584,0.6371197370399064
2006-10-12,20.367095947265625,94.54683685302734,0.21541805760171742,0.5788146093134108
2006-10-13,20.522430419921875,94.78966522216797,0.21650493618498823,0.6886886751208446
2006-10-16,20.65035629272461,94.93537139892578,0.21752015069230848,0.7904619123545169
2006-10-17,20.568117141723633,94.63704681396484,0.21733684465192502,0.7644313912256028
2006-10-18,20.586387634277344,94.76190948486328,0.21724327576541388,0.7479964015166076
2006-10-19,20.741729736328125,94.9145278930664,0.21853061061101614,0.8787629012054164
2006-10-20,20.823963165283203,94.93537139892578,0.21934883551231182,0.9591989354129212
2006-10-23,20.77827262878418,95.37246704101562,0.2178644767556273,0.7930827135870392
2006-10-24,20.823963165283203,95.65687561035156,0.21769436888266636,0.7682550063654752
2006-10-25,20.951881408691406,95.98292541503906,0.21828758936126952,0.8257313288365526
2006-10-26,21.07066535949707,96.28129577636719,0.21884484613125646,0.8792696187438365
2006-10-27,20.860511779785156,95.6777114868164,0.21802895842319098,0.7839012565400453
2006-10-30,20.823963165283203,95.60829162597656,0.21780499171292983,0.75301493465724
2006-10-31,20.924463272094727,95.59445190429688,0.21888784187018487,0.8643060055823282
2006-11-01,20.933610916137695,94.94922637939453,0.22047163220153015,1.0295278964914216
2006-11-02,21.034120559692383,94.89374542236328,0.221659714937707,1.1504651463018927
2006-11-03,20.988428115844727,94.72718811035156,0.22156709741446617,1.1312663871802884
2006-11-06,21.18031883239746,95.79558563232422,0.2210991111186506,1.0716861652252556
2006-11-07,21.23514175415039,96.16331481933594,0.22082372882055182,1.0334216253674713
2006-11-08,21.37220001220703,96.37142944335938,0.22176904644512063,1.1284056722463385
2006-11-09,21.24427604675293,95.864990234375,0.22160619841314308,1.1022145044090308
2006-11-10,21.31737518310547,95.90666198730469,0.22227210020016422,1.1667872935719337
2006-11-13,21.13463020324707,96.14251708984375,0.21982605451755619,0.8906006071555608
2006-11-14,21.152904510498047,96.8640365600586,0.21837727666224827,0.7242927191165306
2006-11-15,21.189453125,97.14156341552734,0.2181296283482815,0.690783989747242
2006-11-16,21.207731246948242,97.3913345336914,0.21775788727498824,0.6434620321917648
2006-11-17,21.143762588500977,97.41903686523438,0.2170393310062223,0.556629309669905
2006-11-20,21.13463020324707,97.47454833984375,0.2168220377853043,0.5259330977265009
2006-11-21,21.143762588500977,97.5716781616211,0.21669979431406025,0.5058273671549602
2006-11-22,21.24427604675293,97.76597595214844,0.21729723290596456,0.5687912193992989
2006-11-24,21.22600746154785,97.3704833984375,0.2179922161286966,0.6443084425964112
2006-11-27,21.015846252441406,96.0314712524414,0.2188433226977882,0.7399101369905713
2006-11-28,21.262550354003906,96.44775390625,0.22045666687761042,0.9275208620835051
2006-11-29,21.34479331970215,97.4537124633789,0.21902493789267474,0.7512260757222246
2006-11-30,21.518400192260742,97.49533081054688,0.22071211014274458,0.9525178848961202
2006-12-01,21.490989685058594,97.28031158447266,0.220918183083707,0.9736663842345422
2006-12-04,21.60063362121582,98.02267456054688,0.2203636425761214,0.9003834945283811
2006-12-05,21.810792922973633,98.44580841064453,0.22155126028316838,1.0437669187463767
2006-12-06,21.765108108520508,98.36256408691406,0.22127430603871467,1.0041036254969236
2006-12-07,21.783388137817383,97.93245697021484,0.2224327747075985,1.1466753557195357
2006-12-08,21.865615844726562,98.11283111572266,0.22286193962679954,1.1952606194061426
2006-12-11,21.810792922973633,98.39729309082031,0.2216604973354537,1.035107246167944
2006-12-12,21.911300659179688,98.3209228515625,0.22285491250178474,1.183036554819489
2006-12-13,22.057498931884766,98.42501831054688,0.22410459566580707,1.3390785137068908
2006-12-14,22.167150497436523,99.2922592163086,0.22325154722429363,1.2219651833269338
2006-12-15,22.002670288085938,99.30131530761719,0.22157481217570701,0.9974736950484805
2006-12-18,21.96613311767578,99.02922821044922,0.22181464517723054,1.0240482455568438
2006-12-19,22.185428619384766,99.21756744384766,0.22360383539881326,1.2582667160686904
2006-12-20,21.980270385742188,99.16175079345703,0.22166077353277738,0.9914191179618993
2006-12-21,21.904644012451172,98.79901123046875,0.22170914202121056,0.9935391516951471
2006-12-22,21.85737419128418,98.19206237792969,0.2225981781211369,1.1116050051662727
2006-12-26,21.96137046813965,98.77110290527344,0.22234610956204195,1.0731080393591756
2006-12-27,22.20716667175293,99.41993713378906,0.22336733769876382,1.2122569306003648
2006-12-28,22.301700592041016,99.21061706542969,0.22479147143428188,1.410396929248625
2006-12-29,22.131532669067383,98.79901123046875,0.2240056088966426,1.2937174070112525
2007-01-03,22.263891220092773,98.62457275390625,0.2257438546846426,1.5366116041533961
2007-01-04,22.21662139892578,98.8338623046875,0.2247875463010423,1.3905061391435194
2007-01-05,21.791194915771484,98.04554748535156,0.22225583389217327,1.0172578455413825
2007-01-08,21.885732650756836,98.49905395507812,0.22219231324534477,1.0019542996181476
2007-01-09,21.743925094604492,98.41526794433594,0.22094056693421738,0.8127233933436547
2007-01-10,21.68720245361328,98.74315643310547,0.21963246099293465,0.614675919071699
2007-01-11,21.980270385742188,99.17576599121094,0.22162944915081476,0.9050849710806443
2007-01-12,22.188261032104492,99.92919921875,0.2220398162456329,0.9610572904636298
2007-01-16,22.188261032104492,99.7337875366211,0.22247486614260206,1.0216495515373167
2007-01-17,22.188261032104492,99.77571105957031,0.22238138717805944,1.0014508925079126
2007-01-18,22.1409854888916,99.4408187866211,0.22265489925622456,1.038128521218924
2007-01-19,22.386789321899414,99.63616180419922,0.22468538446807082,1.3456199341687718
2007-01-22,22.273344039916992,99.32925415039062,0.22423750415153398,1.2720255828624452
2007-01-23,22.462425231933594,99.6222152709961,0.22547606646600318,1.4574116765243221
2007-01-24,22.604236602783203,100.42447662353516,0.22508692465005833,1.3873329030321615
2007-01-25,22.263891220092773,99.2454833984375,0.22433153084368262,1.2608940583250614
2007-01-26,22.19770622253418,99.15477752685547,0.2238692554831467,1.179623142742032
2007-01-29,22.188261032104492,99.09899139404297,0.22389996830420084,1.1762276887876615
2007-01-30,22.244985580444336,99.6152114868164,0.22330912366118252,1.0756708363489353
2007-01-31,22.282794952392578,100.28494262695312,0.22219482176184377,0.8928809627019961
2007-02-01,22.40569496154785,100.88494110107422,0.22209157003025973,0.8697997593411283
2007-02-02,22.519145965576172,101.02446746826172,0.2229078413370591,0.993969722328778
2007-02-05,22.443511962890625,101.05235290527344,0.22209786628055253,0.8569088412946827
2007-02-06,22.538057327270508,101.08026123046875,0.22297189434327297,0.9916659840243536
2007-02-07,22.632593154907227,101.30353546142578,0.2234136553262273,1.0574364617415597
2007-02-08,22.481334686279297,101.17093658447266,0.22221139237461254,0.8552943728716969
2007-02-09,22.3300724029541,100.41748809814453,0.2223723459516282,0.8776588114511755
2007-02-12,22.3300724029541,100.07564544677734,0.22313193488049773,0.9984163027162252
2007-02-13,22.452974319458008,100.9197998046875,0.22248334185077442,0.8838984515358113
2007-02-14,22.69877052307129,101.58258056640625,0.22345140669302765,1.041745930900672
2007-02-15,22.642045974731445,101.7151107788086,0.22260257892231197,0.8940386555422064
2007-02-16,22.59477424621582,101.66626739501953,0.22224455392293377,0.8292783035883117
2007-02-20,22.727130889892578,101.88253784179688,0.2230718960415302,0.970843145603777
2007-02-21,22.462425231933594,101.84069061279297,0.22056434512347975,0.5238407603765276
2007-02-22,22.660953521728516,101.76396179199219,0.22268151831635655,0.8968665656698688
2007-02-23,22.727130889892578,101.36627960205078,0.22420800071893707,1.1685587519413283
2007-02-26,22.774398803710938,101.2756118774414,0.22487545008635798,1.2868345983370444
2007-02-27,21.706111907958984,97.31999969482422,0.22303855298011663,0.9476438725806889
2007-02-28,21.951915740966797,98.31766510009766,0.22327539734204888,0.9890154027334114
2007-03-01,21.639934539794922,98.02464294433594,0.22076014652849416,0.5102496101253303
2007-03-02,21.176694869995117,96.74095153808594,0.21890103966630994,0.14634513256528872
2007-03-05,20.93088722229004,95.82011413574219,0.2184393893816344,0.04631016333007166
2007-03-06,21.668298721313477,97.45954132080078,0.22233121998788655,0.8085298404538869
2007-03-07,21.715559005737305,97.36185455322266,0.22303970179477775,0.945694075905584
2007-03-08,21.87627601623535,98.18507385253906,0.22280653420998198,0.8969953805342952
2007-03-09,22.065364837646484,98.21295928955078,0.22466856713474567,1.2783672787265217
2007-03-12,21.999177932739258,98.35950469970703,0.22366092631213488,1.068032371102405
2007-03-13,21.564300537109375,96.4479751586914,0.22358479275099752,1.0514867094113083
2007-03-14,21.564300537109375,97.16653442382812,0.22193135388619115,0.6956923849918517
2007-03-15,21.65884017944336,97.29914855957031,0.22260051089946564,0.8359762010278028
2007-03-16,21.743925094604492,97.0265884399414,0.22410274796030563,1.1606102281041448
2007-03-19,21.96137046813965,98.19628143310547,0.22364767939914768,1.0567881994144848
2007-03-20,22.339519500732422,98.735595703125,0.22625598540876957,1.632532078190049
2007-03-21,22.89729118347168,100.36055755615234,0.22815029869339362,2.0480423617898746
2007-03-22,22.6704044342041,100.28348541259766,0.2260631881802967,1.5762429923846104
2007-03-23,22.821666717529297,100.43054962158203,0.22723829356227115,1.835783367148133
2007-03-26,22.91621208190918,100.2974853515625,0.22848241909139924,2.1175428479171896
2007-03-27,22.755489349365234,100.05939483642578,0.22741981786483173,1.8651571968054748
2007-03-28,22.556964874267578,99.33094787597656,0.2270889924702212,1.7847307372369265
2007-03-29,22.74604034423828,99.43601989746094,0.22875051080779524,2.171379095439558
2007-03-30,22.755489349365234,99.4570541381836,0.22879713808684926,2.185071003023827
2007-04-02,22.91621208190918,99.56910705566406,0.23015383746585055,2.488307251574453
2007-04-03,23.076921463012695,100.64067077636719,0.22930015554339592,2.2864760071676278
2007-04-04,22.878395080566406,100.75279235839844,0.22707455093833273,1.7524237836820378
2007-04-05,23.05801773071289,101.02592468261719,0.22823862095944092,2.02911054300612
2007-04-09,22.99184226989746,101.16605377197266,0.22726835151364963,1.7861260603133806
2007-04-10,23.124197006225586,101.28506469726562,0.228308063734197,2.0364136502404637
2007-04-11,23.06746482849121,100.87183380126953,0.22868093063458209,2.1215268100571922
2007-04-12,23.25654411315918,101.32007598876953,0.22953539943788603,2.320372059861314
2007-04-13,23.445627212524414,101.78236389160156,0.23035058644829726,2.503667352126333
2007-04-16,23.644153594970703,102.74889373779297,0.23011589453516365,2.4277483543753826
2007-04-17,23.776508331298828,103.02207946777344,0.23079041360970015,2.5680086066531462
2007-04-18,23.663066864013672,103.14810943603516,0.22940863379263154,2.201286531395585
2007-04-19,23.577980041503906,103.1201171875,0.22864578400965954,1.9920365391695949
2007-04-20,23.738693237304688,104.09369659423828,0.22805120784440136,1.8253846477737388
2007-04-23,23.577980041503906,103.7014389038086,0.22736405869328752,1.6434850964387235
2007-04-24,23.50234603881836,103.74346923828125,0.2265428967373111,1.429646866249356
2007-04-25,23.719785690307617,104.69602966308594,0.2265585979395627,1.4219179122064882
2007-04-26,23.540163040161133,104.81507873535156,0.22458756244030384,0.9280288692886531
2007-04-27,23.50234603881836,104.7310562133789,0.22440665537579144,0.8762348853857072
2007-04-30,23.492891311645508,103.86248779296875,0.22619226451107521,1.3078603661141326
2007-05-01,23.455076217651367,104.12874603271484,0.225250731534617,1.0662478120383323
2007-05-02,23.606340408325195,104.73807525634766,0.22538451609453775,1.0906005707561188
2007-05-03,23.79541778564453,105.3053970336914,0.2259657952576868,1.2252220709470125
2007-05-04,24.07904052734375,105.70458221435547,0.22779561701984227,1.659552422031754
2007-05-07,24.069583892822266,105.72564697265625,0.22766078602524292,1.6109961144954585
2007-05-08,23.8994083404541,105.58556365966797,0.22635109869270226,1.2826039513260092
2007-05-09,23.993946075439453,105.87263488769531,0.22663029120689304,1.3399240029076924
2007-05-10,23.445627212524414,104.76607513427734,0.2237902601817855,0.6496931096949702
2007-05-11,23.823781967163086,105.66254425048828,0.22547045536482047,1.0513090877196132
2007-05-14,23.738693237304688,105.4314193725586,0.22515767480489152,0.9732788578929578
2007-05-15,23.76706314086914,105.45945739746094,0.22536682557823742,1.0199253937857296
2007-05-16,23.852144241333008,106.18090057373047,0.22463686136067781,0.8382044673776264
2007-05-17,23.852144241333008,105.97071075439453,0.22508242203465523,0.9391684950607703
2007-05-18,24.097938537597656,106.89527893066406,0.22543501245951567,1.0158808387724387
2007-05-21,23.90886116027832,106.83928680419922,0.22378342158063344,0.6144786439647293
2007-05-22,23.8994083404541,106.7552490234375,0.22387103734081612,0.6299746273938733
2007-05-23,24.012853622436523,106.76921844482422,0.22490427458589848,0.8713334927122053
2007-05-24,23.776508331298828,105.80267333984375,0.22472502424326685,0.8217729765566497
2007-05-25,23.946672439575195,106.24393463134766,0.2253933132528174,0.9752364620492509
2007-05-29,23.90886116027832,106.62911987304688,0.2242245006687134,0.6870131232211276
2007-05-30,24.003406524658203,107.49761962890625,0.22329244691669112,0.4565289897236839
2007-05-31,23.993946075439453,107.38557434082031,0.22343733059793927,0.4868906025473757
2007-06-01,24.211389541625977,107.91787719726562,0.22435012780476962,0.702155728560455
2007-06-04,24.23975372314453,107.93192291259766,0.2245837289749176,0.752347918110725
2007-06-05,24.126304626464844,107.50462341308594,0.2244210886982939,0.7072573026718258
2007-06-06,23.719785690307617,106.34896850585938,0.22303728962825584,0.36581556759113915
2007-06-07,23.332178115844727,104.42986297607422,0.22342438696094363,0.45416225945666133
2007-06-08,23.65361213684082,105.7886734008789,0.2235930499592058,0.4894225754502568
2007-06-11,23.663066864013672,105.97071075439453,0.2232981801816629,0.4103842686353289
2007-06-12,23.455076217651367,104.81507873535156,0.22377578207877208,0.5232358256245926
2007-06-13,23.88050651550293,106.38401794433594,0.22447456842622823,0.6930562423060443
2007-06-14,24.012853622436523,107.06340789794922,0.22428628131588257,0.6419496229027646
2007-06-15,24.19248390197754,107.67255401611328,0.2246857067991265,0.7413338386658848
2007-06-18,24.277565002441406,107.54595947265625,0.2257413028019339,1.0100707464099867
2007-06-19,24.145219802856445,107.81324005126953,0.2239541246638578,0.5354726238206298
2007-06-20,23.918315887451172,106.31494140625,0.2249760529524693,0.7995208202792005
2007-06-21,24.13575553894043,106.90583801269531,0.22576648747727185,1.0024491483390703
2007-06-22,23.84269142150879,105.89996337890625,0.22514352848452363,0.8297502532634817
2007-06-25,23.86159324645996,105.39348602294922,0.22640482013531793,1.1594793415679203
2007-06-26,23.79541778564453,104.31015014648438,0.22812178634800404,1.6114163781228756
2007-06-27,24.050670623779297,105.7944107055664,0.2273340383804781,1.391878955940381
2007-06-28,24.031763076782227,105.78036499023438,0.22718548077425177,1.3478522989761683
2007-06-29,24.1546630859375,105.81549072265625,0.22827152169286044,1.6364230065977354
2007-07-02,24.34374237060547,106.77215576171875,0.22799710464714137,1.5484426378611058
2007-07-03,24.523372650146484,107.1590805053711,0.22885015935646544,1.7635929596237319
2007-07-05,24.372102737426758,107.0465087890625,0.22767769834934573,1.4311983500280039
2007-07-06,24.551727294921875,107.60924530029297,0.22815630038486137,1.5481018313308683
2007-07-09,24.693540573120117,107.69366455078125,0.22929427349439174,1.837929721290849
2007-07-10,24.31538200378418,106.16020202636719,0.22904423258110349,1.7514297986765708
2007-07-11,24.589536666870117,106.9128646850586,0.22999605088971656,1.983358796581737
2007-07-12,25.04332733154297,108.60106658935547,0.23059927602955596,2.1167309358714883
2007-07-13,24.9582462310791,108.92463684082031,0.2291331599071792,1.7120589236438772
2007-07-16,24.910982131958008,108.91058349609375,0.22872875465635054,1.5903812949676883
2007-07-17,24.854251861572266,108.85426330566406,0.228325938799303,1.4705894687294314
2007-07-18,24.684083938598633,108.65734100341797,0.2271736424860807,1.1583013943391844
2007-07-19,24.88261604309082,109.07938385009766,0.2281147469377509,1.3989605903307378
2007-07-20,24.66516876220703,107.97499084472656,0.22843408986879912,1.4709930004747729
2007-07-23,24.816438674926758,108.30562591552734,0.22913342188043184,1.6406503745842536
2007-07-24,24.230297088623047,106.42748260498047,0.22766955015329043,1.2430222537313693
2007-07-25,24.13575553894043,106.64558410644531,0.22631743959365444,0.8787478545742856
2007-07-26,23.190366744995117,104.12030029296875,0.22272666021652998,-0.07427683520822133
2007-07-27,22.802762985229492,102.07331085205078,0.22339593763428275,0.09992198247999896
2007-07-30,23.086376190185547,103.67009735107422,0.22269079300663286,-0.08747212994454245
2007-07-31,23.34162712097168,102.50241088867188,0.22771783530363085,1.23653558651103
2007-08-01,23.3699951171875,103.00183868408203,0.22688910621164585,1.0118760115267555
2007-08-02,23.473987579345703,103.82482147216797,0.2260922508365527,0.7974672681036707
2007-08-03,23.02965545654297,101.15187072753906,0.22767404389954637,1.2074244536059497
2007-08-06,23.247093200683594,102.84706115722656,0.2260355613384499,0.771679215901685
2007-08-07,23.511810302734375,103.94436645507812,0.22619609993866793,0.8105780200803635
2007-08-08,23.79541778564453,105.39348602294922,0.22577693065834378,0.6985130278270986
2007-08-09,23.3699951171875,102.27027130126953,0.22851210640034156,1.4050089802171628
2007-08-10,22.547496795654297,101.7919692993164,0.22150565462933544,-0.4195194765753564
2007-08-13,22.793306350708008,102.1577377319336,0.22311874613471422,0.0036158826363721663
2007-08-14,22.452974319458008,100.59608459472656,0.22319928663143054,0.02486993378972709
2007-08-15,21.933006286621094,99.21039581298828,0.2210756857372572,-0.5265897416141528
2007-08-16,21.6966609954834,99.95602416992188,0.21706206479961435,-1.559651779442609
2007-08-17,22.21662139892578,101.7919692993164,0.2182551487298417,-1.2401771082839665
2007-08-20,22.21662139892578,101.74270629882812,0.2183608261183207,-1.206017908975069
2007-08-21,22.0369930267334,101.9466781616211,0.21616195273961814,-1.7588655079054802
2007-08-22,22.623140335083008,103.15657806396484,0.21930875141142195,-0.9454110767215034
2007-08-23,22.831127166748047,103.06512451171875,0.22152136598012934,-0.37836296186029544
2007-08-24,23.171464920043945,104.33834075927734,0.22208005946254836,-0.2360177645780777
2007-08-27,22.972938537597656,103.36762237548828,0.22224501260314625,-0.19339757850916334
2007-08-28,22.320613861083984,101.09561157226562,0.22078716883896252,-0.5659238231096436
2007-08-29,22.925655364990234,103.07921600341797,0.22240812701010504,-0.15007061641630676
2007-08-30,22.859477996826172,102.80488586425781,0.22235789480871093,-0.1624187996908876
2007-08-31,23.388906478881836,103.81777954101562,0.22528806320348535,0.587395463530261
2007-09-04,23.889957427978516,104.86592102050781,0.22781430988725634,1.2266917333230742
2007-09-05,23.596893310546875,103.95850372314453,0.22698377203839498,1.0090023327971864
2007-09-06,23.634708404541016,104.19764709472656,0.22682573996181116,0.9635064752844691
2007-09-07,23.313268661499023,102.74857330322266,0.2268962761429196,0.9747034798603907
2007-09-10,23.06746482849121,102.5516128540039,0.22493517348509054,0.47165939327375267
2007-09-11,23.738693237304688,103.74748229980469,0.2288122343895123,1.4449505284493964
2007-09-12,23.577980041503906,104.01473236083984,0.22667923578084118,0.8974704320263023
2007-09-13,23.738693237304688,104.74635314941406,0.2266302598949955,0.877971422891662
2007-09-14,23.36054229736328,104.73924255371094,0.2230352418806528,-0.04797736686138125
2007-09-17,22.78385353088379,104.17655944824219,0.21870422340261142,-1.1646804702962115
2007-09-18,23.719785690307617,107.24348449707031,0.22117693957394305,-0.5356692212194665
2007-09-19,23.889957427978516,107.87657928466797,0.22145638642227408,-0.4728633577123604
2007-09-20,23.738693237304688,107.11685180664062,0.2216149264744637,-0.4450382120011326
2007-09-21,24.031763076782227,107.4058837890625,0.22374717500559743,0.11020056791494937
2007-09-24,24.097938537597656,107.20801544189453,0.2247773959649356,0.3785605373151933
2007-09-25,23.92776870727539,106.99598693847656,0.22363239399842186,0.06580463926418076
2007-09-26,23.993946075439453,107.56135559082031,0.22307218000037168,-0.0919264290759241
2007-09-27,24.249204635620117,108.19745635986328,0.2241199141962043,0.18428684766696285
2007-09-28,24.324840545654297,107.83704376220703,0.22557035780110352,0.5741650018974884
2007-10-01,24.712446212768555,109.05264282226562,0.22661024596208076,0.8540982386644567
2007-10-02,24.58009147644043,108.90422821044922,0.22570373878359667,0.5975617178986693
2007-10-03,24.47610092163086,108.68510437011719,0.22520198203315642,0.45150617519584135
2007-10-04,24.58009147644043,108.85479736328125,0.2258062306102069,0.614843618269217
2007-10-05,24.939342498779297,110.14817810058594,0.22641629601903177,0.780945913679668
2007-10-08,24.646272659301758,109.5615005493164,0.22495377058301466,0.3592324328366921
2007-10-09,24.977157592773438,110.59337615966797,0.22584677726731972,0.609792057030806
2007-10-10,24.939342498779297,110.40961456298828,0.22588016992443619,0.6142588371222186
2007-10-11,25.062238693237305,109.87957000732422,0.22808824872145692,1.2585635466845104
2007-10-12,25.23240852355957,110.48735046386719,0.22837373163194238,1.3384317738131106
2007-10-15,24.996065139770508,109.55443572998047,0.2281611417485502,1.2722014745660457
2007-10-16,24.740812301635742,108.68510437011719,0.2276375630774864,1.109714868207803
2007-10-17,25.081148147583008,109.01736450195312,0.23006562543652082,1.8330246727759427
2007-10-18,25.15677833557129,108.62154388427734,0.23160026488274452,2.2769743483304548
2007-10-19,24.466642379760742,105.78036499023438,0.23129663413450596,2.166331527783625
2007-10-22,24.409914016723633,106.395263671875,0.2294266979026836,1.5882250079572693
2007-10-23,24.806983947753906,107.25747680664062,0.2312844259097659,2.1265145513870265
2007-10-24,24.693540573120117,107.0595932006836,0.23065229219423602,1.9205875194542978
2007-10-25,24.920429229736328,107.31403350830078,0.23221966796922905,2.367824896163837
2007-10-26,25.345848083496094,108.57205963134766,0.23344724388168528,2.696745635763479
2007-10-29,25.563297271728516,108.93250274658203,0.23467098090271882,3.0039381224630954
2007-10-30,25.364763259887695,108.1762924194336,0.2344761748862728,2.898652578660522
2007-10-31,25.73345947265625,109.30001068115234,0.23543876448214948,3.1206882201810253
2007-11-01,25.128416061401367,106.74156951904297,0.23541358980034852,3.0528823318512286
2007-11-02,25.364763259887695,106.8616714477539,0.23736071985631318,3.5074630948492063
2007-11-05,24.731353759765625,106.04889678955078,0.23320708190716846,2.3192052151141183
2007-11-06,24.977157592773438,107.47661590576172,0.2323962043489912,2.06958819206684
2007-11-07,24.324840545654297,104.53648376464844,0.23269235456990123,2.122958805756889
2007-11-08,24.721899032592773,104.00640869140625,0.23769592031529757,3.389797783432113
2007-11-09,24.116849899291992,102.57876586914062,0.23510567411249395,2.653391132744979
2007-11-12,23.615793228149414,101.56100463867188,0.23252815696505147,1.9541734100388626
2007-11-13,24.495006561279297,104.6566390991211,0.2340511483278179,2.3160636687577627
2007-11-14,24.201934814453125,104.36687469482422,0.23189287678893533,1.7425014987161336
2007-11-15,23.691423416137695,102.86146545410156,0.23032360380583133,1.3296523826949886
2007-11-16,23.823781967163086,103.03810119628906,0.23121332488239899,1.5487132915410873
2007-11-19,22.96347427368164,101.60344696044922,0.2260107797584913,0.19651252311441117
2007-11-20,23.540163040161133,102.22537231445312,0.23027710740685567,1.3017630152509154
2007-11-21,23.02019691467285,100.13336944580078,0.22989535898053445,1.1966303027657794
2007-11-23,23.644153594970703,101.86489868164062,0.23211286616861035,1.7731554445877822
2007-11-26,23.11473846435547,99.61748504638672,0.23203495303652896,1.7426601695593589
2007-11-27,23.455076217651367,100.76239013671875,0.23277610014834413,1.9251198822496753
2007-11-28,24.30592918395996,103.98519134521484,0.23374414057928705,2.1603301233243593
2007-11-29,24.022310256958008,104.02056121826172,0.230938095080578,1.4048000113987682
2007-11-30,24.220848083496094,105.0665512084961,0.23052862975802618,1.2878102458546847
2007-12-03,24.07904052734375,104.37389373779297,0.23069983944294414,1.3227942388286702
2007-12-04,23.871051788330078,103.44100189208984,0.23076972720384586,1.3306159619953284
2007-12-05,24.33428955078125,105.17256927490234,0.2313748700687891,1.4794839901380994
2007-12-06,24.39101219177246,106.6779556274414,0.2286415412473298,0.7466748892346884
2007-12-07,24.551727294921875,106.65673828125,0.23019386951605297,1.1507486954140425
2007-12-10,24.816438674926758,107.4836654663086,0.2308856752071376,1.323562458809224
2007-12-11,24.08848762512207,104.53648376464844,0.23043139349659453,1.1930153802976797
2007-12-12,24.693540573120117,105.56840515136719,0.23391033082022758,2.0901056254830768
2007-12-13,24.13575553894043,105.34918212890625,0.22910244817475367,0.8158548226193982
2007-12-14,23.68196678161621,104.01347351074219,0.22768172220659866,0.4375378515386037
2007-12-17,23.218734741210938,102.5292739868164,0.22645956455515806,0.11199132626142289
2007-12-18,23.3699951171875,103.10176849365234,0.2266691974214421,0.16243894502143194
2007-12-19,23.275453567504883,103.10176849365234,0.22575222430775163,-0.08464692901209933
2007-12-20,23.398353576660156,103.75198364257812,0.22552198767848766,-0.14788792475617962
2007-12-21,23.691423416137695,105.24760437011719,0.22510178315150678,-0.2638109108363399
2007-12-24,23.84209632873535,106.02915954589844,0.22486357932899076,-0.3314085181950801
2007-12-26,23.773616790771484,106.2564926147461,0.22373801549207378,-0.6337055565710449
2007-12-27,23.822519302368164,104.92078399658203,0.2270524332256631,0.2474518392251745
2007-12-28,23.86166000366211,104.65789031982422,0.22799676097753568,0.49565572003531105
2007-12-31,23.558366775512695,103.88338470458984,0.2267770427629494,0.1668290986934119
2008-01-02,23.362709045410156,102.97394561767578,0.22687980833668162,0.19142157582792557
2008-01-03,23.50945472717285,102.92417907714844,0.2284152755743718,0.5998277352603154
2008-01-04,22.951793670654297,100.40190124511719,0.22859919370073187,0.6446924222827151
2008-01-07,23.020292282104492,100.31671142578125,0.2294761456483342,0.8724529362773707
2008-01-08,22.697439193725586,98.69672393798828,0.22997155617836432,0.9972710899117609
2008-01-09,22.707218170166016,99.73403930664062,0.2276777149309152,0.3766662707690274
2008-01-10,22.58982276916504,100.38772583007812,0.22502574475490994,-0.34477593855532745
2008-01-11,22.11043357849121,99.5777359008789,0.22204193917905757,-1.1536696985879251
2008-01-14,22.37458610534668,100.38059997558594,0.22289751317274964,-0.923718885436858
2008-01-15,21.81692886352539,98.17092895507812,0.2222341083632667,-1.1030313491278132
2008-01-16,21.386459350585938,97.32543182373047,0.21974173604818636,-1.76865489295818
2008-01-17,21.083179473876953,94.80313873291016,0.22238904487408173,-1.0533459504867062
2008-01-18,21.15166473388672,93.82972717285156,0.22542604962413962,-0.23451293529853076
2008-01-22,21.083179473876953,92.87761688232422,0.22699957408025773,0.1874383540860199
2008-01-23,20.897289276123047,95.108642578125,0.2197201927149513,-1.7618353422436241
2008-01-24,21.396249771118164,95.91153717041016,0.22308317020404464,-0.8557803342501566
2008-01-25,21.239721298217773,94.5260009765625,0.22469713178159428,-0.42350158682992467
2008-01-28,21.269058227539062,96.08914184570312,0.22134715555782813,-1.315722360794306
2008-01-29,21.52342987060547,96.56520080566406,0.22289012699223845,-0.9012097663500276
2008-01-30,21.376680374145508,95.85468292236328,0.2230113305101575,-0.8682743651533916
2008-01-31,21.679962158203125,97.6025390625,0.22212498123968183,-1.104923379364733
2008-02-01,21.973464965820312,99.17276000976562,0.22156754499578885,-1.2524638992845956
2008-02-04,21.875635147094727,97.92225646972656,0.22339798872851496,-0.7646218697480565
2008-02-05,21.10274314880371,95.30049896240234,0.22143371103575332,-1.2874762612282153
2008-02-06,21.034263610839844,94.53313446044922,0.22250678273701124,-1.0001495482067653
2008-02-07,20.68205451965332,95.15836334228516,0.21734352917840608,-2.3474243382019924
2008-02-08,20.711414337158203,94.5473403930664,0.21905866681234606,-1.8819688134779167
2008-02-11,20.63313865661621,95.03048706054688,0.2171212554500557,-2.3636921213365354
2008-02-12,21.083179473876953,95.91153717041016,0.21981901339374388,-1.6508487250439856
2008-02-13,21.33754539489746,96.8920669555664,0.22021973589109844,-1.5401100139277486
2008-02-14,21.15166473388672,96.03942108154297,0.22023940269202313,-1.5260946857694335
2008-02-15,21.053831100463867,96.01807403564453,0.21926945850474058,-1.7644363125097173
2008-02-19,21.327760696411133,96.28810119628906,0.22149944210586534,-1.1908884487930953
2008-02-20,21.278846740722656,96.57225036621094,0.22034121251219987,-1.4801682675103767
2008-02-21,21.28863525390625,95.76941680908203,0.22229053870449592,-0.9861640249292055
2008-02-22,21.474515914916992,96.35913848876953,0.22285915224760758,-0.8409491139829031
2008-02-25,21.856067657470703,97.57413482666016,0.22399448067152092,-0.5500563840410607
2008-02-26,22.247400283813477,98.30594635009766,0.22630777801155236,0.0405711187530226
2008-02-27,22.12999725341797,98.20645141601562,0.2253415833107781,-0.20935853525122847
2008-02-28,21.944114685058594,97.24726867675781,0.22565276108678267,-0.13216150575286154
2008-02-29,21.42559242248535,95.0802230834961,0.22534226075248218,-0.21730993339839813
2008-03-03,21.317983627319336,94.85284423828125,0.2247479640543631,-0.3789096049477969
2008-03-04,21.259279251098633,94.49046325683594,0.22498862338428238,-0.32583328045886306
2008-03-05,21.415815353393555,95.08733367919922,0.22522258774912268,-0.26820066400642584
2008-03-06,21.24949073791504,93.11920166015625,0.22819665932560557,0.5057512253138986
2008-03-07,21.12230682373047,92.16001892089844,0.2291916502519372,0.7602879187644049
2008-03-10,20.936424255371094,90.9450454711914,0.23020961886266922,1.0197238930542836
2008-03-11,21.474515914916992,94.21342468261719,0.22793477667603712,0.4199974130041961
2008-03-12,21.48430061340332,93.33238220214844,0.2301912809518835,1.0032511579398709
2008-03-13,21.582130432128906,93.53840637207031,0.23073014892172813,1.1352561925911004
2008-03-14,20.936424255371094,92.08898162841797,0.22734993790951283,0.2460849464957521
2008-03-17,20.30051040649414,91.15824127197266,0.22269528375308506,-0.9718336041998422
2008-03-18,21.10274314880371,94.94523620605469,0.2222622639329216,-1.082393352546326
2008-03-19,20.173328399658203,92.59344482421875,0.21786994141924035,-2.200947413843013
2008-03-20,20.42768669128418,94.30852508544922,0.21660487928080163,-2.4865053512026916
2008-03-24,20.848379135131836,96.1935806274414,0.21673358034022866,-2.415429372745597
2008-03-25,21.190792083740234,96.286376953125,0.22008089570195924,-1.5543042184269638
2008-03-26,21.15166473388672,95.10822296142578,0.22239575165299283,-0.9643576261578378
2008-03-27,21.083179473876953,94.8083267211914,0.22237687556576688,-0.9624561788928274
2008-03-28,20.98534393310547,93.90154266357422,0.22348241932819693,-0.680829691042254
2008-03-31,21.092958450317383,94.22998809814453,0.22384549628031547,-0.5849788485797669
2008-04-01,21.84627914428711,97.54305267333984,0.22396550595405001,-0.5502130545406523
2008-04-02,21.88541603088379,97.60733032226562,0.22421897985146935,-0.48146124748512215
2008-04-03,21.993032455444336,97.85011291503906,0.22476246373410286,-0.3407341396225255
2008-04-04,22.15934944152832,97.74300384521484,0.22671033802705426,0.14956636375580293
2008-04-07,22.325672149658203,97.79299926757812,0.22829519819278069,0.5481430527561929
2008-04-08,22.022380828857422,97.69303131103516,0.22542427574739232,-0.1721543142487797
2008-04-09,22.002811431884766,96.98612213134766,0.22686556538559718,0.19195414735340652
2008-04-10,21.973464965820312,97.12177276611328,0.22624653916415194,0.038614258859654985
2008-04-11,21.4647274017334,95.23677062988281,0.22538277242884933,-0.17507293951264832
2008-04-14,21.542997360229492,94.91548156738281,0.22697032143207949,0.22930716080121893
2008-04-15,21.709314346313477,95.1368408203125,0.22819040614683053,0.5405325953819682
2008-04-16,22.384363174438477,97.71441650390625,0.22907943346869022,0.768671109105644
2008-04-17,22.23761749267578,97.85726165771484,0.22724545032190382,0.3060564738481772
2008-04-18,22.531116485595703,98.8782958984375,0.22786716013733146,0.4649406521911404
2008-04-21,22.33544921875,98.92825317382812,0.22577422022709823,-0.06456837326276395
2008-04-22,22.29631805419922,98.49273681640625,0.22637525136254769,0.08923625246966624
2008-04-23,22.315881729125977,98.33561706542969,0.22693589967791256,0.2313758775838512
2008-04-24,22.23761749267578,98.76407623291016,0.22515896812758082,-0.21897676131475696
2008-04-25,22.501766204833984,99.6780014038086,0.22574455635076784,-0.07128755399783497
2008-04-28,22.452856063842773,99.699462890625,0.22520538639686166,-0.2092547930412648
2008-04-29,22.23761749267578,99.30670166015625,0.2239286686690747,-0.5314170211833988
2008-04-30,22.345232009887695,98.72119140625,0.2263468632376435,0.08222830330145438
2008-05-01,22.501766204833984,100.76335906982422,0.22331298214504075,-0.6863827022473423
2008-05-02,22.677867889404297,101.04180145263672,0.22444045497382123,-0.3983333241458045
2008-05-05,22.580032348632812,100.55623626708984,0.22455128778544817,-0.366973079812584
2008-05-06,22.853971481323242,101.42735290527344,0.2253235525397904,-0.16854225262310168
2008-05-07,22.452856063842773,99.62088012695312,0.2253830325051304,-0.1524516703676905
2008-05-08,22.687650680541992,99.36382293701172,0.22832908406638147,0.5938375040944911
2008-05-09,22.491985321044922,99.1781997680664,0.226783561041072,0.1985751007392164
2008-05-12,22.687650680541992,100.2920913696289,0.2262157501225706,0.05359924460646259
2008-05-13,22.42350196838379,100.30635833740234,0.22355015514527446,-0.6214501542876039
2008-05-14,22.325672149658203,100.51338958740234,0.2221163990320385,-0.9802804110094953
2008-05-15,22.648517608642578,101.77009582519531,0.22254590039440117,-0.868249084282851
2008-05-16,23.04963493347168,101.86293029785156,0.22628089400210225,0.07565941814920857
2008-05-19,22.971363067626953,102.14136505126953,0.22489774888064742,-0.27379423716156415
2008-05-20,22.658308029174805,101.31311798095703,0.22364633998761835,-0.5902606030602648
2008-05-21,22.384363174438477,99.5994873046875,0.22474375903122737,-0.3135897985227701
2008-05-22,22.707218170166016,99.61375427246094,0.22795263903072888,0.49537752602041457
2008-05-23,22.413715362548828,98.27852630615234,0.2280632016471914,0.5198269190771324
2008-05-27,22.384363174438477,99.00680541992188,0.22608913679719997,0.01981231250194209
2008-05-28,22.48220443725586,99.46379089355469,0.2260340595837145,0.004065773721843323
2008-05-29,22.345232009887695,99.96361541748047,0.22353365188490593,-0.629015321860859
2008-05-30,22.29631805419922,100.21353149414062,0.22248809838123368,-0.8920260508324932
2008-06-02,21.963680267333984,99.1781997680664,0.22145673463217966,-1.147337277647448
2008-06-03,22.12999725341797,98.59980773925781,0.22444260045556705,-0.39375067847228334
2008-06-04,21.83649444580078,98.54986572265625,0.22157812479678146,-1.1112597716984653
2008-06-05,22.22783851623535,100.52054595947266,0.2211273158543832,-1.2205557325903351
2008-06-06,21.699525833129883,97.31460571289062,0.22298323745102006,-0.7534900859205572
2008-06-09,21.74844741821289,97.55018615722656,0.2229462420826119,-0.7618034603950495
2008-06-10,21.386459350585938,97.064697265625,0.22033200486949697,-1.410947788168782
2008-06-11,21.044050216674805,95.63664245605469,0.22004170866145376,-1.4743510544588123
2008-06-12,21.053831100463867,96.00078582763672,0.21930894543159965,-1.6434865075019744
2008-06-13,21.24949073791504,97.214599609375,0.21858332825829815,-1.8066046267371454
2008-06-16,21.34733009338379,97.2717514038086,0.21946073536564237,-1.577527623877063
2008-06-17,21.494075775146484,96.80050659179688,0.22204507529889259,-0.9381161545442308
2008-06-18,21.259279251098633,95.85797882080078,0.2217789224498593,-0.99963664393158
2008-06-19,21.229923248291016,95.9793472290039,0.22119261967511658,-1.1365185859887255
2008-06-20,20.867942810058594,94.4214859008789,0.22100841361430373,-1.1736063402702823
2008-06-23,20.94621467590332,94.32815551757812,0.2220568669128697,-0.9140685914274835
2008-06-24,20.779890060424805,94.14159393310547,0.2207301702921075,-1.2271856070508946
2008-06-25,20.91398048400879,94.58650207519531,0.2211095666417856,-1.1264135365696026
2008-06-26,20.45368003845215,92.01753234863281,0.2222802493872359,-0.8376605193287856
2008-06-27,19.833261489868164,91.51520538330078,0.2167209416926822,-2.150238292119986
2008-06-30,20.73386573791504,91.83808898925781,0.22576543094597987,0.016097820413104615
2008-07-01,20.523719787597656,92.12512969970703,0.22278090521551716,-0.6933011342616503
2008-07-02,20.073423385620117,90.54641723632812,0.2216920779231722,-0.9465074102642734
2008-07-03,20.18349266052246,90.63970947265625,0.22267825854639703,-0.7054995739473523
2008-07-07,19.93332862854004,89.7140121459961,0.22218746159854647,-0.8166781873263347
2008-07-08,20.18349266052246,91.30709075927734,0.22105065984124236,-1.0796316013767242
2008-07-09,20.073423385620117,89.54891967773438,0.22416153603929198,-0.33269738084739553
2008-07-10,20.04340171813965,89.91497039794922,0.2229150677515743,-0.624830599112815
2008-07-11,19.613117218017578,88.86725616455078,0.22070128036473874,-1.145716981101087
2008-07-14,19.613117218017578,88.06355285644531,0.2227154887787622,-0.6577555423555737
2008-07-15,19.33292579650879,86.82209014892578,0.22267289077407668,-0.6624357243599674
2008-07-16,19.473024368286133,88.953369140625,0.21891272423309263,-1.5487675552651137
2008-07-17,19.823253631591797,89.8431625366211,0.22064287444814304,-1.1270090980720333
2008-07-18,20.04340171813965,90.40290069580078,0.2217119314078676,-0.8656977468241586
2008-07-21,20.123456954956055,90.45314025878906,0.22247383448913172,-0.6787719651916189
2008-07-22,20.153470993041992,91.47930145263672,0.22030634988480344,-1.1851847912847406
2008-07-23,20.243532180786133,91.97441864013672,0.2200995937793518,-1.2243174721524206
2008-07-24,19.783222198486328,90.06564331054688,0.21965337137795884,-1.319474386318769
2008-07-25,19.903305053710938,90.04412841796875,0.221039454802909,-0.9888519622467293
2008-07-28,19.553075790405273,88.72373962402344,0.22038155597660303,-1.1388791654123371
2008-07-29,19.773218154907227,90.61817169189453,0.218203675771974,-1.6402099516903048
2008-07-30,20.203508377075195,92.2327651977539,0.21904914521165414,-1.4289580542832767
2008-07-31,19.883296966552734,91.01285552978516,0.21846690613993167,-1.5502557807980224
2008-08-01,19.743202209472656,90.53208923339844,0.21807960444360472,-1.6245093529086387
2008-08-04,19.513050079345703,89.69246673583984,0.21755506108238815,-1.727483671637124
2008-08-05,20.133459091186523,92.11079406738281,0.21857871593700598,-1.478579328476833
2008-08-06,20.09343719482422,92.51983642578125,0.217179774317295,-1.7800223191653375
2008-08-07,19.813249588012695,91.14203643798828,0.21738870846377611,-1.7147628942921789
2008-08-08,19.813249588012695,92.83555603027344,0.21342307231457358,-2.568402785395998
2008-08-11,19.773218154907227,93.7971420288086,0.2108083223776065,-3.0872018399861987
2008-08-12,19.382959365844727,92.82123565673828,0.2088203117390588,-3.4290660374588517
2008-08-13,19.232860565185547,92.26143646240234,0.20846045002803712,-3.412220988341142
2008-08-14,19.20284080505371,92.95755004882812,0.2065764512400227,-3.6943607860560044
2008-08-15,19.0527400970459,93.40966033935547,0.20396969679396829,-4.091857250014788
2008-08-18,18.962677001953125,92.13233184814453,0.2058200050033252,-3.628086353762658
2008-08-19,18.732526779174805,91.12765502929688,0.20556357752377621,-3.582832532460994
2008-08-20,18.822589874267578,91.5510482788086,0.20559666140518087,-3.4977741759679164
2008-08-21,18.992700576782227,91.70895385742188,0.20709756003006868,-3.1522649163654144
2008-08-22,19.0527400970459,93.03645324707031,0.20478790229082453,-3.4749242495524526
2008-08-25,18.89263153076172,91.14922332763672,0.207271448302439,-2.9709941322131415
2008-08-26,18.912643432617188,91.41472625732422,0.2068883669725138,-2.9738975052194636
2008-08-27,19.112777709960938,92.30455017089844,0.20706214021491184,-2.8874953712936167
2008-08-28,19.37295150756836,93.42399597167969,0.20736590536590863,-2.782652339809895
2008-08-29,19.21285057067871,92.41934204101562,0.2078877662010628,-2.6490454833100383
2008-09-02,18.63245964050293,91.84527587890625,0.20286791522156203,-3.376172471448006
2008-09-03,18.51237678527832,91.76634979248047,0.2017338253852532,-3.457748894162346
2008-09-04,17.871950149536133,89.00357818603516,0.20080035560121198,-3.4998621869043807
2008-09-05,17.771881103515625,89.28346252441406,0.1990500883481754,-3.6498748112673787
2008-09-08,18.21217918395996,91.12765502929688,0.1998534822179379,-3.4326308309075024
2008-09-09,17.801902770996094,88.42231750488281,0.2013281632209317,-3.1419398301313186
2008-09-10,17.921981811523438,88.78114318847656,0.20186698625265775,-2.998419267591452
2008-09-11,17.8419246673584,90.06564331054688,0.19809911983684317,-3.4261606521112817
2008-09-12,18.422317504882812,90.48181915283203,0.20360242176128046,-2.6282202613821144
2008-09-15,17.401634216308594,86.1762466430664,0.20193075115448533,-2.796770753498914
2008-09-16,17.071413040161133,87.61866760253906,0.19483762430172388,-3.6255130507107975
2008-09-17,16.781219482421875,83.67900848388672,0.20054276199571935,-2.8337887005027174
2008-09-18,17.51171112060547,86.16191101074219,0.20324190718590499,-2.4526719757141655
2008-09-19,18.56241226196289,89.58370208740234,0.2072074699910534,-1.9344425152332139
2008-09-22,18.082094192504883,87.55558013916016,0.20652132238476797,-1.9951990753706434
2008-09-23,17.771881103515625,85.56355285644531,0.2077038705175379,-1.8289387757768034
2008-09-24,17.751869201660156,85.83782958984375,0.20680706031924811,-1.9164193349816612
2008-09-25,18.082094192504883,87.1802978515625,0.2074103282291184,-1.8232917931023127
2008-09-26,17.811904907226562,87.22357177734375,0.20420976284593279,-2.1794212923684735
2008-09-29,15.670476913452148,80.38859558105469,0.19493407989261147,-3.2072576910119133
2008-09-30,16.66114044189453,83.71585083007812,0.1990201410687733,-2.6778183024133955
2008-10-01,16.811237335205078,83.76640319824219,0.20069188473354263,-2.44428397343253
2008-10-02,16.210838317871094,80.7278060913086,0.20080860737792802,-2.3926382191605935
2008-10-03,16.110767364501953,79.63801574707031,0.20229995955285499,-2.1931539723706797
2008-10-06,15.170141220092773,75.58175659179688,0.20071167837529774,-2.3347084577979733
2008-10-07,14.559734344482422,72.19673156738281,0.20166749973845421,-2.1976943314959416
2008-10-08,14.219510078430176,70.37791442871094,0.20204506191830648,-2.127311426242013
2008-10-09,13.338918685913086,65.46282196044922,0.20376327030283056,-1.9176171979356589
2008-10-10,12.99869155883789,63.874935150146484,0.2035022270986694,-1.9228220397536508
2008-10-13,14.829914093017578,73.14945220947266,0.20273445179808391,-1.980721457739932
2008-10-14,14.379613876342773,72.06681823730469,0.19953168778720004,-2.2878235985890223
2008-10-15,12.668473243713379,64.97203063964844,0.19498348934137497,-2.715509194992857
2008-10-16,13.318907737731934,67.6785659790039,0.19679654178641864,-2.4862628594461493
2008-10-17,13.288885116577148,67.27440643310547,0.19753255095295408,-2.375124813097297
2008-10-20,14.079413414001465,71.31621551513672,0.19742232972265808,-2.351639823391268
2008-10-21,13.238853454589844,69.1870346069336,0.19134876252180216,-2.9045875018615974
2008-10-22,12.248188018798828,65.41951751708984,0.18722528816570952,-3.2351678302239906
2008-10-23,12.308232307434082,66.1773452758789,0.18598860767417835,-3.272906137223766
2008-10-24,11.557726860046387,62.82120132446289,0.18397812547952264,-3.376464093409963
2008-10-27,10.907293319702148,60.59095764160156,0.1800151993671946,-3.6395955796941757
2008-10-28,12.76854133605957,67.67137908935547,0.1886845148995645,-2.795277011664842
2008-10-29,12.9186372756958,67.18058013916016,0.19229719732898545,-2.433086537835166
2008-10-30,13.549056053161621,69.50462341308594,0.19493747880102436,-2.170238086660568
2008-10-31,13.368934631347656,69.88713836669922,0.19129320421163315,-2.4596743183275844
2008-11-03,13.328911781311035,70.08924102783203,0.19017058232972164,-2.5230562074711975
2008-11-04,14.299561500549316,72.47101593017578,0.1973142133722346,-1.875998564004144
2008-11-05,13.338918685913086,69.4251937866211,0.19213369035613156,-2.2970407388910057
2008-11-06,12.308232307434082,65.5782699584961,0.18768766414886903,-2.6378357469370237
2008-11-07,13.128777503967285,67.7435302734375,0.1938012006604139,-2.0913153396694897
2008-11-10,12.888615608215332,66.85578155517578,0.19278236389441375,-2.1528957853808426
2008-11-11,12.618438720703125,64.79157257080078,0.19475432097151782,-1.963039469833772
2008-11-12,11.647786140441895,61.9406623840332,0.18804749081024374,-2.4933502711896134
2008-11-13,12.398292541503906,65.802001953125,0.1884181662183471,-2.4256253672022043
2008-11-14,11.737845420837402,62.51803207397461,0.1877513579913803,-2.442907646819374
2008-11-17,11.667800903320312,61.68801498413086,0.18914210331329084,-2.296020197467622
2008-11-18,11.907962799072266,62.85006332397461,0.18946620208940804,-2.2372740486243075
2008-11-19,11.157461166381836,58.82270050048828,0.18967951269576988,-2.190668436080126
2008-11-20,10.57707405090332,54.45610427856445,0.19423119209551631,-1.8055610075306998
2008-11-21,11.007354736328125,57.393619537353516,0.19178708060334482,-1.978636679142839
2008-11-24,11.96800422668457,61.3704833984375,0.19501238321660797,-1.7052916381334466
2008-11-25,12.048051834106445,61.8251838684082,0.19487288318867144,-1.7002374341392987
2008-11-26,12.288215637207031,64.21418762207031,0.19136293850712194,-1.9572510494656357
2008-11-28,12.50836181640625,65.02254486083984,0.19236961338834763,-1.857881622308104
2008-12-01,11.217498779296875,59.26300048828125,0.18928334183003506,-2.0748294831050793
2008-12-02,11.817902565002441,61.543704986572266,0.19202455503094745,-1.84117790719367
2008-12-03,11.677807807922363,63.023311614990234,0.18529346536504074,-2.3312876668327904
2008-12-04,11.337578773498535,61.56534194946289,0.1841552148415777,-2.3842662993368076
2008-12-05,11.697818756103516,63.46355056762695,0.18432342110513159,-2.3369040358346256
2008-12-08,12.228177070617676,65.6793441772461,0.1861799508475299,-2.1679834878441824
2008-12-09,12.128108978271484,64.59671020507812,0.18775118639583693,-2.0258607410678673
2008-12-10,12.318235397338867,65.03697204589844,0.18940358091464557,-1.8816904755670711
2008-12-11,12.288215637207031,63.47079086303711,0.19360426221446697,-1.5555447249117749
2008-12-12,12.308232307434082,64.22860717773438,0.19163162410442056,-1.6857522516449606
2008-12-15,12.468335151672363,63.33364486694336,0.19686748138160828,-1.2862603098099914
2008-12-16,13.078744888305664,66.31446838378906,0.1972230978707934,-1.249443650122369
2008-12-17,12.798558235168457,65.672119140625,0.1948857201906741,-1.409938436161204
2008-12-18,12.238181114196777,64.44513702392578,0.1899007695437633,-1.759284507664519
2008-12-19,12.018034934997559,64.16793060302734,0.1872903617438859,-1.9283850355743597
2008-12-22,11.99802303314209,63.34569549560547,0.1894054984994906,-1.7550359167482814
2008-12-23,11.890952110290527,62.69088363647461,0.18967593724220808,-1.7173404659266729
2008-12-24,11.839475631713867,63.05465316772461,0.18776529624579816,-1.8348976217498367
2008-12-26,12.055675506591797,63.41848373413086,0.19009718928526853,-1.650706078027058
2008-12-29,11.92184066772461,63.23654556274414,0.1885277027964091,-1.7453203942388464
2008-12-30,12.210099220275879,64.73546600341797,0.18861529813705516,-1.7213307879503599
2008-12-31,12.611615180969238,65.65953826904297,0.19207590417849982,-1.4618924259206074
2009-01-02,12.663092613220215,67.6386489868164,0.18721681764649684,-1.7882477057576815
2009-01-05,12.971946716308594,67.5585708618164,0.19201037782224964,-1.4367386682351195
2009-01-06,13.291095733642578,68.00968933105469,0.1954294434274614,-1.1858954952493606
2009-01-07,12.88958740234375,65.97239685058594,0.19537849187950598,-1.1802228140036868
2009-01-08,13.177848815917969,66.2415771484375,0.19893621775321524,-0.9214960031530265
2009-01-09,12.807223320007324,64.82275390625,0.19757295931193836,-1.0098347253548923
2009-01-12,12.426301002502441,63.26569747924805,0.19641451051066697,-1.0830953981433273
2009-01-13,12.220398902893066,63.38209533691406,0.19280522106336617,-1.326373202323678
2009-01-14,11.60268497467041,61.388465881347656,0.18900431551907837,-1.5785892877034755
2009-01-15,11.592391014099121,61.4102783203125,0.1887695566796469,-1.5795535166712977
2009-01-16,11.664456367492676,61.89049530029297,0.1884692683569049,-1.5849843343750845
2009-01-20,10.686415672302246,58.62351989746094,0.18228887809865352,-1.9909958149727907
2009-01-21,11.211471557617188,61.155635833740234,0.18332687420824256,-1.8980447025182368
2009-01-22,10.7893648147583,60.2097282409668,0.17919637125047178,-2.1526110603878625
2009-01-23,10.737890243530273,60.471683502197266,0.17756889872497278,-2.231953081146325
2009-01-26,11.118812561035156,60.88641357421875,0.18261565936186486,-1.8695168087572633
2009-01-27,11.324715614318848,61.50486373901367,0.18412715557542764,-1.7489795548675293
2009-01-28,11.757112503051758,63.5858268737793,0.18490146438435331,-1.6799046676587683
2009-01-29,11.355600357055664,61.51942825317383,0.18458559644480801,-1.6836809127790688
2009-01-30,11.427665710449219,60.26792907714844,0.18961437509858295,-1.338206830849301
2009-02-02,11.046745300292969,60.08602523803711,0.1838488276854747,-1.7023014719964604
2009-02-03,11.5820951461792,60.93006134033203,0.19008835526171627,-1.2801004743179167
2009-02-04,11.468846321105957,60.63175582885742,0.18915576770493936,-1.3299626616815552
2009-02-05,11.839475631713867,61.53397750854492,0.19240549873555268,-1.107626505761349
2009-02-06,12.148334503173828,63.287513732910156,0.19195468089397497,-1.1283407820364002
2009-02-09,12.24099063873291,63.37480545043945,0.19315231899694973,-1.0417984973054708
2009-02-10,11.530617713928223,60.471683502197266,0.19067796770548404,-1.193970519273012
2009-02-11,11.5820951461792,60.82818603515625,0.19040671604912257,-1.2017713054330803
2009-02-12,11.551209449768066,60.87184143066406,0.18976277336583364,-1.233414334086554
2009-02-13,11.468846321105957,60.21699142456055,0.1904586404897703,-1.1785456955490201
2009-02-17,10.93349838256836,57.64126205444336,0.18968180072534577,-1.2188566498485618
2009-02-18,10.882020950317383,57.50301742553711,0.18924260738854157,-1.2369595161139044
2009-02-19,10.871729850769043,56.88452911376953,0.19111927302809334,-1.106764014248635
2009-02-20,10.737890243530273,56.33156967163086,0.19061940411253944,-1.1298843799344187
2009-02-23,10.4393310546875,54.31611633300781,0.19219582988380074,-1.020074276737886
2009-02-24,10.727593421936035,56.375240325927734,0.19028909428883214,-1.1338866737850053
2009-02-25,10.521690368652344,55.931365966796875,0.18811788674888516,-1.2635833116581217
2009-02-26,10.429036140441895,55.0218505859375,0.18954353642018995,-1.162430837903881
2009-02-27,10.31578540802002,53.79221725463867,0.19177096491835827,-1.010954974681768
2009-03-02,9.615711212158203,51.36927795410156,0.18718797684386063,-1.29571393270037
2009-03-03,9.502467155456543,50.98360824584961,0.18638279012412004,-1.3363674953912397
2009-03-04,9.852506637573242,52.19146728515625,0.1887761956134042,-1.1729694983479289
2009-03-05,9.523056983947754,50.05954360961914,0.19023459459022835,-1.0706895619743613
2009-03-06,9.543648719787598,50.14687728881836,0.19031391854813698,-1.0575366582905343
2009-03-09,9.26567554473877,49.55752182006836,0.18696809695973593,-1.2637195583170395
2009-03-10,9.811324119567871,52.51157760620117,0.18684116087971497,-1.262679749229908
2009-03-11,9.79073429107666,52.853580474853516,0.18524259289746434,-1.355333191138956
2009-03-12,10.06870174407959,54.93455123901367,0.1832854099466813,-1.47053889192217
2009-03-13,10.22313117980957,55.36383056640625,0.18465361004144062,-1.3720792583226773
2009-03-16,10.326080322265625,55.19647979736328,0.18707860284160546,-1.205857465687849
2009-03-17,10.542281150817871,56.88452911376953,0.18532773875535158,-1.3084452125715735
2009-03-18,10.707003593444824,58.15785217285156,0.18410245897015637,-1.3759983980226305
2009-03-19,10.593755722045898,57.437538146972656,0.18443958539689362,-1.3425111608799087
2009-03-20,10.583460807800293,56.214447021484375,0.1882694105975185,-1.0867490261316946
2009-03-23,11.355600357055664,60.25227355957031,0.18846758281790962,-1.0655178102639462
2009-03-24,10.995269775390625,59.06511688232422,0.1861550498121686,-1.204454991022873
2009-03-25,10.943795204162598,59.68803405761719,0.183349902152892,-1.373143643558321
2009-03-26,11.046745300292969,60.90449142456055,0.18137817165711068,-1.4865384828075043
2009-03-27,10.696707725524902,59.805267333984375,0.17885895678366934,-1.6327182073682955
2009-03-30,10.44962215423584,57.738704681396484,0.1809812362763782,-1.4841760917142302
2009-03-31,10.7893648147583,58.2736701965332,0.1851499103861177,-1.2084509552072704
2009-04-01,11.077629089355469,59.402225494384766,0.18648508531726016,-1.1145315277079964
2009-04-02,11.654158592224121,61.138980865478516,0.1906174821243139,-0.8434966033879611
2009-04-03,11.715935707092285,61.74723815917969,0.18974023869520273,-0.8927380525833964
2009-04-06,11.458552360534668,61.263545989990234,0.18703704095755191,-1.058831156859159
2009-04-07,11.139404296875,59.834590911865234,0.18616997504475374,-1.1063786764951733
2009-04-08,11.139404296875,60.47945785522461,0.18418492314432522,-1.2255181604341314
2009-04-09,11.427665710449219,62.88309860229492,0.18172873100169026,-1.373778980148247
2009-04-13,11.561502456665039,62.89776611328125,0.18381419835868792,-1.2297006587772281
2009-04-14,11.41736888885498,61.81317138671875,0.18470770278756687,-1.1635526598800665
2009-04-15,11.695344924926758,62.47272872924805,0.18720720485275222,-0.9943283726955018
2009-04-16,11.78799819946289,63.3887825012207,0.18596347388807924,-1.0681784935504455
2009-04-17,11.76740837097168,63.81376647949219,0.1844023479597207,-1.1621670809360627
2009-04-20,11.159994125366211,61.138980865478516,0.1825348405777497,-1.2758966237575018
2009-04-21,11.479143142700195,62.33348846435547,0.1841569183034635,-1.1610512326310602
2009-04-22,11.232056617736816,61.952430725097656,0.1813013062808943,-1.3395313489022944
2009-04-23,11.60268497467041,62.56066131591797,0.18546295276642508,-1.057755045621179
2009-04-24,11.757112503051758,63.5059700012207,0.1851339724883466,-1.071847618676432
2009-04-27,11.757112503051758,62.90507125854492,0.18690245902002203,-0.9475839207060129
2009-04-28,11.5820951461792,62.70720291137695,0.18470119234225743,-1.0864877299627218
2009-04-29,11.92184066772461,64.04093933105469,0.1861596783597376,-0.9818303413288055
2009-04-30,12.076263427734375,64.06293487548828,0.18850624703981503,-0.8183577741699017
2009-05-01,12.40571117401123,64.4073486328125,0.19261328772802652,-0.5361014374059079
2009-05-04,12.735157012939453,66.59850311279297,0.1912228716517976,-0.6238765654008519
2009-05-05,12.70427131652832,66.371337890625,0.1914120118757288,-0.604934735347544
2009-05-06,13.126373291015625,67.52184295654297,0.19440188117293766,-0.39498034804319787
2009-05-07,12.88958740234375,66.58380889892578,0.19358441061715384,-0.4448474568706076
2009-05-08,13.476411819458008,68.13740539550781,0.19778287331654817,-0.14825982183704886
2009-05-11,13.002835273742676,66.8622817993164,0.19447190439551548,-0.3717878440244423
2009-05-12,13.249916076660156,66.66443634033203,0.19875539049062577,-0.06512888226842412
2009-05-13,12.735157012939453,64.98628997802734,0.19596682649902564,-0.25514470899123676
2009-05-14,12.941062927246094,65.54320526123047,0.1974432418382333,-0.14443021958338087
2009-05-15,12.827812194824219,65.00827026367188,0.1973258501232988,-0.1464471965412666
2009-05-18,13.404346466064453,66.85497283935547,0.20049886937017386,0.08850633425925945
2009-05-19,13.569067001342773,66.77436065673828,0.20320774123313906,0.29188280619290946
2009-05-20,13.661725044250488,66.32736206054688,0.20597419556320354,0.5005994453538007
2009-05-21,13.5587739944458,65.37471771240234,0.20740088017043237,0.6135869489042776
2009-05-22,13.527888298034668,65.2354507446289,0.20737019739452744,0.622489293398106
2009-05-26,13.75438117980957,66.90626525878906,0.2055768787363713,0.5007210506693033
2009-05-27,13.713197708129883,65.71175384521484,0.20868713594879165,0.7436105836044313
2009-05-28,13.795560836791992,66.62774658203125,0.20705429110989174,0.6312236859500795
2009-05-29,14.135305404663086,67.8076400756836,0.20846183982934585,0.7469736597383052
2009-06-01,14.536816596984863,69.44913482666016,0.20931602147769976,0.8204636108728162
2009-06-02,14.629472732543945,69.50774383544922,0.2104725592471735,0.9166156308481082
2009-06-03,14.001468658447266,68.62841033935547,0.2040185484293233,0.4288989903573973
2009-06-04,13.980875968933105,69.27325439453125,0.20182213310360686,0.26615071751350317
2009-06-05,13.877922058105469,69.2879409790039,0.20029346899355616,0.15415012962845445
2009-06-08,13.980875968933105,69.00212097167969,0.2026151627233492,0.34555289597420574
2009-06-09,14.052946090698242,69.35388946533203,0.2026266471720075,0.35548873169340783
2009-06-10,14.166189193725586,69.17803192138672,0.20477872527255347,0.5351755504534664
2009-06-11,14.392688751220703,69.48577880859375,0.20713143031564707,0.7318488465053975
2009-06-12,14.279436111450195,69.67632293701172,0.20493957645208957,0.5626124194414106
2009-06-15,13.826449394226074,68.07878112792969,0.20309484343211454,0.42021061108329655
2009-06-16,13.785266876220703,67.15544891357422,0.20527398892026869,0.6057292087868521
2009-06-17,13.785266876220703,67.08948516845703,0.20547581847746865,0.6321359748197694
2009-06-18,13.702908515930176,67.58045196533203,0.20276438108107955,0.41768438242901135
2009-06-19,14.032355308532715,67.82958984375,0.2068766056356405,0.7693917150126575
2009-06-22,13.507298469543457,65.79556274414062,0.2052919362065391,0.6463689521159407
2009-06-23,13.658239364624023,65.84713745117188,0.20742343393062637,0.8368818568202339
2009-06-24,13.742095947265625,66.4145736694336,0.20691386224451874,0.8034854258316597
2009-06-25,13.804990768432617,67.85902404785156,0.20343632939220982,0.5162851873413782
2009-06-26,13.742095947265625,67.68217468261719,0.2030386288813354,0.4929096295011422
2009-06-29,13.930776596069336,68.31592559814453,0.20391697066383152,0.5765011334768438
2009-06-30,13.846921920776367,67.76321411132812,0.20434275590923523,0.6284021624495695
2009-07-01,13.972702026367188,68.04324340820312,0.205350323213468,0.7302076482997183
2009-07-02,13.637277603149414,66.18611907958984,0.20604437596273584,0.8043095414728886
2009-07-06,13.616312980651855,66.17877197265625,0.20575046309831566,0.7913592510966196
2009-07-07,13.280882835388184,64.89647674560547,0.20464720893014446,0.7042504886082558
2009-07-08,13.113165855407715,64.85222625732422,0.20220070477421356,0.4915509195713397
2009-07-09,13.364739418029785,64.97750854492188,0.2056825464274325,0.8298039698615891
2009-07-10,13.17606258392334,64.82273864746094,0.20326297313017702,0.6177078880916018
2009-07-13,13.406670570373535,66.39984130859375,0.2019081718594166,0.5015237338425861
2009-07-14,13.542932510375977,66.77574157714844,0.20281216187961515,0.6025269428834894
2009-07-15,14.182347297668457,68.72860717773438,0.20635289845162225,0.9616777107314264
2009-07-16,14.245243072509766,68.61811065673828,0.20760179690419509,1.0960957908742548
2009-07-17,14.129938125610352,69.36981201171875,0.20369001610128853,0.7250336709026758
2009-07-20,14.475852966308594,70.10672760009766,0.20648307889767242,1.0198749960662206
2009-07-21,14.433918952941895,70.43101501464844,0.20493697201353533,0.8822871512241627
2009-07-22,14.507301330566406,70.41629028320312,0.20602194850396616,1.008673845174833
2009-07-23,14.821761131286621,71.97124481201172,0.20594004133179766,1.016291448998279
2009-07-24,14.916098594665527,72.26603698730469,0.20640537680634,1.0805684413584746
2009-07-27,14.88465404510498,72.47976684570312,0.2053628852972421,0.9894247237694773
2009-07-28,14.758867263793945,72.14075469970703,0.20458432026708312,0.9242709515208177
2009-07-29,14.62259578704834,71.9638900756836,0.20319351513196304,0.789299078602814
2009-07-30,14.937065124511719,72.71558380126953,0.20541766074978463,1.0476549048451815
2009-07-31,15.020918846130371,72.81871795654297,0.20627826563898877,1.1586372158865768
2009-08-03,15.555510520935059,74.02001190185547,0.21015276978826217,1.6028221020988431
2009-08-04,15.534547805786133,74.21160125732422,0.2093277539170868,1.5254417500044273
2009-08-05,15.67081069946289,73.99791717529297,0.21177367279595796,1.8155365777593626
2009-08-06,15.450690269470215,73.61466979980469,0.20988602287408764,1.6159536397364438
2009-08-07,15.555510520935059,74.580078125,0.20857460748248657,1.4822749404651685
2009-08-10,15.335383415222168,74.42533874511719,0.20605056925223972,1.2023829563138513
2009-08-11,15.199118614196777,73.49675750732422,0.20679985253338734,1.294366661443867
2009-08-12,15.272492408752441,74.28530883789062,0.2055923660771323,1.1583593611725118
2009-08-13,15.586958885192871,74.85276794433594,0.20823490317397578,1.4652661219559986
2009-08-14,15.492612838745117,74.27791595458984,0.208576299424133,1.502032150989324
2009-08-17,14.989473342895508,72.45027160644531,0.20689326638165448,1.303649633039191
2009-08-18,15.303940773010254,73.02507781982422,0.2095710299791789,1.6078903927374586
2009-08-19,15.419240951538086,73.66622161865234,0.2093122276768695,1.5726148875139385
2009-08-20,15.545027732849121,74.42533874511719,0.2088674098761691,1.5168653556704343
2009-08-21,15.869972229003906,75.88450622558594,0.2091332344158159,1.5444310557503866
2009-08-24,15.817564010620117,75.87712097167969,0.20846289115956115,1.4627333584884323
2009-08-25,15.84900951385498,76.02450561523438,0.20847237855209458,1.4621570085038966
2009-08-26,15.733707427978516,76.03189849853516,0.20693561174566283,1.286219177398139
2009-08-27,15.786117553710938,76.20137023925781,0.2071631717926532,1.312137536153447
2009-08-28,15.890934944152832,76.18669128417969,0.20857888269329022,1.472455359754441
2009-08-31,15.67081069946289,75.50860595703125,0.2075367502928141,1.3537444032931953
2009-09-01,15.408761024475098,73.84310913085938,0.2086689090673148,1.476120930821975
2009-09-02,15.46117115020752,73.56307220458984,0.21017571298827356,1.636824747936319
2009-09-03,15.649846076965332,74.17475128173828,0.2109861618210549,1.7151904059472034
2009-09-04,15.890934944152832,75.21388244628906,0.2112766211144691,1.7324878000320718
2009-09-08,16.152990341186523,75.86238861083984,0.2129248846097953,1.8986622192508393
2009-09-09,16.394081115722656,76.44458770751953,0.21445705454579933,2.047825534820316
2009-09-10,16.603727340698242,77.22579193115234,0.2150023577032483,2.085812186899481
2009-09-11,16.509382247924805,77.21102142333984,0.21382157551582712,1.9348921278175184
2009-09-14,16.509382247924805,77.58687591552734,0.2127857585849878,1.8085623513885263
2009-09-15,16.530351638793945,77.91109466552734,0.21216941835766542,1.7283195128275708
2009-09-16,16.79239845275879,79.09024047851562,0.2123194764759925,1.7266996945850872
2009-09-17,16.79239845275879,78.97235107421875,0.21263642558871243,1.745552227283581
2009-09-18,16.71902847290039,79.02268981933594,0.21157250545538173,1.621839870355374
2009-09-21,16.456974029541016,78.82282257080078,0.208784378594904,1.3241508011275744
2009-09-22,16.69806480407715,79.2818603515625,0.21061646043662824,1.5133205039424278
2009-09-23,16.540830612182617,78.62285614013672,0.21038196046580118,1.4851272137285008
2009-09-24,16.17395782470703,77.7564926147461,0.20800781106270896,1.2330587824091852
2009-09-25,16.069133758544922,77.34184265136719,0.20776766117377815,1.2073358042017284
2009-09-28,16.215883255004883,78.72652435302734,0.20597738040979982,1.0168937645837681
2009-09-29,16.268299102783203,78.48953247070312,0.20726711690957622,1.144834188008129
2009-09-30,16.257816314697266,78.18595886230469,0.2079378004857538,1.2083264399052316
2009-10-01,15.901418685913086,76.24595642089844,0.20855425562678925,1.266170825367162
2009-10-02,15.723224639892578,75.89054107666016,0.20718292974100558,1.117690617692029
2009-10-05,15.859491348266602,77.02342987060547,0.20590476657439888,0.981558880057461
2009-10-06,16.069133758544922,78.12673950195312,0.2056803325082215,0.9547196756247414
2009-10-07,16.17395782470703,78.34146118164062,0.20645463565207806,1.0317752000986258
2009-10-08,16.320709228515625,78.94124603271484,0.20674501668939954,1.0583496700113457
2009-10-09,16.194921493530273,79.42253875732422,0.20390838352591448,0.763754600661666
2009-10-12,16.268299102783203,79.7335205078125,0.20403337265396668,0.7763838799884217
2009-10-13,16.17395782470703,79.5706558227539,0.20326535778132862,0.6963439925456941
2009-10-14,16.561796188354492,80.94050598144531,0.20461690951315642,0.8335170708238505
2009-10-15,16.80288314819336,81.23666381835938,0.20683866567642,1.0566357388203902
2009-10-16,16.876264572143555,80.6294937133789,0.20930634430293174,1.302301045020716
2009-10-19,17.085901260375977,81.29596710205078,0.21016911255792128,1.3807937710302516
2009-10-20,16.970600128173828,80.8664779663086,0.209859518492252,1.33911889898216
2009-10-21,17.04397201538086,80.14079284667969,0.2126753605743371,1.611148099278587
2009-10-22,17.159273147583008,80.95531463623047,0.21195981047924436,1.5240909699245482
2009-10-23,16.84481430053711,80.02974700927734,0.210481913663733,1.3624157385800242
2009-10-26,16.781919479370117,79.16336822509766,0.21199097329526764,1.502715859850061
2009-10-27,16.739990234375,78.80054473876953,0.21243495574642896,1.5367184336368824
2009-10-28,16.37311553955078,77.31221008300781,0.21177916815431166,1.45687902162699
2009-10-29,16.84481430053711,78.97086334228516,0.21330416798821433,1.5954427717103583
2009-10-30,16.236848831176758,76.68282318115234,0.21174036319476,1.4255444621213762
2009-11-02,16.394081115722656,77.24556732177734,0.2122332929141525,1.4615357077806401
2009-11-03,16.530351638793945,77.48994445800781,0.21332253822625755,1.5554173468119186
2009-11-04,16.582761764526367,77.68988800048828,0.21344813580400765,1.5539958039282993
2009-11-05,16.865779876708984,79.11895751953125,0.21316989512337178,1.5121238949125573
2009-11-06,16.93915367126465,79.32627868652344,0.2135377324102612,1.5341541447097033
2009-11-09,17.505191802978516,81.13304901123047,0.21575907742053968,1.7343770550112965
2009-11-10,17.42133331298828,81.1478500366211,0.21468632015667985,1.6132272647457773
2009-11-11,17.337478637695312,81.56253814697266,0.2125666884771759,1.3946174786864907
2009-11-12,17.264102935791016,80.73321533203125,0.2138413893809257,1.5045316344883548
2009-11-13,17.494709014892578,81.17007446289062,0.2155315136847733,1.6517514201914032
2009-11-16,17.924474716186523,82.34741973876953,0.21766892967682874,1.837915046623323
2009-11-17,17.955921173095703,82.44366455078125,0.21779625239772957,1.829843462123217
2009-11-18,17.840618133544922,82.39185333251953,0.21653376410339037,1.6918003043478795
2009-11-19,17.526155471801758,81.31815338134766,0.215525743552138,1.5805429649278755
2009-11-20,17.264102935791016,81.02936553955078,0.21305983109745977,1.335383825611169
2009-11-23,17.620492935180664,82.05860900878906,0.21473058278739995,1.4795190787027015
2009-11-24,17.599525451660156,82.18448638916016,0.21414656494077053,1.412102565724488
2009-11-25,17.798688888549805,82.4732666015625,0.2158116153509142,1.5534804669030269
2009-11-27,17.463266372680664,81.13304901123047,0.21524232831756873,1.4864338810485753
2009-11-30,17.05445671081543,81.40699768066406,0.20949620053198736,0.9442712801868504
2009-12-01,17.494709014892578,82.41405487060547,0.21227822174700928,1.193210194051471
2009-12-02,17.641454696655273,82.37702178955078,0.2141550436446226,1.3556919724920269
2009-12-03,17.389888763427734,81.7328109741211,0.21276508853872483,1.2174419035587678
2009-12-04,17.431814193725586,82.1993179321289,0.21206762576933846,1.144246483717208
2009-12-07,17.316509246826172,82.07341766357422,0.2109880365626784,1.0362307559407413
2009-12-08,16.918188095092773,81.16262817382812,0.20844800711552425,0.793314545550483
2009-12-09,16.928668975830078,81.46624755859375,0.2077997880490851,0.7265941553050156
2009-12-10,16.96011734008789,81.92533874511719,0.2070191908861497,0.6479332879204022
2009-12-11,16.981082916259766,82.27336883544922,0.206398293355688,0.5851943555138677
2009-12-14,17.23265266418457,82.83612823486328,0.2080330531060704,0.7320288280469561
2009-12-15,17.085901260375977,82.4510726928711,0.2072247297984913,0.6522020405568154
2009-12-16,17.222171783447266,82.57693481445312,0.2085591069969448,0.7718478039307193
2009-12-17,16.79239845275879,81.58470153808594,0.2058277855551098,0.5129136682839153
2009-12-18,16.813371658325195,82.04627990722656,0.20492546008590315,0.42380288104260677
2009-12-21,16.771440505981445,82.88006591796875,0.20235795326925923,0.17878890322910573
2009-12-22,16.98883056640625,83.17784881591797,0.20424705385209543,0.3510053481632616
2009-12-23,17.105493545532227,83.3416519165039,0.2052454343317963,0.43970333040734444
2009-12-24,17.19032859802246,83.73616790771484,0.20529156071445526,0.43860646465225384
2009-12-28,17.179723739624023,83.91485595703125,0.20472803705247294,0.38062993230038383
2009-12-29,17.179723739624023,83.79573059082031,0.20501908174192868,0.40287802127853595
2009-12-30,17.296375274658203,83.7659683227539,0.20648451418856067,0.5360342551225209
2009-12-31,17.179723739624023,82.96195983886719,0.20707953106449425,0.5872495657318915
2010-01-04,17.50847053527832,84.36898803710938,0.20752258552132077,0.623289465132455
2010-01-05,17.6251220703125,84.59230041503906,0.20835373886083675,0.6965787910254331
2010-01-06,17.635726928710938,84.65184783935547,0.20833245084240107,0.6894124658375309
2010-01-07,17.572101593017578,85.00920104980469,0.20670823129748672,0.5305087199625228
2010-01-08,17.667543411254883,85.29209899902344,0.20714161825771424,0.5683539860611594
2010-01-11,17.816007614135742,85.41120910644531,0.20859097770097376,0.7015836656222296
2010-01-12,17.688753128051758,84.61463928222656,0.20905074202410867,0.7400294532077475
2010-01-13,17.816007614135742,85.3293228149414,0.20879115204950519,0.7095375605832834
2010-01-14,17.86903190612793,85.56010437011719,0.20884771047998962,0.7086647085248964
2010-01-15,17.699356079101562,84.5997543334961,0.20921285432260114,0.73704438662313
2010-01-19,17.953872680664062,85.65686798095703,0.2096022549488444,0.7676560745274302
2010-01-20,17.656938552856445,84.78587341308594,0.20825330732668085,0.6326975180699689
2010-01-21,17.116092681884766,83.1554946899414,0.20583237157935097,0.39367672479112653
2010-01-22,16.62827491760254,81.30182647705078,0.20452523194292854,0.2599788363478272
2010-01-25,16.999446868896484,81.7187271118164,0.20802388228142615,0.5961300266308178
2010-01-26,16.882789611816406,81.37627410888672,0.20746574842227528,0.5349335606226794
2010-01-27,17.01004409790039,81.76342010498047,0.20803978204507928,0.5858847819166275
2010-01-28,16.56464958190918,80.82536315917969,0.20494370745091864,0.2701083003595418
2010-01-29,16.3631591796875,79.9468994140625,0.204675344505096,0.23659001258185872
2010-02-01,16.447994232177734,81.19014739990234,0.20258608659943778,0.020121957887645456
2010-02-02,16.893394470214844,82.17284393310547,0.20558366562032668,0.3177763860905649
2010-02-03,16.638879776000977,81.76342010498047,0.20350029089582383,0.09975148880071405
2010-02-04,15.991987228393555,79.23970031738281,0.20181786609919058,-0.07817354213601702
2010-02-05,15.801101684570312,79.4034652709961,0.1989976335496534,-0.37179501067613724
2010-02-08,15.589012145996094,78.8302230834961,0.1977542563780948,-0.5033239851314659
2010-02-09,15.991987228393555,79.82037353515625,0.2003496916905558,-0.23859626472934364
2010-02-10,15.938965797424316,79.6640625,0.2000772405678447,-0.27144669742126754
2010-02-11,16.214691162109375,80.49781036376953,0.20143021392551178,-0.1359986771932484
2010-02-12,16.066219329833984,80.43082427978516,0.19975201639046164,-0.3159629030567769
2010-02-16,16.46920394897461,81.69638061523438,0.2015903743219624,-0.12891671342293243
2010-02-17,16.511621475219727,82.08351135253906,0.20115637359011418,-0.17985928231872192
2010-02-18,16.56464958190918,82.56741333007812,0.20061969866597376,-0.24205006284852984
2010-02-19,16.47980499267578,82.73860931396484,0.19917913933192344,-0.3987339263693166
2010-02-22,16.47980499267578,82.7535171508789,0.1991432577134971,-0.4073751844161201
2010-02-23,16.235898971557617,81.74847412109375,0.1986079758199209,-0.4679898852471297
2010-02-24,16.373762130737305,82.50037384033203,0.19846894466716525,-0.4878148512082979
2010-02-25,16.161664962768555,82.38872528076172,0.19616355159875745,-0.7405113265525058
2010-02-26,16.225296020507812,82.4408187866211,0.1968114370928705,-0.6763386410250071
2010-03-01,16.129850387573242,83.29698181152344,0.1936426751220152,-1.0191112987458608
2010-03-02,16.246503829956055,83.52772521972656,0.1945043252072086,-0.9332973688119413
2010-03-03,16.607065200805664,83.60218811035156,0.19864390605285354,-0.493762309461613
2010-03-04,16.575252532958984,83.85530853271484,0.19766491618705817,-0.6067018208140751
2010-03-05,16.957019805908203,85.05387878417969,0.19936797766667247,-0.4260821857464728
2010-03-08,16.80855369567871,85.06875610351562,0.1975878626369625,-0.6265728347052888
2010-03-09,16.691905975341797,85.2102279663086,0.19589087335785133,-0.821452851474507
2010-03-10,16.776748657226562,85.58990478515625,0.19601317117174938,-0.8163083930704522
2010-03-11,16.957019805908203,85.9472427368164,0.19729568123358174,-0.6839208050595104
2010-03-12,17.063068389892578,85.95465850830078,0.19851243302007615,-0.5597427630210735
2010-03-15,16.893394470214844,85.97697448730469,0.1964874266738627,-0.8003742843741367
2010-03-16,17.12669563293457,86.66189575195312,0.19762659799129287,-0.6794327584418143
2010-03-17,17.243349075317383,87.17555236816406,0.19780028467722724,-0.6704727781498437
2010-03-18,17.19032859802246,87.13087463378906,0.19729319452230207,-0.7419244264122358
2010-03-19,16.935815811157227,86.68985748291016,0.19536098342872366,-0.9804764981377031
2010-03-22,17.031259536743164,87.1533203125,0.19541721962714997,-0.9818001299477345
2010-03-23,17.12669563293457,87.76627349853516,0.19513982934709448,-1.0222592499244334
2010-03-24,16.882789611816406,87.34021759033203,0.1932991476046565,-1.2512390458749778
2010-03-25,16.861583709716797,87.19816589355469,0.19337085289500489,-1.2585336246887828
2010-03-26,16.935815811157227,87.14583587646484,0.19433878441610106,-1.1621290217678015
2010-03-29,17.12669563293457,87.69903564453125,0.19528944083665714,-1.0718596428610532
2010-03-30,17.169116973876953,87.75883483886719,0.1956397553066986,-1.0505052826305281
2010-03-31,17.253952026367188,87.45977783203125,0.19727870861396246,-0.8588790351609585
2010-04-01,17.58270263671875,88.05783081054688,0.19967222079938893,-0.5668170191216582
2010-04-05,17.74177360534668,88.77545928955078,0.1998499782184169,-0.5516927811293555
2010-04-06,17.678146362304688,88.9847640991211,0.19866486742171738,-0.7132327689201222
2010-04-07,17.50847053527832,88.47644805908203,0.19788848805940612,-0.826567171553163
2010-04-08,17.51907730102539,88.78288269042969,0.1973249433915244,-0.9147873788016061
2010-04-09,17.75238037109375,89.36598205566406,0.19864807573016086,-0.7575000659648684
2010-04-12,17.73117446899414,89.50800323486328,0.19809596715579356,-0.8545751342760354
2010-04-13,17.720561981201172,89.57530975341797,0.19782864307120077,-0.9114223814566799
2010-04-14,17.985685348510742,90.59191131591797,0.19853522336878288,-0.832749537927458
2010-04-15,18.08112335205078,90.66666412353516,0.1994241602119042,-0.7228780069187586
2010-04-16,17.762983322143555,89.22393798828125,0.19908315775612326,-0.7884790237046134
2010-04-19,17.593307495117188,89.56037139892578,0.19644076079979508,-1.190710377948306
2010-04-20,17.837217330932617,90.36016845703125,0.19740132887661344,-1.079715050840274
2010-04-21,17.688753128051758,90.19573211669922,0.19611518985360935,-1.2971099131090074
2010-04-22,17.529682159423828,90.46479034423828,0.19377353435208947,-1.689760258593583
2010-04-23,17.720561981201172,91.05537414550781,0.19461302693549373,-1.5867898926258632
2010-04-26,17.73117446899414,90.71151733398438,0.19546773100168716,-1.4819443596328827
2010-04-27,17.01004409790039,88.5661392211914,0.19206035452689532,-2.038504425821329
2010-04-28,17.031259536743164,89.2389144897461,0.1908501423860341,-2.258773667372398
2010-04-29,17.243349075317383,90.34525299072266,0.1908605986978426,-2.2782311123942405
2010-04-30,16.882789611816406,88.81281280517578,0.19009407627761252,-2.4096260915906234
2010-05-03,16.82976531982422,89.96399688720703,0.187072227803803,-2.8715495971310334
2010-05-04,16.49041175842285,87.8485336303711,0.18771413792525465,-2.7506661953940217
2010-05-05,15.991987228393555,87.32525634765625,0.18313129439582537,-3.4282269488779065
2010-05-06,15.23905086517334,84.42486572265625,0.18050429496962517,-3.7452132446475423
2010-05-07,15.154210090637207,83.16902923583984,0.18220977483895937,-3.4140078452504867
2010-05-10,15.970781326293945,86.83187866210938,0.18392762626317652,-3.0918871360745928
2010-05-11,15.843522071838379,86.58519744873047,0.18298187841195113,-3.1748613059141024
2010-05-12,15.98138427734375,87.79618835449219,0.18202822442377756,-3.2395160100343574
2010-05-13,15.769286155700684,86.7048110961914,0.1818732542788893,-3.1963822455196778
2010-05-14,15.260260581970215,85.13500213623047,0.1792477852711063,-3.4763170764562954
2010-05-17,15.36630916595459,85.17987823486328,0.1803983462336685,-3.2443978027011218
2010-05-18,14.995140075683594,84.02120971679688,0.17846850963258484,-3.41293937261444
2010-05-19,14.995140075683594,83.54280853271484,0.17949049522092125,-3.198215027662169
2010-05-20,14.390669822692871,80.38823699951172,0.17901462153947076,-3.1799202550341366
2010-05-21,14.772440910339355,81.56185150146484,0.18111948954560017,-2.853438621971039
2010-05-24,14.528532028198242,80.5153579711914,0.18044423317842773,-2.876495162955173
2010-05-25,14.486114501953125,80.59757995605469,0.17973386433999117,-2.9011600131370554
2010-05-26,14.401277542114258,80.1116943359375,0.1797649851434231,-2.8386908090548713
2010-05-27,15.313283920288086,82.79528045654297,0.18495358474358475,-2.1919521899121825
2010-05-28,15.026957511901855,81.75624084472656,0.18380196247576278,-2.292841483070028
2010-06-01,14.910303115844727,80.38079071044922,0.18549585024057794,-2.068676042136718
2010-06-02,15.302679061889648,82.47384643554688,0.18554583935707009,-2.0370955699864846
2010-06-03,15.281472206115723,82.75790405273438,0.18465272146547085,-2.111645149636697
2010-06-04,14.687602996826172,79.8500747680664,0.18393975258618078,-2.1641621748315827
2010-06-07,14.570951461791992,78.8558349609375,0.18477962308065024,-2.0457596841477566
2010-06-08,14.666386604309082,79.7005386352539,0.18401866355545188,-2.1036359624548946
2010-06-09,14.602763175964355,79.27448272705078,0.18420508937589652,-2.0572826599768566
2010-06-10,15.175422668457031,81.59176635742188,0.18599208407842763,-1.8405592762448533
2010-06-11,15.143610000610352,81.9879379272461,0.18470534060813174,-1.9567977352852894
2010-06-14,15.270864486694336,81.86090850830078,0.18654648189185263,-1.7392503725226998
2010-06-15,15.663244247436523,83.72222137451172,0.1870858655000406,-1.665096395991433
2010-06-16,15.6420316696167,83.69229888916016,0.1868992951231103,-1.6681547003892143
2010-06-17,15.652637481689453,83.82687377929688,0.18672576914773673,-1.6696308876393713
2010-06-18,15.6420316696167,83.91771697998047,0.18639724997938498,-1.6878219013673939
2010-06-21,15.546589851379395,83.67740631103516,0.18579196627571798,-1.7329536054929968
2010-06-22,15.3875150680542,82.29544830322266,0.1869789324357035,-1.5933272139124746
2010-06-23,15.582841873168945,82.04005432128906,0.18994187658802245,-1.2742318827244565
2010-06-24,15.313056945800781,80.68060302734375,0.1897984939528895,-1.2784775734788387
2010-06-25,15.269889831542969,81.01859283447266,0.18847389589622413,-1.4039513205052667
2010-06-28,15.528885841369629,80.76322174072266,0.19227670103630365,-1.0053575841552282
2010-06-29,14.784276008605957,78.26966857910156,0.18888895630961494,-1.343114364567973
2010-06-30,14.503695487976074,77.52608489990234,0.18708149014235007,-1.5146355918902976
2010-07-01,14.676365852355957,77.18061828613281,0.1901561062642185,-1.1914705888506336
2010-07-02,14.741111755371094,76.75997924804688,0.1920416328896568,-0.9922101453198549
2010-07-06,14.946147918701172,77.26319122314453,0.193444610325958,-0.8436779633390399
2010-07-07,15.474928855895996,79.69670104980469,0.19417276564842104,-0.7647454345593714
2010-07-08,15.593634605407715,80.48529815673828,0.1937451306329317,-0.8036900935833787
2010-07-09,15.604429244995117,81.08618927001953,0.19244250328538542,-0.9290512284937538
2010-07-12,15.636800765991211,81.13878631591797,0.1927167200296605,-0.8956799717360101
2010-07-13,16.02529525756836,82.36302185058594,0.19456905413985068,-0.7049071395838317
2010-07-14,16.046871185302734,82.35549926757812,0.1948488118949465,-0.6728951661251308
2010-07-15,16.197954177856445,82.37804412841797,0.19662950667541565,-0.48944439814550766
2010-07-16,15.744712829589844,80.10980224609375,0.1965391548617582,-0.4942633622460577
2010-07-19,15.787879943847656,80.58296203613281,0.19592081930133676,-0.5532389377725792
2010-07-20,15.917376518249512,81.47673034667969,0.195361012285616,-0.6050980224344858
2010-07-21,15.77708911895752,80.41773986816406,0.19618916354553487,-0.5179857226175972
2010-07-22,16.27349281311035,82.21279907226562,0.19794354403145717,-0.3380537619660133
2010-07-23,16.489322662353516,82.92633056640625,0.1988430278987094,-0.24463921104345293
2010-07-26,16.564863204956055,83.79004669189453,0.1976948797494639,-0.3570072909834691
2010-07-27,16.759109497070312,83.78253936767578,0.20003105209694994,-0.11932034682278582
2010-07-28,16.59723472595215,83.24177551269531,0.19938588075191743,-0.1823524089310616
2010-07-29,16.59723472595215,82.83617401123047,0.20036215969730795,-0.08272404440477212
2010-07-30,16.608028411865234,82.82118225097656,0.2005287531580655,-0.06398001706076263
2010-08-02,17.190767288208008,84.69134521484375,0.2029813937256366,0.1849876636546484
2010-08-03,17.26630401611328,84.2857666015625,0.20485432727609784,0.3767628784884356
2010-08-04,17.277101516723633,84.84906005859375,0.20362160175719896,0.25471419002519546
2010-08-05,17.179975509643555,84.75894165039062,0.20269219005242708,0.16463721859718147
2010-08-06,17.277101516723633,84.41345977783203,0.2046723539373374,0.36817375555255116
2010-08-09,17.341848373413086,84.86408233642578,0.20434850523293213,0.33728793944887386
2010-08-10,17.23393440246582,84.40592193603516,0.20417920931574104,0.3209251389479449
2010-08-11,16.489322662353516,82.09261322021484,0.20086244079136115,-0.014145945654505172
2010-08-12,16.5540714263916,81.58943176269531,0.20289479983804137,0.19393556936557665
2010-08-13,16.59723472595215,81.34903717041016,0.20402496825112043,0.31102376399061343
2010-08-16,16.65119743347168,81.31151580810547,0.20478276991869607,0.39016015773260854
2010-08-17,16.79148292541504,82.31045532226562,0.20400182285072127,0.31181644586230794
2010-08-18,16.737525939941406,82.46066284179688,0.2029758840533798,0.21005924532307124
2010-08-19,16.370620727539062,81.0261001586914,0.2020413261341326,0.11763190222334868
2010-08-20,16.27349281311035,80.76322174072266,0.20149633041328868,0.06491294008736817
2010-08-23,16.33824348449707,80.4552993774414,0.20307230985306726,0.22925670918552568
2010-08-24,16.046871185302734,79.26107788085938,0.20245587890469335,0.16861893712760523
2010-08-25,16.02529525756836,79.56902313232422,0.20140118134814983,0.06318014698200039
2010-08-26,16.079246520996094,79.03575134277344,0.20344269837154252,0.27486862218864855
2010-08-27,16.370620727539062,80.260009765625,0.20396983224079454,0.33066794062911364
2010-08-30,16.079246520996094,79.09584045410156,0.20328814295015554,0.2628956423048742
2010-08-31,16.143997192382812,79.09584045410156,0.20410677855747666,0.34900771604972763
2010-09-01,16.68356704711914,81.46175384521484,0.2048024534165999,0.4228278340459783
2010-09-02,16.759109497070312,82.22030639648438,0.20383175679562912,0.3256746399385382
2010-09-03,16.99652099609375,83.2868423461914,0.20407210211483037,0.3541112356827138
2010-09-07,16.7159423828125,82.34798431396484,0.20299151851829547,0.246006816179037
2010-09-08,16.910188674926758,82.92633056640625,0.20391820739475883,0.34711842787206226
2010-09-09,17.061269760131836,83.30937194824219,0.20479412293170968,0.4441448739386231
2010-09-10,17.104433059692383,83.72997283935547,0.20428088627842972,0.39656872044393054
2010-09-13,17.341848373413086,84.66131591796875,0.2048379260985761,0.4604894261317512
2010-09-14,17.449758529663086,84.60870361328125,0.20624070319550378,0.6128302917874788
2010-09-15,17.536096572875977,84.93170166015625,0.20647292153693692,0.6412326842877737
2010-09-16,17.55767250061035,84.9091567993164,0.2067818497139016,0.677850757819344
2010-09-17,17.41738510131836,84.9408950805664,0.2050529969668671,0.49878900927107706
2010-09-20,17.697965621948242,86.23963165283203,0.20521847418358097,0.5203131131073391
2010-09-21,17.611631393432617,86.06597137451172,0.20462943846641193,0.45971216779016577
2010-09-22,17.633216857910156,85.64310455322266,0.2058918455828752,0.5977395257137709
2010-09-23,17.449758529663086,84.94844055175781,0.20541587834130057,0.5498129826677468
2010-09-24,17.924585342407227,86.70027160644531,0.20674197450927836,0.6929372757385417
2010-09-27,17.859834671020508,86.28495788574219,0.20698665339409855,0.7197197260516883
2010-09-28,17.88142204284668,86.58699035644531,0.20651395745753198,0.6686352324991253
2010-09-29,17.795087814331055,86.43594360351562,0.20587601722678794,0.6009780415325622
2010-09-30,17.65479850769043,86.17919158935547,0.20486150057911526,0.49375141391539756
2010-10-01,17.9461669921875,86.54167175292969,0.20737023712024572,0.7642652200100812
2010-10-04,17.827463150024414,85.89229583740234,0.2075560209005536,0.7839902962245704
2010-10-05,18.17279052734375,87.62150573730469,0.2074010298547828,0.7663482056150683
2010-10-06,18.269912719726562,87.61393737792969,0.20852747024617602,0.8854166222004537
2010-10-07,18.194368362426758,87.50821685791016,0.2079161136601552,0.8187620747724844
2010-10-08,18.313072204589844,87.99901580810547,0.20810542068475102,0.8381292359592188
2010-10-11,18.269912719726562,88.08209991455078,0.20741913212162705,0.762344123672498
2010-10-12,18.20516586303711,88.35392761230469,0.20604817867204525,0.6142554449587971
2010-10-13,18.442575454711914,89.04105377197266,0.2071244069274151,0.7273087777121089
2010-10-14,18.528905868530273,88.6937026977539,0.20890892256096444,0.915382855341897
2010-10-15,18.507322311401367,88.87492370605469,0.20824009225158455,0.8428869237747014
2010-10-18,18.561281204223633,89.31290435791016,0.20782306137802492,0.7993888253822166
2010-10-19,18.108041763305664,88.1424789428711,0.20544057735251875,0.5475054238851534
2010-10-20,18.323867797851562,89.0032958984375,0.2058785308216125,0.59692597401637
2010-10-21,18.215953826904297,89.19963073730469,0.2042155743957144,0.4235064704553512
2010-10-22,18.280704498291016,89.36572265625,0.20456058491921691,0.465057959229231
2010-10-25,18.29149627685547,89.63003540039062,0.20407775356937716,0.4165792279487743
2010-10-26,18.323867797851562,89.64515686035156,0.2044044367772854,0.45644402924040545
2010-10-27,18.118833541870117,89.38842010498047,0.20269777137341516,0.2765251833906374
2010-10-28,18.33466339111328,89.4035415649414,0.2050775961464038,0.5397353959733296
2010-10-29,18.399404525756836,89.4714584350586,0.20564551922568408,0.6070637974934828
2010-11-01,18.474952697753906,89.50167083740234,0.2064201989180442,0.6957525977397465
2010-11-02,18.67998695373535,90.21145629882812,0.20706889923001953,0.7709946137811717
2010-11-03,18.809484481811523,90.57390594482422,0.20767001583513334,0.8419596869480472
2010-11-04,19.37063980102539,92.31816864013672,0.20982478407401717,1.0833726515771789
2010-11-05,19.273513793945312,92.66551971435547,0.20799013325945354,0.8852749695422992
2010-11-08,19.100854873657227,92.4918441772461,0.2065139369159235,0.7273191292165394
2010-11-09,18.9066104888916,91.8273696899414,0.2058929767097815,0.6661623173005385
2010-11-10,18.982147216796875,92.19735717773438,0.20588602317747406,0.6723495286389564
2010-11-11,18.971351623535156,91.8499984741211,0.20654710875014734,0.7514611614722788
2010-11-12,18.852643966674805,90.7626953125,0.20771357551430478,0.8885671116506578
2010-11-15,18.787900924682617,90.63430786132812,0.20729347824257005,0.848921050767249
2010-11-16,18.215953826904297,89.2222900390625,0.2041637108723521,0.5035289452383742
2010-11-17,18.30228614807129,89.2676010131836,0.20502719844984177,0.6129256851549016
2010-11-18,18.723154067993164,90.58145904541016,0.20669962998285224,0.815399600564232
2010-11-19,18.626028060913086,90.83062744140625,0.2050632984224238,0.6341076507655808
2010-11-22,18.399404525756836,90.75514221191406,0.20273677146352834,0.3689674486571143
2010-11-23,17.849044799804688,89.44122314453125,0.19956172525684027,0.0036038002624024915
2010-11-24,18.09724998474121,90.7626953125,0.19939083918157757,-0.009715132952733348
2010-11-26,17.902999877929688,89.70553588867188,0.19957519567296292,0.019981983911688688
2010-11-29,17.611631393432617,89.97737121582031,0.19573400684477926,-0.43337207373598424
2010-11-30,17.43897247314453,89.4714584350586,0.1949110116026814,-0.5268511716084437
2010-12-01,17.902999877929688,91.37430572509766,0.19593035192837907,-0.39773747454337355
2010-12-02,18.226741790771484,92.5447006225586,0.19695068078623784,-0.26736647846512757
2010-12-03,18.431779861450195,92.79385375976562,0.19863147304096565,-0.055540118483473344
2010-12-06,18.453367233276367,92.69572448730469,0.19907463192440641,0.00524640321896579
2010-12-07,18.55048942565918,92.74859619140625,0.20000830403272454,0.12643135602064937
2010-12-08,18.636821746826172,93.08838653564453,0.2002056587337018,0.15537588187870982
2010-12-09,18.658403396606445,93.45082092285156,0.19966013366549143,0.09179233530546013
2010-12-10,18.76631736755371,93.99446868896484,0.19965342247587933,0.0947899825084118
2010-12-13,18.9066104888916,94.05488586425781,0.2010167820114955,0.26813476267765907
2010-12-14,18.885026931762695,94.13796997070312,0.20061009322423187,0.2215134344620858
2010-12-15,18.582860946655273,93.70755004882812,0.1983069767267666,-0.06297839079969982
2010-12-16,18.69077491760254,94.25120544433594,0.19830807287277796,-0.05790238859235567
2010-12-17,18.593652725219727,94.35218048095703,0.19706648675673646,-0.21033228253987818
2010-12-20,18.593652725219727,94.57989501953125,0.19659202118357225,-0.2663400416680449
2010-12-21,18.71573829650879,95.1795883178711,0.19663605009515142,-0.2579825982174966
2010-12-22,18.781137466430664,95.47561645507812,0.19671135064382964,-0.2448974348769766
2010-12-23,18.802942276000977,95.33897399902344,0.19722199104212698,-0.1764984340254483
2010-12-27,18.693937301635742,95.37694549560547,0.19600058698144274,-0.3269634776072692
2010-12-28,18.672134399414062,95.51356506347656,0.19549196375410033,-0.38718522058446686
2010-12-29,18.824737548828125,95.58189392089844,0.19694878157998294,-0.19841562564812082
2010-12-30,18.748437881469727,95.43006896972656,0.19646258337523914,-0.25565895404721284
2010-12-31,18.933746337890625,95.45284271240234,0.19835707140684802,-0.00997941397425376
2011-01-03,18.879241943359375,96.43963623046875,0.1957622683088755,-0.33614112062294305
2011-01-04,19.07544708251953,96.3864974975586,0.19790580193042806,-0.05666707667564268
2011-01-05,19.031845092773438,96.88748931884766,0.19643243133426047,-0.240560576326369
2011-01-06,18.868337631225586,96.69769287109375,0.19512707150499117,-0.4036105581516003
2011-01-07,18.79203987121582,96.50796508789062,0.19472009231675075,-0.4507856638275503
2011-01-10,18.824737548828125,96.3864974975586,0.19530471629913665,-0.36957003507968794
2011-01-11,18.955543518066406,96.72806549072266,0.19596735882084257,-0.27789081159582074
2011-01-12,19.337053298950195,97.60099029541016,0.198123535841414,0.00861710946268535
2011-01-13,19.238950729370117,97.44159698486328,0.19744083968942672,-0.07506576482974586
2011-01-14,19.380657196044922,98.14752960205078,0.19746454418797685,-0.0661157992098136
2011-01-18,19.609556198120117,98.31452178955078,0.19945737253440307,0.20300355792955782
2011-01-19,19.369760513305664,97.35049438476562,0.19896930812440575,0.14374037798951939
2011-01-20,18.9991455078125,97.22144317626953,0.19542134828595037,-0.3233526025036727
2011-01-21,19.129947662353516,97.44159698486328,0.19632218943748622,-0.19924505542052817
2011-01-24,19.337053298950195,97.9957275390625,0.19732547310536747,-0.05987555043766117
2011-01-25,19.08635139465332,98.04887390136719,0.19466160737198615,-0.41123452873520394
2011-01-26,19.293455123901367,98.42835998535156,0.19601520462977015,-0.22374764505422823
2011-01-27,19.31525230407715,98.6712875366211,0.195753524518553,-0.25458569774064066
2011-01-28,18.857440948486328,96.94820404052734,0.19451047221672446,-0.41773396334105023
2011-01-31,19.140850067138672,97.67691802978516,0.1959608314146639,-0.21806248034018536
2011-02-01,19.620458602905273,99.24058532714844,0.19770599435932454,0.02260849150259203
2011-02-02,19.7403621673584,99.05081176757812,0.1992953092972018,0.24094434955641955
2011-02-03,19.7403621673584,99.27095794677734,0.1988533461915609,0.18257837645743716
2011-02-04,19.71855926513672,99.55181121826172,0.19807333511898534,0.07698800899091712
2011-02-07,19.871164321899414,100.17425537109375,0.198365979844692,0.11646230572014847
2011-02-08,20.034664154052734,100.62968444824219,0.19909298398284606,0.21607422501820409
2011-02-09,19.947467803955078,100.4019775390625,0.1986760449633006,0.16013681316683642
2011-02-10,19.860265731811523,100.43989562988281,0.19773283919963283,0.03380379527136251
2011-02-11,19.892963409423828,101.03955841064453,0.19688292112852407,-0.0803808044654136
2011-02-14,19.925668716430664,101.28250885009766,0.19673356182281668,-0.09815566706808564
2011-02-15,19.882064819335938,100.96366882324219,0.19692296299318926,-0.07009335894136783
2011-02-16,20.023771286010742,101.60127258300781,0.1970818945171322,-0.04652958397384128
2011-02-17,20.1436710357666,101.90489959716797,0.19767127111056407,0.03467011728038793
2011-02-18,20.19817352294922,102.11744689941406,0.19779356159231506,0.05208610875572348
2011-02-22,19.631357192993164,100.06796264648438,0.19618024264515052,-0.16667328606355444
2011-02-23,19.59865379333496,99.453125,0.19706423295733502,-0.04532918897409067
2011-02-24,19.533262252807617,99.38480377197266,0.19654173989843063,-0.11681353319067485
2011-02-25,19.860265731811523,100.447509765625,0.19771785062817032,0.043140709133763756
2011-02-28,20.012866973876953,101.06993103027344,0.19801009825447002,0.08068645067640456
2011-03-01,19.587757110595703,99.38480377197266,0.19709006173154628,-0.0463050874986923
2011-03-02,19.75126075744629,99.59735870361328,0.1983110899177865,0.12058959107393634
2011-03-03,20.078271865844727,101.31282806396484,0.19818094361326202,0.10253826984686212
2011-03-04,19.969266891479492,100.55375671386719,0.1985929471367584,0.1592250794844009
2011-03-07,19.75126075744629,99.76436614990234,0.19797911338171342,0.07519536611345347
2011-03-08,19.794862747192383,100.63725280761719,0.1966951819028005,-0.10056199095704682
2011-03-09,19.773061752319336,100.49305725097656,0.19676047573054792,-0.09205612378716042
2011-03-10,19.21714973449707,98.6333236694336,0.1948342509363542,-0.35368392446147795
2011-03-11,19.271650314331055,99.31649017333984,0.19404280478192196,-0.45914377185392835
2011-03-14,19.238950729370117,98.71681213378906,0.1948903161833865,-0.34254354895099576
2011-03-15,18.868337631225586,97.5858383178711,0.19335118657037953,-0.5499095409968309
2011-03-16,18.2579288482666,95.77925872802734,0.19062507990494487,-0.9162408683903689
2011-03-17,18.781137466430664,97.04683685302734,0.19352652879221371,-0.5189274186322591
2011-03-18,19.020946502685547,97.39984893798828,0.1952872279585941,-0.2793146515073221
2011-03-21,19.358854293823242,98.90934753417969,0.19572320287658843,-0.22016829733112897
2011-03-22,19.32615089416504,98.56627655029297,0.19607264848138972,-0.1731439097849593
2011-03-23,19.358854293823242,98.84833526611328,0.19584400932708224,-0.20574000304501103
2011-03-24,19.533262252807617,99.7936782836914,0.19573646937112452,-0.22176917019219328
2011-03-25,19.402450561523438,100.09864044189453,0.19383330758409464,-0.4806919616042654
2011-03-28,19.369760513305664,99.8546371459961,0.19397957938583665,-0.4599394543834643
2011-03-29,19.46785545349121,100.52554321289062,0.19366078343155674,-0.5020823815568921
2011-03-30,19.642257690429688,101.21932983398438,0.1940563894529442,-0.44631537098137314
2011-03-31,19.522361755371094,101.08211517333984,0.19313368860449082,-0.5680779720443185
2011-04-01,19.783960342407227,101.5090103149414,0.1948985639897936,-0.3253873584296622
2011-04-04,19.925668716430664,101.59288787841797,0.19613251608987486,-0.1561991091996455
2011-04-05,20.067371368408203,101.57762145996094,0.19755701186917632,0.0377241574824006
2011-04-06,20.230873107910156,101.8978042602539,0.19854081503306129,0.17086528852930694
2011-04-07,20.132766723632812,101.63863372802734,0.19808183153569,0.10875296720283124
2011-04-08,20.209075927734375,101.28793334960938,0.19952106099331637,0.30368263505924387
2011-04-11,20.252668380737305,100.98297882080078,0.2005552679989432,0.44268087056145605
2011-04-12,19.871164321899414,100.22822570800781,0.198259164836356,0.13071219699267644
2011-04-13,19.947467803955078,100.22059631347656,0.199035612815175,0.23648359017546106
2011-04-14,20.001968383789062,100.29684448242188,0.19942769373262415,0.28958494619030456
2011-04-15,20.012866973876953,100.66280364990234,0.19881094354852463,0.2044546226962431
2011-04-18,19.65316390991211,99.53446960449219,0.19745083274171707,0.019546689057826964
2011-04-19,19.7403621673584,100.10625457763672,0.19719409392196266,-0.015934858760747624
2011-04-20,20.241771697998047,101.47088623046875,0.19948354104273144,0.2922931369932772
2011-04-21,20.4052791595459,101.98930358886719,0.2000727374490404,0.3694649627033524
2011-04-25,20.339872360229492,101.882568359375,0.1996403574013146,0.30840132823791555
2011-04-26,20.514280319213867,102.75926208496094,0.19963436777361,0.30376132223453817
2011-04-27,20.797691345214844,103.43021392822266,0.20107945788111578,0.49544031706044706
2011-04-28,20.764986038208008,103.7656021118164,0.20011435018544912,0.35944014891652337
2011-04-29,20.83039093017578,104.009521484375,0.20027388486067654,0.3763515930015992
2011-05-02,20.8085880279541,103.84949493408203,0.20037254915069402,0.3840785128228778
2011-05-03,20.427080154418945,103.47590637207031,0.19740904787022498,-0.027835199167768648
2011-05-04,20.318069458007812,102.789794921875,0.19766621261819314,-0.00037192590409981563
2011-05-05,19.838464736938477,101.85970306396484,0.19476264057514986,-0.41582347149829046
2011-05-06,19.871164321899414,102.30949401855469,0.1942260052453745,-0.5023662984620668
2011-05-09,19.991065979003906,102.7059326171875,0.19464373157017092,-0.4525376450335301
2011-05-10,20.241771697998047,103.58263397216797,0.19541665356218774,-0.3523898361853785
2011-05-11,20.001968383789062,102.49243927001953,0.1951555502654518,-0.4015335537348552
2011-05-12,19.947467803955078,102.9803695678711,0.19370165292335967,-0.6261217811654475
2011-05-13,19.71855926513672,102.18749237060547,0.1929645087446027,-0.7530281601702694
2011-05-16,19.642257690429688,101.53951263427734,0.19344447477482696,-0.6982482768561835
2011-05-17,19.696762084960938,101.52427673339844,0.19401036598058613,-0.6328184787504455
2011-05-18,19.82756996154785,102.43144989013672,0.1935691624282776,-0.7203013693431506
2011-05-19,19.958364486694336,102.6754150390625,0.19438309043212776,-0.6134922674243535
2011-05-20,19.871164321899414,101.85970306396484,0.1950836662995269,-0.5185504656859818
2011-05-23,19.358854293823242,100.67803192138672,0.19228479067746757,-0.9913863750641085
2011-05-24,19.44605827331543,100.59415435791016,0.193312010995461,-0.8469535484546721
2011-05-25,19.67496109008789,100.92961120605469,0.19493745051608408,-0.5978439139374399
2011-05-26,19.914770126342773,101.39462280273438,0.1964085429371085,-0.35995005541073577
2011-05-27,20.110971450805664,101.78346252441406,0.19758584500877824,-0.16988995934027987
2011-05-31,20.339872360229492,102.8431396484375,0.19777568469574155,-0.14692842159588732
2011-06-01,19.783960342407227,100.53317260742188,0.1967903710714753,-0.33082359234963044
2011-06-02,19.816667556762695,100.42646789550781,0.1973251471652038,-0.24807940737885828
2011-06-03,19.860265731811523,99.427734375,0.19974573348827274,0.1770768833054417
2011-06-06,19.696762084960938,98.37570190429688,0.2002197870376833,0.25542149105829903
2011-06-07,19.871164321899414,98.31470489501953,0.20211792674471077,0.6003922847898333
2011-06-08,19.65316390991211,97.90303802490234,0.20074110371236065,0.3358889577403464
2011-06-09,19.882064819335938,98.65013122558594,0.20154118978180657,0.4816163116760618
2011-06-10,19.32615089416504,97.27787017822266,0.19866955206520892,-0.0814914723933157
2011-06-13,19.435155868530273,97.35411071777344,0.1996336438722366,0.09748148007792246
2011-06-14,19.65316390991211,98.58917236328125,0.19934403990627042,0.03110109695667094
2011-06-15,19.097246170043945,96.835693359375,0.19721288202244358,-0.4071615720922948
2011-06-16,18.911945343017578,97.0491714477539,0.1948697249125796,-0.8969497425796193
2011-06-17,19.064542770385742,97.3387680053711,0.19585765426303497,-0.7120313045553848
2011-06-20,19.097246170043945,97.8367691040039,0.19519497981114753,-0.8692529510742429
2011-06-21,19.44605827331543,99.17752075195312,0.1960732444799743,-0.701300987651878
2011-06-22,19.172168731689453,98.57994079589844,0.19448346770043037,-1.0492403524123468
2011-06-23,18.96147918701172,98.29644775390625,0.19290096051571914,-1.396623073455566
2011-06-24,18.817333221435547,97.15486907958984,0.1936838925285389,-1.2428453275401448
2011-06-27,18.96147918701172,98.02064514160156,0.19344372973285154,-1.297712489490412
2011-06-28,19.16107940673828,99.30010986328125,0.1929613112525224,-1.415049566215973
2011-06-29,19.460468292236328,100.15049743652344,0.19431224797031688,-1.1402320706284206
2011-06-30,19.7487735748291,101.10819244384766,0.19532317903711863,-0.9277073918673105
2011-07-01,19.948362350463867,102.60221862792969,0.19442427870690954,-1.1331211035759563
2011-07-05,19.948362350463867,102.51789855957031,0.1945841909632241,-1.0998163668263388
2011-07-06,19.892925262451172,102.64048767089844,0.19381167913226308,-1.2715691552671444
2011-07-07,19.992725372314453,103.7054672241211,0.19278371630212662,-1.498484512398601
2011-07-08,19.892925262451172,102.96992492675781,0.19319160693378137,-1.4095707908195345
2011-07-11,19.382848739624023,101.10819244384766,0.1917040377355045,-1.7382465737659134
2011-07-12,19.183256149291992,100.67150115966797,0.19055299591556485,-1.9804164352511908
2011-07-13,19.460468292236328,101.00860595703125,0.19266148768071062,-1.507308132136545
2011-07-14,19.36067008972168,100.3114013671875,0.19300567857538353,-1.4233321681707336
2011-07-15,19.405031204223633,100.8936767578125,0.19233149021621956,-1.5619054607461207
2011-07-18,19.172168731689453,100.06625366210938,0.1915947487794189,-1.7118354170515244
2011-07-19,19.382848739624023,101.69046020507812,0.1906063626866751,-1.9126016594996644
2011-07-20,19.593534469604492,101.62920379638672,0.19279433211796068,-1.4298234817584299
2011-07-21,19.981632232666016,103.0389175415039,0.19392315747705177,-1.1788201264139182
2011-07-22,20.048160552978516,103.10783386230469,0.1944387715462224,-1.061286415223004
2011-07-25,19.926189422607422,102.53324127197266,0.19433882295549962,-1.0777264519463203
2011-07-26,20.125782012939453,102.15017700195312,0.1970215089549443,-0.49787924904987885
2011-07-27,19.66006088256836,100.05860137939453,0.19648546563251318,-0.6102019440700163
2011-07-28,19.704425811767578,99.76744079589844,0.19750357085011697,-0.38895079832702706
2011-07-29,19.671154022216797,99.08556365966797,0.19852694273185825,-0.16743621600572067
2011-08-01,19.549179077148438,98.66417694091797,0.19813857149849703,-0.2470152561455458
2011-08-02,19.061281204223633,96.14359283447266,0.19825846572054812,-0.21620229614335487
2011-08-03,19.11672019958496,96.66456604003906,0.19776347200138153,-0.3184383560875988
2011-08-04,17.775005340576172,92.13665771484375,0.19292001448097368,-1.3527749483624087
2011-08-05,17.952423095703125,91.99872589111328,0.19513773611333524,-0.8679336754088528
2011-08-08,16.555261611938477,86.00747680664062,0.1924863073143921,-1.4274921437004338
2011-08-09,17.73065185546875,90.00675964355469,0.19699244729713394,-0.45170352243250084
2011-08-10,16.643970489501953,86.03048706054688,0.193465956757727,-1.2032688449464568
2011-08-11,17.59758758544922,89.8918228149414,0.19576405321846727,-0.7027896583837488
2011-08-12,17.952423095703125,90.4970932006836,0.19837568766868985,-0.13591788391542964
2011-08-15,18.32943344116211,92.4124526977539,0.1983437611066415,-0.1377173731215206
2011-08-16,18.140928268432617,91.62330627441406,0.19799469159189792,-0.20860074306641457
2011-08-17,18.251811981201172,91.68461608886719,0.19907169555588508,0.028492248623651815
2011-08-18,17.4201717376709,87.73131561279297,0.1985627551119351,-0.0791769540363672
2011-08-19,17.0764217376709,86.29862213134766,0.19787594883821386,-0.22555405099291687
2011-08-22,17.309284210205078,86.36760711669922,0.2004140763888122,0.32955538793818284
2011-08-23,17.841535568237305,89.20997619628906,0.19999484731371864,0.24058241742524972
2011-08-24,17.85262680053711,90.46643829345703,0.19733977746118803,-0.3352727515022148
2011-08-25,17.276016235351562,89.0873794555664,0.19392215082460945,-1.0725779556905177
2011-08-26,17.48670196533203,90.38217163085938,0.19347512512480403,-1.1608040619444737
2011-08-29,17.941335678100586,92.97942352294922,0.19296028086980233,-1.2625605466547998
2011-08-30,17.86371421813965,93.22456359863281,0.19162025037789107,-1.5405528795905967
2011-08-31,18.163101196289062,93.63829040527344,0.19397087577825076,-1.0216109092153278
2011-09-01,18.052223205566406,92.65764617919922,0.19482712922205617,-0.8283659494043156
2011-09-02,17.741741180419922,90.29022216796875,0.19649681609393538,-0.45895540813142055
2011-09-06,17.32037353515625,89.63134002685547,0.19324014937148876,-1.161104882728148
2011-09-07,17.808273315429688,92.15960693359375,0.1932329564758405,-1.1535076203588654
2011-09-08,17.58650016784668,91.2019271850586,0.19283035688666716,-1.2319394072954002
2011-09-09,17.120777130126953,88.81155395507812,0.1927764617066247,-1.2339640485590473
2011-09-12,17.131868362426758,89.38617706298828,0.19166127163436406,-1.465702933685054
2011-09-13,17.142955780029297,90.20597076416016,0.19004236232708874,-1.8042221856860945
2011-09-14,17.431257247924805,91.45478057861328,0.19059973833670876,-1.6700999839610993
2011-09-15,17.75282859802246,93.03301239013672,0.19082289331420813,-1.6103945728637779
2011-09-16,17.763914108276367,93.58365631103516,0.18981855174835363,-1.8132363865559304
2011-09-19,17.276016235351562,92.65182495117188,0.18646169402983845,-2.510234714272954
2011-09-20,17.45343589782715,92.54399871826172,0.18859608553291377,-2.025417262650265
2011-09-21,16.81029510498047,89.81781005859375,0.18715993068650935,-2.3079501294942384
2011-09-22,16.178247451782227,86.91453552246094,0.1861397216763743,-2.492218945875195
2011-09-23,16.311309814453125,87.43820190429688,0.1865467205319047,-2.378425910278162
2011-09-26,16.699413299560547,89.51748657226562,0.1865491753511137,-2.3525688299532224
2011-09-27,17.087514877319336,90.51863098144531,0.18877345682373353,-1.867173734322752
2011-09-28,16.71049690246582,88.67037200927734,0.18845637526723635,-1.917260329026475
2011-09-29,16.910097122192383,89.37117004394531,0.18921199212092002,-1.7422364797406082
2011-09-30,16.37784194946289,87.13782501220703,0.18795330210696146,-1.9931917601769689
2011-10-03,16.056272506713867,84.65808868408203,0.18966022923847173,-1.6241787386035416
2011-10-04,16.266958236694336,86.51407623291016,0.18802672287572028,-1.9571909716684448
2011-10-05,16.57744026184082,88.11585998535156,0.18813230971809916,-1.9255524287195236
2011-10-06,17.142955780029297,89.71005249023438,0.19109291884424479,-1.289350149168716
2011-10-07,17.165136337280273,89.10933685302734,0.19263005363390398,-0.9549885752728028
2011-10-10,17.75282859802246,92.08963775634766,0.19277770040743564,-0.9181965683945388
2011-10-11,17.61976432800293,92.18206024169922,0.1911409257051135,-1.2692084579280394
2011-10-12,17.86371421813965,92.99067687988281,0.1921022065600665,-1.0531995963135976
2011-10-13,17.908063888549805,92.80586242675781,0.19296263641408226,-0.8596821435705436
2011-10-14,18.196374893188477,94.39222717285156,0.19277408149155306,-0.8987225514227369
2011-10-17,17.830446243286133,92.59021759033203,0.19257375894910878,-0.9408254132783266
2011-10-18,18.0411319732666,94.39995574951172,0.1911137757430561,-1.2692048753082616
2011-10-19,17.79718017578125,93.28333282470703,0.190786281288049,-1.338451171943019
2011-10-20,17.93024444580078,93.69147491455078,0.19137541021905846,-1.1941126826865724
2011-10-21,18.35161018371582,95.47041320800781,0.1922230099049842,-0.9904283093800726
2011-10-24,18.606651306152344,96.64098358154297,0.1925337534510146,-0.9112972624187003
2011-10-25,18.37378692626953,94.76192474365234,0.19389419301026076,-0.5853565863330984
2011-10-26,18.673181533813477,95.72456359863281,0.19507199439538814,-0.3007641867623484
2011-10-27,19.405031204223633,99.05913543701172,0.19589340365849064,-0.09771541774096631
2011-10-28,19.23870086669922,99.03601837158203,0.19425963586819323,-0.48323499378461365
2011-10-31,18.495765686035156,96.64868927001953,0.191371096967091,-1.17915816762518
2011-11-01,18.03004264831543,93.95330810546875,0.191904287479431,-1.04676559703039
2011-11-02,18.285078048706055,95.48580932617188,0.1914952407875153,-1.14792996776075
2011-11-03,18.75080108642578,97.22627258300781,0.1928573480014583,-0.80780946299502
2011-11-04,18.673181533813477,96.63329315185547,0.19323755741687595,-0.7080220332690467
2011-11-07,18.66209602355957,97.23399353027344,0.19192974952478115,-1.048645336114713
2011-11-08,19.028013229370117,98.48155975341797,0.19321397099125168,-0.7043659936418831
2011-11-09,17.952423095703125,94.8466567993164,0.18927839632437646,-1.75820564977864
2011-11-10,18.21854591369629,95.73994445800781,0.19029200420820241,-1.485307477847016
2011-11-11,18.617734909057617,97.5420150756836,0.19086887732032165,-1.3333245192027916
2011-11-14,18.32943344116211,96.61788177490234,0.1897105701806371,-1.6640748540624193
2011-11-15,18.35161018371582,97.0953598022461,0.18900604746810254,-1.856522673609363
2011-11-16,17.996776580810547,95.55513763427734,0.1883391832858894,-2.0413370141903933
2011-11-17,17.719558715820312,94.03803253173828,0.18842970486265626,-2.0208580683423674
2011-11-18,17.70847511291504,93.93791198730469,0.1885125476847757,-1.9938326816689167
2011-11-21,17.187307357788086,92.15127563476562,0.1865118766875093,-2.552897211293601
2011-11-22,17.10968589782715,91.78931427001953,0.1864017182598733,-2.544480586060405
2011-11-23,16.677236557006836,89.76392364501953,0.185789968617667,-2.674909245572207
2011-11-25,16.63288116455078,89.594482421875,0.18564626654386218,-2.670077396153092
2011-11-28,17.242759704589844,92.18975830078125,0.18703552349419406,-2.244308037960451
2011-11-29,17.386903762817383,92.45159912109375,0.18806493265783208,-1.9336560126483184
2011-11-30,18.196374893188477,96.25593566894531,0.18904158758345646,-1.6456921951161136
2011-12-01,18.085485458374023,96.24051666259766,0.1879196630020032,-1.9326525981618266
2011-12-02,18.07439613342285,96.15580749511719,0.18796988558741679,-1.8973273732144789
2011-12-05,18.251811981201172,97.20315551757812,0.1877697476384965,-1.9302496969891663
2011-12-06,18.262907028198242,97.23399353027344,0.187824302644858,-1.8959644968768858
2011-12-07,18.418148040771484,97.59593200683594,0.18871839903615467,-1.6394424542816948
2011-12-08,17.93024444580078,95.45503234863281,0.1878396979670354,-1.8582176273642468
2011-12-09,18.285078048706055,97.07223510742188,0.18836568487860056,-1.7003612240694839
2011-12-12,17.85262680053711,95.65522766113281,0.18663513994009437,-2.1434669236718773
2011-12-13,17.719558715820312,94.76192474365234,0.1869902786773784,-2.027390229013233
2011-12-14,17.48670196533203,93.75309753417969,0.18651865831906922,-2.1258116678587204
2011-12-15,17.61976432800293,94.0919418334961,0.187261140376746,-1.9068831962375625
2011-12-16,17.49778938293457,94.23138427734375,0.18568961410388196,-2.2878593947335477
2011-12-19,17.364728927612305,93.22392272949219,0.1862690221478829,-2.107945622611262
2011-12-20,17.894813537597656,96.04491424560547,0.18631713795732222,-2.068325400301101
2011-12-21,17.838546752929688,96.23091888427734,0.1853722998777707,-2.2776021269443514
2011-12-22,18.052385330200195,97.08336639404297,0.18594725338354037,-2.1031483094847503
2011-12-23,18.187437057495117,97.95140838623047,0.1856781577430776,-2.1417495737987866
2011-12-27,18.17618179321289,98.02889251708984,0.1854165779751531,-2.176809665566553
2011-12-28,17.849803924560547,96.74240112304688,0.1845085889676993,-2.365351623809482
2011-12-29,18.13116455078125,97.74217987060547,0.18549989958054877,-2.0938292430653154
2011-12-30,18.187437057495117,97.26163482666016,0.1869949758700725,-1.712029714684732
2012-01-03,18.727657318115234,98.8116683959961,0.18952880385606452,-1.0885099514678898
2012-01-04,18.693893432617188,98.96661376953125,0.18889090694919236,-1.232860745897394
2012-01-05,18.41252899169922,99.23014068603516,0.18555379307539818,-2.0149753897456004
2012-01-06,18.299983978271484,98.97439575195312,0.18489614247440717,-2.1435864620585705
2012-01-09,18.322494506835938,99.21463775634766,0.18467531526781875,-2.166212090054709
2012-01-10,18.536333084106445,100.07489776611328,0.18522460175205993,-2.011242460086935
2012-01-11,18.333749771118164,100.12910461425781,0.18310110573492078,-2.466797296460621
2012-01-12,18.345001220703125,100.36940002441406,0.18277484189644302,-2.50138904025796
2012-01-13,18.119911193847656,99.85009765625,0.1814711414327141,-2.746794594630394
2012-01-17,18.209949493408203,100.23761749267578,0.18166782041421503,-2.654077587893369
2012-01-18,18.480060577392578,101.34588623046875,0.1823464302770753,-2.4658136467047993
2012-01-19,18.637622833251953,101.88062286376953,0.18293589408236535,-2.30354461170462
2012-01-20,18.727657318115234,102.26036834716797,0.1831370023481231,-2.227218788264253
2012-01-23,18.851459503173828,101.99686431884766,0.18482391227482403,-1.840227701445536
2012-01-24,18.79518699645996,101.88062286376953,0.18448245081493161,-1.8919766803601754
2012-01-25,18.93024444580078,102.73310089111328,0.18426626161965975,-1.9155979873205227
2012-01-26,19.020280838012695,102.20611572265625,0.18609728687494215,-1.5115228733801087
2012-01-27,18.89647674560547,102.15960693359375,0.18497013949836985,-1.7319748395212824
2012-01-30,18.648874282836914,101.81086730957031,0.18317174556751767,-2.0837501568293755
2012-01-31,18.77267837524414,101.77212524414062,0.1844579577188789,-1.7948586134635531
2012-02-01,19.087804794311523,102.6633529663086,0.18592617757746172,-1.476182309368932
2012-02-02,19.11031723022461,102.82611846923828,0.1858508082841005,-1.4792306506862736
2012-02-03,19.65053367614746,104.26760864257812,0.18846249503532855,-0.930836840772507
2012-02-06,19.571752548217773,104.19783782958984,0.1878326168363144,-1.0530837551202796
2012-02-07,19.65053367614746,104.46131896972656,0.1881130151328291,-0.9870967221472764
2012-02-08,19.616771697998047,104.7713394165039,0.18723414062708787,-1.1604740592130924
2012-02-09,19.65053367614746,104.90309143066406,0.18732082542234255,-1.1335545656689663
2012-02-10,19.369169235229492,104.1280746459961,0.1860129393641321,-1.3931282117674342
2012-02-13,19.59426498413086,104.90309143066406,0.1867844380647422,-1.2229721930984485
2012-02-14,19.470458984375,104.7713394165039,0.18583764503547,-1.4064483179898255
2012-02-15,19.43670082092285,104.28307342529297,0.18638404280294874,-1.2827287156304203
2012-02-16,19.684295654296875,105.4378662109375,0.1866909523274755,-1.2094649539152431
2012-02-17,19.774335861206055,105.71684265136719,0.18705000419297257,-1.1264806319134135
2012-02-21,19.661788940429688,105.76332092285156,0.18590366460572721,-1.3509832970393485
2012-02-22,19.537988662719727,105.42233276367188,0.1853306424789382,-1.4554282844872295
2012-02-23,19.718061447143555,105.88732147216797,0.18621739763552678,-1.2631029487076324
2012-02-24,19.875633239746094,106.11984252929688,0.1872942210054539,-1.034483208576426
2012-02-27,19.729318618774414,106.2980728149414,0.18560372823618335,-1.3685500350707827
2012-02-28,19.86437225341797,106.60807800292969,0.18633083557581892,-1.2103154112186567
2012-02-29,19.729318618774414,106.18960571289062,0.1857933126912385,-1.3089761926327133
2012-03-01,20.010683059692383,106.73982238769531,0.18747157913576556,-0.9592152899931929
2012-03-02,19.774335861206055,106.41432189941406,0.18582400853803624,-1.2851876566334475
2012-03-05,19.695556640625,105.98035430908203,0.18584158138577936,-1.2716009125413907
2012-03-06,19.04279136657715,104.43035125732422,0.18234920343851263,-1.9623738987482586
2012-03-07,19.24536895751953,105.1588363647461,0.18301238034592243,-1.8079769518217725
2012-03-08,19.49297332763672,106.205078125,0.1835408783814848,-1.6840776421646402
2012-03-09,19.43670082092285,106.61585998535156,0.18230590480246886,-1.9100721003504677
2012-03-12,19.43670082092285,106.62355041503906,0.18229275563666975,-1.8904469038523848
2012-03-13,19.830612182617188,108.54553985595703,0.1826939384974543,-1.7908573673952706
2012-03-14,19.661788940429688,108.42932891845703,0.18133275504468074,-2.0337774252877643
2012-03-15,19.70680809020996,109.05705261230469,0.18070182182776579,-2.1303134820597864
2012-03-16,19.90939712524414,109.20804595947266,0.18230705393843016,-1.7986017500157694
2012-03-19,19.95441436767578,109.63612365722656,0.18200583623389083,-1.835915040367929
2012-03-20,19.70680809020996,109.3170166015625,0.18027209946679323,-2.139738360400127
2012-03-21,19.65053367614746,109.13801574707031,0.18005214353253401,-2.1525611717188333
2012-03-22,19.470458984375,108.35183715820312,0.17969662070377665,-2.189369772364477
2012-03-23,19.59426498413086,108.70208740234375,0.1802565659259675,-2.0580688483464233
2012-03-26,19.875633239746094,110.22770690917969,0.18031431295329672,-2.0215133587023835
2012-03-27,19.695556640625,109.88528442382812,0.17923743605794507,-2.1892612142513026
2012-03-28,19.425443649291992,109.34042358398438,0.1776602194555366,-2.4375526907275495
2012-03-29,19.35791778564453,109.1535415649414,0.1773457600010848,-2.4536884891437563
2012-03-30,19.470458984375,109.60503387451172,0.1776420142040829,-2.3635646831928816
2012-04-02,19.90939712524414,110.40676879882812,0.18032768590049944,-1.86741786627787
2012-04-03,19.605518341064453,109.95531463623047,0.178304417625707,-2.1925861896617493
2012-04-04,19.189096450805664,108.86560821533203,0.1762640816083107,-2.5080187862450756
2012-04-05,19.06529998779297,108.81109619140625,0.17521466702491248,-2.6448186086529324
2012-04-09,19.031532287597656,107.58905029296875,0.17689097762062336,-2.326261961673536
2012-04-10,18.5588436126709,105.78313446044922,0.17544236808004382,-2.533863595893176
2012-04-11,18.851459503173828,106.63939666748047,0.176777627146146,-2.2827573344754084
2012-04-12,19.256624221801758,108.03266906738281,0.17824815759935447,-2.0141740784467594
2012-04-13,18.851459503173828,106.74834442138672,0.17659720724808725,-2.2600028040008597
2012-04-16,19.031532287597656,106.67830657958984,0.178401147316664,-1.9422158499268298
2012-04-17,19.380420684814453,108.25846862792969,0.1790199042203566,-1.8225064671581495
2012-04-18,19.447952270507812,107.89258575439453,0.18025290741273836,-1.605010957982804
2012-04-19,19.45920753479004,107.1998291015625,0.18152274773082086,-1.3850656853956196
2012-04-20,19.59426498413086,107.37882995605469,0.182477914800803,-1.2198497210096721
2012-04-23,19.32415199279785,106.47588348388672,0.18148853393381073,-1.3726033824821948
2012-04-24,19.4141902923584,106.88067626953125,0.18164359517523798,-1.3375486969884216
2012-04-25,19.571752548217773,108.34404754638672,0.18064446539934065,-1.4909361276595796
2012-04-26,19.70680809020996,109.0990982055664,0.18063218133185713,-1.4835523664282941
2012-04-27,19.86437225341797,109.27811431884766,0.18177813899184272,-1.285671920757649
2012-04-30,19.751827239990234,108.87335205078125,0.1814202177845823,-1.336308461265754
2012-05-01,19.90939712524414,109.55058288574219,0.18173702595456764,-1.2756432079904365
2012-05-02,19.8080997467041,109.22364807128906,0.18135358135790863,-1.3290151736525453
2012-05-03,19.639280319213867,108.39076232910156,0.18118961336930248,-1.345789565765107
2012-05-04,19.290390014648438,106.63939666748047,0.18089365297891838,-1.3829937999261204
2012-05-07,19.48171615600586,106.7171859741211,0.18255462771226158,-1.097735346871076
2012-05-08,19.14408302307129,106.2890853881836,0.18011334798069098,-1.489869231898175
2012-05-09,18.93024444580078,105.65864562988281,0.17916417850094846,-1.6313936624191854
2012-05-10,18.997770309448242,105.87654876708984,0.17943322228268002,-1.5720249410511817
2012-05-11,18.87397003173828,105.5573959350586,0.17880291441965843,-1.658972223467531
2012-05-14,18.58135223388672,104.38982391357422,0.17799965108927165,-1.7713837422672836
2012-05-15,18.345001220703125,103.79049682617188,0.17675029777945178,-1.951629449546538
2012-05-16,18.17618179321289,103.39346313476562,0.17579623742287848,-2.079382780826797
2012-05-17,17.782272338867188,101.8600845336914,0.17457547203375326,-2.243569969249165
2012-05-18,17.61345672607422,100.98829650878906,0.17441087071452196,-2.238214718857871
2012-05-21,17.996110916137695,102.72410583496094,0.17518878134651947,-2.088704012285801
2012-05-22,17.96234703063965,102.903076171875,0.17455597732217296,-2.1582442433208913
2012-05-23,17.80478286743164,102.95758056640625,0.17293319024671328,-2.374002526526662
2012-05-24,17.816038131713867,103.15997314453125,0.17270301250227046,-2.3736668066108
2012-05-25,17.77101707458496,102.82527160644531,0.1728273292834272,-2.322241437673548
2012-05-29,17.9285831451416,104.07068634033203,0.172273132575599,-2.3736500436924213
2012-05-30,17.433378219604492,102.56060028076172,0.16998124203524811,-2.674455000345115
2012-05-31,17.500904083251953,102.33487701416016,0.17101602692921924,-2.4826766148584674
2012-06-01,17.19703483581543,99.75841522216797,0.17238680864683548,-2.251500425473583
2012-06-04,17.3095760345459,99.71170806884766,0.17359622425276483,-2.0542242977305
2012-06-05,17.3658504486084,100.46672821044922,0.1728517565758873,-2.142067270951101
2012-06-06,17.90607261657715,102.72410583496094,0.17431227530318427,-1.9161165631772732
2012-06-07,18.0411319732666,102.78634643554688,0.17552070482998888,-1.727600910840521
2012-06-08,18.01862335205078,103.60369873046875,0.17391872657874227,-1.9483800581532869
2012-06-11,17.861055374145508,102.28817749023438,0.17461505143984732,-1.8303250717440593
2012-06-12,18.288734436035156,103.46355438232422,0.17676499270896512,-1.5054208832956641
2012-06-13,18.07489776611328,102.80191802978516,0.17582257327996914,-1.6321018611270777
2012-06-14,18.187437057495117,103.89164733886719,0.1750615908338857,-1.7285964172478228
2012-06-15,18.435035705566406,104.95417022705078,0.17564843460422097,-1.6271241657839068
2012-06-18,18.39002227783203,105.15760040283203,0.17488058121699745,-1.7232036570491218
2012-06-19,18.73891258239746,106.17475891113281,0.17649121857749392,-1.4752260080324895
2012-06-20,18.862712860107422,106.00264739990234,0.17794567704471123,-1.2533987022193038
2012-06-21,18.307390213012695,103.62406158447266,0.17667122802447582,-1.4271487470001534
2012-06-22,18.445642471313477,104.42212677001953,0.17664496062159668,-1.418345523247006
2012-06-25,18.111522674560547,102.74778747558594,0.1762716562521023,-1.459631347021327
2012-06-26,18.29586410522461,103.26414489746094,0.17717537992874494,-1.3173071527143527
2012-06-27,18.45716667175293,104.19523620605469,0.17714021623073398,-1.3112548310226746
2012-06-28,18.353471755981445,103.89790344238281,0.17664910597699857,-1.3708095321475133
2012-06-29,18.768239974975586,106.48773193359375,0.17624790794379533,-1.4171843337213705
2012-07-02,19.033226013183594,106.80850219726562,0.17819954050128847,-1.1262710307207808
2012-07-03,19.090835571289062,107.51274871826172,0.17756810981846252,-1.2080044837082111
2012-07-05,18.929536819458008,107.02760314941406,0.17686593236168943,-1.2988088995379805
2012-07-06,18.848888397216797,106.01045989990234,0.17780215664581,-1.1541795523856007
2012-07-09,18.82584571838379,105.8774642944336,0.1778078634942671,-1.144153124474989
2012-07-10,18.74519920349121,104.95417022705078,0.17860366255994506,-1.0211645145707653
2012-07-11,18.837369918823242,104.96981811523438,0.1794551067826358,-0.8914461764499649
2012-07-12,18.618459701538086,104.46125793457031,0.17823315619269897,-1.0591551940588764
2012-07-13,18.952579498291016,106.21390533447266,0.1784378367277659,-1.021528189671209
2012-07-16,18.964101791381836,105.96351623535156,0.17896821911101352,-0.9375754978805346
2012-07-17,18.964101791381836,106.69115447998047,0.17774764818896266,-1.1046765664025346
2012-07-18,19.079313278198242,107.4814453125,0.1775126229715794,-1.129425540619622
2012-07-19,19.2982177734375,107.7630844116211,0.17908004284402604,-0.8967140552402902
2012-07-20,18.9064998626709,106.77722930908203,0.17706490405312278,-1.177540478424704
2012-07-23,18.48021125793457,105.69747924804688,0.1748406053711641,-1.4852935514560988
2012-07-24,18.261302947998047,104.78985595703125,0.174265941881684,-1.5543978110647243
2012-07-25,18.272823333740234,104.8133773803711,0.1743367477552753,-1.5331212380614707
2012-07-26,18.779760360717773,106.54255676269531,0.17626534345844888,-1.2471105042256405
2012-07-27,19.079313278198242,108.50643157958984,0.17583578227068963,-1.3008565723672942
2012-07-30,19.125404357910156,108.50643157958984,0.17626055966905155,-1.232612803778385
2012-07-31,18.929536819458008,107.74742126464844,0.17568436067684085,-1.3089134143097763
2012-08-01,19.044754028320312,107.65352630615234,0.17690785134301648,-1.1240210893366114
2012-08-02,18.837369918823242,106.91023254394531,0.1761980071559583,-1.221211772916932
2012-08-03,19.413434982299805,109.03064727783203,0.17805484482569808,-0.9399925306511553
2012-08-06,19.482561111450195,109.24186706542969,0.1783433552978479,-0.8906182504490138
2012-08-07,19.574731826782227,109.78956604003906,0.17829318880487727,-0.8908823175449807
2012-08-08,19.724512100219727,109.92259216308594,0.1794400196727128,-0.7147844635039462
2012-08-09,19.678424835205078,110.0164794921875,0.17886797438016988,-0.7935438415322008
2012-08-10,19.816679000854492,110.19642639160156,0.1798305049424433,-0.6434063470761587
2012-08-13,19.73603057861328,110.14164733886719,0.1791877192275184,-0.7346535578038648
2012-08-14,19.805160522460938,110.15727996826172,0.17978984710013862,-0.6376902085583598
2012-08-15,19.805160522460938,110.28247833251953,0.17958574038157876,-0.6633069067952692
2012-08-16,19.908851623535156,111.09622192382812,0.17920367838598,-0.7172763521400721
2012-08-17,19.88580894470215,111.2448501586914,0.1787571192404406,-0.7819890165146364
2012-08-20,19.816679000854492,111.252685546875,0.17812315184521968,-0.8767907168637631
2012-08-21,19.86276626586914,110.91624450683594,0.179078964981049,-0.7212430706925971
2012-08-22,19.839717864990234,110.96321105957031,0.1787954554986637,-0.7631520759300194
2012-08-23,19.759071350097656,110.05560302734375,0.17953716854550728,-0.6368376049869985
2012-08-24,19.666902542114258,110.72061920166016,0.1776263778501283,-0.944407310371681
2012-08-27,19.73603057861328,110.74410247802734,0.17821292634999766,-0.841076756904546
2012-08-28,19.701467514038086,110.63455963134766,0.1780769732322936,-0.8569979370801264
2012-08-29,19.643861770629883,110.72061920166016,0.17741827956048264,-0.9592496986633352
2012-08-30,19.47104263305664,109.92259216308594,0.1771341291166838,-1.0000225165089514
2012-08-31,19.551685333251953,110.4468002319336,0.17702355606676015,-1.0124918529008897
2012-09-04,19.459518432617188,110.3450698852539,0.1763514985567804,-1.1210807523540662
2012-09-05,19.424957275390625,110.251220703125,0.176188137886441,-1.141360142171872
2012-09-06,19.86276626586914,112.48888397216797,0.17657536962304285,-1.0683248471815354
2012-09-07,20.070152282714844,112.92710876464844,0.17772661057446426,-0.864855273149954
2012-09-10,19.954933166503906,112.28548431396484,0.17771605375728988,-0.8602459840104021
2012-09-11,20.070152282714844,112.59850311279297,0.1782452850426442,-0.7624522656180049
2012-09-12,20.11623191833496,112.97403717041016,0.17806066262810114,-0.7878236710140541
2012-09-13,20.496442794799805,114.6953353881836,0.1787033685845208,-0.6700123028553832
2012-09-14,20.68077850341797,115.2039566040039,0.1795144812126983,-0.5228167020838823
2012-09-17,20.60013198852539,114.81270599365234,0.17942379992040525,-0.5329000632302938
2012-09-18,20.577091217041016,114.71882629394531,0.179369785080577,-0.5376521927624177
2012-09-19,20.66925621032715,114.78142547607422,0.18007492174450807,-0.4088990107674088
2012-09-20,20.530994415283203,114.78924560546875,0.17885817009241736,-0.6172842503329129
2012-09-21,20.50796127319336,114.74127960205078,0.17873219946927293,-0.6343102740989233
2012-09-24,20.473400115966797,114.56819915771484,0.17870054924912512,-0.6345843409616693
2012-09-25,20.335140228271484,113.34901428222656,0.1794028854775854,-0.5063785501315928
2012-09-26,20.13927459716797,112.71184539794922,0.1786793085151137,-0.6278112697846434
2012-09-27,20.346664428710938,113.77375030517578,0.17883443565967544,-0.5947406512668761
2012-09-28,20.047103881835938,113.24671173095703,0.17702150972349934,-0.9076541792961771
2012-10-01,20.17384147644043,113.54561614990234,0.17767168967410443,-0.7861366643995754
2012-10-02,20.185361862182617,113.66365051269531,0.17758854102550645,-0.7942149266315174
2012-10-03,20.13927459716797,114.12770080566406,0.1764626331293662,-0.9861193366905402
2012-10-04,20.42731285095215,114.94580841064453,0.17771255110038864,-0.7578742955217674
2012-10-05,20.358184814453125,114.95366668701172,0.1770990469567452,-0.8602732899771438
2012-10-08,20.231447219848633,114.56037902832031,0.17660073571201476,-0.9430419287252518
2012-10-09,20.012550354003906,113.42765045166016,0.17643449612431777,-0.9668721387237177
2012-10-10,19.943416595458984,112.7040023803711,0.17695393397078146,-0.866649786741715
2012-10-11,20.09319305419922,112.76692199707031,0.17818339543506598,-0.6378985418003221
2012-10-12,20.081668853759766,112.39716339111328,0.17866704325874055,-0.5436799599878946
2012-10-15,20.185361862182617,113.33323669433594,0.178106285948784,-0.6409126033431783
2012-10-16,20.43883514404297,114.48167419433594,0.1785336848703615,-0.5557466899521841
2012-10-17,20.60013198852539,115.00086212158203,0.17913023962156363,-0.4381993519014133
2012-10-18,20.43883514404297,114.70194244384766,0.17819083712596062,-0.6084862545889388
2012-10-19,20.254486083984375,112.79046630859375,0.17957622436428514,-0.34045353252811966
2012-10-22,20.346664428710938,112.80624389648438,0.18036824670256613,-0.18250946127939005
2012-10-23,19.931888580322266,111.24090576171875,0.1791776904713177,-0.4042140526736183
2012-10-24,20.001022338867188,110.92626953125,0.18030915871765188,-0.17702327952392935
2012-10-25,20.19688606262207,111.24877166748047,0.1815470477551879,0.07698296228357408
2012-10-26,20.17384147644043,111.18585968017578,0.1814425101759355,0.06879362060197887
2012-10-31,20.13927459716797,111.18585968017578,0.18113161741158676,0.016696616352244772
2012-11-01,20.404266357421875,112.35000610351562,0.18161339785439842,0.12459559649608755
2012-11-02,20.17384147644043,111.35102844238281,0.18117337359734517,0.04275912669597307
2012-11-05,20.13927459716797,111.57913208007812,0.18049319995350396,-0.09125180068527562
2012-11-06,20.369705200195312,112.45226287841797,0.1811409097406852,0.05607928308501649
2012-11-07,20.047103881835938,109.90364837646484,0.18240617284301996,0.34067267940116086
2012-11-08,19.828201293945312,108.58219146728516,0.1826100673232348,0.39743444663156724
2012-11-09,19.782115936279297,108.67658996582031,0.18202738917830358,0.2835159190820956
2012-11-12,19.77058982849121,108.76313781738281,0.18177656718296173,0.2359640475168767
2012-11-13,19.666902542114258,108.38552856445312,0.1814532143045188,0.17288784878686614
2012-11-14,19.424957275390625,106.9224853515625,0.18167326742846573,0.23343692528879417
2012-11-15,19.447998046875,106.74153900146484,0.18219709242348575,0.36315827214547564
2012-11-16,19.367347717285156,107.26860046386719,0.18055001774549054,-0.00922874780053611
2012-11-19,19.724512100219727,109.4395751953125,0.18023198705786428,-0.07618499785026576
2012-11-20,19.816679000854492,109.48680877685547,0.1809960416440922,0.11026806975457602
2012-11-21,19.874284744262695,109.69131469726562,0.18118375916191037,0.1624953288578368
2012-11-23,20.20840835571289,111.18585968017578,0.18175340294028422,0.3033280462215369
2012-11-26,20.13927459716797,110.94982147216797,0.18151696262278308,0.25259667704245914
2012-11-27,20.047103881835938,110.38349914550781,0.18161323057361856,0.28045032626265415
2012-11-28,20.19688606262207,111.27233123779297,0.18150860899517418,0.2600682498441006
2012-11-29,20.358184814453125,111.7915267944336,0.18210847814869288,0.41104661308227847
2012-11-30,20.369705200195312,111.81510162353516,0.18217311350998977,0.43515224056934465
2012-12-03,20.415794372558594,111.26446533203125,0.18348890017702008,0.7666185075913275
2012-12-04,20.450349807739258,111.10713958740234,0.18405972724778866,0.9151375984428233
2012-12-05,20.542522430419922,111.3038558959961,0.18456254066898767,1.047554732246839
2012-12-06,20.542522430419922,111.6814193725586,0.1839385866138755,0.9014297569169946
2012-12-07,20.565570831298828,112.01961517333984,0.1835890151869879,0.8232259506055962
2012-12-10,20.611650466918945,112.06685638427734,0.18392280404691266,0.9182429057873781
2012-12-11,20.66925621032715,112.8298110961914,0.18318967309717354,0.7425549632080767
2012-12-12,20.73838233947754,112.8849105834961,0.18371261696786528,0.8861304454485344
2012-12-13,20.65774154663086,112.1926498413086,0.1841274056353094,0.9980544327856115
2012-12-14,20.703821182250977,111.77581024169922,0.18522631271902143,1.2851883536567055
2012-12-17,20.784473419189453,113.08940887451172,0.18378797471877045,0.9213442540109457
2012-12-18,20.951576232910156,114.34795379638672,0.18322650766639434,0.7848074534317141
2012-12-19,20.97494125366211,113.49842834472656,0.1848038035377488,1.1964551955502094
2012-12-20,21.06842613220215,114.15132141113281,0.18456576649096426,1.139095601159367
2012-12-21,20.84640121459961,113.11510467529297,0.18429370042525328,1.073340045758539
2012-12-24,20.85809326171875,112.76661682128906,0.1849669152952807,1.2502652224467095
2012-12-26,20.799663543701172,112.2912826538086,0.18522954811929657,1.3210322870662916
2012-12-27,20.82302474975586,112.1407699584961,0.18568647921235581,1.4405305291451533
2012-12-28,20.636072158813477,110.9287109375,0.18603003662812195,1.52834502645377
2012-12-31,20.963253021240234,112.8141098022461,0.18582119788018628,1.4697944518487869
2013-01-02,21.27875518798828,115.70553588867188,0.18390438300603015,0.973305573127992
2013-01-03,21.091793060302734,115.44413757324219,0.18270129175612138,0.666944922797936
2013-01-04,21.243701934814453,115.951171875,0.18321248152382638,0.816764243864399
2013-01-07,21.19695281982422,115.6342544555664,0.18331032547080894,0.8567176901087421
2013-01-08,21.10348129272461,115.30155944824219,0.1830285851614849,0.7862140728356332
2013-01-09,21.138534545898438,115.59465789794922,0.18286774605587944,0.7467581090430523
2013-01-10,21.360551834106445,116.51360321044922,0.1833309694793713,0.8744374009446862
2013-01-11,21.34886932373047,116.50568389892578,0.18324315697980562,0.8548884586886265
2013-01-14,21.290441513061523,116.42643737792969,0.1828660396431355,0.7532013888614755
2013-01-15,21.325496673583984,116.50568389892578,0.18304254316111193,0.8005278007283018
2013-01-16,21.173583984375,116.48980712890625,0.18176340493846438,0.45388649962494076
2013-01-17,21.243701934814453,117.242431640625,0.1811946548492894,0.3005076700095528
2013-01-18,21.208641052246094,117.50383758544922,0.18049317782343144,0.11267701048164824
2013-01-22,21.255393981933594,118.1375732421875,0.1799206924486171,-0.039223559325461156
2013-01-23,21.313812255859375,118.32767486572266,0.18012533652880552,0.01955289374557727
2013-01-24,21.360551834106445,118.35935974121094,0.18047201235973756,0.11880300332323497
2013-01-25,21.559200286865234,119.02479553222656,0.1811320085908316,0.3031286411342752
2013-01-28,21.4306640625,118.88221740722656,0.1802680378099785,0.07155056225042453
2013-01-29,21.62931251525879,119.349609375,0.18122650445632252,0.3413085620093725
2013-01-30,21.617626190185547,118.88221740722656,0.18184070470468414,0.5156090625071126
2013-01-31,21.582571029663086,118.5890884399414,0.18199457735602229,0.559952455144532
2013-02-01,21.582571029663086,119.80904388427734,0.18014141779237908,0.05218304398192907
2013-02-04,21.325496673583984,118.46234893798828,0.18001919483081738,0.024907983566714434
2013-02-05,21.27875518798828,119.6585922241211,0.17782889462825263,-0.5801735112563265
2013-02-06,21.383922576904297,119.74569702148438,0.1785777953513241,-0.3633144736708376
2013-02-07,21.255393981933594,119.58722686767578,0.1777396678447344,-0.595351556484704
2013-02-08,21.4306640625,120.25267028808594,0.17821362312503466,-0.45334820466850434
2013-02-11,21.313812255859375,120.2289047241211,0.1772769393912915,-0.719080402679079
2013-02-12,21.45403480529785,120.4269790649414,0.17814973830513972,-0.45796637925550643
2013-02-13,21.465723037719727,120.52993774414062,0.17809453351985366,-0.4680196330119942
2013-02-14,21.337177276611328,120.64081573486328,0.17686532660310272,-0.8272622115534133
2013-02-15,21.302122116088867,120.49822235107422,0.17678370436058938,-0.8455551341042246
2013-02-19,21.383922576904297,121.40132904052734,0.17614240919690188,-1.0325303048449643
2013-02-20,21.091793060302734,119.88829040527344,0.17592871654941028,-1.091873058969565
2013-02-21,20.928197860717773,119.15946960449219,0.17563184806194204,-1.1777234924365803
2013-02-22,21.11516571044922,120.32393646240234,0.17548599498360895,-1.2157530423032148
2013-02-25,20.612699508666992,118.0345687866211,0.17463273446552707,-1.4693196251377902
2013-02-26,20.682811737060547,118.84261322021484,0.1740353159243931,-1.6449620686185251
2013-02-27,20.97494125366211,120.33979797363281,0.174297627275873,-1.5591491086589242
2013-02-28,20.998308181762695,120.10215759277344,0.17483706040453487,-1.382699609241476
2013-03-01,20.893144607543945,120.49822235107422,0.17338965007028329,-1.8269233436506611
2013-03-04,20.97494125366211,121.1399154663086,0.17314640820841298,-1.890603811478695
2013-03-05,21.208641052246094,122.22518920898438,0.17352103268977484,-1.7685615397301062
2013-03-06,21.12684440612793,122.39158630371094,0.17261680352522205,-2.0410793559491416
2013-03-07,21.185272216796875,122.61334228515625,0.17278113312927443,-1.975484882449666
2013-03-08,21.12684440612793,123.13614654541016,0.17157305144624427,-2.326633890216453
2013-03-11,21.208641052246094,123.60359954833984,0.1715859500026264,-2.29147163827742
2013-03-12,21.10348129272461,123.3262939453125,0.17111907459152778,-2.404498554903488
2013-03-13,21.138534545898438,123.50057983398438,0.17116141943879054,-2.35647929917424
2013-03-14,21.547513961791992,124.15814971923828,0.17354892941396025,-1.6045703086730694
2013-03-15,21.383922576904297,123.99420928955078,0.17245904223614705,-1.9187595608831365
2013-03-18,21.255393981933594,123.30989837646484,0.17237378557430097,-1.9220964854855311
2013-03-19,21.325496673583984,123.02342987060547,0.17334500180993068,-1.6103728161375557
2013-03-20,21.267070770263672,123.88278198242188,0.17167091689369168,-2.09152357254898
2013-03-21,21.161903381347656,122.82450866699219,0.17229381669030602,-1.882814200336555
2013-03-22,21.337177276611328,123.81121063232422,0.17233639157261169,-1.8488134251682378
2013-03-25,21.173583984375,123.29399108886719,0.17173248912928463,-2.003301151813138
2013-03-26,21.267070770263672,124.28060150146484,0.17112140199943437,-2.1540338050293593
2013-03-27,21.185272216796875,124.28060150146484,0.1704632256430395,-2.3114894897816147
2013-03-28,21.34886932373047,124.66259002685547,0.17125321493105014,-2.055797231714669
2013-04-01,21.2203311920166,124.1692123413086,0.17089849240315286,-2.128933873971009
2013-04-02,21.372238159179688,124.78194427490234,0.17127668817289243,-1.9980008325738656
2013-04-03,21.243701934814453,123.51676177978516,0.17199043780543163,-1.7791961129596547
2013-04-04,21.243701934814453,124.0180892944336,0.17129518811065855,-1.9524770155591955
2013-04-05,21.138534545898438,123.46107482910156,0.17121618757295784,-1.9506588535979807
2013-04-08,21.080108642578125,124.29657745361328,0.16959524609955645,-2.3629011896258105
2013-04-09,21.19695281982422,124.7262191772461,0.16994785025674214,-2.2380888904312144
2013-04-10,21.442346572875977,126.25394439697266,0.16983506277994848,-2.2429402903139257
2013-04-11,21.535829544067383,126.66778564453125,0.1700182049799429,-2.1663091234366187
2013-04-12,21.535829544067383,126.35742950439453,0.17043579968772946,-2.034927530461992
2013-04-15,21.080108642578125,123.42929077148438,0.17078692189527042,-1.9219915184635545
2013-04-16,21.290441513061523,125.25138854980469,0.16998168051921947,-2.105746516736816
2013-04-17,20.904827117919922,123.42129516601562,0.16937779732258165,-2.233386437260238
2013-04-18,20.928197860717773,122.64945983886719,0.17063424403346372,-1.8883117615747915
2013-04-19,21.021678924560547,123.71569061279297,0.1699192626289779,-2.0448356983539147
2013-04-22,21.080108642578125,124.26473999023438,0.1696386975439272,-2.0882383937733704
2013-04-23,21.4306640625,125.54583740234375,0.1706999173044659,-1.8016628770222096
2013-04-24,21.524145126342773,125.62541198730469,0.1713359167213552,-1.627039811932483
2013-04-25,21.722793579101562,126.13465118408203,0.17221907996874802,-1.3942681766231289
2013-04-26,21.839645385742188,125.91184997558594,0.17345186644447566,-1.0786008810707688
2013-04-29,22.00324058532715,126.75528717041016,0.17358834551608038,-1.03647804643534
2013-04-30,21.95649528503418,127.05765533447266,0.17280733874110024,-1.2205407800142198
2013-05-01,21.92144203186035,125.94369506835938,0.1740574787801953,-0.9030767772271652
2013-05-02,21.99155044555664,127.11336517333984,0.1730073813683366,-1.1543600735201622
2013-05-03,22.27199935913086,128.4023895263672,0.17345471093867257,-1.0351650921174158
2013-05-06,22.29537010192871,128.7286376953125,0.17319666005243967,-1.0903937283235183
2013-05-07,22.318737030029297,129.38111877441406,0.17250381849722393,-1.2515991774285797
2013-05-08,22.51738739013672,129.96987915039062,0.17325081424505612,-1.0583316648682433
2013-05-09,22.412216186523438,129.60386657714844,0.17292860759815576,-1.1291463907694548
2013-05-10,22.45896339416504,130.02557373046875,0.17272727779475472,-1.1694670107695027
2013-05-13,22.3654842376709,130.12905883789062,0.1718715591844316,-1.368899456833075
2013-05-14,22.412216186523438,131.47381591796875,0.17046904762015294,-1.6961877699783963
2013-05-15,22.470645904541016,132.18197631835938,0.16999780552849822,-1.7917719794834992
2013-05-16,22.470645904541016,131.56134033203125,0.17079976418475334,-1.581878088089962
2013-05-17,22.564125061035156,132.83444213867188,0.1698665248089757,-1.7896106699212635
2013-05-20,22.692668914794922,132.8264617919922,0.17084448842981234,-1.5427426708373686
2013-05-21,22.692668914794922,133.01747131347656,0.1705991603262107,-1.5909256018681983
2013-05-22,22.50570297241211,132.0308074951172,0.17045796658665763,-1.6138797322150207
2013-05-23,22.353796005249023,131.64883422851562,0.16979866275494226,-1.755215297877793
2013-05-24,22.307058334350586,131.5374298095703,0.1695871537603024,-1.7903288179327017
2013-05-28,22.3654842376709,132.32522583007812,0.1690190520920851,-1.909796420507033
2013-05-29,22.17851448059082,131.4658966064453,0.16870165611834792,-1.9691030432188008
2013-05-30,22.318737030029297,131.95123291015625,0.1691438309274898,-1.8540264822982377
2013-05-31,21.933130264282227,130.0574188232422,0.1686419003447316,-1.9565302619653022
2013-06-03,22.13177490234375,130.7736053466797,0.16923732311021483,-1.8168873068985996
2013-06-04,22.07335090637207,130.1449737548828,0.1696058654400698,-1.7275231931814155
2013-06-05,21.734479904174805,128.3228302001953,0.1693734456313583,-1.7710491852205994
2013-06-06,21.792905807495117,129.48452758789062,0.16830509570112673,-1.9965255069575134
2013-06-07,21.99155044555664,131.1317138671875,0.16770581118027686,-2.1125806038150534
2013-06-10,21.944812774658203,131.1317138671875,0.1673493934265535,-2.167617191123473
2013-06-11,21.734479904174805,129.77899169921875,0.16747302178574133,-2.114265217904796
2013-06-12,21.734479904174805,128.7047576904297,0.1688708350351135,-1.790874926512007
2013-06-13,22.00324058532715,130.6621856689453,0.16839792226555944,-1.8771262205001706
2013-06-14,21.851333618164062,129.84255981445312,0.16829099525910404,-1.8797231653681608
2013-06-17,21.96817970275879,130.84521484375,0.16789440660090085,-1.9442941828846758
2013-06-18,22.061664581298828,131.87957763671875,0.16728643643423588,-2.0517173177463586
2013-06-19,21.640995025634766,130.0574188232422,0.16639569831111675,-2.2124241139273395
2013-06-20,20.98661994934082,126.83486938476562,0.16546411922163073,-2.375108814969437
2013-06-21,20.928197860717773,127.24203491210938,0.16447550430306798,-2.5385632580747175
2013-06-24,20.659439086914062,125.63419342041016,0.16444121241564633,-2.5029160383042144
2013-06-25,20.904827117919922,126.84208679199219,0.16480986434890227,-2.390374877159745
2013-06-26,20.963253021240234,128.09788513183594,0.16365026635424346,-2.578667138017794
2013-06-27,21.001203536987305,128.84983825683594,0.1629897547494447,-2.6610299304669947
2013-06-28,20.941911697387695,128.32191467285156,0.1631982483333244,-2.574549355018629
2013-07-01,21.19093894958496,129.07383728027344,0.1641768726807939,-2.3490706308322817
2013-07-02,21.072355270385742,128.9538116455078,0.1634101001086602,-2.4555054191119265
2013-07-03,21.107925415039062,129.00979614257812,0.16361490403187023,-2.3799228881572523
2013-07-05,21.22650909423828,130.4016876220703,0.16277787106373096,-2.4938075568910203
2013-07-08,21.356948852539062,131.14559936523438,0.1628491459561747,-2.4405539713026094
2013-07-09,21.475536346435547,132.0894317626953,0.16258330480986039,-2.4488355211247823
2013-07-10,21.534828186035156,132.1374969482422,0.1629728781261104,-2.342352897889554
2013-07-11,22.06845474243164,133.9373016357422,0.16476705497957042,-1.9977698995190194
2013-07-12,21.926156997680664,133.9932861328125,0.16363623604206354,-2.1673461146579256
2013-07-15,22.03287696838379,134.50521850585938,0.1638068560694839,-2.1091202514261633
2013-07-16,22.00916290283203,134.0012664794922,0.1642459320054289,-2.007473874194065
2013-07-17,22.115886688232422,134.34523010253906,0.1646198132330598,-1.9200177073974425
2013-07-18,22.34119987487793,135.0811309814453,0.16539097439113615,-1.768677669634206
2013-07-19,22.376781463623047,135.32113647460938,0.1653605788909529,-1.7549683220524304
2013-07-22,22.483501434326172,135.58509826660156,0.16582575608800879,-1.6595276403279584
2013-07-23,22.50721549987793,135.29708862304688,0.1663540267491313,-1.5555901133014638
2013-07-24,22.436065673828125,134.80120849609375,0.1664381641984929,-1.5274275915263422
2013-07-25,22.50721549987793,135.129150390625,0.16656077119418813,-1.4948239590459673
2013-07-26,22.447919845581055,135.27313232421875,0.16594514712484462,-1.5836944775897934
2013-07-29,22.329343795776367,134.85716247558594,0.16557773710994989,-1.630046211768297
2013-07-30,22.18703842163086,134.85716247558594,0.16452250673483895,-1.7843871228930794
2013-07-31,22.281906127929688,134.95315551757812,0.16510844850180173,-1.6723359254563819
2013-08-01,22.459781646728516,136.5129852294922,0.1645248736519192,-1.7488056269752421
2013-08-02,22.578371047973633,136.74496459960938,0.16511299786491831,-1.6382627967331396
2013-08-05,22.49535369873047,136.5449981689453,0.16474681607082572,-1.679952576198043
2013-08-06,22.424203872680664,135.76905822753906,0.16516431774240733,-1.5981598670772978
2013-08-07,22.36491584777832,135.32911682128906,0.16526314789530958,-1.5672803774538597
2013-08-08,22.578371047973633,135.8250732421875,0.16623124515246535,-1.401785704519763
2013-08-09,22.68509292602539,135.43312072753906,0.16750033377479862,-1.192270336943346
2013-08-12,22.530941009521484,135.27313232421875,0.16655887700981134,-1.328756234275872
2013-08-13,22.732521057128906,135.67308044433594,0.16755365900647937,-1.1634351126349314
2013-08-14,22.79181671142578,134.97715759277344,0.16885684302368237,-0.9520781160912368
2013-08-15,22.530941009521484,133.08938598632812,0.1692917947028174,-0.8773464730757315
2013-08-16,22.59022331237793,132.64942932128906,0.17030019222821036,-0.7139923725843982
2013-08-19,22.447919845581055,131.801513671875,0.17031610047716164,-0.7058214007421121
2013-08-20,22.519073486328125,132.44944763183594,0.17002013892065015,-0.7462491269068148
2013-08-21,22.329343795776367,131.63351440429688,0.1696326645750292,-0.8007275191963056
2013-08-22,22.424203872680664,132.83335876464844,0.16881455141408744,-0.9216784856727027
2013-08-23,22.578371047973633,133.28134155273438,0.16940383991438313,-0.8233973144879053
2013-08-26,22.530941009521484,132.78538513183594,0.1696793738795248,-0.7744956811694192
2013-08-27,22.151460647583008,130.64962768554688,0.16954859374645975,-0.7886384393872959
2013-08-28,22.23447608947754,131.1135711669922,0.16958180523630695,-0.7778876164255438
2013-08-29,22.329343795776367,131.321533203125,0.17003566171617776,-0.7019034767462426
2013-08-30,22.115886688232422,130.90562438964844,0.1689452748218301,-0.8652576682815349
2013-09-03,22.471643447875977,131.49755859375,0.17089019513510603,-0.5585604992561451
2013-09-04,22.59022331237793,132.5854034423828,0.17038243068887207,-0.6330711149724656
2013-09-05,22.72066879272461,132.75338745117188,0.17114944657123357,-0.5101098311522649
2013-09-06,22.768104553222656,132.81736755371094,0.1714241516194432,-0.46425828044602774
2013-09-09,22.95783805847168,134.08929443359375,0.17121305735441317,-0.4938251870801714
2013-09-10,23.159423828125,135.0811309814453,0.17144825231960908,-0.4540492034747475
2013-09-11,23.27800941467285,135.50514221191406,0.17178690811798705,-0.39788497745918416
2013-09-12,23.230581283569336,135.14512634277344,0.17189359255655864,-0.37782288926839014
2013-09-13,23.361021041870117,135.44906616210938,0.172470890378166,-0.28472860382051357
2013-09-16,23.503324508666992,136.23301696777344,0.1725229686003857,-0.2733616008933215
2013-09-17,23.384735107421875,136.8409423828125,0.17088990107948165,-0.5227729432378733
2013-09-18,23.823495864868164,138.42478942871094,0.17210425938294321,-0.32959825054183706
2013-09-19,23.71677017211914,138.19277954101562,0.1716209070465943,-0.400473614574926
2013-09-20,23.479602813720703,137.22665405273438,0.1711008912648836,-0.476856000483678
2013-09-23,23.479602813720703,136.59164428710938,0.17189633330987403,-0.3481510548881934
2013-09-24,23.408451080322266,136.2700958251953,0.17177980934533268,-0.3622759739162013
2013-09-25,23.467741012573242,135.876220703125,0.17271411355963268,-0.21258565638070806
2013-09-26,23.51518440246582,136.39869689941406,0.17240035965891135,-0.25803755159926717
2013-09-27,23.384735107421875,135.77166748046875,0.1722357509587621,-0.2797300352969649
2013-09-30,23.266151428222656,135.04830932617188,0.17228021249810463,-0.26901698833482474
2013-10-01,23.254295349121094,136.1173858642578,0.17084000843442065,-0.490583020041664
2013-10-02,23.325448989868164,135.9886932373047,0.171524914568923,-0.37956785714660585
2013-10-03,23.147573471069336,134.73484802246094,0.17180093948085745,-0.33266799510905287
2013-10-04,23.10013771057129,135.75564575195312,0.17015968347113067,-0.5861570911622032
2013-10-07,22.993410110473633,134.58209228515625,0.17085044317601009,-0.47395628127448636
2013-10-08,22.661376953125,133.0146484375,0.17036752883478823,-0.5453900371762709
2013-10-09,22.54279136657715,133.111083984375,0.1693532250794629,-0.6997681491694939
2013-10-10,22.981550216674805,135.9807586669922,0.16900589790762302,-0.7490808240504315
2013-10-11,23.19500160217285,136.85690307617188,0.16948360718978836,-0.6693365429292701
2013-10-14,23.325448989868164,137.40345764160156,0.16975882114050914,-0.6214780727590429
2013-10-15,23.27800941467285,136.40675354003906,0.17065144364600782,-0.47692786892215533
2013-10-16,23.361021041870117,138.31178283691406,0.16890116346353168,-0.7458023332807147
2013-10-17,23.787919998168945,139.2361297607422,0.17084588633025896,-0.4360900920091292
2013-10-18,23.870922088623047,140.17657470703125,0.17029180616314263,-0.5183691424640517
2013-10-21,23.977657318115234,140.1846160888672,0.17104342820980503,-0.3955980038358076
2013-10-22,24.26225471496582,140.99647521972656,0.17207703013253292,-0.22925441557311674
2013-10-23,24.108102798461914,140.32131958007812,0.17180641452494308,-0.2674930469489246
2013-10-24,24.333406448364258,140.7875518798828,0.1728377695573899,-0.10019051825907868
2013-10-25,24.309688568115234,141.43057250976562,0.17188425484480505,-0.24686593245635155
2013-10-28,24.29782485961914,141.65562438964844,0.17152742762111406,-0.29854724726239756
2013-10-29,24.321548461914062,142.41116333007812,0.1707840024137855,-0.41107672389091643
2013-10-30,24.238544464111328,141.7038116455078,0.17105075849863155,-0.36312090973141686
2013-10-31,24.131820678710938,141.30197143554688,0.17078191077976831,-0.40063942189543306
2013-11-01,24.013229370117188,141.63954162597656,0.1695376100095567,-0.5940530392036639
2013-11-04,24.226682662963867,142.13792419433594,0.1704448886550524,-0.4426796645210012
2013-11-05,24.143672943115234,141.6877899169922,0.1704005190373836,-0.4444331602751778
2013-11-06,24.226682662963867,142.41116333007812,0.1701178622269357,-0.484419578513001
2013-11-07,23.88278579711914,140.61065673828125,0.1698504676041176,-0.5217596834991194
2013-11-08,24.084383010864258,142.50765991210938,0.16900412950235894,-0.653254024751377
2013-11-11,24.001373291015625,142.53173828125,0.1683931844264401,-0.7466158935451603
2013-11-12,23.859071731567383,142.24240112304688,0.16773529934248002,-0.8476177837464269
2013-11-13,23.859071731567383,143.38381958007812,0.16640002896730186,-1.0590137387433267
2013-11-14,23.953941345214844,144.09927368164062,0.16623221431453172,-1.0786158364960494
2013-11-15,24.119956970214844,144.72613525390625,0.16665930398748646,-1.0008649843286201
2013-11-18,24.108102798461914,144.21981811523438,0.16716220498350012,-0.9104707283249576
2013-11-19,24.108102798461914,143.9062957763672,0.1675263939523974,-0.8432497857525983
2013-11-20,23.989513397216797,143.45619201660156,0.16722536029982307,-0.8861867204596573
2013-11-21,24.250398635864258,144.61366271972656,0.16769092338711847,-0.8021279867783491
2013-11-22,24.26225471496582,145.33702087402344,0.16693788388573122,-0.9207696203465772
2013-11-25,24.167390823364258,145.19239807128906,0.16645080007217827,-0.9948968947145397
2013-11-26,24.060667037963867,145.23260498046875,0.16566987172886974,-1.117877727281931
2013-11-27,24.179248809814453,145.58624267578125,0.16608196190392344,-1.041022497941384
2013-11-29,24.321548461914062,145.48974609375,0.1671701897551038,-0.851041015509317
2013-12-02,24.084383010864258,145.112060546875,0.16597092564256138,-1.0468733392214074
2013-12-03,23.96579360961914,144.4851531982422,0.16587028548695693,-1.057638555539378
2013-12-04,23.823495864868164,144.46896362304688,0.1649039023151658,-1.216365693357508
2013-12-05,23.71677017211914,143.833984375,0.1648898921570957,-1.2131804092964296
2013-12-06,24.013229370117188,145.44161987304688,0.16510562376215188,-1.169948211313979
2013-12-09,24.060667037963867,145.81130981445312,0.16501235102120262,-1.1799755303242818
2013-12-10,24.013229370117188,145.28883361816406,0.1652792494241281,-1.1277645417664308
2013-12-11,23.77606201171875,143.65713500976562,0.1655056117477387,-1.0819571329487014
2013-12-12,23.538902282714844,143.1829071044922,0.1643974323383209,-1.2722161714649758
2013-12-13,23.444026947021484,143.1667938232422,0.16375324417732054,-1.3812678199224486
2013-12-16,23.764209747314453,144.05902099609375,0.16496162186163152,-1.161376995803469
2013-12-17,23.657482147216797,143.6008758544922,0.1647446925824355,-1.195685621018796
2013-12-18,24.097919464111328,146.052490234375,0.16499492357467266,-1.1447619103132054
2013-12-19,24.121915817260742,145.88365173339844,0.1653503701795415,-1.076315625784934
2013-12-20,24.145915985107422,146.7322540283203,0.16455765738081757,-1.220205974780548
2013-12-23,24.421945571899414,147.51620483398438,0.1655543240105995,-1.0301928216141032
2013-12-24,24.709959030151367,147.83949279785156,0.16714044780942633,-0.7261964773084646
2013-12-26,24.74596405029297,148.5911102294922,0.16653731176834172,-0.8391273907713379
2013-12-27,24.889976501464844,148.58299255371094,0.16751564949445624,-0.6452551814025337
2013-12-30,24.937978744506836,148.5587158203125,0.1678661437452804,-0.5718968773254014
2013-12-31,25.057992935180664,149.26187133789062,0.16787939686523018,-0.5650922711855485
2014-01-02,24.74596405029297,147.8314208984375,0.16739312860487104,-0.6604825732628756
2014-01-03,24.75796127319336,147.80711364746094,0.16750182492734617,-0.632965837859519
2014-01-06,24.69795799255371,147.37876892089844,0.16758151919296918,-0.6115038350589418
2014-01-07,24.793975830078125,148.2838897705078,0.16720613323841602,-0.6876277391317224
2014-01-08,24.74596405029297,148.31631469726562,0.16684586655758638,-0.7622029666535101
2014-01-09,24.709959030151367,148.41326904296875,0.16649427096035002,-0.8366119675233938
2014-01-10,24.925979614257812,148.81732177734375,0.16749380593981764,-0.6104417671962843
2014-01-13,24.613954544067383,146.8373260498047,0.1676273683689851,-0.5759880997735514
2014-01-14,24.96198272705078,148.4375457763672,0.16816488440638844,-0.44659168024533724
2014-01-15,25.033987045288086,149.23765563964844,0.16774578063418216,-0.5400793491714979
2014-01-16,25.045988082885742,149.0436553955078,0.1680446444796511,-0.46308544598928225
2014-01-17,25.045988082885742,148.41326904296875,0.16875841523061125,-0.2827611310466111
2014-01-21,25.27400779724121,148.8496551513672,0.16979554149144477,-0.018127562281711064
2014-01-22,25.394020080566406,148.94668579101562,0.1704906688302974,0.16616165096062818
2014-01-23,25.262008666992188,147.72637939453125,0.17100540046084264,0.3090576089913191
2014-01-24,24.43393898010254,144.57440185546875,0.16900598353869853,-0.19263784878616233
2014-01-27,24.253923416137695,143.8632354736328,0.16859014282758114,-0.2925956060165375
2014-01-28,24.421945571899414,144.71990966796875,0.16875318418820703,-0.24129453022497072
2014-01-29,24.109914779663086,143.329833984375,0.16821281452325837,-0.37948832852854214
2014-01-30,24.169918060302734,144.84921264648438,0.16686261263491486,-0.7481285611256756
2014-01-31,23.89389991760254,144.0006103515625,0.1659291572394594,-1.0136503541291912
2014-02-03,23.36585807800293,140.75979614257812,0.16599809546708374,-0.9946157972975458
2014-02-04,23.605876922607422,141.74578857421875,0.166536707439793,-0.8375170369111207
2014-02-05,23.677885055541992,141.5679931640625,0.16725450807303455,-0.6202213667228997
2014-02-06,24.03790283203125,143.43490600585938,0.1675875384967261,-0.5152144658240507
2014-02-07,24.265928268432617,145.21287536621094,0.16710590026701563,-0.6568500665217905
2014-02-10,24.20592498779297,145.47958374023438,0.1663870927140857,-0.8756006447192
2014-02-11,24.589948654174805,147.07167053222656,0.16719704457825288,-0.6179639127980358
2014-02-12,24.781967163085938,147.14447021484375,0.16841928974226558,-0.22356501941321263
2014-02-13,24.86597442626953,147.90403747558594,0.16812235048265048,-0.31129248507092366
2014-02-14,24.98598289489746,148.7203826904297,0.1680064456726639,-0.34200393455908235
2014-02-18,25.35801887512207,148.89816284179688,0.17030444426681587,0.4314381480744427
2014-02-19,25.286014556884766,147.9121856689453,0.17095288290499283,0.6624104948048478
2014-02-20,25.478023529052734,148.7850799560547,0.17124044653252832,0.7736437061347939
2014-02-21,25.478023529052734,148.61526489257812,0.1714361142340844,0.8538394609922255
2014-02-24,25.634033203125,149.4396514892578,0.17153434813094204,0.9008362862904025
2014-02-25,25.394020080566406,149.383056640625,0.16999263940392859,0.3738972345982286
2014-02-26,25.32201385498047,149.39112854003906,0.16950145636120414,0.20940176671136046
2014-02-27,25.502025604248047,150.17510986328125,0.16981526184642035,0.32865984614921867
2014-02-28,25.514026641845703,150.5549774169922,0.1694665103710221,0.21426212682645293
2014-03-03,25.045988082885742,149.4961700439453,0.16753598487187546,-0.4715012800424779
2014-03-04,25.41801643371582,151.59750366210938,0.1676677769732224,-0.4180804095417958
2014-03-05,25.370012283325195,151.73487854003906,0.16719960847123674,-0.5813209638995325
2014-03-06,25.406023025512695,152.08241271972656,0.16705431332374757,-0.6280512593722269
2014-03-07,25.22600555419922,152.14706420898438,0.16580014662359557,-1.0774332087592953
2014-03-10,24.925979614257812,152.06622314453125,0.16391529360577944,-1.748026138810114
2014-03-11,24.805973052978516,151.3146209716797,0.16393639222492085,-1.7227614635186794
2014-03-12,24.661954879760742,151.35504150390625,0.16294108630087656,-2.057438983825627
2014-03-13,24.265928268432617,149.6578826904297,0.1621426672100338,-2.3107423875934807
2014-03-14,24.289926528930664,149.23765563964844,0.16276003817415557,-2.0701976009355527
2014-03-17,24.469940185546875,150.58726501464844,0.16249674355375637,-2.1382617514385664
2014-03-18,24.577953338623047,151.66213989257812,0.16205727649650428,-2.264206002999715
2014-03-19,24.289926528930664,150.85397338867188,0.161016153458207,-2.592832627630426
2014-03-20,24.24193000793457,151.73487854003906,0.1597650470424816,-2.966860616591016
2014-03-21,24.20592498779297,151.14634704589844,0.16014892493857216,-2.78435100879498
2014-03-24,24.169918060302734,150.5212860107422,0.1605747512586214,-2.597834852827626
2014-03-25,24.54195213317871,151.23561096191406,0.16227627856351343,-2.0025479608952184
2014-03-26,24.421945571899414,150.14788818359375,0.16265260782114638,-1.8560203817300964
2014-03-27,24.517948150634766,149.8313446044922,0.16363697606368327,-1.5143722731488611
2014-03-28,24.62595558166504,150.57005310058594,0.16355148367527014,-1.5285127021422784
2014-03-31,24.709959030151367,151.8038787841797,0.16277554452532558,-1.7660460716201902
2014-04-01,24.793975830078125,152.81045532226562,0.16225313757353524,-1.9159862245374235
2014-04-02,24.853973388671875,153.32180786132812,0.16210331547323684,-1.9436475291092452
2014-04-03,24.781967163085938,153.11891174316406,0.16184785328578016,-2.002859351356242
2014-04-04,24.69795799255371,151.30870056152344,0.1632289346276641,-1.541220907703978
2014-04-07,24.54195213317871,149.63650512695312,0.1640104606316291,-1.2780988437621774
2014-04-08,24.74596405029297,150.25344848632812,0.16469481598982838,-1.0494580252285939
2014-04-09,25.081993103027344,151.86874389648438,0.16515572895054392,-0.8944366981949554
2014-04-10,24.75796127319336,148.6787109375,0.166519881138873,-0.451753308449106
2014-04-11,24.54195213317871,147.3393096923828,0.16656757917773446,-0.43188218790478233
2014-04-14,24.69795799255371,148.5000762939453,0.16631612999084164,-0.5077131905486398
2014-04-15,24.64995765686035,149.5228729248047,0.16485743735847597,-0.9702677432690826
2014-04-16,24.925979614257812,151.0895233154297,0.1649749040654515,-0.9256728088759891
2014-04-17,25.081993103027344,151.3005828857422,0.16577591853673518,-0.662402835885317
2014-04-21,25.202001571655273,151.8282012939453,0.16599025317347477,-0.5885435191756452
2014-04-22,25.27400779724121,152.51820373535156,0.165711417904557,-0.6731166379796132
2014-04-23,25.2500057220459,152.16099548339844,0.16594269537886144,-0.5932414245724601
2014-04-24,25.334022521972656,152.469482421875,0.16615798859915296,-0.518359492242027
2014-04-25,25.298006057739258,151.2194061279297,0.16729338320729462,-0.14618617283719307
2014-04-28,25.32201385498047,151.6983184814453,0.16692349729689115,-0.25941408069955224
2014-04-29,25.658037185668945,152.404541015625,0.16835480763685645,0.21595414518412692
2014-04-30,25.82605743408203,152.85911560058594,0.1689533354462443,0.4199327058863596
2014-05-01,25.898059844970703,152.8753662109375,0.16940636341133306,0.5805133807327196
2014-05-02,25.92205810546875,152.65623474121094,0.1698067435595597,0.7219857817541098
2014-05-05,25.946069717407227,152.94842529296875,0.16963933867058914,0.6754947874609714
2014-05-06,25.982065200805664,151.6171112060547,0.1713663121143024,1.2651918778293147
2014-05-07,26.018062591552734,152.51011657714844,0.17059892927425108,1.0114341752884628
2014-05-08,26.126073837280273,152.3477325439453,0.171489745209986,1.3214983056094296
2014-05-09,26.00606346130371,152.57501220703125,0.1704477232878455,0.9741042932574112
2014-05-12,26.19808578491211,154.0604705810547,0.17005066702771562,0.8457298941021485
2014-05-13,26.18606948852539,154.1985321044922,0.1698204848719343,0.7717298870337357
2014-05-14,26.126073837280273,153.4679718017578,0.17023795604094266,0.916493043128951
2014-05-15,26.102075576782227,152.12046813964844,0.17158818859813266,1.3774049924085494
2014-05-16,26.234081268310547,152.64810180664062,0.1718598590995993,1.4668284989381375
2014-05-19,26.1740779876709,153.208251953125,0.17083987092078445,1.1132550181667349
2014-05-20,25.95807456970215,152.2422332763672,0.17050508266375822,0.9991988647431955
2014-05-21,26.210084915161133,153.5248260498047,0.17072212742099685,1.0734387067558777
2014-05-22,26.15007972717285,153.89816284179688,0.16991807598154646,0.7983987958373254
2014-05-23,26.054075241088867,154.51510620117188,0.16861830458937527,0.3533833362411861
2014-05-27,26.126073837280273,155.46478271484375,0.16805139647093695,0.16050998859030546
2014-05-28,25.970064163208008,155.3511962890625,0.16717003012249368,-0.14063832325608772
2014-05-29,26.11408042907715,156.15481567382812,0.16723198907693965,-0.11730718856846185
2014-05-30,26.07806968688965,156.4063720703125,0.1667327829531539,-0.2862205306095905
2014-06-02,26.090076446533203,156.58506774902344,0.16661918547910784,-0.32265140015529764
2014-06-03,26.042068481445312,156.5037841796875,0.1663989699542696,-0.3948615390407213
2014-06-04,25.970064163208008,156.8203887939453,0.16560387563718812,-0.6637953754914663
2014-06-05,26.03006362915039,157.8432159423828,0.16491087991169726,-0.8961015409165387
2014-06-06,26.22208595275879,158.59815979003906,0.16533663434350704,-0.7445279382792531
2014-06-09,26.18606948852539,158.76048278808594,0.16494072724305486,-0.8757860517861333
2014-06-10,26.18606948852539,158.77670288085938,0.16492387745432985,-0.8769230504476399
2014-06-11,26.126073837280273,158.22474670410156,0.16512002314112742,-0.8053116369145478
2014-06-12,26.11408042907715,157.10452270507812,0.16622106085449478,-0.42413276108078174
2014-06-13,26.138072967529297,157.58343505859375,0.1658681507850775,-0.5415322820996391
2014-06-16,26.138072967529297,157.7133331298828,0.16573153612829689,-0.5845887955898931
2014-06-17,26.162073135375977,158.1516876220703,0.16542392641357448,-0.686031780385684
2014-06-18,26.31809425354004,159.31246948242188,0.16519795555892697,-0.7596887642666683
2014-06-19,26.426095962524414,159.49099731445312,0.16569020450992988,-0.5901190902850143
2014-06-20,26.414093017578125,159.8148956298828,0.16527929335667704,-0.7302050795198485
2014-06-23,26.426095962524414,159.76593017578125,0.16540507687370706,-0.6892148129712927
2014-06-24,26.126073837280273,158.803466796875,0.1645182839156657,-0.9928361642994337
2014-06-25,26.087045669555664,159.52120971679688,0.1635333992004501,-1.325552603943056
2014-06-26,26.175182342529297,159.4070281982422,0.1642034397001445,-1.0984544550963669
2014-06-27,26.25071907043457,159.7169952392578,0.1643577067744776,-1.0500850601713585
2014-06-30,26.28849220275879,159.63543701171875,0.1646782988468216,-0.9445305536134451
2014-07-01,26.54029083251953,160.7039031982422,0.1651502564924001,-0.7847446007557206
2014-07-02,26.666194915771484,160.86703491210938,0.16576544057233797,-0.5782207052360252
2014-07-03,26.804691314697266,161.658203125,0.1658108948172021,-0.5671616338942856
2014-07-07,26.641019821166992,161.0954132080078,0.16537416733751367,-0.724869731048483
2014-07-08,26.263307571411133,160.0595245361328,0.16408462818769834,-1.177420350189087
2014-07-09,26.275897979736328,160.77732849121094,0.16343036811420042,-1.4090291304742377
2014-07-10,26.087045669555664,160.14112854003906,0.16290034863238326,-1.5936057769461658
2014-07-11,26.074453353881836,160.36135864257812,0.16259810701652858,-1.6893376852929065
2014-07-14,26.187767028808594,161.16883850097656,0.16248654065128051,-1.7223369350421984
2014-07-15,26.23813247680664,160.86703491210938,0.1631044700434865,-1.5051512914141576
2014-07-16,26.439571380615234,161.46243286132812,0.16375060694968493,-1.2797515598594615
2014-07-17,26.09963607788086,159.62728881835938,0.16350359810708653,-1.361206891080708
2014-07-18,26.263307571411133,161.25852966308594,0.16286461017772214,-1.5721301733307018
2014-07-21,26.149995803833008,160.9567108154297,0.16246601754815562,-1.697136067495207
2014-07-22,26.301076889038086,161.658203125,0.16269559094815086,-1.6069137867692613
2014-07-23,26.326261520385742,162.01705932617188,0.16249067616630328,-1.6626696720612013
2014-07-24,26.275897979736328,162.02520751953125,0.1621716668782474,-1.7545134708910242
2014-07-25,26.25071907043457,161.26663208007812,0.16277836730291226,-1.5379822640719565
2014-07-28,26.25071907043457,161.33197021484375,0.16271244338909902,-1.5490052409254098
2014-07-29,26.175182342529297,160.6386260986328,0.16294451078321362,-1.462768103238589
2014-07-30,26.09963607788086,160.66310119628906,0.16244947273857116,-1.6190257729637083
2014-07-31,25.65897560119629,157.4903106689453,0.1629241538238698,-1.4541938635587375
2014-08-01,25.45753288269043,157.0090789794922,0.16214051472791313,-1.7029980752948026
2014-08-04,25.646381378173828,158.14279174804688,0.1621723070314431,-1.6808921095462779
2014-08-05,25.44493865966797,156.6094207763672,0.16247386992128945,-1.5735214246300513
2014-08-06,25.394582748413086,156.65834045410156,0.16210169643571132,-1.6830570264260007
2014-08-07,25.180545806884766,155.8101043701172,0.16161048032590974,-1.8271901419908396
2014-08-08,25.167951583862305,157.61264038085938,0.15968231686903916,-2.413472651484641
2014-08-11,25.293859481811523,158.06944274902344,0.16001738882556912,-2.2731856345383936
2014-08-12,25.356807708740234,157.8491973876953,0.16063944656279167,-2.0519033066355306
2014-08-13,25.34421157836914,158.91766357421875,0.15948014215885276,-2.3777900619948573
2014-08-14,25.47011947631836,159.6680908203125,0.15951915843336512,-2.329822289924799
2014-08-15,25.533071517944336,159.63543701171875,0.15994613724814727,-2.1688162480858706
2014-08-18,25.75969696044922,160.97305297851562,0.16002490158329327,-2.117333834764
2014-08-19,25.734521865844727,161.81314086914062,0.15903851644939274,-2.378786766589729
2014-08-20,25.65897560119629,162.24542236328125,0.1581491497722732,-2.599004719545768
2014-08-21,25.646381378173828,162.71853637695312,0.15761192270536112,-2.7064777332494927
2014-08-22,25.608613967895508,162.46568298339844,0.15762475802666787,-2.653307628249128
2014-08-25,25.860422134399414,163.28944396972656,0.15837167122201645,-2.4005337096977395
2014-08-26,25.709335327148438,163.3955078125,0.157344199184781,-2.6445505519058257
2014-08-27,25.873004913330078,163.33023071289062,0.15840916161326457,-2.310962569191793
2014-08-28,25.784881591796875,163.24049377441406,0.15795640527423066,-2.3989935763329617
2014-08-29,25.860422134399414,163.70541381835938,0.1579692542306087,-2.3596443380979815
2014-09-02,25.721927642822266,163.6238250732422,0.1572016033197395,-2.5253711224180235
2014-09-03,25.89818572998047,163.5341339111328,0.15836562747232927,-2.1833804655239613
2014-09-04,25.684154510498047,163.29762268066406,0.15728431368976253,-2.434488984240584
2014-09-05,25.633792877197266,164.03164672851562,0.1562734593503354,-2.656467802664665
2014-09-08,25.09241485595703,163.6074981689453,0.15336958963852595,-3.333113835119676
2014-09-09,25.105003356933594,162.57167053222656,0.15442421963645278,-2.999244792655067
2014-09-10,25.36939811706543,163.18345642089844,0.15546550289773395,-2.689380931774007
2014-09-11,25.205726623535156,163.3710174560547,0.15428517870567382,-2.9273183076461624
2014-09-12,25.218311309814453,162.41671752929688,0.15526918468393225,-2.641374348562806
2014-09-15,25.268680572509766,162.29437255859375,0.15569659116422485,-2.501184430774878
2014-09-16,25.331626892089844,163.51783752441406,0.15491659671873842,-2.6487384669145597
2014-09-17,25.24349594116211,163.738037109375,0.15417001685625292,-2.7762483620354805
2014-09-18,25.482709884643555,164.61074829101562,0.15480586868843235,-2.5853879312783596
2014-09-19,25.495302200317383,164.4624481201172,0.15502202777436813,-2.4968450779782345
2014-09-22,25.356807708740234,163.19236755371094,0.15537986297303172,-2.379097107849675
2014-09-23,24.903562545776367,162.25816345214844,0.15348110699601675,-2.7688230324847773
2014-09-24,25.054643630981445,163.52825927734375,0.15321292932305233,-2.7804421640255073
2014-09-25,24.68952751159668,160.8896484375,0.15345628355442456,-2.6831257105850335
2014-09-26,24.702117919921875,162.1680450439453,0.1523242011903636,-2.883354594197646
2014-09-29,24.61397933959961,161.87298583984375,0.15205736282613916,-2.888655675728288
2014-09-30,24.399948120117188,161.44692993164062,0.1511329334689024,-3.029177250552873
2014-10-01,24.110370635986328,159.25901794433594,0.1513909287348071,-2.9149413204597705
2014-10-02,23.820796966552734,159.2835693359375,0.14954961811731762,-3.229439174178676
2014-10-03,23.795618057250977,161.03720092773438,0.14776472715723174,-3.506136437643989
2014-10-06,24.08519744873047,160.84872436523438,0.14973819372070948,-3.036511106914612
2014-10-07,23.66971206665039,158.3657684326172,0.14946230047639103,-3.026679536763215
2014-10-08,24.148143768310547,161.13552856445312,0.14986231766169092,-2.8892802591562345
2014-10-09,23.417903900146484,157.93966674804688,0.14827119989751453,-3.1249775766828547
2014-10-10,23.128334045410156,156.1368865966797,0.14812857198282312,-3.080615832667341
2014-10-13,23.128334045410156,153.57203674316406,0.15060250899771743,-2.5720027771471314
2014-10-14,23.115741729736328,153.80963134765625,0.15028799904921275,-2.585780922157534
2014-10-15,22.78839683532715,152.7689971923828,0.14916898882716104,-2.740559508892541
2014-10-16,22.687673568725586,152.63787841796875,0.1486372439388856,-2.7821031582661355
2014-10-17,23.14091682434082,154.4406280517578,0.14983697694226927,-2.5273318737879014
2014-10-20,23.15350914001465,155.9402618408203,0.14847678762813118,-2.7178234177974447
2014-10-21,23.518625259399414,159.0295867919922,0.14788836300103922,-2.7693497244281553
2014-10-22,23.2794189453125,157.8987579345703,0.1474325653337879,-2.7973255253232185
2014-10-23,23.430500030517578,159.7342529296875,0.1466842558861268,-2.8699511132538627
2014-10-24,23.556398391723633,160.96336364746094,0.14634633532706506,-2.8739936298987523
2014-10-27,23.46826934814453,160.7421417236328,0.14599948150805406,-2.876621094674615
2014-10-28,23.694896697998047,162.58592224121094,0.14573768977885135,-2.864497312121475
2014-10-29,23.58157730102539,162.34007263183594,0.14526035943389673,-2.884322449761531
2014-10-30,23.657121658325195,163.38079833984375,0.14479744191919475,-2.9003455549369557
2014-10-31,23.93410873413086,165.2490997314453,0.14483654539133584,-2.8392073968680434
2014-11-03,23.619352340698242,165.33926391601562,0.14285386169794329,-3.076453841630138
2014-11-04,23.64453125,164.76565551757812,0.14350400376659483,-2.9176695201306444
2014-11-05,23.833383560180664,165.80633544921875,0.14374229727476293,-2.8269385201326767
2014-11-06,23.745256423950195,166.4701385498047,0.14263973485458514,-2.9294453987237827
2014-11-07,23.883743286132812,166.6257781982422,0.1433376248524838,-2.774651838291402
2014-11-10,23.95928382873535,167.1501922607422,0.14333985204970992,-2.7230503248793916
2014-11-11,24.122962951660156,167.31411743164062,0.14417768997595826,-2.559804274756027
2014-11-12,23.896337509155273,167.1339111328125,0.1429771932409702,-2.6782715792161356
2014-11-13,23.896337509155273,167.3223419189453,0.14281617885034859,-2.651252325691176
2014-11-14,23.845977783203125,167.36331176757812,0.14248031740862457,-2.647937159154958
2014-11-17,23.908926010131836,167.4698028564453,0.14276559476592032,-2.564251792358615
2014-11-18,24.04741859436035,168.436767578125,0.1427682265584121,-2.520740698373939
2014-11-19,24.034833908081055,168.1663360595703,0.14292298013537671,-2.4599218489238446
2014-11-20,23.98447036743164,168.4613494873047,0.1423737281009916,-2.4895478750436397
2014-11-21,24.148143768310547,169.3627166748047,0.14258240681553117,-2.423797507853549
2014-11-24,24.236278533935547,169.83798217773438,0.1427023462194248,-2.371363283679296
2014-11-25,24.185916900634766,169.71510314941406,0.14250892496787354,-2.3588695615576083
2014-11-26,24.37476921081543,170.1494140625,0.14325508756593183,-2.233496434671543
2014-11-28,23.95928382873535,169.7888641357422,0.1411122216447627,-2.457067322899207
2014-12-01,23.971881866455078,168.60882568359375,0.14217453783492917,-2.293336512126609
2014-12-02,24.135549545288086,169.69869995117188,0.1422258953794738,-2.2540312652587153
2014-12-03,24.148143768310547,170.35427856445312,0.14175249351999197,-2.2767513945924076
2014-12-04,23.98447036743164,170.16578674316406,0.14094766537078376,-2.335928869625274
2014-12-05,24.034833908081055,170.44436645507812,0.1410127797589345,-2.2936957813337684
2014-12-08,23.820796966552734,169.30540466308594,0.14069720345877676,-2.2956509191909564
2014-12-09,23.518625259399414,169.19061279296875,0.139006679337335,-2.4492387832483087
2014-12-10,23.26682472229004,166.4783172607422,0.13975888935643793,-2.328045330170015
2014-12-11,23.090559005737305,167.3223419189453,0.13800045314284978,-2.483701078042805
2014-12-12,22.398099899291992,164.61817932128906,0.13606091375592916,-2.6495998840424893
2014-12-15,22.108518600463867,163.4873046875,0.13523079753943887,-2.689135456597138
2014-12-16,22.48622703552246,162.17617797851562,0.13865308281282432,-2.285514939505968
2014-12-17,22.781591415405273,165.35565185546875,0.1377732853989038,-2.343119192815837
2014-12-18,23.308109283447266,169.44467163085938,0.13755587035645905,-2.3302158306911758
2014-12-19,23.539268493652344,170.1656494140625,0.1383314938984804,-2.217216816060576
2014-12-22,23.62915802001953,170.9484405517578,0.13822388752862222,-2.197130221218498
2014-12-23,23.423686981201172,171.17916870117188,0.1368372516289759,-2.3046978065336026
2014-12-24,23.616315841674805,171.1956329345703,0.13794928899092176,-2.161976140653233
2014-12-26,23.642000198364258,171.74771118164062,0.13765540184323297,-2.1618339217454037
2014-12-29,23.43653106689453,171.97833251953125,0.13627606875553866,-2.2668379231013636
2014-12-30,23.282426834106445,171.05551147460938,0.13611035758741027,-2.2510067708657613
2014-12-31,23.154010772705078,169.35813903808594,0.13671625647408722,-2.1621336824367523
2015-01-02,22.935693740844727,169.26751708984375,0.13549967610543331,-2.248415868335975
2015-01-05,22.357803344726562,166.21063232421875,0.13451488049882582,-2.309211484158845
2015-01-06,22.100967407226562,164.64505004882812,0.1342340228307633,-2.3020452573876
2015-01-07,22.293596267700195,166.6967010498047,0.13373747727040766,-2.3145229988990748
2015-01-08,22.691699981689453,169.65476989746094,0.13375220747052546,-2.2796522563582875
2015-01-09,22.588966369628906,168.29522705078125,0.13422226384835578,-2.204853176016785
2015-01-12,22.499069213867188,166.97689819335938,0.13474360499746046,-2.12842183895596
2015-01-13,22.56328010559082,166.50726318359375,0.13550928454521627,-2.0328197993334522
2015-01-14,22.357803344726562,165.5020294189453,0.13509081080891702,-2.045245329612067
2015-01-15,22.48622703552246,163.9858856201172,0.13712294171227096,-1.84108983548147
2015-01-16,22.845806121826172,166.1364288330078,0.13751232214573275,-1.786848891133751
2015-01-20,23.051273345947266,166.49075317382812,0.13845377539904638,-1.6856526421584261
2015-01-21,23.282426834106445,167.3311767578125,0.1391398021888316,-1.6092352623207014
2015-01-22,23.487899780273438,169.819580078125,0.13831090484070152,-1.66688294548422
2015-01-23,23.37232208251953,168.88851928710938,0.13838905202778606,-1.6445357531176805
2015-01-26,23.71904945373535,169.28395080566406,0.14011398801156605,-1.4787073182015165
2015-01-27,23.731891632080078,167.051025390625,0.14206372919044605,-1.2957747532710426
2015-01-28,23.43653106689453,164.90867614746094,0.14211824152864852,-1.2803076287449828
2015-01-29,23.590639114379883,166.43307495117188,0.14174249392015922,-1.3024076444713184
2015-01-30,23.166854858398438,164.3401641845703,0.14096891635315492,-1.3585900808781812
2015-02-02,23.37232208251953,166.37542724609375,0.14047941134929995,-1.3892173547559161
2015-02-03,23.950206756591797,168.7813720703125,0.14190077058156866,-1.2542695381765447
2015-02-04,23.731891632080078,168.138671875,0.1411447549063738,-1.3091349142853994
2015-02-05,24.09147071838379,169.83602905273438,0.1418513542312235,-1.2372381558993593
2015-02-06,23.83462905883789,169.36639404296875,0.140728207585213,-1.3238148564481302
2015-02-09,23.770421981811523,168.6083984375,0.14098005913164982,-1.291007885850309
2015-02-10,23.860313415527344,170.40455627441406,0.140021569476719,-1.3623816630489791
2015-02-11,23.744735717773438,170.50343322753906,0.1392625079055492,-1.41566627030191
2015-02-12,24.16851806640625,172.1431427001953,0.140397797363896,-1.306572875834774
2015-02-13,24.284093856811523,172.85179138183594,0.1404908428352187,-1.2878335158173648
2015-02-17,24.271257400512695,173.1237030029297,0.14019603889885585,-1.3024128957078358
2015-02-18,24.386837005615234,173.14016723632812,0.14085025673059653,-1.2362735656254455
2015-02-19,24.36114501953125,173.01658630371094,0.1408023677959293,-1.2309167166779909
2015-02-20,24.5152530670166,174.0547637939453,0.14084792931056445,-1.2177192221193434
2015-02-23,24.463890075683594,174.03004455566406,0.14057279671533235,-1.2321852003502851
2015-02-24,24.630828857421875,174.52442932128906,0.1411311238960019,-1.175132022701702
2015-02-25,24.643674850463867,174.37612915039062,0.1413248187726999,-1.1495026515653994
2015-02-26,24.55377960205078,174.17015075683594,0.14097581873446866,-1.170659625759237
2015-02-27,24.528091430664062,173.57687377929688,0.1413096739019021,-1.132996368587562
2015-03-02,24.566617965698242,174.67279052734375,0.14064364513517358,-1.1816750177753004
2015-03-03,24.335460662841797,173.95590209960938,0.1398944236390841,-1.236762513504981
2015-03-04,24.219890594482422,173.22259521484375,0.13981946503250967,-1.233329983324645
2015-03-05,24.348310470581055,173.41207885742188,0.1404072347843777,-1.1729004174784774
2015-03-06,23.808948516845703,170.97308349609375,0.13925553677804303,-1.2625765046933375
2015-03-09,23.92452621459961,171.68174743652344,0.13935393000030663,-1.2437718420412944
2015-03-10,23.26958465576172,168.8967742919922,0.13777400280915245,-1.3687485705768192
2015-03-11,23.089797973632812,168.50128173828125,0.13703039962328736,-1.4203556067719445
2015-03-12,23.218215942382812,170.64352416992188,0.13606268421450782,-1.4899910806479364
2015-03-13,22.974224090576172,169.5971221923828,0.1354635255220623,-1.526997607773072
2015-03-16,23.218215942382812,171.86306762695312,0.1350971809299971,-1.543632312474572
2015-03-17,23.256744384765625,171.35211181640625,0.13572487749485027,-1.4763443753858687
2015-03-18,23.937362670898438,173.41207885742188,0.13803745868579062,-1.2686844644734743
2015-03-19,23.616315841674805,172.62106323242188,0.13681016325265666,-1.3610292483800688
2015-03-20,24.16851806640625,174.14476013183594,0.1387840670492154,-1.1841676249779902
2015-03-23,24.20704460144043,173.80540466308594,0.13927670804233452,-1.133460022094812
2015-03-24,23.97588539123535,172.82884216308594,0.13872618187542482,-1.1704302486351739
2015-03-25,23.88599967956543,170.29620361328125,0.1402614924629041,-1.0328696575919407
2015-03-26,23.60347557067871,169.89068603515625,0.13893331130462525,-1.1354790054044799
2015-03-27,23.552106857299805,170.27969360351562,0.13831424263740597,-1.1779041481503993
2015-03-30,23.52642059326172,172.3570556640625,0.1364981578654753,-1.3191905811027163
2015-03-31,23.128318786621094,170.85072326660156,0.1353715005966398,-1.4012263516121268
2015-04-01,23.282426834106445,170.24658203125,0.13675708819712332,-1.2745130494974857
2015-04-02,23.398006439208984,170.85899353027344,0.13694337041183166,-1.2484854815178508
2015-04-06,23.60347557067871,172.0094451904297,0.13722197373840472,-1.215177458536556
2015-04-07,23.69337272644043,171.55422973632812,0.13811010525858897,-1.132088516982115
2015-04-08,23.87315559387207,172.1335906982422,0.1386896973277155,-1.0752823135819298
2015-04-09,23.860313415527344,172.89501953125,0.1380046312509002,-1.1232634241268489
2015-04-10,23.92452621459961,173.83856201171875,0.13762496616249517,-1.1456865950080486
2015-04-13,23.847475051879883,173.05227661132812,0.13780503509607575,-1.1219647241280644
2015-04-14,24.129995346069336,173.3833770751953,0.13917133091486794,-1.0004881650778354
2015-04-15,24.3226261138916,174.16136169433594,0.13965569559900048,-0.9526341647301683
2015-04-16,24.438201904296875,174.1116485595703,0.14035937346222774,-0.8867835119602594
2015-04-17,24.194204330444336,172.10874938964844,0.14057509810654348,-0.8617632888725089
2015-04-20,24.245574951171875,173.68128967285156,0.13959808219320094,-0.9360288984446145
2015-04-21,24.36114501953125,173.4744110107422,0.1404307694581117,-0.8593506595045155
2015-04-22,24.451047897338867,174.32687377929688,0.14025977387912456,-0.8666802831560755
2015-04-23,24.617984771728516,174.76548767089844,0.1408629649927607,-0.8092896846641671
2015-04-24,24.797779083251953,175.17105102539062,0.14156322599022125,-0.7439017868461936
2015-04-27,24.900508880615234,174.44271850585938,0.14274318294219226,-0.6382030012190686
2015-04-28,25.01609230041504,174.9972686767578,0.1429513299811721,-0.6145100418137868
2015-04-29,24.939035415649414,174.27716064453125,0.14309984924827263,-0.5958070101270384
2015-04-30,24.669355392456055,172.53085327148438,0.1429851816337905,-0.5994804744813352
2015-05-01,24.682199478149414,174.4012908935547,0.14152532559643793,-0.7183054293705241
2015-05-04,24.74640464782715,174.89793395996094,0.14149054873050873,-0.7151212842862698
2015-05-05,24.348310470581055,172.89501953125,0.14082713623905288,-0.7662472916460007
2015-05-06,24.438201904296875,172.18328857421875,0.14193132275878742,-0.6643259773843248
2015-05-07,24.373991012573242,172.87022399902344,0.14099588956806658,-0.7400776947824919
2015-05-08,25.23440170288086,175.146240234375,0.1440761826751919,-0.4629445569732317
2015-05-11,25.388500213623047,174.31033325195312,0.14565114838559676,-0.3169022552997217
2015-05-12,25.183034896850586,173.7888641357422,0.1449059180062351,-0.3769716553295169
2015-05-13,25.31144905090332,173.8219757080078,0.14561708292524744,-0.30657339927349875
2015-05-14,25.555448532104492,175.63450622558594,0.1455035749027639,-0.3101948117886667
2015-05-15,25.478404998779297,175.82489013671875,0.1449078397203472,-0.35776572603038337
2015-05-18,25.33713722229004,176.37110900878906,0.1436580932369565,-0.46622103276983984
2015-05-19,25.144514083862305,176.31320190429688,0.14261276984528246,-0.5570073413207641
2015-05-20,25.298614501953125,176.18907165527344,0.14358787559452996,-0.45970410366739584
2015-05-21,25.555448532104492,176.7021942138672,0.14462439838847774,-0.35548194843365394
2015-05-22,25.298614501953125,176.2801055908203,0.14351372446233965,-0.4545654575739163
2015-05-26,24.861988067626953,174.38482666015625,0.14256967503301402,-0.5387721630300997
2015-05-27,25.05461311340332,176.04006958007812,0.14232335384306544,-0.5564242696498405
2015-05-28,25.028932571411133,175.84144592285156,0.14233807302967863,-0.5488947624349491
2015-05-29,24.823461532592773,174.74893188476562,0.14205215027558546,-0.5707323949917884
2015-06-01,24.566617965698242,175.1048583984375,0.14029660964516935,-0.7371759137282194
2015-06-02,24.669355392456055,174.9310760498047,0.14102328728277208,-0.6593609827976314
2015-06-03,24.682199478149414,175.3944854736328,0.1407239196346336,-0.6831217706368813
2015-06-04,24.438201904296875,173.91307067871094,0.14051963897207184,-0.697485360669896
2015-06-05,24.219890594482422,173.61508178710938,0.13950337922935396,-0.7934780160019487
2015-06-08,24.181364059448242,172.5474395751953,0.14014327954666708,-0.722729984729533
2015-06-09,24.052940368652344,172.52259826660156,0.1394190709525659,-0.7901957438149912
2015-06-10,24.656518936157227,174.59169006347656,0.14122389746724381,-0.5996934704921532
2015-06-11,24.707881927490234,175.154541015625,0.14106332490281323,-0.6101561036715176
2015-06-12,24.566617965698242,173.81370544433594,0.1413387851256973,-0.575659085402281
2015-06-15,24.425363540649414,173.06884765625,0.14113090756323265,-0.5913357478162514
2015-06-16,24.438201904296875,174.01234436035156,0.14043947280940766,-0.6580367550440829
2015-06-17,24.592300415039062,174.293701171875,0.1410968970748291,-0.5825500020033346
2015-06-18,24.8363037109375,176.1062774658203,0.14103020101459965,-0.5836557552354195
2015-06-19,24.707881927490234,175.3245391845703,0.14092654709036126,-0.5888515904727181
2015-06-22,24.990407943725586,176.22274780273438,0.14181147584703488,-0.4869886109754685
2015-06-23,25.003246307373047,176.3474578857422,0.14178399057826496,-0.4837647006125633
2015-06-24,24.88766860961914,175.06671142578125,0.14216105624495126,-0.4359800087040385
2015-06-25,24.87067413330078,174.534423828125,0.1424972425943463,-0.39233008771410927
2015-06-26,24.71375846862793,174.50115966796875,0.14162518183633802,-0.48335945797953844
2015-06-29,23.99457359313965,170.84182739257812,0.14044905723235107,-0.60969346465622
2015-06-30,23.863813400268555,171.19943237304688,0.13939189557748558,-0.7239688277650481
2015-07-01,23.916118621826172,172.57171630859375,0.1385865490209255,-0.8108730716231258
2015-07-02,24.033802032470703,172.4136505126953,0.13939616707263572,-0.7125428850971378
2015-07-06,23.66767120361328,171.92294311523438,0.13766441392147183,-0.9097376955368262
2015-07-07,23.47153091430664,173.00416564941406,0.1356703223081388,-1.1398092194302918
2015-07-08,23.053098678588867,170.10162353515625,0.13552544766760735,-1.1519871635044696
2015-07-09,23.393077850341797,170.40931701660156,0.13727581484328585,-0.9379981582901573
2015-07-10,24.086109161376953,172.5550537109375,0.1395850694800615,-0.6545840985677566
2015-07-13,24.22994613647461,174.4595947265625,0.13888571834900323,-0.7339547748010687
2015-07-14,24.51761817932129,175.21641540527344,0.13992763248016651,-0.6007456366296428
2015-07-15,24.465312957763672,175.15821838378906,0.139675506998808,-0.6263124530336849
2015-07-16,24.609146118164062,176.563720703125,0.13937827102965272,-0.6581679812482356
2015-07-17,24.556842803955078,176.71339416503906,0.13896424161838322,-0.7053480595653975
2015-07-20,24.569921493530273,176.80487060546875,0.13896631585651747,-0.7000139673195104
2015-07-21,24.413002014160156,176.1062469482422,0.1386265532155436,-0.7386940402096641
2015-07-22,24.216859817504883,175.7902374267578,0.137759981282207,-0.8467427868123877
2015-07-23,23.90304183959961,174.8004913330078,0.13674470624949533,-0.9757931935474766
2015-07-24,23.576143264770508,172.9875030517578,0.13628812977152768,-1.032274195340273
2015-07-27,23.47153091430664,171.98117065429688,0.13647732961120077,-1.0037468622885726
2015-07-28,23.850736618041992,174.09365844726562,0.13699945667616936,-0.9299543754772299
2015-07-29,24.033802032470703,175.29122924804688,0.1371078412512102,-0.9121937089803419
2015-07-30,24.177637100219727,175.3328094482422,0.13789568065614613,-0.7996385393456237
2015-07-31,24.24302101135254,175.06671142578125,0.13847875940498408,-0.7142743363883234
2015-08-03,24.099184036254883,174.4761962890625,0.13812304800781355,-0.7610462234989275
2015-08-04,24.203792572021484,174.13519287109375,0.13899426171674967,-0.6313652445955065
2015-08-05,24.373777389526367,174.70907592773438,0.1395106536972824,-0.5511509999006279
2015-08-06,24.308399200439453,173.2786407470703,0.14028502933562192,-0.4303628256075206
2015-08-07,24.24302101135254,172.94590759277344,0.1401768989436645,-0.44049565663385015
2015-08-10,24.42608070373535,175.12493896484375,0.13947802550634364,-0.5415928843485306
2015-08-11,24.13840675354004,173.54481506347656,0.13909033666440027,-0.5965589379618569
2015-08-12,24.046875,173.75262451171875,0.13839719007167087,-0.7014876693472442
2015-08-13,23.929195404052734,173.53639221191406,0.13789151139451825,-0.7782812137868113
2015-08-14,24.033802032470703,174.1685028076172,0.1379916669492068,-0.7587156904168987
2015-08-17,23.88996696472168,175.1415252685547,0.13640378504235248,-1.016850573739264
2015-08-18,23.824586868286133,174.63421630859375,0.13642565226843076,-1.012774280545655
2015-08-19,23.44538116455078,173.253662109375,0.13532401496800522,-1.197376535847917
2015-08-20,23.10540199279785,169.6359100341797,0.13620584219545484,-1.0454382455602815
2015-08-21,22.46468162536621,164.52943420410156,0.13653898303387096,-0.9855998154105059
2015-08-24,21.6278076171875,157.6015625,0.13723092128092004,-0.8621142328361694
2015-08-25,21.706266403198242,155.74700927734375,0.13936875259379902,-0.4786829098766307
2015-08-26,21.967782974243164,161.72665405273438,0.1358327920831164,-1.1128786257015741
2015-08-27,22.32084083557129,165.72703552246094,0.13468436676734105,-1.3241539805536733
2015-08-28,22.425447463989258,165.7353973388672,0.13530873804910587,-1.2103404044589827
2015-08-31,22.307762145996094,164.39633178710938,0.1356950115826446,-1.1396651211147262
2015-09-01,21.47089195251465,159.4895477294922,0.13462256466443245,-1.3459264172898466
2015-09-02,21.876249313354492,162.5167694091797,0.1346091815194477,-1.3542011134519794
2015-09-03,21.889328002929688,162.6332244873047,0.1345932116388579,-1.361200120760108
2015-09-04,21.379365921020508,160.17147827148438,0.13347798341964054,-1.58649114921396
2015-09-08,22.137773513793945,164.19671630859375,0.13482470302382835,-1.3100782406137776
2015-09-09,22.03316307067871,162.0011749267578,0.1360061930454523,-1.0669722548618608
2015-09-10,22.229305267333984,162.88272094726562,0.13647429965595229,-0.9698821342617737
2015-09-11,22.163925170898438,163.62289428710938,0.1354573592373165,-1.1829858226034073
2015-09-14,21.915483474731445,163.01576232910156,0.134437818537374,-1.4030685208957703
2015-09-15,22.08547019958496,165.05340576171875,0.13380802472788053,-1.5448763600119593
2015-09-16,22.59543228149414,166.48379516601562,0.1357215112675816,-1.1269555052091182
2015-09-17,22.46468162536621,166.10963439941406,0.1352400883102868,-1.2362960064999455
2015-09-18,22.0723934173584,163.3951416015625,0.13508598359173812,-1.2757960263586607
2015-09-21,22.08547019958496,164.23948669433594,0.13447113507294353,-1.425007156359436
2015-09-22,21.392436981201172,162.1077117919922,0.13196433867779706,-2.0259392108133234
2015-09-23,21.392436981201172,161.8485565185547,0.13217564272035193,-1.9786818693080352
2015-09-24,21.405517578125,161.26333618164062,0.13273641786757204,-1.8469804853098595
2015-09-25,21.523197174072266,161.22157287597656,0.13350072691965043,-1.6663111792152105
2015-09-28,20.960927963256836,157.17526245117188,0.13336022244447382,-1.7040960830923164
2015-09-29,20.947851181030273,157.2672576904297,0.13319906183056074,-1.7472189169971346
2015-09-30,21.431665420532227,160.20166015625,0.13377929666664634,-1.599274246713607
2015-10-01,21.5101261138916,160.6195831298828,0.13391969830041045,-1.564959322056409
2015-10-02,22.08547019958496,163.01890563964844,0.1354779687234845,-1.1547993100603124
2015-10-05,22.438520431518555,165.9197998046875,0.13523714745275767,-1.2123434911257855
2015-10-06,22.477750778198242,165.35134887695312,0.13593932514530105,-1.0235431082848243
2015-10-07,22.856956481933594,166.7056427001953,0.13710967494387527,-0.704756877128498
2015-10-08,23.10540199279785,168.21046447753906,0.13736007485957027,-0.6323329795428798
2015-10-09,22.987714767456055,168.31080627441406,0.13657895934487335,-0.8438005558782714
2015-10-12,22.896183013916016,168.46966552734375,0.13590685861603857,-1.0274146215497564
2015-10-13,22.490825653076172,167.40785217285156,0.13434749542007143,-1.4710856179380565
2015-10-14,22.68697166442871,166.60536193847656,0.1361719178810492,-0.9496823884069433
2015-10-15,23.118480682373047,169.16351318359375,0.13666351713375968,-0.8040774195105607
2015-10-16,23.066171646118164,169.93258666992188,0.13573718907087573,-1.076565391045706
2015-10-19,22.987714767456055,170.0161895751953,0.13520897524461323,-1.2383792987625324
2015-10-20,22.935413360595703,169.79885864257812,0.13507401371215405,-1.2794187822620984
2015-10-21,22.791580200195312,168.74546813964844,0.135064843230834,-1.2808361970825988
2015-10-22,23.013872146606445,171.59620666503906,0.1341164387831149,-1.5735618485064458
2015-10-23,23.14463233947754,173.4772186279297,0.13341597543777586,-1.7863948785404957
2015-10-26,23.04001808166504,173.05088806152344,0.13314013201408015,-1.8639847205162512
2015-10-27,22.804656982421875,172.7164306640625,0.13203524930860497,-2.197526891474004
2015-10-28,23.04001808166504,174.68106079101562,0.13189763090132353,-2.2224041017357274
2015-10-29,22.896183013916016,174.5807342529297,0.13114954013622376,-2.4328099521741504
2015-10-30,22.8438777923584,173.82835388183594,0.13141629246450254,-2.322905589536042
2015-11-02,23.066171646118164,175.88490295410156,0.1311435561478375,-2.3817095231145937
2015-11-03,23.066171646118164,176.39480590820312,0.13076446059370894,-2.4634159736304504
2015-11-04,23.079248428344727,175.8597869873047,0.13123664496426812,-2.287578043908504
2015-11-05,22.700042724609375,175.6842498779297,0.12920932149798287,-2.8624369546051756
2015-11-06,22.45159912109375,175.59228515625,0.12786210454015845,-3.198399006523844
2015-11-09,22.2816104888916,173.95372009277344,0.12808930143608493,-3.065841174331087
2015-11-10,22.242389678955078,174.35501098632812,0.12756954648524094,-3.1498686735953783
2015-11-11,22.36006736755371,173.6695098876953,0.12875067927590178,-2.7613903987329174
2015-11-12,21.90239906311035,171.2451171875,0.12790086761498104,-2.9469993280994626
2015-11-13,21.73241424560547,169.32232666015625,0.12834937172357783,-2.7692360731650987
2015-11-16,22.163925170898438,171.8971710205078,0.12893711420215415,-2.5624201194629337
2015-11-17,22.255456924438477,171.77178955078125,0.12956409770568902,-2.3550700135582807
2015-11-18,22.5039005279541,174.49713134765625,0.12896430075471474,-2.4822191675634517
2015-11-19,22.68697166442871,174.3466339111328,0.13012566492102517,-2.139283297524359
2015-11-20,22.46468162536621,174.9820098876953,0.12838280712276767,-2.569664083602876
2015-11-23,22.2816104888916,174.78135681152344,0.12748276415384002,-2.760743656564088
2015-11-24,22.2946834564209,175.01547241210938,0.12738692841924026,-2.7371166585014417
2015-11-25,22.45159912109375,174.9903564453125,0.12830192232970428,-2.459822424027847
2015-11-27,22.46468162536621,175.19100952148438,0.1282296488086124,-2.4434061718619926
2015-11-30,22.46468162536621,174.46371459960938,0.1287642056511418,-2.2728173107527123
2015-12-01,22.68697166442871,176.12733459472656,0.12881005504700338,-2.230998888771597
2015-12-02,22.36006736755371,174.3299560546875,0.12826290944821517,-2.3360756557811286
2015-12-03,22.08547019958496,171.88880920410156,0.12848695794593917,-2.2485227184115963
2015-12-04,22.242389678955078,175.24118041992188,0.12692444564489194,-2.592333982861757
2015-12-07,21.99393653869629,174.17947387695312,0.1262716900513411,-2.702487241393833
2015-12-08,21.588577270507812,173.00900268554688,0.1247829704547006,-2.997390414872627
2015-12-09,21.614734649658203,171.6631317138672,0.12591366843805596,-2.676595623630688
2015-12-10,21.549352645874023,172.10617065429688,0.12520964567365447,-2.7864046329160157
2015-12-11,21.15707015991211,168.7705841064453,0.12535993918565888,-2.6998479079536883
2015-12-14,21.091686248779297,169.62327575683594,0.12434429269610003,-2.8730875027105953
2015-12-15,21.196292877197266,171.40396118164062,0.12366279478649317,-2.9635801250266005
2015-12-16,21.549352645874023,173.91188049316406,0.12390960631767226,-2.849415494324928
2015-12-17,21.261674880981445,171.26181030273438,0.12414720388274432,-2.7439070790916293
2015-12-18,20.9740047454834,168.2107696533203,0.12468883406639471,-2.5820093910734188
2015-12-21,21.115398406982422,169.598388671875,0.12450235271889733,-2.5754059494716177
2015-12-22,21.262121200561523,171.13735961914062,0.12424009139722342,-2.583712040882497
2015-12-23,21.82235336303711,173.25660705566406,0.12595394619511394,-2.200817722542886
2015-12-24,21.862369537353516,172.970703125,0.1263934824937049,-2.0838961967934626
2015-12-28,21.755661010742188,172.575439453125,0.12606464210483131,-2.1217770602416923
2015-12-29,21.889047622680664,174.4171905517578,0.12549822384729417,-2.204803313649037
2015-12-30,21.742319107055664,173.18096923828125,0.12554681500332876,-2.166297632927551
2015-12-31,21.52889633178711,171.44850158691406,0.12557062985396378,-2.1332635018826163
2016-01-04,21.182090759277344,169.05178833007812,0.1252994184120593,-2.15792254278758
2016-01-05,21.12873649597168,169.33766174316406,0.12477281355176513,-2.2300579586868197
2016-01-06,20.741905212402344,167.20166015625,0.12405322526713566,-2.334600801606348
2016-01-07,20.1683349609375,163.19015502929688,0.12358793921923023,-2.388335528320763
2016-01-08,20.034950256347656,161.39891052246094,0.12413311955757911,-2.2571856400322488
2016-01-11,20.08830451965332,161.55868530273438,0.12434060404744657,-2.1909249832531614
2016-01-12,20.10164451599121,162.86221313476562,0.1234273078394032,-2.324782999438563
2016-01-13,19.768173217773438,158.80030822753906,0.12448447637424202,-2.10647681518791
2016-01-14,20.141660690307617,161.40740966796875,0.12478770789854714,-2.027969134592716
2016-01-15,19.341327667236328,157.94253540039062,0.12245800422416477,-2.4043293406828825
2016-01-19,19.421361923217773,158.1527862548828,0.1228012631526949,-2.3088971087234675
2016-01-20,19.007856369018555,156.12603759765625,0.1217468697822374,-2.451821022136136
2016-01-21,19.274635314941406,157.00064086914062,0.12276787666750184,-2.243321999742424
2016-01-22,19.84820556640625,160.2216033935547,0.12387970876594469,-2.0278202395412452
2016-01-25,19.48805809020996,157.799560546875,0.12349881091348765,-2.065155003910379
2016-01-26,19.95491600036621,159.9524383544922,0.1247553098011637,-1.833652574257641
2016-01-27,19.79485321044922,158.2116241455078,0.12511630114007186,-1.755238888280128
2016-01-28,20.04828643798828,159.03582763671875,0.12606144625338161,-1.5833026727638628
2016-01-29,20.488466262817383,162.9126739501953,0.12576348890498842,-1.6169811247882349
2016-02-01,20.515146255493164,162.85385131835938,0.12597274236633532,-1.5673631451330077
2016-02-02,19.901561737060547,159.91883850097656,0.12444788821386428,-1.7985281046060408
2016-02-03,20.181676864624023,160.87754821777344,0.12544744178538142,-1.61928337675862
2016-02-04,20.235034942626953,161.1298370361328,0.1255821722086724,-1.5820618167325944
2016-02-05,19.914897918701172,158.06031799316406,0.12599555771843043,-1.5011792756134616
2016-02-08,19.394683837890625,155.9326171875,0.1243786206356662,-1.7451883512206956
2016-02-09,19.20794105529785,155.94102478027344,0.12317439289861368,-1.9175123287255393
2016-02-10,19.194599151611328,155.80645751953125,0.12319514516402616,-1.8921310426913602
2016-02-11,18.941164016723633,153.77975463867188,0.12317072595953012,-1.8742413460023808
2016-02-12,19.528074264526367,156.9502410888672,0.12442207242911674,-1.6587924594466446
2016-02-16,19.808189392089844,159.59925842285156,0.12411203903973585,-1.6904369466378852
2016-02-17,20.261707305908203,162.2062530517578,0.1249132319174093,-1.5494570632315519
2016-02-18,20.154998779296875,161.54190063476562,0.12476638383044562,-1.5577052430151987
2016-02-19,20.128324508666992,161.46617126464844,0.12465970023947615,-1.5595674777813715
2016-02-22,20.141660690307617,163.8040771484375,0.12296190083263593,-1.8047881004146389
2016-02-23,19.661460876464844,161.7353057861328,0.12156567040757169,-1.9971588234663822
2016-02-24,19.55475425720215,162.47535705566406,0.12035520100751457,-2.1553807484989784
2016-02-25,19.901561737060547,164.44329833984375,0.12102385404561362,-2.028322305872337
2016-02-26,19.888225555419922,164.0647735595703,0.1212217901742247,-1.974733695591233
2016-02-29,19.84820556640625,162.77813720703125,0.12193409942492511,-1.846809628576973
2016-03-01,20.355083465576172,166.60452270507812,0.12217605581817585,-1.7911277747007786
2016-03-02,20.461793899536133,167.35302734375,0.12226724681536096,-1.75864008223969
2016-03-03,20.635202407836914,168.0089569091797,0.12282203751191462,-1.6590479444006976
2016-03-04,20.768585205078125,168.55557250976562,0.1232150613345925,-1.5853712956865167
2016-03-07,20.83527946472168,168.6901092529297,0.1235121582231107,-1.5268534840951908
2016-03-08,20.555164337158203,166.84840393066406,0.12319664949087651,-1.5584104393034224
2016-03-09,20.66187286376953,167.672607421875,0.12322747991735429,-1.5391017740882913
2016-03-10,20.501806259155273,167.80718994140625,0.12217477848424702,-1.6759950939602428
2016-03-11,20.928651809692383,170.51502990722656,0.12273787138341527,-1.5786686877088416
2016-03-14,20.848621368408203,170.29638671875,0.12242550631940521,-1.6083226598302252
2016-03-15,20.595178604125977,170.0188751220703,0.12113465983902688,-1.7755123879674106
2016-03-16,20.848621368408203,171.00282287597656,0.12191974973143636,-1.6463794764500126
2016-03-17,21.275463104248047,172.087646484375,0.12363155368145377,-1.3897659959938564
2016-03-18,21.195430755615234,172.763916015625,0.12268436166785135,-1.5103102599083729
2016-03-21,21.07537841796875,173.0089874267578,0.12181666820569578,-1.6171050920729904
2016-03-22,20.821941375732422,172.91604614257812,0.12041647863358884,-1.7950155546725992
2016-03-23,20.595178604125977,171.77490234375,0.11989631967836382,-1.8470524274696387
2016-03-24,20.528488159179688,171.69883728027344,0.11956102023958327,-1.872856349571524
2016-03-28,20.67521095275879,171.80023193359375,0.12034448801413968,-1.74541723627971
2016-03-29,20.915311813354492,173.38946533203125,0.12062619706048937,-1.6889126210033687
2016-03-30,21.088722229003906,174.15020751953125,0.12109501636188845,-1.608408164988327
2016-03-31,20.915311813354492,173.72755432128906,0.12039144794886157,-1.6873268887194195
2016-04-01,20.715227127075195,174.91098022460938,0.11843297144909964,-1.930720574411769
2016-04-04,20.781925201416016,174.34458923339844,0.11920028773359209,-1.8067052507047447
2016-04-05,20.368419647216797,172.60336303710938,0.11800708450181024,-1.9435129742725858
2016-04-06,20.66187286376953,174.48831176757812,0.11841407974243888,-1.8676301864364
2016-04-07,20.355083465576172,172.400390625,0.11806866209399676,-1.8915238927640243
2016-04-08,20.715227127075195,172.86532592773438,0.11983448395969883,-1.641863235269699
2016-04-11,20.821941375732422,172.45962524414062,0.12073516538294725,-1.509256698513917
2016-04-12,21.155410766601562,174.06568908691406,0.12153693744916204,-1.3918824308720605
2016-04-13,21.422191619873047,175.82394409179688,0.12183887541897376,-1.3408691305045524
2016-04-14,21.3955135345459,175.83236694335938,0.12168131446150642,-1.3497679098843018
2016-04-15,21.32881736755371,175.6379852294922,0.1214362447831831,-1.3699163885408179
2016-04-18,21.515560150146484,176.8721160888672,0.12164472629103538,-1.3316649454055354
2016-04-19,21.902387619018555,177.43006896972656,0.12344236659658617,-1.089685704746871
2016-04-20,21.835695266723633,177.59909057617188,0.12294936418809166,-1.1444701023270507
2016-04-21,21.675628662109375,176.6438446044922,0.12270808932313143,-1.1663755352921532
2016-04-22,21.70230484008789,176.6438446044922,0.12285910606553897,-1.1377984655125741
2016-04-25,21.622268676757812,176.33953857421875,0.12261724654370304,-1.1601396488656592
2016-04-26,21.80902099609375,176.60159301757812,0.12349277616042217,-1.03877075760315
2016-04-27,21.862369537353516,176.96514892578125,0.12354053704960032,-1.0249638093102913
2016-04-28,21.78234100341797,175.3590087890625,0.12421569415700631,-0.9299307240610387
2016-04-29,21.755661010742188,174.41229248046875,0.12473697066494585,-0.8550595119976704
2016-05-02,21.875709533691406,175.79856872558594,0.12443622091052661,-0.887431856533764
2016-05-03,21.408851623535156,174.26858520507812,0.12284974712075249,-1.0875961002402956
2016-05-04,21.07537841796875,173.2964630126953,0.12161459069378014,-1.2403133206033539
2016-05-05,21.062042236328125,173.26263427734375,0.12156136448101003,-1.2379809535764474
2016-05-06,21.115398406982422,173.89663696289062,0.1214249957662403,-1.246204673055183
2016-05-09,20.968669891357422,174.04031372070312,0.12048168291059036,-1.3613976014906901
2016-05-10,21.155410766601562,176.20433044433594,0.12006180956650603,-1.4087715721802987
2016-05-11,21.1020565032959,174.55593872070312,0.12088993739170387,-1.2912419505146644
2016-05-12,21.062042236328125,174.60667419433594,0.12062564236740589,-1.3192399278009395
2016-05-13,20.86195945739746,173.08509826660156,0.12053007258466558,-1.3248506253666357
2016-05-16,21.142074584960938,174.79263305664062,0.12095518109227155,-1.2606030733001359
2016-05-17,21.115398406982422,173.1611785888672,0.12194071776975053,-1.1204904398123579
2016-05-18,21.342153549194336,173.21192932128906,0.12321410905600497,-0.9412067365467951
2016-05-19,21.182090759277344,172.61172485351562,0.12271524878888274,-1.002520440902957
2016-05-20,21.275463104248047,173.7021942138672,0.12248240847235976,-1.0283571911937213
2016-05-23,21.208770751953125,173.46548461914062,0.12226507652815732,-1.0516461526345537
2016-05-24,21.768997192382812,175.71400451660156,0.12388880016860616,-0.8210989946649765
2016-05-25,22.03577423095703,176.90589904785156,0.12456212228963907,-0.7214892865439342
2016-05-26,21.969083786010742,176.95664978027344,0.12414952370136804,-0.7728469193005202
2016-05-27,21.889047622680664,177.71743774414062,0.12316769755703025,-0.9039827497406591
2016-05-31,21.502220153808594,177.37928771972656,0.1212217076200228,-1.1694788010450947
2016-06-01,21.382173538208008,177.74278259277344,0.12029840664302367,-1.2906543382075593
2016-06-02,21.47554588317871,178.28375244140625,0.12045711170588438,-1.2592967745478232
2016-06-03,21.70230484008789,177.75123596191406,0.12209369303478679,-1.0201652554817189
2016-06-06,21.68896484375,178.65565490722656,0.12140094224844314,-1.1103200035914402
2016-06-07,21.80902099609375,178.93466186523438,0.12188259540523978,-1.0342890568390346
2016-06-08,21.862369537353516,179.5178985595703,0.12178378709184152,-1.0406442596323318
2016-06-09,21.63561248779297,179.2727813720703,0.12068542877621508,-1.1898975179615927
2016-06-10,20.848621368408203,177.57373046875,0.11740825241083287,-1.647516731912537
2016-06-13,20.581844329833984,176.20433044433594,0.11680668845046302,-1.720704691523415
2016-06-14,20.10164451599121,175.8577423095703,0.11430628104280663,-2.059875543245991
2016-06-15,20.22169303894043,175.61257934570312,0.11514945634465572,-1.92135572507546
2016-06-16,20.368419647216797,176.13674926757812,0.11563980675193519,-1.8361465182804653
2016-06-17,20.808605194091797,175.48068237304688,0.11858060336154651,-1.4064362959655887
2016-06-20,21.64894676208496,176.61077880859375,0.12257998582038719,-0.8269325901260208
2016-06-21,21.862369537353516,177.11215209960938,0.12343799834275591,-0.6974186814817863
2016-06-22,22.0236873626709,176.8232421875,0.12455199378890135,-0.5297273522520582
2016-06-23,22.625202178955078,179.12591552734375,0.12630892694865986,-0.26605322081852684
2016-06-24,19.91838264465332,172.6936798095703,0.1153393839694502,-1.869841025269938
2016-06-27,19.125473022460938,169.60081481933594,0.11276757746024973,-2.2283467291443286
2016-06-28,19.94571876525879,172.65969848632812,0.11552040771597993,-1.8087579812544963
2016-06-29,20.465213775634766,175.59962463378906,0.11654474671181517,-1.645153005408655
2016-06-30,21.012048721313477,177.99581909179688,0.11804799027597969,-1.4131513419177826
2016-07-01,21.012048721313477,178.36972045898438,0.11780053625270517,-1.4397824019380066
2016-07-05,20.5198974609375,177.08663940429688,0.11587490467922675,-1.7094331332554866
2016-07-06,20.342172622680664,178.1488037109375,0.11418641157808544,-1.9372694162695732
2016-07-07,20.232810974121094,178.03829956054688,0.1136430252595193,-1.9941312659143189
2016-07-08,20.465213775634766,180.6893768310547,0.11326185376559146,-2.027821328619915
2016-07-11,20.752300262451172,181.32667541503906,0.1144470344197906,-1.8401853060190474
2016-07-12,21.14875602722168,182.64373779296875,0.1157923960754369,-1.6318667348064793
2016-07-13,21.107746124267578,182.6182098388672,0.11558401619910717,-1.6509235560513011
2016-07-14,21.285463333129883,183.6378936767578,0.1159099731921173,-1.592619628700631
2016-07-15,21.14875602722168,183.3914337158203,0.11532030476403476,-1.6669376446200486
2016-07-18,21.271793365478516,183.88429260253906,0.11568031757588411,-1.6028110516924785
2016-07-19,21.039390563964844,183.69737243652344,0.11453288789547057,-1.7575173923320628
2016-07-20,21.217111587524414,184.4620361328125,0.11502156233517943,-1.6733052543789912
2016-07-21,21.16242218017578,183.76535034179688,0.11516002413302859,-1.6400830456483666
2016-07-22,21.121414184570312,184.5895233154297,0.11442368887034658,-1.732845649330837
2016-07-25,21.14875602722168,184.08819580078125,0.11488382476249967,-1.6510730489787968
2016-07-26,21.176097869873047,184.17311096191406,0.11497931353427668,-1.6234418168325184
2016-07-27,21.312807083129883,183.977783203125,0.11584446073903922,-1.4855987056285613
2016-07-28,21.244449615478516,184.190185546875,0.11533974816520268,-1.5476620608673635
2016-07-29,21.326473236083984,184.487548828125,0.11559844212550337,-1.4993372937589395
2016-08-01,21.09407615661621,184.3346405029297,0.11443359804247404,-1.6586600252458379
2016-08-02,21.271793365478516,183.15354919433594,0.11614185725065027,-1.3986225069395042
2016-08-03,21.203441619873047,183.68885803222656,0.11543128879462626,-1.4945398628170325
2016-08-04,21.285463333129883,183.88429260253906,0.11575465762667309,-1.4391745510315777
2016-08-05,21.29913330078125,185.3882293701172,0.11488935070553334,-1.5603976564646007
2016-08-08,21.326473236083984,185.27780151367188,0.11510538802734162,-1.5212696271955208
2016-08-09,21.353818893432617,185.3882293701172,0.1151843294797369,-1.5019662897430686
2016-08-10,21.381160736083984,184.92938232421875,0.11561797518254005,-1.429411085209363
2016-08-11,21.572551727294922,185.78761291503906,0.11611404758809232,-1.3470448213082133
2016-08-12,21.531536102294922,185.62615966796875,0.11599408262719318,-1.357632696889085
2016-08-15,21.55887794494629,186.1614532470703,0.11580742183148793,-1.378592485865785
2016-08-16,21.668249130249023,185.2013397216797,0.11699833901208295,-1.1882330414134517
2016-08-17,21.668249130249023,185.5496826171875,0.11677869142440608,-1.2144088353716715
2016-08-18,21.873310089111328,185.966064453125,0.11761990099341356,-1.0769270585923179
2016-08-19,21.695585250854492,185.69415283203125,0.11683504795371305,-1.191120656101925
2016-08-22,21.709257125854492,185.6857147216797,0.11691398640112961,-1.1717789292518577
2016-08-23,21.859638214111328,186.05955505371094,0.11748731855131532,-1.076111521038437
2016-08-24,21.79128646850586,185.10787963867188,0.11772209001065845,-1.035131363317774
2016-08-25,21.722925186157227,184.98037719726562,0.11743367331871964,-1.0741224062300827
2016-08-26,21.586225509643555,184.63198852539062,0.11691487310539914,-1.1490073724950938
2016-08-29,21.668249130249023,185.5412139892578,0.11678402153552547,-1.1625238227782455
2016-08-30,21.599891662597656,185.2353057861328,0.11660785491690363,-1.1836539518715428
2016-08-31,21.55887794494629,184.70852661132812,0.11671836888348655,-1.158162833364661
2016-09-01,21.695585250854492,184.7169647216797,0.11745312772729935,-1.032406208436858
2016-09-02,22.146728515625,185.5496826171875,0.11935740446032725,-0.7172018463356449
2016-09-06,22.18773651123047,186.11048889160156,0.11921808729519551,-0.7336124008857576
2016-09-07,22.051027297973633,186.09349060058594,0.1184943504837681,-0.8459679275755612
2016-09-08,22.0236873626709,185.6686553955078,0.11861823050183921,-0.8199503222010731
2016-09-09,21.613561630249023,181.22467041015625,0.11926390364696036,-0.7073802573704255
2016-09-12,21.750272750854492,183.8247833251953,0.11832067666511084,-0.8593398182959069
2016-09-13,21.258121490478516,181.18218994140625,0.11733008358798028,-1.0195302185871773
2016-09-14,21.285463333129883,181.11427307128906,0.11752504632670023,-0.9798977311813525
2016-09-15,21.517866134643555,182.92408752441406,0.11763276463943909,-0.9562312556129029
2016-09-16,21.18976593017578,182.2169952392578,0.11628863653663489,-1.1800339740625523
2016-09-19,21.353818893432617,182.25119018554688,0.11716696539371102,-1.0232302330319885
2016-09-20,21.367490768432617,182.25967407226562,0.11723652463002017,-1.0051788878274437
2016-09-21,21.599891662597656,184.3092803955078,0.11719372793516757,-1.0052996577978877
2016-09-22,21.79128646850586,185.47067260742188,0.11749181777450378,-0.9462954060115514
2016-09-23,21.599891662597656,184.45449829101562,0.11710146330245251,-1.0078117634882888
2016-09-26,21.381160736083984,182.95997619628906,0.11686250283037397,-1.043360261685676
2016-09-27,21.435842514038086,184.09576416015625,0.11643854279770242,-1.1115465481224225
2016-09-28,21.681917190551758,185.00958251953125,0.11719348206335649,-0.9711216799845134
2016-09-29,21.517866134643555,183.33570861816406,0.11736865827627245,-0.9340251997237218
2016-09-30,21.654571533203125,184.71922302246094,0.11722965904079208,-0.9533407078312613
2016-10-03,21.640905380249023,184.27508544921875,0.11743804284498717,-0.9113020481645853
2016-10-04,21.709257125854492,183.33570861816406,0.11841259561206746,-0.7284339649691012
2016-10-05,21.722925186157227,184.1470184326172,0.11796512032100073,-0.8069362749145107
2016-10-06,21.504201889038086,184.27508544921875,0.1166961981681678,-1.0423097305384323
2016-10-07,21.258121490478516,183.6431427001953,0.11575777444183276,-1.2200735502771929
2016-10-10,21.230775833129883,184.59963989257812,0.11500984425259148,-1.3630554095967489
2016-10-11,20.779644012451172,182.26820373535156,0.11400586381277256,-1.5560727764737472
2016-10-12,20.779644012451172,182.50738525390625,0.1138564556362599,-1.5802800903303147
2016-10-13,20.71129035949707,181.9095916748047,0.11385485596890424,-1.5806425890568983
2016-10-14,20.642934799194336,182.00347900390625,0.11342055059700967,-1.6692863647561433
2016-10-17,20.4925537109375,181.3715362548828,0.11298660271664214,-1.7563710426221544
2016-10-18,20.779644012451172,182.50738525390625,0.1138564556362599,-1.5784175404536311
2016-10-19,20.847991943359375,182.99417114257812,0.11392708201134923,-1.5635990813319625
2016-10-20,20.82065773010254,182.65249633789062,0.11399054569495838,-1.5507936441575645
2016-10-21,20.793315887451172,182.7379150390625,0.11378763888712609,-1.5917823704635712
2016-10-24,20.683948516845703,183.51507568359375,0.112709805664728,-1.816194215342806
2016-10-25,20.656604766845703,182.9001922607422,0.11293921844214184,-1.76223831575503
2016-10-26,20.547239303588867,182.5330047607422,0.11256725505900406,-1.8340445638696095
2016-10-27,20.533565521240234,182.04615783691406,0.11279318259292907,-1.7772727754874307
2016-10-28,20.5198974609375,181.50819396972656,0.11305218245056187,-1.7121636791198576
2016-10-31,20.5062255859375,181.51675415039062,0.11297153082049738,-1.7219925615057963
2016-11-01,20.437870025634766,180.2014923095703,0.1134167634445796,-1.6170228109970786
2016-11-02,20.328508377075195,179.1169891357422,0.11349291027703363,-1.5927088402686165
2016-11-03,20.342172622680664,178.297119140625,0.1140914262705308,-1.4547187582759238
2016-11-04,20.137113571166992,178.1007537841797,0.11306585257673249,-1.6727031706444169
2016-11-07,20.437870025634766,182.02915954589844,0.11227800027545247,-1.8328013807117292
2016-11-08,20.513065338134766,182.8489532470703,0.11218585052776853,-1.8375230924819725
2016-11-09,20.77280616760254,184.7875213623047,0.11241455058469138,-1.7709203924102332
2016-11-10,20.77280616760254,185.2487030029297,0.11213469153019667,-1.8194086004172
2016-11-11,20.5745792388916,184.82168579101562,0.11132123998780101,-1.9821436962925636
2016-11-14,20.478883743286133,184.96690368652344,0.11071647594854674,-2.0965301565691763
2016-11-15,20.588253021240234,186.41012573242188,0.11044600147308076,-2.137070702522085
2016-11-16,20.376354217529297,186.0599822998047,0.10951497450266438,-2.3215117915443684
2016-11-17,20.5062255859375,187.01646423339844,0.10964930638591008,-2.26921198720462
2016-11-18,20.287494659423828,186.5980224609375,0.10872298854973568,-2.4505119806917754
2016-11-21,20.560909271240234,188.00706481933594,0.10936242896509285,-2.285073700320899
2016-11-22,20.62242889404297,188.37432861328125,0.1094757924068269,-2.2348380875235745
2016-11-23,20.61559295654297,188.47682189941406,0.10937999032870502,-2.2304679733183614
2016-11-25,20.70445442199707,189.1770477294922,0.10944485428064592,-2.1945150523426054
2016-11-28,20.4447078704834,188.2888946533203,0.10858159164472461,-2.3556741215354933
2016-11-29,20.540401458740234,188.65609741210938,0.10887748522577992,-2.269459889834794
2016-11-30,20.547239303588867,188.2035369873047,0.10917562779372678,-2.18542224823173
2016-12-01,20.5745792388916,187.51174926757812,0.10972421365197656,-2.049266363156477
2016-12-02,20.745466232299805,187.60568237304688,0.11058015924618009,-1.851543432998985
2016-12-05,20.895849227905273,188.7329864501953,0.11071646573779763,-1.8065793070125045
2016-12-06,20.964197158813477,189.33079528808594,0.1107278777703032,-1.787910071609103
2016-12-07,21.251283645629883,191.80734252929688,0.11079494332905393,-1.7560149713505877
2016-12-08,21.21027183532715,192.27706909179688,0.11031097954380065,-1.8421543272993575
2016-12-09,21.312807083129883,193.4385528564453,0.11017869379402642,-1.8516451364347308
2016-12-12,21.223947525024414,193.21641540527344,0.10984546773889249,-1.90305098272032
2016-12-13,21.422168731689453,194.5059814453125,0.1101362979817283,-1.8221239796583053
2016-12-14,21.176097869873047,192.90045166015625,0.10977733689903531,-1.8772131606615563
2016-12-15,21.141916275024414,193.69468688964844,0.10915072898757087,-1.9859218454556755
2016-12-16,21.217111587524414,193.3158721923828,0.10975359315767776,-1.839988853263884
2016-12-19,21.087236404418945,193.7367706298828,0.10884478117323566,-2.0067889655121376
2016-12-20,21.121414184570312,194.48414611816406,0.10860224139677396,-2.0334008574029787
2016-12-21,21.11586570739746,193.9429473876953,0.10887668766416383,-1.9546492814909349
2016-12-22,21.03963851928711,193.60797119140625,0.10867134441735736,-1.9768173014344885
2016-12-23,21.074291229248047,193.89138793945312,0.10869121859001267,-1.9540794624630595
2016-12-27,21.095077514648438,194.37246704101562,0.10852914425476241,-1.9677573628845568
2016-12-28,21.011917114257812,192.76608276367188,0.1090021481632642,-1.853389999264354
2016-12-29,21.129730224609375,192.7231903076172,0.10963771506108284,-1.7090184902268968
2016-12-30,21.26833152770996,192.01873779296875,0.11076175050500074,-1.4691420610610693
2017-01-03,21.35149574279785,193.48764038085938,0.11035069579002439,-1.540158637075008
2017-01-04,21.559398651123047,194.63876342773438,0.11076621260557708,-1.4439664366539542
2017-01-05,21.704925537109375,194.48414611816406,0.11160254432215758,-1.263930025988229
2017-01-06,21.566320419311523,195.1799774169922,0.11049453281386629,-1.4761152687683625
2017-01-09,21.393075942993164,194.5356903076172,0.10996992844431026,-1.5686219680229398
2017-01-10,21.462371826171875,194.5356903076172,0.1103261401146168,-1.4840096366280915
2017-01-11,21.621767044067383,195.08546447753906,0.11083228113367093,-1.3700443243362967
2017-01-12,21.663349151611328,194.59584045410156,0.11132483151262919,-1.2607786130707122
2017-01-13,21.711849212646484,195.04249572753906,0.11131855717728532,-1.2526746319957054
2017-01-17,21.73957633972168,194.3552703857422,0.11185483314434722,-1.134894345537797
2017-01-18,21.642559051513672,194.7848358154297,0.11111008185473582,-1.2750864210477186
2017-01-19,21.58018684387207,194.06321716308594,0.11120184009799557,-1.2460989013721937
2017-01-20,21.60097312927246,194.77627563476562,0.11090145891164634,-1.2959583902216614
2017-01-23,21.795015335083008,194.26939392089844,0.11218965013067053,-1.028172993131275
2017-01-24,21.795015335083008,195.5150146484375,0.11147489298596018,-1.1634421891369393
2017-01-25,22.016775131225586,197.2072296142578,0.11164283973914617,-1.121364651352448
2017-01-26,21.91975212097168,197.00111389160156,0.11126714812908553,-1.1891207584019643
2017-01-27,21.885107040405273,196.69186401367188,0.11126594966268691,-1.1819564468275334
2017-01-30,21.663349151611328,195.4720458984375,0.1108258168171375,-1.2635011056926169
2017-01-31,21.795015335083008,195.45489501953125,0.11150918135309476,-1.1168295873773941
2017-02-01,21.898963928222656,195.5321502685547,0.11199674272566126,-1.009337769316576
2017-02-02,21.808876037597656,195.66104125976562,0.11146253693214031,-1.1120415348650987
2017-02-03,21.829666137695312,197.0097198486328,0.1108050209627604,-1.2400849628017008
2017-02-06,21.73957633972168,196.65748596191406,0.11054537910614755,-1.2863750307824253
2017-02-07,21.829666137695312,196.6660919189453,0.11099862678255829,-1.1836782666711405
2017-02-08,21.892032623291016,196.92381286621094,0.11117006269914322,-1.1392127836950898
2017-02-09,21.99598503112793,198.09205627441406,0.11103920795621007,-1.1577364093742284
2017-02-10,22.058353424072266,198.87380981445312,0.11091633154034936,-1.174497170365793
2017-02-13,22.176170349121094,199.95614624023438,0.11090516978896893,-1.1688186986134521
2017-02-14,22.120725631713867,200.7550048828125,0.11018766702541978,-1.310086409922555
2017-02-15,22.176170349121094,201.8030548095703,0.1098901618216208,-1.3637696563345738
2017-02-16,22.203886032104492,201.63125610351562,0.11012125035170749,-1.3065766084510377
2017-02-17,22.14151382446289,201.94911193847656,0.10963907497255182,-1.3992221442435318
2017-02-21,22.196956634521484,203.15171813964844,0.109262953017523,-1.467054595931349
2017-02-22,22.2108211517334,202.9713592529297,0.10942835104166455,-1.4197524070353853
2017-02-23,22.34941864013672,203.1088104248047,0.1100366773523641,-1.280202853272289
2017-02-24,22.162307739257812,203.36648559570312,0.10897718802751477,-1.4904818194253378
2017-02-27,22.162307739257812,203.68435668945312,0.10880711753945603,-1.5125875396047694
2017-02-28,22.113800048828125,203.1345977783203,0.10886279486944314,-1.488000291087254
2017-03-01,22.217750549316406,205.97796630859375,0.10786469517826987,-1.6818776282348165
2017-03-02,22.169239044189453,204.68081665039062,0.10831126925810584,-1.5744960390660396
2017-03-03,22.196956634521484,204.8096160888672,0.10837848856125092,-1.547630716265804
2017-03-06,22.051427841186523,204.1997833251953,0.1079894771781851,-1.6157207425373268
2017-03-07,21.898963928222656,203.58987426757812,0.1075641114618542,-1.690714040818823
2017-03-08,21.795015335083008,203.2119140625,0.1072526452773813,-1.7406521241149657
2017-03-09,21.829666137695312,203.46963500976562,0.1072870953773893,-1.7188176236710855
2017-03-10,21.9405460357666,204.1825714111328,0.10745552808024984,-1.6685987455601616
2017-03-13,22.169239044189453,204.28564453125,0.10852078762097343,-1.4357359966431755
2017-03-14,21.975194931030273,203.50396728515625,0.10798411069911934,-1.5348913944405411
2017-03-15,22.32169532775879,205.26495361328125,0.10874576947905494,-1.364940577326588
2017-03-16,22.536531448364258,204.8612060546875,0.1100087804928189,-1.0939080702310644
2017-03-17,22.63355255126953,204.50144958496094,0.11067673406327778,-0.9481431410639459
2017-03-20,22.564252853393555,204.27713012695312,0.11045902612480622,-0.9864622934361902
2017-03-21,22.536531448364258,201.65426635742188,0.11175826753111887,-0.7075225916162655
2017-03-22,22.522668838500977,202.12884521484375,0.11142728695927352,-0.7706713630366039
2017-03-23,22.55731773376465,201.9131622314453,0.11171791617976871,-0.7033435332288089
2017-03-24,22.501880645751953,201.7664337158203,0.11152440091915845,-0.7379700407666884
2017-03-27,22.543458938598633,201.55941772460938,0.11184522754178503,-0.6642194307408642
2017-03-28,22.522668838500977,203.02613830566406,0.11093482359691138,-0.8497827529554157
2017-03-29,22.550392150878906,203.21591186523438,0.11096764984541925,-0.8359927448004758
2017-03-30,22.550392150878906,203.8629913330078,0.11061542854555247,-0.9034664470170203
2017-03-31,22.55731773376465,203.38845825195312,0.1109075604763233,-0.8348682548952493
2017-04-03,22.418720245361328,203.0347900390625,0.11041812214078248,-0.9313787219325353
2017-04-04,22.453372955322266,203.16415405273438,0.11051837889421255,-0.9031403431565962
2017-04-05,22.384069442749023,202.56021118164062,0.11050575684222944,-0.8987784059308166
2017-04-06,22.39099884033203,203.12969970703125,0.11023005928047938,-0.949884643905604
2017-04-07,22.384069442749023,202.92259216308594,0.11030841467252336,-0.9258647819573365
2017-04-10,22.42565155029297,203.04335021972656,0.11044760405117772,-0.8892282979159625
2017-04-11,22.68899154663086,202.80184936523438,0.11187763631173452,-0.5794120319700701
2017-04-12,22.619691848754883,201.9131622314453,0.11202683172693219,-0.5415740539612758
2017-04-13,22.467227935791016,200.60177612304688,0.11199914761477421,-0.5414849516759654
2017-04-17,22.640480041503906,202.37908935546875,0.11187163710247275,-0.5628783861342285
2017-04-18,22.550392150878906,201.77508544921875,0.11176004262703793,-0.580889616652195
2017-04-19,22.377138137817383,201.4041290283203,0.1111056572959874,-0.7168282529062396
2017-04-20,22.453372955322266,203.04335021972656,0.11058413354105906,-0.824541218519082
2017-04-21,22.43257713317871,202.3963623046875,0.11083488298771253,-0.7634704873478586
2017-04-24,22.86917495727539,204.6222686767578,0.11176288438772942,-0.5526505475708968
2017-04-25,22.97312355041504,205.8128204345703,0.11162144079220952,-0.577990600870984
2017-04-26,22.93846893310547,205.68338012695312,0.11152320094578011,-0.59405073882423
2017-04-27,23.014705657958984,205.8560333251953,0.11180000549997068,-0.5256297953532915
2017-04-28,22.93846893310547,205.40736389160156,0.11167306029598166,-0.5486436620711709
2017-05-01,22.95926284790039,205.9249725341797,0.11149333937188985,-0.5844829022136487
2017-05-02,23.12558364868164,206.00265502929688,0.11225866795451162,-0.40021392051091104
2017-05-03,22.96619415283203,205.75244140625,0.11162051830765982,-0.5440275156716208
2017-05-04,23.063217163085938,205.99404907226562,0.11196059918699416,-0.45730621696086843
2017-05-05,23.361209869384766,206.80496215820312,0.11296252094528439,-0.21190486823566657
2017-05-08,23.264184951782227,206.7705078125,0.11251210435135288,-0.31345380228096
2017-05-09,23.388925552368164,206.58070373535156,0.11321931395069444,-0.13650885373765548
2017-05-10,23.534456253051758,206.95167541503906,0.1137195734504381,-0.009074883204190646
2017-05-11,23.499805450439453,206.52890014648438,0.11378458624324145,0.013727839233095009
2017-05-12,23.610687255859375,206.18386840820312,0.11451277657238879,0.1993832278591494
2017-05-15,23.742359161376953,207.32269287109375,0.11451886348080165,0.20793159879668086
2017-05-16,23.971050262451172,207.13284301757812,0.1157279063678805,0.5160404501743872
2017-05-17,23.818592071533203,203.45750427246094,0.11706912535227228,0.8616393866942338
2017-05-18,23.894817352294922,204.27713012695312,0.11697255261734336,0.8522925391313322
2017-05-19,24.137378692626953,205.6057891845703,0.11739639622189366,0.9738817678148922
2017-05-22,24.144304275512695,206.64971923828125,0.11683685980561465,0.8438918765097899
2017-05-23,24.06807518005371,207.1070098876953,0.11621081871205002,0.6946634817563305
2017-05-24,24.095792770385742,207.5901336669922,0.11607388243720317,0.676335690326904
2017-05-25,24.07500457763672,208.58233642578125,0.11542206780392068,0.5222204383466733
2017-05-26,23.894817352294922,208.5391845703125,0.11458190652049079,0.31153359386659846
2017-05-30,23.936403274536133,208.3579864501953,0.1148811412624097,0.40805087474461965
2017-05-31,23.98491096496582,208.30621337890625,0.11514256140472193,0.49165407760731883
2017-06-01,24.151233673095703,209.9627227783203,0.11502629301771199,0.46828345019068934
2017-06-02,24.1165828704834,210.66156005859375,0.11448022536135959,0.32357843090518623
2017-06-05,24.07500457763672,210.50631713867188,0.11436713588874016,0.30388697263846765
2017-06-06,24.01263427734375,209.83334350585938,0.11443669474138281,0.3354192014856836
2017-06-07,24.02649688720703,210.2215576171875,0.11429130846304152,0.3056997147664694
2017-06-08,23.936403274536133,210.3251495361328,0.11380666233841892,0.17456002164206474
2017-06-09,23.693849563598633,210.0059356689453,0.11282466606539049,-0.1099966077318835
2017-06-12,23.58296775817871,209.9627227783203,0.11231978441753075,-0.25674314758082506
2017-06-13,23.721569061279297,210.98944091796875,0.11243012426627587,-0.21867571949854714
2017-06-14,23.659204483032227,210.7220001220703,0.11227685988803521,-0.26266786568790285
2017-06-15,23.46515655517578,210.31649780273438,0.1115706889394138,-0.47232910093558916
2017-06-16,23.721569061279297,210.3624267578125,0.11276523772274993,-0.10718899402492835
2017-06-19,23.763151168823242,212.11370849609375,0.11203024706562452,-0.32388876736319744
2017-06-20,23.373592376708984,210.68321228027344,0.11094188342645413,-0.6520396511426515
2017-06-21,23.352344512939453,210.63116455078125,0.11086842045783503,-0.6728429082418039
2017-06-22,23.331096649169922,210.5358428955078,0.1108176941669239,-0.6896707337016265
2017-06-23,23.40192222595215,210.78726196289062,0.11102152002938435,-0.6274234137017285
2017-06-26,23.479833602905273,210.92596435546875,0.11131789144429484,-0.5225002773509173
2017-06-27,23.494001388549805,209.22666931152344,0.11228970697597317,-0.19375527451642993
2017-06-28,23.706485748291016,211.09934997558594,0.11230013617300441,-0.18620757429841095
2017-06-29,23.59316062927246,209.24403381347656,0.11275428120595198,-0.027660924388940505
2017-06-30,23.60732650756836,209.6342315673828,0.11261198293361858,-0.06903898522449774
2017-07-03,23.60732650756836,209.98965454101562,0.112421378849201,-0.1275432450850701
2017-07-05,23.614410400390625,210.47511291503906,0.11219573693695026,-0.20042306932708442
2017-07-06,23.50816535949707,208.55044555664062,0.11272172205986701,-0.017479994205567066
2017-07-07,23.50816535949707,209.9029541015625,0.11199540025588461,-0.26522956145953897
2017-07-10,23.494001388549805,210.12835693359375,0.11180785749909301,-0.3277443135179831
2017-07-11,23.40192222595215,209.97227478027344,0.11145243937772836,-0.4460934111685916
2017-07-12,23.663990020751953,211.55023193359375,0.11185991054918885,-0.30106092729744904
2017-07-13,23.79856300354004,211.90562438964844,0.11230736830174762,-0.14250163148476883
2017-07-14,24.011051177978516,212.89401245117188,0.11278406048871642,0.02659067712614697
2017-07-17,23.933143615722656,212.8679962158203,0.11243185467606684,-0.0916033251930615
2017-07-18,23.933143615722656,212.98068237304688,0.1123723679962791,-0.10791931566116213
2017-07-19,24.003969192504883,214.13380432128906,0.11209799063995064,-0.20012003581092558
2017-07-20,24.110210418701172,214.22911071777344,0.11254404379460871,-0.04152916229643992
2017-07-21,24.03230094909668,214.03842163085938,0.11228031288019823,-0.129639177542642
2017-07-24,23.897724151611328,213.9864044189453,0.11167870321716356,-0.3359676458024983
2017-07-25,24.046464920043945,214.50657653808594,0.11210129455296426,-0.18477169339490718
2017-07-26,24.188129425048828,214.51522827148438,0.1127571670316898,0.047649389981404805
2017-07-27,24.08188247680664,214.31588745117188,0.11236629613981967,-0.08455507695858573
2017-07-28,24.053546905517578,214.06442260742188,0.11236592523191012,-0.08069141183413252
2017-07-31,24.166873931884766,213.9430389404297,0.11295938419671504,0.1319255685792491
2017-08-01,24.32978057861328,214.41990661621094,0.11346791891930551,0.3126618348971257
2017-08-02,24.351028442382812,214.52392578125,0.11351194676165656,0.3328420251942491
2017-08-03,24.35811424255371,214.10777282714844,0.11376567006849529,0.42561829754081837
2017-08-04,24.351028442382812,214.49790954589844,0.11352571451132096,0.34455505851416157
2017-08-07,24.386445999145508,214.8966827392578,0.11347986245434274,0.3306438088294744
2017-08-08,24.237703323364258,214.36788940429688,0.11306592321600956,0.1866811357610814
2017-08-09,24.25895118713379,214.3591766357422,0.11316964157012376,0.22683115331226786
2017-08-10,23.812726974487305,211.33346557617188,0.11267844829764728,0.055962352097827586
2017-08-11,23.699399948120117,211.6455535888672,0.11197683838025471,-0.18958773148513985
2017-08-14,23.805648803710938,213.74362182617188,0.11137477974931578,-0.4000576015600928
2017-08-15,23.72773551940918,213.71763610839844,0.11102375990802359,-0.5206780653930875
2017-08-16,23.8552303314209,214.09042358398438,0.11142595699551623,-0.3695995292119458
2017-08-17,23.571914672851562,210.75265502929688,0.11184634741410406,-0.21121783095850782
2017-08-18,23.50816535949707,210.42311096191406,0.11171855245383182,-0.25098956999905625
2017-08-21,23.564828872680664,210.5878143310547,0.11190024906016434,-0.1781186295943095
2017-08-22,23.63565444946289,212.78993225097656,0.11107505979928436,-0.4761898986283732
2017-08-23,23.656906127929688,212.0270233154297,0.11157495755970517,-0.28429692932490913
2017-08-24,23.663990020751953,211.5328826904297,0.11186908493741515,-0.16722437616776256
2017-08-25,23.784400939941406,212.0270233154297,0.1121762715338303,-0.0441488384872072
2017-08-28,23.81981658935547,212.03567504882812,0.11233872122636995,0.024451841830941186
2017-08-29,23.763151168823242,212.2784423828125,0.11194330852480039,-0.11971770464105128
2017-08-30,23.784400939941406,213.28411865234375,0.11151510525127438,-0.2777377198772919
2017-08-31,23.96855926513672,214.56727600097656,0.11170649929408448,-0.19741374812359733
2017-09-01,24.074798583984375,214.87074279785156,0.11204316730376702,-0.05894450540666619
2017-09-05,23.883556365966797,213.32748413085938,0.11195724012437208,-0.0823772929190855
2017-09-06,23.975635528564453,214.0557403564453,0.11200650582245661,-0.05224386503917239
2017-09-07,24.188129425048828,214.0297088623047,0.11301295298499978,0.36786994804411965
2017-09-08,24.25187110900879,213.7783203125,0.11344401562121703,0.5603413249847521
2017-09-11,24.407691955566406,216.0584716796875,0.11296799318173215,0.3798708445859594
2017-09-12,24.528100967407227,216.78672790527344,0.11314392354371879,0.46923757351329826
2017-09-13,24.33686637878418,216.8907470703125,0.11220795127278785,0.07797798175439283
2017-09-14,24.443103790283203,216.82142639160156,0.11273380217569674,0.3172443530589249
2017-09-15,24.457277297973633,217.11329650878906,0.1126475332982822,0.29166009548035904
2017-09-18,24.464359283447266,217.5750274658203,0.11244102583091925,0.20847210136046646
2017-09-19,24.591854095458984,217.79287719726562,0.11291395022613593,0.4314397810492618
2017-09-20,24.556440353393555,217.8712921142578,0.1127107665956994,0.3518743179532834
2017-09-21,24.58477020263672,217.2875518798828,0.11314394216299722,0.5627919009279626
2017-09-22,24.67684555053711,217.33111572265625,0.11354492645235433,0.7640538956235451
2017-09-25,24.528100967407227,216.8867645263672,0.11309173716050025,0.5663965210894799
2017-09-26,24.457277297973633,217.0174560546875,0.11269728132750068,0.3923219495962665
2017-09-27,24.4785213470459,217.86256408691406,0.11235762991057262,0.2403251110526103
2017-09-28,24.556440353393555,218.12393188476562,0.11258022052512177,0.3610019397399064
2017-09-29,24.683927536010742,218.8907012939453,0.1127682783695002,0.46829674251976744
2017-10-02,24.62017822265625,219.8403778076172,0.11199115680287551,0.09542366051433654
2017-10-03,24.683927536010742,220.3108673095703,0.11204135246458843,0.1335276528907137
2017-10-04,24.705183029174805,220.57229614257812,0.11200492292651908,0.13094430809361804
2017-10-05,24.58477020263672,221.879150390625,0.11080252542591083,-0.4925433866534892
2017-10-06,24.549352645874023,221.62648010253906,0.1107690409310109,-0.5047528435941451
2017-10-09,24.598936080932617,221.26058959960938,0.11117631081724301,-0.2772876580834648
2017-10-10,24.903491973876953,221.84432983398438,0.11225660801208354,0.32062440351832144
2017-10-11,24.903491973876953,222.19281005859375,0.11208054827386059,0.2287956357838262
2017-10-12,24.960161209106445,221.86172485351562,0.11250323247773544,0.4659528752943068
2017-10-13,25.038076400756836,222.13180541992188,0.11271720568526608,0.5880385115647871
2017-10-16,24.953081130981445,222.42808532714844,0.11218493876023038,0.2964194806486932
2017-10-17,24.832672119140625,222.58485412597656,0.11156496796087506,-0.04453081993142838
2017-10-18,24.868080139160156,222.80270385742188,0.11161480407829334,-0.0119400499924455
2017-10-19,24.754756927490234,222.8637237548828,0.1110757574647582,-0.3069413278441673
2017-10-20,24.776002883911133,224.0137481689453,0.11060036755077067,-0.5667529935558172
2017-10-23,24.712255477905273,223.14251708984375,0.1107465121402901,-0.47927838573552617
2017-10-24,24.648513793945312,223.53457641601562,0.110267119249026,-0.7429839284238884
2017-10-25,24.662673950195312,222.42808532714844,0.11087931595473349,-0.39481117972282603
2017-10-26,24.542272567749023,222.71556091308594,0.11019558968906788,-0.7734855647277017
2017-10-27,24.56351661682129,224.53656005859375,0.10939651257867021,-1.2124862217895986
2017-10-30,24.641435623168945,223.7001190185547,0.1101538780188359,-0.7814602788040753
2017-10-31,24.832672119140625,224.0486602783203,0.11083606609516297,-0.39445855148139186
2017-11-01,24.698091506958008,224.3448486328125,0.11008985344424657,-0.8067379295725701
2017-11-02,24.67684555053711,224.4320068359375,0.10995243458557219,-0.8768632295281948
2017-11-03,24.683927536010742,225.1813201904297,0.10961800701379767,-1.05708205182783
2017-11-06,24.839754104614258,225.5298309326172,0.11013955006260688,-0.7569279640026961
2017-11-07,24.655593872070312,225.3730010986328,0.10939905734884356,-1.1652848397142868
2017-11-08,24.641435623168945,225.75637817382812,0.10915056231188962,-1.2943530361760267
2017-11-09,24.58477020263672,224.93731689453125,0.1092960943166404,-1.2029943602619375
2017-11-10,24.535184860229492,224.86761474609375,0.10910946375240857,-1.2967015695711501
2017-11-13,24.351028442382812,225.0767059326172,0.10818990948655945,-1.7910947242781194
2017-11-14,24.372283935546875,224.5540313720703,0.10853639004665076,-1.5867181699759483
2017-11-15,24.25187110900879,223.4300079345703,0.10854348228869398,-1.571718171714263
2017-11-16,24.372283935546875,225.32945251464844,0.10816288622528143,-1.7704175771721637
2017-11-17,24.393526077270508,224.667236328125,0.10857625026216072,-1.5375433725752035
2017-11-20,24.436023712158203,225.0506134033203,0.10858012490001809,-1.5344090270617945
2017-11-21,24.528100967407227,226.5230255126953,0.10828082889980899,-1.6896430369518984
2017-11-22,24.712255477905273,226.32269287109375,0.1091903563200381,-1.1941045381249211
2017-11-24,24.7618408203125,226.84542846679688,0.10915732791122508,-1.2108838876147798
2017-11-27,24.62017822265625,226.73216247558594,0.108587056877329,-1.5148405646708185
2017-11-28,24.868080139160156,229.0323028564453,0.10857892021784879,-1.519225768837048
2017-11-29,24.81142234802246,228.89285278320312,0.10839754079836957,-1.6138896385831645
2017-11-30,24.804336547851562,230.89683532714844,0.10742605680457809,-2.121910894515808
2017-12-01,24.74059295654297,230.41763305664062,0.10737282832195966,-2.12930179676987
2017-12-04,24.662673950195312,230.1388702392578,0.1071643131147529,-2.2120398422387155
2017-12-05,24.62017822265625,229.3111572265625,0.10736581037062747,-2.080851223641133
2017-12-06,24.58477020263672,229.3547821044922,0.10719100764786363,-2.1454330490360825
2017-12-07,24.648513793945312,230.07786560058594,0.10713118243514573,-2.1491249713069256
2017-12-08,24.825584411621094,231.33253479003906,0.10731557683467728,-2.032316017478661
2017-12-11,24.910579681396484,232.0294647216797,0.10735955328465215,-1.9895530978403932
2017-12-12,24.98141098022461,232.4390106201172,0.10747512181185696,-1.9141543051718912
2017-12-13,25.123069763183594,232.4128875732422,0.10809671539951222,-1.5902895445116845
2017-12-14,25.059326171875,231.4631805419922,0.10826484848776509,-1.4979810970112828
2017-12-15,25.016828536987305,233.39068603515625,0.1071886327684,-2.0192377265192825
2017-12-18,25.293060302734375,234.8706512451172,0.10768931822110832,-1.757720757492208
2017-12-19,25.250478744506836,233.96868896484375,0.1079224696955112,-1.6366100894672895
2017-12-20,25.243261337280273,233.84605407714844,0.1079482030898509,-1.619623281241379
2017-12-21,25.409242630004883,234.3277130126953,0.10843464609168217,-1.3781422608928389
2017-12-22,25.495840072631836,234.26646423339844,0.10883264984624716,-1.1834961167930513
2017-12-26,25.488628387451172,233.98614501953125,0.10893221214155048,-1.135702285251253
2017-12-27,25.58965492248535,234.10012817382812,0.10931072580824934,-0.9528699697916093
2017-12-28,25.69790267944336,234.58169555664062,0.10954777446920834,-0.838103346423206
2017-12-29,25.849451065063477,233.6971893310547,0.11061087700308293,-0.31640998641599327
2018-01-02,26.08759117126465,235.3698272705078,0.11083659903986964,-0.20520181062759874
2018-01-03,26.044296264648438,236.8585205078125,0.10995718544897944,-0.6380429284416123
2018-01-04,26.14532470703125,237.85691833496094,0.10992038781151707,-0.6540495292923716
2018-01-05,26.26078987121582,239.44198608398438,0.10967495843441942,-0.770358982344201
2018-01-08,26.23192024230957,239.87985229492188,0.10935441218322313,-0.9245839430328179
2018-01-09,26.253576278686523,240.4227752685547,0.10919754274261667,-0.9989594339798822
2018-01-10,26.224702835083008,240.05502319335938,0.10924454937966263,-0.9723172418133639
2018-01-11,26.390684127807617,241.8064422607422,0.10913970645724273,-1.0183765999459824
2018-01-12,26.780370712280273,243.3827667236328,0.11003396449465977,-0.5780002855047989
2018-01-16,26.744293212890625,242.5508575439453,0.11026262072911905,-0.4639657228702097
2018-01-17,26.874189376831055,244.86265563964844,0.10975209472685125,-0.7088011778772657
2018-01-18,26.874189376831055,244.45114135742188,0.10993685375163464,-0.6158467780371337
2018-01-19,26.9102725982666,245.56338500976562,0.1095858513157262,-0.7830176516016776
2018-01-22,27.14120101928711,247.55999755859375,0.10963484119789262,-0.7558596679541607
2018-01-23,27.170066833496094,248.08541870117188,0.10951899944681331,-0.8064243064965537
2018-01-24,27.292743682861328,247.98904418945312,0.11005624773492344,-0.5420814911880295
2018-01-25,27.11233901977539,248.0941162109375,0.10928247486822146,-0.9122469178514367
2018-01-26,27.33604621887207,250.96653747558594,0.10892307195150001,-1.0796514758463998
2018-01-29,27.047386169433594,249.30276489257812,0.10849212274516097,-1.2788040400488432
2018-01-30,26.9174861907959,246.7455596923828,0.10909005302609649,-0.9850202128575174
2018-01-31,26.816452026367188,246.86819458007812,0.10862659757358323,-1.199382958483928
2018-02-01,26.816452026367188,246.5879669189453,0.10875004308374013,-1.1313858264551269
2018-02-02,26.17418670654297,241.21975708007812,0.10850764059866738,-1.238208199998937
2018-02-05,24.92574119567871,231.13131713867188,0.10784233614142394,-1.5431750976730025
2018-02-06,25.474191665649414,235.68511962890625,0.10808570225290143,-1.4172481784384559
2018-02-07,25.214393615722656,234.40650939941406,0.10756695144825908,-1.6475430606500434
2018-02-08,24.74532699584961,225.6142120361328,0.10967982368010827,-0.6486818978884961
2018-02-09,24.738109588623047,229.0032501220703,0.10802514626074688,-1.4163240608919914
2018-02-12,25.01955795288086,232.36602783203125,0.1076730457817464,-1.5676345758218315
2018-02-13,25.062854766845703,232.94398498535156,0.1075917661854276,-1.5913137193632785
2018-02-14,25.488628387451172,236.08795166015625,0.10796242759622705,-1.4099311468394151
2018-02-15,25.726768493652344,239.10043334960938,0.10759816757017339,-1.5672860636621206
2018-02-16,25.705121994018555,239.17047119140625,0.1074761523275461,-1.6107463741542944
2018-02-20,25.430892944335938,237.67300415039062,0.10699950141684672,-1.813712855943664
2018-02-21,25.358728408813477,236.49078369140625,0.10722924594771419,-1.6975983913379062
2018-02-22,25.409242630004883,236.7972412109375,0.10730379501073024,-1.652500146648962
2018-02-23,25.625736236572266,240.57168579101562,0.10652016737677648,-1.984834588716728
2018-02-26,25.784502029418945,243.36520385742188,0.10594983021699796,-2.2163766820199675
2018-02-27,25.39481544494629,240.3264617919922,0.10566799534096273,-2.315039767736875
2018-02-28,25.01955795288086,237.8919219970703,0.10517195263649591,-2.4993545303458
2018-03-01,24.74532699584961,234.4328155517578,0.1055540238153492,-2.312096227948812
2018-03-02,24.803058624267578,235.64132690429688,0.10525767678409427,-2.412525282926428
2018-03-05,24.969036102294922,238.36483764648438,0.10475133978999938,-2.593718088864291
2018-03-06,25.091716766357422,238.96902465820312,0.10499987101778588,-2.460545208375912
2018-03-07,25.084497451782227,238.88150024414062,0.10500812087225456,-2.432961644012944
2018-03-08,25.12779426574707,240.03750610351562,0.10468278342681483,-2.542214198556001
2018-03-09,25.30821418762207,244.21469116210938,0.1036310062559771,-2.931410883827903
2018-03-12,25.27212905883789,243.90817260742188,0.10361329343200895,-2.893828312613196
2018-03-13,25.062854766845703,242.33184814453125,0.10342369341357785,-2.9160492919516323
2018-03-14,25.120580673217773,241.08828735351562,0.10419660344752728,-2.575859182668891
2018-03-15,25.09893035888672,240.8256072998047,0.10422035530316744,-2.52976663452777
2018-03-16,25.156667709350586,241.08677673339844,0.10434694117284435,-2.442841820807956
2018-03-19,24.990684509277344,237.82479858398438,0.10508022989222567,-2.1343538938493207
2018-03-20,24.954607009887695,238.229248046875,0.10475039154292894,-2.228275198431659
2018-03-21,25.02676773071289,237.7720947265625,0.1052552771572864,-2.013409594804536
2018-03-22,24.57213020324707,231.82846069335938,0.1059927246626925,-1.7210264959777701
2018-03-23,24.47831153869629,226.88710021972656,0.10788763008117479,-1.0127601339222643
2018-03-26,24.983469009399414,233.094482421875,0.10718172626747176,-1.2632647047422436
2018-03-27,24.788623809814453,229.129150390625,0.10818625114942468,-0.8870875224959464
2018-03-28,24.969036102294922,228.4521484375,0.10929656942633638,-0.47622719168951017
2018-03-29,25.077281951904297,231.3712615966797,0.10838546576116423,-0.8063158191898733
2018-04-02,24.810272216796875,226.3771209716797,0.10959708344334275,-0.3599737441498639
2018-04-03,25.01233673095703,229.27859497070312,0.1090914602566937,-0.5425832113892181
2018-04-04,25.279348373413086,231.73170471191406,0.10908886379979836,-0.5412867629054673
2018-04-05,25.524703979492188,233.560546875,0.10928516961022888,-0.46732891323037806
2018-04-06,25.452543258666992,228.3553924560547,0.11146022427985863,0.32817662948478565
2018-04-09,25.63295555114746,229.4808349609375,0.11169976593257007,0.4136627335755378
2018-04-10,26.022645950317383,233.12960815429688,0.11162308449939268,0.3835642275254207
2018-04-11,25.97934341430664,231.9075469970703,0.11202457078567968,0.5279717556782254
2018-04-12,26.159757614135742,233.81539916992188,0.11188209889941649,0.47583130761528447
2018-04-13,26.181406021118164,233.12960815429688,0.11230407938484585,0.6296895206010844
2018-04-16,26.116455078125,235.04640197753906,0.11111191176889693,0.194939702361923
2018-04-17,26.166973114013672,237.5609893798828,0.11014844306852996,-0.15524553168280364
2018-04-18,26.34737777709961,237.73681640625,0.110825820650667,0.09416249933197922
2018-04-19,26.246356964111328,236.41798400878906,0.11101675312118216,0.1642292634290325
2018-04-20,26.17418670654297,234.413330078125,0.11165826916847973,0.3975188248807386
2018-04-23,26.159757614135742,234.37818908691406,0.1116134471217156,0.37987249385392013
2018-04-24,26.109241485595703,231.22177124023438,0.11291861205608,0.8550437866126996
2018-04-25,26.044296264648438,231.79322814941406,0.11236003947388949,0.6493583913177623
2018-04-26,26.246356964111328,234.14952087402344,0.11209229412958026,0.5504767010988697
2018-04-27,26.224702835083008,234.36935424804688,0.11189476081129558,0.4781434919770097
2018-04-30,26.159757614135742,232.56695556640625,0.1124826936416003,0.691304069789209
2018-05-01,26.029861450195312,232.98023986816406,0.11172561872596905,0.4145257980341709
2018-05-02,25.892745971679688,231.4151153564453,0.11188874128553561,0.47474464703412544
2018-05-03,25.96491050720215,230.9051513671875,0.11244838130922644,0.6774598296446703
2018-05-04,26.029861450195312,233.8946075439453,0.11128884809926493,0.25540778388087376
2018-05-07,26.051509857177734,234.6859588623047,0.11100583087061769,0.15515545877042022
2018-05-08,26.037080764770508,234.6859588623047,0.1109443483154739,0.1350832724828871
2018-05-09,26.44841957092285,236.95431518554688,0.11161822290601646,0.384600914085086
2018-05-10,26.498933792114258,239.1699676513672,0.11079540651500681,0.08752335747764446
2018-05-11,26.535017013549805,239.8998260498047,0.1106087380323526,0.023624774544413796
2018-05-14,26.585533142089844,240.0141143798828,0.11076654058774035,0.08762979968588938
2018-05-15,26.513368606567383,238.361083984375,0.11123195180764231,0.2658271166398686
2018-05-16,26.614395141601562,239.36341857910156,0.11118823126603367,0.2581832421562093
2018-05-17,26.75872802734375,239.1612548828125,0.1118857151023704,0.5332428902974702
2018-05-18,26.657697677612305,238.56333923339844,0.1117426414438798,0.49266799066016626
2018-05-21,26.86697006225586,240.3570556640625,0.11177941079377655,0.5224710518848565
2018-05-22,26.888622283935547,239.6887969970703,0.11218138945502823,0.693864296454055
2018-05-23,26.527799606323242,240.34823608398438,0.11037234988091899,-0.008383913797303124
2018-05-24,26.369035720825195,239.85586547851562,0.10993700599407323,-0.17344514225961777
2018-05-25,26.130889892578125,239.28431701660156,0.10920435663472738,-0.4612481354603074
2018-05-29,25.69068145751953,236.53231811523438,0.10861383197962607,-0.6940067208560281
2018-05-30,26.09480857849121,239.6887969970703,0.10886953794010724,-0.5839740998574307
2018-05-31,26.000993728637695,238.22042846679688,0.10914678432904301,-0.46427458068895816
2018-06-01,26.17418670654297,240.5592803955078,0.10880555787957763,-0.5989449791394781
2018-06-04,26.159757614135742,241.70225524902344,0.10823133440432156,-0.8310203438238529
2018-06-05,26.14532470703125,241.87808227539062,0.10809298825704866,-0.8822604999603803
2018-06-06,26.390684127807617,243.90032958984375,0.1082027407350685,-0.8300231690411175
2018-06-07,26.253576278686523,243.8739471435547,0.10765223832307327,-1.0547476618182
2018-06-08,26.289653778076172,244.59486389160156,0.10748244407015473,-1.1184764277057408
2018-06-11,26.433982849121094,244.92019653320312,0.10792896307976592,-0.9219302439897158
2018-06-12,26.246356964111328,245.23672485351562,0.10702457790442584,-1.29445531508181
2018-06-13,26.217485427856445,244.4542236328125,0.10724905889634764,-1.189691098669137
2018-06-14,26.296878814697266,245.06971740722656,0.10730366482204068,-1.1571726367749906
2018-06-15,25.950477600097656,244.757080078125,0.10602544200892745,-1.679915788670802
2018-06-18,25.82058334350586,244.2535858154297,0.10571219766254401,-1.793063389901913
2018-06-19,25.647727966308594,243.31747436523438,0.10540849165567857,-1.8982618166167127
2018-06-20,25.662504196166992,243.73255920410156,0.10528960217693861,-1.9246648944191336
2018-06-21,25.49259376525879,242.20458984375,0.10525231491981413,-1.9171844427465736
2018-06-22,25.913660049438477,242.6462860107422,0.10679603003810763,-1.272884069147324
2018-06-25,25.38179588317871,239.34315490722656,0.10604772003200644,-1.5641398527494026
2018-06-26,25.470436096191406,239.87306213378906,0.10618297807023151,-1.494999420382706
2018-06-27,25.307924270629883,237.88587951660156,0.10638682851650173,-1.3999218654104848
2018-06-28,25.485210418701172,239.2459716796875,0.10652304922743626,-1.3333222419266275
2018-06-29,25.692045211791992,239.5904541015625,0.10723317549580302,-1.0378312089809116
2018-07-02,25.38918113708496,240.1027374267578,0.10574298906038007,-1.6257323383517959
2018-07-03,25.470436096191406,239.2547607421875,0.10645738466051863,-1.3260813776360465
2018-07-05,25.743757247924805,241.2066192626953,0.10672906625289408,-1.2066034955864355
2018-07-06,25.817626953125,243.246826171875,0.10613756964246104,-1.4326763586420384
2018-07-09,26.039236068725586,245.43711853027344,0.1060933090506185,-1.437554304502312
2018-07-10,26.076171875,246.32025146484375,0.10586288264942659,-1.5158078001056738
2018-07-11,25.5738525390625,244.51858520507812,0.10458858379870663,-2.000738853687893
2018-07-12,25.861949920654297,246.7354278564453,0.10481652410168353,-1.8884466269832145
2018-07-13,25.89150047302246,246.92967224121094,0.10485374332709028,-1.8534753041783845
2018-07-16,25.728988647460938,246.7089080810547,0.10428885137381354,-2.051557100937179
2018-07-17,25.60340690612793,247.7069091796875,0.10336169867411782,-2.379043703179655
2018-07-18,25.588623046875,248.22796630859375,0.10308517379167326,-2.4482759507321483
2018-07-19,25.477832794189453,247.29180908203125,0.10302740268173616,-2.432398495961887
2018-07-20,25.699440002441406,247.0091094970703,0.10404247865500774,-2.0225353832002257
2018-07-23,25.596017837524414,247.46847534179688,0.10343142819371993,-2.2234393798782794
2018-07-24,25.8471736907959,248.71371459960938,0.10392339534796403,-2.0137701978599183
2018-07-25,25.884111404418945,250.8332977294922,0.10319248536266233,-2.2547506129450885
2018-07-26,25.64034080505371,250.2416534423828,0.10246232172917329,-2.4866793387674444
2018-07-27,25.692045211791992,248.5458984375,0.10336941938413272,-2.127257925908951
2018-07-30,25.75114631652832,247.24771118164062,0.1041512020210785,-1.8233413198361035
2018-07-31,25.935815811157227,248.46649169921875,0.10438355543955538,-1.722946627383309
2018-08-01,25.610795974731445,248.05137634277344,0.10324794948664502,-2.110561960890596
2018-08-02,25.3300838470459,249.40264892578125,0.10156301048183244,-2.6752600065118792
2018-08-03,25.477832794189453,250.4712677001953,0.1017195825618029,-2.5820016733578637
2018-08-06,25.29315185546875,251.38980102539062,0.10061327767594723,-2.9198412616743923
2018-08-07,25.49259376525879,252.22000122070312,0.10107284768011596,-2.7147236124614267
2018-08-08,25.544309616088867,252.11399841308594,0.10132047318624016,-2.5883032891197484
2018-08-09,25.49259376525879,251.76963806152344,0.10125364583885733,-2.5717181580640576
2018-08-10,25.09370231628418,250.08265686035156,0.10034163356756375,-2.8288073368956947
2018-08-13,25.012441635131836,249.1465606689453,0.10039248211163243,-2.7597955511351855
2018-08-14,24.901639938354492,250.73619079589844,0.09931410323858934,-3.0478668159233613
2018-08-15,24.45102882385254,248.8638153076172,0.09825063878261672,-3.30689905455909
2018-08-16,24.64309310913086,250.87753295898438,0.09822758067841701,-3.2330542526314625
2018-08-17,24.75389289855957,251.76065063476562,0.09832312093310623,-3.129932629914241
2018-08-20,24.931184768676758,252.29942321777344,0.0988158611332111,-2.917667106111963
2018-08-21,25.012441635131836,252.8911590576172,0.09890595514821122,-2.8343883501894314
2018-08-22,25.130640029907227,252.7410888671875,0.09943234850552174,-2.6298866821593405
2018-08-23,24.827768325805664,252.4054412841797,0.098364631917156,-2.8847420145747886
2018-08-24,24.99028778076172,253.92454528808594,0.09841619585223396,-2.8147096797794027
2018-08-27,25.307924270629883,255.92933654785156,0.09888637470014312,-2.634554962124689
2018-08-28,25.182340621948242,256.0530090332031,0.09834815344303482,-2.7366293929716767
2018-08-29,25.34486198425293,257.43072509765625,0.09845313520613504,-2.659974428195585
2018-08-30,25.086313247680664,256.3885803222656,0.0978448931545571,-2.7740454859421466
2018-08-31,24.798213958740234,256.3974609375,0.09671786088702766,-3.014174745363591
2018-09-04,24.62831687927246,255.9558563232422,0.09622095478905468,-3.0776951294151615
2018-09-05,24.5544490814209,255.2670135498047,0.09619123419027317,-3.019386864970443
2018-09-06,24.391937255859375,254.49868774414062,0.09584307672494455,-3.0421066963901247
2018-09-07,24.222034454345703,254.00401306152344,0.0953608337222561,-3.096996863637156
2018-09-10,24.391937255859375,254.44557189941406,0.09586308409211323,-2.915077149944384
2018-09-11,24.38454246520996,255.28463745117188,0.09551903596186424,-2.9411052494921295
2018-09-12,24.50273895263672,255.3465118408203,0.09595877686361898,-2.783542691585714
2018-09-13,24.583995819091797,256.8567199707031,0.09571093106653324,-2.790211013127494
2018-09-14,24.583995819091797,256.90081787109375,0.09569450195922466,-2.7445336683343093
2018-09-17,24.61354637145996,255.54080200195312,0.09631943775175221,-2.556449038736844
2018-09-18,24.724355697631836,256.9272766113281,0.09623094917646327,-2.5360837975576627
2018-09-19,24.849925994873047,257.2012023925781,0.09661667894127281,-2.4121920172422744
2018-09-20,25.248830795288086,259.2854919433594,0.09737849428460758,-2.209725491663769
2018-09-21,25.226667404174805,259.0485534667969,0.09738200451834676,-2.181876636824136
2018-09-24,25.18973159790039,258.18798828125,0.09756353022302745,-2.116589950149619
2018-09-25,25.42611312866211,257.9484558105469,0.0985705188610883,-1.8717014175078672
2018-09-26,25.42611312866211,257.1766357421875,0.09886634163047023,-1.787751015278909
2018-09-27,25.44827651977539,257.8952941894531,0.09867677733227953,-1.8112917889312117
2018-09-28,25.204504013061523,257.9218444824219,0.09772147862714003,-2.0005742231052084
2018-10-01,25.182340621948242,258.81787109375,0.0972975340363054,-2.070001310918475
2018-10-02,25.049379348754883,258.66693115234375,0.09684028506141695,-2.1431212908257797
2018-10-03,25.15279769897461,258.80902099609375,0.09718671166162421,-2.0430556977119707
2018-10-04,24.931184768676758,256.7862548828125,0.09708924950073516,-2.03984712172831
2018-10-05,24.76866912841797,255.34909057617188,0.09699924551338614,-2.0338888260263572
2018-10-08,24.5544490814209,255.34909057617188,0.09616031537851194,-2.183933103143411
2018-10-09,24.5544490814209,254.97650146484375,0.09630083141134664,-2.126376830303185
2018-10-10,24.19986915588379,246.9029998779297,0.09801367001554598,-1.7473241611513366
2018-10-11,23.823135375976562,241.46458435058594,0.09866099179740333,-1.5963395995931007
2018-10-12,23.87484359741211,244.8181915283203,0.09752070893249079,-1.8176363260952904
2018-10-15,23.87484359741211,243.44302368164062,0.09807158667497541,-1.6867335339811276
2018-10-16,24.12600326538086,248.76620483398438,0.09698263991076075,-1.8941243284559384
2018-10-17,23.963489532470703,248.81045532226562,0.096312228927167,-2.009958313189748
2018-10-18,23.594135284423828,245.21737670898438,0.09621722408532468,-2.0060710803881956
2018-10-19,23.800973892211914,245.08433532714844,0.09711340327174078,-1.8023139809358586
2018-10-22,23.66061782836914,243.98419189453125,0.09697602801495057,-1.8107892392254614
2018-10-23,23.55720329284668,242.74215698242188,0.09704619743719493,-1.7776101623883143
2018-10-24,23.003177642822266,235.38742065429688,0.09772475342514593,-1.6236878694628483
2018-10-25,23.19523811340332,239.61032104492188,0.09680400248307627,-1.7910864156991209
2018-10-26,23.047496795654297,235.3961944580078,0.09790938570065,-1.553453831372199
2018-10-29,23.062271118164062,234.09210205078125,0.09851793766694956,-1.4183767833666816
2018-10-30,23.2469482421875,237.56097412109375,0.09785676426102571,-1.5363449019100663
2018-10-31,23.498106002807617,240.09829711914062,0.09786869080186554,-1.5200222774787868
2018-11-01,23.963489532470703,242.65338134765625,0.0987560502943808,-1.3317306908636546
2018-11-02,23.830520629882812,241.21620178222656,0.09879320067976756,-1.31309593271216
2018-11-05,23.963489532470703,242.54693603515625,0.09879939084861203,-1.3007453520405061
2018-11-06,23.948711395263672,244.08180236816406,0.09811756207511248,-1.423143069295035
2018-11-07,24.30329132080078,249.30735778808594,0.09748324933698448,-1.5339243948463406
2018-11-08,24.11122703552246,248.8548583984375,0.09688871332750258,-1.6345807879774044
2018-11-09,23.919170379638672,246.42393493652344,0.09706512634740629,-1.584471979911467
2018-11-12,23.48333168029785,241.8195037841797,0.09711099110209231,-1.5604060675744125
2018-11-13,23.631071090698242,241.3669891357422,0.09790514923069443,-1.3933791379962275
2018-11-14,23.682777404785156,239.71681213378906,0.09879481207003325,-1.2107216745122569
2018-11-15,23.54242515563965,242.2187042236328,0.0971949099930106,-1.5064068027226691
2018-11-16,23.424230575561523,242.84857177734375,0.09645611832973051,-1.6324775870853583
2018-11-19,23.342973709106445,238.740966796875,0.09777531699855709,-1.3670063701559017
2018-11-20,23.010557174682617,234.32276916503906,0.09820026136032789,-1.2748076075305028
2018-11-21,23.39468765258789,235.1212615966797,0.09950051940737913,-1.0183656776745813
2018-11-23,23.10659408569336,233.5509490966797,0.09893598880700014,-1.1171202545723515
2018-11-26,23.48333168029785,237.3214569091797,0.09895157389533751,-1.105250245411022
2018-11-27,23.29865837097168,238.11993408203125,0.09784421644827684,-1.3049993315290809
2018-11-28,23.601520538330078,243.60269165039062,0.09688530277901071,-1.4735739329863735
2018-11-29,23.402070999145508,243.07040405273438,0.09627692474674295,-1.5734353832612709
2018-11-30,23.21739387512207,244.55201721191406,0.09493846806016437,-1.8057405396539254
2018-12-03,23.439010620117188,247.79017639160156,0.09459217052686845,-1.8494226636083104
2018-12-04,22.936691284179688,239.76116943359375,0.09566474562317492,-1.6330574383542136
2018-12-06,22.567338943481445,239.3974609375,0.0942672443354491,-1.8704436752545606
2018-12-07,22.382661819458008,233.8348388671875,0.09571996169557444,-1.587163582760345
2018-12-10,22.116731643676758,234.27845764160156,0.09440360785331302,-1.8083316364222966
2018-12-11,22.183218002319336,234.33163452148438,0.09466591246896072,-1.7417389940792596
2018-12-12,22.567338943481445,235.51153564453125,0.09582264784491662,-1.5176305122863074
2018-12-13,22.559953689575195,235.43177795410156,0.0958237408969207,-1.5032826742803738
2018-12-14,22.257080078125,231.0845489501953,0.09631574321709399,-1.4022184037384007
2018-12-17,22.05024528503418,226.55104064941406,0.09733014344947,-1.2102672055845092
2018-12-18,22.0026912689209,226.3026123046875,0.09722685498343736,-1.2187969690702025
2018-12-19,21.919666290283203,222.91360473632812,0.09833256393754314,-1.0134490566029795
2018-12-20,21.93475914001465,219.28506469726562,0.1000285138903405,-0.7053055264594965
2018-12-21,21.75360870361328,214.7919464111328,0.10127758078030889,-0.4780285523322066
2018-12-24,21.557355880737305,209.1165008544922,0.10308778022131014,-0.15133904451735614
2018-12-26,22.093271255493164,219.68212890625,0.10056926963285909,-0.5960351493788921
2018-12-27,21.88947296142578,221.3687286376953,0.09888240808055297,-0.890627058508326
2018-12-28,22.176298141479492,221.0831298828125,0.10030750945689197,-0.630047129938706
2018-12-31,22.153654098510742,223.01954650878906,0.0993350333874779,-0.7975781196681544
2019-01-02,22.13855743408203,223.25155639648438,0.09916417959821514,-0.8214094936292936
2019-01-03,22.0026912689209,217.92422485351562,0.10096487108631762,-0.4925183143401317
2019-01-04,22.614093780517578,225.2237091064453,0.10040725228368252,-0.5871533450783778
2019-01-07,22.614093780517578,226.99951171875,0.09962177279278117,-0.7225181353356905
2019-01-08,22.74995994567871,229.13229370117188,0.09928744472548506,-0.7763763648798511
2019-01-09,22.968852996826172,230.20310974121094,0.09977646706270489,-0.6819342875299784
2019-01-10,23.066974639892578,231.01519775390625,0.09985046379704055,-0.662631215277724
2019-01-11,23.07452392578125,231.10440063476562,0.09984458912250627,-0.6577908762248482
2019-01-14,22.923564910888672,229.69444274902344,0.09980025914660982,-0.6599355872024143
2019-01-15,23.036787033081055,232.32691955566406,0.09915677045578691,-0.7703399237370859
2019-01-16,22.968852996826172,232.8891143798828,0.09862570458900867,-0.8600344302199623
2019-01-17,23.157548904418945,234.65602111816406,0.09868721370996768,-0.8419229893958359
2019-01-18,23.3689022064209,237.7792205810547,0.09827983349139988,-0.9090302814346468
2019-01-22,23.097169876098633,234.56674194335938,0.09846736875288094,-0.8677033351733691
2019-01-23,23.263225555419922,235.05763244628906,0.0989681777754466,-0.7695133193742949
2019-01-24,23.16510009765625,235.18247985839844,0.09849840902946418,-0.8486998977851918
2019-01-25,23.3236141204834,237.17251586914062,0.09834029054762883,-0.8706968832495258
2019-01-28,23.157548904418945,235.36990356445312,0.09838789307264825,-0.854975285896296
2019-01-29,23.316062927246094,235.05763244628906,0.09919296252834436,-0.7006261435336402
2019-01-30,23.625534057617188,238.77874755859375,0.09894320285694494,-0.7403934982097561
2019-01-31,23.768951416015625,240.87574768066406,0.09867722942172996,-0.7828957264294489
2019-02-01,23.851980209350586,240.99171447753906,0.09897427494991178,-0.7217928053830011
2019-02-04,23.919910430908203,242.68724060058594,0.09856270305646407,-0.7913299756347503
2019-02-05,24.131256103515625,243.70457458496094,0.09901847819070349,-0.7008106755964896
2019-02-06,24.040681838989258,243.38333129882812,0.09877702680251305,-0.7393967919333002
2019-02-07,23.935007095336914,241.0631866455078,0.09928934993518614,-0.6385896007387881
2019-02-08,23.919910430908203,241.35763549804688,0.0991056710575944,-0.6669573803901847
2019-02-11,23.77649688720703,241.49147033691406,0.09845688070901852,-0.7809691178309343
2019-02-12,23.950101852416992,244.5970001220703,0.09791658049961481,-0.874567574275491
2019-02-13,24.002941131591797,245.3910675048828,0.09781505649595083,-0.8863856881658543
2019-02-14,24.002941131591797,244.84678649902344,0.09803249401309799,-0.8390696405265339
2019-02-15,24.319961547851562,247.51495361328125,0.09825653437427949,-0.7907420121065362
2019-02-19,24.44827651977539,247.9433135986328,0.09860429855895175,-0.7197386650802678
2019-02-20,24.584144592285156,248.44302368164062,0.09895284732884158,-0.648914371396391
2019-02-21,24.425634384155273,247.5596160888672,0.09866566595170002,-0.6967646475206515
2019-02-22,24.50111198425293,249.09442138671875,0.09836074147246752,-0.7476062368707858
2019-02-25,24.516210556030273,249.43353271484375,0.09828754894819047,-0.7550430170896708
2019-02-26,24.727554321289062,249.25502014160156,0.09920584270375521,-0.5779876406404392
2019-02-27,24.69736671447754,249.14797973632812,0.09912730073354245,-0.5877771218149432
2019-02-28,24.584144592285156,248.68397521972656,0.09885697126468906,-0.6333799304661463
2019-03-01,24.62943458557129,250.23666381835938,0.0984245642095404,-0.709112833658265
2019-03-04,24.569046020507812,249.32638549804688,0.09854170055619836,-0.6818578943746173
2019-03-05,24.704914093017578,248.9873504638672,0.09922156305126326,-0.5500636623248775
2019-03-06,24.735105514526367,247.479248046875,0.0999482005450465,-0.4104397716171688
2019-03-07,24.470918655395508,245.40896606445312,0.09971485169359531,-0.4503022966118863
2019-03-08,24.372802734375,244.9181671142578,0.09951406635753868,-0.48389577310231563
2019-03-11,24.584144592285156,248.46981811523438,0.09894217647345649,-0.5866666065032005
2019-03-12,24.538856506347656,249.40667724609375,0.0983889315927767,-0.6858914164959037
2019-03-13,24.87851905822754,251.05763244628906,0.09909485250782016,-0.5501418426311939
2019-03-14,24.9615478515625,250.89697265625,0.09948923491301716,-0.4732729098073602
2019-03-15,25.22572898864746,252.13661193847656,0.10004786212802268,-0.36571580877159865
2019-03-18,25.361600875854492,253.05075073242188,0.10022337733616161,-0.3299550221056069
2019-03-19,25.414432525634766,253.113525390625,0.10040724803786437,-0.29269116247084936
2019-03-20,25.316312789916992,252.35169982910156,0.1003215465045878,-0.30534561110955205
2019-03-21,25.271020889282227,255.2018585205078,0.09902365537534465,-0.5440789694519621
2019-03-22,24.87851905822754,250.2902069091797,0.09939869148478093,-0.46966766114618286
2019-03-25,24.84078025817871,250.1020050048828,0.09932259542538949,-0.4793040755859971
2019-03-26,24.954004287719727,251.96620178222656,0.09903710938694618,-0.5272745052554277
2019-03-27,25.021934509277344,250.64874267578125,0.09982868552284611,-0.37378691387287843
2019-03-28,24.863422393798828,251.59873962402344,0.09882172872150903,-0.5574852158452159
2019-03-29,24.916261672973633,253.1852264404297,0.09841119888105326,-0.6287814548088522
2019-04-01,25.248380661010742,256.18780517578125,0.0985541862294607,-0.5958207226728574
2019-04-02,25.39179229736328,256.3133239746094,0.09906544031194654,-0.4929273037266083
2019-04-03,25.542749404907227,256.71673583984375,0.09949779597089618,-0.4048565385089575
2019-04-04,25.452180862426758,257.3978271484375,0.09888265625392736,-0.5165043406254155
2019-04-05,25.512556076049805,258.6437072753906,0.09863977107660823,-0.5570792988974106
2019-04-08,25.55784797668457,258.8408203125,0.09873963444339434,-0.5317368096185205
2019-04-09,25.414432525634766,257.5142822265625,0.09869135143065583,-0.5349976851927996
2019-04-10,25.497461318969727,258.39276123046875,0.09867715023265582,-0.5316686779538001
2019-04-11,25.467267990112305,258.32110595703125,0.09858763919332435,-0.5432526494757421
2019-04-12,25.618228912353516,260.06884765625,0.09850556551938433,-0.5535387600137369
2019-04-15,25.603132247924805,259.8984680175781,0.0985120552776523,-0.5463153976813561
2019-04-16,25.565393447875977,260.06884765625,0.09830240599084528,-0.5826384042987771
2019-04-17,25.61068344116211,259.43243408203125,0.0987181249398606,-0.49195193592373276
2019-04-18,25.520105361938477,259.943359375,0.09817563881338708,-0.5969631453324715
2019-04-22,25.5502986907959,260.1673583984375,0.09820716498826298,-0.5845252008357887
2019-04-23,25.55784797668457,262.50665283203125,0.09736076286431543,-0.7550674152679783
2019-04-24,25.354053497314453,261.9241638183594,0.0967992151915282,-0.8677734601435126
2019-04-25,25.263471603393555,261.76275634765625,0.09651285750460335,-0.9249498640079534
2019-04-26,25.301212310791016,262.9818115234375,0.09620898177034619,-0.9863153890685995
2019-04-29,25.354053497314453,263.39410400390625,0.09625900167050984,-0.9718016257535185
2019-04-30,25.482364654541016,263.5285339355469,0.09669679512114399,-0.8722767979663533
2019-05-01,25.19553565979004,261.54766845703125,0.09633248045539096,-0.9497639062388779
2019-05-02,25.165346145629883,260.98309326171875,0.09642519686282361,-0.9254596602547193
2019-05-03,25.565393447875977,263.53741455078125,0.09700859170776209,-0.7900484110274341
2019-05-06,25.354053497314453,262.4529724121094,0.09660417736669016,-0.8799084700610165
2019-05-07,24.855873107910156,258.0699768066406,0.09631447026685115,-0.9435645153657841
2019-05-08,24.8709716796875,257.7115173339844,0.09650702435411787,-0.89483578082136
2019-05-09,24.818138122558594,256.9317626953125,0.09659427803789936,-0.8705508642567638
2019-05-10,24.908714294433594,258.22247314453125,0.0964622249609227,-0.8997636324784172
2019-05-13,24.425634384155273,251.73330688476562,0.09702980780106481,-0.7581664425772376
2019-05-14,24.64453125,254.00982666015625,0.09702196003216956,-0.756097550483605
2019-05-15,24.69736671447754,255.49769592285156,0.09666375512808928,-0.842019344855822
2019-05-16,24.83323097229004,257.86383056640625,0.09630366119103653,-0.9311457379561366
2019-05-17,24.66717529296875,256.19677734375,0.09628214511016961,-0.9354634613137528
2019-05-20,24.5539493560791,254.50283813476562,0.09647809641744416,-0.8847301459162212
2019-05-21,24.689817428588867,256.79736328125,0.0961451360446721,-0.9739446653898769
2019-05-22,24.49357032775879,256.00848388671875,0.09567483841120263,-1.1038518557192254
2019-05-23,24.18409538269043,252.88050842285156,0.095634477854858,-1.12067547962697
2019-05-24,24.455827713012695,253.45411682128906,0.09649015774423796,-0.8804157258681112
2019-05-28,24.214290618896484,251.09683227539062,0.09643407445435012,-0.8954132710323255
2019-05-29,24.018035888671875,249.41188049316406,0.09629868409307858,-0.9329005856154283
2019-05-30,24.101064682006836,250.0930633544922,0.09636838526722749,-0.9098736456869877
2019-05-31,23.919910430908203,246.72291564941406,0.09695050161006401,-0.7336403883406045
2019-06-03,23.972749710083008,246.09552001953125,0.097412377552344,-0.5901590405116371
2019-06-04,24.25202751159668,251.4375,0.09645350240754334,-0.8830843563400859
2019-06-05,24.22938346862793,253.6154327392578,0.09553591911553022,-1.1685811019784558
2019-06-06,24.425634384155273,255.2645721435547,0.09568752208363204,-1.1200441214495325
2019-06-07,24.720008850097656,257.819091796875,0.09588121918284287,-1.0578274593541566
2019-06-10,24.757747650146484,259.0022277832031,0.09558893706068763,-1.15195556126752
2019-06-11,24.886072158813477,258.9394836425781,0.09610767662286862,-0.9796195720287372
2019-06-12,24.69736671447754,258.4823303222656,0.09554760158532241,-1.1675788515200525
2019-06-13,24.727554321289062,259.5489196777344,0.09527126659587609,-1.2601639033656231
2019-06-14,24.516210556030273,259.2620849609375,0.09456149579188983,-1.5038991757264002
2019-06-17,24.44654083251953,259.3606872558594,0.09425692494561835,-1.6108740119718417
2019-06-18,24.740699768066406,262.0765075683594,0.09440258494597462,-1.5559532855251947
2019-06-19,24.818119049072266,262.6680908203125,0.09448471251900174,-1.5224288648893571
2019-06-20,24.996164321899414,265.1775817871094,0.09426198155003505,-1.5959924391591334
2019-06-21,24.887786865234375,264.79217529296875,0.0939898878722465,-1.6868025265570128
2019-06-24,24.965198516845703,264.46795654296875,0.0943978198462374,-1.5343658232863988
2019-06-25,24.864564895629883,261.8741455078125,0.09494852898675367,-1.3363835550416066
2019-06-26,24.887786865234375,261.6128845214844,0.09513211442454976,-1.2681282008445134
2019-06-27,24.841341018676758,262.5405578613281,0.09461906084543996,-1.460064419998425
2019-06-28,25.019384384155273,263.8916320800781,0.09480931315231368,-1.3905514892694348
2019-07-01,25.14324378967285,266.2872619628906,0.09442150407170724,-1.5431817734257762
2019-07-02,25.23613739013672,266.9808044433594,0.09452416417259926,-1.5130112130611122
2019-07-03,25.375478744506836,269.1153564453125,0.09429219900226482,-1.6065388736259998
2019-07-05,25.096792221069336,268.8091125488281,0.09336287740807374,-1.9858874950447527
2019-07-08,25.027132034301758,267.3320617675781,0.09361814616931606,-1.893140830350449
2019-07-09,24.895526885986328,267.6653137207031,0.09300991054807985,-2.1504609057035253
2019-07-10,24.97294044494629,268.9442443847656,0.0928554559777777,-2.2212951229549405
2019-07-11,24.98067855834961,269.5745849609375,0.09266703892716524,-2.305420288424339
2019-07-12,24.97294044494629,270.78155517578125,0.09222541184068017,-2.4828608801555534
2019-07-15,24.957460403442383,270.87158203125,0.0921376108054151,-2.5111506022800025
2019-07-16,24.818119049072266,269.9979248046875,0.09191966592715602,-2.5952145039365435
2019-07-17,24.77166748046875,268.16064453125,0.09237622293073655,-2.3861609209056502
2019-07-18,24.895526885986328,269.142333984375,0.09249948351652339,-2.3156558902730886
2019-07-19,24.856821060180664,267.6473388671875,0.09287154195287989,-2.138643833187115
2019-07-22,24.849079132080078,268.3047180175781,0.09261514041080737,-2.234364693703593
2019-07-23,24.941974639892578,270.2231750488281,0.09230138989887035,-2.3616595475421067
2019-07-24,24.849079132080078,271.4930114746094,0.09152750929798434,-2.6774141752164393
2019-07-25,24.632328033447266,270.196044921875,0.09116465061718244,-2.8132118960593036
2019-07-26,24.80263328552246,272.00653076171875,0.09118396244408518,-2.7746561434920736
2019-07-29,24.880046844482422,271.5110778808594,0.09163547593958553,-2.5486876416111426
2019-07-30,24.601364135742188,270.8446350097656,0.09083201568624447,-2.8678019301491813
2019-07-31,24.415578842163086,267.8813781738281,0.09114324783830187,-2.7165642597682393
2019-08-01,24.129154205322266,265.548828125,0.09086522571270438,-2.8222376802472513
2019-08-02,23.773061752319336,263.54931640625,0.09020346581234981,-3.071382528866404
2019-08-05,23.130544662475586,255.62347412109375,0.09048677842285409,-2.899733190314216
2019-08-06,23.192474365234375,259.2081298828125,0.08947433236650273,-3.2672593782489607
2019-08-07,23.269887924194336,259.3612060546875,0.08972000199323477,-3.0970031175709676
2019-08-08,23.494380950927734,264.4499206542969,0.08884245793229353,-3.381828269901673
2019-08-09,23.29311180114746,262.648681640625,0.08868543202139041,-3.3674312977670846
2019-08-12,23.130544662475586,259.45135498046875,0.0891517589654401,-3.116140661576205
2019-08-13,23.300853729248047,263.4862365722656,0.08843290652435042,-3.319553757018936
2019-08-14,22.75897216796875,255.695556640625,0.08900808628425261,-3.031465450104733
2019-08-15,22.84412384033203,256.3710632324219,0.08910570308639676,-2.9318027893957277
2019-08-16,23.06861686706543,260.15380859375,0.08867299307191322,-3.0258331979545643
2019-08-19,23.23118019104004,263.2881164550781,0.08823482238327195,-3.1134311522621565
2019-08-20,23.076356887817383,261.2705993652344,0.08832358843238451,-3.012365901395356
2019-08-21,23.26214599609375,263.3962097167969,0.08831617592791167,-2.9506643541715434
2019-08-22,23.32407569885254,263.3151550292969,0.0885785540762265,-2.8022401395723895
2019-08-23,23.060874938964844,256.5511779785156,0.08988801034036192,-2.3140275064530766
2019-08-26,23.091840744018555,259.3882751464844,0.08902422721681578,-2.565656220977392
2019-08-27,23.16151237487793,258.37042236328125,0.08964459694349892,-2.3196851958166835
2019-08-28,23.192474365234375,260.18988037109375,0.08913672711696663,-2.450457384595936
2019-08-29,23.355037689208984,263.51324462890625,0.08862946423091114,-2.573432279044705
2019-08-30,23.486637115478516,263.3962097167969,0.08916847034637022,-2.359720615175868
2019-09-03,23.471155166625977,261.85601806640625,0.08963381991348288,-2.1779440333836786
2019-09-04,23.865955352783203,264.8282775878906,0.09011860655576187,-1.9973910391983563
2019-09-05,23.92788314819336,268.2326965332031,0.08920569139203151,-2.2566596246153723
2019-09-06,23.982070922851562,268.4398498535156,0.08933871381591924,-2.184875193461351
2019-09-09,23.920143127441406,268.5749206542969,0.08906320466992089,-2.239966336263862
2019-09-10,24.067228317260742,268.5118713378906,0.08963189671035053,-2.0398637987188963
2019-09-11,24.245267868041992,270.4212341308594,0.08965741150456209,-2.008124004245561
2019-09-12,24.260753631591797,271.3580017089844,0.08940496863479279,-2.0601714445906345
2019-09-13,24.485248565673828,271.1778869628906,0.09029220206669918,-1.7739452084341476
2019-09-16,24.33042335510254,270.3401794433594,0.08999928684370855,-1.8425576668557593
2019-09-17,24.462024688720703,271.02471923828125,0.09025754092642016,-1.7483617142173078
2019-09-18,24.40009307861328,271.18682861328125,0.08997521451680968,-1.812589530172343
2019-09-19,24.531692504882812,271.1688232421875,0.09046649320365623,-1.6520526648692402
2019-09-20,24.431058883666992,269.88763427734375,0.09052307620200555,-1.6198973072878482
2019-09-23,24.39235496520996,269.8243103027344,0.09040087951245945,-1.6390314544832767
2019-09-24,24.20656394958496,267.7070617675781,0.09042183568022936,-1.6169085569532182
2019-09-25,24.113670349121094,269.2903747558594,0.0895452367021388,-1.8485910393431098
2019-09-26,24.30719757080078,268.72955322265625,0.09045226801185137,-1.5732533834663038
2019-09-27,24.299461364746094,267.28173828125,0.09091328693461553,-1.428717993867253
2019-09-30,24.33042335510254,268.5213623046875,0.09060889288761742,-1.5013072032391177
2019-10-01,24.05948257446289,265.3273010253906,0.09067850342381656,-1.4680400947985408
2019-10-02,23.370521545410156,260.64044189453125,0.08966575323282751,-1.7358240629911215
2019-10-03,23.502119064331055,262.7757568359375,0.08943792740745284,-1.7804967845370634
2019-10-04,23.6801700592041,266.3317565917969,0.08891230382075083,-1.9047592747848816
2019-10-07,23.65694236755371,265.1826171875,0.08921000410380155,-1.8021575618403032
2019-10-08,23.355037689208984,261.065673828125,0.0894603926542445,-1.715114147337956
2019-10-09,23.44793128967285,263.5447692871094,0.08897134006149955,-1.829045198316143
2019-10-10,23.78853988647461,265.3273010253906,0.08965733942395228,-1.6264948136853452
2019-10-11,24.492982864379883,268.07794189453125,0.09136515556366086,-1.1546231769065156
2019-10-14,24.291717529296875,267.77935791015625,0.09071542227480839,-1.318915561288539
2019-10-15,24.64006805419922,270.43048095703125,0.09111424114249267,-1.201626157535256
2019-10-16,24.609100341796875,269.9961853027344,0.09114610383922209,-1.1833944953953783
2019-10-17,24.779407501220703,270.7923889160156,0.09150703090442422,-1.0784068528488149
2019-10-18,24.77166748046875,269.607177734375,0.09188059341978845,-0.9717940394705853
2019-10-21,24.880046844482422,271.434814453125,0.09166122221502666,-1.0235798833617535
2019-10-22,24.849079132080078,270.5481872558594,0.09184714702442313,-0.9668970449384928
2019-10-23,25.081317901611328,271.3353271484375,0.09243661031978438,-0.8041292824043361
2019-10-24,25.17420768737793,271.7786865234375,0.09262760082257948,-0.7480106759819131
2019-10-25,25.12775993347168,272.89154052734375,0.09207965877181112,-0.8871630458750135
2019-10-28,25.23613739013672,274.42974853515625,0.09195846122674928,-0.9130071225862447
2019-10-29,25.15098762512207,274.3482360839844,0.09167541218461768,-0.9805981366997102
2019-10-30,25.32903289794922,275.1898498535156,0.0920420317516505,-0.8763831463074513
2019-10-31,25.18194580078125,274.4569396972656,0.09175190042036359,-0.9460669338723883
2019-11-01,25.298067092895508,276.9994812011719,0.09132893311999633,-1.0499305716054974
2019-11-04,25.406444549560547,278.1123046875,0.09135318402437612,-1.0352517830375796
2019-11-05,25.452892303466797,277.8047180175781,0.09162152639126979,-0.9566401734891841
2019-11-06,25.429664611816406,277.8680419921875,0.09151705402858593,-0.9765047929393155
2019-11-07,25.38321876525879,278.84527587890625,0.0910297608064263,-1.09661793508112
2019-11-08,25.23613739013672,279.5329284667969,0.09027965874558598,-1.2839377566999437
2019-11-11,25.23613739013672,278.99908447265625,0.09045240215693262,-1.2284781093278712
2019-11-12,25.282583236694336,279.5871276855469,0.09042828060786043,-1.224842323294635
2019-11-13,25.251619338989258,279.677734375,0.090288271947781,-1.2512128865930399
2019-11-14,25.205177307128906,280.0848388671875,0.08999122340599401,-1.3175317310793082
2019-11-15,25.267101287841797,282.11163330078125,0.08956419482674281,-1.4163895567722755
2019-11-18,25.344512939453125,282.31964111328125,0.08977240421357575,-1.3504478224845027
2019-11-19,25.36773681640625,282.23828125,0.08988056724288265,-1.31145643295647
2019-11-20,25.11227798461914,281.188720703125,0.08930755800525983,-1.4464781553012604
2019-11-21,25.089054107666016,280.73638916015625,0.0893687283744077,-1.4179704289285573
2019-11-22,25.23613739013672,281.360595703125,0.08969321850869406,-1.3235796108973317
2019-11-25,25.584487915039062,283.5411682128906,0.09023200431984366,-1.1755454897188469
2019-11-26,25.522563934326172,284.1837158203125,0.08981008591802607,-1.2733792722341135
2019-11-27,25.6928653717041,285.4504699707031,0.09000813827471035,-1.2124953035597965
2019-11-29,25.491592407226562,284.3917541503906,0.08963548357223546,-1.297014146054802
2019-12-02,25.313552856445312,281.97589111328125,0.08977204666861333,-1.2519805071263859
2019-12-03,25.011646270751953,280.0848388671875,0.08930025049521564,-1.3614351449078936
2019-12-04,25.267101287841797,281.8130187988281,0.08965909877243353,-1.2613335753619705
2019-12-05,25.17420768737793,282.31964111328125,0.08916916863491171,-1.373761556881253
2019-12-06,25.468374252319336,284.8984680175781,0.08939456371786439,-1.3075822350672455
2019-12-09,25.483854293823242,284.0027160644531,0.0897310231640172,-1.2136684178679331
2019-12-10,25.491592407226562,283.6860656738281,0.08985845796365573,-1.17397202978457
2019-12-11,25.538042068481445,284.4913635253906,0.08976737202850868,-1.1885054315422139
2019-12-12,25.70060920715332,286.943359375,0.08956683738258517,-1.2288135310569337
2019-12-13,26.397310256958008,287.1152648925781,0.09193976595718222,-0.6349936020266835
2019-12-16,26.948091506958008,289.0877380371094,0.09321769124465168,-0.31466355443652655
2019-12-17,26.475318908691406,289.151123046875,0.09156222057764385,-0.7201353534151065
2019-12-18,26.5068359375,289.169189453125,0.09166549170618614,-0.689000493295899
2019-12-19,26.428043365478516,290.3545227050781,0.09101991289566472,-0.842514787610709
2019-12-20,26.41227912902832,291.62750244140625,0.09056854688914352,-0.9473434651690175
2019-12-23,26.475318908691406,292.072998046875,0.09064623941868931,-0.9213965694748332
2019-12-24,26.538354873657227,292.08203125,0.09085925197138339,-0.8630355683633938
2019-12-26,26.680185317993164,293.6369323730469,0.09086113624187335,-0.8559088842598374
2019-12-27,26.774734497070312,293.5641174316406,0.09120574657188844,-0.7622230947129447
2019-12-30,26.64078712463379,291.9457092285156,0.09125253868273556,-0.7439947801436427
2019-12-31,26.86929702758789,292.6548767089844,0.09181223060330782,-0.5956656727137967
2020-01-02,26.908695220947266,295.3917541503906,0.09109494372428364,-0.7720679587732994
2020-01-03,26.664424896240234,293.1549377441406,0.09095676539316004,-0.8011373509951923
2020-01-06,26.829896926879883,294.2733459472656,0.09117338452966058,-0.7392018960521997
2020-01-07,26.656545639038086,293.4459228515625,0.09083972058634499,-0.8185850214664094
2020-01-08,26.680185317993164,295.00994873046875,0.09043825617680813,-0.9152412786015791
2020-01-09,26.69594383239746,297.01019287109375,0.0898822480613783,-1.0516373562000088
2020-01-10,26.498958587646484,296.155517578125,0.08947649803842042,-1.1487795430321106
2020-01-13,26.569875717163086,298.1922607421875,0.08910317005220668,-1.2370592474978532
2020-01-14,26.664424896240234,297.73773193359375,0.08955675427186824,-1.1107867355827559
2020-01-15,26.664424896240234,298.4105529785156,0.08935483222726365,-1.1548566645010012
2020-01-16,26.758981704711914,300.89288330078125,0.0889319195959941,-1.255595952781802
2020-01-17,26.861413955688477,301.8293762207031,0.08899535986863957,-1.2293504290054524
2020-01-21,26.577749252319336,301.2383728027344,0.08822829908765889,-1.4181645627922346
2020-01-22,26.688060760498047,301.274658203125,0.08858382221615353,-1.314536554554485
2020-01-23,26.577749252319336,301.6202087402344,0.08811660652091452,-1.425259509368014
2020-01-24,26.52259063720703,298.93792724609375,0.08872273545729419,-1.2568398354981754
2020-01-27,25.963144302368164,294.14605712890625,0.08826616462511379,-1.3650157434621397
2020-01-28,26.144376754760742,297.228515625,0.08796052659949337,-1.4328902555338223
2020-01-29,26.128618240356445,296.9830322265625,0.08798017194606403,-1.416836998688222
2020-01-30,26.112857818603516,297.94683837890625,0.08764267464853968,-1.49289972254151
2020-01-31,25.718875885009766,292.5367431640625,0.08791673690913393,-1.409994933337865
2020-02-03,25.521888732910156,294.7098388671875,0.0866000566218345,-1.7381168582087336
2020-02-04,25.923748016357422,299.2015686035156,0.08664308859526754,-1.7110340136409556
2020-02-05,26.081336975097656,302.6566467285156,0.08617467105717566,-1.8159034413355106
2020-02-06,26.01042366027832,303.6751708984375,0.08565212487845232,-1.9317599995157193
2020-02-07,25.711002349853516,302.0566711425781,0.08511979640309714,-2.0481545036010127
2020-02-10,25.805553436279297,304.3116760253906,0.08479974798642356,-2.107466386380356
2020-02-11,26.018299102783203,304.83905029296875,0.08535093872579004,-1.945318561242553
2020-02-12,26.21529197692871,306.8030090332031,0.08544665862156396,-1.9004684029843715
2020-02-13,26.05769920349121,306.47564697265625,0.0850237187224735,-1.9857927824002939
2020-02-14,25.93950653076172,306.96673583984375,0.08450266267383234,-2.0930980650528075
2020-02-18,25.813430786132812,306.1756591796875,0.08430921927397077,-2.1168423421396785
2020-02-19,25.900108337402344,307.6394958496094,0.0841898023069954,-2.122377059415434
2020-02-20,25.79767608642578,306.3757019042969,0.08420274821429621,-2.096249921869453
2020-02-21,25.766159057617188,303.2204895019531,0.0849749932794407,-1.8855899591962912
2020-02-24,24.726057052612305,293.16412353515625,0.08434202914889466,-2.0206205987376333
2020-02-25,24.1981258392334,284.2806396484375,0.08512055505840493,-1.810693742889028
2020-02-26,24.135086059570312,283.2349548339844,0.0852122439256019,-1.7730289207942715
2020-02-27,23.221059799194336,270.51446533203125,0.08584036262420441,-1.6057990135660158
2020-02-28,23.08710289001465,269.3778076171875,0.0857052891410554,-1.6259786851056968
2020-03-02,23.26833724975586,281.0436706542969,0.08279260371025228,-2.313973911329429
2020-03-03,22.976795196533203,272.99664306640625,0.08416511990202061,-1.958099019090769
2020-03-04,23.89870262145996,284.4714660644531,0.08401089554635753,-1.9771812881137676
2020-03-05,23.205297470092773,275.0152282714844,0.08437822740195827,-1.8730868976146169
2020-03-06,22.80344581604004,270.4688720703125,0.08431079569892959,-1.8744966573878994
2020-03-09,20.652320861816406,249.34683227539062,0.0828256796902356,-2.2133943778589438
2020-03-10,21.440275192260742,262.249267578125,0.08175532915787308,-2.4416370249359187
2020-03-11,20.171669006347656,249.4649200439453,0.08085974173360426,-2.61768096343729
2020-03-12,18.154502868652344,225.59683227539062,0.08047321713494086,-2.6701767735679347
2020-03-13,18.92670249938965,244.88232421875,0.07728896954801313,-3.350579224569095
2020-03-16,16.657384872436523,218.0863800048828,0.07637975774582335,-3.481095545832241
2020-03-17,17.374425888061523,229.86134338378906,0.07558654984040632,-3.5750189294984236
2020-03-18,15.948226928710938,218.2227325439453,0.07308233538638928,-4.01332019979855
2020-03-19,16.239768981933594,218.68650817871094,0.07426049790260691,-3.6589267801464884
2020-03-20,15.806391716003418,209.26235961914062,0.07553385016192685,-3.308546042120484
2020-03-23,15.491209030151367,203.911865234375,0.07597012077912127,-3.151589640578226
2020-03-24,17.279869079589844,222.38697814941406,0.0777018026117523,-2.7460042408881007
2020-03-25,17.996912002563477,225.7161102294922,0.07973250994032056,-2.297903125002133
2020-03-26,19.115808486938477,238.89569091796875,0.08001738504987267,-2.2161655333249333
2020-03-27,18.39876937866211,231.77999877929688,0.07938031527984256,-2.31861862009662
2020-03-30,18.72970962524414,239.30728149414062,0.07826635908570434,-2.510235604448262
2020-03-31,18.81638526916504,235.7402801513672,0.0798182867055353,-2.1710376948543026
2020-04-01,17.910240173339844,225.13079833984375,0.0795548201552754,-2.200081918488731
2020-04-02,18.319974899291992,230.32579040527344,0.07953939881008022,-2.1806951762751234
2020-04-03,17.768402099609375,226.99664306640625,0.07827605668340812,-2.4033897004652913
2020-04-06,18.564239501953125,242.2431182861328,0.0766347446040775,-2.688393058024388
2020-04-07,18.6903133392334,242.4900665283203,0.07707661434061491,-2.5644026368429143
2020-04-08,19.0054931640625,250.6300811767578,0.07583085428065119,-2.7633192115190495
2020-04-09,19.69101333618164,254.4440155029297,0.07738839248099713,-2.429234937477806
2020-04-13,19.47039031982422,252.1208953857422,0.07722640477710004,-2.4285251671526327
2020-04-14,19.643741607666016,259.556640625,0.07568190727220396,-2.682483923310594
2020-04-15,18.81638526916504,254.0415496826172,0.07406814079300411,-2.934904802074537
2020-04-16,18.93457794189453,255.26719665527344,0.07417552349064578,-2.863797133212695
2020-04-17,19.580699920654297,262.1633605957031,0.07468892630977063,-2.72530006730175
2020-04-20,19.178844451904297,257.54449462890625,0.07446808163979174,-2.721365507397779
2020-04-21,18.650915145874023,249.72459411621094,0.07468593636874508,-2.6408307368527564
2020-04-22,19.10004997253418,255.26719665527344,0.07482375417914709,-2.575936637147279
2020-04-23,19.163084030151367,255.24879455566406,0.07507610002041488,-2.4930937712215826
2020-04-24,19.289159774780273,258.8066711425781,0.07453115365853055,-2.549102721586421
2020-04-27,19.604339599609375,262.53814697265625,0.07467234695478824,-2.4859542865371487
2020-04-28,19.8092098236084,261.33099365234375,0.07580122643225842,-2.2596637933314474
2020-04-29,20.486854553222656,268.17230224609375,0.0763943717588794,-2.131631526766964
2020-04-30,19.895883560180664,265.6754455566406,0.07488792770628463,-2.3566614701692643
2020-05-01,19.375835418701172,258.64202880859375,0.0749137157172554,-2.32038817534637
2020-05-04,19.47039031982422,259.35552978515625,0.0750722004499114,-2.2644641060249167
2020-05-05,19.494028091430664,261.751708984375,0.074475265766438,-2.332679704119062
2020-05-06,19.35219383239746,259.9774169921875,0.0744379802534118,-2.3074191037872853
2020-05-07,19.627981185913086,263.1144714355469,0.07459863791916592,-2.251503660687177
2020-05-08,19.97468376159668,267.46807861328125,0.07468062680659952,-2.2101294580871946
2020-05-11,19.801334381103516,267.5229187011719,0.0740173383171779,-2.287926452806141
2020-05-12,19.58858299255371,262.1907958984375,0.0747111771236301,-2.1499811277466447
2020-05-13,19.297039031982422,257.5537109375,0.07492432922725463,-2.091783935270726
2020-05-14,19.068532943725586,260.6358947753906,0.07316157645959841,-2.3429430279560184
2020-05-15,19.044893264770508,261.83404541015625,0.07273650466247494,-2.3771871939444975
2020-05-18,19.919525146484375,269.8094177246094,0.07382813140650246,-2.1774855590063362
2020-05-19,19.57282066345215,267.03814697265625,0.07329597244942063,-2.2327432531745854
2020-05-20,19.97468376159668,271.57470703125,0.07355134054990696,-2.1660541027013815
2020-05-21,19.832849502563477,269.69964599609375,0.0735368021315487,-2.1417329785524633
2020-05-22,19.70677375793457,270.2118835449219,0.07293081821347203,-2.206776070812403
2020-05-26,20.100753784179688,273.5409240722656,0.07348353396243318,-2.097681300036394
2020-05-27,20.35289764404297,277.6111145019531,0.07331441927516838,-2.0991258321888746
2020-05-28,20.51049041748047,277.098876953125,0.07401867031366603,-1.9709505159899399
2020-05-29,20.274106979370117,278.3336181640625,0.07284102837846787,-2.1241001880066688
2020-06-01,20.833553314208984,279.4584655761719,0.07454973056999911,-1.8492083984601102
2020-06-02,21.07781982421875,281.7724609375,0.07480439981284766,-1.7949040570341823
2020-06-03,21.6293888092041,285.5223693847656,0.07575374516473231,-1.6383229263529129
2020-06-04,21.4875545501709,284.77239990234375,0.07545518651926791,-1.6676446988030644
2020-06-05,21.96820831298828,292.07098388671875,0.0752153056104634,-1.6879123078486593
2020-06-08,22.30703353881836,295.60137939453125,0.07546322545757055,-1.6364244411826374
2020-06-09,21.676664352416992,293.3971252441406,0.07388165216131372,-1.853214887593637
2020-06-10,21.660905838012695,291.760009765625,0.07424220288247595,-1.7828860814354834
2020-06-11,20.242586135864258,274.9403076171875,0.0736253854929448,-1.8555219396272293
2020-06-12,20.67595863342285,278.23291015625,0.0743116931128372,-1.737602005083522
2020-06-15,20.831960678100586,280.8304138183594,0.07417985963434381,-1.7399149585761415
2020-06-16,21.103960037231445,286.2356872558594,0.0737293111126535,-1.7878486340478985
2020-06-17,21.015958786010742,285.04681396484375,0.07372809572466488,-1.7702854428658445
2020-06-18,20.775959014892578,285.1565856933594,0.07285807187084861,-1.877304640468175
2020-06-19,20.711959838867188,283.5269775390625,0.07305110793562361,-1.8302475427501443
2020-06-22,20.983957290649414,285.3457946777344,0.07353869474175502,-1.7422984354727578
2020-06-23,21.13595962524414,286.659423828125,0.07373195460658158,-1.6981947487540472
2020-06-24,20.399961471557617,279.3470153808594,0.07302731136663293,-1.7822732740450438
2020-06-25,20.767959594726562,282.3418273925781,0.07355608549579178,-1.6909166218267437
2020-06-26,20.383960723876953,275.63580322265625,0.07395251446130517,-1.6195457370420347
2020-06-29,20.607961654663086,279.68701171875,0.07368222617139694,-1.6434217876885815
2020-06-30,20.607961654663086,283.26971435546875,0.07275031749000396,-1.7593775194463561
2020-07-01,20.75196075439453,285.2538757324219,0.07274909307055515,-1.742881599790966
2020-07-02,20.91196060180664,286.8247985839844,0.07290848178067653,-1.7041611271446482
2020-07-06,21.127962112426758,291.2525329589844,0.07254172829941398,-1.7388129467860676
2020-07-07,20.743961334228516,288.2486267089844,0.07196551661344637,-1.8018239082146654
2020-07-08,21.00796127319336,290.4533386230469,0.07232817970964242,-1.733412793136888
2020-07-09,20.599960327148438,288.7998352050781,0.07132954321985782,-1.8535764461767328
2020-07-10,20.83995819091797,291.7486572265625,0.07143120516484275,-1.8200846290304202
2020-07-13,20.599960327148438,289.222412109375,0.07122532509464781,-1.829015784785681
2020-07-14,20.94396209716797,292.9704284667969,0.07148831438986547,-1.7740409300492892
2020-07-15,21.31995964050293,295.6619567871094,0.07210924216352363,-1.671789342280275
2020-07-16,21.151960372924805,294.6883239746094,0.0717773954788493,-1.7005049272162653
2020-07-17,21.279958724975586,295.5426025390625,0.07200301595152586,-1.6536462059623573
2020-07-20,21.29595947265625,297.9310607910156,0.071479487288485,-1.708447162122441
2020-07-21,21.351961135864258,298.56494140625,0.07151529926888224,-1.6871326481026359
2020-07-22,21.263959884643555,300.264404296875,0.0708174514872553,-1.763833676388838
2020-07-23,21.09596061706543,296.6816711425781,0.07110638326870963,-1.7074384007646715
2020-07-24,21.015958786010742,294.77093505859375,0.07129589890479958,-1.6652773054998538
2020-07-27,21.1999568939209,296.92047119140625,0.07139944514049555,-1.6353374900745081
2020-07-28,21.19196128845215,295.037353515625,0.07182806189091523,-1.5633615963401841
2020-07-29,21.479957580566406,298.6659851074219,0.071919664948925,-1.5367325110549763
2020-07-30,21.17595863342285,297.6004333496094,0.07115567136471929,-1.622700760419204
2020-07-31,20.743961334228516,299.9520263671875,0.06915759691796418,-1.8670213852199005
2020-08-03,21.11996078491211,302.0373840332031,0.06992498909535776,-1.7472172585685257
2020-08-04,21.207958221435547,303.2039794921875,0.06994617371762431,-1.7265081513768281
2020-08-05,21.367958068847656,305.0872497558594,0.07003884326843217,-1.6967770027110292
2020-08-06,21.351961135864258,307.1265563964844,0.06952170267002242,-1.7456508460723354
2020-08-07,21.207958221435547,307.34698486328125,0.06900330657504121,-1.793143669240148
2020-08-10,21.327960968017578,308.2655944824219,0.06918696523310439,-1.75059316995562
2020-08-11,21.463958740234375,305.7210388183594,0.07020765997392459,-1.6036963434728153
2020-08-12,21.927959442138672,309.98345947265625,0.07073912743422668,-1.5212620826250869
2020-08-13,21.70395851135254,309.42315673828125,0.07014329095514449,-1.5817610640629616
2020-08-14,21.447956085205078,309.43243408203125,0.06931385893283305,-1.6700101825416842
2020-08-17,21.607959747314453,310.415283203125,0.06960984499327938,-1.6164727486205388
2020-08-18,21.61595916748047,311.0859069824219,0.06948549800008103,-1.6159836155034724
2020-08-19,21.463958740234375,309.7906799316406,0.06928535985966615,-1.6247822844560678
2020-08-20,21.423959732055664,310.7551574707031,0.06894160633223098,-1.6509140808130873
2020-08-21,21.207958221435547,311.8575134277344,0.06800528224679118,-1.7485957111967982
2020-08-24,21.543960571289062,315.0176086425781,0.06838970260780894,-1.683960291000012
2020-08-25,21.43195915222168,316.1199951171875,0.06779691093022043,-1.7386212326050892
2020-08-26,21.551958084106445,319.28924560546875,0.06749979330884581,-1.7564919256895613
2020-08-27,21.367958068847656,319.9873962402344,0.06677749911376324,-1.8244997642568594
2020-08-28,21.535959243774414,322.05426025390625,0.06687059263490429,-1.7935376851531821
2020-08-31,21.311960220336914,320.8876647949219,0.06641564185384723,-1.8282811037421867
2020-09-01,21.14396095275879,323.90997314453125,0.0652772767306062,-1.9424099002535125
2020-09-02,21.463958740234375,328.5950927734375,0.06532038734684795,-1.915362280746257
2020-09-03,20.8559627532959,317.28668212890625,0.06573223500387136,-1.8457671680490295
2020-09-04,20.927961349487305,314.6961669921875,0.06650211710397748,-1.7364926544120731
2020-09-08,20.67995834350586,306.09765625,0.06756000224521765,-1.59628964813777
2020-09-09,21.09596061706543,312.1423645019531,0.06758441985510566,-1.5783735623712458
2020-09-10,20.58396339416504,306.7223815917969,0.06710942738296587,-1.6182748546538857
2020-09-11,20.791959762573242,306.87860107421875,0.06775304530779158,-1.5288999010422082
2020-09-14,20.879961013793945,310.9205322265625,0.06715529805725108,-1.5836091218607327
2020-09-15,21.11996078491211,312.49139404296875,0.06758573575951994,-1.5197320419195082
2020-09-16,21.223960876464844,311.2511901855469,0.06818917178698194,-1.4372579705773032
2020-09-17,21.14396095275879,308.5137023925781,0.0685349168895373,-1.38535305397002
2020-09-18,20.887962341308594,304.9619140625,0.06849367536769768,-1.3784234352791085
2020-09-21,20.167959213256836,301.5677795410156,0.06687703588212358,-1.5507316751306714
2020-09-22,20.231962203979492,304.6390380859375,0.06641290075985644,-1.5893732095938344
2020-09-23,20.0799617767334,297.57421875,0.06747883556943186,-1.4543452561567742
2020-09-24,20.055957794189453,298.36737060546875,0.06721900505906676,-1.4709839051878468
2020-09-25,20.17596435546875,303.19110107421875,0.06654537116684647,-1.534262979084533
2020-09-28,20.55995750427246,308.2268371582031,0.06670398234570236,-1.5030575628682488
2020-09-29,20.431962966918945,306.5483093261719,0.0666516902729972,-1.4959374697410912
2020-09-30,20.3919620513916,308.8725280761719,0.06602064022463884,-1.5538830742152019
2020-10-01,20.431962966918945,310.8554992675781,0.06572816956772422,-1.5725527445966843
2020-10-02,20.59195899963379,307.9040832519531,0.06687783670209956,-1.4297629805628054
2020-10-05,20.8559627532959,313.36419677734375,0.066555027561476,-1.4533891984827054
2020-10-06,20.543962478637695,308.90936279296875,0.06650482294512476,-1.4463492678017336
2020-10-07,20.67995834350586,314.2864685058594,0.06579970955103437,-1.512278359694487
2020-10-08,20.903961181640625,317.0718688964844,0.06592814825986729,-1.4845291608425029
2020-10-09,21.09596061706543,319.9032287597656,0.06594481930942823,-1.4698170982935297
2020-10-12,21.167957305908203,325.0498352050781,0.06512219054826798,-1.54885119828094
2020-10-13,20.791959762573242,322.92852783203125,0.06438563945452357,-1.6168021382559241
2020-10-14,20.69596290588379,320.8993835449219,0.0644936200165265,-1.590832984015917
2020-10-15,20.335962295532227,320.5028381347656,0.06345017851910979,-1.6918760598733824
2020-10-16,20.53596305847168,320.3091735839844,0.06411294072127845,-1.6042176399884769
2020-10-19,20.335962295532227,315.4393310546875,0.06446869585836966,-1.5518789279435974
2020-10-20,20.455961227416992,316.70281982421875,0.06459039814918849,-1.5259037847907544
2020-10-21,20.35996437072754,316.10333251953125,0.06440920508001777,-1.5337018343741093
2020-10-22,20.407962799072266,317.83721923828125,0.06420885146170531,-1.5439285568879193
2020-10-23,20.615962982177734,318.91644287109375,0.06464377564411353,-1.4844164567084814
2020-10-26,20.30396270751953,313.02288818359375,0.06486414723645026,-1.4489235741833582
2020-10-27,20.103965759277344,311.9437561035156,0.06444740555283315,-1.4840065417582873
2020-10-28,19.32796287536621,301.2818908691406,0.06415242157306147,-1.5051664585936708
2020-10-29,19.519960403442383,304.3439636230469,0.06413782672430243,-1.4954785673579947
2020-10-30,19.47196388244629,301.1712341308594,0.06465412919875904,-1.4272240543953083
2020-11-02,19.69596290588379,304.5469055175781,0.06467300290709065,-1.414472884890359
2020-11-03,20.247962951660156,309.923828125,0.06533206263667357,-1.3310696153047117
2020-11-04,20.431962966918945,316.8504333496094,0.06448456690092179,-1.415635793997807
2020-11-05,20.82396125793457,323.0298767089844,0.06446450548193333,-1.407632923175726
2020-11-06,20.879961013793945,322.9560852050781,0.06465263226278924,-1.3763857670068218
2020-11-09,21.86395835876465,327.0143127441406,0.06685933155430794,-1.1201607129642057
2020-11-10,22.503957748413086,326.5347900390625,0.06891748884007427,-0.8815215547382101
2020-11-11,22.767953872680664,328.96044921875,0.06921182752137044,-0.8416089134353287
2020-11-12,22.303956985473633,325.7691955566406,0.0684655188080719,-0.9192746189548385
2020-11-13,22.647958755493164,330.279296875,0.06857214172907931,-0.9002436363878346
2020-11-16,22.967958450317383,334.40203857421875,0.06868366756448396,-0.8806474749444114
2020-11-17,22.823957443237305,332.603515625,0.0686221172387444,-0.880869588661074
2020-11-18,22.68796157836914,328.6006774902344,0.06904417164217015,-0.8258356845282331
2020-11-19,22.879959106445312,329.98419189453125,0.06933653086556991,-0.7856457428383847
2020-11-20,22.863954544067383,327.7244567871094,0.06976578668622178,-0.7296920826029885
2020-11-23,22.903955459594727,329.6890563964844,0.06947138528022723,-0.7574667102612194
2020-11-24,23.343955993652344,335.00152587890625,0.06968313333023604,-0.7265654674942779
2020-11-25,23.17595100402832,334.4849548339844,0.06928847073415093,-0.7663779884287488
2020-11-27,23.151958465576172,335.4165954589844,0.06902448709758982,-0.7910278063496357
2020-11-30,22.60795783996582,333.9316101074219,0.0677023592725861,-0.9401430720859396
2020-12-01,23.271957397460938,337.583984375,0.06893679343392559,-0.7876481896213149
2020-12-02,23.343955993652344,338.2942199707031,0.069004891646313,-0.7731911096641245
2020-12-03,23.631956100463867,338.20196533203125,0.06987527726890377,-0.6631124899511067
2020-12-04,23.87995719909668,341.1164855957031,0.07000528619246975,-0.6413714029568671
2020-12-07,23.6479549407959,340.4154968261719,0.06946791541887817,-0.699980248038988
2020-12-08,23.751956939697266,341.4115295410156,0.06956987355297799,-0.6815167917383776
2020-12-09,23.839956283569336,338.3494873046875,0.07045956083303058,-0.5670750720971744
2020-12-10,23.75995635986328,338.2388610839844,0.07024608669659547,-0.5871402708374804
2020-12-11,23.495954513549805,337.84222412109375,0.0695471224021071,-0.667181544257514
2020-12-14,23.440933227539062,336.3297424316406,0.06969628394462751,-0.6429730935579354
2020-12-15,23.78077507019043,340.8766784667969,0.06976357308206639,-0.6291119915111528
2020-12-16,23.983060836791992,341.4115295410156,0.0702467806785382,-0.5622163635169051
2020-12-17,24.04779052734375,343.32073974609375,0.07004467759544189,-0.5820904753732323
2020-12-18,23.772682189941406,341.9498596191406,0.06952095905645089,-0.6435770443553595
2020-12-21,23.36811065673828,340.7272644042969,0.06858303722067388,-0.7593662468280943
2020-12-22,23.319562911987305,340.1530456542969,0.0685560902949767,-0.7574077233395549
2020-12-23,23.76459312438965,340.4587097167969,0.06980168944468393,-0.5879349870859992
2020-12-24,23.813140869140625,341.7832336425781,0.06967322713683305,-0.5992413463141241
2020-12-28,23.78077507019043,344.71942138671875,0.06898588705715045,-0.6859328596099408
2020-12-29,24.015424728393555,344.0617980957031,0.06979974196877707,-0.5703262455191622
2020-12-30,23.966876983642578,344.55267333984375,0.06955939929684786,-0.5977713407915815
2020-12-31,23.699859619140625,346.30328369140625,0.06843671641375416,-0.747945133906324
2021-01-04,24.015424728393555,341.5887145996094,0.07030508825955521,-0.48133666540288567
2021-01-05,24.387636184692383,343.94122314453125,0.07090640651249935,-0.3898544585235433
2021-01-06,25.12395477294922,345.99755859375,0.07261309841335699,-0.13768647075312157
2021-01-07,25.12395477294922,351.13824462890625,0.07155003807546224,-0.28373892781916166
2021-01-08,25.29387855529785,353.1389465332031,0.07162585379950338,-0.2650939022512491
2021-01-11,24.84075355529785,350.7584228515625,0.07082011988008685,-0.37743589886072887
2021-01-12,24.97831153869629,350.83258056640625,0.07119724028586435,-0.31388150181337526
2021-01-13,24.85693359375,351.7774353027344,0.07066096656358443,-0.38821844302458103
2021-01-14,25.164413452148438,350.5454406738281,0.07178645200398757,-0.20793523282030454
2021-01-15,24.71938133239746,347.9890441894531,0.07103494131539288,-0.31706803505164793
2021-01-19,24.84075355529785,350.7214660644531,0.07082758245180462,-0.3424852784126017
2021-01-20,25.002580642700195,355.574951171875,0.07031592231201529,-0.41715424246111243
2021-01-21,25.018766403198242,355.899169921875,0.07029734407273336,-0.4136146488844379
2021-01-22,24.77602195739746,354.6394958496094,0.0698625568989195,-0.4782140953993058
2021-01-25,24.703197479248047,356.0380859375,0.06938358129356004,-0.5516895451858967
2021-01-26,24.759841918945312,355.482421875,0.06965138188366382,-0.5012906027846681
2021-01-27,24.17725372314453,346.79412841796875,0.06971644483555164,-0.4843979946844465
2021-01-28,24.258167266845703,349.7766418457031,0.06935330826792803,-0.5411821796128631
2021-01-29,23.643217086791992,342.77435302734375,0.06897603883714698,-0.6017376257853017
2021-02-01,23.942604064941406,348.4799499511719,0.06870582961314183,-0.6449790190072837
2021-02-02,24.088247299194336,353.407470703125,0.06815998329426752,-0.7381012730047325
2021-02-03,24.04779052734375,353.6853942871094,0.0679920373184045,-0.7645603863944185
2021-02-04,23.999242782592773,357.70526123046875,0.06709222755079947,-0.9257926757579739
2021-02-05,24.112525939941406,359.1131896972656,0.06714464027419433,-0.9125502899871321
2021-02-08,24.23389434814453,361.7066955566406,0.0669987441367385,-0.9360379616127517
2021-02-09,24.41190528869629,361.4658508300781,0.06753585499885052,-0.8303503153553553
2021-02-10,24.330995559692383,361.3083190917969,0.06734136545998172,-0.8640479684652436
2021-02-11,24.36336326599121,361.8918762207031,0.06732221657037968,-0.8646509892145854
2021-02-12,24.71129035949707,363.6795349121094,0.06794798163572514,-0.7382325642896028
2021-02-16,25.32623863220215,363.3646545410156,0.06969923550817844,-0.38459235411393045
2021-02-17,25.229143142700195,363.447998046875,0.06941610155587187,-0.4350576309379737
2021-02-18,25.083499908447266,361.90118408203125,0.06931035600801363,-0.4503419636222469
2021-02-19,25.059221267700195,361.2620849609375,0.06936576604879473,-0.43261467431993134
2021-02-22,25.099681854248047,358.4833679199219,0.0700163078691417,-0.28909335136832476
2021-02-23,25.37479019165039,358.9186706542969,0.07069788302010867,-0.13515294613129294
2021-02-24,25.593259811401367,362.8736267089844,0.07052940177415132,-0.16183283834361836
2021-02-25,25.083499908447266,354.1299743652344,0.070831337995064,-0.08474080677691051
2021-02-26,24.5737361907959,352.30523681640625,0.06975126572870614,-0.318580934023825
2021-03-01,24.97831153869629,360.84521484375,0.06922167874530961,-0.43408168553567
2021-03-02,25.132043838500977,358.02947998046875,0.07019545943499396,-0.1980897285074634
2021-03-03,25.164413452148438,353.28717041015625,0.07122934417044717,0.060242522802123104
2021-03-04,24.986398696899414,348.915283203125,0.07161164872893601,0.16788729084227338
2021-03-05,25.31005859375,355.3341369628906,0.07122889686332969,0.0883264963545223
2021-03-08,25.245325088500977,353.56500244140625,0.07140221717132396,0.1484017234445405
2021-03-09,25.43951988220215,358.61297607421875,0.07093864856952965,0.041692791458412315
2021-03-10,25.56089210510254,360.84521484375,0.07083616756888599,0.026565163376976522
2021-03-11,25.60944366455078,364.50390625,0.0702583517636878,-0.11867316862232866
2021-03-12,25.78745460510254,364.99481201171875,0.07065156477970594,-0.001204786987843048
2021-03-15,25.657989501953125,367.1715087890625,0.06988012110899776,-0.20720704082053107
2021-03-16,25.722721099853516,366.7083435058594,0.07014490276914714,-0.1274821597716171
2021-03-17,25.779361724853516,367.9588317871094,0.0700604510554831,-0.14548521063646705
2021-03-18,25.512346267700195,362.60516357421875,0.07035847481106892,-0.059040035223492125
2021-03-19,25.399063110351562,361.93426513671875,0.07017590086630013,-0.10590855542056181
2021-03-22,25.358606338500977,364.82421875,0.06950910886724396,-0.2876185676747896
2021-03-23,24.97831153869629,361.95281982421875,0.06900985479496174,-0.42247600995024415
2021-03-24,24.95403480529785,360.11279296875,0.06929505225176302,-0.334964528266484
2021-03-25,25.148231506347656,362.1386413574219,0.06944365675003175,-0.2848357418524313
2021-03-26,25.53662109375,367.9745178222656,0.06939779755641769,-0.2903798218367734
2021-03-29,25.47998046875,367.7886962890625,0.06927885692474921,-0.3179957492292098
2021-03-30,25.43143081665039,366.81292724609375,0.06933079214950491,-0.29519066548373996
2021-03-31,25.334331512451172,368.2997131347656,0.06878726919665293,-0.4532663796065171
2021-04-01,25.62562370300293,372.2770080566406,0.06883482769127681,-0.4325583755774992
2021-04-05,25.97355842590332,377.620361328125,0.0687821979051976,-0.4430144181699431
2021-04-06,25.78745460510254,377.39727783203125,0.06832973134633949,-0.5811771222521785
2021-04-07,25.900732040405273,377.83404541015625,0.06855055110846042,-0.504171329847203
2021-04-08,26.062562942504883,379.6276550292969,0.0686529619147308,-0.4647725933655023
2021-04-09,25.981647491455078,382.38751220703125,0.06794585770203751,-0.6898235303793853
2021-04-12,25.908824920654297,382.5269470214844,0.06773071837785886,-0.7559617466219173
2021-04-13,25.908824920654297,383.66070556640625,0.0675305668387503,-0.8180700339263366
2021-04-14,26.10301971435547,382.3504638671875,0.06826987850450879,-0.5638081268716922
2021-04-15,26.378128051757812,386.4577941894531,0.06825616781020716,-0.5624886578505728
2021-04-16,26.548051834106445,387.74945068359375,0.0684670262905668,-0.48510522885367574
2021-04-19,26.726062774658203,385.8443908691406,0.06926642814336613,-0.20677496838440212
2021-04-20,26.21630096435547,383.0195007324219,0.06844638697043842,-0.48135960118654375
2021-04-21,26.418588638305664,386.64361572265625,0.06832800947437863,-0.5159655157014005
2021-04-22,26.10301971435547,383.11236572265625,0.06813410907559178,-0.576851641091349
2021-04-23,26.264846801757812,387.2662353515625,0.06782116385105051,-0.6795026266619656
2021-04-26,26.41049575805664,388.0747375488281,0.06805517907419478,-0.5916497410834765
2021-04-27,26.402406692504883,387.99102783203125,0.0680490135043406,-0.5877173289455181
2021-04-28,26.53995704650879,387.8796081542969,0.06842318206104639,-0.4493173596170638
2021-04-29,26.58850860595703,390.3513488769531,0.06811429929076096,-0.5536263392531627
2021-04-30,26.321487426757812,387.7866516113281,0.06787620800609555,-0.6333335208038255
2021-05-03,26.701786041259766,388.62298583984375,0.06870871516659052,-0.3251287323481035
2021-05-04,26.42667579650879,386.2254638671875,0.06842292460964254,-0.42302453306389554
2021-05-05,26.839340209960938,386.3462219238281,0.0694696587851002,-0.031015853483060768
2021-05-06,27.049720764160156,389.4314270019531,0.06945952198157981,-0.02763675926825135
2021-05-07,27.421920776367188,392.2657470703125,0.06990648809173718,0.14687320364086334
2021-05-10,27.446197509765625,388.3813781738281,0.07066816035006063,0.44182125878374157
2021-05-11,27.033538818359375,384.9151916503906,0.07023245484920558,0.2844421365642808
2021-05-12,26.952625274658203,376.7375793457031,0.07154217352425533,0.7923498060647125
2021-05-13,26.9849853515625,381.2630615234375,0.07077786461593433,0.5103720362518345
2021-05-14,27.3814697265625,387.1175537109375,0.07073166655472403,0.4980625958808118
2021-05-17,27.486656188964844,386.1324462890625,0.07118452865882208,0.6773951023510129
2021-05-18,27.36528778076172,382.8057556152344,0.07148609282736886,0.8016922257896696
2021-05-19,27.114450454711914,381.80206298828125,0.07101703495914359,0.6246859849734426
2021-05-20,27.45429229736328,385.909423828125,0.07114180323720412,0.680199075148503
2021-05-21,27.34910011291504,385.5935363769531,0.07092727842351274,0.6026844378613443
2021-05-24,27.46238136291504,389.5244140625,0.07050233662249639,0.4402303191218715
2021-05-25,27.276281356811523,388.6601257324219,0.07018029262819267,0.3194261505569683
2021-05-26,27.26009750366211,389.4314270019531,0.06999973708728287,0.25396968304271267
2021-05-27,27.413833618164062,389.6358642578125,0.07035757262844008,0.4056867635936766
2021-05-28,27.34101104736328,390.3328857421875,0.07004536908381799,0.28545811178771807
2021-06-01,27.543298721313477,389.9890441894531,0.07062582688331417,0.5309461275480556
2021-06-02,27.672765731811523,390.60223388671875,0.07084640929072898,0.633167827600551
2021-06-03,27.438112258911133,389.15264892578125,0.07050732491389028,0.5091153551788965
2021-06-04,27.599939346313477,392.7118225097656,0.07028038822443942,0.4285360159260874
2021-06-07,27.6080322265625,392.330810546875,0.07036926869974679,0.4801438768191452
2021-06-08,27.656583786010742,392.4143981933594,0.07047800466379207,0.542584051099794
2021-06-09,27.470474243164062,391.8290100097656,0.07010832159282798,0.39172073431093296
2021-06-10,27.582386016845703,393.6502990722656,0.07006824605963827,0.38506783763200636
2021-06-11,27.763412475585938,394.3008117675781,0.07041175581436837,0.5462817828807764
2021-06-14,27.788101196289062,395.18365478515625,0.07031692950812,0.5162821043790178
2021-06-15,27.837472915649414,394.45892333984375,0.07057128453313301,0.6430139131583479
2021-06-16,27.656444549560547,392.2564697265625,0.07050602522589249,0.6241352302604954
2021-06-17,27.417814254760742,392.1263122558594,0.06992087344771404,0.36670312986432224
2021-06-18,26.65254783630371,386.8364562988281,0.06889874881832447,-0.09789479863040286
2021-06-21,27.146268844604492,392.3742370605469,0.06918463619826186,0.04210047441718817
2021-06-22,27.162723541259766,394.4720153808594,0.0688584297039028,-0.10242922858526544
2021-06-23,27.162723541259766,393.9966125488281,0.06894151542456087,-0.05487213665487384
2021-06-24,27.286155700683594,396.327392578125,0.06884751397874897,-0.09234972507384552
2021-06-25,27.35198402404785,397.735107421875,0.06876934802498032,-0.12183550413156341
2021-06-28,27.031064987182617,398.5369567871094,0.06782574244832727,-0.5725342898412458
2021-06-29,26.98992156982422,398.75140380859375,0.06768608539565106,-0.635362793074364
2021-06-30,26.90764045715332,399.0870361328125,0.0674229880225894,-0.7592271497364877
2021-07-01,27.08043670654297,401.2965393066406,0.06748235794241458,-0.7237806405001422
2021-07-02,27.187414169311523,404.36395263671875,0.06723500943155718,-0.8415878010645286
2021-07-06,27.01460838317871,403.6273193359375,0.06692958352676459,-0.988668252745313
2021-07-07,27.19563865661621,405.0538635253906,0.06714079559671071,-0.875189683731535
2021-07-08,26.759523391723633,401.75347900390625,0.06660682430945035,-1.1384546078453879
2021-07-09,27.294382095336914,406.0420227050781,0.06722058449393976,-0.8194270622295123
2021-07-12,27.319072723388672,407.4964294433594,0.0670412566821912,-0.9036653335711413
2021-07-13,27.21209716796875,406.1073303222656,0.06700715583334742,-0.9137893530466865
2021-07-14,27.138036727905273,406.71331787109375,0.06672522274401295,-1.0499785653077405
2021-07-15,26.825349807739258,405.32421875,0.06618244991741999,-1.3190688724094484
2021-07-16,26.586721420288086,402.1450500488281,0.06611226824017838,-1.3451964673032775
2021-07-19,25.870826721191406,396.20623779296875,0.06529636399795855,-1.7501082497873075
2021-07-20,26.010719299316406,401.8840026855469,0.06472195739442863,-2.0230192433454146
2021-07-21,26.52912139892578,405.1376953125,0.06548174042028534,-1.6203281204932627
2021-07-22,26.46329116821289,405.9861755371094,0.06518273961718679,-1.7551481297253246
2021-07-23,26.69369125366211,410.1629333496094,0.06508070106595733,-1.7891066768926638
2021-07-26,26.84181022644043,411.1698303222656,0.06528156554045424,-1.6718956700758785
2021-07-27,26.87472152709961,409.2958984375,0.0656608620552874,-1.4678535583341346
2021-07-28,26.89118194580078,409.12811279296875,0.06572802284894202,-1.4236300017528367
2021-07-29,27.21209716796875,410.8248291015625,0.06623771310872129,-1.1574101569183715
2021-07-30,26.9816951751709,408.8296813964844,0.06599739794578163,-1.2697903844055882
2021-08-02,27.07221031188965,407.9720153808594,0.06635800812616174,-1.078285796151683
2021-08-03,27.393123626708984,411.29107666015625,0.0666027667051564,-0.9465679697388503
2021-08-04,27.319072723388672,409.2679443359375,0.06675106883270703,-0.8645267970681646
2021-08-05,27.42603874206543,411.8597412109375,0.06659072494298235,-0.9385104158283452
2021-08-06,27.35198402404785,412.54034423828125,0.06630135550633438,-1.0769464354389426
2021-08-09,27.327299118041992,412.2047424316406,0.06629545054924715,-1.0722039450646206
2021-08-10,27.46718406677246,412.7174987792969,0.06655202201993549,-0.935921634618363
2021-08-11,27.722274780273438,413.7430419921875,0.06700360360573002,-0.7021336053546067
2021-08-12,27.598844528198242,414.98297119140625,0.06650596878460487,-0.9458592174088616
2021-08-13,27.746959686279297,415.7381591796875,0.06674143105128509,-0.8202396631379723
2021-08-16,27.516557693481445,416.7171630859375,0.06603173598541427,-1.169744472218999
2021-08-17,27.35198402404785,413.9854431152344,0.06606991738217792,-1.1413400236289386
2021-08-18,27.20387077331543,409.4542541503906,0.06643934089722163,-0.9481926146633264
2021-08-19,26.78420639038086,410.0883483886719,0.06531325870540323,-1.5004560035778762
2021-08-20,26.90764045715332,413.35137939453125,0.06509628804569877,-1.5936474742227984
2021-08-23,27.088668823242188,416.98748779296875,0.06496278573397271,-1.6452559712695645
2021-08-24,27.12158203125,417.6493835449219,0.06493863776607929,-1.6415286404079956
2021-08-25,27.245012283325195,418.52581787109375,0.06509756655374765,-1.5505480455937604
2021-08-26,27.08043670654297,416.05517578125,0.0650885706581886,-1.54329148555639
2021-08-27,27.319072723388672,419.7750549316406,0.06508026716317747,-1.5383205531538828
2021-08-30,27.302614212036133,421.62109375,0.06475628144977301,-1.6837957040193758
2021-08-31,27.162723541259766,420.9964294433594,0.06452008055549133,-1.7858426083387937
2021-09-01,27.327299118041992,421.2201232910156,0.06487652798857833,-1.611387601165579
2021-09-02,27.516557693481445,422.51611328125,0.06512546345224214,-1.4903630483973145
2021-09-03,27.541240692138672,422.41363525390625,0.06519969620673836,-1.4516630221874938
2021-09-07,27.27792739868164,420.9031677246094,0.06480808292830235,-1.6301185763668775
2021-09-08,27.12158203125,420.3905029296875,0.06451521107694058,-1.7539643621573455
2021-09-09,26.924097061157227,418.591064453125,0.06432076398079029,-1.8282847147916277
2021-09-10,26.940549850463867,415.2906188964844,0.06487155891469604,-1.5569637335269242
2021-09-13,27.17095184326172,416.35345458984375,0.06525934045636356,-1.3648142467497977
2021-09-14,26.940549850463867,414.1067199707031,0.06505702165946459,-1.450293760782642
2021-09-15,27.138036727905273,417.5655517578125,0.06499108131325282,-1.4701041011742813
2021-09-16,27.07221031188965,416.903564453125,0.06493638486253225,-1.4829773786972806
2021-09-17,26.627864837646484,412.84246826171875,0.06449885097762259,-1.6689246035167418
2021-09-20,26.20820426940918,405.958740234375,0.06455878805387516,-1.6255648310065016
2021-09-21,26.42214584350586,405.5752258300781,0.0651473368212481,-1.3487082274429312
2021-09-22,26.726606369018555,409.53143310546875,0.06526142857057693,-1.291716586692285
2021-09-23,27.039297103881836,414.50732421875,0.0652323747351018,-1.2967183418404675
2021-09-24,26.800662994384766,415.190185546875,0.06455032880674624,-1.5941033917502592
2021-09-27,26.940549850463867,414.0022277832031,0.06507344174140915,-1.3512808518944606
2021-09-28,26.44683074951172,405.6593322753906,0.06519468096830992,-1.2905739838121473
2021-09-29,26.496204376220703,406.3421630859375,0.06520663318568053,-1.279446423952631
2021-09-30,26.537349700927734,401.3757019042969,0.06611598453773677,-0.8717767511704441
2021-10-01,26.65254783630371,406.145751953125,0.06562311118147506,-1.0925270434497296
2021-10-04,26.701921463012695,400.9080505371094,0.06660360505916325,-0.6519818867437858
2021-10-05,26.882953643798828,405.0794677734375,0.06636464146544838,-0.7586307860828234
2021-10-06,26.710145950317383,406.76300048828125,0.06566513158338967,-1.06936698466706
2021-10-07,26.858264923095703,410.2796630859375,0.06546331037000475,-1.1583887018163914
2021-10-08,26.9816951751709,409.53143310546875,0.06588430824605876,-0.9698432460965679
2021-10-11,26.973466873168945,406.566650390625,0.06634451410919494,-0.7650937204070619
2021-10-12,27.047521591186523,405.56585693359375,0.06669082500111742,-0.6144826583849239
2021-10-13,27.34375762939453,407.0249328613281,0.06717956425217432,-0.402107179519327
2021-10-14,27.541240692138672,413.8713073730469,0.06654542173254381,-0.6949081399153749
2021-10-15,27.771642684936523,417.0232849121094,0.06659494491006562,-0.6835279674592339
2021-10-18,27.598844528198242,418.2579650878906,0.06598522163803565,-0.9700586827804074
2021-10-19,27.821014404296875,421.48468017578125,0.066007178226962,-0.9663632579136604
2021-10-20,27.86216163635254,423.1401672363281,0.06584617531899598,-1.0460464023595506
2021-10-21,27.746959686279297,424.24383544921875,0.06540333027325876,-1.2559250290587793
2021-10-22,27.763412475585938,423.80426025390625,0.06550998911373034,-1.2133008710643651
2021-10-25,27.779869079589844,426.0770568847656,0.06519916674861709,-1.3609627516977165
2021-10-26,27.952674865722656,426.4604797363281,0.06554575674399003,-1.2028582791124958
2021-10-27,27.8045597076416,424.5711669921875,0.06548857263346201,-1.2349937049406012
2021-10-28,27.952674865722656,428.6677551269531,0.06520825168537406,-1.372488250599356
2021-10-29,27.71404457092285,429.5376281738281,0.06452064441652909,-1.6981427079872458
2021-11-01,27.8868408203125,430.2764587402344,0.06481144913658474,-1.5624908273871527
2021-11-02,27.672901153564453,432.0162048339844,0.06405523877095912,-1.9130126519573663
2021-11-03,27.8045597076416,434.6537780761719,0.06396944214015075,-1.9426754342136154
2021-11-04,27.47541046142578,436.7020263671875,0.06291569262910615,-2.417661875902536
2021-11-05,27.590614318847656,438.21734619140625,0.06296102735010523,-2.38031779106156
2021-11-08,27.664674758911133,438.59136962890625,0.06307619500656914,-2.311116026669382
2021-11-09,27.590614318847656,437.1416320800781,0.06311596126765946,-2.2639628293060152
2021-11-10,27.450727462768555,433.6248779296875,0.06330524114259815,-2.1482376985434017
2021-11-11,27.598844528198242,433.7652587890625,0.0636262217155095,-1.9789257625671188
2021-11-12,27.574155807495117,437.038818359375,0.06309315019431756,-2.186854212357733
2021-11-15,27.549470901489258,437.1884460449219,0.06301509372152644,-2.1906021577753996
2021-11-16,27.483642578125,438.9187927246094,0.06261669136452093,-2.3296367487693517
2021-11-17,27.500097274780273,437.8525085449219,0.06280675966929826,-2.2153514030137944
2021-11-18,27.4424991607666,439.3396301269531,0.06246306337727084,-2.327325384579835
2021-11-19,27.154495239257812,438.5540771484375,0.06191823689297688,-2.5160001580561815
2021-11-22,27.138036727905273,437.3193359375,0.0620554238008441,-2.4196266653718657
2021-11-23,27.34375762939453,437.8992919921875,0.062443027722187704,-2.226372948277671
2021-11-24,27.25324249267578,439.068359375,0.0620706136317131,-2.343970546057047
2021-11-26,26.3974666595459,429.2757568359375,0.06149302922232014,-2.5356837003556545
2021-11-29,26.603181838989258,434.5414733886719,0.061221272233304806,-2.5982670582491427
2021-11-30,26.364547729492188,426.0864562988281,0.06187605200715857,-2.303716073993359
2021-12-01,26.1752872467041,421.3537902832031,0.062121874420806786,-2.176392420538625
2021-12-02,26.726606369018555,427.8073425292969,0.062473463431002886,-2.013667965047969
2021-12-03,26.537349700927734,424.0848693847656,0.06257556356449682,-1.9507693025489965
2021-12-06,26.932321548461914,429.1074523925781,0.0627635838023673,-1.8575197124318037
2021-12-07,27.27792739868164,437.98345947265625,0.06228072501076865,-2.0167918513095606
2021-12-08,27.310842514038086,439.1431884765625,0.06219120148210085,-2.0251708659403262
2021-12-09,27.17095184326172,436.17828369140625,0.06229322471837002,-1.9638793857485368
2021-12-10,27.20387077331543,440.2842712402344,0.06178706020245737,-2.1261586825666474
2021-12-13,26.887739181518555,436.3840637207031,0.06161485126717962,-2.1606765197709215
2021-12-14,26.862384796142578,433.3818054199219,0.061983185404182996,-1.9998377017388924
2021-12-15,26.980722427368164,440.1533508300781,0.06129845967657784,-2.219881085552664
2021-12-16,27.183582305908203,436.2718811035156,0.062308811278759146,-1.832292786217921
2021-12-17,26.921552658081055,431.62860107421875,0.06237203139708501,-1.7901714338161467
2021-12-20,26.887739181518555,427.0389404296875,0.06296320226549844,-1.5618985470885753
2021-12-21,27.251205444335938,434.6227111816406,0.06270083164831881,-1.6395735098897568
2021-12-22,27.640026092529297,438.96844482421875,0.06296586102811448,-1.5303179337084942
2021-12-23,27.8090763092041,441.69970703125,0.06295923648243812,-1.5184491582442095
2021-12-27,28.164085388183594,447.9507141113281,0.06287317890330238,-1.534439854933787
2021-12-28,28.113365173339844,447.5846252441406,0.06281128436439268,-1.541509177520229
2021-12-29,28.13872528076172,448.1572265625,0.06278761919470575,-1.5353702451889917
2021-12-30,28.011940002441406,446.9182434082031,0.06267799629037756,-1.558880658221511
2021-12-31,28.011940002441406,445.79193115234375,0.06283635491120784,-1.4896398358439913
2022-01-03,28.341590881347656,448.3730163574219,0.06320984949450008,-1.3480514981540823
2022-01-04,28.527545928955078,448.2228698730469,0.06364589548283228,-1.1870508657106613
2022-01-05,28.409212112426758,439.61602783203125,0.0646227851439515,-0.8407339326548957
2022-01-06,28.38385581970215,439.2030944824219,0.0646258101918682,-0.8330991868590446
2022-01-07,28.721956253051758,437.4666442871094,0.06565519138003477,-0.46477907448081524
2022-01-10,28.637432098388672,436.9222717285156,0.06554353932358642,-0.49846534706370343
2022-01-11,28.916366577148438,440.90191650390625,0.0655845790066831,-0.4779621096523915
2022-01-12,29.186853408813477,442.0938720703125,0.06601958374164361,-0.31748979024715357
2022-01-13,29.153043746948242,436.00250244140625,0.06686439546494594,-0.008580793929906117
2022-01-14,29.229114532470703,436.1808166503906,0.06701146271615732,0.05027742145544222
2022-01-18,29.076969146728516,428.4561767578125,0.06786451152777861,0.36408657692010515
2022-01-19,29.229114532470703,424.00732421875,0.06893540008141719,0.7559381124090897
2022-01-20,28.924819946289062,419.3144226074219,0.0689812188343676,0.775983778039395
2022-01-21,28.48528480529785,411.0830078125,0.06929326745193598,0.8911465498305878
2022-01-24,28.24015998840332,412.8287353515625,0.06840647845008697,0.5700413616369063
2022-01-25,28.392305374145508,407.78851318359375,0.06962507392002673,1.014613550824923
2022-01-26,28.299325942993164,406.7655029296875,0.0695715977367061,0.9955306190958695
2022-01-27,28.561357498168945,404.7568664550781,0.07056423217304164,1.353239488526427
2022-01-28,28.519092559814453,414.80908203125,0.06875233401390653,0.6939705161808026
2022-01-31,28.6458797454834,422.2803039550781,0.06783617298080453,0.36178780264426097
2022-02-01,28.97553253173828,425.1335754394531,0.06815630240868834,0.4784657859856659
2022-02-02,29.237565994262695,429.26336669921875,0.06811102055850299,0.4617555430024675
2022-02-03,28.941722869873047,419.173583984375,0.06904472031556233,0.7981887282010113
2022-02-04,28.86565589904785,421.1446533203125,0.06854095302284018,0.6123723229030583
2022-02-07,29.026248931884766,419.7930603027344,0.06914418478226497,0.8275402701720003
2022-02-08,29.153043746948242,423.24700927734375,0.06887950324025785,0.7287813623296938
2022-02-09,29.381256103515625,429.4416809082031,0.06841733676474716,0.5592123746042768
2022-02-10,29.262924194335938,421.72650146484375,0.069388392934029,0.9069494143778164
2022-02-11,29.127681732177734,413.4106140136719,0.07045702443240719,1.286376305180831
2022-02-14,28.823389053344727,412.0591125488281,0.06994964599873815,1.1024421804246496
2022-02-15,29.14458656311035,418.7042236328125,0.06960662185406812,0.9781373678197883
2022-02-16,29.296733856201172,419.173583984375,0.06989165103804162,1.079251011418011
2022-02-17,28.992435455322266,410.21942138671875,0.07067543354557743,1.357031777670472
2022-02-18,28.96708106994629,407.56317138671875,0.07107384352562293,1.495864659729874
2022-02-22,28.81493377685547,403.18939208984375,0.07146748982531406,1.633390599119053
2022-02-23,28.823389053344727,396.03741455078125,0.07277945970341874,2.089026027414976
2022-02-24,27.84288215637207,401.99737548828125,0.06926135306866879,0.8392842432135307
2022-02-25,28.924819946289062,410.8670349121094,0.07039946622263457,1.2437704646862993
2022-02-28,28.307781219482422,409.8158874511719,0.06907438702667475,0.7710875992998991
2022-03-01,27.90205192565918,403.5741882324219,0.06913735501238287,0.7962476664837513
2022-03-02,28.51064109802246,410.9985046386719,0.06936920883224991,0.8846378012270834
2022-03-03,27.716096878051758,408.9523620605469,0.0677734118917946,0.3194214407648393
2022-03-04,26.549636840820312,405.6297302246094,0.06545288686339382,-0.5115955189163892
2022-03-07,26.01712417602539,393.6721496582031,0.06608830266152728,-0.27519304648450893
2022-03-08,26.34677505493164,390.6874084472656,0.0674369700309599,0.22204913695218753
2022-03-09,27.166675567626953,401.1619873046875,0.06771996457130303,0.331450993224071
2022-03-10,26.803213119506836,399.35052490234375,0.06711700986510843,0.11491908797451081
2022-03-11,26.62571144104004,394.2728271484375,0.06753118553365556,0.27315894412609776
2022-03-14,26.786312103271484,391.3913879394531,0.06843868549150404,0.612118519824683
2022-03-15,26.98917007446289,399.9981689453125,0.06747323405411096,0.2590094325448038
2022-03-16,27.716096878051758,408.8678894042969,0.06778741396990831,0.3801726290743617
2022-03-17,27.961225509643555,413.98309326171875,0.06754195029884122,0.2938534462625807
2022-03-18,28.18099021911621,418.5174255371094,0.06733528522247263,0.22148108722692017
2022-03-21,28.189441680908203,418.3950500488281,0.06737517969588407,0.24011562610771311
2022-03-22,28.544452667236328,423.2908630371094,0.06743460622426398,0.26515794385248703
2022-03-23,28.282421112060547,417.83953857421875,0.06768727825176095,0.3632613495957807
2022-03-24,28.47683334350586,424.13824462890625,0.06714045173743118,0.16085240862469738
2022-03-25,28.620527267456055,426.2095642089844,0.06715130224863392,0.16865780684248047
2022-03-28,28.35004425048828,429.24114990234375,0.0660468928874554,-0.24504318295983352
2022-03-29,28.578262329101562,434.5513000488281,0.06576499098240042,-0.3472047312156401
2022-03-30,28.69659996032715,431.86798095703125,0.06644762109183158,-0.08442826702852796
2022-03-31,28.4345703125,425.2210388183594,0.06687009276755548,0.07936107322703341
2022-04-01,28.6796932220459,426.4261169433594,0.06725594911405325,0.22892830790157292
2022-04-04,28.654335021972656,430.0791320800781,0.06662572741761717,-0.008860475916515627
2022-04-05,28.69659996032715,424.64666748046875,0.06757759369828806,0.35622736308417846
2022-04-06,28.730411529541016,420.4004821777344,0.06834057701531024,0.6483843970442302
2022-04-07,28.857200622558594,422.5188293457031,0.06829802275852599,0.6313977610698175
2022-04-08,28.907917022705078,421.3890075683594,0.06860149767436807,0.7454381901620839
2022-04-11,28.603620529174805,414.1864929199219,0.06905976176945244,0.9167170393787154
2022-04-12,28.459924697875977,412.6518859863281,0.06896836210950676,0.8801233577659996
2022-04-13,28.806486129760742,417.37823486328125,0.06901770078930147,0.8969834805844437
2022-04-14,28.823389053344727,412.1811828613281,0.06992892992653162,1.2388876818714694
2022-04-18,28.688146591186523,412.3506774902344,0.06957220675808382,1.1024365873140507
2022-04-19,28.755767822265625,419.0069885253906,0.06862837281894907,0.7437911184622233
2022-04-20,28.882553100585938,418.6963195800781,0.06898210409289729,0.8763837043346162
2022-04-21,28.51064109802246,412.4353332519531,0.06912754267007856,0.92900275822345
2022-04-22,27.87669563293457,401.1184997558594,0.06949740700042932,1.0645563815969534
2022-04-25,27.538597106933594,403.44403076171875,0.06825877942707344,0.5958878154369609
2022-04-26,26.837026596069336,391.7598876953125,0.06850376324628103,0.6875221657452802
2022-04-27,27.06524658203125,392.8614807128906,0.06889259423682456,0.8332908347545586
2022-04-28,27.437156677246094,402.784912109375,0.0681186306943782,0.5410112163080915
2022-04-29,27.30191993713379,387.89971923828125,0.07038396416152756,1.3878915050128573
2022-05-02,27.158226013183594,390.2347106933594,0.0695945933792756,1.0881768266256653
2022-05-03,27.547046661376953,392.0235290527344,0.07026886046340185,1.335193602386354
2022-05-04,27.927413940429688,403.9617919921875,0.06913380050796931,0.9106788228380615
2022-05-05,27.082151412963867,389.6037902832031,0.06951203270706849,1.0523580486246964
2022-05-06,26.701786041259766,387.2783203125,0.06894727807049396,0.8432450528650159
2022-05-09,25.95795249938965,374.8787841796875,0.06924358911425471,0.9591470879840399
2022-05-10,26.160816192626953,375.7449645996094,0.06962386367706536,1.1044651124623945
2022-05-11,25.95795249938965,369.7757263183594,0.070199179264247,1.3275572024499565
2022-05-12,25.831167221069336,369.3898010253906,0.06992929190076308,1.228955323963776
2022-05-13,26.65106773376465,378.2210998535156,0.07046425422613006,1.432865834122484
2022-05-16,26.96381187438965,376.6864013671875,0.07158159088441789,1.8538059142369507
2022-05-17,27.504785537719727,384.4349670410156,0.07154600360477933,1.8399371564643425
2022-05-18,26.744043350219727,368.9378662109375,0.07248928830452177,2.1855433611884756
2022-05-19,26.84547996520996,366.6782531738281,0.0732126318723449,2.4394982945392316
2022-05-20,27.115964889526367,366.8383483886719,0.07391802140815582,2.6738389212111295
2022-05-23,27.648481369018555,373.7018737792969,0.07398539667303719,2.665718202199402
2022-05-24,27.699188232421875,370.84912109375,0.07469126029132363,2.878830411802984
2022-05-25,27.84288215637207,374.1255187988281,0.07442123233337507,2.7403124016878944
2022-05-26,27.93586540222168,381.60107421875,0.07320698836976453,2.2853003446594413
2022-05-27,28.071107864379883,390.96905517578125,0.07179879709855554,1.7762259155076652
2022-05-31,28.037296295166016,388.7752685546875,0.07211697492846596,1.8803154096369181
2022-06-01,27.648481369018555,385.6307678222656,0.07169677234302409,1.7276741607166057
2022-06-02,28.172536849975586,392.9745178222656,0.07169049282406004,1.7194901490409114
2022-06-03,27.792173385620117,386.5251770019531,0.07190262119841079,1.785611121849403
2022-06-06,27.952770233154297,387.7020263671875,0.0720985920426441,1.8449008242404827
2022-06-07,28.189441680908203,391.4208984375,0.07201823355226226,1.8087780593763312
2022-06-08,27.792173385620117,387.1653747558594,0.0717837265358387,1.719270619014457
2022-06-09,27.198469161987305,377.9574890136719,0.07196171514676206,1.7716030063153925
2022-06-10,26.57034683227539,366.9983825683594,0.07239908428568138,1.9115567380433083
2022-06-13,25.770139694213867,353.0641174316406,0.07298997100492212,2.0982481925744696
2022-06-14,25.37433433532715,352.00018310546875,0.07208613959079764,1.7819484612136325
2022-06-15,26.04547691345215,357.0184020996094,0.07295275750571918,2.0623234074647683
2022-06-16,25.494794845581055,345.2024841308594,0.07385461002626066,2.341344315879781
2022-06-17,25.107601165771484,345.9466857910156,0.0725765044066323,1.895585783843041
2022-06-21,25.770139694213867,354.65545654296875,0.0726624649890073,1.9078521119366432
2022-06-22,25.486194610595703,354.01239013671875,0.0719923802688177,1.673638161906221
2022-06-23,25.331314086914062,357.482666015625,0.07086025839867399,1.2945631518147405
2022-06-24,26.140125274658203,368.8484191894531,0.07086956027113063,1.2916887561269592
2022-06-27,26.105710983276367,367.43951416015625,0.07104764179471902,1.3432628163384113
2022-06-28,26.036876678466797,359.93157958984375,0.07233840583851199,1.7492183672833814
2022-06-29,25.976642608642578,359.6385803222656,0.07222985527683203,1.698357154116534
2022-06-30,25.778745651245117,356.71673583984375,0.07226671210295858,1.6943186531978862
2022-07-01,25.7185115814209,360.48956298828125,0.07134329040826337,1.3871728158326968
2022-07-05,24.961328506469727,361.1703796386719,0.06911233565565914,0.6695804331248858
2022-07-06,25.073183059692383,362.3901672363281,0.06918836471449079,0.6903857220388381
2022-07-07,25.46898651123047,367.8177185058594,0.0692435008696427,0.7046474641151755
2022-07-08,25.37433433532715,367.5152282714844,0.06904294674990465,0.6370070236289154
2022-07-11,25.081789016723633,363.3168640136719,0.06903557610741622,0.6318546119537338
2022-07-12,25.0989933013916,360.1017761230469,0.06969972092782811,0.8391090644547203
2022-07-13,25.047372817993164,358.2107849121094,0.0699235586224429,0.905220605159897
2022-07-14,24.53110694885254,357.3408203125,0.06864904750428376,0.49734255522047177
2022-07-15,24.987140655517578,364.16790771484375,0.06861434005075315,0.4830998040988753
2022-07-18,25.167829513549805,361.1609802246094,0.069685904324154,0.8180857225543718
2022-07-19,25.7185115814209,370.91925048828125,0.06933722514419198,0.7021223667015157
2022-07-20,25.46038246154785,373.2831726074219,0.06820661720083557,0.3393931891604173
2022-07-21,25.563631057739258,377.08441162109375,0.06779286088183989,0.20520053063731586
2022-07-22,25.503402709960938,373.58575439453125,0.06826652892933294,0.35197082076472375
2022-07-25,25.864788055419922,374.03955078125,0.06914987466271036,0.6276545842236138
2022-07-26,25.709909439086914,369.6143493652344,0.069558742736153,0.7519192214720951
2022-07-27,26.329425811767578,379.21185302734375,0.06943196949560816,0.7065122994369158
2022-07-28,26.243379592895508,383.9681701660156,0.06834779971878582,0.35897601318713507
2022-07-29,26.59615707397461,389.5658264160156,0.06827127861459976,0.33209858367160194
2022-08-01,26.587554931640625,388.4122314453125,0.06845189924299304,0.38637604507327145
2022-08-02,26.355236053466797,385.84979248046875,0.06830439348960092,0.3370474147476684
2022-08-03,26.510114669799805,391.89208984375,0.06764646533276435,0.12678060935192598
2022-08-04,26.510114669799805,391.6272277832031,0.06769221542603077,0.1401268198484782
2022-08-05,26.363840103149414,390.9653625488281,0.06743267467807153,0.05663514142629228
2022-08-08,26.4412784576416,390.51141357421875,0.0677093614643258,0.14276889262331552
2022-08-09,26.475698471069336,388.960693359375,0.06806779945398614,0.25442166102631975
2022-08-10,26.905916213989258,397.1304931640625,0.06775081913156915,0.15221147547863265
2022-08-11,26.759641647338867,397.1304931640625,0.06738249041048562,0.034706232051309925
2022-08-12,26.905916213989258,403.8534851074219,0.06662296403566381,-0.20677308696395885
2022-08-15,26.682205200195312,405.5177001953125,0.06579788055452121,-0.4675687410260228
2022-08-16,26.83708381652832,406.31201171875,0.06605043179256291,-0.3873804077460321
2022-08-17,26.664993286132812,403.427978515625,0.06609604367115074,-0.37293058071910906
2022-08-18,26.60476303100586,404.6005554199219,0.06575562656703136,-0.48004014229544156
2022-08-19,26.286401748657227,399.1634521484375,0.06585372886013137,-0.44973573610082873
2022-08-22,26.071290969848633,390.8519287109375,0.066703754170624,-0.1819200304856697
2022-08-23,26.105710983276367,389.90631103515625,0.06695380465622297,-0.10504631064530599
2022-08-24,25.968040466308594,391.15447998046875,0.06638819646806868,-0.2871608956718879
2022-08-25,26.191755294799805,396.6766357421875,0.06602797577375503,-0.40335269069289376
2022-08-26,25.606657028198242,383.2494812011719,0.066814590193162,-0.15493181545327211
2022-08-29,25.580839157104492,380.71533203125,0.0671915129359822,-0.03737723412375118
2022-08-30,25.202251434326172,376.5359802246094,0.06693185447853522,-0.12322728444975903
2022-08-31,24.875282287597656,373.6708984375,0.06657002830997363,-0.24190233071772577
2022-09-01,24.45366859436035,374.8433532714844,0.06523703403285243,-0.6695184781257584
2022-09-02,24.445064544677734,370.8908996582031,0.06590904378404873,-0.45547449903462395
2022-09-06,24.660175323486328,369.49139404296875,0.06674086520298916,-0.19093795133899708
2022-09-07,24.63435935974121,376.1293029785156,0.06549439026596744,-0.5921092597795182
2022-09-08,24.617149353027344,378.587890625,0.06502360472329845,-0.7443016126893522
2022-09-09,25.228063583374023,384.4692687988281,0.0656178936282538,-0.555760780573093
2022-09-12,25.641071319580078,388.6014099121094,0.06598296008596408,-0.4401508480414539
2022-09-13,24.840866088867188,371.7040710449219,0.06682968528979354,-0.16972992834960746
2022-09-14,24.849468231201172,373.1224670410156,0.06659869192082069,-0.24636440437438317
2022-09-15,24.582733154296875,368.88623046875,0.06664041952191921,-0.235267369254802
2022-09-16,24.410646438598633,366.072021484375,0.06668263348730286,-0.22413023725667797
2022-09-19,24.513898849487305,368.9109802246094,0.06644936085817277,-0.30249618617248647
2022-09-20,24.169723510742188,364.6763916015625,0.06627718181754277,-0.360950046953834
2022-09-21,23.92879867553711,358.3149719238281,0.06678146477402562,-0.19977479240536494
2022-09-22,23.868566513061523,355.3052673339844,0.06717763204626304,-0.07376137387471486
2022-09-23,22.586515426635742,349.35211181640625,0.06465258019824295,-0.8926030868835089
2022-09-26,22.18210792541504,345.8961486816406,0.06412938684041616,-1.0613155860504668
2022-09-27,22.0616455078125,345.01318359375,0.06394435504757376,-1.1183619135303864
2022-09-28,22.586515426635742,351.8017578125,0.06420239502803647,-1.0323317365528206
2022-09-29,22.526287078857422,344.45294189453125,0.06539728461879356,-0.6459936924691427
2022-09-30,22.55209732055664,339.12646484375,0.0665005526211213,-0.28943894327325154
2022-10-03,23.119985580444336,348.079833984375,0.06642150254956215,-0.31620035556018533
2022-10-04,23.997634887695312,358.86566162109375,0.06687080279370133,-0.17103758890179957
2022-10-05,23.63625144958496,358.0301513671875,0.06601748863699516,-0.4469038488696507
2022-10-06,23.0511531829834,354.3368225097656,0.06505435427148727,-0.7576324446585777
2022-10-07,22.922088623046875,344.45294189453125,0.06654635752847028,-0.2762692060277656
2022-10-10,22.7672061920166,341.822998046875,0.06660524985768945,-0.25821159646725517
2022-10-11,22.328386306762695,339.65826416015625,0.0657377978479993,-0.5382955807596291
2022-10-12,22.37140655517578,338.5378723144531,0.06608243385660542,-0.42578241648591547
2022-10-13,23.111385345458984,347.47222900390625,0.06651289920841176,-0.28549761719065153
2022-10-14,22.603721618652344,339.5537414550781,0.06656890753666675,-0.26739729246519306
2022-10-17,23.22323989868164,348.2792663574219,0.06667993803239718,-0.23156629832330114
2022-10-18,23.29207420349121,352.3714294433594,0.06610091584407302,-0.4192073215759253
2022-10-19,23.04254913330078,349.8743591308594,0.06585949650766619,-0.4971400947625177
2022-10-20,23.04254913330078,346.9405212402344,0.0664164250717352,-0.3176609579512016
2022-10-21,23.39533042907715,355.3717041015625,0.06583340811622679,-0.5071864418480891
2022-10-24,23.45555877685547,359.7202453613281,0.06520500049502376,-0.7101850258823184
2022-10-25,23.79973602294922,365.4645080566406,0.06512188050627525,-0.7369525393138738
2022-10-26,24.161117553710938,362.7109680175781,0.06661259152367295,-0.25571209560990316
2022-10-27,24.126699447631836,360.77410888671875,0.06687480851129342,-0.17264891412177363
2022-10-28,24.376230239868164,369.357177734375,0.06599636262490192,-0.45878829853894254
2022-10-31,24.126699447631836,366.6891174316406,0.0657960607520064,-0.5260554637151924
2022-11-01,24.402042388916016,365.0845947265625,0.06683941952465132,-0.18998967017600882
2022-11-02,23.971824645996094,355.9223937988281,0.06735126832043413,-0.027809003033495407
2022-11-03,23.78252410888672,352.2574462890625,0.067514610008757,0.020919490355028558
2022-11-04,24.78923797607422,357.32763671875,0.0693739734315195,0.6226577110194914
2022-11-07,24.737613677978516,360.74560546875,0.06857356902749974,0.3542012474015111
2022-11-08,24.918304443359375,362.69195556640625,0.06870376930319597,0.3912867362147589
2022-11-09,24.410646438598633,355.21978759765625,0.0687198385081172,0.3907902514254469
2022-11-10,25.632471084594727,374.7406005859375,0.06840057107374078,0.2791135335044028
2022-11-11,25.701305389404297,378.3675537109375,0.0679268217830311,0.11589010401169123
2022-11-14,25.563631057739258,375.14886474609375,0.0681426320589857,0.18218874994366155
2022-11-15,25.744327545166016,378.3485412597656,0.06804394556259313,0.1429990136898747
2022-11-16,25.87339210510254,375.4621276855469,0.06891079072233819,0.42951264695324554
2022-11-17,25.916414260864258,374.3133544921875,0.0692372151563328,0.534231177295325
2022-11-18,26.04547691345215,376.01287841796875,0.06926751291880086,0.5384530863743376
2022-11-21,25.925016403198242,374.6456298828125,0.06919876901088497,0.5087141214010561
2022-11-22,26.32082176208496,379.687255859375,0.06932237349528902,0.5453486619817796
2022-11-23,26.699411392211914,382.0798645019531,0.06987913751229734,0.7331170020260165
2022-11-25,26.79405975341797,381.99444580078125,0.07014253753676743,0.8196113995177746
2022-11-28,26.45848846435547,375.8988952636719,0.0703872472032575,0.9009676577683718
2022-11-29,26.656389236450195,375.2532958984375,0.0710357231443605,1.1273679752822048
2022-11-30,27.12963104248047,387.0740661621094,0.07008899178256595,0.7826072100540207
2022-12-01,27.37915802001953,386.7891845703125,0.07078573836141587,1.028962987341101
2022-12-02,27.4479923248291,386.3429870605469,0.0710456595411877,1.1173370765237636
2022-12-05,27.232885360717773,379.3929443359375,0.07178015766314338,1.3784045752143097
2022-12-06,27.181259155273438,373.924072265625,0.0726919210913082,1.7018738263572017
2022-12-07,27.112422943115234,373.2879638671875,0.07263138801003932,1.670389923920774
2022-12-08,27.146839141845703,376.2121887207031,0.07215831904372268,1.4887516268497818
2022-12-09,27.112422943115234,373.4018859863281,0.07260922871746807,1.6476995990077568
2022-12-12,27.121030807495117,378.7853088378906,0.07160000711406193,1.2673917847246527
2022-12-13,27.4616756439209,381.65264892578125,0.07195463131519174,1.397251011921039
2022-12-14,27.49661636352539,379.2125549316406,0.07250977322858446,1.6020364506693734
2022-12-15,26.998741149902344,369.9363708496094,0.07298212146022855,1.7790563932996124
2022-12-16,26.56201171875,365.5688171386719,0.07265940220681948,1.6481163258082108
2022-12-19,26.544544219970703,362.4690246582031,0.07323258654998555,1.8606432611803683
2022-12-20,26.666824340820312,362.9649353027344,0.07346942293083654,1.939461899887449
2022-12-21,26.990007400512695,368.39215087890625,0.07326433892828664,1.8495361943155404
2022-12-22,26.745439529418945,363.1365661621094,0.07365118806977812,1.9870529668841457
2022-12-23,26.911396026611328,365.2254638671875,0.0736843366332133,1.986849099377504
2022-12-27,26.928865432739258,363.7852478027344,0.07402407215627849,2.1052055834683525
2022-12-28,26.684295654296875,359.26409912109375,0.07427487388686352,2.1877758947652404
2022-12-29,26.911396026611328,365.7309875488281,0.07358248806581759,1.9060160112859104
2022-12-30,26.780376434326172,364.7676086425781,0.07341763851780832,1.8330430426873987
2023-01-03,26.87645721435547,363.23193359375,0.07399255056802066,2.0486684969825304
2023-01-04,27.182172775268555,366.0362243652344,0.07426088175400347,2.139483723301142
2023-01-05,27.05988311767578,361.8584899902344,0.07478029082143701,2.3230801799162784
2023-01-06,27.68004608154297,370.15667724609375,0.07477926992288257,2.2956048463798817
2023-01-09,27.767391204833984,369.94677734375,0.07505779994680928,2.375914065850997
2023-01-10,27.828533172607422,372.54119873046875,0.07469920982549152,2.2070622974701606
2023-01-11,27.950817108154297,377.2530822753906,0.07409036114316093,1.948887069622074
2023-01-12,28.273998260498047,378.6265563964844,0.07467515889427077,2.1496963936880693
2023-01-13,28.492366790771484,380.095458984375,0.07496108179483078,2.230242503523671
2023-01-17,28.54477310180664,379.399169921875,0.07523678322144066,2.3019195545751283
2023-01-18,28.483631134033203,373.4091796875,0.07627994351362943,2.649674163417174
2023-01-19,28.55350685119629,370.6908264160156,0.07702782161420825,2.8694208926231353
2023-01-20,28.61464500427246,377.596435546875,0.07578102521764993,2.372467058021457
2023-01-23,28.61464500427246,382.12701416015625,0.07488254937212985,2.0196686640069235
2023-01-24,28.35260772705078,381.7169189453125,0.07427652880933155,1.7819147053738906
2023-01-25,28.492366790771484,381.8600158691406,0.07461469021814401,1.8815260667119649
2023-01-26,28.597179412841797,386.0567932128906,0.07407505816656336,1.673222944699015
2023-01-27,28.457429885864258,386.9438171386719,0.07354408734657662,1.4727785655472725
2023-01-30,28.405019760131836,382.08892822265625,0.07434138406538507,1.7392062143031632
2023-01-31,28.44869041442871,387.7069091796875,0.07337679505021102,1.3886240693335918
2023-02-01,28.54477310180664,391.8273620605469,0.07285038224920029,1.1947129140235144
2023-02-02,28.273998260498047,397.5312194824219,0.07112396932575574,0.5875309177885142
2023-02-03,28.142982482910156,393.3058166503906,0.0715549612832867,0.7327540265640451
2023-02-06,27.889673233032227,390.90216064453125,0.07134694059262014,0.6564504826816305
2023-02-07,28.160449981689453,396.0146484375,0.07110961701239646,0.56991256165421
2023-02-08,28.17791748046875,391.6842346191406,0.07194039225976998,0.8543027236576057
2023-02-09,28.378814697265625,388.2887268066406,0.07308688802443049,1.2436626629942775
2023-02-10,28.273998260498047,389.1948547363281,0.07264741020189777,1.0831403038522027
2023-02-13,28.675790786743164,393.7635803222656,0.07282489346341833,1.136915780359292
2023-02-14,28.86795425415039,393.58245849609375,0.07334664853829329,1.3088741366404772
2023-02-15,28.649585723876953,394.86053466796875,0.07255621468468072,1.03110614653038
2023-02-16,28.518569946289062,389.4237365722656,0.07323274692321394,1.2545570195674915
2023-02-17,28.658323287963867,388.450927734375,0.07377591670359092,1.4294054461030918
2023-02-21,28.640851974487305,380.658203125,0.07524033828605622,1.9090334315573019
2023-02-22,28.35260772705078,380.1336364746094,0.07458589560764788,1.6741062370105888
2023-02-23,28.422489166259766,382.1556396484375,0.07437411938341906,1.5919991213002525
2023-02-24,28.1691837310791,378.0733337402344,0.07450719534330742,1.629278408153409
2023-02-27,28.501100540161133,379.3610534667969,0.07512922130435737,1.8174027117340006
2023-02-28,28.19538688659668,377.9588623046875,0.07459908920952162,1.6272946679461506
2023-03-01,28.370079040527344,376.50909423828125,0.07535031550279839,1.8545482875987727
2023-03-02,28.38754653930664,379.43731689453125,0.07481485155872866,1.6622806683115987
2023-03-03,28.579713821411133,385.5226745605469,0.07413238106938545,1.427553384804776
2023-03-06,28.396284103393555,385.78973388671875,0.07360559809953805,1.2459349373275797
2023-03-07,27.837268829345703,379.87603759765625,0.07327987573364499,1.1317619764116882
2023-03-08,27.994491577148438,380.4960021972656,0.07357368123577519,1.217446365052162
2023-03-09,27.767391204833984,373.4759216308594,0.07434854456903664,1.4557069471633246
2023-03-10,27.575227737426758,368.0869445800781,0.07491498447163128,1.622780253417783
2023-03-13,27.400537490844727,367.5622863769531,0.07454665102051339,1.490264735403821
2023-03-14,27.68004608154297,373.6380920410156,0.07408250569512176,1.3295640851580117
2023-03-15,26.640623092651367,371.3013000488281,0.07174933965797584,0.5771153332722511
2023-03-16,26.990007400512695,377.8157653808594,0.07143695386375755,0.4723134585370954
2023-03-17,26.579479217529297,373.39813232421875,0.07118267853158552,0.3866709152547124
2023-03-20,27.147232055664062,376.9886169433594,0.07201074736891272,0.6470860783804543
2023-03-21,27.5402889251709,381.9386291503906,0.07210658158990968,0.6721603659917134
2023-03-22,27.48788070678711,375.427978515625,0.07321745389214003,1.0210400510971598
2023-03-23,27.29572105407715,376.4428405761719,0.07250960334987154,0.7873686657458402
2023-03-24,27.173437118530273,378.9130554199219,0.07171417487427538,0.5270596615671045
2023-03-27,27.531557083129883,379.62152099609375,0.07252369942275527,0.7808119461164498
2023-03-28,27.5228214263916,378.76947021484375,0.07266377992603322,0.8191948267963641
2023-03-29,27.84600257873535,384.2747497558594,0.07246378430127585,0.7483936011326916
2023-03-30,28.204124450683594,386.5248718261719,0.07296845948730452,0.9040548641739699
2023-03-31,28.17791748046875,391.9728088378906,0.07188742903878921,0.5489124745386592
2023-04-03,28.58844566345215,393.4664306640625,0.07265790277255105,0.7919354316112348
2023-04-04,28.55350685119629,391.2834167480469,0.07297397648104854,0.8873268087397438
2023-04-05,28.623382568359375,390.2589111328125,0.07334459701451454,0.9996641267002402
2023-04-06,28.876691818237305,391.78125,0.07370616081866425,1.1081151692544275
2023-04-10,28.88542366027832,392.1833801269531,0.0736528499778034,1.0823090781623306
2023-04-11,28.95530128479004,392.2887878417969,0.07381118752868154,1.1246051981484062
2023-04-12,29.208602905273438,390.68975830078125,0.07476162936113248,1.4191296985077049
2023-04-13,29.50558090209961,395.87921142578125,0.07453177648766551,1.33377058111308
2023-04-14,29.322154998779297,394.9121398925781,0.07424981923005798,1.2332231883273892
2023-04-17,29.269744873046875,396.3292541503906,0.07385209284081819,1.0974558049143455
2023-04-18,29.444440841674805,396.5877380371094,0.07424445593655657,1.2138766239308814
2023-04-19,29.409500122070312,396.52069091796875,0.07416889155011203,1.1808491611718694
2023-04-20,29.45317840576172,394.3568420410156,0.074686616956676,1.3339241768610564
2023-04-21,29.514314651489258,394.6632385253906,0.07478354143589803,1.3529807850682851
2023-04-24,29.575458526611328,395.074951171875,0.07486037380725942,1.3654654365637267
2023-04-25,29.191133499145508,388.80352783203125,0.07507939462873521,1.4219735662168784
2023-04-26,29.208602905273438,387.15679931640625,0.07544385881081357,1.521836440808031
2023-04-27,29.470640182495117,394.8643493652344,0.07463484670082461,1.258422037062932
2023-04-28,29.636600494384766,398.2345275878906,0.07441996723361449,1.1819322670418029
2023-05-01,29.54051971435547,397.8323669433594,0.07425368614756588,1.121156595090947
2023-05-02,29.164928436279297,393.36102294921875,0.07414290368073495,1.079587608421634
2023-05-03,29.19986915588379,390.6609802246094,0.0747447803440605,1.2561292308510297
2023-05-04,29.095056533813477,387.8940124511719,0.07500774850830151,1.3269438178794684
2023-05-05,29.59292984008789,395.074951171875,0.07490459658935365,1.2844586350199105
2023-05-08,29.575458526611328,395.1802673339844,0.0748404234000272,1.2546338765227458
2023-05-09,29.383298873901367,393.447265625,0.07468167005106853,1.1963334892654416
2023-05-10,29.348360061645508,395.28558349609375,0.07424596617482138,1.055234082131696
2023-05-11,29.08631706237793,394.59613037109375,0.07371161251638228,0.8861306009156628
2023-05-12,29.016447067260742,394.0791015625,0.07363102217857347,0.8562334860069395
2023-05-15,29.29595184326172,395.4387512207031,0.07408467620542075,0.9874241346402293
2023-05-16,28.96403694152832,392.796142578125,0.07373808905408874,0.876914461819279
2023-05-17,29.095056533813477,397.5643005371094,0.07318327247820304,0.7061471199803189
2023-05-18,28.911623001098633,401.39410400390625,0.07202802112115048,0.3555825952493704
2023-05-19,29.103790283203125,400.81011962890625,0.07261241385359515,0.532377921862622
2023-05-22,29.02518081665039,400.9728698730469,0.07238689446954387,0.46535006921796374
2023-05-23,28.8155460357666,396.47283935546875,0.0726797479560289,0.5561929363816062
2023-05-24,28.317670822143555,393.6004943847656,0.07194521151810727,0.3363670310689698
2023-05-25,28.09930419921875,397.009033203125,0.07077749332933206,-0.0137347206488371
2023-05-26,28.33513832092285,402.1505432128906,0.07045903281528774,-0.10622052726355796
2023-05-30,28.073101043701172,402.3036804199219,0.06978087054634613,-0.3094459141259815
2023-05-31,27.86347007751465,400.0728454589844,0.06964599170820561,-0.34804319594141336
2023-06-01,28.221593856811523,403.8739013671875,0.06987724079539735,-0.2746965110858158
2023-06-02,28.501100540161133,409.7144775390625,0.06956332300325857,-0.3680314156872524
2023-06-05,28.326406478881836,408.9293212890625,0.06926968794898071,-0.4547332057333706
2023-06-06,28.52730369567871,409.8197326660156,0.06960939511159937,-0.34814312665980196
2023-06-07,28.529085159301758,408.40277099609375,0.06985526834139583,-0.2703394734145449
2023-06-08,28.751691818237305,410.87298583984375,0.06997708004449962,-0.2306783250935274
2023-06-09,28.63593292236328,411.61016845703125,0.06957051870148985,-0.35226784258757665
2023-06-12,28.502368927001953,415.3442687988281,0.06862347952803237,-0.637388088541772
2023-06-13,28.78730583190918,418.0825500488281,0.06885555455148054,-0.5621291305847037
2023-06-14,28.89415740966797,418.5804443359375,0.06902892335428495,-0.5046014006589822
2023-06-15,29.33936882019043,423.7699890136719,0.06923418264818151,-0.4383984788954949
2023-06-16,29.357177734375,422.32635498046875,0.06951301378227431,-0.34925882501981464
2023-06-20,28.974294662475586,420.13531494140625,0.06896419708616129,-0.5119021506304059
2023-06-21,28.92977523803711,417.982666015625,0.06921285878624368,-0.43179429331951585
2023-06-22,28.760595321655273,419.49139404296875,0.0685606325423432,-0.6266451960648303
2023-06-23,28.484561920166016,416.3200988769531,0.0684198576936466,-0.665085581378936
2023-06-26,28.493467330932617,414.6191101074219,0.06872203098296739,-0.5695886667566543
2023-06-27,28.65374183654785,419.1646728515625,0.06835915260133316,-0.6769846479684423
2023-06-28,28.466754913330078,419.37615966796875,0.06787881060255777,-0.8189454246001837
2023-06-29,28.404422760009766,421.02899169921875,0.06746429181841654,-0.9385163492297508
2023-06-30,28.805112838745117,425.9974670410156,0.06761803782267964,-0.8851207852298799
2023-07-03,28.68045425415039,426.4876403808594,0.06724803145183375,-0.9904025714312507
2023-07-05,28.359905242919922,425.8533020019531,0.06659548043797921,-1.180073365199606
2023-07-06,27.87907600402832,422.5185852050781,0.06598307620124363,-1.3575839964292093
2023-07-07,27.994831085205078,421.451904296875,0.06642473506415868,-1.2174344461369369
2023-07-10,28.03044891357422,422.5185852050781,0.0663413395175719,-1.2356592566649574
2023-07-11,28.279766082763672,425.2094421386719,0.0665078506736003,-1.1796743368856042
2023-07-12,28.885250091552734,428.6306457519531,0.0673896054279528,-0.9119369289295762
2023-07-13,29.330461502075195,432.03265380859375,0.06788945521481268,-0.7591914994676429
2023-07-14,29.143474578857422,431.7635803222656,0.06749868656616409,-0.8719987434829445
2023-07-17,29.098957061767578,433.2626953125,0.06716238756899975,-0.9694730003509218
2023-07-18,29.20580291748047,436.482177734375,0.06691178794304384,-1.0406022799126935
2023-07-19,29.472929000854492,437.4527587890625,0.06737396989434964,-0.8987468979778191
2023-07-20,29.570878982543945,434.55047607421875,0.06804935355195287,-0.6957062403013192
2023-07-21,29.633203506469727,434.55047607421875,0.06819277653123211,-0.6530354899645673
2023-07-24,29.58868408203125,436.4917907714844,0.06778749270343494,-0.7735369808551383
2023-07-25,29.775672912597656,437.6833801269531,0.06803016578779165,-0.7009685791109673
2023-07-26,29.90033531188965,437.7506408691406,0.06830449237612408,-0.6181103175756556
2023-07-27,29.419506072998047,434.8484191894531,0.06765462348428285,-0.8080123452567901
2023-07-28,29.633203506469727,439.1056823730469,0.067485356478021,-0.8548399679311259
2023-07-31,29.651010513305664,439.9417724609375,0.06739757933747557,-0.8790110308113864
2023-08-01,29.392791748046875,438.68280029296875,0.06700238014441703,-0.9933626269448828
2023-08-02,28.83182716369629,432.5804138183594,0.06665079195148854,-1.0933255393534518
2023-08-03,28.822921752929688,431.3407287597656,0.06682170226726389,-1.0396294218814925
2023-08-04,28.805112838745117,429.38983154296875,0.0670838262173952,-0.9611224566276299
2023-08-07,29.081146240234375,433.1378479003906,0.06714062597208593,-0.943212198187021
2023-08-08,28.956485748291016,431.25421142578125,0.06714481848781764,-0.9413550191845053
2023-08-09,29.07224464416504,428.37115478515625,0.06786695210312615,-0.7290178377675729
2023-08-10,29.07224464416504,428.5249328613281,0.06784259774581868,-0.7357898567067788
2023-08-11,28.938678741455078,428.27508544921875,0.06757030638637601,-0.8156114999023878
2023-08-14,28.83182716369629,430.63916015625,0.0669512432479089,-0.9968728549150784
2023-08-15,28.377714157104492,425.6227111816406,0.06667340208026139,-1.0787515710224906
2023-08-16,28.208534240722656,422.49945068359375,0.06676584832260005,-1.0541090238746782
2023-08-17,28.110586166381836,419.2800598144531,0.06704489161450179,-0.9743243527606831
2023-08-18,28.021541595458984,419.4817810058594,0.0668003781434016,-1.048289239351528
2023-08-21,28.0927791595459,422.2111511230469,0.06653727426388768,-1.128194499124705
2023-08-22,27.977022171020508,421.0675048828125,0.06644308061437039,-1.1577349599565103
2023-08-23,28.128395080566406,425.7572326660156,0.06606674631087633,-1.2672323005397388
2023-08-24,27.87907600402832,419.8565673828125,0.06640142889228412,-1.166809807534331
2023-08-25,28.03044891357422,422.8164978027344,0.06629459602272157,-1.1981069214597049
2023-08-28,28.33319091796875,425.4977722167969,0.0665883413921439,-1.1128666324224876
2023-08-29,28.63593292236328,431.6482849121094,0.06634089355456149,-1.1847288702150196
2023-08-30,28.74278450012207,433.4261169433594,0.06631530352352581,-1.1899591607063378
2023-08-31,28.493467330932617,432.7918395996094,0.06583642463613201,-1.328010605276768
2023-09-01,28.546894073486328,433.5990905761719,0.06583707091164066,-1.3255727997468258
2023-09-05,28.253053665161133,431.72515869140625,0.06544222197010342,-1.4425592074584732
2023-09-06,28.119491577148438,428.82281494140625,0.06557368357602579,-1.4027067116315566
2023-09-07,28.119491577148438,427.5062561035156,0.06577562591350623,-1.3403219559880801
2023-09-08,28.27086067199707,428.1501770019531,0.06603024403717134,-1.2671770852049207
2023-09-11,28.493467330932617,430.9659729003906,0.06611535277175659,-1.2456533555512197
2023-09-12,28.502368927001953,428.60174560546875,0.06650082324498652,-1.1345714776132192
2023-09-13,28.502368927001953,429.1015625,0.06642336317990441,-1.1586788353424893
2023-09-14,29.001007080078125,432.8013916015625,0.06700765672855435,-0.9865665082165348
2023-09-15,28.92977523803711,427.5869140625,0.0676582334177993,-0.7966110053482276
2023-09-18,28.78730583190918,427.83770751953125,0.06728557423984188,-0.9082531819280796
2023-09-19,28.822921752929688,426.9503479003906,0.06750883772474217,-0.843949087904397
2023-09-20,28.858539581298828,423.02532958984375,0.06821941279327043,-0.6367528085901916
2023-09-21,28.53798484802246,416.03338623046875,0.06859541996519808,-0.5291652746812835
2023-09-22,28.502368927001953,415.0979309082031,0.06866420380521028,-0.5118297648254488
2023-09-25,28.359905242919922,416.843505859375,0.06803489761571896,-0.7009610378934479
2023-09-26,28.0927791595459,410.71954345703125,0.06839893452132481,-0.5999117489985722
2023-09-27,28.04825782775879,410.8834533691406,0.06826329363660219,-0.6495547345154986
2023-09-28,28.253053665161133,413.26556396484375,0.06836537115288077,-0.6283694588480908
2023-09-29,28.17291259765625,412.2626037597656,0.06833729846152434,-0.6459908737453455
2023-10-02,27.638662338256836,412.0986022949219,0.06706808075625792,-1.0387515602267219
2023-10-03,27.48729133605957,406.5822448730469,0.06760573459040822,-0.8765364281848388
2023-10-04,27.4783878326416,409.5429992675781,0.06709524489927463,-1.0350172783497478
2023-10-05,27.692089080810547,409.3887023925781,0.0676425336580382,-0.8686245763946335
2023-10-06,28.03044891357422,414.24920654296875,0.06766566711737736,-0.8654744086271827
2023-10-09,28.066064834594727,416.9013671875,0.0673206351515084,-0.9781952909705799
2023-10-10,28.493467330932617,419.0712890625,0.06799193377020663,-0.7736755636712965
2023-10-11,28.644838333129883,420.78790283203125,0.06807429144312696,-0.7512914935523901
2023-10-12,28.36880874633789,418.22259521484375,0.0678318413948071,-0.8316272405206528
2023-10-13,28.199628829956055,416.1394958496094,0.06776484594999185,-0.856563857455509
2023-10-16,28.493467330932617,420.51788330078125,0.06775803946143301,-0.8616373250139818
2023-10-17,28.573606491088867,420.49853515625,0.06795173847745131,-0.8042098906937049
2023-10-18,28.057161331176758,414.8953552246094,0.0676246696374502,-0.908943391639573
2023-10-19,27.754417419433594,411.2499694824219,0.06748795010091765,-0.9554783581352745
2023-10-20,27.433866500854492,406.19647216796875,0.06753841645751701,-0.9441080590591506
2023-10-23,27.45167350769043,405.4924621582031,0.06769959017630306,-0.8965268674812297
2023-10-24,27.4605770111084,408.54962158203125,0.0672147899801559,-1.0535605123214797
2023-10-25,27.371536254882812,402.68603515625,0.06797239999708986,-0.821034037330016
2023-10-26,27.18454933166504,397.8640441894531,0.06832622783756861,-0.7162332412300811
2023-10-27,26.899614334106445,396.0605773925781,0.06791792940160099,-0.849716599171226
2023-10-30,27.237974166870117,400.7958679199219,0.06795971801863038,-0.8389024770934145
2023-10-31,27.157835006713867,403.3129577636719,0.06733687694365492,-1.0422983130534773
2023-11-01,27.282495498657227,407.6141662597656,0.0669321573118991,-1.1759461003334055
2023-11-02,27.79003143310547,415.42578125,0.06689529799880582,-1.1879715365762271
2023-11-03,27.896886825561523,419.2159729003906,0.0665453814475482,-1.2979031767628486
2023-11-06,27.941408157348633,420.1802978515625,0.06649861571381797,-1.309673985730347
2023-11-07,27.727705001831055,421.3760986328125,0.06580274745481708,-1.5216690829220179
2023-11-08,27.674278259277344,421.684814453125,0.06562787492162266,-1.5672987403269827
2023-11-09,27.709897994995117,418.39617919921875,0.0662288504833623,-1.3688546447038146
2023-11-10,27.638662338256836,424.9251708984375,0.06504359880545374,-1.730703548084674
2023-11-13,27.843460083007812,424.52008056640625,0.065588087248684,-1.5493978431428632
2023-11-14,28.33319091796875,432.7561340332031,0.06547149465891774,-1.5771609710756367
2023-11-15,28.31538200378418,433.67230224609375,0.06529211539942018,-1.622935433043272
2023-11-16,28.155107498168945,434.2027282714844,0.0648432302815127,-1.7501150807662655
2023-11-17,28.582508087158203,434.7427673339844,0.06574579322489368,-1.4607657889998313
2023-11-20,28.61812400817871,438.08929443359375,0.0653248649802756,-1.5785396655044175
2023-11-21,28.671550750732422,437.134521484375,0.06558976548768698,-1.4863939830633426
2023-11-22,28.5647029876709,438.82220458984375,0.0650940237045881,-1.6250198039671993
2023-11-24,28.92977523803711,439.09222412109375,0.06588541916437764,-1.3748504242582886
2023-11-27,28.81402015686035,438.30145263671875,0.06574018859285535,-1.4084056058162298
2023-11-28,28.885250091552734,438.73541259765625,0.0658375167860955,-1.368669951459888
2023-11-29,28.822921752929688,438.4267883300781,0.06574169854609749,-1.386618374243821
2023-11-30,28.840730667114258,440.1531066894531,0.06552431467321808,-1.4394050637197005
2023-12-01,29.27703857421875,442.7569580078125,0.0661244008585454,-1.2514357252541821
2023-12-04,29.036623001098633,440.4327392578125,0.06592748543178055,-1.2999917219884942
2023-12-05,28.81402015686035,440.345947265625,0.06543496161548454,-1.433833322824976
2023-12-06,28.77840232849121,438.5715026855469,0.06561849584906831,-1.3677168024695134
2023-12-07,28.938678741455078,441.91796875,0.06548427714607402,-1.3948284781990952
2023-12-08,29.00991439819336,443.81781005859375,0.06536446654622402,-1.4172553940501829
2023-12-11,28.99210548400879,445.5440368652344,0.06507124567975793,-1.4892641439142578
2023-12-12,29.027719497680664,447.5790100097656,0.06485496157884463,-1.5376544345908936
2023-12-13,29.366079330444336,453.75115966796875,0.06471846672950189,-1.5622883766831166
2023-12-14,29.846906661987305,455.2073974609375,0.0655677100777971,-1.3053780820200958
2023-12-15,29.268131256103516,454.4579162597656,0.06440229162907576,-1.625441290373181
2023-12-18,29.455123901367188,457.0142822265625,0.06445121092903823,-1.5957302028664127
2023-12-19,29.775672912597656,459.7933044433594,0.06475882233353757,-1.4936681957343712
2023-12-20,29.554357528686523,453.42181396484375,0.06518071389255664,-1.3614074219567036
2023-12-21,29.882232666015625,457.7210998535156,0.0652848048201816,-1.320529392259143
2023-12-22,29.98241424560547,458.64105224609375,0.06537228645096897,-1.2848035534415883
2023-12-26,30.137248992919922,460.5776062011719,0.06543359596114737,-1.257012195691929
2023-12-27,30.25564956665039,461.4104309082031,0.06557209707439342,-1.2078935572603058
2023-12-28,30.100814819335938,461.5846862792969,0.06521190090158765,-1.2993922541047946
2023-12-29,30.100814819335938,460.2484130859375,0.06540123542743323,-1.2359624057661733
2024-01-02,29.818477630615234,457.6727294921875,0.06515240194385284,-1.2956911325647282
2024-01-03,29.818477630615234,453.9350280761719,0.06568886687812862,-1.1346569216264992
2024-01-04,29.90955352783203,452.4728698730469,0.06610242407732411,-1.0096700808634484
2024-01-05,29.891340255737305,453.0926513671875,0.06597180546967928,-1.0386410353419735
2024-01-08,30.164569854736328,459.5609436035156,0.06563780119826869,-1.125051476523856
2024-01-09,29.873123168945312,458.8637390136719,0.06510238362516425,-1.267711585341689
2024-01-10,29.891340255737305,461.4588317871094,0.06477574638668407,-1.3507190342498272
2024-01-11,29.736513137817383,461.2555236816406,0.06446863313520247,-1.427037511583731
2024-01-12,29.83669090270996,461.574951171875,0.06464105304449197,-1.3668419736282964
2024-01-16,29.19005012512207,459.88043212890625,0.06347312928709258,-1.6847454977609624
2024-01-17,28.925928115844727,457.32415771484375,0.06325038296770005,-1.733148836384497
2024-01-18,29.098974227905273,461.39105224609375,0.06306792055513173,-1.770084747802738
2024-01-19,29.108081817626953,467.1427917480469,0.06231088723151352,-1.9695368367520494
2024-01-22,29.153615951538086,468.1304626464844,0.06227669053349743,-1.9666961335614206
2024-01-23,29.144512176513672,469.4958190917969,0.06207619107853071,-2.006235175217787
2024-01-24,29.23558807373047,470.009033203125,0.06220218338036846,-1.951608976648455
2024-01-25,29.390419006347656,472.56536865234375,0.06219334076503088,-1.9343577312637665
2024-01-26,29.72740364074707,471.96502685546875,0.06298645439644107,-1.6957179116918457
2024-01-29,29.78205108642578,475.7026672363281,0.06260644124501012,-1.786168784858372
2024-01-30,29.84579849243164,475.3347473144531,0.06278901061000583,-1.718259786073405
2024-01-31,29.536142349243164,467.5785217285156,0.06316830430973554,-1.5984491190318157
2024-02-01,29.85490608215332,473.6982727050781,0.06302515293472648,-1.623788850333009
2024-02-02,29.563461303710938,478.68511962890625,0.061759724903564135,-1.9562953516275894
2024-02-05,29.30845069885254,476.9421081542969,0.061450750935522096,-2.016945401477599
2024-02-06,29.736513137817383,478.3268737792969,0.062167765952322394,-1.7984735347505234
2024-02-07,29.554357528686523,482.3162536621094,0.06127588963524972,-2.018735089742096
2024-02-08,29.435958862304688,482.52935791015625,0.061003456846216324,-2.0663047057636343
2024-02-09,29.372203826904297,485.31805419921875,0.060521556065679084,-2.167738746345482
2024-02-12,29.3266658782959,485.1050109863281,0.06045426292065744,-2.1584276102876014
2024-02-13,28.853069305419922,478.4236145019531,0.060308622799600815,-2.168954590410364
2024-02-14,29.171833038330078,482.7714538574219,0.060425762139087597,-2.1113827920334143
2024-02-15,29.481496810913086,486.1023254394531,0.060648746710398486,-2.02920566802782
2024-02-16,29.76383399963379,483.68157958984375,0.06153600892734672,-1.777544897455514
2024-02-20,29.927770614624023,481.018798828125,0.062217465694761026,-1.5849660979573554
2024-02-21,29.736513137817383,481.4544982910156,0.06176391173697814,-1.6883274173398122
2024-02-22,29.955095291137695,491.4184265136719,0.06095639413371551,-1.8834156287469281
2024-02-23,30.06438446044922,491.7572937011719,0.06113663151627511,-1.820568401442497
2024-02-26,29.97330665588379,489.9562072753906,0.06117548101403405,-1.7947279270423255
2024-02-27,29.99152374267578,490.8664245605469,0.06109915496772059,-1.7991614679253811
2024-02-28,29.672758102416992,490.21771240234375,0.060529755151040365,-1.9309022643524285
2024-02-29,29.827585220336914,491.9799499511719,0.06062764391780041,-1.8887909658271942
2024-03-01,29.98241424560547,496.598876953125,0.0603755176201004,-1.9386880696021282
2024-03-04,29.891340255737305,496.0662841796875,0.060256746344224274,-1.9523650358705693
2024-03-05,29.882232666015625,491.1085205078125,0.06084649607609539,-1.7841076120312462
2024-03-06,30.109926223754883,493.5971374511719,0.061001014672078496,-1.7287702465819481
2024-03-07,30.428688049316406,498.4967956542969,0.06104088996074196,-1.703115835363135
2024-03-08,30.355831146240234,495.504638671875,0.0612624560440129,-1.6322607991056188
2024-03-11,30.41047477722168,495.07861328125,0.06142554729978963,-1.5787046801990468
2024-03-12,30.63817024230957,500.4043273925781,0.06122682911627432,-1.6193049175400378
2024-03-13,30.747459411621094,499.6199645996094,0.06154169486854236,-1.5275695558713416
2024-03-14,30.510662078857422,498.63232421875,0.061188696754990946,-1.6071208014585563
2024-03-15,30.43779754638672,495.2084045410156,0.061464622303003966,-1.5217514025599865
2024-03-18,30.355831146240234,498.1515197753906,0.06093694376347029,-1.6424228057995076
2024-03-19,30.401369094848633,500.9197998046875,0.06069109088261706,-1.6888535998600491
2024-03-20,30.720134735107422,505.5530090332031,0.060765407753887626,-1.654113964258983
2024-03-21,30.856752395629883,507.2236022949219,0.060834614667021,-1.6214357826846222
2024-03-22,30.874971389770508,506.2619934082031,0.060986153003343806,-1.5700011276346224
2024-03-25,30.856752395629883,504.86334228515625,0.061119019368614434,-1.523137942609184
2024-03-26,30.884078979492188,503.93084716796875,0.061286343459736645,-1.467549421706445
2024-03-27,31.04801368713379,508.1658935546875,0.061098184826905315,-1.5031414316048888
2024-03-28,31.157306671142578,508.0687255859375,0.06132498440089964,-1.4338894057744356
2024-04-01,31.057119369506836,507.1847229003906,0.06123433527710248,-1.445358033295909
2024-04-02,30.9842586517334,503.9600830078125,0.06148157303810325,-1.3720553879464739
2024-04-03,31.12998390197754,504.5136413574219,0.06170295775991427,-1.3050403998314373
2024-04-04,30.993364334106445,498.3555603027344,0.062191268248876386,-1.1717020709877422
2024-04-05,31.111766815185547,503.56170654296875,0.06178342477384306,-1.2670491793569294
2024-04-08,31.221057891845703,503.8434753417969,0.06196578782858306,-1.212161535332633
2024-04-09,31.275705337524414,504.42633056640625,0.06200252334648312,-1.1951944549498372
2024-04-10,31.04801368713379,499.3753967285156,0.06217369516106332,-1.1438097524927144
2024-04-11,31.04801368713379,503.1441345214844,0.06170799092522867,-1.2569054598489333
2024-04-12,30.71103286743164,496.1991882324219,0.06189254959652707,-1.203204823518725
2024-04-15,30.619949340820312,489.9827575683594,0.06249189153671067,-1.040836984801224
2024-04-16,30.246538162231445,489.089111328125,0.06184259158846688,-1.2057451546856703
2024-04-17,30.428688049316406,486.194580078125,0.06258541188268063,-1.002889545397972
2024-04-18,30.355831146240234,485.1941223144531,0.062564301070751,-1.0030859351513006
2024-04-19,30.501556396484375,480.9591369628906,0.06341818681123794,-0.7683996616430321
2024-04-22,30.8931827545166,485.3883972167969,0.06364631485148228,-0.7014755133735937
2024-04-23,31.211950302124023,491.1483154296875,0.0635489307844166,-0.7231152043774259
2024-04-24,31.175518035888672,490.9151916503906,0.06350489568489577,-0.7305077401387143
2024-04-25,31.476076126098633,489.0502624511719,0.06436163834845358,-0.48563634014028473
2024-04-26,31.721982955932617,493.6834716796875,0.06425571196054651,-0.509909579314221
2024-04-29,31.858591079711914,495.4318542480469,0.06430468853898388,-0.48990005426309324
2024-04-30,31.60358428955078,487.5835876464844,0.06481675160990963,-0.3345568376209062
2024-05-01,31.50339698791504,486.00030517578125,0.06482176379811241,-0.325927714546844
2024-05-02,31.922348022460938,490.5460510253906,0.06507512996126155,-0.24304193481474928
2024-05-03,32.186466217041016,496.6265869140625,0.0648101955576749,-0.31510215673198183
2024-05-06,32.386844635009766,501.7551574707031,0.06454710859031039,-0.38847482997202937
2024-05-07,32.487022399902344,502.3088073730469,0.06467539872494289,-0.341664202367376
2024-05-08,32.568992614746094,502.3572998046875,0.06483232676704143,-0.28455314248845504
2024-05-09,32.84222412109375,505.2519226074219,0.06500168064993588,-0.2218975205080821
2024-05-10,32.9241943359375,505.9028015136719,0.06508007909311357,-0.18757152193156418
2024-05-13,32.94240951538086,505.970703125,0.06510734576512119,-0.16974163837347794
2024-05-14,33.17009353637695,508.2919921875,0.06525795024553739,-0.10989250869671091
2024-05-15,33.4160041809082,514.5863037109375,0.06493760898789726,-0.2097057632894504
2024-05-16,33.38868713378906,513.5275268554688,0.0650183006512643,-0.17271691413703522
2024-05-17,33.461544036865234,514.2656860351562,0.06506664734885255,-0.1466147887336236
2024-05-20,33.35225296020508,514.8582153320312,0.06477949067724648,-0.24110721257365644
2024-05-21,33.47064971923828,516.1209716796875,0.06485039662370215,-0.20729256776643257
2024-05-22,33.21563720703125,514.634765625,0.06454215576884395,-0.3122440629489535
2024-05-23,32.87865447998047,510.8758239746094,0.06435742882523747,-0.37357695250198736
2024-05-24,33.09723663330078,514.2559814453125,0.0643594587665879,-0.36593242112775054
2024-05-28,32.88776397705078,514.6153564453125,0.06390746713083313,-0.5311418548317687
2024-05-29,32.45970153808594,511.01177978515625,0.06352045651811179,-0.6731147552600555
2024-05-30,32.73292922973633,507.62188720703125,0.06448289574319784,-0.2965448222071013
2024-05-31,33.07902145385742,512.245361328125,0.06457651733163915,-0.2539767347000487
2024-06-03,32.987945556640625,512.6630859375,0.06434624700219252,-0.3371823086921176
2024-06-04,32.90597915649414,513.236083984375,0.06411470312265873,-0.4217070680393075
2024-06-05,32.99705123901367,519.3359375,0.06353700727482137,-0.6430455110188626
2024-06-06,33.15188217163086,519.3262939453125,0.06383632517386441,-0.5185397846394634
2024-06-07,32.72382354736328,518.6949462890625,0.06308876495034653,-0.8098788007374231
2024-06-10,32.805789947509766,520.2974853515625,0.06305198635611904,-0.8187314949066338
2024-06-11,32.381526947021484,521.5505981445312,0.06208702868374042,-1.1996687468793878
2024-06-12,32.84571075439453,525.8341674804688,0.062464010111352324,-1.0395459312034607
2024-06-13,32.57648849487305,526.8928833007812,0.06182753559090393,-1.2878751291430746
2024-06-14,32.40937423706055,527.2134399414062,0.061472966699525865,-1.4213403212568994
2024-06-17,32.474361419677734,531.4096069335938,0.06110985009673679,-1.5574685964777844
2024-06-18,32.54863357543945,532.7596435546875,0.06109440527114241,-1.5534338826346168
2024-06-20,32.8178596496582,531.3123779296875,0.06176754205790634,-1.2704580505701153
2024-06-21,32.595054626464844,530.6001586914062,0.061430540667105085,-1.3987486619729952
2024-06-24,32.919979095458984,528.8753051757812,0.062245256629097925,-1.0576129000534435
2024-06-25,32.73430252075195,530.9119262695312,0.061656747383244004,-1.2893544534566215
2024-06-26,32.53006362915039,531.5745849609375,0.06119567140618817,-1.467742097910655
2024-06-27,32.41865539550781,532.4126586914062,0.06089009129720583,-1.5801455065078802
2024-06-28,32.381526947021484,530.3175048828125,0.06106064131180627,-1.4972386512978575
2024-07-01,32.32582092285156,531.4089965820312,0.06083039830105994,-1.5770492036698318
2024-07-02,32.37224197387695,534.9850463867188,0.06051055481366929,-1.6915586787578287
2024-07-03,32.697174072265625,537.3726196289062,0.060846371545400534,-1.5402528720818334
2024-07-05,32.929264068603516,540.4713134765625,0.06092694144447223,-1.4935125147664075
2024-07-08,32.8549919128418,541.094970703125,0.06071945534838077,-1.5625214727661787
2024-07-09,32.64147186279297,541.6211547851562,0.060266242509934446,-1.727280010926595
2024-07-10,32.98496627807617,546.980712890625,0.06030370998597146,-1.6945120347468428
2024-07-11,33.21705627441406,542.2643432617188,0.06125620592092327,-1.3022106729896081
2024-07-12,33.44915008544922,545.6845703125,0.06129759187857139,-1.2752345311719544
2024-07-15,33.161354064941406,547.185302734375,0.060603517490745204,-1.5390109268125371
2024-07-16,33.254188537597656,550.4302368164062,0.060414901495844706,-1.5994548669389652
2024-07-17,33.374881744384766,542.7125854492188,0.061496421198265414,-1.1599564198254544
2024-07-18,33.059234619140625,538.5418090820312,0.06138657029338461,-1.193862192130796
2024-07-19,32.96639633178711,534.965576171875,0.061623397467345804,-1.0911839078738426
2024-07-22,33.2077751159668,540.4810791015625,0.06144114271524143,-1.1550652971831967
2024-07-23,32.93854522705078,539.6333618164062,0.061038748820457685,-1.305637565553743
2024-07-24,32.790008544921875,527.4038696289062,0.06217248380826954,-0.846909348312538
2024-07-25,32.96639633178711,524.6558837890625,0.06283432121966105,-0.5764337451794762
2024-07-26,33.43986892700195,530.5319213867188,0.06303083297908996,-0.49156757777216487
2024-07-29,33.319175720214844,530.84375,0.06276644628521075,-0.5921147950055436
2024-07-30,33.30060958862305,528.1541748046875,0.06305092561454746,-0.47143081160584654
2024-07-31,33.66267395019531,536.7390747070312,0.06271701751650825,-0.600859273070117
2024-08-01,33.105655670166016,529.1385498046875,0.06256519333619859,-0.6565685297090282
2024-08-02,32.929264068603516,519.2867431640625,0.06341248742065403,-0.30685301912022334
2024-08-05,32.01017761230469,504.16314697265625,0.06349170462878119,-0.2697377238876852
2024-08-06,32.112300872802734,508.8113098144531,0.06311239599708002,-0.4194497930471279
2024-08-07,32.23298263549805,505.4104309082031,0.06377585555085719,-0.14243393116694164
2024-08-08,32.66931915283203,517.0941162109375,0.0631786712102237,-0.38257260869448206
2024-08-09,32.86427688598633,519.37451171875,0.06327664555049033,-0.3362105370949773
2024-08-12,32.96639633178711,519.647216796875,0.06343995554328803,-0.2625648936517328
2024-08-13,33.39345169067383,528.193115234375,0.06322205028336304,-0.34746473287195934
2024-08-14,33.5234260559082,529.8595581054688,0.06326851246351463,-0.3228245974205205
2024-08-15,33.83906936645508,538.9414672851562,0.06278802322804135,-0.5186749625683904
2024-08-16,33.87620162963867,540.1497802734375,0.06271631104337334,-0.5431551300654887
2024-08-19,34.15471267700195,545.3143310546875,0.06263307368237257,-0.5723031510890298
2024-08-20,33.86691665649414,544.4275512695312,0.062206470957469145,-0.7458119190450966
2024-08-21,34.210411071777344,546.2985229492188,0.06262219214339222,-0.5645796904576311
2024-08-22,34.14542770385742,542.0109252929688,0.06299767423581189,-0.4006442889657321
2024-08-23,34.72101593017578,547.7699584960938,0.06338612658770586,-0.2317743443479516
2024-08-26,34.702449798583984,546.4642333984375,0.06350360678277323,-0.17738103885767292
2024-08-27,34.91597366333008,547.2145385742188,0.06380673611908143,-0.044266251722842084
2024-08-28,34.702449798583984,544.037841796875,0.06378683086449836,-0.04813938228319626
2024-08-29,34.878841400146484,544.0864868164062,0.0641053256151091,0.09202759992637445
2024-08-30,34.84170150756836,549.2803955078125,0.06343154023430425,-0.1921770812672458
2024-09-03,34.173282623291016,537.9767456054688,0.06352185833763226,-0.14965727129333078
2024-09-04,34.23826599121094,536.8755493164062,0.06377318921453191,-0.03812559328290859
2024-09-05,34.23826599121094,535.5698852539062,0.0639286616628548,0.03143377234110368
2024-09-06,33.87620162963867,526.55615234375,0.0643354017968503,0.20906097603646417
2024-09-09,34.09900665283203,532.4514770507812,0.06404152889518593,0.0853638591700105
2024-09-10,33.8947639465332,534.7706909179688,0.0633818653904735,-0.19541069413373077
2024-09-11,34.00617218017578,540.2569580078125,0.06294444092968818,-0.3798925364042491
2024-09-12,34.15471267700195,544.8076171875,0.06269132735941049,-0.48413891703535133
2024-09-13,34.2568359375,547.653076171875,0.06255207434779178,-0.5390454659620366
2024-09-16,34.628177642822266,548.4619140625,0.06313688654573782,-0.278833639055848
2024-09-17,34.37752151489258,548.68603515625,0.06265426730808421,-0.48361279804002844
2024-09-18,34.34038543701172,547.0587158203125,0.06277275993221028,-0.42559100113314446
2024-09-19,34.80457305908203,556.3938598632812,0.0625538410284296,-0.5161095896755705
2024-09-20,34.38680648803711,555.4320068359375,0.06191001970506576,-0.795906118107577
2024-09-23,34.702449798583984,556.8200073242188,0.06232256266319439,-0.6059831413832081
2024-09-24,34.84170150756836,558.4132690429688,0.062394114608489655,-0.5679604557458067
2024-09-25,34.6374626159668,557.1817016601562,0.062165470461004735,-0.6661188358632855
2024-09-26,34.96239471435547,559.3907470703125,0.06250084560294109,-0.5063728434153622
2024-09-27,34.97167205810547,558.5794067382812,0.06260823731815666,-0.4503779077813239
2024-09-30,34.73030090332031,560.8178100585938,0.061927956424371974,-0.7626098377528615
2024-10-01,34.665313720703125,555.793701171875,0.062370828686277496,-0.5482747609605367
2024-10-02,34.572479248046875,556.0282592773438,0.062177557833085456,-0.6340093079003112
2024-10-03,34.19184875488281,555.0118408203125,0.06160562034919283,-0.9012903357178323
2024-10-04,34.32181930541992,560.0553588867188,0.06128290491433745,-1.0493300523571654
2024-10-07,34.14542770385742,554.9921875,0.06152415920964189,-0.9272377143342576
2024-10-08,33.82978057861328,560.2411499023438,0.0603843194747658,-1.4727649318359808
2024-10-09,33.99688720703125,564.1214599609375,0.060265190424390803,-1.5212894590531398
2024-10-10,33.959754943847656,563.1343383789062,0.060304891087990725,-1.4956049417858142
2024-10-11,33.93190383911133,566.5064086914062,0.059896769601409924,-1.689073395971366
2024-10-14,34.173282623291016,571.1396484375,0.05983349731852946,-1.7117982101440754
2024-10-15,33.8947639465332,566.7020263671875,0.05981055717025355,-1.714508789952653
2024-10-16,34.173282623291016,569.1652221679688,0.06004105889169383,-1.592465956397335
2024-10-17,34.23826599121094,569.2140502929688,0.06015007179388641,-1.53249910173695
2024-10-18,34.35895538330078,571.403564453125,0.060130803377442726,-1.5354426335649811
2024-10-21,34.03402328491211,570.4652099609375,0.05966012070612086,-1.7644190058741662
2024-10-22,33.94118881225586,570.1621704101562,0.059529008716659795,-1.8213000463306703
2024-10-23,33.62554168701172,564.9523315429688,0.059519254651406374,-1.8178964319311641
2024-10-24,33.783363342285156,566.1741943359375,0.05966955696719712,-1.730848697646069
2024-10-25,33.5419921875,565.9786987304688,0.05926370067060319,-1.932555179320069
2024-10-28,33.87620162963867,567.7284545898438,0.05966972653169653,-1.7209553663091788
2024-10-29,33.588409423828125,568.6470947265625,0.05906723121478238,-2.0279013965254795
2024-10-30,33.30060958862305,566.9268188476562,0.05873881510193918,-2.1908273157475566
2024-10-31,33.003536224365234,555.8132934570312,0.059378817694500985,-1.8445162377327
2024-11-01,33.18920135498047,558.1591796875,0.059461892884324345,-1.790060274238632
2024-11-04,33.24490737915039,556.95703125,0.05969025528690709,-1.6599825142035245
2024-11-05,33.44915008544922,563.6914672851562,0.05933946498524555,-1.8340590066282523
2024-11-06,33.09637451171875,577.7080688476562,0.057289098588730956,-2.883208409028712
2024-11-07,33.365596771240234,582.1749877929688,0.057311972295013135,-2.822331586943488
2024-11-08,32.799293518066406,584.6967163085938,0.05609625059148691,-3.375343975135733
2024-11-11,32.76215744018555,585.25390625,0.055979391321124644,-3.3591029684793234
2024-11-12,32.149436950683594,583.4358520507812,0.0551036362226937,-3.6884295516380847
2024-11-13,32.12158203125,583.7193603515625,0.05502915307092746,-3.6218756088196153
2024-11-14,32.084449768066406,579.9659423828125,0.055321265307832046,-3.394510272426098
2024-11-15,32.01946258544922,572.5374145507812,0.05592553739142449,-3.0441464378937098
2024-11-18,32.35367202758789,574.8833618164062,0.056278671773284515,-2.824844994795823
2024-11-19,32.26083755493164,576.9847412109375,0.05591280886774358,-2.936695806501229
2024-11-20,32.26083755493164,577.18017578125,0.05589387665864398,-2.8892175483045293
2024-11-21,32.446510314941406,580.2786865234375,0.05591539215292356,-2.8281138561393715
2024-11-22,32.650753021240234,582.0772094726562,0.05609350871308086,-2.7016028834634693
2024-11-25,32.80857467651367,584.0516967773438,0.05617409359059047,-2.6258316440983873
2024-11-26,32.660037994384766,587.1012573242188,0.055629310254310525,-2.8116871390286775
2024-11-27,33.02210235595703,585.3223266601562,0.05641695327834296,-2.4412114471765154
2024-11-29,33.23562240600586,588.9584350585938,0.05643118499983678,-2.402483407731414
2024-12-02,33.1799201965332,590.0139770507812,0.05623582065358,-2.4495442797214935
2024-12-03,33.30989456176758,590.2877197265625,0.05642992975899556,-2.339720747884607
2024-12-04,33.30989456176758,593.9531860351562,0.05608168344734825,-2.4512410562820457
2024-12-05,33.5419921875,592.9756469726562,0.056565547605105466,-2.223486258080491
2024-12-06,33.32846450805664,594.0997314453125,0.05609910717679656,-2.382762575341695
2024-12-09,33.48628616333008,591.0403442382812,0.05665651505818339,-2.1305676081481772
2024-12-10,33.18920135498047,589.2027587890625,0.05632899856611562,-2.2351329317610533
2024-12-11,33.39345169067383,593.7576293945312,0.05624088017989078,-2.2412259327600865
2024-12-12,33.04066848754883,590.6983032226562,0.055934930415898906,-2.3307408352890633
2024-12-13,32.96639633178711,590.5810546875,0.055820274067597625,-2.3424983679842635
2024-12-16,32.89213180541992,593.1026611328125,0.05545773769181326,-2.4507005157802944
2024-12-17,32.80303955078125,590.6591796875,0.055536323956120265,-2.3839393311552577
2024-12-18,32.073238372802734,573.055419921875,0.0559688247555102,-2.1871941941623287
2024-12-19,31.912113189697266,572.87939453125,0.05570476699691542,-2.2580279703861663
2024-12-20,31.931068420410156,579.7603759765625,0.05507632074134885,-2.461412716012364
2024-12-23,32.08271408081055,583.2321166992188,0.055008483178843985,-2.4514143373736332
2024-12-24,32.291229248046875,589.7147216796875,0.05475737345690065,-2.5082120382488826
2024-12-26,32.31966018676758,589.75390625,0.0548019433941097,-2.456425185203376
2024-12-27,32.18696975708008,583.5458984375,0.055157563172432145,-2.2960300081111136
2024-12-30,32.08271408081055,576.8867797851562,0.05561353666790348,-2.1041118033355453
2024-12-31,32.13010787963867,574.7880249023438,0.05589905580426378,-1.9790458462056852
2025-01-02,32.05427932739258,573.375732421875,0.05590449249046325,-1.956175695461286
2025-01-03,32.19645309448242,580.5448608398438,0.055459026969777156,-2.0949826330545607
2025-01-06,32.34809875488281,583.8890991210938,0.05540110066033976,-2.094884479021556
2025-01-07,32.376529693603516,577.2888793945312,0.05608375780174473,-1.8333437693889334
2025-01-08,32.19645309448242,578.13232421875,0.05569045657149614,-1.9556667040690445
2025-01-10,31.741514205932617,569.3056640625,0.0557547837824567,-1.9129235879733295
2025-01-13,31.646730422973633,570.1883544921875,0.05550223916999912,-1.981249298156011
2025-01-14,31.627775192260742,570.9728393554688,0.05539278405600365,-1.99719103501475
2025-01-15,32.13010787963867,581.3589477539062,0.05526724582768372,-2.0185047691364444
2025-01-16,32.490264892578125,580.2409057617188,0.055994440533154256,-1.7436786999799023
2025-01-17,32.58504867553711,586.0664672851562,0.05559957870731161,-1.8609727093992179
2025-01-21,33.34328079223633,591.4310302734375,0.05637729352283167,-1.574249699580921
2025-01-22,33.07789611816406,594.7557373046875,0.0556159344810466,-1.818364623935064
2025-01-23,33.32432556152344,598.001953125,0.055726114918821464,-1.7611246968405498
2025-01-24,33.33380126953125,596.2561645507812,0.055905168367768404,-1.6822154616612608
2025-01-27,33.5612678527832,587.8218994140625,0.057094279553444476,-1.2655697538388415
2025-01-28,33.48544692993164,592.8726806640625,0.056479996501821256,-1.4614765689969866
2025-01-29,33.4285774230957,590.2147827148438,0.05663798739389823,-1.3954091869188172
2025-01-30,33.92142868041992,593.3826293945312,0.057166197660744246,-1.2067685374100336
2025-01-31,33.75082778930664,590.2247314453125,0.057183011810872986,-1.191327218842331
2025-02-03,33.43805694580078,586.2527465820312,0.05703693013082024,-1.2303061134227469
2025-02-04,33.68448257446289,590.185546875,0.057074394235542315,-1.2077082081933976
2025-02-05,34.158382415771484,592.578369140625,0.057643653893929676,-1.009209313813802
2025-02-06,34.177337646484375,594.637939453125,0.057475877973606086,-1.057953840094516
2025-02-07,34.016204833984375,589.1948852539062,0.057733367490665696,-0.9646128963164289
2025-02-10,34.281593322753906,593.1962890625,0.05779131453592413,-0.9390580776351136
2025-02-11,34.55644989013672,593.6474609375,0.0582103894381431,-0.7945765279393722
2025-02-12,34.66070556640625,591.7349853515625,0.05857471068034549,-0.6700096668147393
2025-02-13,34.73653030395508,597.9822998046875,0.058089562709967665,-0.8272598888581607
2025-02-14,34.64175033569336,597.9528198242188,0.05793391917756497,-0.8745432203286404
2025-02-18,34.92608642578125,599.7083129882812,0.05823845637848234,-0.7696636315679931
2025-02-19,34.72705078125,601.1206665039062,0.05777051549936078,-0.9194651802349191
2025-02-20,34.64175033569336,598.6197509765625,0.057869374138057254,-0.8807471044503082
2025-02-21,34.461669921875,588.3809204101562,0.05857033891896428,-0.6441268562645576
2025-02-24,34.49010467529297,585.7035522460938,0.05888662369047975,-0.5357027601401371
2025-02-25,34.80287551879883,582.7907104492188,0.05971762228669114,-0.25949501846909445
2025-02-26,34.83130645751953,583.0848999023438,0.059736251896341595,-0.2514947415279009
2025-02-27,34.78391647338867,573.7777099609375,0.06062263463625442,0.04205491088543118
2025-02-28,35.106170654296875,582.7318725585938,0.06024412308212461,-0.08188474314879958
2025-03-03,35.46632766723633,572.5224609375,0.0619474869320595,0.4788430456249815
2025-03-04,35.589542388916016,565.74560546875,0.06290732450219955,0.7918567587947879
2025-03-05,35.940223693847656,571.826171875,0.06285165923063786,0.7693454022337446
2025-03-06,35.30520248413086,561.675537109375,0.06285693456728894,0.7667919647891642
2025-03-07,35.85492706298828,564.82373046875,0.06347985243685159,0.9665483653285027
2025-03-10,35.11564636230469,549.779296875,0.06387226030864658,1.0891550603995048
2025-03-11,35.03034591674805,545.2090454101562,0.06425121925553345,1.205706794290744
2025-03-12,35.18199157714844,548.1022338867188,0.0641887396219221,1.1783346494773137
2025-03-13,35.191471099853516,540.7957763671875,0.06507349472337473,1.455960927335926
2025-03-14,35.741188049316406,551.9663696289062,0.06475247409248075,1.3424829340048905
2025-03-17,35.98761749267578,556.2227172851562,0.06470001381519656,1.3171143261271543
2025-03-18,35.968658447265625,550.2108764648438,0.06537249622975033,1.5215440790233252
2025-03-19,36.00657272338867,556.203125,0.06473637256782523,1.3089447914191503
2025-03-20,35.902313232421875,554.5946655273438,0.06473613156427259,1.299656288459443
2025-03-21,35.57058334350586,554.7776489257812,0.06411682844898557,1.0952907003838797
2025-03-24,35.57058334350586,564.7129516601562,0.06298878614158686,0.7330112730492186
2025-03-25,35.674842834472656,566.0703735351562,0.06302192183576101,0.7399710795568804
2025-03-26,35.55162811279297,559.3125,0.06356308523909794,0.9069497080496748
2025-03-27,35.69380187988281,557.8270874023438,0.06398721518902856,1.0355038048116432
2025-03-28,35.6274528503418,546.5933227539062,0.06518091489087292,1.4024887650269215
2025-03-31,35.51371765136719,550.2626342773438,0.06453957699309733,1.1928717368173083
2025-04-01,35.48528289794922,551.8167724609375,0.06430627822292441,1.1132106913683444
2025-04-02,35.64640808105469,555.3088989257812,0.06419203464956347,1.0713314783001928
2025-04-03,35.33363723754883,527.9428100585938,0.06692701664717685,1.9055211820751554
2025-04-04,32.81251525878906,497.0354309082031,0.06601645117900894,1.6095422282300098
2025-04-07,31.55195426940918,496.1501159667969,0.06359356423393578,0.8588938703632444
2025-04-08,31.45717430114746,488.3790283203125,0.06441139458698396,1.1053621919634176
2025-04-09,33.27693557739258,539.6682739257812,0.06166183410286787,0.25980101077105994
2025-04-10,32.85990524291992,516.0205078125,0.06367945603987472,0.8774688023800057
2025-04-11,33.71291732788086,525.2278442382812,0.06418722407372265,1.029225118997164
2025-04-14,34.262638092041016,530.3233032226562,0.06460707625675624,1.1515933789462982
2025-04-15,34.73653030395508,528.8379516601562,0.06568463968009162,1.4706222929783206
2025-04-16,34.64175033569336,517.0828857421875,0.06699457918815244,1.8524390498969698
2025-04-17,35.039825439453125,517.8206787109375,0.06766787592701251,2.0326477034435473
2025-04-21,34.89765548706055,505.4951171875,0.06903658274925767,2.4088155608260435
2025-04-22,35.617977142333984,518.64697265625,0.06867480004735503,2.2714554415574293
2025-04-23,35.589542388916016,526.6837158203125,0.06757289302838065,1.9301209297625017
2025-04-24,35.91179275512695,537.769775390625,0.06677912072883115,1.6869941603392373
2025-04-25,35.95917892456055,541.6553344726562,0.06638756536861141,1.5638939857772978
2025-04-28,36.19612503051758,541.86181640625,0.06679954913704468,1.671830550823278
2025-04-29,36.34777069091797,545.2752685546875,0.06665948886194997,1.6232492757116144
2025-04-30,36.1108283996582,545.4916381835938,0.06619868366800617,1.4845934378600492
2025-05-01,35.902313232421875,549.3574829101562,0.06535327969364069,1.2394436200214487
2025-05-02,36.58472442626953,557.5123291015625,0.06562137286762112,1.3138324534100934
2025-05-05,36.62263488769531,554.3152465820312,0.06606824386216058,1.437631784571781
2025-05-06,36.55628967285156,549.6821899414062,0.06650440989683203,1.5570862663153286
2025-05-07,36.4235954284668,551.9937744140625,0.06598551852714316,1.4056391368520815
2025-05-08,36.12030792236328,555.8400268554688,0.06498327967977627,1.1195695443598166
2025-05-09,36.2909049987793,555.1318359375,0.06537348905146406,1.2285846662249473
2025-05-12,36.2435188293457,573.4774780273438,0.06319955049327602,0.614085969850031
2025-05-13,36.41411590576172,577.2646484375,0.06308045366076881,0.5834697545548452
2025-05-14,36.252994537353516,578.0023803710938,0.06272118553227769,0.48483534852218735
2025-05-15,36.7742805480957,580.8256225585938,0.06331380558953545,0.6573158478350931
2025-05-16,36.86906051635742,584.5045166015625,0.06307746042874438,0.5935094052518233
2025-05-19,37.276607513427734,585.1439208984375,0.0637050239814382,0.7758928871797646
2025-05-20,37.5419921875,583.1766357421875,0.0643749935895866,0.9697415758426454
2025-05-21,37.37139129638672,573.3495483398438,0.06518081579482718,1.2009699366958637
2025-05-22,37.46616744995117,573.5758666992188,0.06532033445821092,1.2395442131804393
2025-05-23,37.79789352416992,569.6607055664062,0.06635158991102953,1.5304325524778728
2025-05-27,37.97797393798828,581.50439453125,0.06530986574676238,1.2299601580620163
2025-05-28,37.598854064941406,578.1400756835938,0.06503415979334154,1.1493617783299483
2025-05-29,37.71259307861328,580.4222412109375,0.06497441069786253,1.1307534900589795
2025-05-30,37.8358039855957,579.7730712890625,0.06525967806933823,1.208833045982548
2025-06-02,38.18648910522461,583.038818359375,0.06549562036482984,1.2710735369783406
2025-06-03,37.96849822998047,586.36376953125,0.06475246289574335,1.05890841517792
2025-06-04,38.091705322265625,586.206298828125,0.0649800341593294,1.1226604604380723
2025-06-05,38.120140075683594,583.373291015625,0.06534433554425889,1.2236459480586706
2025-06-06,38.24335479736328,589.3639526367188,0.06488919898522588,1.0925442321273393
2025-06-09,38.23387908935547,589.8952026367188,0.06481469745550962,1.0685882701898155
2025-06-10,38.205448150634766,593.2396850585938,0.06440136948501894,0.9502656125835952
2025-06-11,38.30022430419922,591.5476684570312,0.06474579538805378,1.044391927931906
2025-06-12,38.650901794433594,593.898681640625,0.06507995890420532,1.134435037457324
2025-06-13,38.30970001220703,587.2588500976562,0.0652347768038514,1.1715838317386758
2025-06-16,38.320343017578125,592.8461303710938,0.06463792382956332,0.9993919841633058
2025-06-17,37.914119720458984,587.7802734375,0.06450389955880423,0.9570566142324123
2025-06-18,37.93346405029297,587.6917724609375,0.06454652902736412,0.9638229355568636
2025-06-20,37.62396240234375,586.3115234375,0.06417060026682968,0.8538732298816331
2025-06-23,37.885101318359375,592.1027221679688,0.06398400125512692,0.7974587517021742
2025-06-24,38.11722946166992,598.6438598632812,0.06367263078648325,0.7077035384994808
2025-06-25,37.991493225097656,598.9793090820312,0.06342705440580529,0.6364496703824888
2025-06-26,38.38804244995117,603.6655883789062,0.06359156988398008,0.6803336872476574
2025-06-27,38.41706085205078,606.6648559570312,0.06332501458560141,0.603796570988744
2025-06-30,38.41706085205078,609.5653686523438,0.06302369331936468,0.5175937483140377
2025-07-01,38.54279327392578,609.3681030273438,0.06325042791449863,0.5777100368401729
2025-07-02,38.310672760009766,612.1305541992188,0.06258578745530402,0.3910536577836329
2025-07-03,38.51377868652344,616.9548950195312,0.062425598690329195,0.34467894722194425
2025-07-07,38.12689971923828,612.3574829101562,0.06226248683701017,0.2973726925465171
2025-07-08,38.484764099121094,612.0220336914062,0.0628813375672123,0.46694366815770305
2025-07-09,38.697547912597656,615.692138671875,0.06285210656753408,0.45651460563401264
2025-07-10,38.94902038574219,617.4285278320312,0.06308263811927087,0.5176755276022658
2025-07-11,38.61050033569336,615.2579956054688,0.0627549753298162,0.42388682167498853
2025-07-14,38.71689224243164,616.43212890625,0.06280803745763208,0.43574657401609374
2025-07-15,38.29132843017578,613.7978515625,0.06238426598056732,0.3168636972318456
2025-07-16,38.54279327392578,615.8499755859375,0.0625847118646957,0.3709483180400533
2025-07-17,38.52345275878906,619.6187133789062,0.06217283617648162,0.25498202218195104
2025-07-18,38.49443435668945,619.1649780273438,0.062171530565783145,0.2526820042984037
2025-07-21,38.697547912597656,620.3389892578125,0.06238129245897678,0.30981814419256204
2025-07-22,39.1037712097168,620.427734375,0.06302711668605328,0.4868367415841522
2025-07-23,39.55835723876953,625.7060546875,0.06322195053478648,0.5387678962730701
2025-07-24,39.4326171875,625.9132080078125,0.06300013593419458,0.4754073516768011
2025-07-25,39.306880950927734,628.5572509765625,0.06253508473549277,0.34494107978186717
2025-07-28,38.80393981933594,628.3994140625,0.0617504392126574,0.1282463466156817
2025-07-29,39.06508255004883,626.741943359375,0.06233041040887994,0.28939236286734693
2025-07-30,38.726566314697266,625.9526977539062,0.061868199392157014,0.16277253879944995
2025-07-31,38.50410842895508,623.6046142578125,0.061744425151152894,0.129653904587538
2025-08-01,38.629844665527344,613.3834838867188,0.06297829283036516,0.47159798963173044
2025-08-04,38.890987396240234,622.706787109375,0.06245473503954157,0.32686216072720403
2025-08-05,38.91033172607422,619.5496215820312,0.06280422160006487,0.42339572434620165
2025-08-06,39.05541229248047,624.2952270507812,0.06255920372318277,0.3566076242902841
2025-08-07,39.16180419921875,623.7723388671875,0.06278220715964933,0.4193717671721071
2025-08-08,39.20048904418945,628.63623046875,0.06235798565882712,0.30266796037144644
2025-08-11,39.306880950927734,627.39306640625,0.06265112424031112,0.3854800186136057
2025-08-12,39.68408966064453,634.0723266601562,0.06258606154548993,0.3681812425983907
2025-08-13,40.003265380859375,636.2428588867188,0.06287420726553387,0.448732659775846
2025-08-14,40.138671875,636.302001953125,0.06308116547141861,0.5067174075449418
2025-08-15,39.91621780395508,634.8123168945312,0.06287877021546011,0.4509586060741436
2025-08-18,39.93556213378906,634.6741333007812,0.06292293956600091,0.4637022942274031
2025-08-19,39.93556213378906,631.2310180664062,0.0632661592836805,0.5584079003367419
2025-08-20,40.35145568847656,629.5537109375,0.06409533450035135,0.7865338951895259
2025-08-21,40.29342269897461,627.028076171875,0.06426095454126006,0.8298074090333485
2025-08-22,40.699649810791016,636.6572265625,0.063927099407228,0.7346528812141947
2025-08-25,40.419158935546875,633.8551635742188,0.06376718414287108,0.6886350764702122
2025-08-26,40.37080001831055,636.5091552734375,0.06342532496797738,0.593382838407082
2025-08-27,40.29342269897461,637.9595336914062,0.06315984097898181,0.5202306068528202
2025-08-28,40.20637512207031,640.21875,0.06280099594407429,0.4218483331780719
2025-08-29,40.09998321533203,636.400634765625,0.06301059588053387,0.48101046394331287
2025-09-02,39.55835723876953,631.6846923828125,0.06262358058662033,0.3753281398614373
2025-09-03,39.829166412353516,635.108154296875,0.06271241542544542,0.4018556937558681
2025-09-04,40.03227996826172,640.4161376953125,0.06250979263628062,0.3468132513477191
2025-09-05,40.18703079223633,638.561279296875,0.06293371066358204,0.4653147905767171
2025-09-08,40.34178161621094,640.1300048828125,0.06302123210674407,0.49069259232687357
2025-09-09,40.380470275878906,641.60986328125,0.0629361744368604,0.46846485143815025
2025-09-10,40.37080001831055,643.4646606445312,0.06273973146850494,0.4160745742000008
2025-09-11,40.806034088134766,648.8119506835938,0.06289346866243938,0.4604993960678198
2025-09-12,40.564239501953125,648.594970703125,0.06254171144432169,0.3636003655826738
2025-09-15,40.709320068359375,652.0480346679688,0.06243300785208115,0.33394716934149293
2025-09-16,40.51587677001953,651.1502075195312,0.062222013142496396,0.27569773048504587
2025-09-17,40.419158935546875,650.3412475585938,0.06215069255914793,0.25629238169215546
2025-09-18,40.29342269897461,653.3799438476562,0.06166920652888839,0.12371938391514875
2025-09-19,40.003265380859375,656.615966796875,0.06092338201278379,-0.08247484624349619
2025-09-22,40.24506378173828,659.7225341796875,0.06100301520211041,-0.05831195857464101
2025-09-23,40.109657287597656,656.1312255859375,0.06113054176285998,-0.021137050483062834
2025-09-24,39.99359130859375,654.043701171875,0.06114819428263847,-0.015364212039557911
2025-09-25,39.693763732910156,651.0263061523438,0.060971059629688136,-0.06334985628511673
2025-09-26,40.21604919433594,654.756103515625,0.06142141933217768,0.06354579272876915
2025-09-29,40.264408111572266,656.59619140625,0.0613229388756229,0.03696977056457356
2025-09-30,40.593257904052734,659.0695190429688,0.061591769504069895,0.11312761608674969
2025-10-01,41.10586929321289,661.3153686523438,0.06215774083245662,0.2718669644131601
2025-10-02,40.87373733520508,662.0769653320312,0.06173562814514612,0.15408221817041692
2025-10-03,41.241275787353516,662.0671997070312,0.06229167644251676,0.30963136333894525
2025-10-06,41.18324661254883,664.4415283203125,0.06198174686139621,0.2232123579358786
2025-10-07,41.05751037597656,661.9780883789062,0.06202246131215731,0.23411408640131834
2025-10-08,41.279964447021484,665.925537109375,0.06198885933434545,0.2239147801721695
2025-10-09,40.68997573852539,663.9963989257812,0.06128041628592258,0.026147847425011524
2025-10-10,40.36112594604492,646.0499877929688,0.06247368889197925,0.35734693194400297
2025-10-13,40.61260223388672,655.9630126953125,0.06191294546778176,0.19880233683293436
2025-10-14,40.68030548095703,655.1616821289062,0.06209200963763473,0.24687237973407572
2025-10-15,40.64161682128906,658.0703125,0.06175877569509575,0.15169618623973377
2025-10-16,40.61260223388672,653.5886840820312,0.06213786012976545,0.25516701538180225
2025-10-17,40.68997573852539,657.298583984375,0.061904858355046534,0.18773508080540077
2025-10-20,40.77701950073242,664.1348266601562,0.061398706804451905,0.04467003449301152
2025-10-21,40.58358383178711,664.1249389648438,0.061108356953201916,-0.037627772685942085
2025-10-22,41.018821716308594,660.6721801757812,0.06208649758098631,0.23391111352624983
2025-10-23,41.20258331298828,664.5899658203125,0.061996998799299305,0.2063358430073427
2025-10-24,41.37668228149414,670.0213623046875,0.06175427323566198,0.13597968818425676
2025-10-27,41.570125579833984,677.926025390625,0.0613195599857389,0.012248331438668731
2025-10-28,41.512088775634766,679.7266235351562,0.06107174169482522,-0.058766094712322234
2025-10-29,41.425045013427734,680.0531616210938,0.060914421623568,-0.10476127735809639
2025-10-30,41.3476676940918,672.5739135742188,0.06147676390593324,0.05096188246867551
2025-10-31,41.27029037475586,674.7799682617188,0.06116110779202748,-0.03996491096330802
2025-11-03,41.134883880615234,676.04638671875,0.060846244708542815,-0.13085514667734208
2025-11-04,40.796363830566406,668.0328369140625,0.06106939895203768,-0.07005880823538137
2025-11-05,41.212257385253906,670.3478393554688,0.061478914327342336,0.04288401418389485
2025-11-06,41.22193145751953,663.1553955078125,0.06216028963460934,0.2319307204643016
2025-11-07,41.46372985839844,663.808349609375,0.06246340511203001,0.31389822365519976
2025-11-10,42.01503372192383,674.1665649414062,0.06232144384908123,0.2689635142163897
2025-11-11,42.21814727783203,675.7099609375,0.0624796876151675,0.3085983088722585
2025-11-12,42.08273696899414,676.0859985351562,0.06224465091744664,0.2362173386390038
2025-11-13,41.62815856933594,664.8670043945312,0.06261125652828131,0.3344643525721542
2025-11-14,41.36701202392578,664.7581176757812,0.06222866772738153,0.21856277745602384
2025-11-17,41.04783630371094,658.56494140625,0.06232921572785286,0.2407614536643285
2025-11-18,40.806034088134766,653.03466796875,0.06248678070195115,0.27987527849967536
2025-11-19,40.36112594604492,655.5574340820312,0.061567642814640784,0.005759045726072342
2025-11-20,39.98392105102539,645.5652465820312,0.06193629731885618,0.10761522779524847
2025-11-21,40.68030548095703,651.9959106445312,0.062393497899001345,0.2358108107689347
2025-11-24,40.544891357421875,661.59228515625,0.061283803132387314,-0.09925917217033521
2025-11-25,41.125213623046875,667.815185546875,0.061581728767322604,-0.017435593405472998
2025-11-26,41.57979965209961,672.4254150390625,0.06183555636380008,0.05196850900708833
2025-11-28,41.73454666137695,676.0958251953125,0.0617287448111672,0.013279941077253837
2025-12-01,41.52176284790039,673.0090942382812,0.061695693569928885,-0.004025427955229667
2025-12-02,41.59914016723633,674.2557373046875,0.061696382938508404,-0.010248567865991313
2025-12-03,42.03437805175781,676.5905151367188,0.062126762216381234,0.11518192962041182
2025-12-04,41.995689392089844,677.085205078125,0.06202423133325473,0.07700607287012326
2025-12-05,41.802249908447266,678.3712158203125,0.06162149710007725,-0.054319850069967535
2025-12-08,41.66684341430664,676.3333740234375,0.06160696043496255,-0.06608645315519496
2025-12-09,41.47340393066406,675.7495727539062,0.061373925493797984,-0.14583564056091206
2025-12-10,42.03437805175781,680.2312622070312,0.061794246144136304,-0.02072891377474802
2025-12-11,42.21814727783203,681.8141479492188,0.06192031568253175,0.012680321605753395
2025-12-12,41.86027908325195,674.4832153320312,0.06206274393743836,0.05114361957056062
2025-12-15,42.31486511230469,673.4641723632812,0.0628316499210579,0.2912434262030761
2025-12-16,42.12656021118164,671.6240844726562,0.06272342101051728,0.2494544454433592
2025-12-17,42.333595275878906,664.2338256835938,0.0637329711902453,0.5717640117297229
2025-12-18,42.520912170410156,669.2495727539062,0.06353521003448705,0.5008283025418132
2025-12-19,42.92512512207031,675.3153686523438,0.06356308047265605,0.5039073423922475
2025-12-22,43.171592712402344,679.5225219726562,0.06353224700643484,0.4874168731087907
2025-12-23,43.358909606933594,682.6282348632812,0.06351760356882637,0.4762580821990092
2025-12-24,43.457496643066406,685.0294799804688,0.06343887075386222,0.4432187008989608
2025-12-26,43.615238189697266,684.9600219726562,0.06367559680941262,0.5185452484273786
2025-12-29,43.398345947265625,682.51904296875,0.0635855459189769,0.4813706524570566
2025-12-30,43.59552001953125,681.685546875,0.06395253679556935,0.6053698464144859
2025-12-31,43.358909606933594,676.635009765625,0.06408020421815358,0.6459619000181538
2026-01-02,43.832130432128906,677.8753051757812,0.06466105211011147,0.8509415427539023
2026-01-05,44.177188873291016,682.3900756835938,0.06473890879646206,0.8747987653659363
2026-01-06,44.413795471191406,686.4484252929688,0.06470084835905346,0.8564293676452107
2026-01-07,43.86170959472656,684.2356567382812,0.06410322110924947,0.6298343774502729
2026-01-08,43.970149993896484,684.1661987304688,0.06426822908744544,0.6876339034569032
2026-01-09,44.157470703125,688.69091796875,0.06411798028840666,0.625218413094606
2026-01-12,44.45323181152344,689.7723999023438,0.06444623156539318,0.7477456322162351
2026-01-13,44.34478759765625,688.3931884765625,0.06441781868265253,0.7327819958447478
2026-01-14,44.64054870605469,685.009521484375,0.06516777841178217,1.0279647307031494
2026-01-15,44.45323181152344,686.875,0.064718080890298,0.8460265666894309
2026-01-16,44.541961669921875,686.299560546875,0.06490163221790321,0.9203290730606747
2026-01-20,44.06874084472656,672.3286743164062,0.06554642472974054,1.18637122616339
2026-01-21,44.52224349975586,680.088134765625,0.06546540253212815,1.1536850618663421
2026-01-22,44.43351364135742,683.6402587890625,0.06499546079989915,0.9515854062295437
2026-01-23,44.92645263671875,683.8883056640625,0.06569267563815806,1.2552742785891846
2026-01-26,45.18278503417969,687.3612060546875,0.06573368504969843,1.2767202648110225
2026-01-27,45.84332275390625,690.099853515625,0.06642998476287647,1.5912854010315047
2026-01-28,45.58699417114258,690.0303955078125,0.06606519722597705,1.4243864110008855
2026-01-29,45.7841682434082,688.6610717773438,0.06648287542265933,1.6170097361978355
2026-01-30,45.508121490478516,686.6071166992188,0.06627971132786002,1.524870823428274
2026-02-02,45.882755279541016,690.0203857421875,0.06649478222326638,1.6243607429240714
2026-02-03,45.81374740600586,684.18603515625,0.06696095075302613,1.8427392764367556
2026-02-04,46.38555145263672,680.8719482421875,0.0681266889793164,2.390995500374357
2026-02-05,45.291229248046875,672.3682861328125,0.06736074586227662,2.022056856917114
2026-02-06,46.237674713134766,685.2676391601562,0.06747389205450048,2.0702338991509652
2026-02-09,46.35597610473633,688.5718383789062,0.06732191693153101,1.9928960456910905
2026-02-10,46.079933166503906,686.7559814453125,0.06709797134860969,1.87939660695008
2026-02-11,46.760189056396484,686.5972290039062,0.06810424959657163,2.3658523679865233
2026-02-12,46.34611892700195,675.9900512695312,0.06856035653181942,2.5713091150399543
2026-02-13,46.58272933959961,676.4663696289062,0.0688618554166319,2.692127331463431
2026-02-17,46.750328063964844,677.5578002929688,0.06899828773833096,2.735304199127976
2026-02-18,47.203834533691406,680.9711303710938,0.06931840782731535,2.866833417410978
2026-02-19,47.006656646728516,679.1751098632812,0.06921139477003363,2.7868037287933918
2026-02-20,47.361572265625,684.0867919921875,0.06923327978267103,2.777481612182883
2026-02-23,47.21369171142578,677.1013793945312,0.06972913236957898,2.9926849873149926
2026-02-24,47.30242156982422,682.02294921875,0.06935605557556185,2.77954631415631
2026-02-25,47.972816467285156,687.7779541015625,0.06975044224840206,2.9333458354490762
2026-02-26,47.92352294921875,683.957763671875,0.07006795667021597,3.0343937125035136
2026-02-27,47.99253463745117,680.6734619140625,0.07050742730955832,3.1837890634868744
2026-03-02,47.4404411315918,681.0604858398438,0.06965672229991589,2.7330272643121063
2026-03-03,46.099647521972656,675.057373046875,0.06828996965680362,2.068619643830025
2026-03-04,46.572872161865234,679.8201904296875,0.06850763307342837,2.1422330916454353
2026-03-05,45.58699417114258,676.0297241210938,0.067433416822626,1.6253902207660071
2026-03-06,45.37010192871094,667.1690063476562,0.06800391129840488,1.868198029776959
2026-03-09,45.636287689208984,673.0133056640625,0.06780889368031089,1.7592122741183935
2026-03-10,45.75459289550781,671.9317016601562,0.06809411251539546,1.8684699953114503
2026-03-11,45.656005859375,671.08837890625,0.0680327767466125,1.8208741795179528
2026-03-12,45.232078552246094,660.89794921875,0.06844033728008252,1.9818158799670837
2026-03-13,44.68984603881836,657.1571655273438,0.06800480673897309,1.7686311622014796
2026-03-16,45.45882797241211,663.8449096679688,0.06847808473088839,1.9590851568681946
2026-03-17,45.64614486694336,665.5912475585938,0.06857984541469651,1.9820015377842446
2026-03-18,44.739139556884766,656.3038330078125,0.0681683350100931,1.7841850579645395
2026-03-19,44.47294998168945,654.6864624023438,0.06793015059223599,1.6676025559566818
2026-03-20,43.230743408203125,645.3009643554688,0.06699314861768772,1.2533453016905132
2026-03-23,43.93071746826172,652.07666015625,0.06737047981097051,1.4066930609049537
2026-03-24,43.772979736328125,649.8877563476562,0.06735467672499411,1.388953814784161
2026-03-25,44.502525329589844,653.5094604492188,0.06809775224829807,1.6903401304381769
2026-03-26,43.59552001953125,641.838623046875,0.06792286792056663,1.5998251613428869
2026-03-27,43.49692916870117,630.89404296875,0.06894490390814437,2.0090402623455903
2026-03-30,43.81241226196289,628.78466796875,0.06967792710896749,2.2844351388361095
2026-03-31,44.916595458984375,647.0621337890625,0.06941620149515171,2.1488106372452607
2026-04-01,45.695438385009766,651.9373779296875,0.0700917602394905,2.3913265241077113
2026-04-02,45.57713317871094,652.5244750976562,0.0698473925777112,2.2590288808455217
2026-04-06,45.76445007324219,655.6087646484375,0.06980451229596181,2.210740785763417
2026-04-07,45.665863037109375,655.8972778320312,0.06962349834420863,2.119426124281559
2026-04-08,47.14468002319336,672.6027221679688,0.07009290695588345,2.277911996036861
2026-04-09,46.967220306396484,676.4830322265625,0.06942852676113624,1.9912793911055444
2026-04-10,46.996795654296875,676.0353393554688,0.06951825284622482,2.0021972118786873
2026-04-13,47.18411636352539,682.6417846679688,0.06911987725227713,1.827874587353653
2026-04-14,47.39114761352539,690.959716796875,0.06858742479694689,1.6066314820206051
2026-04-15,47.124961853027344,696.412109375,0.06766821142056242,1.24430520845763
2026-04-16,47.164398193359375,698.1234130859375,0.06755882600309458,1.194511179256363
2026-04-17,47.568607330322266,706.5607299804688,0.06732415956889819,1.1002330329006327
2026-04-20,47.32213592529297,705.1477661132812,0.06710953107903729,1.018070766841611
2026-04-21,46.27710723876953,700.53125,0.0660600183628775,0.6219295796069081
2026-04-22,46.4841423034668,707.6253051757812,0.06569033351897961,0.48859212900451066
2026-04-23,46.13908386230469,704.8792114257812,0.06545672381084656,0.40579356306298553
2026-04-24,46.3264045715332,710.3414916992188,0.06521708940402046,0.31776333763694137
2026-04-27,45.95176696777344,711.5653686523438,0.06457841962545613,0.07397582117810983
2026-04-28,45.89261245727539,708.1029052734375,0.06481065409490691,0.16666841177099104
2026-04-29,45.34052658081055,707.993408203125,0.06404088803013579,-0.12820644851663143
2026-04-30,46.4841423034668,715.0377197265625,0.06500935687874311,0.2514210930465627
2026-05-01,46.35597610473633,717.0177001953125,0.06465109033167404,0.11436560525735265
2026-05-04,45.76445007324219,714.3909912109375,0.06406078833058712,-0.11384551354354631
2026-05-05,45.794029235839844,720.1220092773438,0.06359204224544536,-0.29362886468252475
2026-05-06,46.77004623413086,730.1312866210938,0.0640570361675276,-0.10918595132702107
2026-05-07,45.61656951904297,727.8926391601562,0.0626693650476744,-0.6455316574409175
2026-05-08,46.040496826171875,733.9021606445312,0.06273383469226737,-0.6153528528991724
2026-05-11,45.99120330810547,735.5736694335938,0.06252426537170587,-0.6928654459636893
2026-05-12,45.9419059753418,734.4593505859375,0.06255200636861691,-0.6772785972399378
2026-05-13,46.237674713134766,738.5685424804688,0.06260444637656296,-0.6555653410178125
2026-05-14,45.97148513793945,744.3989868164062,0.06175651223619621,-0.9827782946746517
2026-05-15,44.92645263671875,735.4443969726562,0.06108749053178131,-1.2379155502452424
2026-05-18,45.97148513793945,734.927001953125,0.06255245080908267,-0.6671190551037997
2026-05-19,45.636287689208984,730.03173828125,0.06251274471525411,-0.6813266445124662
2026-05-20,46.39541244506836,737.5138549804688,0.06290785201085751,-0.5265079282253353
2026-05-21,46.67145919799805,738.9764404296875,0.06315689735772945,-0.4278623790023039
2026-05-22,46.42498779296875,741.8817749023438,0.06257733962945757,-0.648229166353767
2026-05-26,46.750328063964844,746.8068237304688,0.0626002957905987,-0.6348549594639487
2026-05-27,46.563011169433594,746.6774291992188,0.062360276805702476,-0.7219163498496587
2026-05-28,46.33626174926758,750.7965698242188,0.06171613405228545,-0.9645451884618104
2026-05-29,46.267250061035156,752.6671142578125,0.06147106627165213,-1.0517776267537762
2026-06-01,46.030635833740234,754.7166748046875,0.06099061723480863,-1.2277029475389325
2026-06-02,46.267250061035156,755.7415771484375,0.06122099333956277,-1.1303183671001162
2026-06-03,45.76445007324219,750.4384155273438,0.06098361854394522,-1.2117021759466227
2026-06-04,46.21795654296875,753.2740478515625,0.061356098321438915,-1.0614910968144418
2026-06-05,45.72501754760742,733.83251953125,0.062309881792667325,-0.6921483358949125
2026-06-08,45.77431106567383,735.4940795898438,0.06223613804097562,-0.7151969713163042
2026-06-09,45.626426696777344,733.3350830078125,0.06221770614006104,-0.7175753895183024
2026-06-10,45.16306686401367,721.7736206054688,0.06257234342553011,-0.5785449390737201
2026-06-11,46.237674713134766,734.04150390625,0.06299054544883081,-0.4167688300491205
2026-06-12,46.49399948120117,738.0113525390625,0.06299903019275069,-0.4108043847963762
2026-06-15,46.209999084472656,751.0254516601562,0.06152920514521121,-0.9642316061848862
2026-06-16,46.5099983215332,746.5481567382812,0.06230006450586991,-0.6660735622660034
2026-06-17,45.91999816894531,737.225341796875,0.06228760131471102,-0.6667397654745558
2026-06-18,45.459999084472656,744.8902587890625,0.06102912281115759,-1.1369983237020405
2026-06-22,45.689998626708984,742.546142578125,0.06153152781599944,-0.9403725051509082
2026-06-23,45.56999969482422,731.7628784179688,0.0622742708585383,-0.6558178456613863
2026-06-24,45.45000076293945,731.4237060546875,0.062139086259724294,-0.7034787176179708
2026-06-25,45.880001068115234,732.4810791015625,0.06263643168010585,-0.5137594262053496
2026-06-26,45.7599983215332,727.1842651367188,0.06292765192455012,-0.4029415520236583
2026-06-29,46.150001525878906,739.1644897460938,0.06243536068910945,-0.5866970711345539
2026-06-30,46.13999938964844,744.9202270507812,0.06193951743305672,-0.7708877273489871
2026-07-01,45.939998626708984,743.9127197265625,0.061754554544510266,-0.8377451684826445
2026-07-02,47.15999984741211,742.9351806640625,0.06347794676415618,-0.18928370324583405
2026-07-06,47.220001220703125,749.4190673828125,0.06300880678898255,-0.3666535421202492
2026-07-07,47.130001068115234,745.85791015625,0.06318898067091888,-0.3000909949551963
2026-07-08,46.4900016784668,743.5536499023438,0.06252407164509603,-0.5511523959614733
2026-07-09,46.40999984741211,749.8480224609375,0.061892541498073744,-0.7869894939206732
2026-07-10,46.599998474121094,753.0799560546875,0.06187921760426867,-0.7898521983813017
2026-07-13,46.36000061035156,747.3142700195312,0.062035481550673365,-0.7288889640275934
2026-07-14,46.310001373291016,749.9677124023438,0.06174932681428098,-0.8341446574451493
2026-07-15,46.77000045776367,752.9403076171875,0.062116478537024525,-0.6948262865374488
2026-07-16,46.970001220703125,748.8604125976562,0.0627219711852213,-0.4681997022275439
2026-07-17,46.939998626708984,741.4487915039062,0.06330848355892382,-0.24919117583405928
2026-07-20,46.38999938964844,740.2518310546875,0.06266786172423705,-0.4907455881605451
2026-07-21,46.77000045776367,746.426513671875,0.06265854655629705,-0.49518348754699115
2026-07-22,47.2400016784668,745.55859375,0.06336189009754378,-0.23239939662354683
2026-07-23,46.70000076293945,736.3515014648438,0.06342079926507638,-0.21086475193498785
2026-07-24,47.22999954223633,737.099609375,0.06407546407775673,0.03414867296142956
2026-07-27,47.369998931884766,737.25927734375,0.06425147894042481,0.09853214231724682
2026-07-28,47.81999969482422,739.0248413085938,0.06470689078617328,0.2668058959620408
2026-07-29,47.900001525878906,727.6531372070312,0.06582806982697093,0.6832063311215874
2026-07-30,48.68000030517578,739.852783203125,0.06579687393270343,0.6662172260532695
2026-07-31,48.40999984741211,745.1796264648438,0.06496420209053583,0.34831429150685017
2026-08-03,48.22999954223633,755.793212890625,0.06381375053339618,-0.08873751844187082
2026-08-04,48.34000015258789,769.4193725585938,0.06282659610173338,-0.4612639864605705
2026-08-05,48.369998931884766,767.8831787109375,0.06299135112333695,-0.4000161643112255
2026-08-06,48.29999923706055,766.65625,0.06300085499473923,-0.3967716232930508
2026-08-07,48.63999938964844,771.3446044921875,0.06305871475132757,-0.3757929932047841
2026-08-10,48.4900016784668,771.1151733398438,0.0628829562106106,-0.44240263658391554
2026-08-11,48.29999923706055,768.6513061523438,0.0628373344980535,-0.46054852778787847
2026-08-12,48.369998931884766,770.5764770507812,0.06277118543380758,-0.4857859415919548
2026-08-13,48.2599983215332,775.9531860351562,0.06219447150945351,-0.703027077016551
2026-08-14,48.2599983215332,774.4169921875,0.06231784530607072,-0.655252489912624
2026-08-17,48.15999984741211,770.7560424804688,0.06248410287180136,-0.5912831109820366
2026-08-18,48.15999984741211,765.5490112304688,0.06290910071192493,-0.43082306616026217
2026-08-19,48.56999969482422,767.1549682617188,0.06331184924067952,-0.2793496256802878
2026-08-20,48.540000915527344,760.7109985351562,0.06380872763637854,-0.09247312546808885
2026-08-21,48.939998626708984,763.8232421875,0.06407241351618286,0.007189044439763544
2026-08-24,49.099998474121094,761.5787963867188,0.06447133075011298,0.15758973282067554
2026-08-25,49.38999938964844,764.0127563476562,0.06464551668712455,0.2223015096889114
2026-08-26,48.86000061035156,764.182373046875,0.0639376179478488,-0.04538347931783961
2026-08-27,48.630001068115234,769.18994140625,0.06322235698923571,-0.3152677523945719
2026-08-28,48.54999923706055,767.4442749023438,0.06326192119061474,-0.3004900134063549
2026-08-31,48.369998931884766,765.1499633789062,0.06321636443434252,-0.31840168968036836
2026-09-01,48.189998626708984,759.89306640625,0.06341681580885211,-0.24331466603744525
2026-09-02,48.220001220703125,763.2646484375,0.06317599186522736,-0.33528256322941485
2026-09-03,48.68000030517578,771.2548217773438,0.06311792021344326,-0.35794149053170776
2026-09-04,48.59000015258789,768.2822265625,0.0632449879388627,-0.3111455185071666
2026-09-08,48.349998474121094,764.0626831054688,0.06328014643720928,-0.2984195537390658
2026-09-09,47.83000183105469,760.5115356445312,0.0628918820942261,-0.44512291639197005
2026-09-10,47.529998779296875,755.9528198242188,0.06287429259189614,-0.45166744953131344
2026-09-11,47.939998626708984,762.3967895507812,0.06288064074214707,-0.44952240297049945
2026-09-14,47.90999984741211,758.9952392578125,0.06312292537468503,-0.35822893578823223
2026-09-15,47.79999923706055,755.513916015625,0.06326819165574706,-0.30448650336125305
2026-09-16,47.459999084472656,752.1821899414062,0.06309641429846898,-0.3707135043428512
2026-09-17,47.95000076293945,760.7109985351562,0.06303313722987199,-0.3961720357003379
2026-09-18,47.27000045776367,761.6900024414062,0.062059368386419074,-0.765119852126638
2026-09-21,47.689998626708984,773.5,0.06165481399703812,-0.9184341466483257
2026-09-22,47.66999816894531,773.3800048828125,0.06163851905657759,-0.9267489034321795
2026-09-23,47.09000015258789,767.8099975585938,0.061330277415402264,-1.0447904494787459
2026-09-24,47.15999984741211,767.1799926757812,0.06147188443083193,-0.9920770700850214
2026-09-25,47.31999969482422,771.3499755859375,0.06134699059124066,-1.0401627172319052
2026-09-28,47.27000045776367,765.6099853515625,0.06174161957417213,-0.8924324281894536
2026-09-29,46.849998474121094,764.2000122070312,0.061305937877201774,-1.0578413243115765
2026-09-30,46.529998779296875,762.6300048828125,0.06101254668893703,-1.1683766066471657
2026-10-01,45.88999938964844,763.989990234375,0.0600662312022837,-1.5215474062236347
2026-10-02,46.18000030517578,769.6400146484375,0.060002078148535795,-1.5369546956513862
2026-10-05,46.189998626708984,774.8300170898438,0.05961307332954439,-1.6738823990326495
