Date,Close
2000-01-03,10.18297004699707
2000-01-04,9.276269912719727
2000-01-05,9.485507011413574
2000-01-06,9.485507011413574
2000-01-07,9.764492988586426
2000-01-10,10.252715110778809
2000-01-11,9.973729133605957
2000-01-12,9.903989791870117
2000-01-13,10.252715110778809
2000-01-14,10.392210960388184
2000-01-18,10.357337951660156
2000-01-19,10.18297004699707
2000-01-20,9.764492988586426
2000-01-21,9.764492988586426
2000-01-24,9.415761947631836
2000-01-25,9.415761947631836
2000-01-26,9.555254936218262
2000-01-27,9.590126037597656
2000-01-28,9.241395950317383
2000-01-31,9.067026138305664
2000-02-01,9.101899147033691
2000-02-02,9.346012115478516
2000-02-03,9.869112014770508
2000-02-04,10.113224983215332
2000-02-07,10.357337951660156
2000-02-08,10.53170108795166
2000-02-09,10.357337951660156
2000-02-10,10.636321067810059
2000-02-11,10.427083015441895
2000-02-14,10.461955070495605
2000-02-15,10.461955070495605
2000-02-16,10.566573143005371
2000-02-17,10.461955070495605
2000-02-18,10.043475151062012
2000-02-22,9.694745063781738
2000-02-23,10.113224983215332
2000-02-24,10.0086030960083
2000-02-25,9.938858032226562
2000-02-28,9.903989791870117
2000-02-29,9.903989791870117
2000-03-01,10.148098945617676
2000-03-02,10.810686111450195
2000-03-03,11.124545097351074
2000-03-06,10.95018196105957
2000-03-07,11.019929885864258
2000-03-08,11.298913955688477
2000-03-09,11.473276138305664
2000-03-10,11.229166984558105
2000-03-13,10.810686111450195
2000-03-14,10.601446151733398
2000-03-15,10.740941047668457
2000-03-16,10.845562934875488
2000-03-17,10.95018196105957
2000-03-20,10.985054969787598
2000-03-21,11.019929885864258
2000-03-22,10.845562934875488
2000-03-23,10.95018196105957
2000-03-24,11.159422874450684
2000-03-27,11.264042854309082
2000-03-28,10.985054969787598
2000-03-29,10.7758150100708
2000-03-30,10.357337951660156
2000-03-31,10.287590026855469
2000-04-03,9.973729133605957
2000-04-04,9.799365043640137
2000-04-05,10.0086030960083
2000-04-06,10.217845916748047
2000-04-07,10.601446151733398
2000-04-10,10.496829986572266
2000-04-11,10.217845916748047
2000-04-12,9.903989791870117
2000-04-13,9.590126037597656
2000-04-14,8.613676071166992
2000-04-17,8.64854907989502
2000-04-18,9.136775016784668
2000-04-19,8.962409019470215
2000-04-20,8.927536964416504
2000-04-24,8.8577880859375
2000-04-25,9.276269912719727
2000-04-26,9.206521034240723
2000-04-27,9.171645164489746
2000-04-28,9.311141967773438
2000-05-01,9.136775016784668
2000-05-02,9.136775016784668
2000-05-03,8.683423042297363
2000-05-04,8.89266300201416
2000-05-05,8.89266300201416
2000-05-08,8.613676071166992
2000-05-09,8.509058952331543
2000-05-10,8.334693908691406
2000-05-11,8.543931007385254
2000-05-12,8.613676071166992
2000-05-15,8.788042068481445
2000-05-16,8.788042068481445
2000-05-17,8.543931007385254
2000-05-18,8.439312934875488
2000-05-19,8.12545394897461
2000-05-22,7.916214942932129
2000-05-23,7.916214942932129
2000-05-24,8.195199012756348
2000-05-25,8.020833015441895
2000-05-26,8.020833015441895
2000-05-30,8.3695650100708
2000-05-31,8.404439926147461
2000-06-01,8.64854907989502
2000-06-02,9.206521034240723
2000-06-05,9.171645164489746
2000-06-06,8.788042068481445
2000-06-07,8.578804016113281
2000-06-08,8.683423042297363
2000-06-09,8.613676071166992
2000-06-12,8.683423042297363
2000-06-13,8.962409019470215
2000-06-14,9.067026138305664
2000-06-15,8.927536964416504
2000-06-16,8.64854907989502
2000-06-19,8.788042068481445
2000-06-20,8.613676071166992
2000-06-21,8.753169059753418
2000-06-22,8.64854907989502
2000-06-23,8.509058952331543
2000-06-26,8.474183082580566
2000-06-27,8.64854907989502
2000-06-28,8.927536964416504
2000-06-29,8.89266300201416
2000-06-30,9.171645164489746
2000-07-03,10.07835578918457
2000-07-05,9.991168022155762
2000-07-06,9.83423900604248
2000-07-07,10.0086030960083
2000-07-10,10.043475151062012
2000-07-11,10.07835578918457
2000-07-12,10.07835578918457
2000-07-13,10.287590026855469
2000-07-14,10.322464942932129
2000-07-17,10.252715110778809
2000-07-18,10.18297004699707
2000-07-19,9.729620933532715
2000-07-20,9.555254936218262
2000-07-21,9.485507011413574
2000-07-24,9.45063304901123
2000-07-25,9.590126037597656
2000-07-26,9.485507011413574
2000-07-27,9.520380020141602
2000-07-28,9.067026138305664
2000-07-31,9.136775016784668
2000-08-01,9.206521034240723
2000-08-02,9.346012115478516
2000-08-03,9.101899147033691
2000-08-04,9.311141967773438
2000-08-07,9.415761947631836
2000-08-08,9.415761947631836
2000-08-09,9.241395950317383
2000-08-10,9.206521034240723
2000-08-11,9.276269912719727
2000-08-14,9.415761947631836
2000-08-15,9.276269912719727
2000-08-16,9.485507011413574
2000-08-17,9.415761947631836
2000-08-18,9.206521034240723
2000-08-21,9.171645164489746
2000-08-22,9.136775016784668
2000-08-23,9.206521034240723
2000-08-24,9.09084415435791
2000-08-25,8.983473777770996
2000-08-28,8.983473777770996
2000-08-29,9.055057525634766
2000-08-30,9.448753356933594
2000-08-31,9.591914176940918
2000-09-01,9.735079765319824
2000-09-05,9.770870208740234
2000-09-06,9.55612564086914
2000-09-07,9.699288368225098
2000-09-08,9.591914176940918
2000-09-11,9.627707481384277
2000-09-12,9.305588722229004
2000-09-13,9.520336151123047
2000-09-14,9.627707481384277
2000-09-15,9.520336151123047
2000-09-18,9.269800186157227
2000-09-19,9.269800186157227
2000-09-20,9.234006881713867
2000-09-21,9.162425994873047
2000-09-22,8.94768238067627
2000-09-25,9.09084415435791
2000-09-26,8.911890983581543
2000-09-27,8.697147369384766
2000-09-28,8.94768238067627
2000-09-29,8.697147369384766
2000-10-02,8.661358833312988
2000-10-03,8.553984642028809
2000-10-04,8.768729209899902
2000-10-05,8.768729209899902
2000-10-06,8.446615219116211
2000-10-09,8.339242935180664
2000-10-10,8.482403755187988
2000-10-11,8.231867790222168
2000-10-12,7.873960494995117
2000-10-13,8.088705062866211
2000-10-16,8.052915573120117
2000-10-17,7.873960494995117
2000-10-18,8.124497413635254
2000-10-19,8.375033378601074
2000-10-20,8.267659187316895
2000-10-23,8.16028881072998
2000-10-24,8.303448677062988
2000-10-25,8.375033378601074
2000-10-26,8.303448677062988
2000-10-27,8.625568389892578
2000-10-30,8.625568389892578
2000-10-31,9.055057525634766
2000-11-01,8.804519653320312
2000-11-02,9.019265174865723
2000-11-03,8.697147369384766
2000-11-06,8.732939720153809
2000-11-07,8.94768238067627
2000-11-08,8.768729209899902
2000-11-09,8.446615219116211
2000-11-10,8.446615219116211
2000-11-13,8.196076393127441
2000-11-14,8.553984642028809
2000-11-15,8.697147369384766
2000-11-16,8.553984642028809
2000-11-17,8.768729209899902
2000-11-20,8.697147369384766
2000-11-21,8.768729209899902
2000-11-22,8.553984642028809
2000-11-24,8.589776039123535
2000-11-27,8.625568389892578
2000-11-28,8.446615219116211
2000-11-29,8.482403755187988
2000-11-30,8.16028881072998
2000-12-01,8.124497413635254
2000-12-04,7.695009231567383
2000-12-05,8.052915573120117
2000-12-06,8.16028881072998
2000-12-07,8.231867790222168
2000-12-08,8.267659187316895
2000-12-11,8.303448677062988
2000-12-12,8.16028881072998
2000-12-13,8.124497413635254
2000-12-14,8.052915573120117
2000-12-15,7.873960494995117
2000-12-18,7.873960494995117
2000-12-19,7.695009231567383
2000-12-20,7.341193675994873
2000-12-21,7.521121025085449
2000-12-22,7.557107448577881
2000-12-26,7.701053142547607
2000-12-27,7.629077434539795
2000-12-28,7.5930962562561035
2000-12-29,7.665066242218018
2001-01-02,7.48513650894165
2001-01-03,8.096902847290039
2001-01-04,8.132885932922363
2001-01-05,8.132885932922363
2001-01-08,8.132885932922363
2001-01-09,7.916970729827881
2001-01-10,7.629077434539795
2001-01-11,8.02492904663086
2001-01-12,7.988940715789795
2001-01-16,7.988940715789795
2001-01-17,8.168872833251953
2001-01-18,8.204861640930176
2001-01-19,8.27683162689209
2001-01-22,8.420780181884766
2001-01-23,8.56472110748291
2001-01-24,8.56472110748291
2001-01-25,8.45676326751709
2001-01-26,8.636695861816406
2001-01-29,8.809428215026855
2001-01-30,8.86700439453125
2001-01-31,8.838221549987793
2001-02-01,8.700031280517578
2001-02-02,8.636695861816406
2001-02-05,8.694273948669434
2001-02-06,8.746092796325684
2001-02-07,8.556085586547852
2001-02-08,8.521540641784668
2001-02-09,8.521540641784668
2001-02-12,8.780640602111816
2001-02-13,8.521540641784668
2001-02-14,8.694273948669434
2001-02-15,8.700031280517578
2001-02-16,8.579117774963379
2001-02-20,8.54456901550293
2001-02-21,8.060914993286133
2001-02-22,8.06667423248291
2001-02-23,8.1472806930542
2001-02-26,8.1472806930542
2001-02-27,8.176072120666504
2001-02-28,8.210618019104004
2001-03-01,8.291226387023926
2001-03-02,8.46396255493164
2001-03-05,8.291226387023926
2001-03-06,8.636695861816406
2001-03-07,8.723060607910156
2001-03-08,8.636695861816406
2001-03-09,8.613666534423828
2001-03-12,8.118492126464844
2001-03-13,8.291226387023926
2001-03-14,8.06667423248291
2001-03-15,8.060914993286133
2001-03-16,8.032124519348145
2001-03-19,8.291226387023926
2001-03-20,7.945761680603027
2001-03-21,7.951516151428223
2001-03-22,7.721203804016113
2001-03-23,7.657870769500732
2001-03-26,7.824846267700195
2001-03-27,7.888180255889893
2001-03-28,7.807575225830078
2001-03-29,7.8421196937561035
2001-03-30,8.055154800415039
2001-04-02,8.003336906433105
2001-04-03,7.732719898223877
2001-04-04,7.888180255889893
2001-04-05,8.060914993286133
2001-04-06,7.997579574584961
2001-04-09,8.32001781463623
2001-04-10,8.51578140258789
2001-04-11,8.636695861816406
2001-04-12,8.590632438659668
2001-04-16,8.723060607910156
2001-04-17,8.751850128173828
2001-04-18,8.947616577148438
2001-04-19,8.86700439453125
2001-04-20,8.32001781463623
2001-04-23,8.337288856506348
2001-04-24,8.34880542755127
2001-04-25,8.458200454711914
2001-04-26,8.579117774963379
2001-04-27,8.746092796325684
2001-04-30,8.642454147338867
2001-05-01,8.642454147338867
2001-05-02,8.953373908996582
2001-05-03,8.838221549987793
2001-05-04,9.01094913482666
2001-05-07,8.918828010559082
2001-05-08,8.792157173156738
2001-05-09,8.809428215026855
2001-05-10,8.820943832397461
2001-05-11,8.982161521911621
2001-05-14,8.953373908996582
2001-05-15,8.723060607910156
2001-05-16,8.746092796325684
2001-05-17,9.35641860961914
2001-05-18,9.50036334991455
2001-05-21,9.70764446258545
2001-05-22,9.701887130737305
2001-05-23,9.782496452331543
2001-05-24,9.627036094665527
2001-05-25,9.673096656799316
2001-05-29,9.644307136535645
2001-05-30,9.557947158813477
2001-05-31,9.419754028320312
2001-06-01,9.580972671508789
2001-06-04,9.44278621673584
2001-06-05,9.506121635437012
2001-06-06,9.644307136535645
2001-06-07,9.782496452331543
2001-06-08,9.71340560913086
2001-06-11,9.667341232299805
2001-06-12,9.759465217590332
2001-06-13,9.644307136535645
2001-06-14,9.557947158813477
2001-06-15,9.609761238098145
2001-06-18,9.270052909851074
2001-06-19,9.068531036376953
2001-06-20,9.275812149047852
2001-06-21,9.402483940124512
2001-06-22,9.44278621673584
2001-06-25,9.50036334991455
2001-06-26,9.50036334991455
2001-06-27,9.615518569946289
2001-06-28,9.50036334991455
2001-06-29,9.701887130737305
2001-07-02,9.81704330444336
2001-07-03,9.932198524475098
2001-07-05,9.81704330444336
2001-07-06,9.44278621673584
2001-07-09,9.477333068847656
2001-07-10,9.529155731201172
2001-07-11,9.068531036376953
2001-07-12,8.924585342407227
2001-07-13,8.895794868469238
2001-07-16,8.723060607910156
2001-07-17,8.947616577148438
2001-07-18,8.786397933959961
2001-07-19,8.838221549987793
2001-07-20,9.01094913482666
2001-07-23,8.86700439453125
2001-07-24,8.855493545532227
2001-07-25,8.976405143737793
2001-07-26,8.982161521911621
2001-07-27,9.177928924560547
2001-07-30,9.344903945922852
2001-07-31,9.16065502166748
2001-08-01,9.126107215881348
2001-08-02,9.270052909851074
2001-08-03,9.413999557495117
2001-08-06,9.270052909851074
2001-08-07,9.373693466186523
2001-08-08,9.281569480895996
2001-08-09,9.373693466186523
2001-08-10,9.44278621673584
2001-08-13,9.30459976196289
2001-08-14,9.402483940124512
2001-08-15,9.166410446166992
2001-08-16,8.924585342407227
2001-08-17,8.815190315246582
2001-08-20,8.723060607910156
2001-08-21,8.786397933959961
2001-08-22,9.005191802978516
2001-08-23,8.861249923706055
2001-08-24,9.134408950805664
2001-08-27,9.250402450561523
2001-08-28,8.91982650756836
2001-08-29,8.90822696685791
2001-08-30,8.821232795715332
2001-08-31,8.91982650756836
2001-09-04,8.815430641174316
2001-09-05,8.583447456359863
2001-09-06,8.119478225708008
2001-09-07,8.067279815673828
2001-09-10,7.9454874992370605
2001-09-17,6.95955228805542
2001-09-18,7.394525527954102
2001-09-19,7.046547889709473
2001-09-20,6.901556015014648
2001-09-21,6.901556015014648
2001-09-24,7.243729591369629
2001-09-25,7.249531269073486
2001-09-26,7.098743438720703
2001-09-27,7.179938316345215
2001-09-28,7.162538051605225
2001-10-01,7.191537380218506
2001-10-02,7.249531269073486
2001-10-03,7.2785325050354
2001-10-04,7.562710762023926
2001-10-05,7.481518745422363
2001-10-08,7.45251989364624
2001-10-09,7.5105133056640625
2001-10-10,7.754098892211914
2001-10-11,8.003482818603516
2001-10-12,7.829497337341309
2001-10-15,7.68450403213501
2001-10-16,7.68450403213501
2001-10-17,7.771496295928955
2001-10-18,7.707703590393066
2001-10-19,7.655505657196045
2001-10-22,7.6265082359313965
2001-10-23,7.736701011657715
2001-10-24,7.893290042877197
2001-10-25,7.968685626983643
2001-10-26,7.858494281768799
2001-10-29,7.655505657196045
2001-10-30,7.481518745422363
2001-10-31,7.545312881469727
2001-11-01,7.765697002410889
2001-11-02,7.6613030433654785
2001-11-05,7.829497337341309
2001-11-06,7.9454874992370605
2001-11-07,7.835294246673584
2001-11-08,7.881692409515381
2001-11-09,7.829497337341309
2001-11-12,7.742499351501465
2001-11-13,7.875891208648682
2001-11-14,7.95128870010376
2001-11-15,7.95128870010376
2001-11-16,7.922291278839111
2001-11-19,8.003482818603516
2001-11-20,7.904891490936279
2001-11-21,7.928088665008545
2001-11-23,7.864294052124023
2001-11-26,8.08467960357666
2001-11-27,8.171672821044922
2001-11-28,8.09047794342041
2001-11-29,8.078880310058594
2001-11-30,8.009284019470215
2001-12-03,8.107876777648926
2001-12-04,8.171672821044922
2001-12-05,8.484853744506836
2001-12-06,8.409459114074707
2001-12-07,8.467453002929688
2001-12-10,8.612442970275879
2001-12-11,8.641443252563477
2001-12-12,8.583447456359863
2001-12-13,8.421058654785156
2001-12-14,8.583447456359863
2001-12-17,8.641443252563477
2001-12-18,8.69943904876709
2001-12-19,8.647241592407227
2001-12-20,8.508049964904785
2001-12-21,8.740035057067871
2001-12-24,8.856571197509766
2001-12-26,8.938140869140625
2001-12-27,8.926490783691406
2001-12-28,8.99641227722168
2001-12-31,8.844917297363281
2002-01-02,8.909014701843262
2002-01-03,9.22947883605957
2002-01-04,9.223650932312012
2002-01-07,9.118773460388184
2002-01-08,9.095463752746582
2002-01-09,9.03136920928955
2002-01-10,8.96144962310791
2002-01-11,8.973102569580078
2002-01-14,8.728382110595703
2002-01-15,9.013891220092773
2002-01-16,9.066329956054688
2002-01-17,9.2819185256958
2002-01-18,9.124598503112793
2002-01-22,9.060505867004395
2002-01-23,9.404281616210938
2002-01-24,9.520812034606934
2002-01-25,9.579079627990723
2002-01-28,9.614039421081543
2002-01-29,9.485851287841797
2002-01-30,9.404281616210938
2002-01-31,9.66065502166748
2002-02-01,9.456719398498535
2002-02-04,9.328534126281738
2002-02-05,9.561599731445312
2002-02-06,9.51498794555664
2002-02-07,9.334358215332031
2002-02-08,9.2819185256958
2002-02-11,9.200347900390625
2002-02-12,9.316879272460938
2002-02-13,9.398451805114746
2002-02-14,9.485851287841797
2002-02-15,9.357666015625
2002-02-19,9.206171035766602
2002-02-20,9.15955638885498
2002-02-21,9.089639663696289
2002-02-22,8.973102569580078
2002-02-25,9.171212196350098
2002-02-26,9.194517135620117
2002-02-27,9.410104751586914
2002-02-28,9.415929794311523
2002-03-01,9.579079627990723
2002-03-04,9.730573654174805
2002-03-05,9.777188301086426
2002-03-06,9.963643074035645
2002-03-07,9.788841247558594
2002-03-08,10.097655296325684
2002-03-11,9.99277400970459
2002-03-12,10.074349403381348
2002-03-13,10.051041603088379
2002-03-14,10.0219087600708
2002-03-15,10.196708679199219
2002-03-18,10.260801315307617
2002-03-19,10.418121337890625
2002-03-20,10.365684509277344
2002-03-21,10.394818305969238
2002-03-22,10.517176628112793
2002-03-25,10.482217788696289
2002-03-26,10.243325233459473
2002-03-27,10.319069862365723
2002-03-28,10.400640487670898
2002-04-01,10.348206520080566
2002-04-02,10.284109115600586
2002-04-03,10.027735710144043
2002-04-04,10.167577743530273
2002-04-05,10.394818305969238
2002-04-08,10.249150276184082
2002-04-09,10.208362579345703
2002-04-10,10.54631233215332
2002-04-11,10.336554527282715
2002-04-12,10.330723762512207
2002-04-15,10.336554527282715
2002-04-16,10.476393699645996
2002-04-17,10.400640487670898
2002-04-18,10.45890998840332
2002-04-19,10.388992309570312
2002-04-22,10.249150276184082
2002-04-23,10.167577743530273
2002-04-24,10.243325233459473
2002-04-25,10.173402786254883
2002-04-26,10.196708679199219
2002-04-29,10.109308242797852
2002-04-30,10.109308242797852
2002-05-01,10.080175399780273
2002-05-02,9.98694896697998
2002-05-03,10.097655296325684
2002-05-06,9.99277400970459
2002-05-07,9.89954662322998
2002-05-08,10.097655296325684
2002-05-09,9.893720626831055
2002-05-10,9.823801040649414
2002-05-13,9.917028427124023
2002-05-14,9.963643074035645
2002-05-15,10.0219087600708
2002-05-16,10.115138053894043
2002-05-17,10.319069862365723
2002-05-20,10.13261604309082
2002-05-21,9.905378341674805
2002-05-22,9.917028427124023
2002-05-23,9.96946907043457
2002-05-24,9.981120109558105
2002-05-28,9.85876178741455
2002-05-29,9.561599731445312
2002-05-30,9.369317054748535
2002-05-31,9.398451805114746
2002-06-03,9.287745475769043
2002-06-04,9.258611679077148
2002-06-05,9.177040100097656
2002-06-06,8.809954643249512
2002-06-07,8.89153003692627
2002-06-10,9.072154998779297
2002-06-11,8.973102569580078
2002-06-12,8.990583419799805
2002-06-13,8.914838790893555
2002-06-14,8.699251174926758
2002-06-17,8.96728229522705
2002-06-18,8.780821800231934
2002-06-19,8.576888084411621
2002-06-20,8.390435218811035
2002-06-21,8.308858871459961
2002-06-24,8.262246131896973
2002-06-25,8.279725074768066
2002-06-26,7.906818389892578
2002-06-27,8.303034782409668
2002-06-28,8.501140594482422
2002-07-01,8.27390193939209
2002-07-02,8.075793266296387
2002-07-03,8.27390193939209
2002-07-05,8.332169532775879
2002-07-08,8.396262168884277
2002-07-09,8.303034782409668
2002-07-10,8.303034782409668
2002-07-11,8.372954368591309
2002-07-12,8.355474472045898
2002-07-15,8.361306190490723
2002-07-16,8.303034782409668
2002-07-17,8.437047004699707
2002-07-18,8.466184616088867
2002-07-19,8.419569969177246
2002-07-22,7.9825663566589355
2002-07-23,7.86020565032959
2002-07-24,7.9301276206970215
2002-07-25,7.7494964599609375
2002-07-26,7.638792991638184
2002-07-29,8.011701583862305
2002-07-30,7.88933801651001
2002-07-31,7.6912336349487305
2002-08-01,7.4465107917785645
2002-08-02,7.225098609924316
2002-08-05,7.056121826171875
2002-08-06,7.458165168762207
2002-08-07,7.650442600250244
2002-08-08,7.813591957092285
2002-08-09,7.702885627746582
2002-08-12,7.609657287597656
2002-08-13,7.603832244873047
2002-08-14,7.755327224731445
2002-08-15,7.778631687164307
2002-08-16,8.075793266296387
2002-08-19,8.099103927612305
2002-08-20,8.052486419677734
2002-08-21,8.110751152038574
2002-08-22,8.017525672912598
2002-08-23,7.941780090332031
2002-08-26,8.104926109313965
2002-08-27,7.953431129455566
2002-08-28,7.88933801651001
2002-08-29,7.900994300842285
2002-08-30,7.9301276206970215
2002-09-03,7.720365524291992
2002-09-04,7.796109676361084
2002-09-05,7.685405254364014
2002-09-06,7.796109676361084
2002-09-09,7.877687931060791
2002-09-10,7.953431129455566
2002-09-11,8.005873680114746
2002-09-12,7.976739406585693
2002-09-13,7.924300670623779
2002-09-16,7.8252434730529785
2002-09-17,7.662098407745361
2002-09-18,7.522256851196289
2002-09-19,7.108560562133789
2002-09-20,7.195964813232422
2002-09-23,7.225098609924316
2002-09-24,7.056121826171875
2002-09-25,7.207615852355957
2002-09-26,7.399899482727051
2002-09-27,7.14352560043335
2002-09-30,7.161005020141602
2002-10-01,7.498952865600586
2002-10-02,7.405725002288818
2002-10-03,7.4290337562561035
2002-10-04,7.347457408905029
2002-10-07,7.388244152069092
2002-10-08,7.4290337562561035
2002-10-09,7.1668314933776855
2002-10-10,7.242578029632568
2002-10-11,7.4290337562561035
2002-10-14,7.341629981994629
2002-10-15,7.6912336349487305
2002-10-16,7.580524921417236
2002-10-17,7.603832244873047
2002-10-18,7.5513916015625
2002-10-21,7.71453857421875
2002-10-22,7.516432762145996
2002-10-23,7.5863494873046875
2002-10-24,7.487298488616943
2002-10-25,7.516432762145996
2002-10-28,7.370766639709473
2002-10-29,7.370766639709473
2002-10-30,7.4465107917785645
2002-10-31,7.5047783851623535
2002-11-01,7.650442600250244
2002-11-04,7.702885627746582
2002-11-05,7.580524921417236
2002-11-06,7.632964611053467
2002-11-07,7.481472492218018
2002-11-08,7.516432762145996
2002-11-11,7.452337741851807
2002-11-12,7.335805892944336
2002-11-13,7.225098609924316
2002-11-14,7.405725002288818
2002-11-15,7.341629981994629
2002-11-18,7.370766639709473
2002-11-19,7.0852580070495605
2002-11-20,7.213444709777832
2002-11-21,7.458165168762207
2002-11-22,7.4290337562561035
2002-11-25,7.487298488616943
2002-11-26,7.493124961853027
2002-11-27,7.8310723304748535
2002-11-29,7.9301276206970215
2002-12-02,7.994220733642578
2002-12-03,8.1282320022583
2002-12-04,7.906818389892578
2002-12-05,7.807764053344727
2002-12-06,7.953431129455566
2002-12-09,7.7494964599609375
2002-12-10,7.755327224731445
2002-12-11,7.836899280548096
2002-12-12,7.9126458168029785
2002-12-13,7.86603307723999
2002-12-16,8.064141273498535
2002-12-17,7.953431129455566
2002-12-18,7.761153221130371
2002-12-19,7.9126458168029785
2002-12-20,7.947604179382324
2002-12-23,7.876120090484619
2002-12-24,7.833704948425293
2002-12-26,7.8155317306518555
2002-12-27,7.633772850036621
2002-12-30,7.561071395874023
2002-12-31,7.542896270751953
2003-01-02,8.051815032958984
2003-01-03,7.9003496170043945
2003-01-06,7.997288227081299
2003-01-07,8.009404182434082
2003-01-08,7.93064022064209
2003-01-09,8.003344535827637
2003-01-10,8.051815032958984
2003-01-13,8.045755386352539
2003-01-14,7.997288227081299
2003-01-15,8.063932418823242
2003-01-16,8.021520614624023
2003-01-17,7.754945278167725
2003-01-21,7.567129611968994
2003-01-22,7.445960521697998
2003-01-23,7.500486850738525
2003-01-24,7.330846786499023
2003-01-27,7.264204978942871
2003-01-28,7.12485408782959
2003-01-29,7.197558403015137
2003-01-30,7.173323631286621
2003-01-31,7.203615665435791
2003-02-03,7.276320457458496
2003-02-04,7.203615665435791
2003-02-05,7.239968776702881
2003-02-06,7.118797302246094
2003-02-07,7.040034294128418
2003-02-10,7.015801429748535
2003-02-11,6.8764567375183105
2003-02-12,6.785577297210693
2003-02-13,6.840105056762695
2003-02-14,6.809812068939209
2003-02-18,7.13091516494751
2003-02-19,7.027920246124268
2003-02-20,7.06427001953125
2003-02-21,7.094563007354736
2003-02-24,7.06427001953125
2003-02-25,6.961275100708008
2003-02-26,7.088503360748291
2003-02-27,7.14909029006958
2003-02-28,6.967334747314453
2003-03-03,6.955216884613037
2003-03-04,6.858278274536133
2003-03-05,6.985509872436523
2003-03-06,6.894632816314697
2003-03-07,6.924923419952393
2003-03-10,6.900690078735352
2003-03-11,6.864338397979736
2003-03-12,6.918863296508789
2003-03-13,7.027920246124268
2003-03-14,7.033977031707764
2003-03-17,7.276320457458496
2003-03-18,7.197558403015137
2003-03-19,7.270261287689209
2003-03-20,7.209676265716553
2003-03-21,7.385375022888184
2003-03-24,7.209676265716553
2003-03-25,7.161205291748047
2003-03-26,7.239968776702881
2003-03-27,7.239968776702881
2003-03-28,7.12485408782959
2003-03-31,7.052154064178467
2003-04-01,7.191498756408691
2003-04-02,7.403550148010254
2003-04-03,7.391429424285889
2003-04-04,7.409608840942383
2003-04-07,7.573188304901123
2003-04-08,7.627717018127441
2003-04-09,7.470193386077881
2003-04-10,7.439899921417236
2003-04-11,7.506546497344971
2003-04-14,7.524720191955566
2003-04-15,7.688300609588623
2003-04-16,7.718595027923584
2003-04-17,7.676185131072998
2003-04-21,7.724654674530029
2003-04-22,7.821587562561035
2003-04-23,7.857937812805176
2003-04-24,7.882174491882324
2003-04-25,7.882174491882324
2003-04-28,7.985167503356934
2003-04-29,8.166925430297852
2003-04-30,8.191162109375
2003-05-01,8.191162109375
2003-05-02,8.439562797546387
2003-05-05,8.457738876342773
2003-05-06,8.34262466430664
2003-05-07,8.366859436035156
2003-05-08,8.28809928894043
2003-05-09,8.409269332885742
2003-05-12,8.397150993347168
2003-05-13,8.366859436035156
2003-05-14,8.415328025817871
2003-05-15,8.397150993347168
2003-05-16,8.269919395446777
2003-05-19,8.112399101257324
2003-05-20,8.197219848632812
2003-05-21,8.227511405944824
2003-05-22,8.245688438415527
2003-05-23,8.391092300415039
2003-05-27,8.439562797546387
2003-05-28,8.5364990234375
2003-05-29,8.506205558776855
2003-05-30,8.530436515808105
2003-06-02,8.748547554016113
2003-06-03,8.706136703491211
2003-06-04,8.621318817138672
2003-06-05,8.566793441772461
2003-06-06,8.439562797546387
2003-06-09,8.397150993347168
2003-06-10,8.44561767578125
2003-06-11,8.57890510559082
2003-06-12,8.657669067382812
2003-06-13,8.633434295654297
2003-06-16,8.790960311889648
2003-06-17,8.966655731201172
2003-06-18,8.887894630432129
2003-06-19,8.80307674407959
2003-06-20,8.80307674407959
2003-06-23,8.736429214477539
2003-06-24,8.736429214477539
2003-06-25,8.827309608459473
2003-06-26,8.80307674407959
2003-06-27,8.77277946472168
2003-06-30,8.760663986206055
2003-07-01,8.930304527282715
2003-07-02,8.978769302368164
2003-07-03,8.93636417388916
2003-07-07,8.996947288513184
2003-07-08,8.887894630432129
2003-07-09,8.893953323364258
2003-07-10,8.784897804260254
2003-07-11,8.875777244567871
2003-07-14,8.966655731201172
2003-07-15,8.827309608459473
2003-07-16,8.784897804260254
2003-07-17,8.778840065002441
2003-07-18,8.845483779907227
2003-07-21,8.77277946472168
2003-07-22,9.015122413635254
2003-07-23,8.996947288513184
2003-07-24,9.009066581726074
2003-07-25,9.196880340576172
2003-07-28,9.160526275634766
2003-07-29,9.063591003417969
2003-07-30,9.087825775146484
2003-07-31,9.160526275634766
2003-08-01,9.124176025390625
2003-08-04,8.972713470458984
2003-08-05,8.8818359375
2003-08-06,8.930304527282715
2003-08-07,8.94242000579834
2003-08-08,8.984829902648926
2003-08-11,9.021181106567383
2003-08-12,9.009066581726074
2003-08-13,9.045417785644531
2003-08-14,9.130233764648438
2003-08-15,9.112061500549316
2003-08-18,9.136298179626465
2003-08-19,9.09994125366211
2003-08-20,9.112061500549316
2003-08-21,9.202940940856934
2003-08-22,9.14841079711914
2003-08-25,9.05753231048584
2003-08-26,9.039356231689453
2003-08-27,9.081766128540039
2003-08-28,9.05753231048584
2003-08-29,9.063591003417969
2003-09-02,9.293813705444336
2003-09-03,9.390751838684082
2003-09-04,9.427103042602539
2003-09-05,9.475570678710938
2003-09-08,9.42104721069336
2003-09-09,9.299877166748047
2003-09-10,9.336225509643555
2003-09-11,9.215055465698242
2003-09-12,9.251407623291016
2003-09-15,9.324114799499512
2003-09-16,9.396810531616211
2003-09-17,9.330166816711426
2003-09-18,9.445280075073242
2003-09-19,9.53615951538086
2003-09-22,9.475570678710938
2003-09-23,9.511926651000977
2003-09-24,9.505866050720215
2003-09-25,9.336225509643555
2003-09-26,9.305935859680176
2003-09-29,9.330166816711426
2003-09-30,9.342286109924316
2003-10-01,9.457396507263184
2003-10-02,9.239289283752441
2003-10-03,9.154468536376953
2003-10-06,9.118119239807129
2003-10-07,9.160526275634766
2003-10-08,9.160526275634766
2003-10-09,9.390751838684082
2003-10-10,9.49374771118164
2003-10-13,9.451340675354004
2003-10-14,9.36046314239502
2003-10-15,9.275643348693848
2003-10-16,9.124176025390625
2003-10-17,9.293813705444336
2003-10-20,9.330166816711426
2003-10-21,9.439224243164062
2003-10-22,9.330166816711426
2003-10-23,9.342286109924316
2003-10-24,9.305935859680176
2003-10-27,9.42104721069336
2003-10-28,9.481634140014648
2003-10-29,9.427103042602539
2003-10-30,9.578569412231445
2003-10-31,9.675508499145508
2003-11-03,9.942081451416016
2003-11-04,9.990550994873047
2003-11-05,9.984489440917969
2003-11-06,10.075368881225586
2003-11-07,10.190479278564453
2003-11-10,10.172307968139648
2003-11-11,10.014786720275879
2003-11-12,10.154129981994629
2003-11-13,10.293476104736328
2003-11-14,10.23895263671875
2003-11-17,10.075368881225586
2003-11-18,10.148070335388184
2003-11-19,9.966316223144531
2003-11-20,9.942081451416016
2003-11-21,9.85726547241211
2003-11-24,9.66944694519043
2003-11-25,9.72397518157959
2003-11-26,9.808793067932129
2003-11-28,9.88149642944336
2003-12-01,10.087489128112793
2003-12-02,10.178365707397461
2003-12-03,10.129895210266113
2003-12-04,10.142013549804688
2003-12-05,10.039017677307129
2003-12-08,10.039017677307129
2003-12-09,9.917845726013184
2003-12-10,9.86331844329834
2003-12-11,9.978428840637207
2003-12-12,9.978428840637207
2003-12-15,9.808793067932129
2003-12-16,10.159331321716309
2003-12-17,10.284525871276855
2003-12-18,10.434752464294434
2003-12-19,10.40345573425293
2003-12-22,10.452899932861328
2003-12-23,10.478257179260254
2003-12-24,10.528966903686523
2003-12-26,10.49093246459961
2003-12-29,10.662084579467773
2003-12-30,10.75716495513916
2003-12-31,10.826896667480469
2004-01-02,10.782522201538086
2004-01-05,11.31499195098877
2004-01-06,11.365703582763672
2004-01-07,11.492483139038086
2004-01-08,11.638277053833008
2004-01-09,11.600245475769043
2004-01-12,11.600245475769043
2004-01-13,11.581233024597168
2004-01-14,11.581233024597168
2004-01-15,11.657296180725098
2004-01-16,11.70167064666748
2004-01-20,11.86647891998291
2004-01-21,11.974239349365234
2004-01-22,11.885501861572266
2004-01-23,12.082005500793457
2004-01-26,12.120037078857422
2004-01-27,12.050311088562012
2004-01-28,11.86647891998291
2004-01-29,11.581233024597168
2004-01-30,11.64461612701416
2004-02-02,12.02495288848877
2004-02-03,11.95522689819336
2004-02-04,11.885501861572266
2004-02-05,11.860142707824707
2004-02-06,12.10736083984375
2004-02-09,12.234135627746582
2004-02-10,12.196101188659668
2004-02-11,12.27851390838623
2004-02-12,12.487696647644043
2004-02-13,12.608135223388672
2004-02-17,12.747587203979492
2004-02-18,12.766613960266113
2004-02-19,12.614479064941406
2004-02-20,12.39894962310791
2004-02-23,12.196101188659668
2004-02-24,12.265835762023926
2004-02-25,12.329227447509766
2004-02-26,12.424304962158203
2004-02-27,12.481354713439941
2004-03-01,12.868036270141602
2004-03-02,12.728571891784668
2004-03-03,12.582781791687012
2004-03-04,12.918744087219238
2004-03-05,13.02016544342041
2004-03-08,12.804643630981445
2004-03-09,12.64616870880127
2004-03-10,12.46867847442627
2004-03-11,12.113700866699219
2004-03-12,12.46867847442627
2004-03-15,12.132721900939941
2004-03-16,12.265835762023926
2004-03-17,12.430644035339355
2004-03-18,12.46867847442627
2004-03-19,12.652507781982422
2004-03-22,12.36091423034668
2004-03-23,12.513051986694336
2004-03-24,12.595460891723633
2004-03-25,12.93142032623291
2004-03-26,12.912403106689453
2004-03-29,12.93142032623291
2004-03-30,12.963118553161621
2004-03-31,13.159626960754395
2004-04-01,13.210334777832031
2004-04-02,13.299080848693848
2004-04-05,13.349785804748535
2004-04-06,13.305418968200684
2004-04-07,13.432196617126465
2004-04-08,13.362475395202637
2004-04-12,13.451214790344238
2004-04-13,13.14694595336914
2004-04-14,12.950437545776367
2004-04-15,12.94410228729248
2004-04-16,13.058201789855957
2004-04-19,13.013825416564941
2004-04-20,12.899723052978516
2004-04-21,12.70955753326416
2004-04-22,12.880706787109375
2004-04-23,13.02016544342041
2004-04-26,12.988473892211914
2004-04-27,12.918744087219238
2004-04-28,12.284850120544434
2004-04-29,12.012277603149414
2004-04-30,11.923530578613281
2004-05-03,12.196101188659668
2004-05-04,12.411627769470215
2004-05-05,12.240479469299316
2004-05-06,11.73336410522461
2004-05-07,11.568548202514648
2004-05-10,11.010725975036621
2004-05-11,11.631940841674805
2004-05-12,11.562210083007812
2004-05-13,11.536857604980469
2004-05-14,11.746044158935547
2004-05-17,11.403738975524902
2004-05-18,11.581233024597168
2004-05-19,11.853800773620605
2004-05-20,11.70167064666748
2004-05-21,11.784078598022461
2004-05-24,11.898176193237305
2004-05-25,12.02495288848877
2004-05-26,12.075668334960938
2004-05-27,12.234135627746582
2004-05-28,12.265835762023926
2004-06-01,12.075668334960938
2004-06-02,12.16441535949707
2004-06-03,12.075668334960938
2004-06-04,12.240479469299316
2004-06-07,12.658846855163574
2004-06-08,12.734914779663086
2004-06-09,12.411627769470215
2004-06-10,12.424304962158203
2004-06-14,12.139057159423828
2004-06-15,12.329227447509766
2004-06-16,12.329227447509766
2004-06-17,12.424304962158203
2004-06-18,12.500374794006348
2004-06-21,12.519392013549805
2004-06-22,12.405288696289062
2004-06-23,12.36091423034668
2004-06-24,12.424304962158203
2004-06-25,12.392614364624023
2004-06-28,12.17708969116211
2004-06-29,12.183429718017578
2004-06-30,12.35457706451416
2004-07-01,12.36091423034668
2004-07-02,12.27851390838623
2004-07-06,12.145392417907715
2004-07-07,11.986923217773438
2004-07-08,11.961570739746094
2004-07-09,12.031291961669922
2004-07-12,12.120037078857422
2004-07-13,11.942547798156738
2004-07-14,11.7523775100708
2004-07-15,11.638277053833008
2004-07-16,11.917190551757812
2004-07-19,11.86647891998291
2004-07-20,12.012277603149414
2004-07-21,11.885501861572266
2004-07-22,11.93620777130127
2004-07-23,11.784078598022461
2004-07-26,11.695329666137695
2004-07-27,11.967903137207031
2004-07-28,11.95522689819336
2004-07-29,12.08834171295166
2004-07-30,12.069326400756836
2004-08-02,12.10736083984375
2004-08-03,12.139057159423828
2004-08-04,11.910856246948242
2004-08-05,12.0186128616333
2004-08-06,11.73336410522461
2004-08-09,11.676316261291504
2004-08-10,11.790414810180664
2004-08-11,11.676316261291504
2004-08-12,11.657296180725098
2004-08-13,11.758720397949219
2004-08-16,11.898176193237305
2004-08-17,12.050311088562012
2004-08-18,12.120037078857422
2004-08-19,12.1517333984375
2004-08-20,12.215124130249023
2004-08-23,12.16441535949707
2004-08-24,12.246816635131836
2004-08-25,12.272173881530762
2004-08-26,12.265835762023926
2004-08-27,12.253151893615723
2004-08-30,12.17074966430664
2004-08-31,12.31020736694336
2004-09-01,12.36091423034668
2004-09-02,12.329227447509766
2004-09-03,12.246816635131836
2004-09-07,12.348241806030273
2004-09-08,12.392614364624023
2004-09-09,12.462339401245117
2004-09-10,12.494037628173828
2004-09-13,12.525728225708008
2004-09-14,12.64616870880127
2004-09-15,12.595460891723633
2004-09-16,12.734914779663086
2004-09-17,12.925081253051758
2004-09-20,12.937762260437012
2004-09-21,13.039180755615234
2004-09-22,12.893391609191895
2004-09-23,12.804643630981445
2004-09-24,12.94410228729248
2004-09-27,12.760269165039062
2004-09-28,12.93142032623291
2004-09-29,13.013825416564941
2004-09-30,12.963118553161621
2004-10-01,13.229352951049805
2004-10-04,13.394165992736816
2004-10-05,13.343452453613281
2004-10-06,13.337112426757812
2004-10-07,13.368805885314941
2004-10-08,13.159626960754395
2004-10-11,13.172304153442383
2004-10-12,13.254707336425781
2004-10-13,13.089895248413086
2004-10-14,12.880706787109375
2004-10-15,12.994811058044434
2004-10-18,13.013825416564941
2004-10-19,13.007488250732422
2004-10-20,13.045525550842285
2004-10-21,13.184977531433105
2004-10-22,13.140608787536621
2004-10-25,13.058201789855957
2004-10-26,13.330771446228027
2004-10-27,13.520941734313965
2004-10-28,13.444877624511719
2004-10-29,13.603347778320312
2004-11-01,13.723786354064941
2004-11-02,13.787175178527832
2004-11-03,14.072433471679688
2004-11-04,14.16751480102539
2004-11-05,14.16751480102539
2004-11-08,14.015378952026367
2004-11-09,14.021719932556152
2004-11-10,14.097786903381348
2004-11-11,14.294289588928223
2004-11-12,14.319649696350098
2004-11-15,14.338668823242188
2004-11-16,14.319649696350098
2004-11-17,14.459101676940918
2004-11-18,14.433747291564941
2004-11-19,14.129484176635742
2004-11-22,14.161173820495605
2004-11-23,14.2372407913208
2004-11-24,14.370360374450684
2004-11-26,14.604898452758789
2004-11-29,14.68730354309082
2004-11-30,14.782384872436523
2004-12-01,15.023266792297363
2004-12-02,14.883811950683594
2004-12-03,14.985234260559082
2004-12-06,14.92818546295166
2004-12-07,14.782384872436523
2004-12-08,14.706323623657227
2004-12-09,14.731675148010254
2004-12-10,14.750692367553711
2004-12-13,14.947196960449219
2004-12-14,15.213438034057617
2004-12-15,15.340219497680664
2004-12-16,15.219773292541504
2004-12-17,15.289508819580078
2004-12-20,15.435302734375
2004-12-21,15.600110054016113
2004-12-22,15.809294700622559
2004-12-23,15.865065574645996
2004-12-27,15.935575485229492
2004-12-28,15.94198226928711
2004-12-29,16.025320053100586
2004-12-30,16.140703201293945
2004-12-31,16.12788200378418
2005-01-03,16.025320053100586
2005-01-04,15.48686408996582
2005-01-05,15.339434623718262
2005-01-06,15.320206642150879
2005-01-07,15.26251220703125
2005-01-10,15.191999435424805
2005-01-11,14.99969482421875
2005-01-12,15.185592651367188
2005-01-13,15.159954071044922
2005-01-14,15.5509672164917
2005-01-18,15.788139343261719
2005-01-19,15.807374000549316
2005-01-20,15.37148666381836
2005-01-21,15.326616287231445
2005-01-24,15.403532981872559
2005-01-25,15.518914222717285
2005-01-26,15.852245330810547
2005-01-27,15.845832824707031
2005-01-28,15.858654975891113
2005-01-31,16.0830135345459
2005-02-01,16.397111892700195
2005-02-02,16.467618942260742
2005-02-03,16.493261337280273
2005-02-04,16.64068603515625
2005-02-07,16.659921646118164
2005-02-08,16.544540405273438
2005-02-09,16.871458053588867
2005-02-10,16.96760368347168
2005-02-11,17.057344436645508
2005-02-14,16.897092819213867
2005-02-15,16.948373794555664
2005-02-16,16.91632843017578
2005-02-17,16.826580047607422
2005-02-18,16.794532775878906
2005-02-22,16.704788208007812
2005-02-23,16.762479782104492
2005-02-24,16.954788208007812
2005-02-25,17.339393615722656
2005-02-28,17.217599868774414
2005-03-01,17.20478057861328
2005-03-02,17.12145233154297
2005-03-03,17.076574325561523
2005-03-04,17.268878936767578
2005-03-07,17.4099063873291
2005-03-08,17.249652862548828
2005-03-09,17.057344436645508
2005-03-10,16.65350914001465
2005-03-11,16.820171356201172
2005-03-14,16.28813362121582
2005-03-15,16.04454803466797
2005-03-16,15.91634750366211
2005-03-17,16.070192337036133
2005-03-18,16.00608253479004
2005-03-21,15.768916130065918
2005-03-22,15.768916130065918
2005-03-23,15.422772407531738
2005-03-24,15.448402404785156
2005-03-28,15.384305953979492
2005-03-29,15.14713191986084
2005-03-30,15.339434623718262
2005-03-31,15.467637062072754
2005-04-01,15.544561386108398
2005-04-04,15.320206642150879
2005-04-05,15.050980567932129
2005-04-06,14.877898216247559
2005-04-07,15.294560432434082
2005-04-08,15.416354179382324
2005-04-11,15.384305953979492
2005-04-12,15.538147926330566
2005-04-13,15.345847129821777
2005-04-14,15.070206642150879
2005-04-15,14.717650413513184
2005-04-18,14.615095138549805
2005-04-19,15.025339126586914
2005-04-20,14.647140502929688
2005-04-21,14.9740629196167
2005-04-22,14.826623916625977
2005-04-25,15.384305953979492
2005-04-26,15.563789367675781
2005-04-27,15.384305953979492
2005-04-28,14.87149429321289
2005-04-29,15.09584903717041
2005-05-02,15.230466842651367
2005-05-03,15.30097484588623
2005-05-04,15.897117614746094
2005-05-05,15.826603889465332
2005-05-06,15.929162979125977
2005-05-09,15.845832824707031
2005-05-10,15.5509672164917
2005-05-11,15.621479988098145
2005-05-12,15.480459213256836
2005-05-13,15.320206642150879
2005-05-16,15.512506484985352
2005-05-17,15.647119522094727
2005-05-18,16.12146759033203
2005-05-19,16.204801559448242
2005-05-20,16.294544219970703
2005-05-23,16.416337966918945
2005-05-24,16.435565948486328
2005-05-25,16.480438232421875
2005-05-26,16.621458053588867
2005-05-27,16.724021911621094
2005-05-31,16.58300018310547
2005-06-01,16.826580047607422
2005-06-02,17.01248550415039
2005-06-03,16.736845016479492
2005-06-06,16.724021911621094
2005-06-07,16.608642578125
2005-06-08,16.55735969543457
2005-06-09,16.691972732543945
2005-06-10,16.704788208007812
2005-06-13,16.9099178314209
2005-06-14,17.115039825439453
2005-06-15,17.307348251342773
2005-06-16,17.352216720581055
2005-06-17,17.499649047851562
2005-06-20,17.550926208496094
2005-06-21,17.441957473754883
2005-06-22,17.32657241821289
2005-06-23,17.13426971435547
2005-06-24,17.031715393066406
2005-06-27,17.191957473754883
2005-06-28,17.307348251342773
2005-06-29,17.46118927001953
2005-06-30,17.358627319335938
2005-07-01,17.435548782348633
2005-07-05,17.61503028869629
2005-07-06,17.852203369140625
2005-07-07,17.865026473999023
2005-07-08,17.980409622192383
2005-07-11,17.877845764160156
2005-07-12,18.02528190612793
2005-07-13,18.172712326049805
2005-07-14,18.281686782836914
2005-07-15,18.191944122314453
2005-07-18,18.121427536010742
2005-07-19,18.512451171875
2005-07-20,18.672706604003906
2005-07-21,18.640653610229492
2005-07-22,18.659879684448242
2005-07-25,18.2368106842041
2005-07-26,18.345783233642578
2005-07-27,18.518857955932617
2005-07-28,18.762447357177734
2005-07-29,18.865005493164062
2005-08-01,19.236793518066406
2005-08-02,19.34576416015625
2005-08-03,19.217561721801758
2005-08-04,19.198331832885742
2005-08-05,18.948335647583008
2005-08-08,19.0508975982666
2005-08-09,19.243206024169922
2005-08-10,19.38422203063965
2005-08-11,19.544475555419922
2005-08-12,19.339353561401367
2005-08-15,19.647037506103516
2005-08-16,19.076539993286133
2005-08-17,19.070127487182617
2005-08-18,19.0508975982666
2005-08-19,18.986797332763672
2005-08-22,19.179107666015625
2005-08-23,18.98038673400879
2005-08-24,18.72397804260254
2005-08-25,18.89705467224121
2005-08-26,18.64706039428711
2005-08-29,18.550907135009766
2005-08-30,18.19835662841797
2005-08-31,18.743206024169922
2005-09-01,19.102182388305664
2005-09-02,19.550891876220703
2005-09-06,20.031646728515625
2005-09-07,20.031646728515625
2005-09-08,19.807292938232422
2005-09-09,19.999597549438477
2005-09-12,19.980369567871094
2005-09-13,19.58934783935547
2005-09-14,19.74960708618164
2005-09-15,19.954729080200195
2005-09-16,20.19190216064453
2005-09-19,20.19190216064453
2005-09-20,20.15985107421875
2005-09-21,20.480361938476562
2005-09-22,20.307279586791992
2005-09-23,20.313692092895508
2005-09-26,20.422666549682617
2005-09-27,20.352155685424805
2005-09-28,20.52522850036621
2005-09-29,20.627788543701172
2005-09-30,20.99957847595215
2005-10-03,21.11495590209961
2005-10-04,20.98676109313965
2005-10-05,20.589330673217773
2005-10-06,19.704729080200195
2005-10-07,20.14061737060547
2005-10-10,20.070106506347656
2005-10-11,20.095748901367188
2005-10-12,19.34576416015625
2005-10-13,19.070127487182617
2005-10-14,19.121408462524414
2005-10-17,19.666271209716797
2005-10-18,19.364994049072266
2005-10-19,19.486787796020508
2005-10-20,19.018840789794922
2005-10-21,19.166278839111328
2005-10-24,19.858572006225586
2005-10-25,19.781654357910156
2005-10-26,20.04446792602539
2005-10-27,19.807292938232422
2005-10-28,20.10857391357422
2005-10-31,20.557275772094727
2005-11-01,20.7175350189209
2005-11-02,20.84573745727539
2005-11-03,20.570096969604492
2005-11-04,20.832914352416992
2005-11-07,20.897018432617188
2005-11-08,20.864961624145508
2005-11-09,20.832914352416992
2005-11-10,21.127779006958008
2005-11-11,21.15982437133789
2005-11-14,21.326492309570312
2005-11-15,21.288026809692383
2005-11-16,21.409826278686523
2005-11-17,21.64058494567871
2005-11-18,21.704687118530273
2005-11-21,22.082889556884766
2005-11-22,22.281606674194336
2005-11-23,22.134170532226562
2005-11-25,22.3328800201416
2005-11-28,22.262374877929688
2005-11-29,21.993144989013672
2005-11-30,22.179035186767578
2005-12-01,22.723905563354492
2005-12-02,22.967487335205078
2005-12-05,23.108505249023438
2005-12-06,23.441831588745117
2005-12-07,23.10210418701172
2005-12-08,22.83287239074707
2005-12-09,22.935434341430664
2005-12-12,23.10210418701172
2005-12-13,23.39055061340332
2005-12-14,23.429004669189453
2005-12-15,23.28799057006836
2005-12-16,23.050819396972656
2005-12-19,22.82004737854004
2005-12-20,23.050819396972656
2005-12-21,23.352092742919922
2005-12-22,23.307222366333008
2005-12-23,23.27865219116211
2005-12-27,23.09029197692871
2005-12-28,22.798002243041992
2005-12-29,23.291637420654297
2005-12-30,23.194210052490234
2006-01-03,24.168481826782227
2006-01-04,24.62313461303711
2006-01-05,24.291889190673828
2006-01-06,24.649118423461914
2006-01-09,24.993364334106445
2006-01-10,24.59066390991211
2006-01-11,25.03883171081543
2006-01-12,24.876453399658203
2006-01-13,24.79201889038086
2006-01-17,24.19446563720703
2006-01-18,24.025585174560547
2006-01-19,24.42829132080078
2006-01-20,24.090538024902344
2006-01-23,24.213945388793945
2006-01-24,24.9089298248291
2006-01-25,24.915420532226562
2006-01-26,25.415550231933594
2006-01-27,25.233694076538086
2006-01-30,25.07131004333496
2006-01-31,25.22718620300293
2006-02-01,25.402559280395508
2006-02-02,25.110280990600586
2006-02-03,24.77902603149414
2006-02-06,24.889442443847656
2006-02-07,24.45426368713379
2006-02-08,24.402299880981445
2006-02-09,24.545196533203125
2006-02-10,24.142499923706055
2006-02-13,23.47999382019043
2006-02-14,23.817731857299805
2006-02-15,24.03208351135254
2006-02-16,24.53870391845703
2006-02-17,24.707578659057617
2006-02-21,24.53221321105957
2006-02-22,24.941408157348633
2006-02-23,25.233694076538086
2006-02-24,25.272653579711914
2006-02-27,25.11677360534668
2006-02-28,24.869964599609375
2006-03-01,25.45451545715332
2006-03-02,25.350603103637695
2006-03-03,25.201202392578125
2006-03-06,24.77902603149414
2006-03-07,24.161983489990234
2006-03-08,23.79825782775879
2006-03-09,23.791765213012695
2006-03-10,23.902179718017578
2006-03-13,24.2269344329834
2006-03-14,24.785520553588867
2006-03-15,25.045318603515625
2006-03-16,25.20771026611328
2006-03-17,25.33760643005371
2006-03-20,25.493484497070312
2006-03-21,25.03883171081543
2006-03-22,25.279150009155273
2006-03-23,24.75954246520996
2006-03-24,25.006349563598633
2006-03-27,24.74005889892578
2006-03-28,24.259410858154297
2006-03-29,24.584169387817383
2006-03-30,24.76603889465332
2006-03-31,24.902437210083008
2006-04-03,25.422042846679688
2006-04-04,25.42853546142578
2006-04-05,25.62339210510254
2006-04-06,25.344100952148438
2006-04-07,24.714073181152344
2006-04-10,24.73356056213379
2006-04-11,24.577672958374023
2006-04-12,24.68159294128418
2006-04-13,24.506227493286133
2006-04-17,25.019346237182617
2006-04-18,25.629898071289062
2006-04-19,25.5649356842041
2006-04-20,25.467514038085938
2006-04-21,25.6883487701416
2006-04-24,25.60391616821289
2006-04-25,25.5649356842041
2006-04-26,26.05857276916504
2006-04-27,25.798768997192383
2006-04-28,26.305402755737305
2006-05-01,26.441783905029297
2006-05-02,27.162755966186523
2006-05-03,27.3121337890625
2006-05-04,27.50049591064453
2006-05-05,27.701852798461914
2006-05-08,28.05908203125
2006-05-09,28.435794830322266
2006-05-10,28.35785484313965
2006-05-11,27.68885612487793
2006-05-12,26.760055541992188
2006-05-15,26.24043083190918
2006-05-16,26.565208435058594
2006-05-17,25.4090576171875
2006-05-18,25.285648345947266
2006-05-19,25.25967025756836
2006-05-22,24.14900016784668
2006-05-23,23.772275924682617
2006-05-24,23.583919525146484
2006-05-25,24.59066390991211
2006-05-26,24.8179931640625
2006-05-30,23.47999382019043
2006-05-31,23.363079071044922
2006-06-01,24.161983489990234
2006-06-02,24.55169677734375
2006-06-05,23.674848556518555
2006-06-06,23.376070022583008
2006-06-07,22.791505813598633
2006-06-08,22.6031551361084
2006-06-09,21.986114501953125
2006-06-12,21.03131866455078
2006-06-13,20.453248977661133
2006-06-14,20.82996940612793
2006-06-15,22.232925415039062
2006-06-16,22.109508514404297
2006-06-19,21.434017181396484
2006-06-20,21.8562068939209
2006-06-21,22.746044158935547
2006-06-22,22.609643936157227
2006-06-23,22.992862701416016
2006-06-26,22.759029388427734
2006-06-27,22.187458038330078
2006-06-28,22.577171325683594
2006-06-29,23.86970329284668
2006-06-30,24.12950897216797
2006-07-03,25.52596664428711
2006-07-05,24.68159294128418
2006-07-06,25.584426879882812
2006-07-07,25.24018096923828
2006-07-10,25.032333374023438
2006-07-11,24.960887908935547
2006-07-12,24.59066390991211
2006-07-13,23.739789962768555
2006-07-14,23.291637420654297
2006-07-17,23.460508346557617
2006-07-18,24.278902053833008
2006-07-19,25.681856155395508
2006-07-20,25.136253356933594
2006-07-21,24.79201889038086
2006-07-24,25.714323043823242
2006-07-25,25.837738037109375
2006-07-26,25.480501174926758
2006-07-27,25.95464515686035
2006-07-28,26.435291290283203
2006-07-31,25.870214462280273
2006-08-01,25.65587615966797
2006-08-02,25.948156356811523
2006-08-03,26.026098251342773
2006-08-04,26.350858688354492
2006-08-07,26.409311294555664
2006-08-08,26.16249656677246
2006-08-09,25.90918731689453
2006-08-10,25.948156356811523
2006-08-11,26.175487518310547
2006-08-14,26.078048706054688
2006-08-15,26.64314079284668
2006-08-16,27.08481216430664
2006-08-17,27.143264770507812
2006-08-18,27.136760711669922
2006-08-21,26.90294075012207
2006-08-22,26.92242431640625
2006-08-23,26.422298431396484
2006-08-24,26.3443603515625
2006-08-25,26.493745803833008
2006-08-28,27.104291915893555
2006-08-29,27.23418426513672
2006-08-30,27.357593536376953
2006-08-31,26.870468139648438
2006-09-01,27.286155700683594
2006-09-05,27.429054260253906
2006-09-06,26.532711029052734
2006-09-07,26.396310806274414
2006-09-08,26.38333511352539
2006-09-11,26.09754180908203
2006-09-12,26.92242431640625
2006-09-13,27.325124740600586
2006-09-14,27.21470832824707
2006-09-15,27.468021392822266
2006-09-18,28.052576065063477
2006-09-19,27.68885612487793
2006-09-20,28.098047256469727
2006-09-21,27.325124740600586
2006-09-22,27.078306198120117
2006-09-25,27.396574020385742
2006-09-26,27.773296356201172
2006-09-27,27.68885612487793
2006-09-28,27.987646102905273
2006-09-29,28.065567016601562
2006-10-02,27.662878036499023
2006-10-03,27.44854164123535
2006-10-04,28.305896759033203
2006-10-05,28.76055908203125
2006-10-06,28.5592098236084
2006-10-09,28.44879150390625
2006-10-10,28.82550811767578
2006-10-11,28.82550811767578
2006-10-12,29.5269832611084
2006-10-13,29.890718460083008
2006-10-16,30.00763511657715
2006-10-17,29.669872283935547
2006-10-18,29.975156784057617
2006-10-19,30.25444221496582
2006-10-20,30.260942459106445
2006-10-23,30.371353149414062
2006-10-24,30.47528076171875
2006-10-25,30.72210121154785
2006-10-26,30.83900260925293
2006-10-27,29.9296817779541
2006-10-30,29.163257598876953
2006-10-31,30.183006286621094
2006-11-01,30.06608772277832
2006-11-02,29.708847045898438
2006-11-03,29.91020393371582
2006-11-06,30.715606689453125
2006-11-07,30.494770050048828
2006-11-08,30.75457191467285
2006-11-09,30.61168098449707
2006-11-10,30.585697174072266
2006-11-13,30.936439514160156
2006-11-14,31.176755905151367
2006-11-15,31.300161361694336
2006-11-16,30.98189926147461
2006-11-17,30.916946411132812
2006-11-20,31.11180877685547
2006-11-21,31.339122772216797
2006-11-22,31.436559677124023
2006-11-24,31.345630645751953
2006-11-27,30.527246475219727
2006-11-28,30.559720993041992
2006-11-29,31.339122772216797
2006-11-30,31.339122772216797
2006-12-01,31.014371871948242
2006-12-04,32.11205291748047
2006-12-05,32.651145935058594
2006-12-06,32.57320785522461
2006-12-07,32.55373001098633
2006-12-08,32.84601593017578
2006-12-11,32.80054473876953
2006-12-12,32.378360748291016
2006-12-13,32.53424072265625
2006-12-14,32.99539566040039
2006-12-15,33.04735565185547
2006-12-18,32.878482818603516
2006-12-19,32.592708587646484
2006-12-20,32.4255485534668
2006-12-21,32.44521713256836
2006-12-22,32.209266662597656
2006-12-26,32.510772705078125
2006-12-27,33.06790542602539
2006-12-28,33.26454544067383
2006-12-29,33.59226989746094
2007-01-03,33.88723373413086
2007-01-04,33.59226989746094
2007-01-05,32.805728912353516
2007-01-08,33.02202606201172
2007-01-09,32.117496490478516
2007-01-10,32.44521713256836
2007-01-11,32.8385009765625
2007-01-12,33.00236892700195
2007-01-16,33.17278289794922
2007-01-17,33.231773376464844
2007-01-18,32.864715576171875
2007-01-19,33.10069274902344
2007-01-22,33.12689971923828
2007-01-23,33.72336196899414
2007-01-24,34.41160202026367
2007-01-25,33.29731369018555
2007-01-26,33.48741149902344
2007-01-29,33.10723876953125
2007-01-30,33.762691497802734
2007-01-31,34.3657112121582
2007-02-01,34.988399505615234
2007-02-02,35.02772903442383
2007-02-05,35.099822998046875
2007-02-06,35.38822937011719
2007-02-07,35.44722366333008
2007-02-08,35.683197021484375
2007-02-09,35.13260269165039
2007-02-12,34.99496841430664
2007-02-13,35.64385986328125
2007-02-14,36.246883392333984
2007-02-15,36.122344970703125
2007-02-16,36.05024719238281
2007-02-20,36.069908142089844
2007-02-21,36.20755386352539
2007-02-22,36.07647705078125
2007-02-23,35.919151306152344
2007-02-26,35.158817291259766
2007-02-27,32.30757141113281
2007-02-28,33.08757019042969
2007-03-01,32.7926139831543
2007-03-02,32.26823806762695
2007-03-05,31.553800582885742
2007-03-06,32.70741271972656
2007-03-07,32.242034912109375
2007-03-08,33.251441955566406
2007-03-09,33.644710540771484
2007-03-12,33.78892135620117
2007-03-13,32.70085144042969
2007-03-14,33.12689971923828
2007-03-15,33.330101013183594
2007-03-16,32.96958541870117
2007-03-19,33.65126037597656
2007-03-20,33.93967056274414
2007-03-21,35.309574127197266
2007-03-22,35.480003356933594
2007-03-23,35.42755889892578
2007-03-26,35.25715255737305
2007-03-27,35.06706619262695
2007-03-28,34.896644592285156
2007-03-29,35.75529098510742
2007-03-30,35.414459228515625
2007-04-02,36.66637420654297
2007-04-03,37.026885986328125
2007-04-04,36.82369613647461
2007-04-05,36.96133804321289
2007-04-09,37.25630187988281
2007-04-10,37.1579704284668
2007-04-11,36.64671325683594
2007-04-12,37.2235221862793
2007-04-13,37.354610443115234
2007-04-16,37.29561996459961
2007-04-17,37.27595520019531
2007-04-18,37.053096771240234
2007-04-19,37.09898376464844
2007-04-20,37.43327331542969
2007-04-23,37.06620788574219
2007-04-24,36.935123443603516
2007-04-25,37.03343963623047
2007-04-26,36.967891693115234
2007-04-27,37.000667572021484
2007-04-30,36.27965545654297
2007-05-01,36.27965545654297
2007-05-02,37.12519454956055
2007-05-03,37.70199966430664
2007-05-04,38.193599700927734
2007-05-07,38.21981430053711
2007-05-08,37.88553237915039
2007-05-09,38.849056243896484
2007-05-10,37.87241744995117
2007-05-11,38.77040481567383
2007-05-14,38.15427017211914
2007-05-15,38.213260650634766
2007-05-16,39.41930389404297
2007-05-17,39.30131912231445
2007-05-18,39.714256286621094
2007-05-21,39.95022201538086
2007-05-22,40.11408996582031
2007-05-23,40.2386360168457
2007-05-24,39.26198959350586
2007-05-25,39.747032165527344
2007-05-29,40.03544998168945
2007-05-30,41.26114273071289
2007-05-31,41.202144622802734
2007-06-01,42.02804183959961
2007-06-04,42.04768753051758
2007-06-05,41.851051330566406
2007-06-06,40.82854461669922
2007-06-07,39.66181945800781
2007-06-08,40.56636428833008
2007-06-11,41.09072494506836
2007-06-12,40.40249252319336
2007-06-13,40.95308303833008
2007-06-14,41.47745132446289
2007-06-15,42.08047103881836
2007-06-18,42.17878723144531
2007-06-19,41.98215103149414
2007-06-20,41.02519607543945
2007-06-21,41.333248138427734
2007-06-22,41.28081512451172
2007-06-25,40.5794677734375
2007-06-26,39.81258010864258
2007-06-27,40.140316009521484
2007-06-28,40.56636428833008
2007-06-29,40.546695709228516
2007-07-02,40.998966217041016
2007-07-03,41.411895751953125
2007-07-05,42.08047103881836
2007-07-06,42.46063995361328
2007-07-09,41.89038848876953
2007-07-10,41.07106399536133
2007-07-11,41.40535354614258
2007-07-12,42.08047103881836
2007-07-13,42.014923095703125
2007-07-16,41.78551483154297
2007-07-17,41.37912368774414
2007-07-18,40.959632873535156
2007-07-19,41.49055099487305
2007-07-20,41.02519607543945
2007-07-23,41.39223098754883
2007-07-24,40.17963790893555
2007-07-25,39.530738830566406
2007-07-26,37.80031967163086
2007-07-27,37.68888854980469
2007-07-30,39.03257369995117
2007-07-31,38.534446716308594
2007-08-01,38.14772033691406
2007-08-02,38.51476287841797
2007-08-03,37.16452407836914
2007-08-06,37.18419647216797
2007-08-07,38.12805938720703
2007-08-08,39.0981330871582
2007-08-09,37.446380615234375
2007-08-10,37.059654235839844
2007-08-13,37.27595520019531
2007-08-14,36.58116912841797
2007-08-15,35.03428649902344
2007-08-16,34.77865219116211
2007-08-17,35.951927185058594
2007-08-20,35.56521224975586
2007-08-21,35.55865478515625
2007-08-22,37.12519454956055
2007-08-23,37.28251647949219
2007-08-24,38.15427017211914
2007-08-27,38.14772033691406
2007-08-28,36.423851013183594
2007-08-29,37.354610443115234
2007-08-30,37.18419647216797
2007-08-31,38.311580657958984
2007-09-04,39.06535339355469
2007-09-05,38.52788543701172
2007-09-06,38.73762512207031
2007-09-07,37.58402633666992
2007-09-10,37.138309478759766
2007-09-11,37.83309555053711
2007-09-12,37.47259521484375
2007-09-13,37.68888854980469
2007-09-14,37.38084030151367
2007-09-17,36.80403137207031
2007-09-18,38.41645431518555
2007-09-19,38.27225875854492
2007-09-20,38.069061279296875
2007-09-21,37.96417999267578
2007-09-24,38.095279693603516
2007-09-25,37.83964920043945
2007-09-26,37.98384475708008
2007-09-27,38.481998443603516
2007-09-28,38.534446716308594
2007-10-01,39.242332458496094
2007-10-02,40.22552490234375
2007-10-03,39.6356086730957
2007-10-04,39.62904739379883
2007-10-05,40.376277923583984
2007-10-08,40.52705764770508
2007-10-09,40.704002380371094
2007-10-10,40.8350944519043
2007-10-11,40.93342208862305
2007-10-12,41.72653579711914
2007-10-15,41.04484558105469
2007-10-16,41.04484558105469
2007-10-17,41.752742767333984
2007-10-18,41.69375228881836
2007-10-19,40.11408996582031
2007-10-22,40.068214416503906
2007-10-23,40.959632873535156
2007-10-24,40.58602523803711
2007-10-25,40.21240997314453
2007-10-26,40.900638580322266
2007-10-29,41.07106399536133
2007-10-30,40.343502044677734
2007-10-31,40.559810638427734
2007-11-01,39.360321044921875
2007-11-02,39.05224609375
2007-11-05,38.278804779052734
2007-11-06,38.84251022338867
2007-11-07,37.413604736328125
2007-11-08,37.12519454956055
2007-11-09,36.47628402709961
2007-11-12,35.099822998046875
2007-11-13,37.08586883544922
2007-11-14,37.36772155761719
2007-11-15,36.71881103515625
2007-11-16,37.23662567138672
2007-11-19,35.78805923461914
2007-11-20,36.55495071411133
2007-11-21,35.38167953491211
2007-11-23,35.82084274291992
2007-11-26,34.72622299194336
2007-11-27,35.39479446411133
2007-11-28,36.98755645751953
2007-11-29,37.249732971191406
2007-11-30,38.036285400390625
2007-12-03,38.0821647644043
2007-12-04,37.924861907958984
2007-12-05,38.93425369262695
2007-12-06,39.655269622802734
2007-12-07,39.8256950378418
2007-12-10,39.779808044433594
2007-12-11,38.21981430053711
2007-12-12,38.750736236572266
2007-12-13,38.17393112182617
2007-12-14,38.0821647644043
2007-12-17,36.59428405761719
2007-12-18,36.82369613647461
2007-12-19,36.65327453613281
2007-12-20,37.02466583251953
2007-12-21,37.88632583618164
2007-12-24,38.474117279052734
2007-12-26,38.440711975097656
2007-12-27,38.00654220581055
2007-12-28,37.83955764770508
2007-12-31,37.40538787841797
2008-01-02,36.483612060546875
2008-01-03,36.93782043457031
2008-01-04,35.66870880126953
2008-01-07,35.79561233520508
2008-01-08,35.66870880126953
2008-01-09,36.109554290771484
2008-01-10,36.9979362487793
2008-01-11,36.710716247558594
2008-01-14,36.55040740966797
2008-01-15,35.17442321777344
2008-01-16,34.33279800415039
2008-01-17,33.21064376831055
2008-01-18,33.85187911987305
2008-01-22,33.751678466796875
2008-01-23,35.04082489013672
2008-01-24,35.641998291015625
2008-01-25,34.80036926269531
2008-01-28,35.287986755371094
2008-01-29,36.20307540893555
2008-01-30,36.350013732910156
2008-01-31,37.05137634277344
2008-02-01,37.939754486083984
2008-02-04,37.8328857421875
2008-02-05,35.96929168701172
2008-02-06,35.788944244384766
2008-02-07,36.29658889770508
2008-02-08,36.229801177978516
2008-02-11,37.171600341796875
2008-02-12,37.29851150512695
2008-02-13,37.939754486083984
2008-02-14,37.57238006591797
2008-02-15,37.004608154296875
2008-02-19,37.22502517700195
2008-02-20,37.75271987915039
2008-02-21,37.47886657714844
2008-02-22,38.093379974365234
2008-02-25,38.78135681152344
2008-02-26,39.108673095703125
2008-02-27,39.66306686401367
2008-02-28,39.04854202270508
2008-02-29,37.124839782714844
2008-03-03,37.846229553222656
2008-03-04,37.50558090209961
2008-03-05,37.705963134765625
2008-03-06,36.483612060546875
2008-03-07,36.37006378173828
2008-03-10,35.702110290527344
2008-03-11,37.95310592651367
2008-03-12,37.512264251708984
2008-03-13,38.28709030151367
2008-03-14,37.171600341796875
2008-03-17,36.403446197509766
2008-03-18,38.140140533447266
2008-03-19,36.70403289794922
2008-03-20,37.11149215698242
2008-03-24,38.38727951049805
2008-03-25,38.734619140625
2008-03-26,38.681182861328125
2008-03-27,38.741302490234375
2008-03-28,38.500831604003906
2008-03-31,39.476043701171875
2008-04-01,41.286197662353516
2008-04-02,40.94554138183594
2008-04-03,41.232757568359375
2008-04-04,40.73847961425781
2008-04-07,41.13923645019531
2008-04-08,40.91881561279297
2008-04-09,40.164031982421875
2008-04-10,40.778541564941406
2008-04-11,40.09054946899414
2008-04-14,40.157352447509766
2008-04-15,40.270904541015625
2008-04-16,41.07912063598633
2008-04-17,40.778541564941406
2008-04-18,40.95222473144531
2008-04-21,41.012332916259766
2008-04-22,41.25947570800781
2008-04-23,41.01900863647461
2008-04-24,41.11253356933594
2008-04-25,39.91020584106445
2008-04-28,39.516117095947266
2008-04-29,38.681182861328125
2008-04-30,39.02851104736328
2008-05-01,39.11534881591797
2008-05-02,39.609619140625
2008-05-05,40.14399719238281
2008-05-06,40.538082122802734
2008-05-07,39.71651077270508
2008-05-08,39.83673095703125
2008-05-09,39.56954574584961
2008-05-12,39.91020584106445
2008-05-13,40.197425842285156
2008-05-14,40.798583984375
2008-05-15,41.185997009277344
2008-05-16,41.35299301147461
2008-05-19,41.73373031616211
2008-05-20,41.286197662353516
2008-05-21,40.80525588989258
2008-05-22,41.11253356933594
2008-05-23,40.71175765991211
2008-05-27,41.185997009277344
2008-05-28,41.54001998901367
2008-05-29,41.80051803588867
2008-05-30,42.06769561767578
2008-06-02,41.45985794067383
2008-06-03,40.99897003173828
2008-06-04,41.10584259033203
2008-06-05,41.773799896240234
2008-06-06,40.46460723876953
2008-06-09,40.417850494384766
2008-06-10,39.676422119140625
2008-06-11,39.128700256347656
2008-06-12,39.66974639892578
2008-06-13,39.896846771240234
2008-06-16,39.83673095703125
2008-06-17,39.2088737487793
2008-06-18,38.39395523071289
2008-06-19,38.701202392578125
2008-06-20,38.49414825439453
2008-06-23,38.15349578857422
2008-06-24,38.20024490356445
2008-06-25,38.84771728515625
2008-06-26,37.9169921875
2008-06-27,38.25421142578125
2008-06-30,38.402591705322266
2008-07-01,37.68092727661133
2008-07-02,37.10091018676758
2008-07-03,36.9188117980957
2008-07-07,36.71649169921875
2008-07-08,37.323482513427734
2008-07-09,36.3590202331543
2008-07-10,36.39274978637695
2008-07-11,36.08926773071289
2008-07-14,35.7115592956543
2008-07-15,35.657596588134766
2008-07-16,36.804176330566406
2008-07-17,36.95254135131836
2008-07-18,37.3774299621582
2008-07-21,37.22904968261719
2008-07-22,36.9188117980957
2008-07-23,36.972782135009766
2008-07-24,35.691341400146484
2008-07-25,35.98134994506836
2008-07-28,35.64412307739258
2008-07-29,36.55462646484375
2008-07-30,36.912071228027344
2008-07-31,36.48717498779297
2008-08-01,36.27809524536133
2008-08-04,35.83970642089844
2008-08-05,36.66927719116211
2008-08-06,37.06045150756836
2008-08-07,36.237640380859375
2008-08-08,36.203922271728516
2008-08-11,35.87342834472656
2008-08-12,35.306907653808594
2008-08-13,35.61715316772461
2008-08-14,36.41973114013672
2008-08-15,36.480430603027344
2008-08-18,35.79925537109375
2008-08-19,36.00832748413086
2008-08-20,36.170196533203125
2008-08-21,36.102760314941406
2008-08-22,36.06228256225586
2008-08-25,35.468772888183594
2008-08-26,34.88200378417969
2008-08-27,35.23271942138672
2008-08-28,35.40807342529297
2008-08-29,35.212486267089844
2008-09-02,35.219234466552734
2008-09-03,34.834800720214844
2008-09-04,34.133384704589844
2008-09-05,34.09965133666992
2008-09-08,34.71340560913086
2008-09-09,33.45219421386719
2008-09-10,33.15544128417969
2008-09-11,32.93287658691406
2008-09-12,33.18243408203125
2008-09-15,31.145610809326172
2008-09-16,31.820056915283203
2008-09-17,29.47974967956543
2008-09-18,31.604225158691406
2008-09-19,32.878929138183594
2008-09-22,32.17750549316406
2008-09-23,31.476091384887695
2008-09-24,31.38166046142578
2008-09-25,32.79124450683594
2008-09-26,32.40007019042969
2008-09-29,29.722551345825195
2008-09-30,31.476091384887695
2008-10-01,31.44236946105957
2008-10-02,29.20997428894043
2008-10-03,27.894811630249023
2008-10-06,25.365665435791016
2008-10-07,23.510961532592773
2008-10-08,22.836517333984375
2008-10-09,21.103208541870117
2008-10-10,20.46249008178711
2008-10-13,24.859838485717773
2008-10-14,24.448429107666016
2008-10-15,21.973243713378906
2008-10-16,21.406705856323242
2008-10-17,21.575319290161133
2008-10-20,22.18231201171875
2008-10-21,20.995302200317383
2008-10-22,18.6887149810791
2008-10-23,18.027769088745117
2008-10-24,16.98238754272461
2008-10-27,16.658655166625977
2008-10-28,19.201295852661133
2008-10-29,19.821773529052734
2008-10-30,21.285308837890625
2008-10-31,20.840181350708008
2008-11-03,21.224611282348633
2008-11-04,22.60047149658203
2008-11-05,20.981813430786133
2008-11-06,19.639680862426758
2008-11-07,20.327600479125977
2008-11-10,20.772729873657227
2008-11-11,20.435508728027344
2008-11-12,18.985471725463867
2008-11-13,20.556909561157227
2008-11-14,19.88921356201172
2008-11-17,19.32268714904785
2008-11-18,19.315946578979492
2008-11-19,18.27056312561035
2008-11-20,17.19820785522461
2008-11-21,17.784969329833984
2008-11-24,19.32268714904785
2008-11-25,18.918027877807617
2008-11-26,20.307371139526367
2008-11-28,19.821773529052734
2008-12-01,18.412193298339844
2008-12-02,19.3631591796875
2008-12-03,19.45758056640625
2008-12-04,19.10686683654785
2008-12-05,19.949918746948242
2008-12-08,21.50113296508789
2008-12-09,21.170656204223633
2008-12-10,22.256502151489258
2008-12-11,21.47414779663086
2008-12-12,21.211122512817383
2008-12-15,21.0897216796875
2008-12-16,23.079322814941406
2008-12-17,23.193973541259766
2008-12-18,22.72861099243164
2008-12-19,22.755586624145508
2008-12-22,22.519535064697266
2008-12-23,22.535249710083008
2008-12-24,22.425947189331055
2008-12-26,22.637714385986328
2008-12-29,21.981931686401367
2008-12-30,22.07073974609375
2008-12-31,22.043415069580078
2009-01-02,22.99974822998047
2009-01-05,23.436922073364258
2009-01-06,23.641857147216797
2009-01-07,22.425947189331055
2009-01-08,22.07073974609375
2009-01-09,21.756519317626953
2009-01-12,20.861669540405273
2009-01-13,20.72504997253418
2009-01-14,19.802867889404297
2009-01-15,19.878013610839844
2009-01-16,20.035125732421875
2009-01-20,18.771404266357422
2009-01-21,19.420337677001953
2009-01-22,18.921680450439453
2009-01-23,19.04463768005371
2009-01-26,19.188091278076172
2009-01-27,19.235904693603516
2009-01-28,19.966814041137695
2009-01-29,19.215415954589844
2009-01-30,18.914854049682617
2009-02-02,18.614288330078125
2009-02-03,18.778228759765625
2009-02-04,18.798728942871094
2009-02-05,19.030977249145508
2009-02-06,19.884843826293945
2009-02-09,20.07611083984375
2009-02-10,18.9831600189209
2009-02-11,18.771404266357422
2009-02-12,18.552814483642578
2009-02-13,18.593799591064453
2009-02-17,17.9926700592041
2009-02-18,17.760421752929688
2009-02-19,17.507680892944336
2009-02-20,17.18661880493164
2009-02-23,16.537687301635742
2009-02-24,16.940711975097656
2009-02-25,16.619659423828125
2009-02-26,16.674306869506836
2009-02-27,16.312265396118164
2009-03-02,15.27396297454834
2009-03-03,15.219313621520996
2009-03-04,15.922896385192871
2009-03-05,15.410584449768066
2009-03-06,15.36276626586914
2009-03-09,14.884603500366211
2009-03-10,15.690651893615723
2009-03-11,16.00486946105957
2009-03-12,17.24810028076172
2009-03-13,17.944860458374023
2009-03-16,17.91753387451172
2009-03-17,18.464006423950195
2009-03-18,18.771404266357422
2009-03-19,18.539148330688477
2009-03-20,18.320558547973633
2009-03-23,19.181259155273438
2009-03-24,18.853364944458008
2009-03-25,19.106109619140625
2009-03-26,19.420337677001953
2009-03-27,19.04463768005371
2009-03-30,18.245420455932617
2009-03-31,18.662105560302734
2009-04-01,19.119775772094727
2009-04-02,20.082942962646484
2009-04-03,20.813846588134766
2009-04-06,20.533781051635742
2009-04-07,20.349349975585938
2009-04-08,20.58842658996582
2009-04-09,21.81116485595703
2009-04-13,22.1458797454834
2009-04-14,21.961448669433594
2009-04-15,22.23468017578125
2009-04-16,22.473764419555664
2009-04-17,22.576229095458984
2009-04-20,21.517438888549805
2009-04-21,21.872644424438477
2009-04-22,21.708703994750977
2009-04-23,22.125396728515625
2009-04-24,22.61722183227539
2009-04-27,20.991451263427734
2009-04-28,20.923147201538086
2009-04-29,21.790674209594727
2009-04-30,21.339834213256836
2009-05-01,21.790674209594727
2009-05-04,23.24566650390625
2009-05-05,23.662351608276367
2009-05-06,24.557205200195312
2009-05-07,24.167837142944336
2009-05-08,24.87826156616211
2009-05-11,24.447904586791992
2009-05-12,24.23614501953125
2009-05-13,23.300308227539062
2009-05-14,23.839950561523438
2009-05-15,23.635019302368164
2009-05-18,24.809940338134766
2009-05-19,25.294940948486328
2009-05-20,25.24028968811035
2009-05-21,24.386432647705078
2009-05-22,24.632339477539062
2009-05-26,25.301773071289062
2009-05-27,24.93290138244629
2009-05-28,25.21980094909668
2009-05-29,25.09685516357422
2009-06-01,25.773101806640625
2009-06-02,25.78676414489746
2009-06-03,24.919231414794922
2009-06-04,25.315439224243164
2009-06-05,25.527185440063477
2009-06-08,25.171985626220703
2009-06-09,25.124164581298828
2009-06-10,25.24028968811035
2009-06-11,25.861919403076172
2009-06-12,25.77992820739746
2009-06-15,25.07635498046875
2009-06-16,24.297622680664062
2009-06-17,24.29079818725586
2009-06-18,24.734811782836914
2009-06-19,24.76213264465332
2009-06-22,23.853614807128906
2009-06-23,23.880399703979492
2009-06-24,24.25814437866211
2009-06-25,25.15787124633789
2009-06-26,25.315832138061523
2009-06-29,25.41885757446289
2009-06-30,25.315832138061523
2009-07-01,25.542482376098633
2009-07-02,24.848804473876953
2009-07-06,24.683971405029297
2009-07-07,24.086442947387695
2009-07-08,23.660625457763672
2009-07-09,23.95595359802246
2009-07-10,23.715566635131836
2009-07-13,24.017765045166016
2009-07-14,24.34056282043457
2009-07-15,25.830951690673828
2009-07-16,25.879024505615234
2009-07-17,26.400989532470703
2009-07-20,26.840557098388672
2009-07-21,26.710063934326172
2009-07-22,27.11527442932129
2009-07-23,27.85702896118164
2009-07-24,27.637252807617188
2009-07-27,27.767751693725586
2009-07-28,27.671598434448242
2009-07-29,27.142749786376953
2009-07-30,27.678466796875
2009-07-31,28.021867752075195
2009-08-03,28.900985717773438
2009-08-04,29.072675704956055
2009-08-05,29.299333572387695
2009-08-06,29.017745971679688
2009-08-07,29.780101776123047
2009-08-10,29.903724670410156
2009-08-11,29.052080154418945
2009-08-12,29.46416664123535
2009-08-13,29.889999389648438
2009-08-14,29.57406234741211
2009-08-17,28.68120574951172
2009-08-18,29.058958053588867
2009-08-19,29.27187156677246
2009-08-20,29.821300506591797
2009-08-21,30.43943977355957
2009-08-24,30.068565368652344
2009-08-25,29.98613929748535
2009-08-26,29.690811157226562
2009-08-27,29.86252784729004
2009-08-28,29.979280471801758
2009-08-31,29.141374588012695
2009-09-01,28.13175392150879
2009-09-02,28.35153579711914
2009-09-03,28.846044540405273
2009-09-04,29.264999389648438
2009-09-08,30.315811157226562
2009-09-09,29.869394302368164
2009-09-10,30.30208969116211
2009-09-11,30.58367156982422
2009-09-14,30.35702896118164
2009-09-15,30.714162826538086
2009-09-16,31.400972366333008
2009-09-17,31.194927215576172
2009-09-18,30.913347244262695
2009-09-21,30.466909408569336
2009-09-22,30.54245948791504
2009-09-23,29.80070686340332
2009-09-24,29.10702896118164
2009-09-25,29.264999389648438
2009-09-28,29.93120574951172
2009-09-29,30.102903366088867
2009-09-30,29.999881744384766
2009-10-01,29.017745971679688
2009-10-02,29.326810836791992
2009-10-05,29.96554183959961
2009-10-06,30.844669342041016
2009-10-07,30.975162506103516
2009-10-08,31.366621017456055
2009-10-09,31.510873794555664
2009-10-12,32.1083869934082
2009-10-13,32.35563659667969
2009-10-14,32.91197204589844
2009-10-15,32.94630432128906
2009-10-16,32.62350082397461
2009-10-19,32.94630432128906
2009-10-20,32.80207061767578
2009-10-21,32.93256378173828
2009-10-22,32.925697326660156
2009-10-23,32.2938232421875
2009-10-26,31.552074432373047
2009-10-27,30.8583984375
2009-10-28,29.766374588012695
2009-10-29,31.112512588500977
2009-10-30,29.944942474365234
2009-11-02,30.27461814880371
2009-11-03,30.164718627929688
2009-11-04,30.707290649414062
2009-11-05,31.13312339782715
2009-11-06,30.982019424438477
2009-11-09,32.15647506713867
2009-11-10,32.19768524169922
2009-11-11,32.575416564941406
2009-11-12,32.17021179199219
2009-11-13,32.795204162597656
2009-11-16,33.42020034790039
2009-11-17,33.23475646972656
2009-11-18,32.898223876953125
2009-11-19,32.49987030029297
2009-11-20,32.314430236816406
2009-11-23,33.09739303588867
2009-11-24,33.04246520996094
2009-11-25,33.66744613647461
2009-11-27,33.172950744628906
2009-11-30,32.905086517333984
2009-12-01,34.10014724731445
2009-12-02,34.58778762817383
2009-12-03,34.61526107788086
2009-12-04,34.786949157714844
2009-12-07,34.642730712890625
2009-12-08,33.63310623168945
2009-12-09,33.75674057006836
2009-12-10,33.9627799987793
2009-12-11,34.161956787109375
2009-12-14,34.57404708862305
2009-12-15,34.61526107788086
2009-12-16,34.567169189453125
2009-12-17,34.11387252807617
2009-12-18,34.03146743774414
2009-12-21,33.90097427368164
2009-12-22,34.57072067260742
2009-12-23,34.77894973754883
2009-12-24,34.966346740722656
2009-12-28,34.62624740600586
2009-12-29,34.61930847167969
2009-12-30,34.16817092895508
2009-12-31,33.91830825805664
2010-01-04,35.396644592285156
2010-01-05,35.24396896362305
2010-01-06,35.67426681518555
2010-01-07,35.72977828979492
2010-01-08,35.63262939453125
2010-01-11,35.61874771118164
2010-01-12,35.223140716552734
2010-01-13,35.46604537963867
2010-01-14,35.43134689331055
2010-01-15,34.76506042480469
2010-01-19,35.320308685302734
2010-01-20,34.35557174682617
2010-01-21,33.14098358154297
2010-01-22,32.81477737426758
2010-01-25,32.55104064941406
2010-01-26,32.842533111572266
2010-01-27,32.523277282714844
2010-01-28,32.4122428894043
2010-01-29,31.926389694213867
2010-02-01,32.68290328979492
2010-02-02,33.05075454711914
2010-02-03,33.161800384521484
2010-02-04,31.919452667236328
2010-02-05,31.995784759521484
2010-02-08,31.822280883789062
2010-02-09,32.3636360168457
2010-02-10,32.106842041015625
2010-02-11,32.766197204589844
2010-02-12,32.91193771362305
2010-02-16,33.717041015625
2010-02-17,33.83503341674805
2010-02-18,34.154296875
2010-02-19,34.18900680541992
2010-02-22,34.022422790527344
2010-02-23,33.50188064575195
2010-02-24,33.751747131347656
2010-02-25,33.75868606567383
2010-02-26,33.75868606567383
2010-03-01,34.05018615722656
2010-03-02,34.34864044189453
2010-03-03,34.848350524902344
2010-03-04,34.63319396972656
2010-03-05,35.14677810668945
2010-03-08,35.09126663208008
2010-03-09,35.292545318603516
2010-03-10,35.38970947265625
2010-03-11,35.521575927734375
2010-03-12,35.5562744140625
2010-03-15,35.4591178894043
2010-03-16,35.778377532958984
2010-03-17,36.173988342285156
2010-03-18,36.187870025634766
2010-03-19,36.01435470581055
2010-03-22,36.19481658935547
2010-03-23,36.639007568359375
2010-03-24,36.104591369628906
2010-03-25,36.13233947753906
2010-03-26,36.236446380615234
2010-03-29,36.82639694213867
2010-03-30,36.986026763916016
2010-03-31,37.04153823852539
2010-04-01,37.40939712524414
2010-04-05,37.79806137084961
2010-04-06,38.0271110534668
2010-04-07,37.55514907836914
2010-04-08,37.680084228515625
2010-04-09,38.19368362426758
2010-04-12,38.263084411621094
2010-04-13,38.20755386352539
2010-04-14,38.51295471191406
2010-04-15,38.48518371582031
2010-04-16,37.46491622924805
2010-04-19,37.47186279296875
2010-04-20,37.88829803466797
2010-04-21,37.735595703125
2010-04-22,37.895233154296875
2010-04-23,38.31861114501953
2010-04-26,38.33943176269531
2010-04-27,36.278099060058594
2010-04-28,36.77781295776367
2010-04-29,37.28447723388672
2010-04-30,36.77781295776367
2010-05-03,37.159542083740234
2010-05-04,35.570159912109375
2010-05-05,34.91081619262695
2010-05-06,33.71010208129883
2010-05-07,33.84891891479492
2010-05-10,35.81307601928711
2010-05-11,35.59791946411133
2010-05-12,36.222572326660156
2010-05-13,36.01435470581055
2010-05-14,35.02186965942383
2010-05-17,34.77198791503906
2010-05-18,33.98772430419922
2010-05-19,33.508819580078125
2010-05-20,31.94721794128418
2010-05-21,32.8355827331543
2010-05-24,32.696781158447266
2010-05-25,32.60655975341797
2010-05-26,33.12015914916992
2010-05-27,34.792816162109375
2010-05-28,33.93220138549805
2010-06-01,33.38390350341797
2010-06-02,34.23063278198242
2010-06-03,34.12653350830078
2010-06-04,33.21038818359375
2010-06-07,32.842533111572266
2010-06-08,33.53658676147461
2010-06-09,33.64068603515625
2010-06-10,34.848350524902344
2010-06-11,35.223140716552734
2010-06-14,35.11902618408203
2010-06-15,36.0351676940918
2010-06-16,36.187870025634766
2010-06-17,36.13233947753906
2010-06-18,36.2850456237793
2010-06-21,36.36137771606445
2010-06-22,35.68815612792969
2010-06-23,35.70000457763672
2010-06-24,35.10733413696289
2010-06-25,35.7278938293457
2010-06-28,35.5535774230957
2010-06-29,33.88014221191406
2010-06-30,33.39204788208008
2010-07-01,33.280494689941406
2010-07-02,33.16196060180664
2010-07-06,33.76856994628906
2010-07-07,34.49374008178711
2010-07-08,34.6959342956543
2010-07-09,34.83538818359375
2010-07-12,34.410057067871094
2010-07-13,35.17705154418945
2010-07-14,35.30255126953125
2010-07-15,35.24678421020508
2010-07-16,34.159053802490234
2010-07-19,34.263633728027344
2010-07-20,34.82144546508789
2010-07-21,34.60530471801758
2010-07-22,35.5675163269043
2010-07-23,35.78366470336914
2010-07-26,36.041656494140625
2010-07-27,35.86037826538086
2010-07-28,35.66514205932617
2010-07-29,35.50477981567383
2010-07-30,35.53266143798828
2010-08-02,36.24386978149414
2010-08-03,36.23689651489258
2010-08-04,36.50883483886719
2010-08-05,36.47396469116211
2010-08-06,36.13230895996094
2010-08-09,36.13230895996094
2010-08-10,36.013771057128906
2010-08-11,34.898136138916016
2010-08-12,35.04458236694336
2010-08-13,35.0306282043457
2010-08-16,35.28863525390625
2010-08-17,35.560546875
2010-08-18,35.706974029541016
2010-08-19,35.30255126953125
2010-08-20,35.21887969970703
2010-08-23,34.67501449584961
2010-08-24,33.79646301269531
2010-08-25,33.81040954589844
2010-08-26,33.25958251953125
2010-08-27,33.97775650024414
2010-08-30,33.3432502746582
2010-08-31,33.53150177001953
2010-09-01,34.52859878540039
2010-09-02,34.82841873168945
2010-09-03,35.170082092285156
2010-09-07,34.59135055541992
2010-09-08,34.71685791015625
2010-09-09,34.84933853149414
2010-09-10,35.19099807739258
2010-09-13,35.706974029541016
2010-09-14,35.94404220581055
2010-09-15,36.04863357543945
2010-09-16,35.888267517089844
2010-09-17,35.95799255371094
2010-09-20,36.30662536621094
2010-09-21,36.54369354248047
2010-09-22,36.6064567565918
2010-09-23,36.54369354248047
2010-09-24,37.06664276123047
2010-09-27,36.885353088378906
2010-09-28,37.171234130859375
2010-09-29,37.03876495361328
2010-09-30,36.9481201171875
2010-10-01,37.582618713378906
2010-10-04,37.736026763916016
2010-10-05,38.307769775390625
2010-10-06,38.50998306274414
2010-10-07,37.96611785888672
2010-10-08,38.635498046875
2010-10-11,38.70521926879883
2010-10-12,38.68430709838867
2010-10-13,39.23514938354492
2010-10-14,39.0956916809082
2010-10-15,38.98412322998047
2010-10-18,39.207252502441406
2010-10-19,38.440269470214844
2010-10-20,39.12357711791992
2010-10-21,39.367618560791016
2010-10-22,39.611663818359375
2010-10-25,39.799922943115234
2010-10-26,39.695335388183594
2010-10-27,39.409446716308594
2010-10-28,39.7511100769043
2010-10-29,40.10672378540039
2010-11-01,40.350765228271484
2010-11-02,40.80398941040039
2010-11-03,40.83885955810547
2010-11-04,41.271156311035156
2010-11-05,41.48731231689453
2010-11-08,41.57794952392578
2010-11-09,41.027103424072266
2010-11-10,41.34785842895508
2010-11-11,41.236297607421875
2010-11-12,40.685447692871094
2010-11-15,40.62270736694336
2010-11-16,39.94635772705078
2010-11-17,40.232234954833984
2010-11-18,41.110782623291016
2010-11-19,41.522178649902344
2010-11-22,41.55007553100586
2010-11-23,40.5041618347168
2010-11-24,41.73832321166992
2010-11-26,40.97134017944336
2010-11-29,41.124725341796875
2010-11-30,41.20839309692383
2010-12-01,41.815025329589844
2010-12-02,42.3031120300293
2010-12-03,42.31008529663086
2010-12-06,42.45650863647461
2010-12-07,42.21247100830078
2010-12-08,42.26128005981445
2010-12-09,41.905677795410156
2010-12-10,42.21943664550781
2010-12-13,42.519264221191406
2010-12-14,42.623844146728516
2010-12-15,42.135765075683594
2010-12-16,42.372840881347656
2010-12-17,42.56806182861328
2010-12-20,42.57504653930664
2010-12-21,42.998165130615234
2010-12-22,43.11724090576172
2010-12-23,43.005165100097656
2010-12-27,42.921104431152344
2010-12-28,42.86505126953125
2010-12-29,42.927425384521484
2010-12-30,42.98349380493164
2010-12-31,43.389923095703125
2011-01-03,43.76131820678711
2011-01-04,43.78232955932617
2011-01-05,44.09766387939453
2011-01-06,43.901458740234375
2011-01-07,43.887447357177734
2011-01-10,43.74729537963867
2011-01-11,43.64918899536133
2011-01-12,43.75429916381836
2011-01-13,43.76131820678711
2011-01-14,43.97854232788086
2011-01-18,44.174747467041016
2011-01-19,43.67721939086914
2011-01-20,43.5230598449707
2011-01-21,43.31283950805664
2011-01-24,43.635189056396484
2011-01-25,43.34086608886719
2011-01-26,43.712257385253906
2011-01-27,43.46699142456055
2011-01-28,42.13558578491211
2011-01-31,42.577056884765625
2011-02-01,43.75429916381836
2011-02-02,44.02058410644531
2011-02-03,43.915462493896484
2011-02-04,43.47400665283203
2011-02-07,43.663204193115234
2011-02-08,43.48101043701172
2011-02-09,42.75223922729492
2011-02-10,42.32479476928711
2011-02-11,42.96247100830078
2011-02-14,42.794281005859375
2011-02-15,42.49296188354492
2011-02-16,42.87836456298828
2011-02-17,43.29882049560547
2011-02-18,43.62116622924805
2011-02-22,42.25471496582031
2011-02-23,41.84828567504883
2011-02-24,41.92536163330078
2011-02-25,42.40888214111328
2011-02-28,42.8293342590332
2011-03-01,42.29676055908203
2011-03-02,42.556034088134766
2011-03-03,43.26377868652344
2011-03-04,43.02553176879883
2011-03-07,42.429901123046875
2011-03-08,42.68915939331055
2011-03-09,42.72420883178711
2011-03-10,41.85529327392578
2011-03-11,42.31077575683594
2011-03-14,42.485965728759766
2011-03-15,41.8973388671875
2011-03-16,40.98637008666992
2011-03-17,41.049442291259766
2011-03-18,41.07747268676758
2011-03-21,41.61003875732422
2011-03-22,41.85529327392578
2011-03-23,42.57005310058594
2011-03-24,43.067562103271484
2011-03-25,42.83633041381836
2011-03-28,42.87137222290039
2011-03-29,43.05356216430664
2011-03-30,43.59312057495117
2011-03-31,44.04159927368164
2011-04-01,44.658260345458984
2011-04-04,44.693294525146484
2011-04-05,44.658260345458984
2011-04-06,44.84745788574219
2011-04-07,44.50410079956055
2011-04-08,44.75636291503906
2011-04-11,44.92454528808594
2011-04-12,44.251834869384766
2011-04-13,44.448036193847656
2011-04-14,44.244815826416016
2011-04-15,44.420013427734375
2011-04-18,43.24977111816406
2011-04-19,43.803348541259766
2011-04-20,44.43400955200195
2011-04-21,44.67228317260742
2011-04-25,44.42701721191406
2011-04-26,44.784393310546875
2011-04-27,44.83344268798828
2011-04-28,44.58116912841797
2011-04-29,45.0646858215332
2011-05-02,44.67228317260742
2011-05-03,43.53706741333008
2011-05-04,42.86436080932617
2011-05-05,42.450931549072266
2011-05-06,42.68217086791992
2011-05-09,42.9554557800293
2011-05-10,43.50204086303711
2011-05-11,42.73121643066406
2011-05-12,42.58406448364258
2011-05-13,42.107566833496094
2011-05-16,42.149600982666016
2011-05-17,41.91135787963867
2011-05-18,42.60509490966797
2011-05-19,42.80830001831055
2011-05-20,42.759246826171875
2011-05-23,42.27573776245117
2011-05-24,42.58406448364258
2011-05-25,42.8293342590332
2011-05-26,43.186702728271484
2011-05-27,43.53706741333008
2011-05-31,43.6982421875
2011-06-01,42.61210250854492
2011-06-02,42.87137222290039
2011-06-03,42.52799987792969
2011-06-06,41.66608428955078
2011-06-07,41.92536163330078
2011-06-08,41.60301971435547
2011-06-09,42.226688385009766
2011-06-10,41.504913330078125
2011-06-13,41.66608428955078
2011-06-14,42.3808479309082
2011-06-15,41.785221099853516
2011-06-16,41.49791717529297
2011-06-17,41.5189323425293
2011-06-20,41.72215270996094
2011-06-21,42.16361618041992
2011-06-22,42.2066650390625
2011-06-23,42.03728485107422
2011-06-24,41.860836029052734
2011-06-27,42.171390533447266
2011-06-28,43.13126754760742
2011-06-29,43.90059280395508
2011-06-30,44.1546745300293
2011-07-01,44.64873504638672
2011-07-05,44.394649505615234
2011-07-06,44.26761245727539
2011-07-07,44.76165771484375
2011-07-08,44.30995559692383
2011-07-11,43.660621643066406
2011-07-12,43.201847076416016
2011-07-13,43.86529541015625
2011-07-14,43.519466400146484
2011-07-15,43.52651596069336
2011-07-18,43.06774139404297
2011-07-19,43.36418533325195
2011-07-20,42.81364822387695
2011-07-21,43.31477737426758
2011-07-22,43.54063034057617
2011-07-25,43.28654479980469
2011-07-26,43.25125503540039
2011-07-27,43.37830352783203
2011-07-28,43.5335693359375
2011-07-29,43.625335693359375
2011-08-01,43.37830352783203
2011-08-02,41.81848907470703
2011-08-03,41.46558380126953
2011-08-04,39.277618408203125
2011-08-05,39.91282653808594
2011-08-08,36.55323791503906
2011-08-09,38.670631408691406
2011-08-10,36.80733871459961
2011-08-11,38.70590591430664
2011-08-12,38.64944839477539
2011-08-15,39.5175895690918
2011-08-16,39.54581832885742
2011-08-17,39.89166259765625
2011-08-18,38.6212272644043
2011-08-19,38.45183181762695
2011-08-22,38.79061508178711
2011-08-23,40.11045837402344
2011-08-24,39.686973571777344
2011-08-25,38.64944839477539
2011-08-26,39.03764724731445
2011-08-29,40.23749923706055
2011-08-30,39.96929931640625
2011-08-31,41.486751556396484
2011-09-01,41.40911102294922
2011-09-02,40.51982116699219
2011-09-06,39.60932922363281
2011-09-07,40.48453140258789
2011-09-08,39.80696105957031
2011-09-09,38.24009323120117
2011-09-12,37.78837966918945
2011-09-13,37.950714111328125
2011-09-14,38.27538299560547
2011-09-15,38.87530517578125
2011-09-16,38.698856353759766
2011-09-19,38.261260986328125
2011-09-20,37.273155212402344
2011-09-21,35.88978576660156
2011-09-22,33.34186553955078
2011-09-23,34.4146728515625
2011-09-26,35.473365783691406
2011-09-27,36.29914855957031
2011-09-28,35.318092346191406
2011-09-29,35.487491607666016
2011-09-30,34.5699462890625
2011-10-03,33.90650177001953
2011-10-04,34.668758392333984
2011-10-05,35.00754165649414
2011-10-06,35.84038543701172
2011-10-07,35.18398666381836
2011-10-10,36.4403190612793
2011-10-11,36.405025482177734
2011-10-12,37.259037017822266
2011-10-13,37.23080062866211
2011-10-14,37.760154724121094
2011-10-17,36.50383758544922
2011-10-18,37.71074295043945
2011-10-19,37.01199722290039
2011-10-20,36.292083740234375
2011-10-21,36.863792419433594
2011-10-24,38.04247283935547
2011-10-25,37.640167236328125
2011-10-26,38.3530158996582
2011-10-27,40.279850006103516
2011-10-28,40.597450256347656
2011-10-31,39.0164680480957
2011-11-01,37.71074295043945
2011-11-02,38.472999572753906
2011-11-03,39.2070198059082
2011-11-04,39.05881881713867
2011-11-07,39.52463912963867
2011-11-08,40.15986633300781
2011-11-09,38.487117767333984
2011-11-10,38.847076416015625
2011-11-11,39.92694854736328
2011-11-14,39.43288803100586
2011-11-15,39.42583084106445
2011-11-16,38.727088928222656
2011-11-17,37.89425277709961
2011-11-18,38.06364822387695
2011-11-21,36.793209075927734
2011-11-22,37.04023742675781
2011-11-23,35.91096496582031
2011-11-25,35.035789489746094
2011-11-28,36.517948150634766
2011-11-29,37.23786163330078
2011-11-30,38.84001159667969
2011-12-01,38.607112884521484
2011-12-02,38.847076416015625
2011-12-05,39.468177795410156
2011-12-06,39.5175895690918
2011-12-07,39.36231231689453
2011-12-08,38.40242004394531
2011-12-09,39.376426696777344
2011-12-12,38.17656326293945
2011-12-13,37.69662094116211
2011-12-14,37.11786651611328
2011-12-15,37.2166862487793
2011-12-16,37.30843734741211
2011-12-19,36.74381637573242
2011-12-20,37.77194595336914
2011-12-21,38.027740478515625
2011-12-22,38.461158752441406
2011-12-23,38.546424865722656
2011-12-27,38.04194641113281
2011-12-28,37.65825653076172
2011-12-29,38.240901947021484
2011-12-30,38.198265075683594
2012-01-03,39.29960250854492
2012-01-04,39.264060974121094
2012-01-05,38.802223205566406
2012-01-06,38.58195877075195
2012-01-09,38.674312591552734
2012-01-10,39.16459655761719
2012-01-11,39.37064743041992
2012-01-12,39.661956787109375
2012-01-13,38.688533782958984
2012-01-17,39.171688079833984
2012-01-18,40.55012893676758
2012-01-19,40.93381118774414
2012-01-20,40.67802429199219
2012-01-23,40.585662841796875
2012-01-24,40.46486282348633
2012-01-25,41.18960952758789
2012-01-26,41.20382308959961
2012-01-27,41.4525032043457
2012-01-30,41.33881759643555
2012-01-31,41.33171081542969
2012-02-01,42.08488464355469
2012-02-02,42.347782135009766
2012-02-03,43.31410598754883
2012-02-06,43.15778732299805
2012-02-07,43.19330978393555
2012-02-08,43.06541061401367
2012-02-09,43.434898376464844
2012-02-10,42.8948860168457
2012-02-13,43.349632263183594
2012-02-14,42.76698303222656
2012-02-15,42.468570709228516
2012-02-16,43.00857925415039
2012-02-17,42.880672454833984
2012-02-21,42.589359283447266
2012-02-22,42.45436477661133
2012-02-23,42.6177864074707
2012-02-24,42.36909866333008
2012-02-27,42.13461685180664
2012-02-28,42.4188346862793
2012-02-29,42.163047790527344
2012-03-01,42.86647033691406
2012-03-02,43.086734771728516
2012-03-05,42.681724548339844
2012-03-06,41.495140075683594
2012-03-07,41.935665130615234
2012-03-08,42.80961608886719
2012-03-09,42.81671905517578
2012-03-12,42.67462921142578
2012-03-13,43.59832000732422
2012-03-14,43.06541061401367
2012-03-15,43.45620346069336
2012-03-16,43.385154724121094
2012-03-19,43.47751998901367
2012-03-20,43.07963180541992
2012-03-21,43.555686950683594
2012-03-22,43.09383010864258
2012-03-23,43.26435470581055
2012-03-26,44.294647216796875
2012-03-27,44.195167541503906
2012-03-28,43.939369201660156
2012-03-29,44.01041793823242
2012-03-30,44.42253494262695
2012-04-02,45.204124450683594
2012-04-03,45.133060455322266
2012-04-04,44.44384765625
2012-04-05,44.20938491821289
2012-04-09,43.825687408447266
2012-04-10,42.71015548706055
2012-04-11,42.93752670288086
2012-04-12,43.505950927734375
2012-04-13,42.70303726196289
2012-04-16,42.681724548339844
2012-04-17,43.292781829833984
2012-04-18,43.12936019897461
2012-04-19,42.91620635986328
2012-04-20,43.39936447143555
2012-04-23,42.76698303222656
2012-04-24,42.60356140136719
2012-04-25,43.10093307495117
2012-04-26,43.228843688964844
2012-04-27,43.97490310668945
2012-04-30,43.939369201660156
2012-05-01,44.33016586303711
2012-05-02,44.323062896728516
2012-05-03,44.10990905761719
2012-05-04,43.46332550048828
2012-05-07,44.17384338378906
2012-05-08,42.80961608886719
2012-05-09,42.34067916870117
2012-05-10,42.36909866333008
2012-05-11,41.772239685058594
2012-05-14,40.88408660888672
2012-05-15,40.059871673583984
2012-05-16,39.72591018676758
2012-05-17,39.36354064941406
2012-05-18,39.015380859375
2012-05-21,39.931976318359375
2012-05-22,39.59092330932617
2012-05-23,39.23564147949219
2012-05-24,39.31380081176758
2012-05-25,39.10774612426758
2012-05-29,40.22328567504883
2012-05-30,39.51274490356445
2012-05-31,38.7098503112793
2012-06-01,38.12010192871094
2012-06-04,38.35457992553711
2012-06-05,38.233795166015625
2012-06-06,38.873268127441406
2012-06-07,38.84485626220703
2012-06-08,39.31380081176758
2012-06-11,38.546424865722656
2012-06-12,39.14327621459961
2012-06-13,39.00117111206055
2012-06-14,39.56959533691406
2012-06-15,39.90354537963867
2012-06-18,40.47196960449219
2012-06-19,41.46672058105469
2012-06-20,41.58040237426758
2012-06-21,40.56150817871094
2012-06-22,41.372318267822266
2012-06-25,41.20011520385742
2012-06-26,42.082664489746094
2012-06-27,42.592105865478516
2012-06-28,42.65668487548828
2012-06-29,44.091732025146484
2012-07-02,44.28545379638672
2012-07-03,44.6944465637207
2012-07-05,43.95540237426758
2012-07-06,43.625335693359375
2012-07-09,43.991275787353516
2012-07-10,44.01279830932617
2012-07-11,44.28545379638672
2012-07-12,43.73297119140625
2012-07-13,44.472023010253906
2012-07-16,45.18236541748047
2012-07-17,45.74919891357422
2012-07-18,45.311519622802734
2012-07-19,44.97427749633789
2012-07-20,44.751853942871094
2012-07-23,44.06302261352539
2012-07-24,43.53923416137695
2012-07-25,43.33832931518555
2012-07-26,44.56529998779297
2012-07-27,45.476539611816406
2012-07-30,45.275634765625
2012-07-31,44.58681869506836
2012-08-01,44.393089294433594
2012-08-02,44.56529998779297
2012-08-03,45.41196823120117
2012-08-06,45.211063385009766
2012-08-07,45.16083908081055
2012-08-08,45.09626007080078
2012-08-09,45.03886032104492
2012-08-10,45.24694061279297
2012-08-13,44.62269592285156
2012-08-14,44.73749923706055
2012-08-15,45.12495803833008
2012-08-16,45.203895568847656
2012-08-17,45.23976135253906
2012-08-20,45.0460319519043
2012-08-21,44.63703918457031
2012-08-22,44.701622009277344
2012-08-23,44.4002685546875
2012-08-24,44.701622009277344
2012-08-27,44.46482467651367
2012-08-28,44.550933837890625
2012-08-29,44.09890365600586
2012-08-30,43.97694396972656
2012-08-31,44.04149627685547
2012-09-04,44.27828598022461
2012-09-05,44.35720443725586
2012-09-06,45.08190155029297
2012-09-07,45.45501708984375
2012-09-10,45.11061477661133
2012-09-11,45.383270263671875
2012-09-12,45.55546569824219
2012-09-13,46.71068572998047
2012-09-14,47.16990661621094
2012-09-17,46.85418701171875
2012-09-18,46.81113815307617
2012-09-19,47.040733337402344
2012-09-20,46.545658111572266
2012-09-21,46.37343978881836
2012-09-24,46.445213317871094
2012-09-25,46.165367126464844
2012-09-26,46.26581954956055
2012-09-27,46.94028091430664
2012-09-28,46.91876220703125
2012-10-01,47.44255065917969
2012-10-02,47.32057571411133
2012-10-03,47.13402557373047
2012-10-04,48.066802978515625
2012-10-05,48.490142822265625
2012-10-08,48.27487564086914
2012-10-09,47.83720397949219
2012-10-10,47.406681060791016
2012-10-11,47.79414749145508
2012-10-12,47.88741683959961
2012-10-15,48.42556381225586
2012-10-16,49.07133102416992
2012-10-17,49.3081169128418
2012-10-18,49.27222442626953
2012-10-19,48.75562286376953
2012-10-22,48.51883316040039
2012-10-23,47.99504852294922
2012-10-24,48.02375793457031
2012-10-25,47.90895080566406
2012-10-26,47.69368362426758
2012-10-31,47.01921081542969
2012-11-01,47.521488189697266
2012-11-02,47.62910842895508
2012-11-05,47.39950180053711
2012-11-06,47.722389221191406
2012-11-07,46.595882415771484
2012-11-08,46.02903366088867
2012-11-09,45.82095718383789
2012-11-12,45.90705871582031
2012-11-13,46.165367126464844
2012-11-14,45.57699203491211
2012-11-15,45.512420654296875
2012-11-16,46.165367126464844
2012-11-19,46.88288116455078
2012-11-20,47.12685012817383
2012-11-21,47.44972610473633
2012-11-23,48.05962371826172
2012-11-26,47.80849075317383
2012-11-27,47.535831451416016
2012-11-28,47.952003479003906
2012-11-29,48.317935943603516
2012-11-30,48.260536193847656
2012-12-03,48.42556381225586
2012-12-04,48.590599060058594
2012-12-05,48.626461029052734
2012-12-06,49.1789665222168
2012-12-07,49.45162582397461
2012-12-10,50.039974212646484
2012-12-11,50.197837829589844
2012-12-12,50.38440704345703
2012-12-13,49.910831451416016
2012-12-14,50.154788970947266
2012-12-17,50.64988327026367
2012-12-18,51.22098922729492
2012-12-19,50.954856872558594
2012-12-20,50.861351013183594
2012-12-21,50.05573654174805
2012-12-24,49.81836700439453
2012-12-26,49.69609069824219
2012-12-27,49.890296936035156
2012-12-28,49.94065475463867
2012-12-31,50.73188018798828
2013-01-02,51.69573974609375
2013-01-03,51.59503936767578
2013-01-04,51.96907424926758
2013-01-07,51.86117172241211
2013-01-08,51.710113525390625
2013-01-09,52.29994583129883
2013-01-10,52.83222198486328
2013-01-11,52.760292053222656
2013-01-14,53.026432037353516
2013-01-15,52.86101150512695
2013-01-16,52.88257598876953
2013-01-17,53.08399200439453
2013-01-18,52.99047088623047
2013-01-22,53.24221420288086
2013-01-23,53.31414794921875
2013-01-24,53.4508171081543
2013-01-25,53.35730743408203
2013-01-28,53.23503494262695
2013-01-29,53.68817901611328
2013-01-30,53.32852554321289
2013-01-31,52.954505920410156
2013-02-01,53.911155700683594
2013-02-04,53.30697250366211
2013-02-05,53.5587043762207
2013-02-06,53.27819061279297
2013-02-07,52.52292251586914
2013-02-08,52.65959930419922
2013-02-11,52.55888366699219
2013-02-12,52.51572799682617
2013-02-13,51.65257263183594
2013-02-14,51.39364242553711
2013-02-15,51.59503936767578
2013-02-19,52.32872009277344
2013-02-20,51.58784103393555
2013-02-21,51.29292678833008
2013-02-22,51.47275161743164
2013-02-25,50.59522247314453
2013-02-26,50.4081916809082
2013-02-27,51.05556106567383
2013-02-28,51.30010986328125
2013-03-01,51.28573226928711
2013-03-04,51.242576599121094
2013-03-05,51.53748321533203
2013-03-06,51.68135452270508
2013-03-07,51.53028869628906
2013-03-08,52.44379806518555
2013-03-11,52.4078369140625
2013-03-12,52.717140197753906
2013-03-13,51.88995361328125
2013-03-14,51.99783706665039
2013-03-15,51.20661926269531
2013-03-18,50.71031188964844
2013-03-19,50.386627197265625
2013-03-20,51.10591506958008
2013-03-21,50.998016357421875
2013-03-22,51.494327545166016
2013-03-25,51.961883544921875
2013-03-26,52.88976287841797
2013-03-27,53.57310485839844
2013-03-28,53.65220642089844
2013-04-01,53.28538131713867
2013-04-02,53.85362243652344
2013-04-03,52.983280181884766
2013-04-04,52.86819076538086
2013-04-05,53.134342193603516
2013-04-08,53.45802688598633
2013-04-09,54.19888687133789
2013-04-10,54.85343933105469
2013-04-11,55.17713165283203
2013-04-12,54.27079391479492
2013-04-15,52.11292266845703
2013-04-16,52.853790283203125
2013-04-17,51.79644012451172
2013-04-18,51.66696548461914
2013-04-19,52.192047119140625
2013-04-22,52.35030746459961
2013-04-23,52.64521026611328
2013-04-24,52.04819107055664
2013-04-25,52.64521026611328
2013-04-26,51.818016052246094
2013-04-29,51.508724212646484
2013-04-30,52.04099655151367
2013-05-01,51.228206634521484
2013-05-02,51.688541412353516
2013-05-03,52.825042724609375
2013-05-06,52.37187194824219
2013-05-07,53.04082107543945
2013-05-08,52.84660339355469
2013-05-09,52.37187194824219
2013-05-10,51.96907424926758
2013-05-13,51.724510192871094
2013-05-14,51.86835861206055
2013-05-15,51.753273010253906
2013-05-16,51.228206634521484
2013-05-17,50.897315979003906
2013-05-20,50.15645217895508
2013-05-21,49.4515266418457
2013-05-22,48.59557342529297
2013-05-23,48.998390197753906
2013-05-24,48.55240249633789
2013-05-28,48.53803634643555
2013-05-29,48.42294692993164
2013-05-30,48.30066680908203
2013-05-31,49.15662384033203
2013-06-03,48.617149353027344
2013-06-04,48.34381103515625
2013-06-05,46.94119644165039
2013-06-06,47.825923919677734
2013-06-07,47.68207550048828
2013-06-10,47.6173210144043
2013-06-11,46.969966888427734
2013-06-12,46.13558578491211
2013-06-13,47.09944534301758
2013-06-14,46.60312271118164
2013-06-17,46.40172576904297
2013-06-18,46.07804489135742
2013-06-19,44.330162048339844
2013-06-20,42.30175018310547
2013-06-21,43.0426139831543
2013-06-24,42.4024543762207
2013-06-25,43.30875015258789
2013-06-26,44.25822830200195
2013-06-27,45.967041015625
2013-06-28,47.285972595214844
2013-07-01,47.82948684692383
2013-07-02,47.162776947021484
2013-07-03,47.08306884765625
2013-07-05,46.73520278930664
2013-07-08,46.84392547607422
2013-07-09,46.923641204833984
2013-07-10,46.58302307128906
2013-07-11,47.65557861328125
2013-07-12,47.19901657104492
2013-07-15,47.9454460144043
2013-07-16,47.52512741088867
2013-07-17,48.48171615600586
2013-07-18,48.344024658203125
2013-07-19,47.89472579956055
2013-07-22,48.30779266357422
2013-07-23,49.032470703125
2013-07-24,48.706363677978516
2013-07-25,48.822330474853516
2013-07-26,48.8368034362793
2013-07-29,47.55410385131836
2013-07-30,47.35844421386719
2013-07-31,47.880226135253906
2013-08-01,49.02523422241211
2013-08-02,50.083282470703125
2013-08-05,49.800662994384766
2013-08-06,49.865867614746094
2013-08-07,49.87312698364258
2013-08-08,50.9311637878418
2013-08-09,50.74273681640625
2013-08-12,50.025299072265625
2013-08-13,49.9600830078125
2013-08-14,50.148494720458984
2013-08-15,49.278873443603516
2013-08-16,48.74260711669922
2013-08-19,47.61209487915039
2013-08-20,48.24981689453125
2013-08-21,46.923641204833984
2013-08-22,46.9961051940918
2013-08-23,47.22800827026367
2013-08-26,46.104736328125
2013-08-27,45.278587341308594
2013-08-28,44.49592971801758
2013-08-29,44.321990966796875
2013-08-30,44.61912155151367
2013-09-03,44.655357360839844
2013-09-04,45.14089584350586
2013-09-05,44.764060974121094
2013-09-06,45.64818572998047
2013-09-09,47.2352409362793
2013-09-10,48.046905517578125
2013-09-11,48.1193733215332
2013-09-12,46.930885314941406
2013-09-13,47.46714401245117
2013-09-16,47.938209533691406
2013-09-17,47.880226135253906
2013-09-18,49.79340362548828
2013-09-19,49.518028259277344
2013-09-20,48.13385772705078
2013-09-23,48.53969192504883
2013-09-24,48.1048698425293
2013-09-25,48.286048889160156
2013-09-26,47.80050277709961
2013-09-27,46.858421325683594
2013-09-30,46.3004035949707
2013-10-01,47.43091583251953
2013-10-02,47.604835510253906
2013-10-03,46.69173049926758
2013-10-04,47.15553665161133
2013-10-07,46.5612907409668
2013-10-08,45.56847381591797
2013-10-09,45.50323486328125
2013-10-10,46.88739776611328
2013-10-11,47.706302642822266
2013-10-14,47.77151107788086
2013-10-15,46.858421325683594
2013-10-16,47.4091682434082
2013-10-17,47.69179916381836
2013-10-18,47.532371520996094
2013-10-21,46.84392547607422
2013-10-22,48.01066589355469
2013-10-23,47.26424026489258
2013-10-24,46.8946533203125
2013-10-25,47.62657928466797
2013-10-28,48.329532623291016
2013-10-29,48.23533248901367
2013-10-30,47.728031158447266
2013-10-31,47.41642761230469
2013-11-01,47.61933517456055
2013-11-04,47.764278411865234
2013-11-05,46.24242401123047
2013-11-06,46.365623474121094
2013-11-07,45.7278938293457
2013-11-08,45.61194610595703
2013-11-11,45.28583908081055
2013-11-12,45.22786331176758
2013-11-13,45.77138137817383
2013-11-14,46.95261764526367
2013-11-15,47.77877426147461
2013-11-18,47.670066833496094
2013-11-19,47.48888397216797
2013-11-20,47.04682540893555
2013-11-21,47.30772018432617
2013-11-22,47.82948684692383
2013-11-25,47.256988525390625
2013-11-26,47.22800827026367
2013-11-27,48.046905517578125
2013-11-29,48.713623046875
2013-12-02,47.95994186401367
2013-12-03,48.00341796875
2013-12-04,48.3802604675293
2013-12-05,48.206336975097656
2013-12-06,48.84406661987305
2013-12-09,49.445560455322266
2013-12-10,49.75717544555664
2013-12-11,48.88753890991211
2013-12-12,48.48897171020508
2013-12-13,48.90927505493164
2013-12-16,48.91651916503906
2013-12-17,48.373016357421875
2013-12-18,49.066951751708984
2013-12-19,48.7078971862793
2013-12-20,48.80316925048828
2013-12-23,49.43334197998047
2013-12-24,49.382041931152344
2013-12-26,49.132896423339844
2013-12-27,49.621925354003906
2013-12-30,49.746761322021484
2013-12-31,49.930328369140625
2014-01-02,48.54990005493164
2014-01-03,48.52788162231445
2014-01-06,48.00653076171875
2014-01-07,48.54255294799805
2014-01-08,47.85968017578125
2014-01-09,48.0726203918457
2014-01-10,49.25480270385742
2014-01-13,48.72613525390625
2014-01-14,48.93170166015625
2014-01-15,48.71876907348633
2014-01-16,48.13136672973633
2014-01-17,47.85233688354492
2014-01-21,47.558624267578125
2014-01-22,47.75688552856445
2014-01-23,46.90513229370117
2014-01-24,45.97261428833008
2014-01-27,46.156192779541016
2014-01-28,46.37645721435547
2014-01-29,45.97994613647461
2014-01-30,46.3397331237793
2014-01-31,46.17820358276367
2014-02-03,44.46001434326172
2014-02-04,45.34113693237305
2014-02-05,45.326454162597656
2014-02-06,45.77436065673828
2014-02-07,46.04604721069336
2014-02-10,45.5981330871582
2014-02-11,46.3838005065918
2014-02-12,46.24429702758789
2014-02-13,46.08275604248047
2014-02-14,46.611427307128906
2014-02-18,46.258975982666016
2014-02-19,45.392539978027344
2014-02-20,45.1649169921875
2014-02-21,45.385196685791016
2014-02-24,45.392539978027344
2014-02-25,44.74638366699219
2014-02-26,43.92399597167969
2014-02-27,44.46001434326172
2014-02-28,44.29113006591797
2014-03-03,43.68902587890625
2014-03-04,44.41596221923828
2014-03-05,44.46735763549805
2014-03-06,45.010719299316406
2014-03-07,44.790435791015625
2014-03-10,44.46001434326172
2014-03-11,44.16630935668945
2014-03-12,44.31315994262695
2014-03-13,43.42469787597656
2014-03-14,43.59357452392578
2014-03-17,43.938682556152344
2014-03-18,44.76106643676758
2014-03-19,44.41596221923828
2014-03-20,45.2089729309082
2014-03-21,46.060726165771484
2014-03-24,45.90652847290039
2014-03-25,46.001976013183594
2014-03-26,45.77436065673828
2014-03-27,46.21492004394531
2014-03-28,46.32506561279297
2014-03-31,46.95653533935547
2014-04-01,46.95653533935547
2014-04-02,47.235557556152344
2014-04-03,46.74359893798828
2014-04-04,47.27227020263672
2014-04-07,47.18415451049805
2014-04-08,47.5366096496582
2014-04-09,47.610023498535156
2014-04-10,46.76561737060547
2014-04-11,46.80967712402344
2014-04-14,47.118072509765625
2014-04-15,46.69953536987305
2014-04-16,47.3970947265625
2014-04-17,47.61737823486328
2014-04-21,47.06666564941406
2014-04-22,46.817020416259766
2014-04-23,46.51596450805664
2014-04-24,46.67751693725586
2014-04-25,46.317718505859375
2014-04-28,46.20023727416992
2014-04-29,47.04464340209961
2014-04-30,46.90513229370117
2014-05-01,47.30897903442383
2014-05-02,47.411773681640625
2014-05-05,47.411773681640625
2014-05-06,47.96247100830078
2014-05-07,48.513179779052734
2014-05-08,48.366329193115234
2014-05-09,48.366329193115234
2014-05-12,48.86564254760742
2014-05-13,49.17403030395508
2014-05-14,49.107933044433594
2014-05-15,48.417728424072266
2014-05-16,48.98311233520508
2014-05-19,48.9463996887207
2014-05-20,48.77018356323242
2014-05-21,48.86564254760742
2014-05-22,49.1519889831543
2014-05-23,49.12998580932617
2014-05-27,49.188716888427734
2014-05-28,49.107933044433594
2014-05-29,49.26948547363281
2014-05-30,48.62332534790039
2014-06-02,48.84360122680664
2014-06-03,49.01249313354492
2014-06-04,48.79955291748047
2014-06-05,49.306182861328125
2014-06-06,49.864234924316406
2014-06-09,49.7247314453125
2014-06-10,49.73939895629883
2014-06-11,49.71739196777344
2014-06-12,49.702701568603516
2014-06-13,49.43836975097656
2014-06-16,49.40163803100586
2014-06-17,49.26213073730469
2014-06-18,50.02577209472656
2014-06-19,49.9743766784668
2014-06-20,50.03311538696289
2014-06-23,49.90095520019531
2014-06-24,49.73939895629883
2014-06-25,49.80571746826172
2014-06-26,49.53315353393555
2014-06-27,49.70258331298828
2014-06-30,49.95304489135742
2014-07-01,50.24769973754883
2014-07-02,50.54236602783203
2014-07-03,50.940162658691406
2014-07-07,50.689701080322266
2014-07-08,50.61604690551758
2014-07-09,51.12433624267578
2014-07-10,50.792842864990234
2014-07-11,50.888607025146484
2014-07-14,51.419010162353516
2014-07-15,51.47056579589844
2014-07-16,51.721038818359375
2014-07-17,51.23483657836914
2014-07-18,51.802066802978516
2014-07-21,51.625267028808594
2014-07-22,51.765235900878906
2014-07-23,51.73577117919922
2014-07-24,52.140933990478516
2014-07-25,52.25143051147461
2014-07-28,52.155670166015625
2014-07-29,51.86837387084961
2014-07-30,51.30113983154297
2014-07-31,50.38030242919922
2014-08-01,50.74127197265625
2014-08-04,51.360076904296875
2014-08-05,50.940162658691406
2014-08-06,51.01384735107422
2014-08-07,50.52763748168945
2014-08-08,50.72654724121094
2014-08-11,51.647377014160156
2014-08-12,51.80944061279297
2014-08-13,52.000972747802734
2014-08-14,52.12619400024414
2014-08-15,51.95676803588867
2014-08-18,52.39875793457031
2014-08-19,52.53872299194336
2014-08-20,52.41349792480469
2014-08-21,52.7449836730957
2014-08-22,52.47241973876953
2014-08-25,52.60503387451172
2014-08-26,52.67869567871094
2014-08-27,52.80392837524414
2014-08-28,52.75236511230469
2014-08-29,52.877593994140625
2014-09-02,52.76710891723633
2014-09-03,53.113319396972656
2014-09-04,53.32696533203125
2014-09-05,53.77631378173828
2014-09-08,53.47429275512695
2014-09-09,52.656593322753906
2014-09-10,52.52399826049805
2014-09-11,52.18512725830078
2014-09-12,52.19987106323242
2014-09-15,52.23670196533203
2014-09-16,52.67132568359375
2014-09-17,52.501895904541016
2014-09-18,52.5755615234375
2014-09-19,52.303001403808594
2014-09-22,51.45582580566406
2014-09-23,50.999114990234375
2014-09-24,51.33060836791992
2014-09-25,50.57183074951172
2014-09-26,50.39504623413086
2014-09-29,50.18876266479492
2014-09-30,50.63078308105469
2014-10-01,49.8204460144043
2014-10-02,49.997249603271484
2014-10-03,49.93095779418945
2014-10-06,50.535011291503906
2014-10-07,49.90147399902344
2014-10-08,50.431880950927734
2014-10-09,49.74678039550781
2014-10-10,48.85542297363281
2014-10-13,48.61968231201172
2014-10-14,48.67125701904297
2014-10-15,47.964054107666016
2014-10-16,47.93460464477539
2014-10-17,48.3986930847168
2014-10-20,48.36922836303711
2014-10-21,48.73755645751953
2014-10-22,48.531280517578125
2014-10-23,48.86278533935547
2014-10-24,48.83332443237305
2014-10-27,48.92908477783203
2014-10-28,49.65101623535156
2014-10-29,49.65838623046875
2014-10-30,50.17404556274414
2014-10-31,50.42450714111328
2014-11-03,50.056175231933594
2014-11-04,49.95304489135742
2014-11-05,49.975154876708984
2014-11-06,49.54788589477539
2014-11-07,49.73939514160156
2014-11-10,49.30479049682617
2014-11-11,49.08378601074219
2014-11-12,48.64179229736328
2014-11-13,48.5018196105957
2014-11-14,48.428157806396484
2014-11-17,48.53864669799805
2014-11-18,48.40605545043945
2014-11-19,48.92171096801758
2014-11-20,48.85542297363281
2014-11-21,49.5405158996582
2014-11-24,49.27531051635742
2014-11-25,49.06168746948242
2014-11-26,49.04694747924805
2014-11-28,48.126121520996094
2014-12-01,46.96220397949219
2014-12-02,46.05610275268555
2014-12-03,46.026634216308594
2014-12-04,45.64357376098633
2014-12-05,45.312076568603516
2014-12-08,44.914283752441406
2014-12-09,44.361778259277344
2014-12-10,42.932655334472656
2014-12-11,42.56432342529297
2014-12-12,41.569828033447266
2014-12-15,41.275177001953125
2014-12-16,41.13520431518555
2014-12-17,42.29651641845703
2014-12-18,43.90987014770508
2014-12-19,43.99164581298828
2014-12-22,44.073429107666016
2014-12-23,43.961910247802734
2014-12-24,44.073429107666016
2014-12-26,44.058555603027344
2014-12-29,44.08831024169922
2014-12-30,44.080867767333984
2014-12-31,44.155216217041016
2015-01-02,43.032562255859375
2015-01-05,41.76121139526367
2015-01-06,42.15525436401367
2015-01-07,43.15895080566406
2015-01-08,43.820648193359375
2015-01-09,44.02138900756836
2015-01-12,43.38943862915039
2015-01-13,43.19613265991211
2015-01-14,43.14408874511719
2015-01-15,42.72773742675781
2015-01-16,43.24817657470703
2015-01-20,43.381988525390625
2015-01-21,43.77605056762695
2015-01-22,44.802040100097656
2015-01-23,44.38569641113281
2015-01-26,44.55669021606445
2015-01-27,44.35594940185547
2015-01-28,43.54556655883789
2015-01-29,43.114349365234375
2015-01-30,41.82069396972656
2015-02-02,42.408042907714844
2015-02-03,43.05486297607422
2015-02-04,42.757469177246094
2015-02-05,43.53068923950195
2015-02-06,43.49352264404297
2015-02-09,43.694252014160156
2015-02-10,43.18125915527344
2015-02-11,42.110652923583984
2015-02-12,43.70168685913086
2015-02-13,43.93960952758789
2015-02-17,44.00652313232422
2015-02-18,43.93960952758789
2015-02-19,43.671958923339844
2015-02-20,43.902427673339844
2015-02-23,43.820648193359375
2015-02-24,44.452606201171875
2015-02-25,44.33364486694336
2015-02-26,44.62359619140625
2015-02-27,44.76486587524414
2015-03-02,44.251869201660156
2015-03-03,43.947044372558594
2015-03-04,43.381988525390625
2015-03-05,43.114349365234375
2015-03-06,42.09577560424805
2015-03-09,42.0734748840332
2015-03-10,41.448951721191406
2015-03-11,41.9916877746582
2015-03-12,42.742610931396484
2015-03-13,42.579036712646484
2015-03-16,42.95077896118164
2015-03-17,42.72773742675781
2015-03-18,44.073429107666016
2015-03-19,43.41918182373047
2015-03-20,44.103172302246094
2015-03-23,44.29648208618164
2015-03-24,44.445159912109375
2015-03-25,43.79833984375
2015-03-26,43.084598541259766
2015-03-27,43.24074172973633
2015-03-30,43.21843338012695
2015-03-31,43.0920295715332
2015-04-01,43.820648193359375
2015-04-02,44.445159912109375
2015-04-06,45.34477615356445
2015-04-07,45.3001823425293
2015-04-08,45.315040588378906
2015-04-09,44.72026443481445
2015-04-10,44.422874450683594
2015-04-13,43.9544677734375
2015-04-14,44.2816047668457
2015-04-15,44.601295471191406
2015-04-16,44.99535369873047
2015-04-17,44.311344146728516
2015-04-20,43.999088287353516
2015-04-21,44.118045806884766
2015-04-22,44.043697357177734
2015-04-23,44.56411361694336
2015-04-24,44.83177947998047
2015-04-27,44.7425651550293
2015-04-28,44.8243408203125
2015-04-29,44.48234558105469
2015-04-30,43.58273696899414
2015-05-01,43.367130279541016
2015-05-04,43.88011932373047
2015-05-05,44.02138900756836
2015-05-06,43.88011932373047
2015-05-07,43.77605056762695
2015-05-08,44.586429595947266
2015-05-11,44.14777374267578
2015-05-12,43.894996643066406
2015-05-13,44.08831024169922
2015-05-14,44.94330596923828
2015-05-15,45.25555419921875
2015-05-18,45.00278091430664
2015-05-19,44.616172790527344
2015-05-20,44.60873794555664
2015-05-21,44.363380432128906
2015-05-22,44.06599044799805
2015-05-26,43.53812026977539
2015-05-27,43.79833984375
2015-05-28,43.7909049987793
2015-05-29,43.500953674316406
2015-06-01,43.2556037902832
2015-06-02,43.52326202392578
2015-06-03,43.18125915527344
2015-06-04,42.898738861083984
2015-06-05,42.408042907714844
2015-06-08,42.631080627441406
2015-06-09,42.712867736816406
2015-06-10,43.07716751098633
2015-06-11,43.40430450439453
2015-06-12,43.32994842529297
2015-06-15,42.99538040161133
2015-06-16,43.30020523071289
2015-06-17,43.7165641784668
2015-06-18,43.93960952758789
2015-06-19,43.74631118774414
2015-06-22,44.01395034790039
2015-06-23,44.028831481933594
2015-06-24,43.7165641784668
2015-06-25,43.69859313964844
2015-06-26,43.706077575683594
2015-06-29,42.6203498840332
2015-06-30,42.76261901855469
2015-07-01,42.493064880371094
2015-07-02,43.1744499206543
2015-07-06,42.710208892822266
2015-07-07,42.815032958984375
2015-07-08,42.18606185913086
2015-07-09,42.44064712524414
2015-07-10,42.98725509643555
2015-07-13,43.14448928833008
2015-07-14,43.40657043457031
2015-07-15,43.11454391479492
2015-07-16,43.24932098388672
2015-07-17,42.92734146118164
2015-07-20,42.90488052368164
2015-07-21,42.8674430847168
2015-07-22,41.86408996582031
2015-07-23,41.901527404785156
2015-07-24,41.17522048950195
2015-07-27,40.67353439331055
2015-07-28,41.07038116455078
2015-07-29,41.31748962402344
2015-07-30,41.24260330200195
2015-07-31,42.18606185913086
2015-08-03,42.17857360839844
2015-08-04,42.25345230102539
2015-08-05,41.706844329833984
2015-08-06,41.76673889160156
2015-08-07,42.14862060546875
2015-08-10,42.560447692871094
2015-08-11,41.482208251953125
2015-08-12,41.167728424072266
2015-08-13,40.666046142578125
2015-08-14,40.65106964111328
2015-08-17,40.7259407043457
2015-08-18,40.60615158081055
2015-08-19,39.85736846923828
2015-08-20,39.20594024658203
2015-08-21,37.83567428588867
2015-08-24,36.62265396118164
2015-08-25,37.019500732421875
2015-08-26,37.7982292175293
2015-08-27,39.265838623046875
2015-08-28,39.25834274291992
2015-08-31,39.57282638549805
2015-09-01,38.37479019165039
2015-09-02,38.846519470214844
2015-09-03,39.06365966796875
2015-09-04,38.37479019165039
2015-09-08,38.97379684448242
2015-09-09,38.66680145263672
2015-09-10,38.97379684448242
2015-09-11,38.86149597167969
2015-09-14,39.07115936279297
2015-09-15,39.44554138183594
2015-09-16,40.516292572021484
2015-09-17,40.27668380737305
2015-09-18,39.87233352661133
2015-09-21,39.86486053466797
2015-09-22,39.123565673828125
2015-09-23,38.41971206665039
2015-09-24,38.554500579833984
2015-09-25,38.165130615234375
2015-09-28,37.4837532043457
2015-09-29,37.85813522338867
2015-09-30,38.606910705566406
2015-10-01,38.539527893066406
2015-10-02,38.981300354003906
2015-10-05,39.73007583618164
2015-10-06,39.977169036865234
2015-10-07,40.306636810302734
2015-10-08,40.890689849853516
2015-10-09,41.167728424072266
2015-10-12,40.9281120300293
2015-10-13,40.561214447021484
2015-10-14,40.7259407043457
2015-10-15,41.085357666015625
2015-10-16,41.295021057128906
2015-10-19,41.145259857177734
2015-10-20,41.09285354614258
2015-10-21,40.68851852416992
2015-10-22,41.354915618896484
2015-10-23,41.25758361816406
2015-10-26,41.45975112915039
2015-10-27,41.13029098510742
2015-10-28,40.935611724853516
2015-10-29,40.73344039916992
2015-10-30,40.973052978515625
2015-11-02,41.377384185791016
2015-11-03,42.01384353637695
2015-11-04,41.706844329833984
2015-11-05,41.295021057128906
2015-11-06,40.83077621459961
2015-11-09,40.1119499206543
2015-11-10,40.20929718017578
2015-11-11,40.359046936035156
2015-11-12,39.99214553833008
2015-11-13,39.67766571044922
2015-11-16,40.0894889831543
2015-11-17,40.0894889831543
2015-11-18,40.478851318359375
2015-11-19,41.09285354614258
2015-11-20,41.557090759277344
2015-11-23,41.33245849609375
2015-11-24,41.28004455566406
2015-11-25,40.935611724853516
2015-11-27,40.62861251831055
2015-11-30,40.12693405151367
2015-12-01,40.73344039916992
2015-12-02,40.00712585449219
2015-12-03,39.3182487487793
2015-12-04,39.53539276123047
2015-12-07,38.69675827026367
2015-12-08,38.052818298339844
2015-12-09,38.075279235839844
2015-12-10,37.81320571899414
2015-12-11,36.89969253540039
2015-12-14,37.06443786621094
2015-12-15,38.284942626953125
2015-12-16,39.04120635986328
2015-12-17,39.02622604370117
2015-12-18,38.41971206665039
2015-12-21,38.43254470825195
2015-12-22,38.56088638305664
2015-12-23,38.628822326660156
2015-12-24,38.45520782470703
2015-12-28,38.394798278808594
2015-12-29,38.403167724609375
2015-12-30,37.80287170410156
2015-12-31,37.863670349121094
2016-01-04,37.28617858886719
2016-01-05,37.17219161987305
2016-01-06,36.41233444213867
2016-01-07,34.99140548706055
2016-01-08,34.474700927734375
2016-01-11,34.961021423339844
2016-01-12,35.18138122558594
2016-01-13,34.961021423339844
2016-01-14,35.30295181274414
2016-01-15,34.03398513793945
2016-01-19,34.13276290893555
2016-01-20,33.69964599609375
2016-01-21,33.54008102416992
2016-01-22,34.565895080566406
2016-01-25,33.90481185913086
2016-01-26,34.740657806396484
2016-01-27,34.672264099121094
2016-01-28,35.325748443603516
2016-01-29,36.769466400146484
2016-02-01,36.564308166503906
2016-02-02,35.50811767578125
2016-02-03,36.33635711669922
2016-02-04,36.701080322265625
2016-02-05,35.79685974121094
2016-02-08,35.044593811035156
2016-02-09,34.444313049316406
2016-02-10,34.45950698852539
2016-02-11,33.54767608642578
2016-02-12,34.337928771972656
2016-02-16,34.961021423339844
2016-02-17,36.2907600402832
2016-02-18,36.3591423034668
2016-02-19,36.32875442504883
2016-02-22,36.95943069458008
2016-02-23,36.26796340942383
2016-02-24,36.32875442504883
2016-02-25,36.739078521728516
2016-02-26,36.3591423034668
2016-02-29,36.837860107421875
2016-03-01,37.91685485839844
2016-03-02,38.48675537109375
2016-03-03,38.319580078125
2016-03-04,38.74509811401367
2016-03-07,39.033843994140625
2016-03-08,38.06123352050781
2016-03-09,38.51713180541992
2016-03-10,38.281585693359375
2016-03-11,38.95785903930664
2016-03-14,38.66911315917969
2016-03-15,38.03843307495117
2016-03-16,39.06424331665039
2016-03-17,40.17362594604492
2016-03-18,40.26482009887695
2016-03-21,40.28001022338867
2016-03-22,40.4091796875
2016-03-23,39.86968231201172
2016-03-24,39.77090072631836
2016-03-28,40.20402526855469
2016-03-29,40.7739143371582
2016-03-30,41.12344741821289
2016-03-31,40.8043098449707
2016-04-01,40.78911590576172
2016-04-04,40.24201583862305
2016-04-05,39.216209411621094
2016-04-06,39.55055236816406
2016-04-07,38.71470260620117
2016-04-08,38.919864654541016
2016-04-11,39.155426025390625
2016-04-12,39.945674896240234
2016-04-13,40.20402526855469
2016-04-14,40.2876091003418
2016-04-15,39.884883880615234
2016-04-18,39.824100494384766
2016-04-19,40.91068649291992
2016-04-20,40.84989929199219
2016-04-21,40.234413146972656
2016-04-22,40.29521560668945
2016-04-25,39.915279388427734
2016-04-26,40.52315902709961
2016-04-27,41.077857971191406
2016-04-28,40.576351165771484
2016-04-29,41.06267166137695
2016-05-02,41.01707458496094
2016-05-03,39.89248275756836
2016-05-04,39.261810302734375
2016-05-05,38.919864654541016
2016-05-06,39.041446685791016
2016-05-09,38.319580078125
2016-05-10,39.155426025390625
2016-05-11,38.98825454711914
2016-05-12,39.13262939453125
2016-05-13,38.456356048583984
2016-05-16,38.72229766845703
2016-05-17,38.60072708129883
2016-05-18,38.00043869018555
2016-05-19,37.605308532714844
2016-05-20,37.96244430541992
2016-05-23,37.620513916015625
2016-05-24,37.87126541137695
2016-05-25,38.129615783691406
2016-05-26,38.38796615600586
2016-05-27,38.410770416259766
2016-05-31,37.90166091918945
2016-06-01,37.84086608886719
2016-06-02,37.50653076171875
2016-06-03,37.85606384277344
2016-06-06,37.848472595214844
2016-06-07,38.60072708129883
2016-06-08,39.29978942871094
2016-06-09,38.51713180541992
2016-06-10,37.31657028198242
2016-06-13,36.670684814453125
2016-06-14,36.199581146240234
2016-06-15,36.60990524291992
2016-06-16,36.739078521728516
2016-06-17,36.997432708740234
2016-06-20,37.635711669921875
2016-06-21,37.68129348754883
2016-06-22,38.111080169677734
2016-06-23,38.987548828125
2016-06-24,36.38888931274414
2016-06-27,35.60469055175781
2016-06-28,36.642608642578125
2016-06-29,37.93424987792969
2016-06-30,38.72614288330078
2016-07-01,38.833778381347656
2016-07-05,37.51907730102539
2016-07-06,37.28842544555664
2016-07-07,37.21923065185547
2016-07-08,38.20334243774414
2016-07-11,38.4878044128418
2016-07-12,39.110557556152344
2016-07-13,38.841468811035156
2016-07-14,39.079803466796875
2016-07-15,38.94142532348633
2016-07-18,39.456539154052734
2016-07-19,39.14130783081055
2016-07-20,39.34120178222656
2016-07-21,39.25664138793945
2016-07-22,39.48728942871094
2016-07-25,38.58776092529297
2016-07-26,38.46473693847656
2016-07-27,38.25715255737305
2016-07-28,38.0726318359375
2016-07-29,38.195648193359375
2016-08-01,38.088008880615234
2016-08-02,37.795860290527344
2016-08-03,38.16489791870117
2016-08-04,38.14182662963867
2016-08-05,38.71845626831055
2016-08-08,39.22589111328125
2016-08-09,39.779441833496094
2016-08-10,39.971656799316406
2016-08-11,40.7327995300293
2016-08-12,40.71742248535156
2016-08-15,41.36323547363281
2016-08-16,41.224849700927734
2016-08-17,40.786617279052734
2016-08-18,41.017276763916016
2016-08-19,40.67898178100586
2016-08-22,40.456024169921875
2016-08-23,39.48728942871094
2016-08-24,39.74869155883789
2016-08-25,39.94090270996094
2016-08-26,39.26432418823242
2016-08-29,39.410400390625
2016-08-30,39.010616302490234
2016-08-31,38.80302810668945
2016-09-01,38.99523162841797
2016-09-02,39.579551696777344
2016-09-06,39.987030029296875
2016-09-07,39.61799621582031
2016-09-08,39.00292205810547
2016-09-09,37.818912506103516
2016-09-12,38.02650451660156
2016-09-13,37.142337799072266
2016-09-14,36.65797424316406
2016-09-15,36.46577072143555
2016-09-16,35.958351135253906
2016-09-19,35.919898986816406
2016-09-20,35.86608123779297
2016-09-21,36.60416030883789
2016-09-22,37.44218826293945
2016-09-23,36.82712173461914
2016-09-26,36.25818634033203
2016-09-27,37.634395599365234
2016-09-28,38.03419876098633
2016-09-29,37.403751373291016
2016-09-30,37.273048400878906
2016-10-03,37.795860290527344
2016-10-04,37.980377197265625
2016-10-05,38.38785171508789
2016-10-06,38.088008880615234
2016-10-07,37.818912506103516
2016-10-10,39.14899826049805
2016-10-11,38.92604064941406
2016-10-12,38.81071853637695
2016-10-13,38.54161834716797
2016-10-14,38.426292419433594
2016-10-17,38.603126525878906
2016-10-18,39.625675201416016
2016-10-19,40.2561149597168
2016-10-20,39.794830322265625
2016-10-21,39.94090270996094
2016-10-24,40.079288482666016
2016-10-25,39.8717155456543
2016-10-26,39.27201843261719
2016-10-27,39.233585357666016
2016-10-28,38.9337272644043
2016-10-31,39.079803466796875
2016-11-01,37.97268295288086
2016-11-02,37.403751373291016
2016-11-03,37.55751419067383
2016-11-04,37.941932678222656
2016-11-07,39.88707733154297
2016-11-08,40.58671951293945
2016-11-09,37.12697219848633
2016-11-10,33.9824333190918
2016-11-11,33.321250915527344
2016-11-14,33.92092514038086
2016-11-15,34.39760971069336
2016-11-16,34.259220123291016
2016-11-17,33.990135192871094
2016-11-18,33.036773681640625
2016-11-21,33.528831481933594
2016-11-22,33.43656539916992
2016-11-23,33.5749626159668
2016-11-25,33.890193939208984
2016-11-28,33.82867431640625
2016-11-29,33.86711883544922
2016-11-30,33.92092514038086
2016-12-01,33.26742172241211
2016-12-02,33.22898864746094
2016-12-05,33.5980339050293
2016-12-06,34.09008026123047
2016-12-07,34.59750747680664
2016-12-08,35.020362854003906
2016-12-09,35.24333572387695
2016-12-12,35.52779769897461
2016-12-13,35.56623840332031
2016-12-14,34.70513916015625
2016-12-15,34.666709899902344
2016-12-16,34.11314392089844
2016-12-19,34.0285758972168
2016-12-20,33.87480545043945
2016-12-21,33.611446380615234
2016-12-22,33.41063690185547
2016-12-23,33.75046920776367
2016-12-27,33.54965591430664
2016-12-28,33.765907287597656
2016-12-29,34.14434814453125
2016-12-30,33.958988189697266
2017-01-03,33.6963996887207
2017-01-04,33.28706359863281
2017-01-05,33.541934967041016
2017-01-06,33.302520751953125
2017-01-09,32.700096130371094
2017-01-10,32.406620025634766
2017-01-11,32.30622100830078
2017-01-12,32.4606819152832
2017-01-13,32.93952178955078
2017-01-17,32.785057067871094
2017-01-18,32.414337158203125
2017-01-19,32.23670959472656
2017-01-20,32.93180465698242
2017-01-23,33.85086441040039
2017-01-24,34.33741760253906
2017-01-25,35.109745025634766
2017-01-26,34.298805236816406
2017-01-27,34.83171844482422
2017-01-30,34.81625747680664
2017-01-31,34.60774230957031
2017-02-01,34.68496322631836
2017-02-02,35.24103927612305
2017-02-03,35.54224395751953
2017-02-06,35.04796600341797
2017-02-07,34.79309844970703
2017-02-08,35.11746597290039
2017-02-09,35.44956970214844
2017-02-10,36.00564193725586
2017-02-13,35.905242919921875
2017-02-14,35.804840087890625
2017-02-15,35.67353820800781
2017-02-16,35.50363540649414
2017-02-17,35.310550689697266
2017-02-21,36.38407516479492
2017-02-22,36.29140090942383
2017-02-23,36.53853988647461
2017-02-24,36.05198287963867
2017-02-27,36.1987190246582
2017-02-28,35.58858871459961
2017-03-01,36.51537322998047
2017-03-02,36.044254302978516
2017-03-03,37.040550231933594
2017-03-06,37.32631301879883
2017-03-07,37.23362731933594
2017-03-08,36.808860778808594
2017-03-09,36.32229232788086
2017-03-10,36.72389602661133
2017-03-13,36.654388427734375
2017-03-14,36.47676086425781
2017-03-15,37.65840530395508
2017-03-16,38.09862518310547
2017-03-17,38.6701545715332
2017-03-20,38.92501449584961
2017-03-21,38.72421646118164
2017-03-22,38.77826690673828
2017-03-23,39.19533157348633
2017-03-24,39.82090759277344
2017-03-27,39.774574279785156
2017-03-28,39.58920669555664
2017-03-29,40.00625991821289
2017-03-30,39.874969482421875
2017-03-31,39.51969528198242
2017-04-03,39.882686614990234
2017-04-04,39.9058723449707
2017-04-05,39.9058723449707
2017-04-06,39.751399993896484
2017-04-07,40.21479034423828
2017-04-10,40.22251510620117
2017-04-11,40.08349609375
2017-04-12,39.689613342285156
2017-04-13,39.535152435302734
2017-04-17,39.99854278564453
2017-04-18,39.81318664550781
2017-04-19,39.3343505859375
2017-04-20,39.751399993896484
2017-04-21,39.67416763305664
2017-04-24,40.3383674621582
2017-04-25,40.191627502441406
2017-04-26,39.38068389892578
2017-04-27,39.72822570800781
2017-04-28,39.975379943847656
2017-05-01,40.21479034423828
2017-05-02,40.4310417175293
2017-05-03,39.844078063964844
2017-05-04,39.249393463134766
2017-05-05,39.79774475097656
2017-05-08,39.39613342285156
2017-05-09,39.72822570800781
2017-05-10,40.18389129638672
2017-05-11,40.176177978515625
2017-05-12,40.22251510620117
2017-05-15,40.71680450439453
2017-05-16,40.577789306640625
2017-05-17,39.79774475097656
2017-05-18,39.17987823486328
2017-05-19,40.168453216552734
2017-05-22,40.04487991333008
2017-05-23,40.23796081542969
2017-05-24,41.01028060913086
2017-05-25,40.6550178527832
2017-05-26,40.97939682006836
2017-05-30,40.19934844970703
2017-05-31,39.86724090576172
2017-06-01,40.25340270996094
2017-06-02,40.160736083984375
2017-06-05,41.280601501464844
2017-06-06,41.118412017822266
2017-06-07,41.24970245361328
2017-06-08,41.195640563964844
2017-06-09,41.211082458496094
2017-06-12,41.38871765136719
2017-06-13,41.48912811279297
2017-06-14,41.83666229248047
2017-06-15,41.53546142578125
2017-06-16,42.06064224243164
2017-06-19,41.852108001708984
2017-06-20,41.24549865722656
2017-06-21,41.073734283447266
2017-06-22,41.4640998840332
2017-06-23,41.815425872802734
2017-06-26,42.34630584716797
2017-06-27,41.854454040527344
2017-06-28,42.44000244140625
2017-06-29,41.846649169921875
2017-06-30,42.11209487915039
2017-07-03,42.08087158203125
2017-07-05,42.04182815551758
2017-07-06,41.74516296386719
2017-07-07,42.268245697021484
2017-07-10,43.134849548339844
2017-07-11,43.02553939819336
2017-07-12,43.736000061035156
2017-07-13,43.99362564086914
2017-07-14,44.540138244628906
2017-07-17,44.657249450683594
2017-07-18,44.71189498901367
2017-07-19,44.61821365356445
2017-07-20,44.696285247802734
2017-07-21,44.75093078613281
2017-07-24,44.64163589477539
2017-07-25,44.5245246887207
2017-07-26,44.93049240112305
2017-07-27,44.21223068237305
2017-07-28,44.25127029418945
2017-07-31,43.954593658447266
2017-08-01,43.90776062011719
2017-08-02,44.024864196777344
2017-08-03,44.009246826171875
2017-08-04,44.087318420410156
2017-08-07,44.024864196777344
2017-08-08,44.11854553222656
2017-08-09,43.76722717285156
2017-08-10,43.392478942871094
2017-08-11,43.72819519042969
2017-08-14,44.274688720703125
2017-08-15,44.29811477661133
2017-08-16,44.58697509765625
2017-08-17,43.89213562011719
2017-08-18,44.39179611206055
2017-08-21,44.75873947143555
2017-08-22,44.836814880371094
2017-08-23,44.71189498901367
2017-08-24,44.727516174316406
2017-08-25,44.985145568847656
2017-08-28,44.20442199707031
2017-08-29,44.181007385253906
2017-08-30,44.38399124145508
2017-08-31,44.087318420410156
2017-09-01,44.313724517822266
2017-09-05,43.376869201660156
2017-09-06,43.86090850830078
2017-09-07,44.04047775268555
2017-09-08,43.61107635498047
2017-09-11,44.056095123291016
2017-09-12,43.90776062011719
2017-09-13,43.634498596191406
2017-09-14,43.821876525878906
2017-09-15,43.76722717285156
2017-09-18,43.650115966796875
2017-09-19,43.44713592529297
2017-09-20,43.61107635498047
2017-09-21,43.50959014892578
2017-09-22,43.71257400512695
2017-09-25,43.40028762817383
2017-09-26,43.2597541809082
2017-09-27,42.48684310913086
2017-09-28,42.50246047973633
2017-09-29,42.63517379760742
2017-10-02,42.6820182800293
2017-10-03,42.81474304199219
2017-10-04,42.658599853515625
2017-10-05,42.158935546875
2017-10-06,41.82322311401367
2017-10-09,41.417259216308594
2017-10-10,41.05812454223633
2017-10-11,41.32356262207031
2017-10-12,40.94100570678711
2017-10-13,40.69117736816406
2017-10-16,40.191524505615234
2017-10-17,41.23767852783203
2017-10-18,40.808292388916016
2017-10-19,41.034698486328125
2017-10-20,40.574073791503906
2017-10-23,40.090023040771484
2017-10-24,40.324249267578125
2017-10-25,39.56694412231445
2017-10-26,39.21561813354492
2017-10-27,39.56694412231445
2017-10-30,39.15316390991211
2017-10-31,39.2936897277832
2017-11-01,39.0985107421875
2017-11-02,39.278079986572266
2017-11-03,39.13754653930664
2017-11-06,39.86362075805664
2017-11-07,39.62160110473633
2017-11-08,39.551334381103516
2017-11-09,39.637210845947266
2017-11-10,38.84086990356445
2017-11-13,38.83307647705078
2017-11-14,38.567623138427734
2017-11-15,38.3802490234375
2017-11-16,38.864295959472656
2017-11-17,39.23904037475586
2017-11-20,39.036048889160156
2017-11-21,39.84020233154297
2017-11-22,40.152488708496094
2017-11-24,40.01975631713867
2017-11-27,39.58255386352539
2017-11-28,39.81678009033203
2017-11-29,39.957298278808594
2017-11-30,39.184391021728516
2017-12-01,39.39518737792969
2017-12-04,39.317115783691406
2017-12-05,39.317115783691406
2017-12-06,38.700347900390625
2017-12-07,38.520782470703125
2017-12-08,39.05947494506836
2017-12-11,38.801841735839844
2017-12-12,38.60665512084961
2017-12-13,39.34053421020508
2017-12-14,39.051673889160156
2017-12-15,39.036048889160156
2017-12-18,39.645015716552734
2017-12-19,39.02909469604492
2017-12-20,38.887149810791016
2017-12-21,38.413978576660156
2017-12-22,37.980224609375
2017-12-26,37.75152587890625
2017-12-27,38.24835968017578
2017-12-28,38.303565979003906
2017-12-29,38.87138366699219
2018-01-02,39.73097610473633
2018-01-03,39.723087310791016
2018-01-04,39.78618240356445
2018-01-05,40.204158782958984
2018-01-08,40.204158782958984
2018-01-09,39.89659118652344
2018-01-10,39.02121353149414
2018-01-11,39.19472122192383
2018-01-12,39.97544479370117
2018-01-16,40.74830627441406
2018-01-17,41.19782257080078
2018-01-18,41.49750518798828
2018-01-19,41.38709259033203
2018-01-22,41.44229507446289
2018-01-23,41.418643951416016
2018-01-24,42.52271270751953
2018-01-25,42.17572021484375
2018-01-26,42.6410026550293
2018-01-29,42.04954147338867
2018-01-30,41.51327133178711
2018-01-31,41.88393020629883
2018-02-01,42.63311767578125
2018-02-02,41.702545166015625
2018-02-05,39.96756362915039
2018-02-06,41.040103912353516
2018-02-07,40.25147247314453
2018-02-08,39.06852722167969
2018-02-09,39.699424743652344
2018-02-12,39.92024612426758
2018-02-13,40.02277374267578
2018-02-14,40.63001251220703
2018-02-15,41.14262008666992
2018-02-16,41.08740997314453
2018-02-20,40.57481384277344
2018-02-21,40.11740493774414
2018-02-22,40.92180633544922
2018-02-23,40.835060119628906
2018-02-26,40.724639892578125
2018-02-27,39.865047454833984
2018-02-28,39.36031723022461
2018-03-01,39.56536102294922
2018-03-02,39.51804733276367
2018-03-05,39.64423370361328
2018-03-06,39.92024612426758
2018-03-07,39.817726135253906
2018-03-08,40.51171875
2018-03-09,40.906028747558594
2018-03-12,41.055870056152344
2018-03-13,40.89815139770508
2018-03-14,40.69310760498047
2018-03-15,40.10951232910156
2018-03-16,39.77041244506836
2018-03-19,39.28934097290039
2018-03-20,39.44707489013672
2018-03-21,40.62211990356445
2018-03-22,40.03065490722656
2018-03-23,39.39186477661133
2018-03-26,40.33821487426758
2018-03-27,39.943912506103516
2018-03-28,39.6126823425293
2018-03-29,40.63001251220703
2018-04-02,39.54959487915039
2018-04-03,40.43285369873047
2018-04-04,41.49750518798828
2018-04-05,41.55270004272461
2018-04-06,41.27667999267578
2018-04-09,41.16626739501953
2018-04-10,41.74986267089844
2018-04-11,41.812950134277344
2018-04-12,42.12051010131836
2018-04-13,42.4832878112793
2018-04-16,42.38864517211914
2018-04-17,42.71198654174805
2018-04-18,42.67255401611328
2018-04-19,41.42652130126953
2018-04-20,41.17416763305664
2018-04-23,40.306671142578125
2018-04-24,40.18837356567383
2018-04-25,40.227813720703125
2018-04-26,40.424964904785156
2018-04-27,40.74830627441406
2018-04-30,40.69310760498047
2018-05-01,40.148948669433594
2018-05-02,39.510162353515625
2018-05-03,38.94235610961914
2018-05-04,38.47706985473633
2018-05-07,37.522830963134766
2018-05-08,37.49128723144531
2018-05-09,37.3020133972168
2018-05-10,38.29568862915039
2018-05-11,37.90925216674805
2018-05-14,37.37298583984375
2018-05-15,37.03387451171875
2018-05-16,37.278343200683594
2018-05-17,36.52127456665039
2018-05-18,35.92191696166992
2018-05-21,35.78785705566406
2018-05-22,36.292564392089844
2018-05-23,36.844608306884766
2018-05-24,36.332000732421875
2018-05-25,36.276798248291016
2018-05-29,35.25947189331055
2018-05-30,35.61435317993164
2018-05-31,35.235809326171875
2018-06-01,35.47239685058594
2018-06-04,35.46451187133789
2018-06-05,34.52605438232422
2018-06-06,34.86516189575195
2018-06-07,34.58913803100586
2018-06-08,35.425079345703125
2018-06-11,35.196380615234375
2018-06-12,35.30678939819336
2018-06-13,35.22792053222656
2018-06-14,35.37776565551758
2018-06-15,35.535491943359375
2018-06-18,35.62223815917969
2018-06-19,35.46568298339844
2018-06-20,36.01683807373047
2018-06-21,35.92896270751953
2018-06-22,36.56798553466797
2018-06-25,36.84756088256836
2018-06-26,36.903472900390625
2018-06-27,36.43218994140625
2018-06-28,37.47859191894531
2018-06-29,37.65432357788086
2018-07-02,36.70377731323242
2018-07-03,37.83005142211914
2018-07-05,39.635284423828125
2018-07-06,40.28229904174805
2018-07-09,40.266319274902344
2018-07-10,40.66571807861328
2018-07-11,40.25833511352539
2018-07-12,40.290279388427734
2018-07-13,40.138519287109375
2018-07-16,40.33821105957031
2018-07-17,40.418087005615234
2018-07-18,40.545894622802734
2018-07-19,40.018707275390625
2018-07-20,40.322235107421875
2018-07-23,40.55388259887695
2018-07-24,40.913333892822266
2018-07-25,41.440521240234375
2018-07-26,41.32070541381836
2018-07-27,41.43254089355469
2018-07-30,41.6801643371582
2018-07-31,41.52040100097656
2018-08-01,41.312721252441406
2018-08-02,40.85741424560547
2018-08-03,41.448509216308594
2018-08-06,41.472476959228516
2018-08-07,42.25527572631836
2018-08-08,42.127471923828125
2018-08-09,41.05710983276367
2018-08-10,39.635284423828125
2018-08-13,39.579376220703125
2018-08-14,40.48997497558594
2018-08-15,39.30778884887695
2018-08-16,39.33973693847656
2018-08-17,39.78706359863281
2018-08-20,39.95479965209961
2018-08-21,40.601810455322266
2018-08-22,41.42455291748047
2018-08-23,40.75358581542969
2018-08-24,40.88936996459961
2018-08-27,41.71211242675781
2018-08-28,40.697662353515625
2018-08-29,41.20887756347656
2018-08-30,40.28229904174805
2018-08-31,40.21040344238281
2018-09-04,39.16400909423828
2018-09-05,39.01224136352539
2018-09-06,39.40364074707031
2018-09-07,39.36369323730469
2018-09-10,39.37968063354492
2018-09-11,39.515472412109375
2018-09-12,40.25035095214844
2018-09-13,41.033145904541016
2018-09-14,40.75358581542969
2018-09-17,40.64973068237305
2018-09-18,40.92131042480469
2018-09-19,40.99320983886719
2018-09-20,40.849430084228516
2018-09-21,40.7296142578125
2018-09-24,40.33821105957031
2018-09-25,40.48997497558594
2018-09-26,40.73760223388672
2018-09-27,40.84144973754883
2018-09-28,40.92131042480469
2018-10-01,41.224849700927734
2018-10-02,40.601810455322266
2018-10-03,39.93083190917969
2018-10-04,39.395660400390625
2018-10-05,39.603336334228516
2018-10-08,39.40364074707031
2018-10-09,39.52346420288086
2018-10-10,38.86846160888672
2018-10-11,38.75664520263672
2018-10-12,38.908409118652344
2018-10-15,39.195960998535156
2018-10-16,39.77109146118164
2018-10-17,39.25986099243164
2018-10-18,37.957855224609375
2018-10-19,38.04572296142578
2018-10-22,37.40669631958008
2018-10-23,37.16706085205078
2018-10-24,36.152618408203125
2018-10-25,36.775672912597656
2018-10-26,36.64787292480469
2018-10-29,34.02788543701172
2018-10-30,33.900062561035156
2018-10-31,33.61252212524414
2018-11-01,35.01836013793945
2018-11-02,35.28994369506836
2018-11-05,36.30438995361328
2018-11-06,36.37628173828125
2018-11-07,36.504085540771484
2018-11-08,34.03586959838867
2018-11-09,34.139705657958984
2018-11-12,33.14922332763672
2018-11-13,32.41435241699219
2018-11-14,32.52617645263672
2018-11-15,32.14277267456055
2018-11-16,33.053375244140625
2018-11-19,32.89361572265625
2018-11-20,32.19069290161133
2018-11-21,32.238616943359375
2018-11-23,31.727407455444336
2018-11-26,30.16180419921875
2018-11-27,30.665027618408203
2018-11-28,32.03092956542969
2018-11-29,32.54216003417969
2018-11-30,32.214656829833984
2018-12-03,32.4063606262207
2018-12-04,31.863197326660156
2018-12-06,32.4463005065918
2018-12-07,32.430320739746094
2018-12-10,32.08684158325195
2018-12-11,32.01496505737305
2018-12-12,32.49422836303711
2018-12-13,32.238616943359375
2018-12-14,32.16672897338867
2018-12-17,31.67947769165039
2018-12-18,32.24552536010742
2018-12-19,32.3503532409668
2018-12-20,33.0599365234375
2018-12-21,32.59225082397461
2018-12-24,32.737388610839844
2018-12-26,33.0599365234375
2018-12-27,33.09217834472656
2018-12-28,33.17282485961914
2018-12-31,33.20507049560547
2019-01-02,34.12430191040039
2019-01-03,33.69693374633789
2019-01-04,34.39039611816406
2019-01-07,34.79357147216797
2019-01-08,35.366058349609375
2019-01-09,35.76116943359375
2019-01-10,35.841800689697266
2019-01-11,35.68859100341797
2019-01-14,35.85792541503906
2019-01-15,36.059513092041016
2019-01-16,36.454620361328125
2019-01-17,36.35785675048828
2019-01-18,36.341732025146484
2019-01-22,35.75310516357422
2019-01-23,36.027259826660156
2019-01-24,35.970821380615234
2019-01-25,36.13208770751953
2019-01-28,35.970821380615234
2019-01-29,36.13208770751953
2019-01-30,35.970821380615234
2019-01-31,36.2852897644043
2019-02-01,36.16434097290039
2019-02-04,36.35785675048828
2019-02-05,36.75296401977539
2019-02-06,36.47074890136719
2019-02-07,36.2852897644043
2019-02-08,35.82567596435547
2019-02-11,35.422508239746094
2019-02-12,35.46282958984375
2019-02-13,34.374267578125
2019-02-14,34.962894439697266
2019-02-15,35.30961990356445
2019-02-19,35.44669723510742
2019-02-20,35.406375885009766
2019-02-21,35.61602020263672
2019-02-22,36.00306701660156
2019-02-25,36.099822998046875
2019-02-26,35.89018249511719
2019-02-27,35.551513671875
2019-02-28,35.124149322509766
2019-03-01,34.90644836425781
2019-03-04,34.720985412597656
2019-03-05,34.559722900390625
2019-03-06,34.14848709106445
2019-03-07,33.68080520629883
2019-03-08,33.84208297729492
2019-03-11,34.22911834716797
2019-03-12,34.31782150268555
2019-03-13,34.40651321411133
2019-03-14,34.30168914794922
2019-03-15,34.80162811279297
2019-03-18,35.3902473449707
2019-03-19,35.333805084228516
2019-03-20,36.23689651489258
2019-03-21,36.341732025146484
2019-03-22,34.91450881958008
2019-03-25,35.414432525634766
2019-03-26,35.46282958984375
2019-03-27,35.06771469116211
2019-03-28,34.99514389038086
2019-03-29,35.14834976196289
2019-04-01,35.94662094116211
2019-04-02,35.60796356201172
2019-04-03,35.66440200805664
2019-04-04,36.22078323364258
2019-04-05,37.12388610839844
2019-04-08,37.69638442993164
2019-04-09,37.55124282836914
2019-04-10,37.58349609375
2019-04-11,37.36578369140625
2019-04-12,37.502864837646484
2019-04-15,37.30934524536133
2019-04-16,37.6076774597168
2019-04-17,38.04310607910156
2019-04-18,38.00279235839844
2019-04-22,37.954410552978516
2019-04-23,37.6076774597168
2019-04-24,37.22064208984375
2019-04-25,37.4222297668457
2019-04-26,37.510921478271484
2019-04-29,37.26902770996094
2019-04-30,37.21257781982422
2019-05-01,36.84165954589844
2019-05-02,36.64814376831055
2019-05-03,37.09162521362305
2019-05-06,36.849727630615234
2019-05-07,36.253028869628906
2019-05-08,35.82567596435547
2019-05-09,35.591835021972656
2019-05-10,35.95468521118164
2019-05-13,35.422508239746094
2019-05-14,35.841800689697266
2019-05-15,35.90630340576172
2019-05-16,35.85792541503906
2019-05-17,35.66440200805664
2019-05-20,35.986942291259766
2019-05-21,35.94662094116211
2019-05-22,35.71279525756836
2019-05-23,35.46282958984375
2019-05-24,35.31767654418945
2019-05-28,34.91450881958008
2019-05-29,35.406375885009766
2019-05-30,35.91437530517578
2019-05-31,34.60810089111328
2019-06-03,34.40651321411133
2019-06-04,35.043521881103516
2019-06-05,35.2692985534668
2019-06-06,35.00320816040039
2019-06-07,35.132225036621094
2019-06-10,36.172401428222656
2019-06-11,36.36592483520508
2019-06-12,36.22078323364258
2019-06-13,36.01919174194336
2019-06-14,35.75310516357422
2019-06-17,35.60666275024414
2019-06-18,35.919281005859375
2019-06-19,36.223697662353516
2019-06-20,36.66794967651367
2019-06-21,36.25659942626953
2019-06-24,36.264827728271484
2019-06-25,36.16610336303711
2019-06-26,36.380008697509766
2019-06-27,35.82878875732422
2019-06-28,35.68893051147461
2019-07-01,36.08382797241211
2019-07-02,36.1085090637207
2019-07-03,36.18256759643555
2019-07-05,36.281280517578125
2019-07-08,36.64327621459961
2019-07-09,35.507938385009766
2019-07-10,35.507938385009766
2019-07-11,35.837013244628906
2019-07-12,35.79588317871094
2019-07-15,36.25659942626953
2019-07-16,35.91106414794922
2019-07-17,35.5901985168457
2019-07-18,35.2364387512207
2019-07-19,34.93204116821289
2019-07-22,34.5700569152832
2019-07-23,34.0517463684082
2019-07-24,34.48778533935547
2019-07-25,34.323238372802734
2019-07-26,34.13402557373047
2019-07-29,34.69345474243164
2019-07-30,34.43019104003906
2019-07-31,33.95302963256836
2019-08-01,33.52521514892578
2019-08-02,33.097412109375
2019-08-05,32.21712112426758
2019-08-06,32.56265640258789
2019-08-07,33.01514434814453
2019-08-08,33.36890411376953
2019-08-09,33.327762603759766
2019-08-12,32.488609313964844
2019-08-13,32.58733367919922
2019-08-14,31.452007293701172
2019-08-15,31.61654281616211
2019-08-16,32.184207916259766
2019-08-19,31.937395095825195
2019-08-20,32.143070220947266
2019-08-21,32.686058044433594
2019-08-22,32.35698318481445
2019-08-23,32.06081008911133
2019-08-26,32.33230209350586
2019-08-27,32.52151870727539
2019-08-28,32.74364471435547
2019-08-29,33.41826629638672
2019-08-30,34.150474548339844
2019-09-03,33.69798278808594
2019-09-04,34.43841552734375
2019-09-05,34.800411224365234
2019-09-06,35.12949752807617
2019-09-09,35.03076934814453
2019-09-10,34.956729888916016
2019-09-11,35.12126541137695
2019-09-12,35.211761474609375
2019-09-13,35.499717712402344
2019-09-16,35.417442321777344
2019-09-17,36.042701721191406
2019-09-18,35.680702209472656
2019-09-19,35.61488723754883
2019-09-20,35.97687530517578
2019-09-23,35.86992645263672
2019-09-24,35.507938385009766
2019-09-25,35.38453674316406
2019-09-26,35.25290298461914
2019-09-27,34.989627838134766
2019-09-30,35.14595031738281
2019-10-01,34.84977722167969
2019-10-02,34.35615539550781
2019-10-03,34.83332443237305
2019-10-04,35.90283966064453
2019-10-07,35.376304626464844
2019-10-08,34.956729888916016
2019-10-09,35.06367111206055
2019-10-10,35.7794303894043
2019-10-11,36.29773712158203
2019-10-14,36.338863372802734
2019-10-15,36.396461486816406
2019-10-16,36.66794967651367
2019-10-17,36.560997009277344
2019-10-18,36.470497131347656
2019-10-21,36.8571662902832
2019-10-22,36.75021743774414
2019-10-23,36.84071350097656
2019-10-24,36.8571662902832
2019-10-25,36.82426834106445
2019-10-28,37.128665924072266
2019-10-29,36.99702835083008
2019-10-30,36.922996520996094
2019-10-31,36.45404815673828
2019-11-01,37.13689422607422
2019-11-04,37.04639434814453
2019-11-05,36.68440628051758
2019-11-06,37.09575653076172
2019-11-07,37.39193344116211
2019-11-08,37.03817367553711
2019-11-11,37.00526428222656
2019-11-12,36.19077682495117
2019-11-13,36.018009185791016
2019-11-14,36.264827728271484
2019-11-15,36.774898529052734
2019-11-18,36.48695373535156
2019-11-19,36.49518585205078
2019-11-20,36.35532760620117
2019-11-21,36.31418991088867
2019-11-22,36.5856819152832
2019-11-25,36.536312103271484
2019-11-26,35.97687530517578
2019-11-27,36.00978469848633
2019-11-29,35.80411148071289
2019-12-02,35.45857238769531
2019-12-03,35.228214263916016
2019-12-04,35.43389129638672
2019-12-05,35.54906463623047
2019-12-06,35.376304626464844
2019-12-09,35.47502899169922
2019-12-10,36.07560348510742
2019-12-11,36.709083557128906
2019-12-12,37.14512252807617
2019-12-13,37.63874053955078
2019-12-16,37.94108200073242
2019-12-17,37.96599578857422
2019-12-18,38.4643440246582
2019-12-19,38.25669860839844
2019-12-20,38.07396697998047
2019-12-23,37.93276596069336
2019-12-24,37.79987335205078
2019-12-26,38.04074478149414
2019-12-27,38.12380599975586
2019-12-30,37.35966491699219
2019-12-31,37.401187896728516
2020-01-02,38.422813415527344
2020-01-03,38.14041519165039
2020-01-06,38.31483840942383
2020-01-07,37.95769119262695
2020-01-08,38.29823303222656
2020-01-09,38.32313919067383
2020-01-10,38.530792236328125
2020-01-13,38.796573638916016
2020-01-14,38.555702209472656
2020-01-15,38.43941879272461
2020-01-16,39.20356369018555
2020-01-17,39.87633514404297
2020-01-21,39.544105529785156
2020-01-22,39.676998138427734
2020-01-23,39.36968231201172
2020-01-24,38.93777847290039
2020-01-27,37.841407775878906
2020-01-28,38.82149124145508
2020-01-29,39.228477478027344
2020-01-30,38.84640884399414
2020-01-31,38.090576171875
2020-02-03,38.829795837402344
2020-02-04,39.23678207397461
2020-02-05,39.16203308105469
2020-02-06,38.63876724243164
2020-02-07,38.397891998291016
2020-02-10,38.36466979980469
2020-02-11,39.19525146484375
2020-02-12,39.75174331665039
2020-02-13,39.49427032470703
2020-02-14,39.62716293334961
2020-02-18,39.43612289428711
2020-02-19,39.50257873535156
2020-02-20,38.871334075927734
2020-02-21,38.713523864746094
2020-02-24,37.401187896728516
2020-02-25,36.794864654541016
2020-02-26,36.429412841796875
2020-02-27,34.99250030517578
2020-02-28,34.56890106201172
2020-03-02,35.71510696411133
2020-03-03,35.740028381347656
2020-03-04,36.45433044433594
2020-03-05,34.99250030517578
2020-03-06,33.70509719848633
2020-03-09,30.025609970092773
2020-03-10,31.32962417602539
2020-03-11,29.75151824951172
2020-03-12,27.517250061035156
2020-03-13,28.538864135742188
2020-03-16,24.186603546142578
2020-03-17,26.07202911376953
2020-03-18,23.879289627075195
2020-03-19,23.754701614379883
2020-03-20,22.4589900970459
2020-03-23,20.86427116394043
2020-03-24,22.18489646911621
2020-03-25,24.01218032836914
2020-03-26,25.20822525024414
2020-03-27,23.189903259277344
2020-03-30,22.99056625366211
2020-03-31,23.547056198120117
2020-04-01,22.159982681274414
2020-04-02,22.101839065551758
2020-04-03,21.262948989868164
2020-04-06,22.483905792236328
2020-04-07,22.799531936645508
2020-04-08,23.181598663330078
2020-04-09,23.472301483154297
2020-04-13,23.46399688720703
2020-04-14,23.870983123779297
2020-04-15,22.60849380493164
2020-04-16,22.45068359375
2020-04-17,23.430774688720703
2020-04-20,22.924116134643555
2020-04-21,22.226428985595703
2020-04-22,22.425765991210938
2020-04-23,22.126754760742188
2020-04-24,22.18489646911621
2020-04-27,22.774612426757812
2020-04-28,23.76300621032715
2020-04-29,25.19161033630371
2020-04-30,24.311193466186523
2020-05-01,23.33940887451172
2020-05-04,24.336105346679688
2020-05-05,24.6683406829834
2020-05-06,24.385944366455078
2020-05-07,24.635122299194336
2020-05-08,25.63182258605957
2020-05-11,25.324506759643555
2020-05-12,24.81785011291504
2020-05-13,24.24474334716797
2020-05-14,24.552059173583984
2020-05-15,24.00387954711914
2020-05-18,25.27466583251953
2020-05-19,24.311193466186523
2020-05-20,25.22483253479004
2020-05-21,25.23314094543457
2020-05-22,25.407564163208008
2020-05-26,26.42087173461914
2020-05-27,26.78632926940918
2020-05-28,26.520549774169922
2020-05-29,26.487319946289062
2020-06-01,27.259765625
2020-06-02,28.015596389770508
2020-06-03,28.60531234741211
2020-06-04,27.990680694580078
2020-06-05,29.269779205322266
2020-06-08,30.12528419494629
2020-06-09,28.945846557617188
2020-06-10,28.4724178314209
2020-06-11,26.113561630249023
2020-06-12,27.4507999420166
2020-06-15,27.304065704345703
2020-06-16,27.487483978271484
2020-06-17,27.46246910095215
2020-06-18,26.762155532836914
2020-06-19,27.570858001708984
2020-06-22,27.46246910095215
2020-06-23,27.712587356567383
2020-06-24,26.995590209960938
2020-06-25,27.087303161621094
2020-06-26,26.311948776245117
2020-06-29,26.628761291503906
2020-06-30,26.578731536865234
2020-07-01,26.83718490600586
2020-07-02,27.262380599975586
2020-07-06,27.537504196166992
2020-07-07,26.870532989501953
2020-07-08,26.703792572021484
2020-07-09,26.286935806274414
2020-07-10,26.311948776245117
2020-07-13,25.86174201965332
2020-07-14,26.136865615844727
2020-07-15,26.7454833984375
2020-07-16,26.52871322631836
2020-07-17,26.22857666015625
2020-07-20,26.3536376953125
2020-07-21,27.037281036376953
2020-07-22,27.44579315185547
2020-07-23,27.14566421508789
2020-07-24,27.31239891052246
2020-07-27,27.996047973632812
2020-07-28,27.954360961914062
2020-07-29,27.971033096313477
2020-07-30,27.44579315185547
2020-07-31,27.120649337768555
2020-08-03,27.087303161621094
2020-08-04,26.928895950317383
2020-08-05,27.737598419189453
2020-08-06,27.729257583618164
2020-08-07,27.74593162536621
2020-08-10,27.946025848388672
2020-08-11,28.196138381958008
2020-08-12,28.27117156982422
2020-08-13,28.462928771972656
2020-08-14,28.913127899169922
2020-08-17,28.904788970947266
2020-08-18,28.804746627807617
2020-08-19,28.671354293823242
2020-08-20,28.579641342163086
2020-08-21,28.321197509765625
2020-08-24,28.27117156982422
2020-08-25,28.562971115112305
2020-08-26,28.137773513793945
2020-08-27,27.7542724609375
2020-08-28,28.504606246948242
2020-08-31,27.437461853027344
2020-09-01,28.096094131469727
2020-09-02,27.870986938476562
2020-09-03,27.420785903930664
2020-09-04,27.662561416625977
2020-09-08,27.070627212524414
2020-09-09,27.695907592773438
2020-09-10,27.46246910095215
2020-09-11,27.9793758392334
2020-09-14,28.696361541748047
2020-09-15,28.446250915527344
2020-09-16,28.6213321685791
2020-09-17,28.287841796875
2020-09-18,27.804290771484375
2020-09-21,27.254039764404297
2020-09-22,26.93723487854004
2020-09-23,26.06183624267578
2020-09-24,26.820510864257812
2020-09-25,26.862199783325195
2020-09-28,27.2206974029541
2020-09-29,27.170673370361328
2020-09-30,27.81263542175293
2020-10-01,27.59586524963379
2020-10-02,27.729257583618164
2020-10-05,28.32953453063965
2020-10-06,27.996047973632812
2020-10-07,28.59632110595703
2020-10-08,29.471708297729492
2020-10-09,29.86355972290039
2020-10-12,29.64679718017578
2020-10-13,29.25495147705078
2020-10-14,29.25495147705078
2020-10-15,29.3216495513916
2020-10-16,29.396684646606445
2020-10-19,29.021514892578125
2020-10-20,29.721830368041992
2020-10-21,30.005292892456055
2020-10-22,30.18870735168457
2020-10-23,30.4138126373291
2020-10-26,29.838552474975586
2020-10-27,29.5467529296875
2020-10-28,28.59632110595703
2020-10-29,28.112764358520508
2020-10-30,28.479598999023438
2020-11-02,28.42123794555664
2020-11-03,28.84642791748047
2020-11-04,29.12989616394043
2020-11-05,30.397138595581055
2020-11-06,30.647247314453125
2020-11-09,31.839460372924805
2020-11-10,32.42304992675781
2020-11-11,32.58146667480469
2020-11-12,31.839460372924805
2020-11-13,32.656494140625
2020-11-16,33.7736701965332
2020-11-17,33.95709228515625
2020-11-18,34.04880142211914
2020-11-19,33.94874954223633
2020-11-20,34.132164001464844
2020-11-23,34.23221206665039
2020-11-24,34.89084243774414
2020-11-25,34.64906692504883
2020-11-27,34.51567840576172
2020-11-30,33.82368469238281
2020-12-01,35.05758285522461
2020-12-02,35.532806396484375
2020-12-03,35.84961700439453
2020-12-04,35.9329833984375
2020-12-07,35.457767486572266
2020-12-08,35.632850646972656
2020-12-09,35.06591796875
2020-12-10,35.54947280883789
2020-12-11,35.26601791381836
2020-12-14,35.1710319519043
2020-12-15,35.6585807800293
2020-12-16,35.93598175048828
2020-12-17,36.55803298950195
2020-12-18,35.80148696899414
2020-12-21,35.20465087890625
2020-12-22,34.44810104370117
2020-12-23,35.48204803466797
2020-12-24,35.62495422363281
2020-12-28,35.742637634277344
2020-12-29,36.642086029052734
2020-12-30,36.69606399536133
2020-12-31,36.25750732421875
2021-01-04,36.54425811767578
2021-01-05,36.746673583984375
2021-01-06,37.88524627685547
2021-01-07,37.58163070678711
2021-01-08,38.028629302978516
2021-01-11,37.55632781982422
2021-01-12,37.61536407470703
2021-01-13,37.21053695678711
2021-01-14,37.80935287475586
2021-01-15,37.514163970947266
2021-01-19,37.24427032470703
2021-01-20,37.24427032470703
2021-01-21,36.771968841552734
2021-01-22,36.23220443725586
2021-01-25,36.37558364868164
2021-01-26,36.426177978515625
2021-01-27,35.19482421875
2021-01-28,35.39724349975586
2021-01-29,33.89600372314453
2021-02-01,35.22856521606445
2021-02-02,35.093624114990234
2021-02-03,34.958683013916016
2021-02-04,35.00927734375
2021-02-05,35.50688552856445
2021-02-08,35.54905319213867
2021-02-09,36.198463439941406
2021-02-10,36.01292037963867
2021-02-11,35.61652755737305
2021-02-12,35.8526725769043
2021-02-16,35.77676773071289
2021-02-17,36.08882141113281
2021-02-18,35.34663391113281
2021-02-19,35.177955627441406
2021-02-22,34.57072067260742
2021-02-23,35.34663391113281
2021-02-24,35.62495803833008
2021-02-25,34.08998107910156
2021-02-26,34.292388916015625
2021-03-01,34.975547790527344
2021-03-02,35.591217041015625
2021-03-03,35.49844741821289
2021-03-04,35.169525146484375
2021-03-05,35.08518600463867
2021-03-08,35.304466247558594
2021-03-09,35.70930099487305
2021-03-10,36.653900146484375
2021-03-11,37.1346321105957
2021-03-12,36.96595764160156
2021-03-15,37.379215240478516
2021-03-16,37.70814514160156
2021-03-17,37.649105072021484
2021-03-18,37.396087646484375
2021-03-19,36.95751953125
2021-03-22,36.95751953125
2021-03-23,36.17316818237305
2021-03-24,35.94544982910156
2021-03-25,36.58641815185547
2021-03-26,37.1346321105957
2021-03-29,37.26958084106445
2021-03-30,37.328617095947266
2021-03-31,36.96595764160156
2021-04-01,37.59007263183594
2021-04-05,38.14670944213867
2021-04-06,38.256351470947266
2021-04-07,38.138275146484375
2021-04-08,38.64430618286133
2021-04-09,38.06236267089844
2021-04-12,37.91898727416992
2021-04-13,38.18044662475586
2021-04-14,38.78768539428711
2021-04-15,39.14190673828125
2021-04-16,39.29372024536133
2021-04-19,39.03227233886719
2021-04-20,38.998538970947266
2021-04-21,39.529869079589844
2021-04-22,39.59734344482422
2021-04-23,39.875667572021484
2021-04-26,39.622642517089844
2021-04-27,39.108177185058594
2021-04-28,39.19251251220703
2021-04-29,39.378055572509766
2021-04-30,38.34068298339844
2021-05-03,38.922630310058594
2021-05-04,38.65274429321289
2021-05-05,38.56840133666992
2021-05-06,39.21781921386719
2021-05-07,39.68167495727539
2021-05-10,40.06121063232422
2021-05-11,39.68167495727539
2021-05-12,38.80455017089844
2021-05-13,39.33589553833008
2021-05-14,39.73228454589844
2021-05-17,40.111812591552734
2021-05-18,40.3817024230957
2021-05-19,39.934696197509766
2021-05-20,40.54195022583008
2021-05-21,40.29736328125
2021-05-24,40.1961555480957
2021-05-25,39.774452209472656
2021-05-26,39.96000671386719
2021-05-27,40.20458221435547
2021-05-28,40.57567596435547
2021-06-01,41.047977447509766
2021-06-02,41.12388229370117
2021-06-03,40.55038070678711
2021-06-04,40.87086486816406
2021-06-07,42.11909103393555
2021-06-08,41.925106048583984
2021-06-09,41.78173828125
2021-06-10,41.98318862915039
2021-06-11,41.9406852722168
2021-06-14,41.62617111206055
2021-06-15,41.37966537475586
2021-06-16,40.53813171386719
2021-06-17,40.17261505126953
2021-06-18,39.79860305786133
2021-06-21,40.087615966796875
2021-06-22,40.062110900878906
2021-06-23,40.33412551879883
2021-06-24,41.07365417480469
2021-06-25,41.27766418457031
2021-06-28,41.03115463256836
2021-06-29,41.03965377807617
2021-06-30,40.79314041137695
2021-07-01,40.77614212036133
2021-07-02,41.14165115356445
2021-07-06,40.50413513183594
2021-07-07,40.682640075683594
2021-07-08,40.13862228393555
2021-07-09,40.674137115478516
2021-07-12,40.674137115478516
2021-07-13,39.917606353759766
2021-07-14,40.699642181396484
2021-07-15,41.14165115356445
2021-07-16,41.18416213989258
2021-07-19,39.89210891723633
2021-07-20,39.841102600097656
2021-07-21,40.30862808227539
2021-07-22,40.64013671875
2021-07-23,40.79314041137695
2021-07-26,41.430667877197266
2021-07-27,41.583675384521484
2021-07-28,41.915191650390625
2021-07-29,42.28070068359375
2021-07-30,41.66867446899414
2021-08-02,41.5496711730957
2021-08-03,42.36570358276367
2021-08-04,41.694175720214844
2021-08-05,41.81317901611328
2021-08-06,41.51567459106445
2021-08-09,41.16715621948242
2021-08-10,41.447662353515625
2021-08-11,41.915191650390625
2021-08-12,41.71967697143555
2021-08-13,42.1786994934082
2021-08-16,42.110694885253906
2021-08-17,42.07669448852539
2021-08-18,42.425209045410156
2021-08-19,41.4986686706543
2021-08-20,41.26915740966797
2021-08-23,41.86418533325195
2021-08-24,41.98318862915039
2021-08-25,42.13619613647461
2021-08-26,41.915191650390625
2021-08-27,42.47621154785156
2021-08-30,42.75672149658203
2021-08-31,43.445247650146484
2021-09-01,42.79072570800781
2021-09-02,42.91822814941406
2021-09-03,42.77372741699219
2021-09-07,42.867225646972656
2021-09-08,42.38270568847656
2021-09-09,42.391204833984375
2021-09-10,42.51020812988281
2021-09-13,42.64621353149414
2021-09-14,42.85872268676758
2021-09-15,43.351741790771484
2021-09-16,43.19873809814453
2021-09-17,42.2467041015625
2021-09-20,41.473167419433594
2021-09-21,41.5496711730957
2021-09-22,42.13619613647461
2021-09-23,42.314701080322266
2021-09-24,41.88118362426758
2021-09-27,42.2722053527832
2021-09-28,41.27766418457031
2021-09-29,40.94614791870117
2021-09-30,41.02265548706055
2021-10-01,41.25216293334961
2021-10-04,40.88664627075195
2021-10-05,40.912147521972656
2021-10-06,40.827144622802734
2021-10-07,40.674137115478516
2021-10-08,40.84414291381836
2021-10-11,40.72513961791992
2021-10-12,41.07365417480469
2021-10-13,41.481666564941406
2021-10-14,41.617671966552734
2021-10-15,42.5697135925293
2021-10-18,42.34870529174805
2021-10-19,42.408203125
2021-10-20,42.5697135925293
2021-10-21,42.008689880371094
2021-10-22,42.102195739746094
2021-10-25,42.13619613647461
2021-10-26,42.28919219970703
2021-10-27,41.77067947387695
2021-10-28,41.473167419433594
2021-10-29,41.099151611328125
2021-11-01,40.96315383911133
2021-11-02,40.827144622802734
2021-11-03,41.50717544555664
2021-11-04,41.66017532348633
2021-11-05,42.2212028503418
2021-11-08,42.425209045410156
2021-11-09,42.36570358276367
2021-11-10,41.43916320800781
2021-11-11,41.37116622924805
2021-11-12,41.464664459228516
2021-11-15,41.23516082763672
2021-11-16,40.810142517089844
2021-11-17,40.810142517089844
2021-11-18,40.4106330871582
2021-11-19,40.181114196777344
2021-11-22,39.662593841552734
2021-11-23,39.65409851074219
2021-11-24,39.127079010009766
2021-11-26,37.597007751464844
2021-11-29,37.97102737426758
2021-11-30,38.51505661010742
2021-12-01,38.72756576538086
2021-12-02,39.832603454589844
2021-12-03,39.69660186767578
2021-12-06,39.611595153808594
2021-12-07,40.39362716674805
2021-12-08,40.691139221191406
2021-12-09,40.75063705444336
2021-12-10,40.86964797973633
2021-12-13,40.01471710205078
2021-12-14,40.376678466796875
2021-12-15,40.79897689819336
2021-12-16,41.30744934082031
2021-12-17,42.08310317993164
2021-12-20,41.69527816772461
2021-12-21,41.95382308959961
2021-12-22,42.52263259887695
2021-12-23,42.85013198852539
2021-12-27,43.33274841308594
2021-12-28,43.384464263916016
2021-12-29,43.25519561767578
2021-12-30,43.677486419677734
2021-12-31,43.60852813720703
2022-01-03,43.45340347290039
2022-01-04,43.556827545166016
2022-01-05,43.29827880859375
2022-01-06,43.47926330566406
2022-01-07,43.74642562866211
2022-01-10,43.47064208984375
2022-01-11,43.539588928222656
2022-01-12,44.28937911987305
2022-01-13,44.20319747924805
2022-01-14,44.18596267700195
2022-01-18,43.54821014404297
2022-01-19,43.022491455078125
2022-01-20,42.77256774902344
2022-01-21,42.30717849731445
2022-01-24,41.617713928222656
2022-01-25,41.4108772277832
2022-01-26,41.221275329589844
2022-01-27,40.721405029296875
2022-01-28,40.81621170043945
2022-01-31,41.841793060302734
2022-02-01,42.38473892211914
2022-02-02,42.557106018066406
2022-02-03,41.790077209472656
2022-02-04,41.60047912597656
2022-02-07,41.617713928222656
2022-02-08,42.5743408203125
2022-02-09,43.29827880859375
2022-02-10,42.867366790771484
2022-02-11,43.36723327636719
2022-02-14,42.88459396362305
2022-02-15,43.71195602416992
2022-02-16,44.2376708984375
2022-02-17,43.50511932373047
2022-02-18,43.272422790527344
2022-02-22,43.487884521484375
2022-02-23,42.45368576049805
2022-02-24,41.721134185791016
2022-02-25,43.15176773071289
2022-02-28,43.384464263916016
2022-03-01,42.858741760253906
2022-03-02,43.05696487426758
2022-03-03,43.03111267089844
2022-03-04,42.289939880371094
2022-03-07,40.49733352661133
2022-03-08,41.264366149902344
2022-03-09,42.815650939941406
2022-03-10,42.419212341308594
2022-03-11,42.358890533447266
2022-03-14,42.03139114379883
2022-03-15,42.60020446777344
2022-03-16,43.3930778503418
2022-03-17,44.34971237182617
2022-03-18,45.323577880859375
2022-03-21,44.987464904785156
2022-03-22,45.754493713378906
2022-03-23,45.4700813293457
2022-03-24,46.202640533447266
2022-03-25,46.17678451538086
2022-03-28,46.23711395263672
2022-03-29,47.004146575927734
2022-03-30,47.01276397705078
2022-03-31,47.374732971191406
2022-04-01,47.71084213256836
2022-04-04,47.46091079711914
2022-04-05,46.65940856933594
2022-04-06,46.202640533447266
2022-04-07,46.04751205444336
2022-04-08,45.8148193359375
2022-04-11,45.883766174316406
2022-04-12,45.78034591674805
2022-04-13,46.107845306396484
2022-04-14,45.3838996887207
2022-04-18,46.038883209228516
2022-04-19,45.83205795288086
2022-04-20,45.47871017456055
2022-04-21,44.591026306152344
2022-04-22,44.36695098876953
2022-04-25,44.194580078125
2022-04-26,43.44478988647461
2022-04-27,43.2207145690918
2022-04-28,43.53097152709961
2022-04-29,42.60020446777344
2022-05-02,42.83289337158203
2022-05-03,42.5743408203125
2022-05-04,43.51374053955078
2022-05-05,42.315792083740234
2022-05-06,41.73836898803711
2022-05-09,40.97134017944336
2022-05-10,41.04890441894531
2022-05-11,41.3246955871582
2022-05-12,41.4970588684082
2022-05-13,42.143428802490234
2022-05-16,42.90183639526367
2022-05-17,43.867088317871094
2022-05-18,42.79841995239258
2022-05-19,43.73780822753906
2022-05-20,44.04806900024414
2022-05-23,43.97050476074219
2022-05-24,44.125633239746094
2022-05-25,44.47036361694336
2022-05-26,44.789241790771484
2022-05-27,45.8148193359375
2022-05-31,44.87542724609375
2022-06-01,44.51346206665039
2022-06-02,44.38418197631836
2022-06-03,44.1514892578125
2022-06-06,43.51374053955078
2022-06-07,43.66886520385742
2022-06-08,43.50511932373047
2022-06-09,42.974063873291016
2022-06-10,41.478023529052734
2022-06-13,40.27943420410156
2022-06-14,39.80699920654297
2022-06-15,40.5244026184082
2022-06-16,39.60578536987305
2022-06-17,40.078216552734375
2022-06-21,40.57689666748047
2022-06-22,40.200706481933594
2022-06-23,39.973228454589844
2022-06-24,41.40803146362305
2022-06-27,41.609256744384766
2022-06-28,41.21556091308594
2022-06-29,40.90934753417969
2022-06-30,40.7606201171875
2022-07-01,40.646888732910156
2022-07-05,39.9644775390625
2022-07-06,39.94698715209961
2022-07-07,39.850746154785156
2022-07-08,40.209449768066406
2022-07-11,39.53578567504883
2022-07-12,39.49204635620117
2022-07-13,39.474544525146484
2022-07-14,38.84463119506836
2022-07-15,39.76326370239258
2022-07-18,39.8594970703125
2022-07-19,39.94698715209961
2022-07-20,39.78950881958008
2022-07-21,39.6757698059082
2022-07-22,39.850746154785156
2022-07-25,39.98197555541992
2022-07-26,39.553287506103516
2022-07-27,39.990726470947266
2022-07-28,41.040584564208984
2022-07-29,40.9443473815918
2022-08-01,40.288185119628906
2022-08-02,39.01961135864258
2022-08-03,39.80699920654297
2022-08-04,40.09571838378906
2022-08-05,39.667022705078125
2022-08-08,40.58564376831055
2022-08-09,40.49816131591797
2022-08-10,41.259300231933594
2022-08-11,41.8192253112793
2022-08-12,42.571617126464844
2022-08-15,42.3529052734375
2022-08-16,42.38789367675781
2022-08-17,42.11668395996094
2022-08-18,41.86296844482422
2022-08-19,41.55675506591797
2022-08-22,41.18056106567383
2022-08-23,41.44301986694336
2022-08-24,41.22430419921875
2022-08-25,41.67049789428711
2022-08-26,40.716880798339844
2022-08-29,40.1744499206543
2022-08-30,39.518287658691406
2022-08-31,38.71340560913086
2022-09-01,39.089603424072266
2022-09-02,39.87699508666992
2022-09-06,39.36956024169922
2022-09-07,39.79825973510742
2022-09-08,40.13945770263672
2022-09-09,40.821861267089844
2022-09-12,41.775482177734375
2022-09-13,40.515655517578125
2022-09-14,40.646888732910156
2022-09-15,40.4194221496582
2022-09-16,40.209449768066406
2022-09-19,40.76937484741211
2022-09-20,41.00558853149414
2022-09-21,40.96184158325195
2022-09-22,40.50690841674805
2022-09-23,39.2995719909668
2022-09-26,38.32845687866211
2022-09-27,38.687164306640625
2022-09-28,39.60578536987305
2022-09-29,39.22958755493164
2022-09-30,38.69590377807617
2022-10-03,39.5970344543457
2022-10-04,40.24444580078125
2022-10-05,39.693267822265625
2022-10-06,40.03446960449219
2022-10-07,39.74576187133789
2022-10-10,39.728267669677734
2022-10-11,39.824501037597656
2022-10-12,39.92948532104492
2022-10-13,40.04322052001953
2022-10-14,39.553287506103516
2022-10-17,40.46316146850586
2022-10-18,40.480655670166016
2022-10-19,40.26194763183594
2022-10-20,40.48940658569336
2022-10-21,41.495513916015625
2022-10-24,42.04669952392578
2022-10-25,42.904075622558594
2022-10-26,43.245277404785156
2022-10-27,43.0965461730957
2022-10-28,43.551483154296875
2022-10-31,44.242637634277344
2022-11-01,45.13501739501953
2022-11-02,44.37387466430664
2022-11-03,44.90754318237305
2022-11-04,46.21112060546875
2022-11-07,45.887413024902344
2022-11-08,45.764930725097656
2022-11-09,45.38873291015625
2022-11-10,46.48233413696289
2022-11-11,46.90227508544922
2022-11-14,46.87602615356445
2022-11-15,46.89352035522461
2022-11-16,46.94601821899414
2022-11-17,46.6485595703125
2022-11-18,46.674808502197266
2022-11-21,46.39483642578125
2022-11-22,46.98101806640625
2022-11-23,47.47969436645508
2022-11-25,47.24348068237305
2022-11-28,46.727294921875
2022-11-29,46.19361877441406
2022-11-30,47.1559944152832
2022-12-01,47.435951232910156
2022-12-02,46.53482437133789
2022-12-05,45.30124282836914
2022-12-06,45.54621124267578
2022-12-07,45.642452239990234
2022-12-08,45.992401123046875
2022-12-09,45.07378005981445
2022-12-12,45.53745651245117
2022-12-13,45.532997131347656
2022-12-14,45.20266342163086
2022-12-15,44.283077239990234
2022-12-16,44.336639404296875
2022-12-19,44.7384033203125
2022-12-20,44.93482208251953
2022-12-21,45.461570739746094
2022-12-22,45.34551239013672
2022-12-23,46.36330795288086
2022-12-27,45.9079704284668
2022-12-28,45.274085998535156
2022-12-29,45.059814453125
2022-12-30,44.14915084838867
2023-01-03,44.94374465942383
2023-01-04,46.032962799072266
2023-01-05,46.63114547729492
2023-01-06,47.94357681274414
2023-01-09,48.345333099365234
2023-01-10,48.64888000488281
2023-01-11,49.72024917602539
2023-01-12,50.43449401855469
2023-01-13,50.604129791259766
2023-01-17,50.48806381225586
2023-01-18,50.041656494140625
2023-01-19,50.00594711303711
2023-01-20,50.77375411987305
2023-01-23,51.46121597290039
2023-01-24,51.80940628051758
2023-01-25,51.89868927001953
2023-01-26,52.19331741333008
2023-01-27,51.8272590637207
2023-01-30,51.443355560302734
2023-01-31,51.470149993896484
2023-02-01,52.62186050415039
2023-02-02,51.4344367980957
2023-02-03,50.85411071777344
2023-02-06,50.398780822753906
2023-02-07,50.25592803955078
2023-02-08,49.863101959228516
2023-02-09,50.07736587524414
2023-02-10,50.27378845214844
2023-02-13,50.96125411987305
2023-02-14,50.979103088378906
2023-02-15,51.28265380859375
2023-02-16,52.05046463012695
2023-02-17,52.26474380493164
2023-02-21,51.27373123168945
2023-02-22,51.657630920410156
2023-02-23,51.550498962402344
2023-02-24,51.077308654785156
2023-02-27,51.38086700439453
2023-02-28,51.46121597290039
2023-03-01,52.764705657958984
2023-03-02,52.461158752441406
2023-03-03,53.845001220703125
2023-03-06,53.389671325683594
2023-03-07,52.229026794433594
2023-03-08,53.041481018066406
2023-03-09,52.13081741333008
2023-03-10,50.87196350097656
2023-03-13,49.586326599121094
2023-03-14,50.53269958496094
2023-03-15,48.907798767089844
2023-03-16,49.91666793823242
2023-03-17,48.738162994384766
2023-03-20,49.26491928100586
2023-03-21,50.202362060546875
2023-03-22,50.28271484375
2023-03-23,50.48806381225586
2023-03-24,50.925537109375
2023-03-27,51.36301040649414
2023-03-28,52.086177825927734
2023-03-29,52.93434524536133
2023-03-30,53.16646957397461
2023-03-31,53.14862060546875
2023-04-03,52.91648864746094
2023-04-04,53.1129035949707
2023-04-05,51.84511947631836
2023-04-06,52.345096588134766
2023-04-10,52.75578308105469
2023-04-11,53.09504699707031
2023-04-12,53.22003936767578
2023-04-13,53.95213317871094
2023-04-14,53.43430709838867
2023-04-17,53.85393142700195
2023-04-18,53.30931854248047
2023-04-19,53.246822357177734
2023-04-20,53.55038070678711
2023-04-21,53.52359390258789
2023-04-24,53.8985710144043
2023-04-25,53.19326400756836
2023-04-26,52.604007720947266
2023-04-27,53.39860534667969
2023-04-28,54.35390090942383
2023-05-01,54.5324592590332
2023-05-02,54.2199821472168
2023-05-03,54.24676513671875
2023-05-04,54.07713317871094
2023-05-05,54.684234619140625
2023-05-08,54.71995162963867
2023-05-09,55.22885513305664
2023-05-10,56.1484375
2023-05-11,55.54133605957031
2023-05-12,55.460975646972656
2023-05-15,56.362709045410156
2023-05-16,56.023441314697266
2023-05-17,55.666316986083984
2023-05-18,55.49668884277344
2023-05-19,54.407466888427734
2023-05-22,53.21110916137695
2023-05-23,52.57722091674805
2023-05-24,53.31824493408203
2023-05-25,53.568233489990234
2023-05-26,54.6574592590332
2023-05-30,53.78250503540039
2023-05-31,53.43430709838867
2023-06-01,53.71108627319336
2023-06-02,54.15748596191406
2023-06-05,54.684234619140625
2023-06-06,55.702030181884766
2023-06-07,55.70023727416992
2023-06-08,55.943077087402344
2023-06-09,56.59064483642578
2023-06-12,56.320823669433594
2023-06-13,56.74354934692383
2023-06-14,57.63396072387695
2023-06-15,57.8677978515625
2023-06-16,57.651947021484375
2023-06-20,56.545677185058594
2023-06-21,56.45573425292969
2023-06-22,55.77218246459961
2023-06-23,55.45738983154297
2023-06-26,55.5383415222168
2023-06-27,56.4917106628418
2023-06-28,56.08698272705078
2023-06-29,56.23988342285156
2023-06-30,55.925086975097656
2023-07-03,56.74354934692383
2023-07-05,56.851470947265625
2023-07-06,55.46638870239258
2023-07-07,56.31183624267578
2023-07-10,56.320823669433594
2023-07-11,56.84247970581055
2023-07-12,57.15727615356445
2023-07-13,57.76887130737305
2023-07-14,57.48106384277344
2023-07-17,57.45407485961914
2023-07-18,57.75988006591797
2023-07-19,57.526023864746094
2023-07-20,56.77952575683594
2023-07-21,56.57265853881836
2023-07-24,56.99538040161133
2023-07-25,57.02236557006836
2023-07-26,57.85881423950195
2023-07-27,57.85881423950195
2023-07-28,58.785194396972656
2023-07-31,58.48839569091797
2023-08-01,57.238224029541016
2023-08-02,55.72721481323242
2023-08-03,55.04366683959961
2023-08-04,56.44674301147461
2023-08-07,56.662601470947266
2023-08-08,56.09597396850586
2023-08-09,56.68958282470703
2023-08-10,56.473724365234375
2023-08-11,55.80815887451172
2023-08-14,55.75420379638672
2023-08-15,55.86213302612305
2023-08-16,55.970054626464844
2023-08-17,55.35845947265625
2023-08-18,55.62828063964844
2023-08-21,55.52935028076172
2023-08-22,55.79916763305664
2023-08-23,56.986385345458984
2023-08-24,56.17692184448242
2023-08-25,56.527687072753906
2023-08-28,56.84247970581055
2023-08-29,57.50804138183594
2023-08-30,57.79585647583008
2023-08-31,55.45738983154297
2023-09-01,55.27751159667969
2023-09-05,54.01834487915039
2023-09-06,53.68556594848633
2023-09-07,53.11893844604492
2023-09-08,53.40675354003906
2023-09-11,54.16224670410156
2023-09-12,53.919410705566406
2023-09-13,53.89242935180664
2023-09-14,54.20722198486328
2023-09-15,53.8834342956543
2023-09-18,54.08130645751953
2023-09-19,54.7018928527832
2023-09-20,54.96272277832031
2023-09-21,53.93739700317383
2023-09-22,53.94639205932617
2023-09-25,52.912078857421875
2023-09-26,52.31846618652344
2023-09-27,52.12958908081055
2023-09-28,52.588287353515625
2023-09-29,52.372432708740234
2023-10-02,51.87775802612305
2023-10-03,50.15089416503906
2023-10-04,50.52864456176758
2023-10-05,48.747825622558594
2023-10-06,49.206520080566406
2023-10-09,48.79279708862305
2023-10-10,50.5736198425293
2023-10-11,50.780487060546875
2023-10-12,49.82711410522461
2023-10-13,49.32344436645508
2023-10-16,50.24983215332031
2023-10-17,49.75516128540039
2023-10-18,48.765811920166016
2023-10-19,48.31610870361328
2023-10-20,47.911376953125
2023-10-23,47.974334716796875
2023-10-24,47.85741424560547
2023-10-25,48.06427764892578
2023-10-26,49.089603424072266
2023-10-27,49.04462814331055
2023-10-30,49.4223747253418
2023-10-31,49.28746795654297
2023-11-01,50.816463470458984
2023-11-02,53.02900314331055
2023-11-03,53.541664123535156
2023-11-06,53.68556594848633
2023-11-07,53.235862731933594
2023-11-08,52.92107391357422
2023-11-09,52.06663513183594
2023-11-10,53.07396697998047
2023-11-13,53.00201416015625
2023-11-14,55.25053024291992
2023-11-15,55.655269622802734
2023-11-16,55.42141342163086
2023-11-17,55.844139099121094
2023-11-20,56.51869583129883
2023-11-21,55.80815887451172
2023-11-22,56.00603103637695
2023-11-24,56.20390701293945
2023-11-27,55.75420379638672
2023-11-28,56.16792678833008
2023-11-29,55.82615661621094
2023-11-30,56.87845993041992
2023-12-01,57.38212585449219
2023-12-04,56.59064483642578
2023-12-05,57.04034423828125
2023-12-06,57.373130798339844
2023-12-07,57.148277282714844
2023-12-08,57.499046325683594
2023-12-11,57.50804138183594
2023-12-12,58.02070236206055
2023-12-13,58.80318069458008
2023-12-14,60.997737884521484
2023-12-15,60.89879608154297
2023-12-18,61.71726989746094
2023-12-19,61.89714050292969
2023-12-20,60.77136993408203
2023-12-21,61.94918441772461
2023-12-22,61.91266632080078
2023-12-26,62.36919021606445
2023-12-27,62.50613784790039
2023-12-28,62.049625396728516
2023-12-29,61.94918441772461
2024-01-02,61.355712890625
2024-01-03,59.958778381347656
2024-01-04,59.657470703125
2024-01-05,61.06354522705078
2024-01-08,61.16398620605469
2024-01-09,59.56616973876953
2024-01-10,59.830955505371094
2024-01-11,60.28746795654297
2024-01-12,60.57964324951172
2024-01-16,58.81748580932617
2024-01-17,58.09619903564453
2024-01-18,58.37923049926758
2024-01-19,59.45661544799805
2024-01-22,58.47053909301758
2024-01-23,58.835750579833984
2024-01-24,58.826622009277344
2024-01-25,59.79442596435547
2024-01-26,60.61615753173828
2024-01-29,60.607025146484375
2024-01-30,61.20050048828125
2024-01-31,60.8626823425293
2024-02-01,61.75745391845703
2024-02-02,62.0313606262207
2024-02-05,61.72092056274414
2024-02-06,62.92612838745117
2024-02-07,62.8256950378418
2024-02-08,61.657012939453125
2024-02-09,61.55658721923828
2024-02-12,61.66614532470703
2024-02-13,60.762245178222656
2024-02-14,61.46528625488281
2024-02-15,61.702667236328125
2024-02-16,61.447025299072266
2024-02-20,61.45615768432617
2024-02-21,61.28268051147461
2024-02-22,61.355712890625
2024-02-23,60.74398422241211
2024-02-26,60.41529083251953
2024-02-27,60.369651794433594
2024-02-28,59.24661636352539
2024-02-29,59.56616973876953
2024-03-01,59.9313850402832
2024-03-04,59.9222526550293
2024-03-05,60.150516510009766
2024-03-06,59.9770393371582
2024-03-07,59.8857307434082
2024-03-08,59.8857307434082
2024-03-11,60.113990783691406
2024-03-12,59.830955505371094
2024-03-13,61.32831954956055
2024-03-14,61.41962432861328
2024-03-15,61.1274528503418
2024-03-18,61.1274528503418
2024-03-19,60.314857482910156
2024-03-20,62.003971099853516
2024-03-21,61.748313903808594
2024-03-22,61.61137771606445
2024-03-25,61.7117919921875
2024-03-26,62.50613784790039
2024-03-27,63.07221603393555
2024-03-28,63.28220748901367
2024-04-01,62.92612838745117
2024-04-02,63.16352081298828
2024-04-03,63.017433166503906
2024-04-04,63.2730827331543
2024-04-05,64.2043685913086
2024-04-08,64.43263244628906
2024-04-09,63.738731384277344
2024-04-10,62.48788070678711
2024-04-11,62.697872161865234
2024-04-12,61.55658721923828
2024-04-15,60.75311279296875
2024-04-16,59.22835922241211
2024-04-17,59.27400207519531
2024-04-18,59.27400207519531
2024-04-19,59.24661636352539
2024-04-22,59.894859313964844
2024-04-23,60.707454681396484
2024-04-24,60.050079345703125
2024-04-25,60.07748031616211
2024-04-26,61.036155700683594
2024-04-29,61.4013671875
2024-04-30,59.78530502319336
2024-05-01,60.1961669921875
2024-05-02,60.387901306152344
2024-05-03,60.990509033203125
2024-05-06,61.538333892822266
2024-05-07,61.154850006103516
2024-05-08,61.22789001464844
2024-05-09,62.62482452392578
2024-05-10,62.5152702331543
2024-05-13,62.37831497192383
2024-05-14,61.76658248901367
2024-05-15,62.652225494384766
2024-05-16,62.71614074707031
2024-05-17,62.962650299072266
2024-05-20,62.87134552001953
2024-05-21,61.76658248901367
2024-05-22,61.547454833984375
2024-05-23,60.698333740234375
2024-05-24,60.187034606933594
2024-05-28,59.63008117675781
2024-05-29,59.01835632324219
2024-05-30,59.137046813964844
2024-05-31,59.25574493408203
2024-06-03,52.89191436767578
2024-06-04,54.2979850769043
2024-06-05,56.57143020629883
2024-06-06,55.34796905517578
2024-06-07,52.27104949951172
2024-06-10,52.80973815917969
2024-06-11,52.13401794433594
2024-06-12,51.10293197631836
2024-06-13,51.22261428833008
2024-06-14,51.19499588012695
2024-06-17,51.04770278930664
2024-06-18,52.281314849853516
2024-06-20,52.63114547729492
2024-06-21,52.723201751708984
2024-06-24,53.02700424194336
2024-06-25,52.56669998168945
2024-06-26,51.81180191040039
2024-06-27,51.74736022949219
2024-06-28,52.11560821533203
2024-07-01,52.47464370727539
2024-07-02,51.88545227050781
2024-07-03,53.1558952331543
2024-07-05,52.7324104309082
2024-07-08,53.708255767822266
2024-07-09,54.297447204589844
2024-07-10,55.50344467163086
2024-07-11,55.71518325805664
2024-07-12,56.847530364990234
2024-07-15,55.705970764160156
2024-07-16,56.129451751708984
2024-07-17,55.20884704589844
2024-07-18,53.708255767822266
2024-07-19,53.938411712646484
2024-07-22,54.91425323486328
2024-07-23,53.8187255859375
2024-07-24,52.64955520629883
2024-07-25,52.014339447021484
2024-07-26,52.12480926513672
2024-07-29,51.41593933105469
2024-07-30,50.891197204589844
2024-07-31,52.03274917602539
2024-08-01,50.78992462158203
2024-08-02,49.68519973754883
2024-08-05,48.39634704589844
2024-08-06,48.543643951416016
2024-08-07,49.611549377441406
2024-08-08,50.66104507446289
2024-08-09,51.23181915283203
2024-08-12,50.4769287109375
2024-08-13,51.38832473754883
2024-08-14,51.894657135009766
2024-08-15,52.888916015625
2024-08-16,52.741615295410156
2024-08-19,52.520668029785156
2024-08-20,51.56324005126953
2024-08-21,50.62422180175781
2024-08-22,49.80487823486328
2024-08-23,51.0292854309082
2024-08-26,49.841705322265625
2024-08-27,48.43317413330078
2024-08-28,48.56205749511719
2024-08-29,48.64491271972656
2024-08-30,48.829036712646484
2024-09-03,47.91762924194336
2024-09-04,48.00969314575195
2024-09-05,47.880802154541016
2024-09-06,47.337646484375
2024-09-09,47.63224792480469
2024-09-10,46.96019744873047
2024-09-11,47.99128341674805
2024-09-12,49.50107955932617
2024-09-13,50.062644958496094
2024-09-16,50.22835922241211
2024-09-17,50.66104507446289
2024-09-18,50.32962417602539
2024-09-19,50.73469543457031
2024-09-20,49.69440460205078
2024-09-23,49.94297409057617
2024-09-24,51.259437561035156
2024-09-25,49.97979736328125
2024-09-26,50.532161712646484
2024-09-27,49.67599105834961
2024-09-30,49.445838928222656
2024-10-01,49.482666015625
2024-10-02,50.090267181396484
2024-10-03,49.666786193847656
2024-10-04,51.06611633300781
2024-10-07,50.23756408691406
2024-10-08,49.896942138671875
2024-10-09,49.703609466552734
2024-10-10,50.163917541503906
2024-10-11,50.69786834716797
2024-10-14,49.97979736328125
2024-10-15,49.51948928833008
2024-10-16,49.10521697998047
2024-10-17,49.326168060302734
2024-10-18,49.71282196044922
2024-10-21,49.26171875
2024-10-22,49.00394821166992
2024-10-23,49.0868034362793
2024-10-24,48.78300857543945
2024-10-25,48.405555725097656
2024-10-28,48.405555725097656
2024-10-29,47.77033615112305
2024-10-30,47.43891525268555
2024-10-31,47.79795455932617
2024-11-01,47.05226516723633
2024-11-04,47.67827224731445
2024-11-05,47.6230354309082
2024-11-06,48.17540740966797
2024-11-07,49.43663787841797
2024-11-08,48.04651641845703
2024-11-11,47.420501708984375
2024-11-12,46.5643424987793
2024-11-13,46.41704177856445
2024-11-14,46.44466018676758
2024-11-15,46.4722785949707
2024-11-18,46.923377990722656
2024-11-19,46.88655471801758
2024-11-20,46.29736328125
2024-11-21,46.1224479675293
2024-11-22,46.15007019042969
2024-11-25,46.29736328125
2024-11-26,45.063751220703125
2024-11-27,45.2386589050293
2024-11-29,46.27894973754883
2024-12-02,46.352596282958984
2024-12-03,46.84052276611328
2024-12-04,47.27321243286133
2024-12-05,47.945255279541016
2024-12-06,47.595420837402344
2024-12-09,48.331905364990234
2024-12-10,47.834781646728516
2024-12-11,47.908424377441406
2024-12-12,47.38368225097656
2024-12-13,48.26746368408203
2024-12-16,47.337646484375
2024-12-17,47.12868881225586
2024-12-18,46.01743698120117
2024-12-19,45.552040100097656
2024-12-20,46.416351318359375
2024-12-23,45.836978912353516
2024-12-24,45.97944641113281
2024-12-26,45.98894119262695
2024-12-27,45.580535888671875
2024-12-30,44.34579849243164
2024-12-31,44.469276428222656
2025-01-02,45.324092864990234
2025-01-03,44.48827362060547
2025-01-06,45.59952926635742
2025-01-07,46.12191390991211
2025-01-08,45.52354431152344
2025-01-10,44.77320861816406
2025-01-13,45.07714080810547
2025-01-14,45.53303909301758
2025-01-15,46.10292053222656
2025-01-16,45.02015686035156
2025-01-17,45.08664321899414
2025-01-21,45.94145584106445
2025-01-22,46.77727127075195
2025-01-23,47.10969924926758
2025-01-24,47.54660415649414
2025-01-27,46.81526565551758
2025-01-28,47.15719223022461
2025-01-29,47.26166534423828
2025-01-30,47.50861358642578
2025-01-31,46.52082824707031
2025-02-03,47.6795768737793
2025-02-04,47.622589111328125
2025-02-05,47.081207275390625
2025-02-06,48.163970947265625
2025-02-07,48.13547897338867
2025-02-10,48.211456298828125
2025-02-11,48.70534896850586
2025-02-12,49.3037223815918
2025-02-13,49.750125885009766
2025-02-14,50.02555847167969
2025-02-18,50.54794692993164
2025-02-19,49.62664794921875
2025-02-20,50.206024169921875
2025-02-21,49.379703521728516
2025-02-24,49.075767517089844
2025-02-25,48.48689651489258
2025-02-26,48.904808044433594
2025-02-27,48.049991607666016
2025-02-28,47.9835090637207
2025-03-03,47.347145080566406
2025-03-04,47.50861358642578
2025-03-05,48.467899322509766
2025-03-06,48.86681365966797
2025-03-07,48.94279479980469
2025-03-10,47.64158630371094
2025-03-11,47.7270622253418
2025-03-12,48.42041015625
2025-03-13,48.619869232177734
2025-03-14,49.73112869262695
2025-03-17,50.60493469238281
2025-03-18,49.77861785888672
2025-03-19,49.78811264038086
2025-03-20,49.63614273071289
2025-03-21,49.10426330566406
2025-03-24,49.427188873291016
2025-03-25,49.94957733154297
2025-03-26,49.3986930847168
2025-03-27,49.53166961669922
2025-03-28,49.02827835083008
2025-03-31,48.40141677856445
2025-04-01,49.43668746948242
2025-04-02,49.541168212890625
2025-04-03,51.53573226928711
2025-04-04,47.413631439208984
2025-04-07,46.08392333984375
2025-04-08,45.64701843261719
2025-04-09,49.25623321533203
2025-04-10,47.77455139160156
2025-04-11,48.13547897338867
2025-04-14,49.3037223815918
2025-04-15,49.56966018676758
2025-04-16,50.35799026489258
2025-04-17,52.172088623046875
2025-04-21,51.61171340942383
2025-04-22,52.72296905517578
2025-04-23,53.67276382446289
2025-04-24,54.461090087890625
2025-04-25,55.03096389770508
2025-04-28,55.20193099975586
2025-04-29,53.587284088134766
2025-04-30,54.10966873168945
2025-05-01,53.824729919433594
2025-05-02,54.081172943115234
2025-05-05,53.834228515625
2025-05-06,55.458377838134766
2025-05-07,56.12322998046875
2025-05-08,55.19243240356445
2025-05-09,55.20193099975586
2025-05-12,54.93598556518555
2025-05-13,56.113731384277344
2025-05-14,56.37967300415039
2025-05-15,56.284690856933594
2025-05-16,56.52214050292969
2025-05-19,57.52892303466797
2025-05-20,57.490928649902344
2025-05-21,57.291473388671875
2025-05-22,56.82607650756836
2025-05-23,57.623897552490234
2025-05-27,58.06080627441406
2025-05-28,57.84235382080078
2025-05-29,58.155784606933594
2025-05-30,57.14900207519531
2025-06-02,57.59540557861328
2025-06-03,57.35795593261719
2025-06-04,57.22498321533203
2025-06-05,57.671390533447266
2025-06-06,58.165283203125
2025-06-09,58.02281188964844
2025-06-10,58.27925491333008
2025-06-11,58.469215393066406
2025-06-12,58.47871398925781
2025-06-13,57.994319915771484
2025-06-16,57.84251022338867
2025-06-17,56.96259307861328
2025-06-18,57.02061080932617
2025-06-20,56.18903732299805
2025-06-23,56.024654388427734
2025-06-24,57.2526741027832
2025-06-25,57.70713806152344
2025-06-26,58.31631088256836
2025-06-27,58.32598114013672
2025-06-30,58.558048248291016
2025-07-01,59.09953689575195
2025-07-02,59.55399703979492
2025-07-03,59.660362243652344
2025-07-07,59.089866638183594
2025-07-08,58.87713623046875
2025-07-09,58.28730010986328
2025-07-10,58.296974182128906
2025-07-11,58.14226531982422
2025-07-14,57.63945007324219
2025-07-15,57.417057037353516
2025-07-16,57.79416275024414
2025-07-17,57.81350326538086
2025-07-18,57.49441146850586
2025-07-21,57.28168487548828
2025-07-22,57.0786247253418
2025-07-23,58.47102355957031
2025-07-24,58.83845901489258
2025-07-25,59.0318489074707
2025-07-28,58.07457733154297
2025-07-29,58.91581726074219
2025-07-30,58.180938720703125
2025-07-31,58.15193176269531
2025-08-01,57.62977981567383
2025-08-04,57.27201461791992
2025-08-05,58.20027542114258
2025-08-06,58.75143814086914
2025-08-07,59.61201858520508
2025-08-08,59.60234451293945
2025-08-11,59.505653381347656
2025-08-12,60.26953887939453
2025-08-13,59.94077682495117
2025-08-14,58.97383499145508
2025-08-15,59.31226348876953
2025-08-18,59.16722106933594
2025-08-19,59.22523880004883
2025-08-20,59.14788055419922
2025-08-21,59.51531982421875
2025-08-22,60.7239990234375
2025-08-25,59.6700325012207
2025-08-26,59.40895462036133
2025-08-27,59.89242935180664
2025-08-28,60.4532585144043
2025-08-29,59.89242935180664
2025-09-02,60.83036422729492
2025-09-03,60.7239990234375
2025-09-04,60.985076904296875
2025-09-05,61.71995162963867
2025-09-08,62.02937316894531
2025-09-09,62.135738372802734
2025-09-10,62.15507507324219
2025-09-11,63.53779983520508
2025-09-12,63.93425369262695
2025-09-15,64.56275939941406
2025-09-16,64.5917739868164
2025-09-17,64.3306884765625
2025-09-18,63.769866943359375
2025-09-19,63.91490936279297
2025-09-22,64.68846893310547
2025-09-23,65.2009506225586
2025-09-24,64.27267456054688
2025-09-25,63.99226760864258
2025-09-26,64.9205322265625
2025-09-29,65.2299575805664
2025-09-30,65.95516204833984
2025-10-01,64.57242584228516
2025-10-02,64.68846893310547
2025-10-03,64.60143280029297
2025-10-06,63.276729583740234
2025-10-07,62.88995361328125
2025-10-08,63.55714416503906
2025-10-09,63.25738525390625
2025-10-10,62.261436462402344
2025-10-13,63.30573654174805
2025-10-14,62.69655990600586
2025-10-15,63.6925163269043
2025-10-16,64.83351135253906
2025-10-17,63.94392013549805
2025-10-20,63.76020431518555
2025-10-21,62.91896057128906
2025-10-22,63.34441375732422
2025-10-23,63.837554931640625
2025-10-24,63.209041595458984
2025-10-27,64.13731384277344
2025-10-28,64.88185119628906
2025-10-29,65.2009506225586
2025-10-30,64.52408599853516
2025-10-31,64.3306884765625
2025-11-03,64.04061889648438
2025-11-04,63.47978591918945
2025-11-05,64.95921325683594
2025-11-06,64.75614929199219
2025-11-07,65.57804870605469
2025-11-10,65.66507720947266
2025-11-11,67.04779815673828
2025-11-12,65.90681457519531
2025-11-13,65.15259552001953
2025-11-14,64.99788665771484
2025-11-17,63.6925163269043
2025-11-18,64.466064453125
2025-11-19,64.56275939941406
2025-11-20,63.837554931640625
2025-11-21,63.856895446777344
2025-11-24,64.35003662109375
2025-11-25,65.51036071777344
2025-11-26,65.63606262207031
2025-11-28,66.15821838378906
2025-12-01,66.1968994140625
2025-12-02,66.43862915039062
2025-12-03,66.16789245605469
2025-12-04,66.54499053955078
2025-12-05,66.40962982177734
2025-12-08,66.3709487915039
2025-12-09,66.98011779785156
2025-12-10,66.75772094726562
2025-12-11,68.7109375
2025-12-12,68.35317993164062
2025-12-15,68.1501235961914
2025-12-16,67.28977966308594
2025-12-17,66.47181701660156
2025-12-18,67.75296020507812
2025-12-19,67.85150909423828
2025-12-22,68.93555450439453
2025-12-23,70.00975799560547
2025-12-24,69.92105865478516
2025-12-26,70.11815643310547
2025-12-29,69.48744201660156
2025-12-30,68.48223114013672
2025-12-31,68.32455444335938
2026-01-02,68.64977264404297
2026-01-05,69.55642700195312
2026-01-06,69.02425384521484
2026-01-07,68.90599060058594
2026-01-08,69.45787811279297
2026-01-09,70.02945709228516
2026-01-12,71.01496124267578
2026-01-13,70.92626953125
2026-01-14,72.3158187866211
2026-01-15,72.18770599365234
2026-01-16,72.92682647705078
2026-01-20,73.5279769897461
2026-01-21,74.26710510253906
2026-01-22,74.65144348144531
2026-01-23,74.9766616821289
2026-01-26,75.5876693725586
2026-01-27,76.73085021972656
2026-01-28,77.5882339477539
2026-01-29,77.31228637695312
2026-01-30,74.03058624267578
2026-02-02,74.33609008789062
2026-02-03,77.6177978515625
2026-02-04,76.10012817382812
2026-02-05,75.71578979492188
2026-02-06,78.71170043945312
2026-02-09,79.50009155273438
2026-02-10,79.31285095214844
2026-02-11,79.52965545654297
2026-02-12,78.76097106933594
2026-02-13,79.85487365722656
2026-02-17,79.58879089355469
2026-02-18,78.98764038085938
2026-02-19,78.78068542480469
2026-02-20,80.0519790649414
2026-02-23,78.38648223876953
2026-02-24,79.20445251464844
2026-02-25,79.28327941894531
2026-02-26,79.49024200439453
2026-02-27,79.76618194580078
2026-03-02,78.3076400756836
2026-03-03,74.27696228027344
2026-03-04,76.7801284790039
2026-03-05,74.15869903564453
2026-03-06,72.65088653564453
2026-03-09,72.81842041015625
2026-03-10,73.6758041381836
2026-03-11,73.60681915283203
2026-03-12,71.12336730957031
2026-03-13,70.49264526367188
2026-03-16,72.09901428222656
2026-03-17,72.3158187866211
2026-03-18,71.33031463623047
2026-03-19,71.13322448730469
2026-03-20,68.85671997070312
2026-03-23,70.06887817382812
2026-03-24,71.4091567993164
2026-03-25,74.07000732421875
2026-03-26,72.22712707519531
2026-03-27,71.06423950195312
2026-03-30,71.7048110961914
2026-03-31,74.13899230957031
2026-04-01,75.26245880126953
2026-04-02,75.0062255859375
2026-04-06,75.09491729736328
2026-04-07,74.83869171142578
2026-04-08,77.96272277832031
2026-04-09,78.278076171875
2026-04-10,78.35691833496094
2026-04-13,78.14996337890625
2026-04-14,77.60794067382812
2026-04-15,78.278076171875
2026-04-16,77.86417388916016
2026-04-17,78.3076400756836
2026-04-20,78.72154998779297
2026-04-21,76.86882019042969
2026-04-22,77.19403076171875
2026-04-23,76.4844741821289
2026-04-24,77.33200073242188
2026-04-27,75.97200775146484
2026-04-28,75.17375946044922
2026-04-29,74.30652618408203
2026-04-30,75.3314437866211
2026-05-01,75.54825592041016
2026-05-04,74.55290222167969
2026-05-05,76.43519592285156
2026-05-06,78.36676788330078
2026-05-07,78.38648223876953
2026-05-08,78.71170043945312
2026-05-11,79.05662536621094
2026-05-12,78.8299560546875
2026-05-13,79.10589599609375
2026-05-14,77.85431671142578
2026-05-15,76.09027099609375
2026-05-18,76.77027130126953
2026-05-19,76.3957748413086
2026-05-20,77.31228637695312
2026-05-21,76.67172241210938
2026-05-22,76.6323013305664
2026-05-26,77.71634674072266
2026-05-27,78.40618896484375
2026-05-28,77.66706848144531
2026-05-29,77.2925796508789
2026-06-01,76.74070739746094
2026-06-02,77.93315887451172
2026-06-03,76.94766235351562
2026-06-04,76.24795532226562
2026-06-05,74.01087188720703
2026-06-08,73.81377410888672
2026-06-09,73.6758041381836
2026-06-10,73.33088684082031
2026-06-11,76.2183837890625
2026-06-12,77.33200073242188
2026-06-15,77.76000213623047
2026-06-16,77.9800033569336
2026-06-17,77.30999755859375
2026-06-18,77.33000183105469
2026-06-22,75.95999908447266
2026-06-23,74.7300033569336
2026-06-24,73.79000091552734
2026-06-25,75.52999877929688
2026-06-26,75.37000274658203
2026-06-29,76.12000274658203
2026-06-30,75.2699966430664
2026-07-01,75.2699966430664
2026-07-02,75.5
2026-07-06,76.43000030517578
2026-07-07,75.04000091552734
2026-07-08,74.70999908447266
2026-07-09,74.23999786376953
2026-07-10,74.86000061035156
2026-07-13,74.1500015258789
2026-07-14,75.33999633789062
2026-07-15,75.38999938964844
2026-07-16,75.22000122070312
2026-07-17,75.11000061035156
2026-07-20,75.08999633789062
2026-07-21,75.83999633789062
2026-07-22,76.70999908447266
2026-07-23,75.0
2026-07-24,75.44999694824219
2026-07-27,76.54000091552734
2026-07-28,76.77999877929688
2026-07-29,75.56999969482422
2026-07-30,77.11000061035156
2026-07-31,76.80999755859375
2026-08-03,76.55000305175781
2026-08-04,77.05999755859375
2026-08-05,76.69000244140625
2026-08-06,76.62999725341797
2026-08-07,77.5199966430664
2026-08-10,76.93000030517578
2026-08-11,76.23999786376953
2026-08-12,76.45999908447266
2026-08-13,75.44999694824219
2026-08-14,75.01000213623047
2026-08-17,74.91000366210938
2026-08-18,74.45999908447266
2026-08-19,75.13999938964844
2026-08-20,75.5
2026-08-21,77.37999725341797
2026-08-24,77.1500015258789
2026-08-25,77.8499984741211
2026-08-26,77.55000305175781
2026-08-27,77.16000366210938
2026-08-28,76.4800033569336
2026-08-31,76.72000122070312
2026-09-01,75.66000366210938
2026-09-02,76.22000122070312
2026-09-03,76.97000122070312
2026-09-04,76.62999725341797
2026-09-08,76.66999816894531
2026-09-09,76.5
2026-09-10,75.25
2026-09-11,75.37999725341797
2026-09-14,74.81999969482422
2026-09-15,74.02999877929688
2026-09-16,72.88999938964844
2026-09-17,74.29000091552734
2026-09-18,73.33999633789062
2026-09-21,73.69999694824219
2026-09-22,74.45999908447266
2026-09-23,73.41999816894531
2026-09-24,72.51000213623047
2026-09-25,73.33999633789062
2026-09-28,72.37000274658203
2026-09-29,72.05000305175781
2026-09-30,71.08999633789062
2026-10-01,69.7699966430664
2026-10-02,71.08999633789062
2026-10-05,71.87000274658203
2026-10-06,72.69000244140625
2026-10-07,71.97000122070312
2026-10-08,71.52999877929688
