Date,Close
2000-05-12,14.128235816955566
2000-05-15,13.948835372924805
2000-05-16,14.21794319152832
2000-05-17,13.948835372924805
2000-05-18,13.814277648925781
2000-05-19,13.859126091003418
2000-05-22,12.513579368591309
2000-05-23,12.827543258666992
2000-05-24,12.69299030303955
2000-05-25,12.827543258666992
2000-05-26,12.15477180480957
2000-05-30,12.872393608093262
2000-05-31,13.814277648925781
2000-06-01,13.769424438476562
2000-06-02,14.71130657196045
2000-06-05,15.070120811462402
2000-06-06,14.890713691711426
2000-06-07,15.249526023864746
2000-06-08,14.531900405883789
2000-06-09,15.87745189666748
2000-06-12,15.78774642944336
2000-06-13,15.15982437133789
2000-06-14,15.518637657165527
2000-06-15,14.352499008178711
2000-06-16,13.993684768676758
2000-06-19,14.128235816955566
2000-06-20,14.801013946533203
2000-06-21,14.621601104736328
2000-06-22,14.4421968460083
2000-06-23,14.531900405883789
2000-06-26,14.890713691711426
2000-06-27,14.935563087463379
2000-06-28,15.204673767089844
2000-06-29,15.02527141571045
2000-06-30,15.070120811462402
2000-07-03,15.563486099243164
2000-07-05,15.33923053741455
2000-07-06,15.33923053741455
2000-07-07,15.78774642944336
2000-07-10,15.60833740234375
2000-07-11,15.070120811462402
2000-07-12,15.473780632019043
2000-07-13,15.742895126342773
2000-07-14,15.249526023864746
2000-07-17,15.42893123626709
2000-07-18,14.980416297912598
2000-07-19,14.845864295959473
2000-07-20,14.621601104736328
2000-07-21,14.71130657196045
2000-07-24,13.993684768676758
2000-07-25,14.03853702545166
2000-07-26,13.948835372924805
2000-07-27,13.634870529174805
2000-07-28,12.872393608093262
2000-07-31,13.231209754943848
2000-08-01,13.455463409423828
2000-08-02,13.54516887664795
2000-08-03,13.54516887664795
2000-08-04,13.365766525268555
2000-08-07,12.917245864868164
2000-08-08,12.468729019165039
2000-08-09,13.2760591506958
2000-08-10,13.769424438476562
2000-08-11,13.54516887664795
2000-08-14,13.948835372924805
2000-08-15,13.814277648925781
2000-08-16,14.307644844055176
2000-08-17,14.576757431030273
2000-08-18,13.634870529174805
2000-08-21,13.67972183227539
2000-08-22,13.993684768676758
2000-08-23,13.500316619873047
2000-08-24,13.724574089050293
2000-08-25,13.634870529174805
2000-08-28,14.128235816955566
2000-08-29,14.21794319152832
2000-08-30,14.21794319152832
2000-08-31,13.455463409423828
2000-09-01,13.500316619873047
2000-09-05,13.231209754943848
2000-09-06,12.827543258666992
2000-09-07,12.558429718017578
2000-09-08,12.379029273986816
2000-09-11,12.513579368591309
2000-09-12,12.558429718017578
2000-09-13,12.379029273986816
2000-09-14,12.379029273986816
2000-09-15,12.109919548034668
2000-09-18,10.764372825622559
2000-09-19,10.854074478149414
2000-09-20,11.392292976379395
2000-09-21,11.033482551574707
2000-09-22,10.58496379852295
2000-09-25,10.943777084350586
2000-09-26,11.123185157775879
2000-09-27,11.347441673278809
2000-09-28,11.706254005432129
2000-09-29,11.751106262207031
2000-10-02,10.988631248474121
2000-10-03,10.988631248474121
2000-10-04,11.302591323852539
2000-10-05,11.347441673278809
2000-10-06,11.392292976379395
2000-10-09,10.764372825622559
2000-10-10,10.988631248474121
2000-10-11,10.450409889221191
2000-10-12,9.867340087890625
2000-10-13,10.046749114990234
2000-10-16,10.046749114990234
2000-10-17,9.55338191986084
2000-10-18,9.508527755737305
2000-10-19,9.822488784790039
2000-10-20,10.450409889221191
2000-10-23,10.360709190368652
2000-10-24,10.360709190368652
2000-10-25,9.957042694091797
2000-10-26,9.822488784790039
2000-10-27,9.68793773651123
2000-10-30,9.463676452636719
2000-10-31,9.822488784790039
2000-11-01,10.271003723144531
2000-11-02,10.719518661499023
2000-11-03,10.89892864227295
2000-11-06,10.764372825622559
2000-11-07,10.58496379852295
2000-11-08,10.405558586120605
2000-11-09,10.67466926574707
2000-11-10,10.764372825622559
2000-11-13,10.315855026245117
2000-11-14,10.67466926574707
2000-11-15,10.67466926574707
2000-11-16,10.58496379852295
2000-11-17,10.58496379852295
2000-11-20,10.136451721191406
2000-11-21,9.68793773651123
2000-11-22,9.732786178588867
2000-11-24,9.68793773651123
2000-11-27,10.136451721191406
2000-11-28,9.77763843536377
2000-11-29,9.149717330932617
2000-11-30,9.060013771057129
2000-12-01,9.194565773010254
2000-12-04,8.925458908081055
2000-12-05,9.508527755737305
2000-12-06,9.239418983459473
2000-12-07,9.508527755737305
2000-12-08,9.867340087890625
2000-12-11,10.136451721191406
2000-12-12,9.68793773651123
2000-12-13,10.09160041809082
2000-12-14,9.867340087890625
2000-12-15,9.463676452636719
2000-12-18,9.867340087890625
2000-12-19,9.508527755737305
2000-12-20,9.239418983459473
2000-12-21,9.149717330932617
2000-12-22,8.88060474395752
2000-12-26,8.79090404510498
2000-12-27,8.61149787902832
2000-12-28,8.835756301879883
2000-12-29,8.79090404510498
2001-01-02,8.925458908081055
2001-01-03,9.912193298339844
2001-01-04,9.643083572387695
2001-01-05,10.001895904541016
2001-01-08,10.405558586120605
2001-01-09,10.495261192321777
2001-01-10,9.867340087890625
2001-01-11,10.046749114990234
2001-01-12,10.405558586120605
2001-01-16,10.181300163269043
2001-01-17,10.58496379852295
2001-01-18,10.764372825622559
2001-01-19,10.943777084350586
2001-01-22,10.988631248474121
2001-01-23,11.392292976379395
2001-01-24,11.437146186828613
2001-01-25,11.123185157775879
2001-01-26,10.181300163269043
2001-01-29,10.513200759887695
2001-01-30,10.340972900390625
2001-01-31,10.83613395690918
2001-02-01,10.735665321350098
2001-02-02,10.78589916229248
2001-02-05,10.154393196105957
2001-02-06,10.326620101928711
2001-02-07,10.154393196105957
2001-02-08,10.427087783813477
2001-02-09,10.506026268005371
2001-02-12,10.541906356811523
2001-02-13,10.455791473388672
2001-02-14,10.79307746887207
2001-02-15,10.958128929138184
2001-02-16,10.513200759887695
2001-02-20,10.83613395690918
2001-02-21,10.563436508178711
2001-02-22,10.262035369873047
2001-02-23,10.226156234741211
2001-02-26,10.462970733642578
2001-02-27,10.190272331237793
2001-02-28,9.881691932678223
2001-03-01,10.046749114990234
2001-03-02,9.702286720275879
2001-03-05,9.867340087890625
2001-03-06,10.046749114990234
2001-03-07,9.939105033874512
2001-03-08,10.01086711883545
2001-03-09,9.522881507873535
2001-03-12,9.006189346313477
2001-03-13,9.221480369567871
2001-03-14,9.113835334777832
2001-03-15,9.321946144104004
2001-03-16,9.321946144104004
2001-03-19,9.113835334777832
2001-03-20,8.61149787902832
2001-03-21,8.697613716125488
2001-03-22,8.783727645874023
2001-03-23,9.278888702392578
2001-03-26,9.307594299316406
2001-03-27,9.135363578796387
2001-03-28,8.755023956298828
2001-03-29,8.819607734680176
2001-03-30,8.783727645874023
2001-04-02,8.503854751586914
2001-04-03,8.11633586883545
2001-04-04,7.901047706604004
2001-04-05,8.324447631835938
2001-04-06,8.324447631835938
2001-04-09,8.188098907470703
2001-04-10,8.288567543029785
2001-04-11,8.60431957244873
2001-04-12,8.855491638183594
2001-04-16,8.503854751586914
2001-04-17,8.920077323913574
2001-04-18,9.910399436950684
2001-04-19,9.90322494506836
2001-04-20,9.522881507873535
2001-04-23,9.400885581970215
2001-04-24,9.68793773651123
2001-04-25,9.939105033874512
2001-04-26,9.759696006774902
2001-04-27,9.44394302368164
2001-04-30,10.053924560546875
2001-05-01,10.240508079528809
2001-05-02,10.254859924316406
2001-05-03,10.333796501159668
2001-05-04,10.405558586120605
2001-05-07,10.441437721252441
2001-05-08,10.419910430908203
2001-05-09,10.118510246276855
2001-05-10,10.118510246276855
2001-05-11,10.247682571411133
2001-05-14,10.118510246276855
2001-05-15,9.953458786010742
2001-05-16,10.218977928161621
2001-05-17,10.520379066467285
2001-05-18,10.49885082244873
2001-05-21,11.022714614868164
2001-05-22,10.764372825622559
2001-05-23,10.936602592468262
2001-05-24,10.972482681274414
2001-05-25,10.800249099731445
2001-05-29,10.958128929138184
2001-05-30,10.656730651855469
2001-05-31,10.814603805541992
2001-06-01,10.635199546813965
2001-06-04,10.699787139892578
2001-06-05,10.434263229370117
2001-06-06,10.405558586120605
2001-06-07,10.606494903564453
2001-06-08,10.814603805541992
2001-06-11,10.61367130279541
2001-06-12,10.448617935180664
2001-06-13,10.728489875793457
2001-06-14,10.369678497314453
2001-06-15,10.635199546813965
2001-06-18,10.48449993133545
2001-06-19,10.154393196105957
2001-06-20,10.226156234741211
2001-06-21,10.262035369873047
2001-06-22,10.190272331237793
2001-06-25,10.190272331237793
2001-06-26,10.01086711883545
2001-06-27,9.910399436950684
2001-06-28,10.513200759887695
2001-06-29,10.254859924316406
2001-07-02,10.233331680297852
2001-07-03,10.132861137390137
2001-07-05,10.132861137390137
2001-07-06,9.867340087890625
2001-07-09,9.587468147277832
2001-07-10,9.508527755737305
2001-07-11,9.42958927154541
2001-07-12,9.616171836853027
2001-07-13,9.400885581970215
2001-07-16,9.26453685760498
2001-07-17,9.329124450683594
2001-07-18,9.128189086914062
2001-07-19,9.286064147949219
2001-07-20,9.228654861450195
2001-07-23,8.999014854431152
2001-07-24,8.826786041259766
2001-07-25,9.171246528625488
2001-07-26,9.307594299316406
2001-07-27,9.458294868469238
2001-07-30,9.250184059143066
2001-07-31,9.400885581970215
2001-08-01,9.924749374389648
2001-08-02,10.068277359008789
2001-08-03,10.111333847045898
2001-08-06,9.838637351989746
2001-08-07,9.917574882507324
2001-08-08,9.982161521911621
2001-08-09,9.673580169677734
2001-08-10,9.652053833007812
2001-08-13,9.953458786010742
2001-08-14,10.02521800994873
2001-08-15,10.061100006103516
2001-08-16,10.211801528930664
2001-08-17,9.931927680969238
2001-08-20,10.003690719604492
2001-08-21,9.766873359680176
2001-08-22,10.003690719604492
2001-08-23,9.90322494506836
2001-08-24,10.043498039245605
2001-08-27,10.094115257263184
2001-08-28,10.144729614257812
2001-08-29,9.819347381591797
2001-08-30,9.790419578552246
2001-08-31,9.544577598571777
2001-09-04,9.689190864562988
2001-09-05,9.710886001586914
2001-09-06,9.544577598571777
2001-09-07,9.551809310913086
2001-09-10,9.78318977355957
2001-09-17,8.170737266540527
2001-09-18,8.337043762207031
2001-09-19,8.358735084533691
2001-09-20,7.816429615020752
2001-09-21,7.91766357421875
2001-09-24,8.30811882019043
2001-09-25,7.91766357421875
2001-09-26,7.924892902374268
2001-09-27,7.8453545570373535
2001-09-28,7.9610443115234375
2001-10-01,8.00442886352539
2001-10-02,8.047813415527344
2001-10-03,8.315352439880371
2001-10-04,8.481656074523926
2001-10-05,8.3804292678833
2001-10-08,8.271965026855469
2001-10-09,8.39488697052002
2001-10-10,8.53227424621582
2001-10-11,8.893811225891113
2001-10-12,8.857657432556152
2001-10-15,8.835965156555176
2001-10-16,8.980579376220703
2001-10-17,8.901041984558105
2001-10-18,8.987812042236328
2001-10-19,8.893811225891113
2001-10-22,8.893811225891113
2001-10-23,8.973349571228027
2001-10-24,9.465041160583496
2001-10-25,9.479500770568848
2001-10-26,9.56627082824707
2001-10-29,9.472270965576172
2001-10-30,9.204731941223145
2001-10-31,9.26980972290039
2001-11-01,9.78318977355957
2001-11-02,9.754267692565918
2001-11-05,9.898884773254395
2001-11-06,9.90611457824707
2001-11-07,9.978424072265625
2001-11-08,10.159189224243164
2001-11-09,10.368882179260254
2001-11-12,10.578574180603027
2001-11-13,10.867801666259766
2001-11-14,11.149801254272461
2001-11-15,11.091955184936523
2001-11-16,11.041338920593262
2001-11-19,11.453493118286133
2001-11-20,11.120877265930176
2001-11-21,11.178725242614746
2001-11-23,11.836725234985352
2001-11-26,12.4874906539917
2001-11-27,12.422412872314453
2001-11-28,11.395646095275879
2001-11-29,11.496877670288086
2001-11-30,11.757186889648438
2001-12-03,11.894569396972656
2001-12-04,12.075335502624512
2001-12-05,13.253948211669922
2001-12-06,12.899641990661621
2001-12-07,13.275640487670898
2001-12-10,12.567028999328613
2001-12-11,12.595952033996582
2001-12-12,12.82010269165039
2001-12-13,12.776719093322754
2001-12-14,12.299489974975586
2001-12-17,12.097026824951172
2001-12-18,12.183796882629395
2001-12-19,11.865645408630371
2001-12-20,12.082563400268555
2001-12-21,11.901798248291016
2001-12-24,11.807799339294434
2001-12-26,11.952413558959961
2001-12-27,12.212718963623047
2001-12-28,12.552566528320312
2001-12-31,12.805642127990723
2002-01-02,13.326254844665527
2002-01-03,13.514252662658691
2002-01-04,14.15056037902832
2002-01-07,13.969792366027832
2002-01-08,13.731176376342773
2002-01-09,14.020407676696777
2002-01-10,13.478100776672363
2002-01-11,13.369636535644531
2002-01-14,13.760098457336426
2002-01-15,13.413023948669434
2002-01-16,13.015332221984863
2002-01-17,13.253948211669922
2002-01-18,13.087640762329102
2002-01-22,13.22502326965332
2002-01-23,13.550406455993652
2002-01-24,13.984251022338867
2002-01-25,14.309638023376465
2002-01-28,14.548254013061523
2002-01-29,14.049332618713379
2002-01-30,13.984251022338867
2002-01-31,13.875792503356934
2002-02-01,13.716712951660156
2002-02-04,13.275640487670898
2002-02-05,13.615483283996582
2002-02-06,13.666101455688477
2002-02-07,13.449175834655762
2002-02-08,13.68779468536377
2002-02-11,13.868559837341309
2002-02-12,13.817946434020996
2002-02-13,13.955328941345215
2002-02-14,14.859169960021973
2002-02-15,14.497637748718262
2002-02-19,14.403632164001465
2002-02-20,14.569942474365234
2002-02-21,14.533788681030273
2002-02-22,14.931476593017578
2002-02-25,15.141169548034668
2002-02-26,15.17732048034668
2002-02-27,15.336404800415039
2002-02-28,15.387016296386719
2002-03-01,15.763014793395996
2002-03-04,15.857015609741211
2002-03-05,15.719635963439941
2002-03-06,15.893167495727539
2002-03-07,15.5750150680542
2002-03-08,15.553323745727539
2002-03-11,15.582249641418457
2002-03-12,15.8353271484375
2002-03-13,15.842556953430176
2002-03-14,16.095626831054688
2002-03-15,16.21132469177246
2002-03-18,16.225778579711914
2002-03-19,16.739166259765625
2002-03-20,16.124547958374023
2002-03-21,16.196861267089844
2002-03-22,16.47162437438965
2002-03-25,16.088397979736328
2002-03-26,16.334243774414062
2002-03-27,16.76808738708496
2002-03-28,16.59455108642578
2002-04-01,16.31255340576172
2002-04-02,16.645164489746094
2002-04-03,16.739166259765625
2002-04-04,16.840396881103516
2002-04-05,17.013938903808594
2002-04-08,16.49332046508789
2002-04-09,15.849785804748535
2002-04-10,15.538860321044922
2002-04-11,15.256863594055176
2002-04-12,15.726859092712402
2002-04-15,16.3631649017334
2002-04-16,16.956085205078125
2002-04-17,17.498395919799805
2002-04-18,17.353776931762695
2002-04-19,17.2887020111084
2002-04-22,17.107934951782227
2002-04-23,17.570701599121094
2002-04-24,17.498395919799805
2002-04-25,16.883779525756836
2002-04-26,16.630704879760742
2002-04-29,15.748557090759277
2002-04-30,16.298084259033203
2002-05-01,16.233007431030273
2002-05-02,16.442703247070312
2002-05-03,16.269163131713867
2002-05-06,15.213479042053223
2002-05-07,15.690709114074707
2002-05-08,16.876548767089844
2002-05-09,16.522241592407227
2002-05-10,15.705169677734375
2002-05-13,16.016088485717773
2002-05-14,16.58732032775879
2002-05-15,16.86208724975586
2002-05-16,16.847620010375977
2002-05-17,17.55624008178711
2002-05-20,17.173009872436523
2002-05-21,16.565628051757812
2002-05-22,17.201934814453125
2002-05-23,17.144088745117188
2002-05-24,17.274242401123047
2002-05-28,17.411623001098633
2002-05-29,17.107934951782227
2002-05-30,16.891006469726562
2002-05-31,16.652393341064453
2002-06-03,16.334243774414062
2002-06-04,16.941627502441406
2002-06-05,17.06454849243164
2002-06-06,16.77531623840332
2002-06-07,16.58008575439453
2002-06-10,16.985008239746094
2002-06-11,16.92715835571289
2002-06-12,17.238086700439453
2002-06-13,17.10070037841797
2002-06-14,16.681318283081055
2002-06-17,17.021162033081055
2002-06-18,17.165773391723633
2002-06-19,16.001628875732422
2002-06-20,16.160701751708984
2002-06-21,15.95101261138916
2002-06-24,16.370393753051758
2002-06-25,15.799173355102539
2002-06-26,15.17732048034668
2002-06-27,15.401476860046387
2002-06-28,15.82809066772461
2002-07-01,15.48824405670166
2002-07-02,15.213479042053223
2002-07-03,15.59670639038086
2002-07-05,16.876548767089844
2002-07-08,16.717470169067383
2002-07-09,17.071779251098633
2002-07-10,16.883779525756836
2002-07-11,16.652393341064453
2002-07-12,16.86208724975586
2002-07-15,16.77531623840332
2002-07-16,16.269163131713867
2002-07-17,16.522241592407227
2002-07-18,16.442703247070312
2002-07-19,15.80639934539795
2002-07-22,15.184555053710938
2002-07-23,15.690709114074707
2002-07-24,16.196861267089844
2002-07-25,15.141169548034668
2002-07-26,14.569942474365234
2002-07-29,15.227935791015625
2002-07-30,15.141169548034668
2002-07-31,14.64224624633789
2002-08-01,14.432560920715332
2002-08-02,14.208407402038574
2002-08-05,13.56486701965332
2002-08-06,14.013175964355469
2002-08-07,14.172249794006348
2002-08-08,14.526559829711914
2002-08-09,14.251791000366211
2002-08-12,14.18671703338623
2002-08-13,14.519330978393555
2002-08-14,15.249629974365234
2002-08-15,15.119481086730957
2002-08-16,15.018250465393066
2002-08-19,15.220706939697266
2002-08-20,15.300244331359863
2002-08-21,15.900399208068848
2002-08-22,15.640093803405762
2002-08-23,15.227935791015625
2002-08-26,15.343632698059082
2002-08-27,14.974861145019531
2002-08-28,14.714555740356445
2002-08-29,14.895325660705566
2002-08-30,15.213479042053223
2002-09-03,15.068861961364746
2002-09-04,15.047173500061035
2002-09-05,14.931476593017578
2002-09-06,14.931476593017578
2002-09-09,14.64224624633789
2002-09-10,14.982094764709473
2002-09-11,15.162860870361328
2002-09-12,15.119481086730957
2002-09-13,14.960404396057129
2002-09-16,14.45425033569336
2002-09-17,14.541017532348633
2002-09-18,14.606094360351562
2002-09-19,14.4614839553833
2002-09-20,14.432560920715332
2002-09-23,13.52871322631836
2002-09-24,13.391331672668457
2002-09-25,13.709480285644531
2002-09-26,13.702252388000488
2002-09-27,13.26840591430664
2002-09-30,12.661025047302246
2002-10-01,13.326254844665527
2002-10-02,12.986409187316895
2002-10-03,12.834565162658691
2002-10-04,12.769487380981445
2002-10-07,12.386260986328125
2002-10-08,12.646563529968262
2002-10-09,11.952413558959961
2002-10-10,11.87287425994873
2002-10-11,12.154870986938477
2002-10-14,12.111490249633789
2002-10-15,13.0731782913208
2002-10-16,12.653792381286621
2002-10-17,13.311792373657227
2002-10-18,13.601019859313965
2002-10-21,13.521482467651367
2002-10-22,12.88517951965332
2002-10-23,13.369636535644531
2002-10-24,13.232254028320312
2002-10-25,13.427483558654785
2002-10-28,13.74563980102539
2002-10-29,13.781790733337402
2002-10-30,13.637176513671875
2002-10-31,13.62271499633789
2002-11-01,13.405795097351074
2002-11-04,14.143327713012695
2002-11-05,14.165022850036621
2002-11-06,13.955328941345215
2002-11-07,14.280710220336914
2002-11-08,14.389177322387695
2002-11-11,14.063790321350098
2002-11-12,13.969792366027832
2002-11-13,14.078253746032715
2002-11-14,14.092717170715332
2002-11-15,14.295177459716797
2002-11-18,14.034866333007812
2002-11-19,14.1216402053833
2002-11-20,14.45425033569336
2002-11-21,14.613323211669922
2002-11-22,14.996552467346191
2002-11-25,14.996552467346191
2002-11-26,14.649480819702148
2002-11-27,15.401476860046387
2002-11-29,15.329170227050781
2002-12-02,15.415939331054688
2002-12-03,15.314706802368164
2002-12-04,14.497637748718262
2002-12-05,14.707327842712402
2002-12-06,14.6784029006958
2002-12-09,14.244559288024902
2002-12-10,14.519330978393555
2002-12-11,14.418099403381348
2002-12-12,14.685632705688477
2002-12-13,14.663944244384766
2002-12-16,14.649480819702148
2002-12-17,14.700094223022461
2002-12-18,14.526559829711914
2002-12-19,14.541017532348633
2002-12-20,14.671172142028809
2002-12-23,14.309638023376465
2002-12-24,13.88302230834961
2002-12-26,13.752870559692383
2002-12-27,13.253948211669922
2002-12-30,13.2900972366333
2002-12-31,13.26840591430664
2003-01-02,13.57933521270752
2003-01-03,14.208407402038574
2003-01-06,14.598867416381836
2003-01-07,14.063790321350098
2003-01-08,13.846870422363281
2003-01-09,13.846870422363281
2003-01-10,13.57209587097168
2003-01-13,14.013175964355469
2003-01-14,14.23732852935791
2003-01-15,13.810714721679688
2003-01-16,13.969792366027832
2003-01-17,13.507022857666016
2003-01-21,13.57933521270752
2003-01-22,13.304563522338867
2003-01-23,13.74563980102539
2003-01-24,12.877948760986328
2003-01-27,12.653792381286621
2003-01-28,13.188870429992676
2003-01-29,12.726102828979492
2003-01-30,12.552566528320312
2003-01-31,12.747798919677734
2003-02-03,13.065943717956543
2003-02-04,12.769487380981445
2003-02-05,12.870718955993652
2003-02-06,12.581489562988281
2003-02-07,12.270566940307617
2003-02-10,12.285028457641602
2003-02-11,11.988566398620605
2003-02-12,12.234411239624023
2003-02-13,12.00302791595459
2003-02-14,12.299489974975586
2003-02-18,12.733333587646484
2003-02-19,12.661025047302246
2003-02-20,12.870718955993652
2003-02-21,12.935794830322266
2003-02-24,12.964719772338867
2003-02-25,12.726102828979492
2003-02-26,12.465798377990723
2003-02-27,12.538105964660645
2003-02-28,12.285028457641602
2003-03-03,12.552566528320312
2003-03-04,12.147644996643066
2003-03-05,11.836725234985352
2003-03-06,11.569183349609375
2003-03-07,11.561954498291016
2003-03-10,11.157031059265137
2003-03-11,10.896724700927734
2003-03-12,10.896724700927734
2003-03-13,11.460723876953125
2003-03-14,11.229340553283691
2003-03-17,11.1281099319458
2003-03-18,11.25826358795166
2003-03-19,11.272724151611328
2003-03-20,11.9307222366333
2003-03-21,12.256109237670898
2003-03-24,11.605338096618652
2003-03-25,11.533031463623047
2003-03-26,11.59811019897461
2003-03-27,11.402880668640137
2003-03-28,11.41010856628418
2003-03-31,10.860570907592773
2003-04-01,11.034110069274902
2003-04-02,11.294413566589355
2003-04-03,11.099186897277832
2003-04-04,11.34503173828125
2003-04-07,11.757186889648438
2003-04-08,11.670413970947266
2003-04-09,11.424571990966797
2003-04-10,11.865645408630371
2003-04-11,12.03918170928955
2003-04-14,12.422412872314453
2003-04-15,12.668256759643555
2003-04-16,12.870718955993652
2003-04-17,13.015332221984863
2003-04-21,13.116559028625488
2003-04-22,12.726102828979492
2003-04-23,12.545333862304688
2003-04-24,12.111490249633789
2003-04-25,11.61257266998291
2003-04-28,12.010262489318848
2003-04-29,12.436872482299805
2003-04-30,12.4874906539917
2003-05-01,12.501954078674316
2003-05-02,12.624871253967285
2003-05-05,12.617642402648926
2003-05-06,12.921334266662598
2003-05-07,13.123794555664062
2003-05-08,13.051484107971191
2003-05-09,13.304563522338867
2003-05-12,13.680562973022461
2003-05-13,13.0731782913208
2003-05-14,12.870718955993652
2003-05-15,13.261177062988281
2003-05-16,12.914103507995605
2003-05-19,12.50917911529541
2003-05-20,12.740565299987793
2003-05-21,12.610410690307617
2003-05-22,12.762256622314453
2003-05-23,12.906874656677246
2003-05-27,13.152714729309082
2003-05-28,13.253948211669922
2003-05-29,13.261177062988281
2003-05-30,13.376871109008789
2003-06-02,13.673331260681152
2003-06-03,13.463639259338379
2003-06-04,13.73840618133545
2003-06-05,13.789024353027344
2003-06-06,13.825176239013672
2003-06-09,13.731176376342773
2003-06-10,14.08548355102539
2003-06-11,14.165022850036621
2003-06-12,14.230100631713867
2003-06-13,14.114411354064941
2003-06-16,14.432560920715332
2003-06-17,14.497637748718262
2003-06-18,14.700094223022461
2003-06-19,14.895325660705566
2003-06-20,14.736251831054688
2003-06-23,14.316865921020508
2003-06-24,14.266250610351562
2003-06-25,14.425332069396973
2003-06-26,14.80855941772461
2003-06-27,14.598867416381836
2003-06-30,14.45425033569336
2003-07-01,14.606094360351562
2003-07-02,15.011017799377441
2003-07-03,15.119481086730957
2003-07-07,15.365321159362793
2003-07-08,15.900399208068848
2003-07-09,15.8353271484375
2003-07-10,15.379786491394043
2003-07-11,15.625632286071777
2003-07-14,16.269163131713867
2003-07-15,15.77025032043457
2003-07-16,15.90762996673584
2003-07-17,15.401476860046387
2003-07-18,15.473784446716309
2003-07-21,15.047173500061035
2003-07-22,15.509940147399902
2003-07-23,15.27855396270752
2003-07-24,15.56778621673584
2003-07-25,15.871478080749512
2003-07-28,15.90762996673584
2003-07-29,16.124547958374023
2003-07-30,16.001628875732422
2003-07-31,15.690709114074707
2003-08-01,16.001628875732422
2003-08-04,15.871478080749512
2003-08-05,15.748557090759277
2003-08-06,15.531630516052246
2003-08-07,15.625632286071777
2003-08-08,15.430398941040039
2003-08-11,15.481017112731934
2003-08-12,15.220706939697266
2003-08-13,15.531630516052246
2003-08-14,16.088397979736328
2003-08-15,16.196861267089844
2003-08-18,16.269163131713867
2003-08-19,16.413780212402344
2003-08-20,16.478858947753906
2003-08-21,17.10070037841797
2003-08-22,16.883779525756836
2003-08-25,16.840396881103516
2003-08-26,16.82593536376953
2003-08-27,16.797012329101562
2003-08-28,16.666860580444336
2003-08-29,16.912704467773438
2003-09-02,17.173009872436523
2003-09-03,17.035619735717773
2003-09-04,17.129623413085938
2003-09-05,17.021162033081055
2003-09-08,17.238086700439453
2003-09-09,16.847620010375977
2003-09-10,16.666860580444336
2003-09-11,16.992238998413086
2003-09-12,16.645164489746094
2003-09-15,16.52947235107422
2003-09-16,17.057313919067383
2003-09-17,16.999467849731445
2003-09-18,16.985008239746094
2003-09-19,16.59455108642578
2003-09-22,15.9148588180542
2003-09-23,16.160701751708984
2003-09-24,15.849785804748535
2003-09-25,15.755788803100586
2003-09-26,15.5750150680542
2003-09-29,15.669014930725098
2003-09-30,15.43763256072998
2003-10-01,16.11731719970703
2003-10-02,16.413780212402344
2003-10-03,16.78254508972168
2003-10-06,16.753625869750977
2003-10-07,16.572856903076172
2003-10-08,16.305316925048828
2003-10-09,16.746389389038086
2003-10-10,17.317626953125
2003-10-13,17.635774612426758
2003-10-14,17.31039047241211
2003-10-15,16.86208724975586
2003-10-16,17.107934951782227
2003-10-17,16.847620010375977
2003-10-20,17.136856079101562
2003-10-21,17.303163528442383
2003-10-22,17.028390884399414
2003-10-23,16.558395385742188
2003-10-24,16.290863037109375
2003-10-27,16.847620010375977
2003-10-28,17.10070037841797
2003-10-29,17.346546173095703
2003-10-30,17.5634708404541
2003-10-31,17.49116325378418
2003-11-03,17.585161209106445
2003-11-04,17.54900360107422
2003-11-05,17.98285675048828
2003-11-06,17.5345458984375
2003-11-07,17.903308868408203
2003-11-10,17.75870132446289
2003-11-11,17.628543853759766
2003-11-12,18.033466339111328
2003-11-13,18.26485252380371
2003-11-14,18.06239128112793
2003-11-17,17.44777488708496
2003-11-18,17.5345458984375
2003-11-19,17.173009872436523
2003-11-20,16.818700790405273
2003-11-21,16.840396881103516
2003-11-24,16.688549041748047
2003-11-25,16.82593536376953
2003-11-26,16.919931411743164
2003-11-28,17.11516761779785
2003-12-01,17.946699142456055
2003-12-02,17.80208396911621
2003-12-03,17.722543716430664
2003-12-04,17.831003189086914
2003-12-05,17.201934814453125
2003-12-08,17.404390335083008
2003-12-09,17.079011917114258
2003-12-10,17.353776931762695
2003-12-11,17.881620407104492
2003-12-12,17.953927993774414
2003-12-15,17.98285675048828
2003-12-16,17.888853073120117
2003-12-17,17.570701599121094
2003-12-18,17.946699142456055
2003-12-19,17.823774337768555
2003-12-22,17.796127319335938
2003-12-23,17.679719924926758
2003-12-24,17.64333724975586
2003-12-26,17.58513641357422
2003-12-29,17.781579971313477
2003-12-30,18.145355224609375
2003-12-31,18.279682159423828
2004-01-02,18.761493682861328
2004-01-05,18.87099266052246
2004-01-06,18.57899284362793
2004-01-07,18.651987075805664
2004-01-08,18.790691375732422
2004-01-09,19.053503036499023
2004-01-12,19.528018951416016
2004-01-13,19.126501083374023
2004-01-14,19.34550666809082
2004-01-15,19.192201614379883
2004-01-16,19.287107467651367
2004-01-20,19.549911499023438
2004-01-21,19.914928436279297
2004-01-22,20.272634506225586
2004-01-23,19.856517791748047
2004-01-26,20.294532775878906
2004-01-27,19.557212829589844
2004-01-28,19.528018951416016
2004-01-29,19.491514205932617
2004-01-30,19.403911590576172
2004-02-02,19.513412475585938
2004-02-03,19.221406936645508
2004-02-04,18.98780059814453
2004-02-05,19.27250862121582
2004-02-06,19.81272315979004
2004-02-09,20.03172492980957
2004-02-10,20.22153091430664
2004-02-11,20.696048736572266
2004-02-12,20.46973991394043
2004-02-13,20.55733871459961
2004-02-17,20.77634620666504
2004-02-18,20.404035568237305
2004-02-19,20.352933883666992
2004-02-20,20.00252914428711
2004-02-23,19.86382293701172
2004-02-24,19.615623474121094
2004-02-25,19.754316329956055
2004-02-26,19.68861961364746
2004-02-27,20.16313362121582
2004-03-01,20.38213539123535
2004-03-02,20.542741775512695
2004-03-03,20.404035568237305
2004-03-04,20.805551528930664
2004-03-05,20.907752990722656
2004-03-08,20.404035568237305
2004-03-09,20.250732421875
2004-03-10,19.637516021728516
2004-03-11,19.622915267944336
2004-03-12,19.250612258911133
2004-03-15,19.031600952148438
2004-03-16,19.309005737304688
2004-03-17,19.99522590637207
2004-03-18,19.871124267578125
2004-03-19,19.820022583007812
2004-03-22,19.396610260009766
2004-03-23,19.820022583007812
2004-03-24,19.67401695251465
2004-03-25,19.958724975585938
2004-03-26,19.820022583007812
2004-03-29,20.301834106445312
2004-03-30,20.22882843017578
2004-03-31,20.579246520996094
2004-04-01,20.86394691467285
2004-04-02,20.95155143737793
2004-04-05,21.163257598876953
2004-04-06,21.30926513671875
2004-04-07,21.389564514160156
2004-04-08,21.66697120666504
2004-04-12,21.937074661254883
2004-04-13,21.40416145324707
2004-04-14,21.28005599975586
2004-04-15,21.221656799316406
2004-04-16,20.87854766845703
2004-04-19,21.090251922607422
2004-04-20,21.163257598876953
2004-04-21,21.506364822387695
2004-04-22,21.426067352294922
2004-04-23,21.637765884399414
2004-04-26,21.024551391601562
2004-04-27,20.988048553466797
2004-04-28,20.03172492980957
2004-04-29,19.002399444580078
2004-04-30,18.87099266052246
2004-05-03,19.10460090637207
2004-05-04,19.21410369873047
2004-05-05,19.21410369873047
2004-05-06,18.432985305786133
2004-05-07,18.177480697631836
2004-05-10,17.031347274780273
2004-05-11,17.367158889770508
2004-05-12,17.66646957397461
2004-05-13,17.33795166015625
2004-05-14,16.746641159057617
2004-05-17,15.980124473571777
2004-05-18,16.440034866333008
2004-05-19,17.045949935913086
2004-05-20,17.1335506439209
2004-05-21,17.469364166259766
2004-05-24,17.52776336669922
2004-05-25,17.65186309814453
2004-05-26,17.673765182495117
2004-05-27,17.994970321655273
2004-05-28,18.140979766845703
2004-06-01,18.133682250976562
2004-06-02,17.9876708984375
2004-06-03,17.148147583007812
2004-06-04,17.381755828857422
2004-06-07,18.243179321289062
2004-06-08,18.17017936706543
2004-06-09,17.47665786743164
2004-06-10,17.30145263671875
2004-06-14,16.2064266204834
2004-06-15,16.826942443847656
2004-06-16,16.51303482055664
2004-06-17,16.615234375
2004-06-18,16.440034866333008
2004-06-21,16.425434112548828
2004-06-22,16.644433975219727
2004-06-23,16.571430206298828
2004-06-24,17.155452728271484
2004-06-25,17.56426239013672
2004-06-28,17.33795166015625
2004-06-29,17.483959197998047
2004-06-30,17.768672943115234
2004-07-01,17.264955520629883
2004-07-02,16.92914390563965
2004-07-06,16.717439651489258
2004-07-07,16.936447143554688
2004-07-08,16.505735397338867
2004-07-09,16.710140228271484
2004-07-12,16.67363929748535
2004-07-13,16.841543197631836
2004-07-14,16.2064266204834
2004-07-15,16.067720413208008
2004-07-16,16.34513282775879
2004-07-19,16.505735397338867
2004-07-20,16.425434112548828
2004-07-21,16.21372413635254
2004-07-22,16.454631805419922
2004-07-23,16.031225204467773
2004-07-26,16.031225204467773
2004-07-27,16.279430389404297
2004-07-28,16.330530166625977
2004-07-29,16.169923782348633
2004-07-30,16.096921920776367
2004-08-02,15.943621635437012
2004-08-03,15.804915428161621
2004-08-04,15.994719505310059
2004-08-05,16.242931365966797
2004-08-06,15.987421989440918
2004-08-09,16.359731674194336
2004-08-10,16.753944396972656
2004-08-11,16.768537521362305
2004-08-12,16.826942443847656
2004-08-13,17.11895179748535
2004-08-16,17.30145263671875
2004-08-17,17.11895179748535
2004-08-18,17.432857513427734
2004-08-19,17.505863189697266
2004-08-20,17.673765182495117
2004-08-23,17.520463943481445
2004-08-24,17.586164474487305
2004-08-25,17.812467575073242
2004-08-26,17.97307586669922
2004-08-27,17.878171920776367
2004-08-30,17.556962966918945
2004-08-31,17.70296287536621
2004-09-01,18.06797981262207
2004-09-02,18.316179275512695
2004-09-03,18.316179275512695
2004-09-07,18.009572982788086
2004-09-08,17.878171920776367
2004-09-09,18.053373336791992
2004-09-10,18.454885482788086
2004-09-13,18.805295944213867
2004-09-14,18.746891021728516
2004-09-15,18.57899284362793
2004-09-16,18.87099266052246
2004-09-17,18.761493682861328
2004-09-20,18.732295989990234
2004-09-21,18.93669891357422
2004-09-22,18.133682250976562
2004-09-23,18.155574798583984
2004-09-24,18.34537696838379
2004-09-27,18.184782028198242
2004-09-28,18.250476837158203
2004-09-29,18.316179275512695
2004-09-30,18.250476837158203
2004-10-01,18.812593460083008
2004-10-04,19.34550666809082
2004-10-05,18.79799461364746
2004-10-06,19.462310791015625
2004-10-07,19.30171012878418
2004-10-08,19.090002059936523
2004-10-11,19.17030906677246
2004-10-12,18.68848991394043
2004-10-13,18.484086990356445
2004-10-14,18.184782028198242
2004-10-15,18.279682159423828
2004-10-18,18.52058982849121
2004-10-19,18.52788734436035
2004-10-20,18.21397590637207
2004-10-21,18.031475067138672
2004-10-22,17.81977081298828
2004-10-25,17.805166244506836
2004-10-26,17.980375289916992
2004-10-27,18.396482467651367
2004-10-28,18.432985305786133
2004-10-29,18.64468765258789
2004-11-01,18.637388229370117
2004-11-02,18.92939567565918
2004-11-03,19.236005783081055
2004-11-04,19.455015182495117
2004-11-05,19.34550666809082
2004-11-08,19.163007736206055
2004-11-09,18.98050308227539
2004-11-10,19.038902282714844
2004-11-11,19.360109329223633
2004-11-12,19.89302635192871
2004-11-15,20.20693016052246
2004-11-16,19.936824798583984
2004-11-17,20.520837783813477
2004-11-18,20.42593765258789
2004-11-19,20.03172492980957
2004-11-22,19.90762710571289
2004-11-23,20.00252914428711
2004-11-24,20.404035568237305
2004-11-26,20.440534591674805
2004-11-29,20.404035568237305
2004-11-30,20.630342483520508
2004-12-01,20.95155143737793
2004-12-02,20.95155143737793
2004-12-03,20.842044830322266
2004-12-06,20.7325439453125
2004-12-07,20.133928298950195
2004-12-08,20.16313362121582
2004-12-09,20.03902816772461
2004-12-10,19.403911590576172
2004-12-13,19.53531265258789
2004-12-14,19.710519790649414
2004-12-15,20.17772674560547
2004-12-16,20.258031845092773
2004-12-17,20.331035614013672
2004-12-20,20.630342483520508
2004-12-21,20.6595458984375
2004-12-22,20.61574363708496
2004-12-23,20.659698486328125
2004-12-27,20.689001083374023
2004-12-28,20.864830017089844
2004-12-29,20.930768966674805
2004-12-30,21.245786666870117
2004-12-31,21.428945541381836
2005-01-03,21.135896682739258
2005-01-04,20.5571346282959
2005-01-05,20.69632911682129
2005-01-06,20.352001190185547
2005-01-07,20.293394088745117
2005-01-10,20.447240829467773
2005-01-11,20.83553123474121
2005-01-12,20.938091278076172
2005-01-13,21.135896682739258
2005-01-14,21.868513107299805
2005-01-18,22.41064453125
2005-01-19,21.9783992767334
2005-01-20,21.9490966796875
2005-01-21,22.015029907226562
2005-01-24,22.234819412231445
2005-01-25,22.190860748291016
2005-01-26,22.58647346496582
2005-01-27,22.520536422729492
2005-01-28,22.27145004272461
2005-01-31,22.689037322998047
2005-02-01,22.637752532958984
2005-02-02,22.505876541137695
2005-02-03,22.54251480102539
2005-02-04,23.00406265258789
2005-02-07,23.223844528198242
2005-02-08,23.355714797973633
2005-02-09,23.187217712402344
2005-02-10,22.8721923828125
2005-02-11,23.223844528198242
2005-02-14,23.524219512939453
2005-02-15,23.773300170898438
2005-02-16,23.692720413208008
2005-02-17,23.590150833129883
2005-02-18,24.139612197875977
2005-02-22,24.007740020751953
2005-02-23,24.161588668823242
2005-02-24,24.505924224853516
2005-02-25,24.99677085876465
2005-02-28,25.15062141418457
2005-03-01,25.36307716369629
2005-03-02,24.90153694152832
2005-03-03,25.09200668334961
2005-03-04,25.275163650512695
2005-03-07,25.02607536315918
2005-03-08,24.798965454101562
2005-03-09,24.7550048828125
2005-03-10,24.579177856445312
2005-03-11,25.018749237060547
2005-03-14,25.02607536315918
2005-03-15,24.205549240112305
2005-03-16,23.99308967590332
2005-03-17,24.110309600830078
2005-03-18,24.139612197875977
2005-03-21,23.897850036621094
2005-03-22,23.67074203491211
2005-03-23,23.590150833129883
2005-03-24,23.341062545776367
2005-03-28,23.626789093017578
2005-03-29,23.00406265258789
2005-03-30,23.179889678955078
2005-03-31,23.304431915283203
2005-04-01,23.590150833129883
2005-04-04,23.824586868286133
2005-04-05,23.956457138061523
2005-04-06,24.139612197875977
2005-04-07,24.39602279663086
2005-04-08,24.176246643066406
2005-04-11,23.912506103515625
2005-04-12,24.10298728942871
2005-04-13,23.817262649536133
2005-04-14,22.8941707611084
2005-04-15,22.59379768371582
2005-04-18,22.45459747314453
2005-04-19,22.857540130615234
2005-04-20,22.54251480102539
2005-04-21,23.172565460205078
2005-04-22,22.82090950012207
2005-04-25,23.3337345123291
2005-04-26,23.11395263671875
2005-04-27,22.67439079284668
2005-04-28,22.264118194580078
2005-04-29,22.59379768371582
2005-05-02,22.425296783447266
2005-05-03,22.293424606323242
2005-05-04,23.297103881835938
2005-05-05,23.187217712402344
2005-05-06,23.223844528198242
2005-05-09,23.216514587402344
2005-05-10,22.82090950012207
2005-05-11,22.857540130615234
2005-05-12,22.461923599243164
2005-05-13,22.549840927124023
2005-05-16,22.82090950012207
2005-05-17,22.842885971069336
2005-05-18,23.297103881835938
2005-05-19,23.568172454833984
2005-05-20,23.502239227294922
2005-05-23,23.553524017333984
2005-05-24,23.65608787536621
2005-05-25,23.260473251342773
2005-05-26,23.516891479492188
2005-05-27,23.65608787536621
2005-05-31,23.553524017333984
2005-06-01,23.76597785949707
2005-06-02,23.68539047241211
2005-06-03,23.700040817260742
2005-06-06,23.912506103515625
2005-06-07,23.68539047241211
2005-06-08,23.8099365234375
2005-06-09,24.029720306396484
2005-06-10,24.08099937438965
2005-06-13,24.007740020751953
2005-06-14,24.007740020751953
2005-06-15,24.374052047729492
2005-06-16,24.39602279663086
2005-06-17,24.48394012451172
2005-06-20,24.066349029541016
2005-06-21,24.022397994995117
2005-06-22,24.227527618408203
2005-06-23,24.176246643066406
2005-06-24,23.941808700561523
2005-06-27,23.736677169799805
2005-06-28,23.8099365234375
2005-06-29,23.626789093017578
2005-06-30,23.443628311157227
2005-07-01,23.736677169799805
2005-07-05,23.509567260742188
2005-07-06,23.304431915283203
2005-07-07,23.436304092407227
2005-07-08,23.700040817260742
2005-07-11,24.47661590576172
2005-07-12,24.71837043762207
2005-07-13,24.689069747924805
2005-07-14,25.31178855895996
2005-07-15,25.018749237060547
2005-07-18,25.018749237060547
2005-07-19,25.494943618774414
2005-07-20,25.36307716369629
2005-07-21,25.787988662719727
2005-07-22,25.736709594726562
2005-07-25,25.846603393554688
2005-07-26,25.824626922607422
2005-07-27,25.89788055419922
2005-07-28,26.396060943603516
2005-07-29,26.366762161254883
2005-08-01,26.718414306640625
2005-08-02,27.077388763427734
2005-08-03,26.923540115356445
2005-08-04,26.6304931640625
2005-08-05,25.824626922607422
2005-08-08,26.081037521362305
2005-08-09,26.689109802246094
2005-08-10,26.740386962890625
2005-08-11,27.326473236083984
2005-08-12,27.34113311767578
2005-08-15,27.253219604492188
2005-08-16,26.520605087280273
2005-08-17,26.813655853271484
2005-08-18,25.978473663330078
2005-08-19,25.95649528503418
2005-08-22,26.725740432739258
2005-08-23,26.447341918945312
2005-08-24,25.604839324951172
2005-08-25,26.03708267211914
2005-08-26,25.42901611328125
2005-08-29,25.42901611328125
2005-08-30,25.165271759033203
2005-08-31,25.714733123779297
2005-09-01,26.308149337768555
2005-09-02,26.813655853271484
2005-09-06,27.21658706665039
2005-09-07,27.619525909423828
2005-09-08,27.399742126464844
2005-09-09,27.912572860717773
2005-09-12,27.802684783935547
2005-09-13,27.626850128173828
2005-09-14,27.96385383605957
2005-09-15,28.24224281311035
2005-09-16,28.366796493530273
2005-09-19,28.755081176757812
2005-09-20,28.42540168762207
2005-09-21,28.652511596679688
2005-09-22,28.879623413085938
2005-09-23,28.278879165649414
2005-09-26,28.755081176757812
2005-09-27,28.71844482421875
2005-09-28,29.077423095703125
2005-09-29,29.084749221801758
2005-09-30,28.9016056060791
2005-10-03,28.69646644592285
2005-10-04,28.996843338012695
2005-10-05,28.352144241333008
2005-10-06,27.41438865661621
2005-10-07,28.103044509887695
2005-10-10,28.30817985534668
2005-10-11,28.850318908691406
2005-10-12,27.766048431396484
2005-10-13,27.275196075439453
2005-10-14,27.5096378326416
2005-10-17,27.12868309020996
2005-10-18,26.71108627319336
2005-10-19,26.71108627319336
2005-10-20,26.154298782348633
2005-10-21,27.04808807373047
2005-10-24,27.40706443786621
2005-10-25,26.916217803955078
2005-10-26,27.24588966369629
2005-10-27,26.70375633239746
2005-10-28,26.777021408081055
2005-10-31,27.289857864379883
2005-11-01,27.802684783935547
2005-11-02,28.69646644592285
2005-11-03,28.747753143310547
2005-11-04,28.278879165649414
2005-11-07,28.30086326599121
2005-11-08,28.286205291748047
2005-11-09,28.60855484008789
2005-11-10,28.828336715698242
2005-11-11,29.458383560180664
2005-11-14,29.568275451660156
2005-11-15,29.216625213623047
2005-11-16,29.524316787719727
2005-11-17,29.846660614013672
2005-11-18,29.89795684814453
2005-11-21,29.582935333251953
2005-11-22,28.96753692626953
2005-11-23,30.037145614624023
2005-11-25,29.949228286743164
2005-11-28,29.670841217041016
2005-11-29,29.656190872192383
2005-11-30,29.88330078125
2005-12-01,30.659875869750977
2005-12-02,30.425437927246094
2005-12-05,30.49137306213379
2005-12-06,31.06281089782715
2005-12-07,30.91628646850586
2005-12-08,30.91628646850586
2005-12-09,31.05548095703125
2005-12-12,31.392480850219727
2005-12-13,31.7368106842041
2005-12-14,31.7368106842041
2005-12-15,31.648897171020508
2005-12-16,31.355859756469727
2005-12-19,31.495052337646484
2005-12-20,31.7294864654541
2005-12-21,32.38151931762695
2005-12-22,32.337562561035156
2005-12-23,32.72814178466797
2005-12-27,32.787109375
2005-12-28,32.971343994140625
2005-12-29,33.052406311035156
2005-12-30,32.97871017456055
2006-01-03,34.20204162597656
2006-01-04,34.305213928222656
2006-01-05,34.17994689941406
2006-01-06,34.872676849365234
2006-01-09,34.98322677612305
2006-01-10,34.319969177246094
2006-01-11,34.415771484375
2006-01-12,34.16520309448242
2006-01-13,34.40839767456055
2006-01-17,33.4429817199707
2006-01-18,32.86079406738281
2006-01-19,33.59038543701172
2006-01-20,32.020668029785156
2006-01-23,32.5881233215332
2006-01-24,33.627227783203125
2006-01-25,34.13572692871094
2006-01-26,34.769508361816406
2006-01-27,35.40328598022461
2006-01-30,35.27063751220703
2006-01-31,35.52857208251953
2006-02-01,35.00532531738281
2006-02-02,34.36418151855469
2006-02-03,33.64197540283203
2006-02-06,34.45998001098633
2006-02-07,33.413509368896484
2006-02-08,33.57564163208008
2006-02-09,33.597740173339844
2006-02-10,33.93675231933594
2006-02-13,32.72077178955078
2006-02-14,33.87042236328125
2006-02-15,33.03029251098633
2006-02-16,33.568267822265625
2006-02-17,33.700923919677734
2006-02-21,34.054656982421875
2006-02-22,33.966224670410156
2006-02-23,34.34207534790039
2006-02-24,34.717918395996094
2006-02-27,35.06428909301758
2006-02-28,34.20204162597656
2006-03-01,34.813724517822266
2006-03-02,34.533687591552734
2006-03-03,33.568267822265625
2006-03-06,33.23664474487305
2006-03-07,31.946975708007812
2006-03-08,32.529170989990234
2006-03-09,32.24175262451172
2006-03-10,32.94922637939453
2006-03-13,33.27349090576172
2006-03-14,33.671451568603516
2006-03-15,33.700923919677734
2006-03-16,33.38404083251953
2006-03-17,33.82621765136719
2006-03-20,34.231529235839844
2006-03-21,33.49456787109375
2006-03-22,33.25875473022461
2006-03-23,32.93449020385742
2006-03-24,33.126094818115234
2006-03-27,33.597740173339844
2006-03-28,33.17769241333008
2006-03-29,33.781982421875
2006-03-30,33.72303009033203
2006-03-31,34.37892150878906
2006-04-03,35.1085090637207
2006-04-04,35.705440521240234
2006-04-05,36.199195861816406
2006-04-06,36.177093505859375
2006-04-07,35.926517486572266
2006-04-10,35.904415130615234
2006-04-11,35.02008056640625
2006-04-12,34.93900680541992
2006-04-13,35.617008209228516
2006-04-17,36.265525817871094
2006-04-18,37.06880569458008
2006-04-19,37.13513946533203
2006-04-20,37.02458190917969
2006-04-21,37.275142669677734
2006-04-24,36.92877960205078
2006-04-25,36.74454879760742
2006-04-26,37.562564849853516
2006-04-27,37.24567413330078
2006-04-28,36.552940368652344
2006-05-01,36.774017333984375
2006-05-02,37.348846435546875
2006-05-03,37.31936264038086
2006-05-04,37.643619537353516
2006-05-05,37.953147888183594
2006-05-08,38.43217468261719
2006-05-09,38.10053634643555
2006-05-10,38.12265396118164
2006-05-11,37.40781021118164
2006-05-12,36.71506881713867
2006-05-15,35.9412727355957
2006-05-16,35.705440521240234
2006-05-17,34.98322677612305
2006-05-18,34.629493713378906
2006-05-19,35.26327133178711
2006-05-22,33.627227783203125
2006-05-23,33.789363861083984
2006-05-24,33.64197540283203
2006-05-25,33.90727233886719
2006-05-26,34.29785919189453
2006-05-30,32.75025177001953
2006-05-31,33.38404083251953
2006-06-01,33.76724624633789
2006-06-02,33.796722412109375
2006-06-05,32.75761795043945
2006-06-06,32.647071838378906
2006-06-07,32.123844146728516
2006-06-08,31.15842628479004
2006-06-09,30.944711685180664
2006-06-12,30.50992202758789
2006-06-13,29.522396087646484
2006-06-14,30.71626091003418
2006-06-15,31.836429595947266
2006-06-16,31.637453079223633
2006-06-19,30.944711685180664
2006-06-20,30.642562866210938
2006-06-21,31.320566177368164
2006-06-22,30.915231704711914
2006-06-23,30.988927841186523
2006-06-26,31.025772094726562
2006-06-27,30.649930953979492
2006-06-28,31.246870040893555
2006-06-29,32.82394027709961
2006-06-30,33.251373291015625
2006-07-03,33.75251007080078
2006-07-05,32.462833404541016
2006-07-06,32.632347106933594
2006-07-07,32.30807876586914
2006-07-10,33.052406311035156
2006-07-11,33.19242477416992
2006-07-12,32.794471740722656
2006-07-13,31.946975708007812
2006-07-14,31.541654586791992
2006-07-17,31.283716201782227
2006-07-18,31.025772094726562
2006-07-19,32.23438262939453
2006-07-20,31.873273849487305
2006-07-21,31.68903923034668
2006-07-24,32.647071838378906
2006-07-25,32.610233306884766
2006-07-26,32.794471740722656
2006-07-27,33.199790954589844
2006-07-28,33.60511016845703
2006-07-31,33.27349090576172
2006-08-01,32.425994873046875
2006-08-02,32.87553787231445
2006-08-03,32.77235412597656
2006-08-04,32.99345397949219
2006-08-07,32.683921813964844
2006-08-08,32.83131790161133
2006-08-09,32.9860725402832
2006-08-10,33.052406311035156
2006-08-11,32.425994873046875
2006-08-14,32.462833404541016
2006-08-15,33.045040130615234
2006-08-16,33.295597076416016
2006-08-17,33.64197540283203
2006-08-18,33.86305236816406
2006-08-21,33.509315490722656
2006-08-22,33.82621765136719
2006-08-23,33.28822708129883
2006-08-24,33.052406311035156
2006-08-25,33.280860900878906
2006-08-28,33.37665939331055
2006-08-29,33.82621765136719
2006-08-30,33.61248779296875
2006-08-31,33.796722412109375
2006-09-01,34.253631591796875
2006-09-05,34.45262145996094
2006-09-06,33.914642333984375
2006-09-07,33.80409240722656
2006-09-08,34.00307083129883
2006-09-11,33.23664474487305
2006-09-12,33.65669631958008
2006-09-13,33.53141403198242
2006-09-14,33.75251007080078
2006-09-15,34.12097930908203
2006-09-18,34.52630615234375
2006-09-19,34.415771484375
2006-09-20,35.00532531738281
2006-09-21,34.70317840576172
2006-09-22,34.12097930908203
2006-09-25,34.717918395996094
2006-09-26,34.52630615234375
2006-09-27,34.74739456176758
2006-09-28,34.96847915649414
2006-09-29,34.084144592285156
2006-10-02,34.61475372314453
2006-10-03,34.555789947509766
2006-10-04,34.73265075683594
2006-10-05,35.21904754638672
2006-10-06,34.85794448852539
2006-10-09,33.53141403198242
2006-10-10,33.61248779296875
2006-10-11,33.45772171020508
2006-10-12,34.098873138427734
2006-10-13,34.21678924560547
2006-10-16,34.48945999145508
2006-10-17,34.20942306518555
2006-10-18,34.305213928222656
2006-10-19,34.2389030456543
2006-10-20,34.246273040771484
2006-10-23,34.327327728271484
2006-10-24,34.356807708740234
2006-10-25,34.69580841064453
2006-10-26,34.89479064941406
2006-10-27,34.45262145996094
2006-10-30,34.34944534301758
2006-10-31,34.813724517822266
2006-11-01,34.710548400878906
2006-11-02,35.05691909790039
2006-11-03,35.20431137084961
2006-11-06,35.44013595581055
2006-11-07,35.300106048583984
2006-11-08,35.39591979980469
2006-11-09,35.7275505065918
2006-11-10,35.78651428222656
2006-11-13,36.0812873840332
2006-11-14,36.42028045654297
2006-11-15,36.331851959228516
2006-11-16,36.30237579345703
2006-11-17,36.15497970581055
2006-11-20,35.9412727355957
2006-11-21,36.21393966674805
2006-11-22,36.6192626953125
2006-11-24,36.39817810058594
2006-11-27,35.88967514038086
2006-11-28,36.01495361328125
2006-11-29,36.47924041748047
2006-11-30,36.47924041748047
2006-12-01,36.48660659790039
2006-12-04,36.88457107543945
2006-12-05,36.88457107543945
2006-12-06,36.597145080566406
2006-12-07,36.42028045654297
2006-12-08,35.85283660888672
2006-12-11,35.77913284301758
2006-12-12,35.43276596069336
2006-12-13,35.72018051147461
2006-12-14,36.8403434753418
2006-12-15,36.76664733886719
2006-12-18,36.633995056152344
2006-12-19,36.49397659301758
2006-12-20,36.896854400634766
2006-12-21,36.718788146972656
2006-12-22,36.47394943237305
2006-12-26,36.77814483642578
2006-12-27,36.837493896484375
2006-12-28,36.652015686035156
2006-12-29,36.652015686035156
2007-01-03,36.15491485595703
2007-01-04,35.75425720214844
2007-01-05,34.89360427856445
2007-01-08,34.960384368896484
2007-01-09,34.5745735168457
2007-01-10,34.463279724121094
2007-01-11,34.73038101196289
2007-01-12,35.50941467285156
2007-01-16,35.620704650878906
2007-01-17,35.33134841918945
2007-01-18,35.13103485107422
2007-01-19,35.220062255859375
2007-01-22,34.8713493347168
2007-01-23,35.294254302978516
2007-01-24,36.05846405029297
2007-01-25,35.10878372192383
2007-01-26,35.234893798828125
2007-01-29,34.90102767944336
2007-01-30,35.19780731201172
2007-01-31,35.10135269165039
2007-02-01,36.021358489990234
2007-02-02,36.40717315673828
2007-02-05,36.60749816894531
2007-02-06,37.0971794128418
2007-02-07,36.88943862915039
2007-02-08,36.689117431640625
2007-02-09,36.50362777709961
2007-02-12,36.39975357055664
2007-02-13,36.84492111206055
2007-02-14,37.41621780395508
2007-02-15,37.49040985107422
2007-02-16,37.7797737121582
2007-02-20,37.876216888427734
2007-02-21,37.98009490966797
2007-02-22,38.180419921875
2007-02-23,38.12105941772461
2007-02-26,38.06170654296875
2007-02-27,35.63554763793945
2007-02-28,36.347816467285156
2007-03-01,35.79136276245117
2007-03-02,35.405555725097656
2007-03-05,34.89360427856445
2007-03-06,36.46653366088867
2007-03-07,36.05846405029297
2007-03-08,36.8671760559082
2007-03-09,36.59265899658203
2007-03-12,37.33460235595703
2007-03-13,36.073299407958984
2007-03-14,36.61491394042969
2007-03-15,36.84492111206055
2007-03-16,36.60749816894531
2007-03-19,37.36428451538086
2007-03-20,37.40137481689453
2007-03-21,38.3510627746582
2007-03-22,37.57944107055664
2007-03-23,37.58686065673828
2007-03-26,37.55718231201172
2007-03-27,37.2307243347168
2007-03-28,36.91169357299805
2007-03-29,37.74266815185547
2007-03-30,37.520084381103516
2007-04-02,38.09880447387695
2007-04-03,38.67009353637695
2007-04-04,38.76655197143555
2007-04-05,38.90009689331055
2007-04-09,39.13011169433594
2007-04-10,39.08558654785156
2007-04-11,39.00397872924805
2007-04-12,39.93141174316406
2007-04-13,39.90172576904297
2007-04-16,40.06494903564453
2007-04-17,39.686561584472656
2007-04-18,39.7310791015625
2007-04-19,39.37494659423828
2007-04-20,39.98333740234375
2007-04-23,39.849788665771484
2007-04-24,40.03527069091797
2007-04-25,40.1762580871582
2007-04-26,40.07236862182617
2007-04-27,39.73849868774414
2007-04-30,39.36752700805664
2007-05-01,39.69398880004883
2007-05-02,40.450767517089844
2007-05-03,40.8068962097168
2007-05-04,40.54721450805664
2007-05-07,41.11109161376953
2007-05-08,41.06657791137695
2007-05-09,41.70465087890625
2007-05-10,40.8068962097168
2007-05-11,41.84562301635742
2007-05-14,41.43754577636719
2007-05-15,41.214962005615234
2007-05-16,42.0533561706543
2007-05-17,41.62303924560547
2007-05-18,41.4820671081543
2007-05-21,41.771419525146484
2007-05-22,42.19432830810547
2007-05-23,42.142398834228516
2007-05-24,41.40045166015625
2007-05-25,42.21659851074219
2007-05-29,42.253684997558594
2007-05-30,42.624656677246094
2007-05-31,43.1069221496582
2007-06-01,43.960147857666016
2007-06-04,44.55371856689453
2007-06-05,44.368221282958984
2007-06-06,43.744991302490234
2007-06-07,43.55208969116211
2007-06-08,44.442413330078125
2007-06-11,43.989837646484375
2007-06-12,43.611446380615234
2007-06-13,44.44983673095703
2007-06-14,45.458885192871094
2007-06-15,45.92631149291992
2007-06-18,46.13405227661133
2007-06-19,46.260189056396484
2007-06-20,45.436622619628906
2007-06-21,46.163726806640625
2007-06-22,44.88017272949219
2007-06-25,44.77629089355469
2007-06-26,44.301448822021484
2007-06-27,44.694679260253906
2007-06-28,44.850494384765625
2007-06-29,44.739200592041016
2007-07-02,46.00791549682617
2007-07-03,46.63115310668945
2007-07-05,47.35826110839844
2007-07-06,48.37472152709961
2007-07-09,48.71601867675781
2007-07-10,48.07052993774414
2007-07-11,48.58988571166992
2007-07-12,50.08119201660156
2007-07-13,50.897335052490234
2007-07-16,50.19248580932617
2007-07-17,50.22957229614258
2007-07-18,49.52472686767578
2007-07-19,50.02925491333008
2007-07-20,50.355716705322266
2007-07-23,51.490882873535156
2007-07-24,50.41507339477539
2007-07-25,51.157012939453125
2007-07-26,48.523109436035156
2007-07-27,47.59567642211914
2007-07-30,49.4134407043457
2007-07-31,48.94602966308594
2007-08-01,47.781166076660156
2007-08-02,47.729225158691406
2007-08-03,46.02275848388672
2007-08-06,47.74407196044922
2007-08-07,47.89987564086914
2007-08-08,49.124088287353516
2007-08-09,46.74245071411133
2007-08-10,46.111793518066406
2007-08-13,46.22308349609375
2007-08-14,44.813392639160156
2007-08-15,43.381439208984375
2007-08-16,41.75658416748047
2007-08-17,43.403709411621094
2007-08-20,43.50757598876953
2007-08-21,43.166282653808594
2007-08-22,45.08049392700195
2007-08-23,45.16210174560547
2007-08-24,46.10437774658203
2007-08-27,45.14727020263672
2007-08-28,44.18273162841797
2007-08-29,46.831478118896484
2007-08-30,46.29729080200195
2007-08-31,47.5585823059082
2007-09-04,48.003746032714844
2007-09-05,46.890838623046875
2007-09-06,47.75149154663086
2007-09-07,46.497596740722656
2007-09-10,46.20824432373047
2007-09-11,47.195030212402344
2007-09-12,46.66083908081055
2007-09-13,47.6624641418457
2007-09-14,47.870201110839844
2007-09-17,47.499229431152344
2007-09-18,49.183448791503906
2007-09-19,50.0218391418457
2007-09-20,49.4134407043457
2007-09-21,50.12569808959961
2007-09-24,50.5263557434082
2007-09-25,49.992156982421875
2007-09-26,50.689579010009766
2007-09-27,51.11991500854492
2007-09-28,50.496681213378906
2007-10-01,52.544437408447266
2007-10-02,53.345733642578125
2007-10-03,52.34412384033203
2007-10-04,52.62605285644531
2007-10-05,53.37541961669922
2007-10-08,52.826385498046875
2007-10-09,53.41994094848633
2007-10-10,53.58316421508789
2007-10-11,53.41994094848633
2007-10-12,53.457035064697266
2007-10-15,52.31444549560547
2007-10-16,50.897335052490234
2007-10-17,51.6392822265625
2007-10-18,52.047340393066406
2007-10-19,50.044097900390625
2007-10-22,49.83634948730469
2007-10-23,50.91217041015625
2007-10-24,50.311195373535156
2007-10-25,51.89895248413086
2007-10-26,54.243507385253906
2007-10-29,55.02253723144531
2007-10-30,53.605430603027344
2007-10-31,55.46769332885742
2007-11-01,52.93024444580078
2007-11-02,52.97477340698242
2007-11-05,51.94347381591797
2007-11-06,54.79253387451172
2007-11-07,52.60380172729492
2007-11-08,51.594757080078125
2007-11-09,50.94184494018555
2007-11-12,48.69375228881836
2007-11-13,51.7060546875
2007-11-14,51.55766296386719
2007-11-15,50.18505859375
2007-11-16,50.407649993896484
2007-11-19,48.20408248901367
2007-11-20,48.448917388916016
2007-11-21,45.71113967895508
2007-11-23,46.29729080200195
2007-11-26,46.14889144897461
2007-11-27,47.92955780029297
2007-11-28,49.26506423950195
2007-11-29,48.53794479370117
2007-11-30,49.21312713623047
2007-12-03,48.84214401245117
2007-12-04,48.90891647338867
2007-12-05,50.74152374267578
2007-12-06,51.52797317504883
2007-12-07,50.75636672973633
2007-12-10,50.0144157409668
2007-12-11,48.1966552734375
2007-12-12,50.08119201660156
2007-12-13,49.26506423950195
2007-12-14,47.92955780029297
2007-12-17,45.81501007080078
2007-12-18,47.11341857910156
2007-12-19,47.77375030517578
2007-12-20,47.1876106262207
2007-12-21,48.5973014831543
2007-12-24,49.53670883178711
2007-12-26,48.89502716064453
2007-12-27,48.313026428222656
2007-12-28,48.70847702026367
2007-12-31,48.275718688964844
2008-01-02,46.68642044067383
2008-01-03,47.283348083496094
2008-01-04,45.51497268676758
2008-01-07,45.88804626464844
2008-01-08,45.40304946899414
2008-01-09,46.425270080566406
2008-01-10,47.10426712036133
2008-01-11,45.022518157958984
2008-01-14,45.38066864013672
2008-01-15,43.46306610107422
2008-01-16,42.52291488647461
2008-01-17,42.27669906616211
2008-01-18,43.36606216430664
2008-01-22,41.985687255859375
2008-01-23,42.14985275268555
2008-01-24,42.493072509765625
2008-01-25,42.2916145324707
2008-01-28,41.90361785888672
2008-01-29,42.14238357543945
2008-01-30,40.82917022705078
2008-01-31,42.26923370361328
2008-02-01,42.940765380859375
2008-02-04,43.44814682006836
2008-02-05,41.67978286743164
2008-02-06,40.993324279785156
2008-02-07,41.590240478515625
2008-02-08,42.082698822021484
2008-02-11,42.23191452026367
2008-02-12,42.48561096191406
2008-02-13,42.396080017089844
2008-02-14,42.79899597167969
2008-02-15,42.69454574584961
2008-02-19,43.53022384643555
2008-02-20,43.17207336425781
2008-02-21,42.64229965209961
2008-02-22,43.075069427490234
2008-02-25,43.91075897216797
2008-02-26,43.98536682128906
2008-02-27,44.20920944213867
2008-02-28,44.142059326171875
2008-02-29,42.48561096191406
2008-03-03,42.440853118896484
2008-03-04,42.15732192993164
2008-03-05,42.75423049926758
2008-03-06,41.78423309326172
2008-03-07,41.06047439575195
2008-03-10,40.15764236450195
2008-03-11,41.90361785888672
2008-03-12,40.97840118408203
2008-03-13,39.717411041259766
2008-03-14,38.008724212646484
2008-03-17,37.1431999206543
2008-03-18,38.79965591430664
2008-03-19,38.03112030029297
2008-03-20,39.47118377685547
2008-03-24,40.88885498046875
2008-03-25,41.276851654052734
2008-03-26,41.15747833251953
2008-03-27,40.9709358215332
2008-03-28,41.142547607421875
2008-03-31,41.62754821777344
2008-04-01,43.4332160949707
2008-04-02,43.6794548034668
2008-04-03,44.14952087402344
2008-04-04,44.14952087402344
2008-04-07,44.515132904052734
2008-04-08,43.83613586425781
2008-04-09,43.46306610107422
2008-04-10,44.022674560546875
2008-04-11,43.58244323730469
2008-04-14,43.52275466918945
2008-04-15,43.11983871459961
2008-04-16,43.82868194580078
2008-04-17,43.20191955566406
2008-04-18,43.716758728027344
2008-04-21,44.2689094543457
2008-04-22,43.4332160949707
2008-04-23,44.73897933959961
2008-04-24,44.71659469604492
2008-04-25,45.216522216796875
2008-04-28,45.11951446533203
2008-04-29,44.39574432373047
2008-04-30,44.85835647583008
2008-05-01,45.50004577636719
2008-05-02,45.776123046875
2008-05-05,45.55974197387695
2008-05-06,45.6492805480957
2008-05-07,43.858524322509766
2008-05-08,43.798831939697266
2008-05-09,42.7169189453125
2008-05-12,43.41083908081055
2008-05-13,43.27652359008789
2008-05-14,43.51529312133789
2008-05-15,44.88074493408203
2008-05-16,45.283668518066406
2008-05-19,44.821048736572266
2008-05-20,43.500370025634766
2008-05-21,42.91838073730469
2008-05-22,43.209373474121094
2008-05-23,42.37369155883789
2008-05-27,43.11237716674805
2008-05-28,43.00046157836914
2008-05-29,43.76899337768555
2008-05-30,44.32859802246094
2008-06-02,43.86598587036133
2008-06-03,43.4332160949707
2008-06-04,43.567527770996094
2008-06-05,44.201759338378906
2008-06-06,42.552757263183594
2008-06-09,42.43337631225586
2008-06-10,41.62008285522461
2008-06-11,41.23954391479492
2008-06-12,40.95600891113281
2008-06-13,41.13508605957031
2008-06-16,41.17985916137695
2008-06-17,41.5081672668457
2008-06-18,41.49324417114258
2008-06-19,41.59769821166992
2008-06-20,40.09048080444336
2008-06-23,39.717411041259766
2008-06-24,39.57563400268555
2008-06-25,40.16593933105469
2008-06-26,39.13933181762695
2008-06-27,38.81473922729492
2008-06-30,38.52789306640625
2008-07-01,38.1806640625
2008-07-02,37.116310119628906
2008-07-03,37.282386779785156
2008-07-07,36.731346130371094
2008-07-08,36.9728889465332
2008-07-09,36.30862045288086
2008-07-10,37.2068977355957
2008-07-11,37.41825866699219
2008-07-14,37.169158935546875
2008-07-15,36.074615478515625
2008-07-16,37.07102584838867
2008-07-17,36.731346130371094
2008-07-18,36.452049255371094
2008-07-21,37.18425369262695
2008-07-22,37.67491149902344
2008-07-23,38.7845573425293
2008-07-24,38.66377258300781
2008-07-25,38.65621566772461
2008-07-28,37.773040771484375
2008-07-29,38.5505485534668
2008-07-30,38.331634521484375
2008-07-31,37.72774887084961
2008-08-01,37.34278106689453
2008-08-04,36.482242584228516
2008-08-05,37.37297058105469
2008-08-06,37.810791015625
2008-08-07,36.6483039855957
2008-08-08,37.65226745605469
2008-08-11,37.67491149902344
2008-08-12,36.98799514770508
2008-08-13,36.53508377075195
2008-08-14,37.03329086303711
2008-08-15,36.77663803100586
2008-08-18,36.1727409362793
2008-08-19,35.410343170166016
2008-08-20,36.00667190551758
2008-08-21,35.115943908691406
2008-08-22,34.81399917602539
2008-08-25,33.5760383605957
2008-08-26,33.266544342041016
2008-08-27,33.59113311767578
2008-08-28,33.334476470947266
2008-08-29,32.662654876708984
2008-09-02,30.23202133178711
2008-09-03,29.967817306518555
2008-09-04,29.70362091064453
2008-09-05,30.5415096282959
2008-09-08,32.466392517089844
2008-09-09,31.326555252075195
2008-09-10,32.534332275390625
2008-09-11,32.08141326904297
2008-09-12,32.86647415161133
2008-09-15,31.13030433654785
2008-09-16,30.103696823120117
2008-09-17,29.122385025024414
2008-09-18,31.43979263305664
2008-09-19,33.175968170166016
2008-09-22,31.2435359954834
2008-09-23,31.137853622436523
2008-09-24,31.696443557739258
2008-09-25,32.662654876708984
2008-09-26,31.537918090820312
2008-09-29,28.080673217773438
2008-09-30,29.990474700927734
2008-10-01,29.477163314819336
2008-10-02,27.567373275756836
2008-10-03,27.371110916137695
2008-10-06,25.18202781677246
2008-10-07,23.845932006835938
2008-10-08,22.192794799804688
2008-10-09,21.42284393310547
2008-10-10,22.691001892089844
2008-10-13,27.778732299804688
2008-10-14,27.250335693359375
2008-10-15,23.483600616455078
2008-10-16,23.513797760009766
2008-10-17,21.966339111328125
2008-10-20,23.272245407104492
2008-10-21,20.90199089050293
2008-10-22,18.765743255615234
2008-10-23,18.297733306884766
2008-10-24,16.229421615600586
2008-10-27,15.768959045410156
2008-10-28,19.052587509155273
2008-10-29,18.50154685974121
2008-10-30,22.5853214263916
2008-10-31,21.43794059753418
2008-11-03,21.98143768310547
2008-11-04,23.385465621948242
2008-11-05,21.649301528930664
2008-11-06,19.15826988220215
2008-11-07,21.392648696899414
2008-11-10,20.90199089050293
2008-11-11,19.99616241455078
2008-11-12,18.773292541503906
2008-11-13,20.68307876586914
2008-11-14,18.569480895996094
2008-11-17,18.169408798217773
2008-11-18,17.641008377075195
2008-11-19,15.889734268188477
2008-11-20,14.342281341552734
2008-11-21,17.037120819091797
2008-11-24,17.014474868774414
2008-11-25,16.138839721679688
2008-11-26,17.663650512695312
2008-11-28,18.0637264251709
2008-12-01,16.448331832885742
2008-12-02,17.595718383789062
2008-12-03,17.625913619995117
2008-12-04,16.59930419921875
2008-12-05,17.588167190551758
2008-12-08,19.08278465270996
2008-12-09,18.90916633605957
2008-12-10,20.396240234375
2008-12-11,20.562305450439453
2008-12-12,20.29810333251953
2008-12-15,20.20751953125
2008-12-16,21.85310935974121
2008-12-17,21.5134220123291
2008-12-18,21.460588455200195
2008-12-19,21.9285945892334
2008-12-22,21.430389404296875
2008-12-23,20.42654037475586
2008-12-24,21.125661849975586
2008-12-26,20.988880157470703
2008-12-29,21.277645111083984
2008-12-30,21.042072296142578
2008-12-31,21.25484848022461
2009-01-02,22.052762985229492
2009-01-05,22.105953216552734
2009-01-06,22.622699737548828
2009-01-07,22.622699737548828
2009-01-08,22.470712661743164
2009-01-09,21.2016544342041
2009-01-12,20.221364974975586
2009-01-13,20.935684204101562
2009-01-14,20.487333297729492
2009-01-15,19.932600021362305
2009-01-16,20.3581485748291
2009-01-20,19.172677993774414
2009-01-21,20.054180145263672
2009-01-22,19.43105125427246
2009-01-23,19.07389259338379
2009-01-26,19.233474731445312
2009-01-27,19.681825637817383
2009-01-28,21.087669372558594
2009-01-29,20.327754974365234
2009-01-30,20.160572052001953
2009-02-02,20.046581268310547
2009-02-03,21.026872634887695
2009-02-04,21.429628372192383
2009-02-05,21.680404663085938
2009-02-06,22.440317153930664
2009-02-09,21.862783432006836
2009-02-10,20.396142959594727
2009-02-11,20.920486450195312
2009-02-12,20.715309143066406
2009-02-13,20.654512405395508
2009-02-17,18.481157302856445
2009-02-18,18.389968872070312
2009-02-19,18.048004150390625
2009-02-20,16.999319076538086
2009-02-23,17.052515029907227
2009-02-24,17.721242904663086
2009-02-25,17.196895599365234
2009-02-26,16.86253547668457
2009-02-27,16.5661678314209
2009-03-02,15.213516235351562
2009-03-03,15.707462310791016
2009-03-04,17.067710876464844
2009-03-05,16.26219940185547
2009-03-06,16.74854850769043
2009-03-09,16.718154907226562
2009-03-10,18.443159103393555
2009-03-11,18.65593719482422
2009-03-12,19.241069793701172
2009-03-13,18.921907424926758
2009-03-16,19.43105125427246
2009-03-17,20.494932174682617
2009-03-18,21.178857803344727
2009-03-19,20.69251251220703
2009-03-20,20.34294891357422
2009-03-23,22.227542877197266
2009-03-24,21.69559669494629
2009-03-25,22.311134338378906
2009-03-26,23.13943862915039
2009-03-27,22.523908615112305
2009-03-30,20.844491958618164
2009-03-31,21.627206802368164
2009-04-01,22.592302322387695
2009-04-02,24.112133026123047
2009-04-03,24.28691291809082
2009-04-06,24.05133628845215
2009-04-07,23.595394134521484
2009-04-08,23.314220428466797
2009-04-09,24.841650009155273
2009-04-13,24.773258209228516
2009-04-14,24.37810707092285
2009-04-15,24.598480224609375
2009-04-16,24.659273147583008
2009-04-17,24.651670455932617
2009-04-20,23.35221290588379
2009-04-21,24.484495162963867
2009-04-22,24.530086517333984
2009-04-23,25.02403450012207
2009-04-24,25.19121551513672
2009-04-27,24.241315841674805
2009-04-28,23.754974365234375
2009-04-29,25.25200653076172
2009-04-30,26.00432014465332
2009-05-01,26.39948081970215
2009-05-04,27.934513092041016
2009-05-05,27.653337478637695
2009-05-06,27.577350616455078
2009-05-07,26.749046325683594
2009-05-08,28.139686584472656
2009-05-11,27.349374771118164
2009-05-12,27.47855567932129
2009-05-13,26.597055435180664
2009-05-14,26.71104621887207
2009-05-15,26.429882049560547
2009-05-18,27.774921417236328
2009-05-19,27.934513092041016
2009-05-20,28.071292877197266
2009-05-21,27.273380279541016
2009-05-22,27.29617691040039
2009-05-26,26.878231048583984
2009-05-27,25.77634620666504
2009-05-28,27.11380386352539
2009-05-29,27.440563201904297
2009-06-01,28.43605613708496
2009-06-02,27.7977237701416
2009-06-03,26.984615325927734
2009-06-04,27.311386108398438
2009-06-05,27.136598587036133
2009-06-08,26.840227127075195
2009-06-09,26.58945655822754
2009-06-10,27.341777801513672
2009-06-11,27.843318939208984
2009-06-12,27.774921417236328
2009-06-15,26.779443740844727
2009-06-16,26.49066734313965
2009-06-17,26.48307228088379
2009-06-18,26.369083404541016
2009-06-19,26.39948081970215
2009-06-22,25.730756759643555
2009-06-23,25.81561279296875
2009-06-24,25.976144790649414
2009-06-25,26.710020065307617
2009-06-26,26.641220092773438
2009-06-29,26.786468505859375
2009-06-30,26.595354080200195
2009-07-01,27.451541900634766
2009-07-02,26.60299301147461
2009-07-06,27.604429244995117
2009-07-07,27.298648834228516
2009-07-08,27.28335952758789
2009-07-09,27.50505256652832
2009-07-10,27.26042366027832
2009-07-13,26.52655029296875
2009-07-14,26.732954025268555
2009-07-15,28.445322036743164
2009-07-16,28.667022705078125
2009-07-17,28.84284210205078
2009-07-20,29.760194778442383
2009-07-21,29.8901424407959
2009-07-22,30.012460708618164
2009-07-23,30.494068145751953
2009-07-24,30.425264358520508
2009-07-27,30.807491302490234
2009-07-28,30.769264221191406
2009-07-29,30.54756736755371
2009-07-30,31.48785400390625
2009-07-31,31.831865310668945
2009-08-03,32.68040084838867
2009-08-04,32.38226318359375
2009-08-05,32.045902252197266
2009-08-06,31.87771987915039
2009-08-07,32.66511917114258
2009-08-10,31.893016815185547
2009-08-11,31.159137725830078
2009-08-12,31.403764724731445
2009-08-13,31.824214935302734
2009-08-14,31.73247528076172
2009-08-17,29.928369522094727
2009-08-18,30.883941650390625
2009-08-19,31.075054168701172
2009-08-20,31.86243438720703
2009-08-21,32.38226318359375
2009-08-24,32.596317291259766
2009-08-25,32.38226318359375
2009-08-26,32.458709716796875
2009-08-27,32.366973876953125
2009-08-28,32.3746223449707
2009-08-31,31.79364013671875
2009-09-01,31.984739303588867
2009-09-02,32.54280471801758
2009-09-03,32.833290100097656
2009-09-04,33.100860595703125
2009-09-08,33.4295654296875
2009-09-09,33.48308181762695
2009-09-10,34.125221252441406
2009-09-11,34.25518035888672
2009-09-14,33.949398040771484
2009-09-15,34.813232421875
2009-09-16,35.80702209472656
2009-09-17,35.57003402709961
2009-09-18,35.753517150878906
2009-09-21,35.51652908325195
2009-09-22,36.37271499633789
2009-09-23,36.097511291503906
2009-09-24,35.42479705810547
2009-09-25,35.692359924316406
2009-09-28,35.982845306396484
2009-09-29,36.02870178222656
2009-09-30,36.21982955932617
2009-10-01,34.69856643676758
2009-10-02,34.48451614379883
2009-10-05,35.050209045410156
2009-10-06,35.034915924072266
2009-10-07,34.5303840637207
2009-10-08,35.065494537353516
2009-10-09,35.63884735107422
2009-10-12,35.470664978027344
2009-10-13,35.23368453979492
2009-10-14,36.44916534423828
2009-10-15,36.43387222290039
2009-10-16,35.22603988647461
2009-10-19,35.91404342651367
2009-10-20,35.348350524902344
2009-10-21,35.02727508544922
2009-10-22,34.75972366333008
2009-10-23,34.7291374206543
2009-10-26,34.95846939086914
2009-10-27,34.64505386352539
2009-10-28,33.21552658081055
2009-10-29,34.36985397338867
2009-10-30,32.77977752685547
2009-11-02,32.97088623046875
2009-11-03,32.810359954833984
2009-11-04,33.72005844116211
2009-11-05,33.7965087890625
2009-11-06,34.0181999206543
2009-11-09,35.08079147338867
2009-11-10,34.67563247680664
2009-11-11,34.97377014160156
2009-11-12,34.148155212402344
2009-11-13,34.47686767578125
2009-11-16,35.27954864501953
2009-11-17,35.08843994140625
2009-11-18,35.23368453979492
2009-11-19,34.981407165527344
2009-11-20,35.22603988647461
2009-11-23,35.829952239990234
2009-11-24,35.30248260498047
2009-11-25,35.531822204589844
2009-11-27,33.63597869873047
2009-11-30,33.92646408081055
2009-12-01,34.843807220458984
2009-12-02,35.21075439453125
2009-12-03,35.50887680053711
2009-12-04,35.97520446777344
2009-12-07,36.00577926635742
2009-12-08,35.40950393676758
2009-12-09,35.829952239990234
2009-12-10,36.044002532958984
2009-12-11,36.22747039794922
2009-12-14,36.43387222290039
2009-12-15,36.33449935913086
2009-12-16,36.288631439208984
2009-12-17,35.02727508544922
2009-12-18,35.103721618652344
2009-12-21,35.22603988647461
2009-12-22,35.405357360839844
2009-12-23,35.650596618652344
2009-12-24,36.22535705566406
2009-12-28,36.401615142822266
2009-12-29,36.27899932861328
2009-12-30,36.493568420410156
2009-12-31,36.50889587402344
2010-01-04,37.819366455078125
2010-01-05,37.834693908691406
2010-01-06,38.37879943847656
2010-01-07,37.59713363647461
2010-01-08,38.148895263671875
2010-01-11,38.38645935058594
2010-01-12,37.85768127441406
2010-01-13,37.91899108886719
2010-01-14,38.148895263671875
2010-01-15,37.85768127441406
2010-01-19,38.63935089111328
2010-01-20,37.91899108886719
2010-01-21,37.55113983154297
2010-01-22,36.48591995239258
2010-01-25,36.83843994140625
2010-01-26,35.90348434448242
2010-01-27,35.650596618652344
2010-01-28,35.45900344848633
2010-01-29,34.822933197021484
2010-02-01,35.65824890136719
2010-02-02,35.7808723449707
2010-02-03,35.61994171142578
2010-02-04,34.34779739379883
2010-02-05,33.933963775634766
2010-02-08,33.64275360107422
2010-02-09,34.61602020263672
2010-02-10,34.55472183227539
2010-02-11,35.367042541503906
2010-02-12,35.014530181884766
2010-02-16,35.71190643310547
2010-02-17,36.217689514160156
2010-02-18,36.44759750366211
2010-02-19,35.665916442871094
2010-02-22,36.04142761230469
2010-02-23,35.32106018066406
2010-02-24,35.53564453125
2010-02-25,34.79228210449219
2010-02-26,34.91489791870117
2010-03-01,35.42835998535156
2010-03-02,35.842185974121094
2010-03-03,36.064414978027344
2010-03-04,35.911155700683594
2010-03-05,37.091331481933594
2010-03-08,37.33656311035156
2010-03-09,37.41319274902344
2010-03-10,37.735069274902344
2010-03-11,37.51282501220703
2010-03-12,37.305908203125
2010-03-15,37.037696838378906
2010-03-16,37.22927474975586
2010-03-17,37.88066864013672
2010-03-18,37.620113372802734
2010-03-19,37.74272918701172
2010-03-22,37.558807373046875
2010-03-23,37.85768127441406
2010-03-24,37.574134826660156
2010-03-25,37.58179473876953
2010-03-26,37.351890563964844
2010-03-29,38.072265625
2010-03-30,38.24851989746094
2010-03-31,38.3174934387207
2010-04-01,39.551307678222656
2010-04-05,39.94215774536133
2010-04-06,39.96514129638672
2010-04-07,39.581974029541016
2010-04-08,39.90382766723633
2010-04-09,39.888511657714844
2010-04-12,39.37504959106445
2010-04-13,39.329063415527344
2010-04-14,40.27934646606445
2010-04-15,40.371299743652344
2010-04-16,39.589630126953125
2010-04-19,39.13747787475586
2010-04-20,39.62028884887695
2010-04-21,40.12607955932617
2010-04-22,40.21037292480469
2010-04-23,40.41728973388672
2010-04-26,40.5399055480957
2010-04-27,39.10683059692383
2010-04-28,39.64328384399414
2010-04-29,40.15673065185547
2010-04-30,39.7352294921875
2010-05-03,39.65093231201172
2010-05-04,38.033939361572266
2010-05-05,37.305908203125
2010-05-06,35.819190979003906
2010-05-07,35.93414306640625
2010-05-10,38.23318862915039
2010-05-11,37.52814483642578
2010-05-12,37.61245346069336
2010-05-13,37.819366455078125
2010-05-14,37.31357192993164
2010-05-17,36.82310485839844
2010-05-18,35.819190979003906
2010-05-19,35.45900344848633
2010-05-20,33.182945251464844
2010-05-21,33.7960205078125
2010-05-24,33.35154342651367
2010-05-25,32.3399658203125
2010-05-26,32.25565719604492
2010-05-27,34.34013748168945
2010-05-28,33.71938705444336
2010-06-01,33.32855987548828
2010-06-02,34.53937911987305
2010-06-03,34.85358428955078
2010-06-04,33.972293853759766
2010-06-07,33.3438720703125
2010-06-08,34.0106086730957
2010-06-09,33.64275360107422
2010-06-10,34.317138671875
2010-06-11,34.57004165649414
2010-06-14,35.19845199584961
2010-06-15,36.11039352416992
2010-06-16,36.16404342651367
2010-06-17,36.0261116027832
2010-06-18,36.723472595214844
2010-06-21,37.46683883666992
2010-06-22,36.70049285888672
2010-06-23,36.77217102050781
2010-06-24,36.52553176879883
2010-06-25,36.533241271972656
2010-06-28,36.3559684753418
2010-06-29,34.73740768432617
2010-06-30,34.4599494934082
2010-07-01,34.61408615112305
2010-07-02,34.10540771484375
2010-07-06,35.03028869628906
2010-07-07,35.47732162475586
2010-07-08,35.839576721191406
2010-07-09,36.57177734375
2010-07-12,36.64115524291992
2010-07-13,36.89549255371094
2010-07-14,37.27315902709961
2010-07-15,37.142127990722656
2010-07-16,35.739383697509766
2010-07-19,36.194114685058594
2010-07-20,36.8492546081543
2010-07-21,36.57177734375
2010-07-22,37.25003433227539
2010-07-23,37.65081787109375
2010-07-26,38.19804382324219
2010-07-27,38.082435607910156
2010-07-28,37.81268310546875
2010-07-29,37.76643371582031
2010-07-30,37.80496597290039
2010-08-02,39.02274703979492
2010-08-03,39.1768913269043
2010-08-04,39.20772171020508
2010-08-05,38.99961471557617
2010-08-06,39.04586410522461
2010-08-09,39.1768913269043
2010-08-10,38.63737106323242
2010-08-11,37.057350158691406
2010-08-12,36.88007354736328
2010-08-13,37.21149444580078
2010-08-16,37.27315902709961
2010-08-17,37.951412200927734
2010-08-18,38.082435607910156
2010-08-19,38.14409637451172
2010-08-20,37.95912170410156
2010-08-23,37.735595703125
2010-08-24,37.21149444580078
2010-08-25,36.67967987060547
2010-08-26,36.487003326416016
2010-08-27,36.99569320678711
2010-08-30,36.93402099609375
2010-08-31,36.83382797241211
2010-09-01,38.259708404541016
2010-09-02,38.27511978149414
2010-09-03,38.606536865234375
2010-09-07,38.19034194946289
2010-09-08,38.52947235107422
2010-09-09,38.91483688354492
2010-09-10,39.24626541137695
2010-09-13,39.7780647277832
2010-09-14,39.747230529785156
2010-09-15,39.916812896728516
2010-09-16,39.48518753051758
2010-09-17,39.600799560546875
2010-09-20,40.2713508605957
2010-09-21,40.36383819580078
2010-09-22,40.39466857910156
2010-09-23,39.92451095581055
2010-09-24,40.67213821411133
2010-09-27,40.60276412963867
2010-09-28,40.76462936401367
2010-09-29,40.965023040771484
2010-09-30,41.22706985473633
2010-10-01,41.95927047729492
2010-10-04,42.059478759765625
2010-10-05,42.51420974731445
2010-10-06,43.13850784301758
2010-10-07,42.75313949584961
2010-10-08,42.91498947143555
2010-10-11,42.51420974731445
2010-10-12,41.866790771484375
2010-10-13,42.3831901550293
2010-10-14,42.70690155029297
2010-10-15,42.88417053222656
2010-10-18,43.161624908447266
2010-10-19,40.68755340576172
2010-10-20,41.6047248840332
2010-10-21,41.6047248840332
2010-10-22,42.159664154052734
2010-10-25,42.88417053222656
2010-10-26,42.76084899902344
2010-10-27,42.005516052246094
2010-10-28,42.42172622680664
2010-10-29,41.92073440551758
2010-11-01,42.6606559753418
2010-11-02,43.161624908447266
2010-11-03,43.7705192565918
2010-11-04,44.54126739501953
2010-11-05,44.27149963378906
2010-11-08,44.03257751464844
2010-11-09,43.73969268798828
2010-11-10,44.417945861816406
2010-11-11,44.163597106933594
2010-11-12,42.745426177978516
2010-11-15,42.75313949584961
2010-11-16,41.7665901184082
2010-11-17,41.982398986816406
2010-11-18,43.223289489746094
2010-11-19,43.56242370605469
2010-11-22,43.6009635925293
2010-11-23,41.23477554321289
2010-11-24,42.70690155029297
2010-11-26,41.24248504638672
2010-11-29,41.38893127441406
2010-11-30,41.59703063964844
2010-12-01,42.87646484375
2010-12-02,43.5932502746582
2010-12-03,44.17131042480469
2010-12-06,44.078819274902344
2010-12-07,44.2021369934082
2010-12-08,43.994041442871094
2010-12-09,44.64146041870117
2010-12-10,44.664588928222656
2010-12-13,44.8726921081543
2010-12-14,45.188690185546875
2010-12-15,44.35629653930664
2010-12-16,44.803321838378906
2010-12-17,44.764793395996094
2010-12-20,45.080787658691406
2010-12-21,45.31964111328125
2010-12-22,45.451045989990234
2010-12-23,45.381473541259766
2010-12-27,45.172767639160156
2010-12-28,45.551536560058594
2010-12-29,46.146724700927734
2010-12-30,47.02018356323242
2010-12-31,47.298458099365234
2011-01-03,47.754512786865234
2011-01-04,47.86272430419922
2011-01-05,47.8781852722168
2011-01-06,47.54581069946289
2011-01-07,47.80089569091797
2011-01-10,47.08975601196289
2011-01-11,47.592193603515625
2011-01-12,48.550682067871094
2011-01-13,48.187374114990234
2011-01-14,48.68208312988281
2011-01-18,48.512027740478516
2011-01-19,48.512027740478516
2011-01-20,48.15645980834961
2011-01-21,47.23662185668945
2011-01-24,47.909114837646484
2011-01-25,47.66176223754883
2011-01-26,48.62025833129883
2011-01-27,48.90624237060547
2011-01-28,47.42985916137695
2011-01-31,47.460784912109375
2011-02-01,48.94489669799805
2011-02-02,48.84441375732422
2011-02-03,48.7361946105957
2011-02-04,48.805763244628906
2011-02-07,48.658897399902344
2011-02-08,48.49657440185547
2011-02-09,47.22115707397461
2011-02-10,46.409542083740234
2011-02-11,45.83753204345703
2011-02-14,46.115806579589844
2011-02-15,46.084877014160156
2011-02-16,46.069427490234375
2011-02-17,46.16218566894531
2011-02-18,46.74192810058594
2011-02-22,44.90222930908203
2011-02-23,44.678070068359375
2011-02-24,44.685794830322266
2011-02-25,45.219154357910156
2011-02-28,44.87903594970703
2011-03-01,44.21428298950195
2011-03-02,44.732177734375
2011-03-03,45.92256164550781
2011-03-04,46.471370697021484
2011-03-07,45.53607177734375
2011-03-08,46.2703971862793
2011-03-09,46.339969635009766
2011-03-10,44.77855682373047
2011-03-11,44.90995788574219
2011-03-14,45.427852630615234
2011-03-15,44.600772857666016
2011-03-16,43.75822448730469
2011-03-17,44.97951889038086
2011-03-18,45.5747184753418
2011-03-21,46.41726303100586
2011-03-22,46.4327278137207
2011-03-23,46.44818878173828
2011-03-24,47.43759536743164
2011-03-25,48.02505111694336
2011-03-28,47.90138244628906
2011-03-29,48.52749252319336
2011-03-30,49.46278762817383
2011-03-31,49.74106216430664
2011-04-01,50.81549835205078
2011-04-04,50.5372314453125
2011-04-05,50.63772964477539
2011-04-06,50.776859283447266
2011-04-07,50.28214645385742
2011-04-08,50.220314025878906
2011-04-11,49.787445068359375
2011-04-12,48.8830680847168
2011-04-13,50.081180572509766
2011-04-14,50.65318298339844
2011-04-15,50.72275161743164
2011-04-18,49.818359375
2011-04-19,50.47539520263672
2011-04-20,52.214595794677734
2011-04-21,52.8406982421875
2011-04-25,52.74794387817383
2011-04-26,52.92573165893555
2011-04-27,52.8406982421875
2011-04-28,52.82524108886719
2011-04-29,53.31222152709961
2011-05-02,53.830116271972656
2011-05-03,52.77886962890625
2011-05-04,51.71988296508789
2011-05-05,51.147884368896484
2011-05-06,51.51891326904297
2011-05-09,51.155609130859375
2011-05-10,51.63486099243164
2011-05-11,50.87734603881836
2011-05-12,50.73047637939453
2011-05-13,49.71787643432617
2011-05-16,49.524635314941406
2011-05-17,49.43187713623047
2011-05-18,50.506309509277344
2011-05-19,49.98069381713867
2011-05-20,49.66376495361328
2011-05-23,47.84727478027344
2011-05-24,48.10235595703125
2011-05-25,48.08688735961914
2011-05-26,49.19225311279297
2011-05-27,50.15847396850586
2011-05-31,51.02421188354492
2011-06-01,50.19712448120117
2011-06-02,50.351715087890625
2011-06-03,50.09663391113281
2011-06-06,49.51689529418945
2011-06-07,49.76425552368164
2011-06-08,49.09176254272461
2011-06-09,49.393226623535156
2011-06-10,47.93229675292969
2011-06-13,48.15645980834961
2011-06-14,49.370033264160156
2011-06-15,48.349700927734375
2011-06-16,47.9245719909668
2011-06-17,47.8549919128418
2011-06-20,47.576725006103516
2011-06-21,48.75165557861328
2011-06-22,48.51622009277344
2011-06-23,48.3996696472168
2011-06-24,48.570613861083984
2011-06-27,48.8736457824707
2011-06-28,49.37869644165039
2011-06-29,49.976985931396484
2011-06-30,50.50535202026367
2011-07-01,51.33674240112305
2011-07-05,51.694175720214844
2011-07-06,51.83403778076172
2011-07-07,52.78976058959961
2011-07-08,52.424560546875
2011-07-11,51.04148864746094
2011-07-12,50.202327728271484
2011-07-13,51.04926681518555
2011-07-14,50.738460540771484
2011-07-15,50.98710250854492
2011-07-18,50.11684799194336
2011-07-19,51.04148864746094
2011-07-20,51.4610710144043
2011-07-21,51.77964782714844
2011-07-22,51.880653381347656
2011-07-25,51.453304290771484
2011-07-26,51.709720611572266
2011-07-27,51.06480026245117
2011-07-28,51.25905227661133
2011-07-29,51.033721923828125
2011-08-01,51.19689178466797
2011-08-02,49.51079177856445
2011-08-03,48.764862060546875
2011-08-04,45.54029083251953
2011-08-05,45.35380935668945
2011-08-08,41.18128967285156
2011-08-09,42.73530197143555
2011-08-10,39.96915817260742
2011-08-11,42.75860595703125
2011-08-12,42.13700485229492
2011-08-15,43.06940841674805
2011-08-16,43.06940841674805
2011-08-17,43.67547607421875
2011-08-18,40.94041442871094
2011-08-19,39.51850891113281
2011-08-22,39.09114456176758
2011-08-23,41.29007339477539
2011-08-24,40.909339904785156
2011-08-25,39.91476821899414
2011-08-26,41.227909088134766
2011-08-29,42.96840286254883
2011-08-30,42.85962677001953
2011-08-31,44.05620574951172
2011-09-01,43.52785110473633
2011-09-02,42.46334457397461
2011-09-06,41.93498992919922
2011-09-07,43.6210823059082
2011-09-08,42.424495697021484
2011-09-09,40.551918029785156
2011-09-12,40.54414367675781
2011-09-13,40.70732116699219
2011-09-14,40.45090866088867
2011-09-15,40.971492767333984
2011-09-16,41.6319580078125
2011-09-19,40.07017135620117
2011-09-20,40.27219009399414
2011-09-21,38.8347282409668
2011-09-22,35.48583984375
2011-09-23,36.26284408569336
2011-09-26,36.70573425292969
2011-09-27,38.21312713623047
2011-09-28,36.84560012817383
2011-09-29,37.73915481567383
2011-09-30,36.185142517089844
2011-10-03,35.1750373840332
2011-10-04,36.363861083984375
2011-10-05,36.63581085205078
2011-10-06,37.77801513671875
2011-10-07,37.676998138427734
2011-10-10,39.433021545410156
2011-10-11,39.199928283691406
2011-10-12,40.40428161621094
2011-10-13,39.97693634033203
2011-10-14,41.04142761230469
2011-10-17,40.10902404785156
2011-10-18,41.16575241088867
2011-10-19,41.056968688964844
2011-10-20,40.12456512451172
2011-10-21,41.16575241088867
2011-10-24,43.10826873779297
2011-10-25,42.19139862060547
2011-10-26,42.44780731201172
2011-10-27,45.08185958862305
2011-10-28,44.6467399597168
2011-10-31,43.04610824584961
2011-11-01,42.37010955810547
2011-11-02,43.37244415283203
2011-11-03,43.325828552246094
2011-11-04,43.939659118652344
2011-11-07,44.04067611694336
2011-11-08,44.095062255859375
2011-11-09,41.56979751586914
2011-11-10,41.3599967956543
2011-11-11,42.60322189331055
2011-11-14,42.401187896728516
2011-11-15,42.502193450927734
2011-11-16,41.445472717285156
2011-11-17,40.598541259765625
2011-11-18,40.94041442871094
2011-11-21,39.619510650634766
2011-11-22,40.21003341674805
2011-11-23,38.67156219482422
2011-11-25,38.47731018066406
2011-11-28,40.39651870727539
2011-11-29,41.15798568725586
2011-11-30,43.55893325805664
2011-12-01,43.496768951416016
2011-12-02,43.193729400634766
2011-12-05,43.82311248779297
2011-12-06,43.325828552246094
2011-12-07,43.36467742919922
2011-12-08,41.9893798828125
2011-12-09,42.48666000366211
2011-12-12,41.13467025756836
2011-12-13,40.56745529174805
2011-12-14,39.83707046508789
2011-12-15,39.9303092956543
2011-12-16,40.2255744934082
2011-12-19,38.446231842041016
2011-12-20,40.36670684814453
2011-12-21,40.8207893371582
2011-12-22,41.23572540283203
2011-12-23,41.564544677734375
2011-12-27,40.56243133544922
2011-12-28,40.30406951904297
2011-12-29,40.86776351928711
2011-12-30,40.914737701416016
2012-01-03,42.488380432128906
2012-01-04,42.292659759521484
2012-01-05,41.79159164428711
2012-01-06,40.85993194580078
2012-01-09,40.765987396240234
2012-01-10,41.61152648925781
2012-01-11,41.16526412963867
2012-01-12,41.64284133911133
2012-01-13,41.721134185791016
2012-01-17,42.527523040771484
2012-01-18,43.22431564331055
2012-01-19,43.97590255737305
2012-01-20,44.43782043457031
2012-01-23,45.04848861694336
2012-01-24,45.04066467285156
2012-01-25,45.455596923828125
2012-01-26,45.032833099365234
2012-01-27,45.36164855957031
2012-01-30,44.633544921875
2012-01-31,44.907569885253906
2012-02-01,45.573036193847656
2012-02-02,45.77659225463867
2012-02-03,46.21501922607422
2012-02-06,45.65915298461914
2012-02-07,45.94100570678711
2012-02-08,46.32462692260742
2012-02-09,46.34027862548828
2012-02-10,45.18158721923828
2012-02-13,46.05061340332031
2012-02-14,45.70612716674805
2012-02-15,46.10541534423828
2012-02-16,46.15239334106445
2012-02-17,46.520347595214844
2012-02-21,46.31679916381836
2012-02-22,46.23851013183594
2012-02-23,45.815738677978516
2012-02-24,46.379432678222656
2012-02-27,45.713951110839844
2012-02-28,46.136722564697266
2012-02-29,46.87266159057617
2012-03-01,47.21714401245117
2012-03-02,47.084049224853516
2012-03-05,46.47338104248047
2012-03-06,45.12678146362305
2012-03-07,45.70612716674805
2012-03-08,46.74739456176758
2012-03-09,46.74739456176758
2012-03-12,46.15239334106445
2012-03-13,47.59294128417969
2012-03-14,46.997920989990234
2012-03-15,47.49115753173828
2012-03-16,47.33457565307617
2012-03-19,47.553794860839844
2012-03-20,46.896148681640625
2012-03-21,46.71607208251953
2012-03-22,46.199363708496094
2012-03-23,46.4812126159668
2012-03-26,47.115360260009766
2012-03-27,46.87266159057617
2012-03-28,46.45771789550781
2012-03-29,46.36377716064453
2012-03-30,46.61430740356445
2012-04-02,47.45984649658203
2012-04-03,47.81214904785156
2012-04-04,46.8804931640625
2012-04-05,47.21714401245117
2012-04-09,46.37160110473633
2012-04-10,45.21289825439453
2012-04-11,45.815738677978516
2012-04-12,46.50469970703125
2012-04-13,46.21501922607422
2012-04-16,46.128902435302734
2012-04-17,46.496864318847656
2012-04-18,46.20718765258789
2012-04-19,45.94883346557617
2012-04-20,45.7217903137207
2012-04-23,45.07979965209961
2012-04-24,45.2677001953125
2012-04-25,45.753108978271484
2012-04-26,46.097591400146484
2012-04-27,46.36377716064453
2012-04-30,46.379432678222656
2012-05-01,46.669105529785156
2012-05-02,46.810028076171875
2012-05-03,46.582984924316406
2012-05-04,45.674808502197266
2012-05-07,45.784420013427734
2012-05-08,45.36948776245117
2012-05-09,44.790130615234375
2012-05-10,44.79796600341797
2012-05-11,44.00722122192383
2012-05-14,43.44353103637695
2012-05-15,42.926815032958984
2012-05-16,41.447113037109375
2012-05-17,40.90690994262695
2012-05-18,40.27275466918945
2012-05-21,41.23572540283203
2012-05-22,41.196590423583984
2012-05-23,40.914737701416016
2012-05-24,40.53111267089844
2012-05-25,40.46065139770508
2012-05-29,41.55672836303711
2012-05-30,40.922569274902344
2012-05-31,41.196590423583984
2012-06-01,40.25709533691406
2012-06-04,40.20229721069336
2012-06-05,40.31190490722656
2012-06-06,41.4549446105957
2012-06-07,42.12041091918945
2012-06-08,41.78376388549805
2012-06-11,41.36882019042969
2012-06-12,42.38660430908203
2012-06-13,42.12824249267578
2012-06-14,42.597991943359375
2012-06-15,42.80936813354492
2012-06-18,43.106876373291016
2012-06-19,43.811492919921875
2012-06-20,43.639251708984375
2012-06-21,42.39442825317383
2012-06-22,42.05778121948242
2012-06-25,40.73466873168945
2012-06-26,40.99302673339844
2012-06-27,41.25138473510742
2012-06-28,41.01651382446289
2012-06-29,42.911155700683594
2012-07-02,42.46489715576172
2012-07-03,43.34175491333008
2012-07-05,43.19300079345703
2012-07-06,42.06561279296875
2012-07-09,41.78376388549805
2012-07-10,41.37664794921875
2012-07-11,41.4627685546875
2012-07-12,40.49979782104492
2012-07-13,41.40013885498047
2012-07-16,41.21224594116211
2012-07-17,41.799415588378906
2012-07-18,41.38447952270508
2012-07-19,41.94816970825195
2012-07-20,41.478431701660156
2012-07-23,40.421504974365234
2012-07-24,40.34321594238281
2012-07-25,40.49979782104492
2012-07-26,41.36099624633789
2012-07-27,43.00510025024414
2012-07-30,42.691932678222656
2012-07-31,43.521820068359375
2012-08-01,43.75669479370117
2012-08-02,42.80936813354492
2012-08-03,43.811492919921875
2012-08-06,44.085514068603516
2012-08-07,44.33604431152344
2012-08-08,44.46131134033203
2012-08-09,45.22072982788086
2012-08-10,45.6669921875
2012-08-13,45.111122131347656
2012-08-14,45.44776916503906
2012-08-15,45.18941116333008
2012-08-16,45.64350128173828
2012-08-17,45.22072982788086
2012-08-20,45.392974853515625
2012-08-21,45.07979965209961
2012-08-22,45.00934982299805
2012-08-23,44.6883544921875
2012-08-24,44.758819580078125
2012-08-27,44.171630859375
2012-08-28,44.19511413574219
2012-08-29,44.45347595214844
2012-08-30,43.709720611572266
2012-08-31,44.06985092163086
2012-09-04,43.780181884765625
2012-09-05,43.122535705566406
2012-09-06,44.124656677246094
2012-09-07,45.165924072265625
2012-09-10,44.49263000488281
2012-09-11,44.88407897949219
2012-09-12,45.35382080078125
2012-09-13,46.60647201538086
2012-09-14,47.40504455566406
2012-09-17,46.84917068481445
2012-09-18,46.91962814331055
2012-09-19,47.0605583190918
2012-09-20,46.61430740356445
2012-09-21,46.59864044189453
2012-09-24,46.622127532958984
2012-09-25,45.815738677978516
2012-09-26,45.69047546386719
2012-09-27,46.669105529785156
2012-09-28,46.293312072753906
2012-10-01,46.70042419433594
2012-10-02,46.33245086669922
2012-10-03,46.434226989746094
2012-10-04,46.77871322631836
2012-10-05,46.864830017089844
2012-10-08,46.42640686035156
2012-10-09,45.760929107666016
2012-10-10,44.978023529052734
2012-10-11,45.150264739990234
2012-10-12,44.813629150390625
2012-10-15,45.21289825439453
2012-10-16,45.831398010253906
2012-10-17,46.160213470458984
2012-10-18,46.144554138183594
2012-10-19,44.962371826171875
2012-10-22,45.58087158203125
2012-10-23,44.3438720703125
2012-10-24,44.33604431152344
2012-10-25,45.306846618652344
2012-10-26,44.9153938293457
2012-10-31,45.07979965209961
2012-11-01,45.47126770019531
2012-11-02,45.299015045166016
2012-11-05,45.455596923828125
2012-11-06,46.07408905029297
2012-11-07,45.36948776245117
2012-11-08,44.758819580078125
2012-11-09,44.87624740600586
2012-11-12,45.15809631347656
2012-11-13,44.72749710083008
2012-11-14,44.32037353515625
2012-11-15,44.429988861083984
2012-11-16,44.35170364379883
2012-11-19,45.479087829589844
2012-11-20,45.674808502197266
2012-11-21,45.486915588378906
2012-11-23,46.199363708496094
2012-11-26,46.00362777709961
2012-11-27,46.07408905029297
2012-11-28,46.4812126159668
2012-11-29,46.739566802978516
2012-11-30,46.69259262084961
2012-12-03,46.70042419433594
2012-12-04,46.66127395629883
2012-12-05,46.935302734375
2012-12-06,47.35023880004883
2012-12-07,47.62425994873047
2012-12-10,47.92959213256836
2012-12-11,48.38367462158203
2012-12-12,48.407169342041016
2012-12-13,48.58722686767578
2012-12-14,48.626380920410156
2012-12-17,48.916046142578125
2012-12-18,49.077484130859375
2012-12-19,49.12474060058594
2012-12-20,49.053871154785156
2012-12-21,48.549861907958984
2012-12-24,48.455360412597656
2012-12-26,48.33723831176758
2012-12-27,48.55773162841797
2012-12-28,49.030235290527344
2012-12-31,49.88862228393555
2013-01-02,51.16437911987305
2013-01-03,50.29024887084961
2013-01-04,50.08549499511719
2013-01-07,49.668113708496094
2013-01-08,49.345237731933594
2013-01-09,49.345237731933594
2013-01-10,49.94374465942383
2013-01-11,49.66024398803711
2013-01-14,49.59724426269531
2013-01-15,49.250736236572266
2013-01-16,48.9436149597168
2013-01-17,49.39249801635742
2013-01-18,49.17986297607422
2013-01-22,49.06961441040039
2013-01-23,48.52622985839844
2013-01-24,48.03010177612305
2013-01-25,47.077213287353516
2013-01-28,46.55746078491211
2013-01-29,47.17171859741211
2013-01-30,46.91971969604492
2013-01-31,46.911842346191406
2013-02-01,46.888214111328125
2013-02-04,46.313331604003906
2013-02-05,46.48659133911133
2013-02-06,46.242454528808594
2013-02-07,46.07708740234375
2013-02-08,46.90396499633789
2013-02-11,47.09296798706055
2013-02-12,47.09296798706055
2013-02-13,47.699344635009766
2013-02-14,48.04584503173828
2013-02-15,48.02222442626953
2013-02-19,48.20335388183594
2013-02-20,48.63648223876953
2013-02-21,48.41598129272461
2013-02-22,48.809730529785156
2013-02-25,47.652095794677734
2013-02-26,48.282100677490234
2013-02-27,48.96723556518555
2013-02-28,48.58135986328125
2013-03-01,48.778236389160156
2013-03-04,48.549861907958984
2013-03-05,48.97511291503906
2013-03-06,48.65222930908203
2013-03-07,48.423858642578125
2013-03-08,48.116722106933594
2013-03-11,47.778099060058594
2013-03-12,47.179588317871094
2013-03-13,47.077213287353516
2013-03-14,47.085079193115234
2013-03-15,46.297584533691406
2013-03-18,45.990455627441406
2013-03-19,45.8250846862793
2013-03-20,45.7148323059082
2013-03-21,45.02969741821289
2013-03-22,45.494327545166016
2013-03-25,46.0534553527832
2013-03-26,46.81734085083008
2013-03-27,46.89609146118164
2013-03-28,46.80158996582031
2013-04-01,46.313331604003906
2013-04-02,46.02195739746094
2013-04-03,45.604576110839844
2013-04-04,44.78557586669922
2013-04-05,43.919315338134766
2013-04-08,43.69093322753906
2013-04-09,44.04531478881836
2013-04-10,44.88794708251953
2013-04-11,44.81707000732422
2013-04-12,43.407432556152344
2013-04-15,43.2263069152832
2013-04-16,44.55718994140625
2013-04-17,43.81693649291992
2013-04-18,43.155426025390625
2013-04-19,43.50193405151367
2013-04-22,44.005943298339844
2013-04-23,44.17131423950195
2013-04-24,44.4548225402832
2013-04-25,45.13995361328125
2013-04-26,44.76982116699219
2013-04-29,45.10844802856445
2013-04-30,46.00621032714844
2013-05-01,45.5494499206543
2013-05-02,45.81721115112305
2013-05-03,46.18733596801758
2013-05-06,45.895957946777344
2013-05-07,46.07708740234375
2013-05-08,46.17945861816406
2013-05-09,46.226707458496094
2013-05-10,44.92732238769531
2013-05-13,44.72256851196289
2013-05-14,45.53370666503906
2013-05-15,45.360450744628906
2013-05-16,45.76995849609375
2013-05-17,45.809329986572266
2013-05-20,45.99833679199219
2013-05-21,45.95895767211914
2013-05-22,45.58095169067383
2013-05-23,45.24232864379883
2013-05-24,44.990325927734375
2013-05-28,45.454952239990234
2013-05-29,45.53370666503906
2013-05-30,45.95895767211914
2013-05-31,45.3919563293457
2013-06-03,46.305458068847656
2013-06-04,45.7620849609375
2013-06-05,44.98244857788086
2013-06-06,45.1793212890625
2013-06-07,44.5020637512207
2013-06-10,43.99806594848633
2013-06-11,43.407432556152344
2013-06-12,43.05305099487305
2013-06-13,43.26567840576172
2013-06-14,42.667179107666016
2013-06-17,42.91917419433594
2013-06-18,43.155426025390625
2013-06-19,42.045040130615234
2013-06-20,40.43852615356445
2013-06-21,40.39915084838867
2013-06-24,39.49352264404297
2013-06-25,40.210147857666016
2013-06-26,40.162899017333984
2013-06-27,41.580413818359375
2013-06-28,41.895416259765625
2013-07-01,42.360050201416016
2013-07-02,41.7379150390625
2013-07-03,41.281166076660156
2013-07-05,40.72203063964844
2013-07-08,40.82440948486328
2013-07-09,41.32053756713867
2013-07-10,41.2024040222168
2013-07-11,43.43105697631836
2013-07-12,42.91917419433594
2013-07-15,43.2735595703125
2013-07-16,43.163307189941406
2013-07-17,43.64368438720703
2013-07-18,43.139678955078125
2013-07-19,43.242061614990234
2013-07-22,43.486183166503906
2013-07-23,43.84055709838867
2013-07-24,43.70668411254883
2013-07-25,44.13194274902344
2013-07-26,44.44694137573242
2013-07-29,44.013816833496094
2013-07-30,44.17131423950195
2013-07-31,43.96656036376953
2013-08-01,44.44694137573242
2013-08-02,44.5335693359375
2013-08-05,44.39181900024414
2013-08-06,44.03743362426758
2013-08-07,43.438926696777344
2013-08-08,43.84055709838867
2013-08-09,43.596435546875
2013-08-12,43.76181411743164
2013-08-13,44.344566345214844
2013-08-14,44.541439056396484
2013-08-15,44.20281982421875
2013-08-16,44.5020637512207
2013-08-19,44.210689544677734
2013-08-20,43.96656036376953
2013-08-21,42.856170654296875
2013-08-22,43.17905807495117
2013-08-23,43.80119323730469
2013-08-26,43.91143035888672
2013-08-27,43.38380813598633
2013-08-28,44.021690368652344
2013-08-29,44.9351921081543
2013-08-30,45.06907653808594
2013-09-03,45.502201080322266
2013-09-04,46.573211669921875
2013-09-05,46.746463775634766
2013-09-06,47.56547546386719
2013-09-09,48.14822006225586
2013-09-10,48.549861907958984
2013-09-11,48.80186080932617
2013-09-12,48.33723831176758
2013-09-13,48.39236068725586
2013-09-16,48.84910583496094
2013-09-17,48.62861251831055
2013-09-18,50.62099838256836
2013-09-19,50.37688064575195
2013-09-20,49.36098861694336
2013-09-23,49.17986297607422
2013-09-24,49.1562385559082
2013-09-25,48.63648223876953
2013-09-26,49.16411209106445
2013-09-27,48.97511291503906
2013-09-30,48.43173599243164
2013-10-01,49.140499114990234
2013-10-02,49.211368560791016
2013-10-03,49.10898971557617
2013-10-04,49.23500061035156
2013-10-07,48.9593620300293
2013-10-08,48.83335876464844
2013-10-09,49.02236557006836
2013-10-10,49.95949935913086
2013-10-11,50.298126220703125
2013-10-14,50.45563507080078
2013-10-15,50.4950065612793
2013-10-16,50.943885803222656
2013-10-17,51.40850830078125
2013-10-18,51.59751510620117
2013-10-21,51.416385650634766
2013-10-22,51.723514556884766
2013-10-23,50.770626068115234
2013-10-24,50.92812728881836
2013-10-25,50.754878997802734
2013-10-28,51.10926055908203
2013-10-29,51.3848876953125
2013-10-30,51.235260009765625
2013-10-31,50.321754455566406
2013-11-01,50.67613220214844
2013-11-04,50.52650833129883
2013-11-05,49.8807487487793
2013-11-06,50.164249420166016
2013-11-07,49.140499114990234
2013-11-08,49.22711181640625
2013-11-11,48.79398727416992
2013-11-12,48.99085998535156
2013-11-13,48.612857818603516
2013-11-14,48.9593620300293
2013-11-15,50.25088119506836
2013-11-18,50.471370697021484
2013-11-19,50.77851486206055
2013-11-20,50.132747650146484
2013-11-21,49.817745208740234
2013-11-22,49.95161819458008
2013-11-25,49.7704963684082
2013-11-26,50.25088119506836
2013-11-27,50.62887954711914
2013-11-29,51.21163558959961
2013-12-02,50.321754455566406
2013-12-03,49.825626373291016
2013-12-04,49.37674331665039
2013-12-05,49.17986297607422
2013-12-06,50.01462173461914
2013-12-09,50.298126220703125
2013-12-10,50.11699295043945
2013-12-11,49.09324264526367
2013-12-12,48.9278678894043
2013-12-13,49.08536148071289
2013-12-16,49.73899459838867
2013-12-17,49.35311508178711
2013-12-18,50.31825256347656
2013-12-19,49.43940353393555
2013-12-20,49.44739532470703
2013-12-23,49.99867248535156
2013-12-24,50.054603576660156
2013-12-26,49.75099563598633
2013-12-27,50.92546844482422
2013-12-30,51.04530334472656
2013-12-31,51.66849136352539
2014-01-02,49.247657775878906
2014-01-03,48.94404220581055
2014-01-06,48.55256271362305
2014-01-07,48.73632049560547
2014-01-08,48.520599365234375
2014-01-09,48.352821350097656
2014-01-10,48.448699951171875
2014-01-13,48.34482955932617
2014-01-14,48.648433685302734
2014-01-15,48.560550689697266
2014-01-16,48.536582946777344
2014-01-17,48.248958587646484
2014-01-21,48.328853607177734
2014-01-22,48.58451843261719
2014-01-23,47.41804122924805
2014-01-24,46.05183792114258
2014-01-27,46.45130920410156
2014-01-28,46.914703369140625
2014-01-29,46.75491714477539
2014-01-30,47.08248519897461
2014-01-31,47.17036437988281
2014-02-03,45.916011810302734
2014-02-04,46.267547607421875
2014-02-05,46.36342239379883
2014-02-06,47.074493408203125
2014-02-07,47.314178466796875
2014-02-10,47.106449127197266
2014-02-11,47.84149169921875
2014-02-12,47.9773063659668
2014-02-13,47.78555679321289
2014-02-14,48.520599365234375
2014-02-18,48.04123306274414
2014-02-19,47.569847106933594
2014-02-20,47.53788757324219
2014-02-21,47.84149169921875
2014-02-24,48.121124267578125
2014-02-25,48.081180572509766
2014-02-26,48.4886474609375
2014-02-27,49.03992462158203
2014-02-28,48.80024337768555
2014-03-03,48.400760650634766
2014-03-04,48.80024337768555
2014-03-05,48.67240905761719
2014-03-06,49.231666564941406
2014-03-07,48.960025787353516
2014-03-10,48.36081314086914
2014-03-11,48.057212829589844
2014-03-12,47.753604888916016
2014-03-13,46.9466667175293
2014-03-14,46.842796325683594
2014-03-17,47.649749755859375
2014-03-18,47.85747528076172
2014-03-19,46.994598388671875
2014-03-20,46.65104675292969
2014-03-21,46.88274383544922
2014-03-24,47.2103157043457
2014-03-25,47.4420166015625
2014-03-26,48.073184967041016
2014-03-27,48.696372985839844
2014-03-28,48.84018325805664
2014-03-31,49.1437873840332
2014-04-01,49.76698303222656
2014-04-02,49.774959564208984
2014-04-03,49.806922912597656
2014-04-04,49.79094314575195
2014-04-07,49.71903610229492
2014-04-08,50.541961669921875
2014-04-09,51.22906494140625
2014-04-10,50.65381622314453
2014-04-11,50.71773147583008
2014-04-14,50.76567077636719
2014-04-15,50.31026077270508
2014-04-16,51.0612907409668
2014-04-17,50.88551330566406
2014-04-21,51.00535202026367
2014-04-22,51.013343811035156
2014-04-23,50.61386489868164
2014-04-24,50.701759338378906
2014-04-25,49.83888244628906
2014-04-28,50.214385986328125
2014-04-29,50.422122955322266
2014-04-30,49.974708557128906
2014-05-01,50.22237777709961
2014-05-02,50.08656311035156
2014-05-05,49.98269271850586
2014-05-06,50.13449478149414
2014-05-07,49.87083435058594
2014-05-08,50.13449478149414
2014-05-09,50.03862380981445
2014-05-12,50.71773147583008
2014-05-13,51.26901626586914
2014-05-14,51.580604553222656
2014-05-15,51.30097198486328
2014-05-16,51.94812774658203
2014-05-19,52.13188934326172
2014-05-20,51.6125602722168
2014-05-21,51.93214416503906
2014-05-22,52.13987731933594
2014-05-23,51.98806381225586
2014-05-27,51.47674560546875
2014-05-28,52.05998229980469
2014-05-29,52.323631286621094
2014-05-30,51.636531829833984
2014-06-02,51.66849136352539
2014-06-03,51.76436233520508
2014-06-04,51.72441864013672
2014-06-05,51.85224914550781
2014-06-06,52.24374008178711
2014-06-09,52.14786911010742
2014-06-10,52.459468841552734
2014-06-11,52.25971603393555
2014-06-12,51.93214416503906
2014-06-13,51.348907470703125
2014-06-16,51.44478225708008
2014-06-17,51.564632415771484
2014-06-18,51.72441864013672
2014-06-19,51.548648834228516
2014-06-20,50.821598052978516
2014-06-23,51.069278717041016
2014-06-24,51.62054443359375
2014-06-25,51.5726203918457
2014-06-26,51.82029342651367
2014-06-27,51.908180236816406
2014-06-30,51.94812774658203
2014-07-01,52.363582611083984
2014-07-02,52.555328369140625
2014-07-03,52.6911506652832
2014-07-07,52.08395004272461
2014-07-08,51.788330078125
2014-07-09,51.94812774658203
2014-07-10,51.564632415771484
2014-07-11,51.10122299194336
2014-07-14,51.412818908691406
2014-07-15,51.380863189697266
2014-07-16,51.580604553222656
2014-07-17,51.069278717041016
2014-07-18,51.73240661621094
2014-07-21,51.756378173828125
2014-07-22,52.371578216552734
2014-07-23,52.18780517578125
2014-07-24,52.067962646484375
2014-07-25,52.17981719970703
2014-07-28,52.842960357666016
2014-07-29,53.4182014465332
2014-07-30,53.81767654418945
2014-07-31,52.81099319458008
2014-08-01,53.21046829223633
2014-08-04,53.218467712402344
2014-08-05,52.41951370239258
2014-08-06,52.25173568725586
2014-08-07,51.91616439819336
2014-08-08,52.05199432373047
2014-08-11,52.21976852416992
2014-08-12,52.33961868286133
2014-08-13,52.675174713134766
2014-08-14,53.138580322265625
2014-08-15,52.97877502441406
2014-08-18,53.050689697265625
2014-08-19,53.34629821777344
2014-08-20,52.97877502441406
2014-08-21,52.275691986083984
2014-08-22,52.563323974609375
2014-08-25,52.74707794189453
2014-08-26,53.26639938354492
2014-08-27,53.27439498901367
2014-08-28,53.2584228515625
2014-08-29,53.050689697265625
2014-09-02,52.25173568725586
2014-09-03,52.1238899230957
2014-09-04,52.107913970947266
2014-09-05,51.99605941772461
2014-09-08,51.44478225708008
2014-09-09,50.813602447509766
2014-09-10,51.02133560180664
2014-09-11,50.813602447509766
2014-09-12,50.909481048583984
2014-09-15,50.70974349975586
2014-09-16,51.292972564697266
2014-09-17,51.197105407714844
2014-09-18,50.773658752441406
2014-09-19,50.66979217529297
2014-09-22,49.854862213134766
2014-09-23,49.703060150146484
2014-09-24,50.23036575317383
2014-09-25,49.31956100463867
2014-09-26,49.423423767089844
2014-09-29,48.792240142822266
2014-09-30,48.34482955932617
2014-10-01,47.08248519897461
2014-10-02,46.90671157836914
2014-10-03,47.02655792236328
2014-10-06,46.954647064208984
2014-10-07,46.53120422363281
2014-10-08,46.786869049072266
2014-10-09,46.027862548828125
2014-10-10,45.11705780029297
2014-10-13,45.52451705932617
2014-10-14,45.66832733154297
2014-10-15,45.60441589355469
2014-10-16,45.44462585449219
2014-10-17,45.380699157714844
2014-10-20,46.01188278198242
2014-10-21,46.17167282104492
2014-10-22,45.97992706298828
2014-10-23,46.04384231567383
2014-10-24,46.0038948059082
2014-10-27,46.25156784057617
2014-10-28,46.69099044799805
2014-10-29,47.154388427734375
2014-10-30,47.434024810791016
2014-10-31,46.842796325683594
2014-11-03,46.05982208251953
2014-11-04,45.8441047668457
2014-11-05,45.11705780029297
2014-11-06,45.308799743652344
2014-11-07,45.57245635986328
2014-11-10,45.96394729614258
2014-11-11,45.58842849731445
2014-11-12,45.74822235107422
2014-11-13,45.58842849731445
2014-11-14,45.220916748046875
2014-11-17,45.172977447509766
2014-11-18,45.52451705932617
2014-11-19,44.8533935546875
2014-11-20,44.74154281616211
2014-11-21,45.37272262573242
2014-11-24,45.40468215942383
2014-11-25,45.33277130126953
2014-11-26,45.95595169067383
2014-11-28,45.44462585449219
2014-12-01,45.10106658935547
2014-12-02,45.02916717529297
2014-12-03,45.01319122314453
2014-12-04,45.47657775878906
2014-12-05,45.21293258666992
2014-12-08,45.23689651489258
2014-12-09,45.540496826171875
2014-12-10,44.84541320800781
2014-12-11,44.461910247802734
2014-12-12,43.846710205078125
2014-12-15,44.29412078857422
2014-12-16,44.93328857421875
2014-12-17,44.66891860961914
2014-12-18,44.563812255859375
2014-12-19,44.701255798339844
2014-12-22,45.21868133544922
2014-12-23,44.70934295654297
2014-12-24,44.95997619628906
2014-12-26,45.178260803222656
2014-12-29,45.00847625732422
2014-12-30,44.6446647644043
2014-12-31,44.701255798339844
2015-01-02,44.232330322265625
2015-01-05,43.682559967041016
2015-01-06,43.52086639404297
2015-01-07,44.070640563964844
2015-01-08,44.92763137817383
2015-01-09,45.33995819091797
2015-01-12,45.348045349121094
2015-01-13,45.74420166015625
2015-01-14,45.45315170288086
2015-01-15,45.525909423828125
2015-01-16,45.46123123168945
2015-01-20,45.43697738647461
2015-01-21,45.865474700927734
2015-01-22,46.390995025634766
2015-01-23,46.390995025634766
2015-01-26,46.47184371948242
2015-01-27,46.285892486572266
2015-01-28,46.12419509887695
2015-01-29,46.02717208862305
2015-01-30,44.9923095703125
2015-02-02,45.74420166015625
2015-02-03,46.08376693725586
2015-02-04,46.302066802978516
2015-02-05,46.10802459716797
2015-02-06,45.39655303955078
2015-02-09,45.37230682373047
2015-02-10,45.04082107543945
2015-02-11,44.4991340637207
2015-02-12,44.93572235107422
2015-02-13,45.299537658691406
2015-02-17,45.21868133544922
2015-02-18,45.25910568237305
2015-02-19,45.04890441894531
2015-02-20,45.412715911865234
2015-02-23,45.27528381347656
2015-02-24,45.59867858886719
2015-02-25,45.85739517211914
2015-02-26,45.92206573486328
2015-02-27,45.78463363647461
2015-03-02,46.13227462768555
2015-03-03,46.27780532836914
2015-03-04,46.11610794067383
2015-03-05,46.1484489440918
2015-03-06,45.91399002075195
2015-03-09,45.55825424194336
2015-03-10,44.442535400390625
2015-03-11,44.563812255859375
2015-03-12,44.94380569458008
2015-03-13,44.29701232910156
2015-03-16,44.94380569458008
2015-03-17,46.091854095458984
2015-03-18,46.85991287231445
2015-03-19,46.253543853759766
2015-03-20,46.70630645751953
2015-03-23,46.82757568359375
2015-03-24,46.95693588256836
2015-03-25,46.73055648803711
2015-03-26,46.3586540222168
2015-03-27,46.34248352050781
2015-03-30,46.552696228027344
2015-03-31,46.27780532836914
2015-04-01,46.39908218383789
2015-04-02,46.90034103393555
2015-04-06,47.52287673950195
2015-04-07,46.981197357177734
2015-04-08,47.49862289428711
2015-04-09,47.361175537109375
2015-04-10,48.185829162597656
2015-04-13,48.040306091308594
2015-04-14,48.881134033203125
2015-04-15,49.172183990478516
2015-04-16,49.73813247680664
2015-04-17,49.333885192871094
2015-04-20,49.92407989501953
2015-04-21,49.67345428466797
2015-04-22,50.06153106689453
2015-04-23,50.87001037597656
2015-04-24,50.64363479614258
2015-04-27,50.65980911254883
2015-04-28,50.805328369140625
2015-04-29,50.09386444091797
2015-04-30,49.45516586303711
2015-05-01,49.447078704833984
2015-05-04,49.867488861083984
2015-05-05,49.301551818847656
2015-05-06,48.792198181152344
2015-05-07,48.2747688293457
2015-05-08,48.49306106567383
2015-05-11,47.91094970703125
2015-05-12,47.91903305053711
2015-05-13,48.218177795410156
2015-05-14,48.77603530883789
2015-05-15,48.323280334472656
2015-05-18,48.04838943481445
2015-05-19,48.161582946777344
2015-05-20,48.436466217041016
2015-05-21,48.161582946777344
2015-05-22,48.40412902832031
2015-05-26,47.59564208984375
2015-05-27,46.88417434692383
2015-05-28,46.75481414794922
2015-05-29,46.73055648803711
2015-06-01,46.27780532836914
2015-06-02,46.1403694152832
2015-06-03,45.84122085571289
2015-06-04,45.525909423828125
2015-06-05,45.14592361450195
2015-06-08,45.178260803222656
2015-06-09,45.04890441894531
2015-06-10,45.469322204589844
2015-06-11,45.25910568237305
2015-06-12,44.79827117919922
2015-06-15,44.579986572265625
2015-06-16,44.28892517089844
2015-06-17,44.677005767822266
2015-06-18,45.113590240478516
2015-06-19,45.02464294433594
2015-06-22,45.614845275878906
2015-06-23,45.93015670776367
2015-06-24,45.53399658203125
2015-06-25,45.33995819091797
2015-06-26,45.097415924072266
2015-06-29,44.353607177734375
2015-06-30,44.55572509765625
2015-07-01,45.04082107543945
2015-07-02,45.08932876586914
2015-07-06,43.7310676574707
2015-07-07,43.383419036865234
2015-07-08,42.36472702026367
2015-07-09,42.91450119018555
2015-07-10,43.31874465942383
2015-07-13,43.383419036865234
2015-07-14,43.01152038574219
2015-07-15,42.720462799072266
2015-07-16,43.213645935058594
2015-07-17,42.80939865112305
2015-07-20,42.437496185302734
2015-07-21,42.599185943603516
2015-07-22,42.08175277709961
2015-07-23,41.6370849609375
2015-07-24,40.89328384399414
2015-07-27,41.16007995605469
2015-07-28,41.77452850341797
2015-07-29,42.04133224487305
2015-07-30,41.111572265625
2015-07-31,41.37837219238281
2015-08-03,40.75584030151367
2015-08-04,41.127742767333984
2015-08-05,40.89328384399414
2015-08-06,40.448604583740234
2015-08-07,40.44052505493164
2015-08-10,40.9013671875
2015-08-11,39.54310989379883
2015-08-12,39.591617584228516
2015-08-13,39.68054962158203
2015-08-14,39.76947784423828
2015-08-17,39.19546127319336
2015-08-18,38.944828033447266
2015-08-19,38.68611526489258
2015-08-20,37.80485916137695
2015-08-21,36.923614501953125
2015-08-24,36.13937759399414
2015-08-25,36.85892868041992
2015-08-26,37.92613220214844
2015-08-27,38.920570373535156
2015-08-28,38.79930114746094
2015-08-31,38.67802810668945
2015-09-01,37.869537353515625
2015-09-02,38.524417877197266
2015-09-03,38.314205169677734
2015-09-04,37.335941314697266
2015-09-08,38.26570129394531
2015-09-09,38.758872985839844
2015-09-10,39.21162414550781
2015-09-11,39.27630615234375
2015-09-14,38.944828033447266
2015-09-15,39.397586822509766
2015-09-16,40.93370819091797
2015-09-17,40.87710952758789
2015-09-18,40.41627502441406
2015-09-21,39.86650466918945
2015-09-22,39.34098815917969
2015-09-23,38.99333953857422
2015-09-24,38.78313446044922
2015-09-25,38.82355499267578
2015-09-28,38.03932571411133
2015-09-29,37.91805648803711
2015-09-30,39.4379997253418
2015-10-01,40.084800720214844
2015-10-02,40.48094940185547
2015-10-05,41.2894401550293
2015-10-06,41.19242858886719
2015-10-07,42.437496185302734
2015-10-08,42.77705383300781
2015-10-09,43.16513442993164
2015-10-12,43.0034294128418
2015-10-13,42.47792434692383
2015-10-14,42.930667877197266
2015-10-15,44.13531494140625
2015-10-16,43.9089469909668
2015-10-19,43.65830993652344
2015-10-20,43.86851501464844
2015-10-21,43.53703308105469
2015-10-22,44.18382263183594
2015-10-23,44.26467514038086
2015-10-26,44.224246978759766
2015-10-27,43.900856018066406
2015-10-28,43.53703308105469
2015-10-29,43.52086639404297
2015-10-30,43.96553039550781
2015-11-02,44.72550964355469
2015-11-03,45.348045349121094
2015-11-04,44.701255798339844
2015-11-05,44.66891860961914
2015-11-06,43.811920166015625
2015-11-09,42.91450119018555
2015-11-10,42.53450393676758
2015-11-11,42.75279998779297
2015-11-12,42.2677116394043
2015-11-13,41.443050384521484
2015-11-16,41.839210510253906
2015-11-17,41.5966682434082
2015-11-18,42.065582275390625
2015-11-19,42.75279998779297
2015-11-20,42.971092224121094
2015-11-23,42.87407302856445
2015-11-24,43.44001388549805
2015-11-25,43.44001388549805
2015-11-27,43.18130111694336
2015-11-30,42.704288482666016
2015-12-01,43.44810104370117
2015-12-02,42.63962173461914
2015-12-03,42.17877197265625
2015-12-04,42.283878326416016
2015-12-07,41.313690185546875
2015-12-08,40.8690185546875
2015-12-09,40.723506927490234
2015-12-10,40.90945053100586
2015-12-11,40.14138412475586
2015-12-14,40.52946090698242
2015-12-15,41.127742767333984
2015-12-16,42.211116790771484
2015-12-17,41.14391326904297
2015-12-18,41.305606842041016
2015-12-21,41.95307540893555
2015-12-22,42.34222412109375
2015-12-23,42.689971923828125
2015-12-24,42.3587760925293
2015-12-28,41.87028503417969
2015-12-29,41.96135711669922
2015-12-30,41.464576721191406
2015-12-31,41.12510681152344
2016-01-04,40.1646728515625
2016-01-05,40.33854675292969
2016-01-06,39.53541564941406
2016-01-07,38.90616226196289
2016-01-08,38.690887451171875
2016-01-11,39.12143325805664
2016-01-12,39.005516052246094
2016-01-13,38.89788055419922
2016-01-14,39.32014083862305
2016-01-15,37.664207458496094
2016-01-19,38.74056625366211
2016-01-20,37.54001998901367
2016-01-21,38.04507064819336
2016-01-22,39.179386138916016
2016-01-25,38.64949035644531
2016-01-26,39.0137939453125
2016-01-27,38.724002838134766
2016-01-28,39.12143325805664
2016-01-29,39.527137756347656
2016-02-01,39.41950225830078
2016-02-02,38.30173873901367
2016-02-03,39.10487365722656
2016-02-04,39.85004425048828
2016-02-05,39.361541748046875
2016-02-08,39.08831024169922
2016-02-09,38.67433166503906
2016-02-10,38.86475372314453
2016-02-11,38.08647918701172
2016-02-12,38.47562026977539
2016-02-16,38.7736930847168
2016-02-17,39.229068756103516
2016-02-18,38.80680465698242
2016-02-19,38.608097076416016
2016-02-22,39.41950225830078
2016-02-23,38.75712585449219
2016-02-24,38.79852294921875
2016-02-25,38.930999755859375
2016-02-26,38.33485794067383
2016-02-29,38.57497787475586
2016-03-01,39.65960693359375
2016-03-02,39.97423553466797
2016-03-03,40.520687103271484
2016-03-04,41.183074951171875
2016-03-07,41.050594329833984
2016-03-08,40.106712341308594
2016-03-09,40.37166213989258
2016-03-10,41.04231262207031
2016-03-11,41.93651580810547
2016-03-14,41.59705352783203
2016-03-15,41.373504638671875
2016-03-16,42.25114440917969
2016-03-17,43.26953887939453
2016-03-18,43.170188903808594
2016-03-21,43.1287956237793
2016-03-22,43.39374542236328
2016-03-23,42.689971923828125
2016-03-24,42.689971923828125
2016-03-28,42.7065315246582
2016-03-29,43.633846282958984
2016-03-30,44.12235641479492
2016-03-31,43.733211517333984
2016-04-01,43.10395431518555
2016-04-04,42.797607421875
2016-04-05,41.99448013305664
2016-04-06,42.747928619384766
2016-04-07,42.08555221557617
2016-04-08,42.59889602661133
2016-04-11,43.02943420410156
2016-04-12,43.43513870239258
2016-04-13,43.931922912597656
2016-04-14,43.83256149291992
2016-04-15,43.72493362426758
2016-04-18,44.056114196777344
2016-04-19,44.726768493652344
2016-04-20,44.50321960449219
2016-04-21,44.25482940673828
2016-04-22,43.78288650512695
2016-04-25,43.642127990722656
2016-04-26,43.981597900390625
2016-04-27,44.02299499511719
2016-04-28,43.75804138183594
2016-04-29,43.261268615722656
2016-05-02,43.53450012207031
2016-05-03,42.64856719970703
2016-05-04,41.84543991088867
2016-05-05,41.746089935302734
2016-05-06,41.78748321533203
2016-05-09,41.53081512451172
2016-05-10,42.22631072998047
2016-05-11,42.02759552001953
2016-05-12,41.878562927246094
2016-05-13,41.050594329833984
2016-05-16,41.3652229309082
2016-05-17,41.10855484008789
2016-05-18,40.437896728515625
2016-05-19,40.4544563293457
2016-05-20,40.62833023071289
2016-05-23,40.777366638183594
2016-05-24,40.61177444458008
2016-05-25,41.323822021484375
2016-05-26,41.34865951538086
2016-05-27,41.22446823120117
2016-05-31,41.19962692260742
2016-06-01,41.34865951538086
2016-06-02,41.81232833862305
2016-06-03,42.607177734375
2016-06-06,43.10395431518555
2016-06-07,43.59245681762695
2016-06-08,43.94020080566406
2016-06-09,43.60073471069336
2016-06-10,42.84728240966797
2016-06-13,41.99448013305664
2016-06-14,41.65501022338867
2016-06-15,42.11039733886719
2016-06-16,41.903404235839844
2016-06-17,41.862003326416016
2016-06-20,42.87212371826172
2016-06-21,43.12051010131836
2016-06-22,43.476531982421875
2016-06-23,44.22170639038086
2016-06-24,41.381778717041016
2016-06-27,40.52898025512695
2016-06-28,41.804046630859375
2016-06-29,42.78104782104492
2016-06-30,43.11222839355469
2016-07-01,43.74148941040039
2016-07-05,43.045997619628906
2016-07-06,42.45813751220703
2016-07-07,42.789329528808594
2016-07-08,43.43513870239258
2016-07-11,43.61729431152344
2016-07-12,44.213436126708984
2016-07-13,44.25482940673828
2016-07-14,45.10763168334961
2016-07-15,44.99171829223633
2016-07-18,45.17387008666992
2016-07-19,44.6688117980957
2016-07-20,44.6688117980957
2016-07-21,44.54461669921875
2016-07-22,44.96687698364258
2016-07-25,44.46181869506836
2016-07-26,44.950321197509766
2016-07-27,45.19871139526367
2016-07-28,45.356021881103516
2016-07-29,46.08462905883789
2016-08-01,46.41582107543945
2016-08-02,45.753440856933594
2016-08-03,45.43053436279297
2016-08-04,45.645809173583984
2016-08-05,46.324745178222656
2016-08-08,46.63936996459961
2016-08-09,47.21895217895508
2016-08-10,47.417667388916016
2016-08-11,47.80680847167969
2016-08-12,47.367977142333984
2016-08-15,47.88960266113281
2016-08-16,47.6826057434082
2016-08-17,47.0533561706543
2016-08-18,47.73229217529297
2016-08-19,47.40110397338867
2016-08-22,46.79669189453125
2016-08-23,47.08647155761719
2016-08-24,47.02851486206055
2016-08-25,47.13615417480469
2016-08-26,46.540016174316406
2016-08-29,46.929161071777344
2016-08-30,46.94572067260742
2016-08-31,46.65593719482422
2016-09-01,46.87120056152344
2016-09-02,47.359703063964844
2016-09-06,48.82521057128906
2016-09-07,48.866600036621094
2016-09-08,48.3035888671875
2016-09-09,46.664207458496094
2016-09-12,46.7718391418457
2016-09-13,45.26494216918945
2016-09-14,45.46365737915039
2016-09-15,45.98527908325195
2016-09-16,45.703773498535156
2016-09-19,46.14258575439453
2016-09-20,46.54829025268555
2016-09-21,47.88960266113281
2016-09-22,48.27046203613281
2016-09-23,47.73229217529297
2016-09-26,47.21895217895508
2016-09-27,48.27046203613281
2016-09-28,48.54369354248047
2016-09-29,47.86476516723633
2016-09-30,48.12970733642578
2016-10-03,48.05519485473633
2016-10-04,47.127872467041016
2016-10-05,47.74056625366211
2016-10-06,47.988956451416016
2016-10-07,47.69917297363281
2016-10-10,48.18767166137695
2016-10-11,46.39098358154297
2016-10-12,46.4406623840332
2016-10-13,45.98527908325195
2016-10-14,45.83624267578125
2016-10-17,46.09291076660156
2016-10-18,46.862918853759766
2016-10-19,47.22722244262695
2016-10-20,46.705604553222656
2016-10-21,46.52345657348633
2016-10-24,46.75528335571289
2016-10-25,46.7718391418457
2016-10-26,46.01839828491211
2016-10-27,45.71204376220703
2016-10-28,45.74516677856445
2016-10-31,45.827964782714844
2016-11-01,45.455379486083984
2016-11-02,45.10763168334961
2016-11-03,45.15731430053711
2016-11-04,45.024837493896484
2016-11-07,46.16742706298828
2016-11-08,46.6724853515625
2016-11-09,44.486656188964844
2016-11-10,43.97331619262695
2016-11-11,43.75804138183594
2016-11-14,43.32750701904297
2016-11-15,43.8077278137207
2016-11-16,43.39374542236328
2016-11-17,43.37718200683594
2016-11-18,43.012882232666016
2016-11-21,43.18674850463867
2016-11-22,44.23826599121094
2016-11-23,43.716644287109375
2016-11-25,43.907081604003906
2016-11-28,43.907081604003906
2016-11-29,44.213436126708984
2016-11-30,44.09750747680664
2016-12-01,44.26310348510742
2016-12-02,44.12235641479492
2016-12-05,44.329345703125
2016-12-06,44.53633117675781
2016-12-07,45.49678039550781
2016-12-08,45.87763595581055
2016-12-09,45.53817367553711
2016-12-12,45.58785629272461
2016-12-13,45.968719482421875
2016-12-14,44.759883880615234
2016-12-15,44.867515563964844
2016-12-16,44.900638580322266
2016-12-19,44.92547607421875
2016-12-20,44.92547607421875
2016-12-21,44.703426361083984
2016-12-22,44.21743392944336
2016-12-23,44.48556900024414
2016-12-27,44.47718811035156
2016-12-28,44.40177917480469
2016-12-29,44.86263656616211
2016-12-30,44.59450149536133
2017-01-03,45.27322006225586
2017-01-04,45.583251953125
2017-01-05,46.03573226928711
2017-01-06,45.53297805786133
2017-01-09,45.44918441772461
2017-01-10,45.64190673828125
2017-01-11,46.91556167602539
2017-01-12,47.52723693847656
2017-01-13,47.502105712890625
2017-01-17,47.828895568847656
2017-01-18,47.14179992675781
2017-01-19,47.058006286621094
2017-01-20,47.058006286621094
2017-01-23,47.72834014892578
2017-01-24,47.711585998535156
2017-01-25,48.23110580444336
2017-01-26,48.055137634277344
2017-01-27,47.92945098876953
2017-01-30,47.8624153137207
2017-01-31,48.499244689941406
2017-02-01,48.51599884033203
2017-02-02,48.96847915649414
2017-02-03,49.3623046875
2017-02-06,49.27851867675781
2017-02-07,48.79251480102539
2017-02-08,48.60816955566406
2017-02-09,48.658447265625
2017-02-10,48.700340270996094
2017-02-13,48.66682052612305
2017-02-14,48.71710205078125
2017-02-15,49.2701301574707
2017-02-16,48.72548294067383
2017-02-17,48.57465744018555
2017-02-21,49.496376037597656
2017-02-22,49.60530471801758
2017-02-23,49.873443603515625
2017-02-24,49.496376037597656
2017-02-27,49.16120147705078
2017-02-28,49.069034576416016
2017-03-01,49.39582061767578
2017-03-02,48.73386001586914
2017-03-03,48.37355041503906
2017-03-06,48.340030670166016
2017-03-07,48.658447265625
2017-03-08,48.457340240478516
2017-03-09,48.13055419921875
2017-03-10,48.90144348144531
2017-03-13,49.69747543334961
2017-03-14,49.73099136352539
2017-03-15,51.373329162597656
2017-03-16,51.247642517089844
2017-03-17,51.356571197509766
2017-03-20,52.160980224609375
2017-03-21,51.809051513671875
2017-03-22,52.24477767944336
2017-03-23,52.01853561401367
2017-03-24,52.34532928466797
2017-03-27,52.320186614990234
2017-03-28,52.28667068481445
2017-03-29,52.378841400146484
2017-03-30,52.077186584472656
2017-03-31,51.84257125854492
2017-04-03,52.01015090942383
2017-04-04,51.54092025756836
2017-04-05,51.147090911865234
2017-04-06,50.98788070678711
2017-04-07,50.56891632080078
2017-04-10,49.873443603515625
2017-04-11,49.52989196777344
2017-04-12,50.02427291870117
2017-04-13,50.208614349365234
2017-04-17,50.71137619018555
2017-04-18,49.90696716308594
2017-04-19,49.71424102783203
2017-04-20,50.68622589111328
2017-04-21,51.080055236816406
2017-04-24,51.431983947753906
2017-04-25,52.228023529052734
2017-04-26,52.119083404541016
2017-04-27,52.05204391479492
2017-04-28,52.03529357910156
2017-05-01,52.328575134277344
2017-05-02,53.03242874145508
2017-05-03,52.65536117553711
2017-05-04,52.79780578613281
2017-05-05,53.13298416137695
2017-05-08,54.49042510986328
2017-05-09,55.001556396484375
2017-05-10,54.415008544921875
2017-05-11,55.29483413696289
2017-05-12,55.20266342163086
2017-05-15,55.730560302734375
2017-05-16,55.78921127319336
2017-05-17,54.808834075927734
2017-05-18,54.85911178588867
2017-05-19,55.94841003417969
2017-05-22,56.19979476928711
2017-05-23,55.97356033325195
2017-05-24,56.32548141479492
2017-05-25,56.91203689575195
2017-05-26,57.34775924682617
2017-05-30,56.54334259033203
2017-05-31,56.74444580078125
2017-06-01,56.761207580566406
2017-06-02,57.5320930480957
2017-06-05,57.39802551269531
2017-06-06,57.39802551269531
2017-06-07,56.8282356262207
2017-06-08,57.2220573425293
2017-06-09,56.92879104614258
2017-06-12,56.333858489990234
2017-06-13,57.09636688232422
2017-06-14,57.42317199707031
2017-06-15,56.47631072998047
2017-06-16,56.367374420166016
2017-06-19,56.70254898071289
2017-06-20,56.040584564208984
2017-06-21,56.00706481933594
2017-06-22,56.51820373535156
2017-06-23,57.01258850097656
2017-06-26,57.297481536865234
2017-06-27,56.761207580566406
2017-06-28,57.11313247680664
2017-06-29,56.42603302001953
2017-06-30,56.81985855102539
2017-07-03,56.81147766113281
2017-07-05,56.4008903503418
2017-07-06,55.76406478881836
2017-07-07,56.0992431640625
2017-07-10,56.467933654785156
2017-07-11,56.568477630615234
2017-07-12,57.565616607666016
2017-07-13,57.90916061401367
2017-07-14,59.015228271484375
2017-07-17,58.67167663574219
2017-07-18,59.04036331176758
2017-07-19,59.249847412109375
2017-07-20,59.45095443725586
2017-07-21,59.87828826904297
2017-07-24,60.037506103515625
2017-07-25,59.643672943115234
2017-07-26,59.9704704284668
2017-07-27,59.484466552734375
2017-07-28,58.35326385498047
2017-07-31,58.40354537963867
2017-08-01,58.86439514160156
2017-08-02,58.75546646118164
2017-08-03,57.548858642578125
2017-08-04,57.96782302856445
2017-08-07,58.152164459228516
2017-08-08,57.65777587890625
2017-08-09,56.53495788574219
2017-08-10,55.14400100708008
2017-08-11,55.31996536254883
2017-08-14,56.392520904541016
2017-08-15,56.66065979003906
2017-08-16,56.71092987060547
2017-08-17,55.94841003417969
2017-08-18,56.51820373535156
2017-08-21,56.50983428955078
2017-08-22,57.406410217285156
2017-08-23,57.28909683227539
2017-08-24,57.69130325317383
2017-08-25,58.068363189697266
2017-08-28,57.90078353881836
2017-08-29,57.42317199707031
2017-08-30,57.5069580078125
2017-08-31,57.372886657714844
2017-09-01,57.5320930480957
2017-09-05,55.91489791870117
2017-09-06,56.0992431640625
2017-09-07,56.8282356262207
2017-09-08,56.434410095214844
2017-09-11,57.364505767822266
2017-09-12,57.23881530761719
2017-09-13,56.920413970947266
2017-09-14,57.23881530761719
2017-09-15,57.590755462646484
2017-09-18,58.520851135253906
2017-09-19,58.71357727050781
2017-09-20,58.40354537963867
2017-09-21,58.395172119140625
2017-09-22,58.093505859375
2017-09-25,57.71644592285156
2017-09-26,57.565616607666016
2017-09-27,57.104759216308594
2017-09-28,57.02934646606445
2017-09-29,57.86726379394531
2017-10-02,58.001338958740234
2017-10-03,58.55436706542969
2017-10-04,58.62977981567383
2017-10-05,59.073883056640625
2017-10-06,58.84764862060547
2017-10-09,58.805747985839844
2017-10-10,59.55149841308594
2017-10-11,60.14643096923828
2017-10-12,60.50674057006836
2017-10-13,61.03462219238281
2017-10-16,60.632423400878906
2017-10-17,60.624046325683594
2017-10-18,60.76649475097656
2017-10-19,60.35590744018555
2017-10-20,60.816768646240234
2017-10-23,60.632423400878906
2017-10-24,60.93408203125
2017-10-25,60.908958435058594
2017-10-26,60.624046325683594
2017-10-27,61.60441970825195
2017-10-30,61.27763366699219
2017-10-31,62.643455505371094
2017-11-01,63.87519836425781
2017-11-02,63.573543548583984
2017-11-03,63.50652313232422
2017-11-06,63.61545944213867
2017-11-07,62.82780456542969
2017-11-08,63.498146057128906
2017-11-09,62.601558685302734
2017-11-10,62.35017013549805
2017-11-13,62.19934844970703
2017-11-14,62.29990005493164
2017-11-15,62.67698669433594
2017-11-16,64.24388122558594
2017-11-17,63.8668327331543
2017-11-20,63.9589958190918
2017-11-21,64.60419464111328
2017-11-22,64.86396789550781
2017-11-24,64.8555908203125
2017-11-27,63.27189254760742
2017-11-28,64.21875762939453
2017-11-29,63.78303527832031
2017-11-30,62.970252990722656
2017-12-01,62.90320587158203
2017-12-04,63.129451751708984
2017-12-05,63.34730911254883
2017-12-06,62.291526794433594
2017-12-07,62.24125289916992
2017-12-08,62.408843994140625
2017-12-11,62.55128479003906
2017-12-12,62.308284759521484
2017-12-13,63.31379318237305
2017-12-14,62.90320587158203
2017-12-15,62.91997146606445
2017-12-18,63.25513458251953
2017-12-19,62.85480880737305
2017-12-20,63.070499420166016
2017-12-21,62.07827377319336
2017-12-22,62.613216400146484
2017-12-26,62.38026809692383
2017-12-27,63.31208419799805
2017-12-28,64.52863311767578
2017-12-29,64.64942169189453
2018-01-02,65.46045684814453
2018-01-03,66.03852844238281
2018-01-04,65.56397247314453
2018-01-05,66.42677307128906
2018-01-08,66.49581146240234
2018-01-09,66.22834777832031
2018-01-10,65.90909576416016
2018-01-11,66.53032684326172
2018-01-12,67.2119369506836
2018-01-16,66.87544250488281
2018-01-17,67.18605041503906
2018-01-18,66.68561553955078
2018-01-19,67.02210998535156
2018-01-22,66.29736328125
2018-01-23,66.53895568847656
2018-01-24,67.2119369506836
2018-01-25,67.565673828125
2018-01-26,68.19551849365234
2018-01-29,67.8417739868164
2018-01-30,67.0048599243164
2018-01-31,67.50528717041016
2018-02-01,66.5648193359375
2018-02-02,63.88152313232422
2018-02-05,61.99200439453125
2018-02-06,64.41647338867188
2018-02-07,61.42255783081055
2018-02-08,59.47263717651367
2018-02-09,60.88761901855469
2018-02-12,61.69002914428711
2018-02-13,61.91434860229492
2018-02-14,63.74346923828125
2018-02-15,65.16709899902344
2018-02-16,65.3482894897461
2018-02-20,62.932456970214844
2018-02-21,62.76852798461914
2018-02-22,62.75127410888672
2018-02-23,64.08860778808594
2018-02-26,64.81336212158203
2018-02-27,63.03597640991211
2018-02-28,62.19906997680664
2018-03-01,61.87984085083008
2018-03-02,62.38026809692383
2018-03-05,62.07827377319336
2018-03-06,64.2697982788086
2018-03-07,64.09723663330078
2018-03-08,63.890159606933594
2018-03-09,65.74517059326172
2018-03-12,65.74517059326172
2018-03-13,65.39143371582031
2018-03-14,65.92637634277344
2018-03-15,65.70204162597656
2018-03-16,65.81419372558594
2018-03-19,64.58039093017578
2018-03-20,65.44318389892578
2018-03-21,65.9953842163086
2018-03-22,64.08860778808594
2018-03-23,61.9747428894043
2018-03-26,64.21802520751953
2018-03-27,62.958343505859375
2018-03-28,63.70896911621094
2018-03-29,65.09808349609375
2018-04-02,64.00232696533203
2018-04-03,65.19297790527344
2018-04-04,64.35607147216797
2018-04-05,64.47685241699219
2018-04-06,63.13090133666992
2018-04-09,63.74346923828125
2018-04-10,64.45097351074219
2018-04-11,64.00232696533203
2018-04-12,64.09723663330078
2018-04-13,64.14037322998047
2018-04-16,64.38196563720703
2018-04-17,64.66667175292969
2018-04-18,65.42594146728516
2018-04-19,65.04630279541016
2018-04-20,64.29566955566406
2018-04-23,63.95055389404297
2018-04-24,63.20854949951172
2018-04-25,63.243064880371094
2018-04-26,64.88236236572266
2018-04-27,65.65026092529297
2018-04-30,65.22749328613281
2018-05-01,64.88236236572266
2018-05-02,64.12311553955078
2018-05-03,64.2525405883789
2018-05-04,64.12311553955078
2018-05-07,63.389732360839844
2018-05-08,63.286197662353516
2018-05-09,63.320709228515625
2018-05-10,64.7098159790039
2018-05-11,64.68394470214844
2018-05-14,64.2784194946289
2018-05-15,62.92382049560547
2018-05-16,63.545047760009766
2018-05-17,63.079124450683594
2018-05-18,62.9755859375
2018-05-21,63.346595764160156
2018-05-22,63.59680938720703
2018-05-23,64.22664642333984
2018-05-24,63.39836502075195
2018-05-25,63.95055389404297
2018-05-29,62.69949722290039
2018-05-30,62.570072174072266
2018-05-31,62.24221420288086
2018-06-01,63.39836502075195
2018-06-04,63.65720748901367
2018-06-05,63.217166900634766
2018-06-06,64.2784194946289
2018-06-07,63.85565185546875
2018-06-08,63.389732360839844
2018-06-11,63.674468994140625
2018-06-12,63.070499420166016
2018-06-13,62.69949722290039
2018-06-14,61.88847351074219
2018-06-15,60.568389892578125
2018-06-18,59.852272033691406
2018-06-19,58.55807876586914
2018-06-20,58.98947525024414
2018-06-21,57.87646484375
2018-06-22,58.739261627197266
2018-06-25,58.514930725097656
2018-06-26,58.29923629760742
2018-06-27,57.62624740600586
2018-06-28,57.703895568847656
2018-06-29,58.420021057128906
2018-07-02,57.14308547973633
2018-07-03,56.720314025878906
2018-07-05,56.590885162353516
2018-07-06,57.08268356323242
2018-07-09,57.910972595214844
2018-07-10,57.824684143066406
2018-07-11,56.65129470825195
2018-07-12,56.86699295043945
2018-07-13,57.11719512939453
2018-07-16,57.0913200378418
2018-07-17,57.384674072265625
2018-07-18,57.10857009887695
2018-07-19,56.30616760253906
2018-07-20,57.22936248779297
2018-07-23,56.06459045410156
2018-07-24,56.910125732421875
2018-07-25,57.565853118896484
2018-07-26,57.17759323120117
2018-07-27,57.44506072998047
2018-07-30,57.42780685424805
2018-07-31,58.03176498413086
2018-08-01,57.652130126953125
2018-08-02,56.39244842529297
2018-08-03,56.910125732421875
2018-08-06,56.659912109375
2018-08-07,57.634883880615234
2018-08-08,57.53133773803711
2018-08-09,57.289756774902344
2018-08-10,55.83163070678711
2018-08-13,54.97746276855469
2018-08-14,55.85750961303711
2018-08-15,54.615081787109375
2018-08-16,55.15864944458008
2018-08-17,55.76259994506836
2018-08-20,55.779869079589844
2018-08-21,56.83247375488281
2018-08-22,56.961891174316406
2018-08-23,56.29753875732422
2018-08-24,57.60898971557617
2018-08-27,58.204322814941406
2018-08-28,58.14392852783203
2018-08-29,58.17844772338867
2018-08-30,57.60036849975586
2018-08-31,58.08353042602539
2018-09-04,57.60036849975586
2018-09-05,56.823848724365234
2018-09-06,56.599517822265625
2018-09-07,55.99556350708008
2018-09-10,56.08184051513672
2018-09-11,56.42695617675781
2018-09-12,56.608150482177734
2018-09-13,57.151710510253906
2018-09-14,57.47957229614258
2018-09-17,56.625396728515625
2018-09-18,57.42780685424805
2018-09-19,57.46231460571289
2018-09-20,58.36825180053711
2018-09-21,58.56669616699219
2018-09-24,58.21294403076172
2018-09-25,58.54080581665039
2018-09-26,58.60121154785156
2018-09-27,59.1188850402832
2018-09-28,58.90318298339844
2018-10-01,58.6270866394043
2018-10-02,57.712528228759766
2018-10-03,57.07406234741211
2018-10-04,55.51239013671875
2018-10-05,55.53827667236328
2018-10-08,55.400230407714844
2018-10-09,55.14139175415039
2018-10-10,53.51070785522461
2018-10-11,52.38044357299805
2018-10-12,53.57972717285156
2018-10-15,52.99302291870117
2018-10-16,54.04563903808594
2018-10-17,53.709144592285156
2018-10-18,52.2855339050293
2018-10-19,53.02753829956055
2018-10-22,53.09656524658203
2018-10-23,52.13885498046875
2018-10-24,50.39600372314453
2018-10-25,51.198402404785156
2018-10-26,49.7747917175293
2018-10-29,49.0500373840332
2018-10-30,50.059513092041016
2018-10-31,50.275211334228516
2018-11-01,51.3450813293457
2018-11-02,52.440834045410156
2018-11-05,52.20787048339844
2018-11-06,52.67379379272461
2018-11-07,53.45030975341797
2018-11-08,52.37181091308594
2018-11-09,51.24154281616211
2018-11-12,50.49091720581055
2018-11-13,51.207035064697266
2018-11-14,51.00859069824219
2018-11-15,52.30278778076172
2018-11-16,52.49259948730469
2018-11-19,51.72471618652344
2018-11-20,50.81877517700195
2018-11-21,51.491756439208984
2018-11-23,50.56856155395508
2018-11-26,51.96630096435547
2018-11-27,52.25101852416992
2018-11-28,53.372657775878906
2018-11-29,52.83772277832031
2018-11-30,52.30278778076172
2018-12-03,53.75228500366211
2018-12-04,52.42357635498047
2018-12-06,52.018070220947266
2018-12-07,50.88779830932617
2018-12-10,50.9395637512207
2018-12-11,50.86191177368164
2018-12-12,51.741973876953125
2018-12-13,51.62118148803711
2018-12-14,50.663475036621094
2018-12-17,50.37874984741211
2018-12-18,51.087196350097656
2018-12-19,50.501197814941406
2018-12-20,50.94725799560547
2018-12-21,50.67612838745117
2018-12-24,50.28254318237305
2018-12-26,51.2183952331543
2018-12-27,51.32334899902344
2018-12-28,51.751922607421875
2018-12-31,51.48078536987305
2019-01-02,50.789825439453125
2019-01-03,49.696533203125
2019-01-04,51.270870208740234
2019-01-07,51.463294982910156
2019-01-08,50.88603973388672
2019-01-09,52.18048858642578
2019-01-10,52.390403747558594
2019-01-11,52.3466682434082
2019-01-14,51.751922607421875
2019-01-15,52.486610412597656
2019-01-16,53.36998748779297
2019-01-17,53.46620178222656
2019-01-18,53.7460823059082
2019-01-22,52.59157180786133
2019-01-23,53.317508697509766
2019-01-24,53.955989837646484
2019-01-25,55.50408935546875
2019-01-28,55.03178024291992
2019-01-29,55.32916259765625
2019-01-30,56.990962982177734
2019-01-31,56.60612106323242
2019-02-01,56.01137161254883
2019-02-04,56.19504165649414
2019-02-05,57.06092834472656
2019-02-06,56.536155700683594
2019-02-07,55.50408935546875
2019-02-08,54.81312561035156
2019-02-11,54.883094787597656
2019-02-12,55.55656433105469
2019-02-13,55.241695404052734
2019-02-14,55.582801818847656
2019-02-15,55.46036148071289
2019-02-19,55.67027282714844
2019-02-20,56.12507629394531
2019-02-21,55.86268615722656
2019-02-22,56.39621353149414
2019-02-25,56.57988357543945
2019-02-26,56.41370391845703
2019-02-27,56.28250503540039
2019-02-28,55.07551956176758
2019-03-01,55.14548873901367
2019-03-04,54.70817184448242
2019-03-05,54.57698059082031
2019-03-06,54.34082794189453
2019-03-07,53.431209564208984
2019-03-08,53.08135986328125
2019-03-11,53.60614013671875
2019-03-12,53.91225814819336
2019-03-13,53.562408447265625
2019-03-14,53.22129440307617
2019-03-15,54.23587417602539
2019-03-18,54.393306732177734
2019-03-19,54.2708625793457
2019-03-20,54.5157585144043
2019-03-21,54.99680709838867
2019-03-22,53.54491424560547
2019-03-25,53.57115173339844
2019-03-26,53.37873458862305
2019-03-27,52.792728424072266
2019-03-28,53.072608947753906
2019-03-29,53.30876159667969
2019-04-01,54.35832595825195
2019-04-02,54.22712707519531
2019-04-03,55.241695404052734
2019-04-04,55.34665298461914
2019-04-05,55.477848052978516
2019-04-08,55.12800216674805
2019-04-09,55.1192512512207
2019-04-10,55.53032684326172
2019-04-11,55.1629753112793
2019-04-12,55.93265914916992
2019-04-15,55.88018035888672
2019-04-16,56.1163330078125
2019-04-17,56.2387809753418
2019-04-18,55.35540771484375
2019-04-22,55.084266662597656
2019-04-23,55.2941780090332
2019-04-24,53.868526458740234
2019-04-25,53.57989501953125
2019-04-26,53.46620178222656
2019-04-29,54.288352966308594
2019-04-30,53.77231979370117
2019-05-01,53.35249710083008
2019-05-02,53.71984100341797
2019-05-03,53.73733139038086
2019-05-06,52.801475524902344
2019-05-07,51.86561965942383
2019-05-08,51.98807144165039
2019-05-09,50.34376907348633
2019-05-10,50.509944915771484
2019-05-13,48.63823318481445
2019-05-14,49.390419006347656
2019-05-15,49.64405822753906
2019-05-16,48.95310592651367
2019-05-17,48.340858459472656
2019-05-20,48.16593551635742
2019-05-21,48.786922454833984
2019-05-22,48.88313293457031
2019-05-23,48.419578552246094
2019-05-24,48.46330642700195
2019-05-28,48.50703811645508
2019-05-29,48.03473663330078
2019-05-30,48.62074279785156
2019-05-31,48.60324478149414
2019-06-03,49.521610260009766
2019-06-04,49.8714599609375
2019-06-05,49.3729248046875
2019-06-06,49.3729248046875
2019-06-07,49.8189811706543
2019-06-10,50.27379608154297
2019-06-11,50.69361877441406
2019-06-12,50.177581787109375
2019-06-13,49.90644836425781
2019-06-14,49.5478515625
2019-06-17,49.75775909423828
2019-06-18,50.98224639892578
2019-06-19,51.340843200683594
2019-06-20,52.15425491333008
2019-06-21,51.9181022644043
2019-06-24,52.02305603027344
2019-06-25,51.786903381347656
2019-06-26,52.26795196533203
2019-06-27,52.574073791503906
2019-06-28,52.364166259765625
2019-07-01,52.16299819946289
2019-07-02,51.77816390991211
2019-07-03,50.88603973388672
2019-07-05,50.553680419921875
2019-07-08,49.58283233642578
2019-07-09,49.3991584777832
2019-07-10,50.03763961791992
2019-07-11,50.25629806518555
2019-07-12,50.38750076293945
2019-07-15,50.2213134765625
2019-07-16,50.27379608154297
2019-07-17,49.82773208618164
2019-07-18,50.46621322631836
2019-07-19,50.48370361328125
2019-07-22,50.79857635498047
2019-07-23,50.79857635498047
2019-07-24,50.53617858886719
2019-07-25,49.8452262878418
2019-07-26,49.96767044067383
2019-07-29,49.355430603027344
2019-07-30,49.26797103881836
2019-07-31,48.45456314086914
2019-08-01,47.83357238769531
2019-08-02,47.01142120361328
2019-08-05,44.9997673034668
2019-08-06,45.332130432128906
2019-08-07,45.402095794677734
2019-08-08,45.769447326660156
2019-08-09,45.603267669677734
2019-08-12,45.08723831176758
2019-08-13,45.86565017700195
2019-08-14,44.763614654541016
2019-08-15,45.008514404296875
2019-08-16,45.65574264526367
2019-08-19,45.58577346801758
2019-08-20,46.15427780151367
2019-08-21,46.731536865234375
2019-08-22,45.78693771362305
2019-08-23,45.19218444824219
2019-08-26,45.288394927978516
2019-08-27,45.39335632324219
2019-08-28,45.82191848754883
2019-08-29,46.13678741455078
2019-08-30,46.582847595214844
2019-09-03,46.41667556762695
2019-09-04,47.45748519897461
2019-09-05,48.218406677246094
2019-09-06,48.46330642700195
2019-09-09,48.7956657409668
2019-09-10,49.18925476074219
2019-09-11,49.67904281616211
2019-09-12,50.238807678222656
2019-09-13,50.75484085083008
2019-09-16,49.83647537231445
2019-09-17,49.888954162597656
2019-09-18,49.81024169921875
2019-09-19,49.740264892578125
2019-09-20,49.96767044067383
2019-09-23,50.151344299316406
2019-09-24,49.89769744873047
2019-09-25,49.41665267944336
2019-09-26,49.42539978027344
2019-09-27,48.480796813964844
2019-09-30,49.27671813964844
2019-10-01,49.01433181762695
2019-10-02,48.12220001220703
2019-10-03,48.75193786621094
2019-10-04,49.084293365478516
2019-10-07,48.786922454833984
2019-10-08,49.01433181762695
2019-10-09,49.294212341308594
2019-10-10,49.853973388671875
2019-10-11,50.571170806884766
2019-10-14,50.27379608154297
2019-10-15,50.859798431396484
2019-10-16,50.859798431396484
2019-10-17,51.087196350097656
2019-10-18,50.37000274658203
2019-10-21,51.270870208740234
2019-10-22,51.6732063293457
2019-10-23,51.620723724365234
2019-10-24,51.64696502685547
2019-10-25,51.73442840576172
2019-10-28,52.075531005859375
2019-10-29,51.86561965942383
2019-10-30,51.9443359375
2019-10-31,51.54201126098633
2019-11-01,52.55657958984375
2019-11-04,53.04637145996094
2019-11-05,53.684852600097656
2019-11-06,53.14258575439453
2019-11-07,53.79855728149414
2019-11-08,53.43996047973633
2019-11-11,52.72276306152344
2019-11-12,52.72276306152344
2019-11-13,52.24171447753906
2019-11-14,52.775238037109375
2019-11-15,53.82479476928711
2019-11-18,53.46620178222656
2019-11-19,53.11634063720703
2019-11-20,52.50410079956055
2019-11-21,51.55949401855469
2019-11-22,51.611976623535156
2019-11-25,52.45162582397461
2019-11-26,52.486610412597656
2019-11-27,52.3204345703125
2019-11-29,51.139678955078125
2019-12-02,50.81605911254883
2019-12-03,50.23005676269531
2019-12-04,50.326271057128906
2019-12-05,50.160091400146484
2019-12-06,50.84230422973633
2019-12-09,50.46621322631836
2019-12-10,50.929771423339844
2019-12-11,51.550750732421875
2019-12-12,53.37873458862305
2019-12-13,53.509925842285156
2019-12-16,53.901390075683594
2019-12-17,54.8487434387207
2019-12-18,54.839813232421875
2019-12-19,54.99174499511719
2019-12-20,55.340301513671875
2019-12-23,55.12580871582031
2019-12-24,54.705745697021484
2019-12-26,55.05430603027344
2019-12-27,55.849735260009766
2019-12-30,55.32243347167969
2019-12-31,55.58161544799805
2020-01-02,55.56373977661133
2020-01-03,54.43762969970703
2020-01-06,54.241004943847656
2020-01-07,54.82194137573242
2020-01-08,54.85768508911133
2020-01-09,55.37605667114258
2020-01-10,56.02848815917969
2020-01-13,57.27971267700195
2020-01-14,57.09203338623047
2020-01-15,56.45747756958008
2020-01-16,57.14565658569336
2020-01-17,57.23503112792969
2020-01-21,55.992733001708984
2020-01-22,57.10097122192383
2020-01-23,56.52898025512695
2020-01-24,56.21617126464844
2020-01-27,54.258880615234375
2020-01-28,54.21419143676758
2020-01-29,54.24994659423828
2020-01-30,53.04339599609375
2020-01-31,51.5240478515625
2020-02-03,52.35521697998047
2020-02-04,53.83882141113281
2020-02-05,54.33931350708008
2020-02-06,55.107933044433594
2020-02-07,54.02651596069336
2020-02-10,54.53594207763672
2020-02-11,55.340301513671875
2020-02-12,56.21617126464844
2020-02-13,55.25986862182617
2020-02-14,55.49224090576172
2020-02-18,54.589569091796875
2020-02-19,54.580623626708984
2020-02-20,52.918270111083984
2020-02-21,52.16753387451172
2020-02-24,49.44163131713867
2020-02-25,49.41481399536133
2020-02-26,50.01362228393555
2020-02-27,49.06625747680664
2020-02-28,49.1198844909668
2020-03-02,50.237056732177734
2020-03-03,49.62931442260742
2020-03-04,51.46147918701172
2020-03-05,50.335365295410156
2020-03-06,49.63825225830078
2020-03-09,46.90340805053711
2020-03-10,48.90538787841797
2020-03-11,46.510169982910156
2020-03-12,41.70185470581055
2020-03-13,44.44562911987305
2020-03-16,37.420841217041016
2020-03-17,40.119930267333984
2020-03-18,36.348350524902344
2020-03-19,34.855812072753906
2020-03-20,36.26791763305664
2020-03-23,34.829002380371094
2020-03-24,39.163631439208984
2020-03-25,41.272857666015625
2020-03-26,42.756465911865234
2020-03-27,40.49530792236328
2020-03-30,41.36222839355469
2020-03-31,41.9342155456543
2020-04-01,39.04744338989258
2020-04-02,41.00473403930664
2020-04-03,40.3523063659668
2020-04-06,43.15864181518555
2020-04-07,43.632328033447266
2020-04-08,43.86470413208008
2020-04-09,43.73957061767578
2020-04-13,43.49826431274414
2020-04-14,44.56181335449219
2020-04-15,43.203330993652344
2020-04-16,43.748512268066406
2020-04-17,45.37511444091797
2020-04-20,44.38306427001953
2020-04-21,43.08714294433594
2020-04-22,44.36518859863281
2020-04-23,44.472442626953125
2020-04-24,44.52606964111328
2020-04-27,45.74155044555664
2020-04-28,45.80411148071289
2020-04-29,47.082157135009766
2020-04-30,46.134796142578125
2020-05-01,44.5439453125
2020-05-04,44.838871002197266
2020-05-05,45.0891227722168
2020-05-06,44.838871002197266
2020-05-07,45.64324188232422
2020-05-08,46.2867317199707
2020-05-11,45.437679290771484
2020-05-12,45.02655792236328
2020-05-13,45.106998443603516
2020-05-14,45.45555877685547
2020-05-15,44.597564697265625
2020-05-18,46.39397430419922
2020-05-19,46.42972946166992
2020-05-20,47.0017204284668
2020-05-21,46.46548080444336
2020-05-22,45.78623580932617
2020-05-26,47.36815643310547
2020-05-27,47.386024475097656
2020-05-28,47.02853012084961
2020-05-29,47.868648529052734
2020-06-01,49.10200881958008
2020-06-02,50.299617767333984
2020-06-03,52.399906158447266
2020-06-04,51.3631706237793
2020-06-05,53.59751892089844
2020-06-08,53.829891204833984
2020-06-09,53.05233383178711
2020-06-10,53.6422004699707
2020-06-11,50.69286346435547
2020-06-12,51.372108459472656
2020-06-15,49.60249710083008
2020-06-16,50.74648666381836
2020-06-17,51.318477630615234
2020-06-18,51.15761184692383
2020-06-19,50.71967697143555
2020-06-22,51.58660125732422
2020-06-23,51.577667236328125
2020-06-24,51.38998031616211
2020-06-25,51.30060577392578
2020-06-26,51.00567626953125
2020-06-29,51.12186050415039
2020-06-30,51.059295654296875
2020-07-01,51.35422897338867
2020-07-02,52.18540573120117
2020-07-06,53.74051284790039
2020-07-07,52.5607795715332
2020-07-08,52.89146041870117
2020-07-09,52.5697135925293
2020-07-10,52.22115707397461
2020-07-13,52.30159378051758
2020-07-14,52.77527618408203
2020-07-15,53.18639373779297
2020-07-16,52.65015411376953
2020-07-17,53.12383270263672
2020-07-20,53.40089416503906
2020-07-21,53.71369934082031
2020-07-22,53.508140563964844
2020-07-23,52.72165298461914
2020-07-24,52.65015411376953
2020-07-27,53.695823669433594
2020-07-28,53.829891204833984
2020-07-29,54.86661911010742
2020-07-30,54.392948150634766
2020-07-31,53.85669708251953
2020-08-03,54.49125289916992
2020-08-04,55.17943572998047
2020-08-05,56.52003860473633
2020-08-06,57.23503112792969
2020-08-07,57.06521987915039
2020-08-10,58.30751037597656
2020-08-11,58.81694412231445
2020-08-12,59.77324295043945
2020-08-13,59.46044158935547
2020-08-14,58.861637115478516
2020-08-17,59.52299499511719
2020-08-18,57.664024353027344
2020-08-19,57.50314712524414
2020-08-20,55.813995361328125
2020-08-21,56.064231872558594
2020-08-24,56.81497573852539
2020-08-25,57.664024353027344
2020-08-26,58.030460357666016
2020-08-27,57.0115966796875
2020-08-28,57.762332916259766
2020-08-31,56.368099212646484
2020-09-01,57.1814079284668
2020-09-02,57.1814079284668
2020-09-03,56.573665618896484
2020-09-04,56.966915130615234
2020-09-08,56.99372100830078
2020-09-09,57.74445724487305
2020-09-10,57.029476165771484
2020-09-11,57.64615249633789
2020-09-14,58.8437614440918
2020-09-15,59.52299499511719
2020-09-16,59.54981231689453
2020-09-17,59.371070861816406
2020-09-18,59.02251052856445
2020-09-21,58.51307678222656
2020-09-22,57.60146713256836
2020-09-23,56.689849853515625
2020-09-24,56.126792907714844
2020-09-25,56.305545806884766
2020-09-28,57.5120849609375
2020-09-29,57.67295837402344
2020-09-30,58.396888732910156
2020-10-01,58.99570083618164
2020-10-02,58.26283264160156
2020-10-05,59.54981231689453
2020-10-06,58.80801773071289
2020-10-07,60.211177825927734
2020-10-08,60.515052795410156
2020-10-09,61.07810592651367
2020-10-12,60.765296936035156
2020-10-13,60.25586700439453
2020-10-14,59.78218460083008
2020-10-15,59.47832107543945
2020-10-16,59.47832107543945
2020-10-19,59.38893508911133
2020-10-20,60.13075256347656
2020-10-21,60.506107330322266
2020-10-22,60.20224380493164
2020-10-23,61.042362213134766
2020-10-26,60.03242874145508
2020-10-27,59.91624450683594
2020-10-28,59.013572692871094
2020-10-29,59.30849838256836
2020-10-30,58.00364303588867
2020-11-02,59.0046272277832
2020-11-03,60.282676696777344
2020-11-04,61.50709915161133
2020-11-05,62.96389389038086
2020-11-06,62.758338928222656
2020-11-09,63.37501907348633
2020-11-10,63.9559440612793
2020-11-11,64.80500030517578
2020-11-12,64.17938232421875
2020-11-13,65.72554779052734
2020-11-16,66.96783447265625
2020-11-17,66.92314910888672
2020-11-18,66.88740539550781
2020-11-19,66.67289733886719
2020-11-20,66.72654724121094
2020-11-23,68.02246856689453
2020-11-24,69.15751647949219
2020-11-25,68.57658386230469
2020-11-27,69.58650970458984
2020-11-30,68.29951477050781
2020-12-01,69.63119506835938
2020-12-02,70.93604278564453
2020-12-03,72.1783447265625
2020-12-04,74.17137908935547
2020-12-07,74.31438446044922
2020-12-08,72.73246002197266
2020-12-09,73.46533203125
2020-12-10,74.20712280273438
2020-12-11,73.67089080810547
2020-12-14,73.2656021118164
2020-12-15,74.3283462524414
2020-12-16,73.76095581054688
2020-12-17,73.58983612060547
2020-12-18,73.14852905273438
2020-12-21,72.4550552368164
2020-12-22,71.32027435302734
2020-12-23,72.79728698730469
2020-12-24,73.99510955810547
2020-12-28,74.68858337402344
2020-12-29,76.15660095214844
2020-12-30,77.5886001586914
2020-12-31,77.49853515625
2021-01-04,79.5429458618164
2021-01-05,81.5333251953125
2021-01-06,81.41624450683594
2021-01-07,82.94729614257812
2021-01-08,86.6578598022461
2021-01-11,85.91935729980469
2021-01-12,85.21687316894531
2021-01-13,85.19884490966797
2021-01-14,85.79325866699219
2021-01-15,83.06437683105469
2021-01-19,83.42462158203125
2021-01-20,84.57743072509766
2021-01-21,86.4957504272461
2021-01-22,84.49636840820312
2021-01-25,86.24357604980469
2021-01-26,84.90164184570312
2021-01-27,81.80350494384766
2021-01-28,82.97431945800781
2021-01-29,79.34480285644531
2021-02-01,82.56903839111328
2021-02-02,83.02835083007812
2021-02-03,83.7758560180664
2021-02-04,82.50598907470703
2021-02-05,83.72183227539062
2021-02-08,82.70413970947266
2021-02-09,83.13642883300781
2021-02-10,83.72183227539062
2021-02-11,84.64047241210938
2021-02-12,84.74855041503906
2021-02-16,84.31624603271484
2021-02-17,83.74884796142578
2021-02-18,82.50598907470703
2021-02-19,83.8479232788086
2021-02-22,81.66841888427734
2021-02-23,81.94760131835938
2021-02-24,81.04698944091797
2021-02-25,80.16436767578125
2021-02-26,79.22772979736328
2021-03-01,81.34418487548828
2021-03-02,80.54264068603516
2021-03-03,80.3084716796875
2021-03-04,78.84947204589844
2021-03-05,80.16436767578125
2021-03-08,78.1830062866211
2021-03-09,78.76841735839844
2021-03-10,77.60659790039062
2021-03-11,79.93021392822266
2021-03-12,79.2817611694336
2021-03-15,80.40754699707031
2021-03-16,80.55165100097656
2021-03-17,80.73175811767578
2021-03-18,78.92151641845703
2021-03-19,80.04729461669922
2021-03-22,80.23641967773438
2021-03-23,77.88580322265625
2021-03-24,77.4625015258789
2021-03-25,78.65132904052734
2021-03-26,80.28145599365234
2021-03-29,79.452880859375
2021-03-30,79.79512023925781
2021-03-31,80.78580474853516
2021-04-01,81.67742919921875
2021-04-05,82.73114013671875
2021-04-06,82.82121276855469
2021-04-07,82.31686401367188
2021-04-08,82.62307739257812
2021-04-09,82.23579406738281
2021-04-12,81.82151794433594
2021-04-13,83.28953552246094
2021-04-14,83.98301696777344
2021-04-15,84.64047241210938
2021-04-16,84.15413665771484
2021-04-19,84.11809539794922
2021-04-20,83.93798065185547
2021-04-21,83.73084259033203
2021-04-22,82.33486938476562
2021-04-23,83.61376190185547
2021-04-26,84.28922271728516
2021-04-27,83.87493896484375
2021-04-28,83.6587905883789
2021-04-29,83.48766326904297
2021-04-30,81.56033325195312
2021-05-03,81.39823150634766
2021-05-04,81.37120819091797
2021-05-05,81.59635925292969
2021-05-06,83.08238220214844
2021-05-07,84.29822540283203
2021-05-10,84.05506896972656
2021-05-11,82.98331451416016
2021-05-12,79.41685485839844
2021-05-13,80.35350799560547
2021-05-14,81.5333251953125
2021-05-17,80.01126861572266
2021-05-18,81.38922882080078
2021-05-19,81.12804412841797
2021-05-20,81.59635925292969
2021-05-21,80.60567474365234
2021-05-24,81.4432601928711
2021-05-25,82.14574432373047
2021-05-26,82.46996307373047
2021-05-27,81.7674789428711
2021-05-28,82.8842544555664
2021-06-01,84.17214965820312
2021-06-02,83.69482421875
2021-06-03,83.50567626953125
2021-06-04,84.47836303710938
2021-06-07,84.06405639648438
2021-06-08,83.49667358398438
2021-06-09,82.45195770263672
2021-06-10,83.46965789794922
2021-06-11,83.43363952636719
2021-06-14,83.73084259033203
2021-06-15,83.64077758789062
2021-06-16,82.74915313720703
2021-06-17,82.60505676269531
2021-06-18,82.04666900634766
2021-06-21,82.9112777709961
2021-06-22,82.8302230834961
2021-06-23,83.17245483398438
2021-06-24,84.16313171386719
2021-06-25,84.66748809814453
2021-06-28,84.15413665771484
2021-06-29,83.83891296386719
2021-06-30,83.91996765136719
2021-07-01,83.3976058959961
2021-07-02,83.75785827636719
2021-07-06,83.14543914794922
2021-07-07,82.4789810180664
2021-07-08,80.6417007446289
2021-07-09,81.24512481689453
2021-07-12,81.8665542602539
2021-07-13,81.65940856933594
2021-07-14,82.20877838134766
2021-07-15,82.551025390625
2021-07-16,81.69542694091797
2021-07-19,79.80413055419922
2021-07-20,81.001953125
2021-07-21,80.56965637207031
2021-07-22,81.23611450195312
2021-07-23,81.19108581542969
2021-07-26,81.0830078125
2021-07-27,80.27244567871094
2021-07-28,81.01996612548828
2021-07-29,81.60536193847656
2021-07-30,79.93021392822266
2021-08-02,79.91219329833984
2021-08-03,81.10102844238281
2021-08-04,82.2177963256836
2021-08-05,82.41593933105469
2021-08-06,81.40723419189453
2021-08-09,81.32617950439453
2021-08-10,80.16436767578125
2021-08-11,79.60598754882812
2021-08-12,78.65132904052734
2021-08-13,77.76872253417969
2021-08-16,77.40846252441406
2021-08-17,75.61624145507812
2021-08-18,75.99449157714844
2021-08-19,74.75164031982422
2021-08-20,74.4094009399414
2021-08-23,75.60722351074219
2021-08-24,76.99417877197266
2021-08-25,77.03922271728516
2021-08-26,76.07555389404297
2021-08-27,77.18331909179688
2021-08-30,76.54387664794922
2021-08-31,78.07493591308594
2021-09-01,78.966552734375
2021-09-02,77.99386596679688
2021-09-03,78.98455047607422
2021-09-07,77.84076690673828
2021-09-08,76.53487396240234
2021-09-09,75.32803344726562
2021-09-10,75.30101776123047
2021-09-13,75.86839294433594
2021-09-14,75.97647857666016
2021-09-15,76.74201202392578
2021-09-16,75.31002807617188
2021-09-17,74.82368469238281
2021-09-20,72.99542999267578
2021-09-21,73.04045104980469
2021-09-22,73.84199523925781
2021-09-23,75.61624145507812
2021-09-24,74.3103256225586
2021-09-27,74.75164031982422
2021-09-28,72.95039367675781
2021-09-29,72.10380554199219
2021-09-30,72.64418029785156
2021-10-01,72.49108123779297
2021-10-04,71.47337341308594
2021-10-05,71.0500717163086
2021-10-06,69.510009765625
2021-10-07,70.68083190917969
2021-10-08,70.2034912109375
2021-10-11,70.05939483642578
2021-10-12,68.87057495117188
2021-10-13,70.50069427490234
2021-10-14,71.60846710205078
2021-10-15,72.38299560546875
2021-10-18,71.72554779052734
2021-10-19,73.04045104980469
2021-10-20,72.63517761230469
2021-10-21,72.24790954589844
2021-10-22,72.37399291992188
2021-10-25,73.3466567993164
2021-10-26,73.8780288696289
2021-10-27,72.9413833618164
2021-10-28,73.03144073486328
2021-10-29,71.5904541015625
2021-11-01,71.90567016601562
2021-11-02,72.4550552368164
2021-11-03,71.59945678710938
2021-11-04,71.6624984741211
2021-11-05,71.57243347167969
2021-11-08,71.73455810546875
2021-11-09,71.23921203613281
2021-11-10,69.99634552001953
2021-11-11,70.83392333984375
2021-11-12,71.79759216308594
2021-11-15,71.92367553710938
2021-11-16,71.77957153320312
2021-11-17,70.86095428466797
2021-11-18,70.45567321777344
2021-11-19,70.63578796386719
2021-11-22,72.0767822265625
2021-11-23,71.51840209960938
2021-11-24,71.32027435302734
2021-11-26,68.23113250732422
2021-11-29,68.78050994873047
2021-11-30,68.20411682128906
2021-12-01,69.64510345458984
2021-12-02,71.20318603515625
2021-12-03,70.86995697021484
2021-12-06,71.85163879394531
2021-12-07,72.97740936279297
2021-12-08,73.18456268310547
2021-12-09,72.73424530029297
2021-12-10,72.71623229980469
2021-12-13,71.76797485351562
2021-12-14,71.44606018066406
2021-12-15,72.38420104980469
2021-12-16,71.9519271850586
2021-12-17,72.26463317871094
2021-12-20,70.83902740478516
2021-12-21,71.62081146240234
2021-12-22,72.11746978759766
2021-12-23,72.44857788085938
2021-12-27,72.73370361328125
2021-12-28,72.48538208007812
2021-12-29,72.54975128173828
2021-12-30,71.87834167480469
2021-12-31,71.62081146240234
2022-01-03,71.61161804199219
2022-01-04,71.45525360107422
2022-01-05,70.06643676757812
2022-01-06,69.52378845214844
2022-01-07,71.30809783935547
2022-01-10,70.19519805908203
2022-01-11,71.94271850585938
2022-01-12,73.36833190917969
2022-01-13,72.08069610595703
2022-01-14,71.07815551757812
2022-01-18,68.97193145751953
2022-01-19,69.74452209472656
2022-01-20,69.41341400146484
2022-01-21,68.5396499633789
2022-01-24,67.23360443115234
2022-01-25,66.24947357177734
2022-01-26,65.39411926269531
2022-01-27,63.65578842163086
2022-01-28,64.93424224853516
2022-01-31,66.58059692382812
2022-02-01,67.12324523925781
2022-02-02,67.60151672363281
2022-02-03,66.2034912109375
2022-02-04,66.88410949707031
2022-02-07,67.10484313964844
2022-02-08,67.30719757080078
2022-02-09,68.5212631225586
2022-02-10,67.73026275634766
2022-02-11,67.04966735839844
2022-02-14,66.44261932373047
2022-02-15,66.95768737792969
2022-02-16,67.7670669555664
2022-02-17,67.23360443115234
2022-02-18,67.12324523925781
2022-02-22,66.93009185791016
2022-02-23,66.0655288696289
2022-02-24,64.96183013916016
2022-02-25,66.82891845703125
2022-02-28,66.59899139404297
2022-03-01,65.75281524658203
2022-03-02,65.78960418701172
2022-03-03,66.24028015136719
2022-03-04,64.37319946289062
2022-03-07,61.72432327270508
2022-03-08,62.1566047668457
2022-03-09,64.6123275756836
2022-03-10,62.66245651245117
2022-03-11,61.72432327270508
2022-03-14,61.45759201049805
2022-03-15,62.13820266723633
2022-03-16,64.86065673828125
2022-03-17,65.42169952392578
2022-03-18,65.76200866699219
2022-03-21,64.4007797241211
2022-03-22,65.50448608398438
2022-03-23,64.86985778808594
2022-03-24,65.26535034179688
2022-03-25,64.53874206542969
2022-03-28,65.19175720214844
2022-03-29,66.6817626953125
2022-03-30,65.80799865722656
2022-03-31,65.51367950439453
2022-04-01,65.3205337524414
2022-04-04,66.24947357177734
2022-04-05,65.17337799072266
2022-04-06,64.37319946289062
2022-04-07,63.96851348876953
2022-04-08,63.370670318603516
2022-04-11,62.89239501953125
2022-04-12,63.02116012573242
2022-04-13,64.6123275756836
2022-04-14,63.214317321777344
2022-04-18,63.16832733154297
2022-04-19,63.61900329589844
2022-04-20,63.98689651489258
2022-04-21,62.83720779418945
2022-04-22,62.09221649169922
2022-04-25,61.65073013305664
2022-04-26,59.90321350097656
2022-04-27,59.967594146728516
2022-04-28,61.025306701660156
2022-04-29,61.29203414916992
2022-05-02,61.494380950927734
2022-05-03,61.68752670288086
2022-05-04,62.78203201293945
2022-05-05,60.59302520751953
2022-05-06,60.82296371459961
2022-05-09,58.87309646606445
2022-05-10,59.139827728271484
2022-05-11,58.495994567871094
2022-05-12,57.64982986450195
2022-05-13,60.234317779541016
2022-05-16,59.54451370239258
2022-05-17,61.108089447021484
2022-05-18,59.07544708251953
2022-05-19,60.2159309387207
2022-05-20,60.81376647949219
2022-05-23,61.742706298828125
2022-05-24,60.81376647949219
2022-05-25,60.70339584350586
2022-05-26,61.21845626831055
2022-05-27,62.17499542236328
2022-05-31,62.57968521118164
2022-06-01,62.18418884277344
2022-06-02,63.09474182128906
2022-06-03,61.641536712646484
2022-06-06,61.521968841552734
2022-06-07,61.16326904296875
2022-06-08,60.73099136352539
2022-06-09,59.581302642822266
2022-06-10,58.063720703125
2022-06-13,55.42403793334961
2022-06-14,56.06786346435547
2022-06-15,56.10466003417969
2022-06-16,54.48590087890625
2022-06-17,54.90898132324219
2022-06-21,54.78941345214844
2022-06-22,53.17066192626953
2022-06-23,52.62800598144531
2022-06-24,54.725032806396484
2022-06-27,54.725032806396484
2022-06-28,54.32033920288086
2022-06-29,53.48337173461914
2022-06-30,53.52016067504883
2022-07-01,52.79356384277344
2022-07-05,52.425662994384766
2022-07-06,51.98418426513672
2022-07-07,53.235042572021484
2022-07-08,53.621337890625
2022-07-11,52.08535385131836
2022-07-12,52.039363861083984
2022-07-13,52.425662994384766
2022-07-14,51.469120025634766
2022-07-15,52.287696838378906
2022-07-18,52.68318557739258
2022-07-19,53.980037689208984
2022-07-20,53.58454132080078
2022-07-21,54.46750259399414
2022-07-22,53.77769470214844
2022-07-25,54.06281280517578
2022-07-26,53.92485046386719
2022-07-27,55.03774642944336
2022-07-28,55.66318130493164
2022-07-29,55.69076919555664
2022-08-01,55.05613708496094
2022-08-02,54.660648345947266
2022-08-03,55.60799026489258
2022-08-04,55.856319427490234
2022-08-05,55.856319427490234
2022-08-08,56.15983963012695
2022-08-09,55.90230941772461
2022-08-10,56.63811492919922
2022-08-11,56.39897918701172
2022-08-12,57.199153900146484
2022-08-15,56.619712829589844
2022-08-16,56.66570281982422
2022-08-17,55.80113220214844
2022-08-18,55.22169876098633
2022-08-19,54.19157791137695
2022-08-22,53.161460876464844
2022-08-23,53.41898727416992
2022-08-24,53.7317008972168
2022-08-25,54.83539962768555
2022-08-26,53.244239807128906
2022-08-29,52.68318557739258
2022-08-30,52.637203216552734
2022-08-31,53.262630462646484
2022-09-01,52.13134002685547
2022-09-02,51.4415283203125
2022-09-06,50.549373626708984
2022-09-07,50.85289001464844
2022-09-08,50.28264617919922
2022-09-09,51.367950439453125
2022-09-12,51.80943298339844
2022-09-13,50.12629318237305
2022-09-14,50.67813491821289
2022-09-15,49.62042999267578
2022-09-16,50.03431701660156
2022-09-19,49.9515380859375
2022-09-20,49.27092361450195
2022-09-21,48.77425765991211
2022-09-22,48.19481658935547
2022-09-23,46.511680603027344
2022-09-26,45.54594421386719
2022-09-27,45.26081848144531
2022-09-28,45.39878463745117
2022-09-29,44.37786102294922
2022-09-30,43.559288024902344
2022-10-03,44.53422164916992
2022-10-04,46.63124465942383
2022-10-05,45.8310661315918
2022-10-06,46.180564880371094
2022-10-07,45.39878463745117
2022-10-10,44.791744232177734
2022-10-11,44.71816635131836
2022-10-12,45.178043365478516
2022-10-13,45.15045166015625
2022-10-14,44.7089729309082
2022-10-17,46.11618423461914
2022-10-18,46.1713752746582
2022-10-19,45.57353591918945
2022-10-20,45.56433868408203
2022-10-21,46.300132751464844
2022-10-24,45.76668167114258
2022-10-25,46.539268493652344
2022-10-26,47.39463806152344
2022-10-27,47.36703872680664
2022-10-28,47.66136169433594
2022-10-31,47.652164459228516
2022-11-01,48.47993850708008
2022-11-02,47.58778381347656
2022-11-03,47.85450744628906
2022-11-04,49.60203552246094
2022-11-07,50.319435119628906
2022-11-08,51.43233108520508
2022-11-09,51.35874938964844
2022-11-10,53.694915771484375
2022-11-11,55.856319427490234
2022-11-14,54.78941345214844
2022-11-15,55.51601791381836
2022-11-16,53.86966323852539
2022-11-17,53.05108642578125
2022-11-18,53.391395568847656
2022-11-21,51.92899703979492
2022-11-22,52.296897888183594
2022-11-23,53.29942321777344
2022-11-25,53.2258415222168
2022-11-28,52.278499603271484
2022-11-29,53.67652130126953
2022-11-30,55.828731536865234
2022-12-01,55.470027923583984
2022-12-02,54.66984558105469
2022-12-05,53.400596618652344
2022-12-06,52.499244689941406
2022-12-07,52.78436279296875
2022-12-08,52.99590301513672
2022-12-09,53.3822021484375
2022-12-12,53.529361724853516
2022-12-13,54.224735260009766
2022-12-14,54.00132369995117
2022-12-15,51.664772033691406
2022-12-16,52.418800354003906
2022-12-19,52.73530197143555
2022-12-20,53.47071075439453
2022-12-21,53.359004974365234
2022-12-22,52.96802520751953
2022-12-23,53.09835433959961
2022-12-27,53.66620635986328
2022-12-28,52.69806671142578
2022-12-29,53.182132720947266
2022-12-30,52.577049255371094
2023-01-03,51.599609375
2023-01-04,53.63827133178711
2023-01-05,53.07042694091797
2023-01-06,55.75141143798828
2023-01-09,56.924339294433594
2023-01-10,57.11051940917969
2023-01-11,57.25946044921875
2023-01-12,57.67836380004883
2023-01-13,58.10657501220703
2023-01-17,57.948326110839844
2023-01-18,57.08259582519531
2023-01-19,57.87385177612305
2023-01-20,58.869911193847656
2023-01-23,59.484310150146484
2023-01-24,59.30743408203125
2023-01-25,59.44707107543945
2023-01-26,60.59206771850586
2023-01-27,60.88996124267578
2023-01-30,59.54947280883789
2023-01-31,59.08401870727539
2023-02-01,60.61069107055664
2023-02-02,60.601383209228516
2023-02-03,59.018856048583984
2023-02-06,57.33393478393555
2023-02-07,58.41377258300781
2023-02-08,58.56271743774414
2023-02-09,58.38584899902344
2023-02-10,58.16243362426758
2023-02-13,58.283451080322266
2023-02-14,58.27413558959961
2023-02-15,56.58921813964844
2023-02-16,57.203609466552734
2023-02-17,56.68230438232422
2023-02-21,55.956207275390625
2023-02-22,55.406978607177734
2023-02-23,56.3378791809082
2023-02-24,54.55986022949219
2023-02-27,54.662261962890625
2023-02-28,54.457462310791016
2023-03-01,55.500064849853516
2023-03-02,55.25803756713867
2023-03-03,56.41234588623047
2023-03-06,56.53335952758789
2023-03-07,54.950836181640625
2023-03-08,55.09977722167969
2023-03-09,53.74998092651367
2023-03-10,53.77790832519531
2023-03-13,54.9415283203125
2023-03-14,54.215431213378906
2023-03-15,53.34038543701172
2023-03-16,54.96945571899414
2023-03-17,54.29921340942383
2023-03-20,54.74604415893555
2023-03-21,55.04393005371094
2023-03-22,55.37905502319336
2023-03-23,56.29133224487305
2023-03-24,55.56522750854492
2023-03-27,55.37905502319336
2023-03-28,55.88173294067383
2023-03-29,55.85380935668945
2023-03-30,56.486820220947266
2023-03-31,56.989501953125
2023-04-03,56.654380798339844
2023-04-04,56.36580276489258
2023-04-05,56.430965423583984
2023-04-06,55.81657028198242
2023-04-10,57.026737213134766
2023-04-11,57.73421859741211
2023-04-12,57.86454772949219
2023-04-13,59.58670425415039
2023-04-14,58.972312927246094
2023-04-17,58.48824691772461
2023-04-18,58.61857223510742
2023-04-19,58.050724029541016
2023-04-20,57.86454772949219
2023-04-21,57.306007385253906
2023-04-24,56.933650970458984
2023-04-25,55.32319641113281
2023-04-26,55.63039016723633
2023-04-27,56.34718322753906
2023-04-28,56.47750473022461
2023-05-01,56.10514831542969
2023-05-02,56.22616958618164
2023-05-03,55.928279876708984
2023-05-04,56.3751106262207
2023-05-05,57.33393478393555
2023-05-08,57.296695709228516
2023-05-09,56.76608657836914
2023-05-10,56.84056091308594
2023-05-11,55.909664154052734
2023-05-12,55.17425537109375
2023-05-15,56.0586051940918
2023-05-16,55.47214126586914
2023-05-17,56.53335952758789
2023-05-18,56.97088623046875
2023-05-19,57.76214599609375
2023-05-22,58.748897552490234
2023-05-23,58.04141616821289
2023-05-24,58.04141616821289
2023-05-25,57.76214599609375
2023-05-26,58.73958969116211
2023-05-30,59.05609130859375
2023-05-31,58.44169998168945
2023-06-01,59.35397720336914
2023-06-02,60.6572380065918
2023-06-05,60.62930679321289
2023-06-06,61.15991973876953
2023-06-07,60.28487777709961
2023-06-08,61.12268829345703
2023-06-09,62.07219696044922
2023-06-12,62.03496170043945
2023-06-13,62.84484100341797
2023-06-14,62.25837326049805
2023-06-15,62.40732192993164
2023-06-16,61.886024475097656
2023-06-20,60.67585754394531
2023-06-21,60.15455627441406
2023-06-22,60.17317199707031
2023-06-23,58.93507385253906
2023-06-26,59.484310150146484
2023-06-27,60.108009338378906
2023-06-28,58.90715026855469
2023-06-29,58.38584899902344
2023-06-30,59.000240325927734
2023-07-03,60.31280517578125
2023-07-05,59.63325119018555
2023-07-06,58.46963119506836
2023-07-07,58.77682113647461
2023-07-10,58.85129928588867
2023-07-11,59.9032096862793
2023-07-12,61.53227615356445
2023-07-13,62.342159271240234
2023-07-14,62.53764343261719
2023-07-17,62.87276840209961
2023-07-18,62.686588287353516
2023-07-19,62.48179626464844
2023-07-20,61.43918991088867
2023-07-21,61.46711730957031
2023-07-24,62.649356842041016
2023-07-25,63.20789337158203
2023-07-26,62.863460540771484
2023-07-27,61.73707962036133
2023-07-28,62.82622146606445
2023-07-31,62.90070343017578
2023-08-01,62.891387939453125
2023-08-02,60.95512390136719
2023-08-03,60.92719650268555
2023-08-04,60.350040435791016
2023-08-07,60.18247985839844
2023-08-08,59.36328887939453
2023-08-09,59.83804702758789
2023-08-10,59.44707107543945
2023-08-11,58.75820541381836
2023-08-14,58.23690414428711
2023-08-15,57.72490692138672
2023-08-16,56.5612907409668
2023-08-17,56.61714172363281
2023-08-18,56.47750473022461
2023-08-21,56.85918045043945
2023-08-22,56.57990646362305
2023-08-23,57.296695709228516
2023-08-24,57.25946044921875
2023-08-25,57.72490692138672
2023-08-28,58.19035720825195
2023-08-29,58.972312927246094
2023-08-30,58.59064483642578
2023-08-31,58.1345100402832
2023-09-01,58.841983795166016
2023-09-05,58.42308044433594
2023-09-06,57.73421859741211
2023-09-07,57.47357177734375
2023-09-08,57.520111083984375
2023-09-11,58.44169998168945
2023-09-12,57.72490692138672
2023-09-13,57.743526458740234
2023-09-14,58.497554779052734
2023-09-15,58.75820541381836
2023-09-18,58.87922668457031
2023-09-19,58.255523681640625
2023-09-20,57.84592819213867
2023-09-21,56.31925582885742
2023-09-22,56.5985221862793
2023-09-25,56.430965423583984
2023-09-26,54.64364242553711
2023-09-27,54.662261962890625
2023-09-28,55.17425537109375
2023-09-29,54.86705780029297
2023-10-02,54.410919189453125
2023-10-03,53.86168670654297
2023-10-04,53.75929260253906
2023-10-05,53.97339630126953
2023-10-06,54.55986022949219
2023-10-09,54.42953872680664
2023-10-10,54.50400924682617
2023-10-11,55.444217681884766
2023-10-12,54.950836181640625
2023-10-13,54.69949722290039
2023-10-16,55.006690979003906
2023-10-17,54.960147857666016
2023-10-18,54.42953872680664
2023-10-19,53.72205352783203
2023-10-20,52.94941329956055
2023-10-23,53.163516998291016
2023-10-24,53.86168670654297
2023-10-25,52.49326705932617
2023-10-26,51.357574462890625
2023-10-27,50.864200592041016
2023-10-30,52.08367919921875
2023-10-31,51.15278244018555
2023-11-01,52.36294174194336
2023-11-02,54.03855895996094
2023-11-03,55.546607971191406
2023-11-06,58.348609924316406
2023-11-07,57.389793395996094
2023-11-08,56.29133224487305
2023-11-09,55.732791900634766
2023-11-10,56.133079528808594
2023-11-13,55.56522750854492
2023-11-14,57.61320114135742
2023-11-15,58.0321044921875
2023-11-16,58.44169998168945
2023-11-17,57.948326110839844
2023-11-20,59.12125778198242
2023-11-21,58.534793853759766
2023-11-22,58.56271743774414
2023-11-24,58.01348876953125
2023-11-27,58.23690414428711
2023-11-28,59.10264205932617
2023-11-29,59.000240325927734
2023-11-30,58.68373489379883
2023-12-01,58.94438552856445
2023-12-04,57.76214599609375
2023-12-05,57.28738784790039
2023-12-06,56.9150276184082
2023-12-07,57.529422760009766
2023-12-08,57.86454772949219
2023-12-11,58.37653732299805
2023-12-12,58.69304275512695
2023-12-13,59.40052795410156
2023-12-14,60.18247985839844
2023-12-15,59.521541595458984
2023-12-18,59.754268646240234
2023-12-19,60.42451477050781
2023-12-20,60.2917366027832
2023-12-21,61.24693298339844
2023-12-22,61.10365676879883
2023-12-26,61.39020538330078
2023-12-27,61.944217681884766
2023-12-28,63.023597717285156
2023-12-29,62.59375
2024-01-02,61.839149475097656
2024-01-03,60.51143264770508
2024-01-04,59.909664154052734
2024-01-05,60.062496185302734
2024-01-08,60.37770462036133
2024-01-09,59.01177978515625
2024-01-10,58.667911529541016
2024-01-11,58.77298355102539
2024-01-12,58.610599517822266
2024-01-16,56.346797943115234
2024-01-17,54.88534927368164
2024-01-18,55.907405853271484
2024-01-19,56.60469436645508
2024-01-22,55.907405853271484
2024-01-23,56.279930114746094
2024-01-24,56.470970153808594
2024-01-25,56.260826110839844
2024-01-26,56.83394241333008
2024-01-29,57.46437072753906
2024-01-30,57.22557067871094
2024-01-31,56.8052864074707
2024-02-01,58.553287506103516
2024-02-02,59.80459213256836
2024-02-05,59.346099853515625
2024-02-06,59.393856048583984
2024-02-07,60.4445686340332
2024-02-08,60.4445686340332
2024-02-09,60.81709289550781
2024-02-12,61.5621452331543
2024-02-13,59.900108337402344
2024-02-14,61.00813293457031
2024-02-15,60.93171691894531
2024-02-16,61.31379699707031
2024-02-20,61.41886901855469
2024-02-21,61.41886901855469
2024-02-22,62.211673736572266
2024-02-23,62.240333557128906
2024-02-26,61.323341369628906
2024-02-27,60.76933288574219
2024-02-28,61.27558898925781
2024-02-29,61.23738098144531
2024-03-01,62.02063751220703
2024-03-04,62.66061782836914
2024-03-05,61.42841720581055
2024-03-06,62.163917541503906
2024-03-07,62.928070068359375
2024-03-08,63.300594329833984
2024-03-11,63.262393951416016
2024-03-12,64.20802307128906
2024-03-13,64.08385467529297
2024-03-14,64.04564666748047
2024-03-15,62.651058197021484
2024-03-18,62.81344985961914
2024-03-19,62.35495376586914
2024-03-20,63.83550262451172
2024-03-21,64.50413513183594
2024-03-22,64.04564666748047
2024-03-25,64.49458312988281
2024-03-26,64.37996673583984
2024-03-27,64.2844467163086
2024-03-28,64.10295867919922
2024-04-01,63.61580276489258
2024-04-02,63.68267059326172
2024-04-03,63.520286560058594
2024-04-04,63.147762298583984
2024-04-05,63.13821029663086
2024-04-08,63.27193832397461
2024-04-09,62.91851806640625
2024-04-10,60.51143264770508
2024-04-11,62.01108169555664
2024-04-12,59.80459213256836
2024-04-15,59.470272064208984
2024-04-16,58.543739318847656
2024-04-17,58.1521110534668
2024-04-18,59.0308837890625
2024-04-19,58.57239532470703
2024-04-22,59.87145233154297
2024-04-23,60.167564392089844
2024-04-24,60.3299446105957
2024-04-25,60.08159637451172
2024-04-26,60.50188446044922
2024-04-29,61.15140914916992
2024-04-30,60.224876403808594
2024-05-01,60.263084411621094
2024-05-02,61.57169723510742
2024-05-03,62.259437561035156
2024-05-06,62.803897857666016
2024-05-07,62.74658966064453
2024-05-08,62.88031005859375
2024-05-09,62.183021545410156
2024-05-10,61.972877502441406
2024-05-13,62.11615753173828
2024-05-14,62.6319580078125
2024-05-15,63.92146682739258
2024-05-16,63.3961181640625
2024-05-17,62.52688980102539
2024-05-20,62.316741943359375
2024-05-21,61.944217681884766
2024-05-22,61.64811325073242
2024-05-23,61.01768493652344
2024-05-24,61.22782516479492
2024-05-28,61.8296012878418
2024-05-29,60.320396423339844
2024-05-30,59.68996810913086
2024-05-31,59.393856048583984
2024-06-03,60.37770462036133
2024-06-04,60.167564392089844
2024-06-05,61.30424118041992
2024-06-06,61.7913932800293
2024-06-07,60.80754470825195
2024-06-10,61.30424118041992
2024-06-11,60.92216491699219
2024-06-12,62.44092559814453
2024-06-13,61.93466567993164
2024-06-14,61.629005432128906
2024-06-17,62.125709533691406
2024-06-18,62.689266204833984
2024-06-20,62.43136978149414
2024-06-21,62.202125549316406
2024-06-24,62.06840133666992
2024-06-25,62.11615753173828
2024-06-26,62.316741943359375
2024-06-27,62.842105865478516
2024-06-28,63.128658294677734
2024-07-01,63.15731430053711
2024-07-02,63.195526123046875
2024-07-03,63.85460662841797
2024-07-05,65.87005615234375
2024-07-08,65.15367126464844
2024-07-09,65.0772476196289
2024-07-10,65.71723175048828
2024-07-11,65.7649917602539
2024-07-12,65.5739517211914
2024-07-15,64.58055114746094
2024-07-16,65.17277526855469
2024-07-17,64.07430267333984
2024-07-18,63.014034271240234
2024-07-19,62.30719757080078
2024-07-22,62.842105865478516
2024-07-23,62.555538177490234
2024-07-24,61.61945724487305
2024-07-25,61.18962097167969
2024-07-26,62.1352653503418
2024-07-29,62.1352653503418
2024-07-30,61.629005432128906
2024-07-31,63.568050384521484
2024-08-01,62.39316177368164
2024-08-02,60.70246887207031
2024-08-05,57.41661071777344
2024-08-06,56.77663040161133
2024-08-07,57.27333068847656
2024-08-08,58.71567153930664
2024-08-09,59.43206787109375
2024-08-12,59.470272064208984
2024-08-13,60.74068069458008
2024-08-14,60.85530090332031
2024-08-15,61.457069396972656
2024-08-16,62.603302001953125
2024-08-19,63.31014633178711
2024-08-20,63.348358154296875
2024-08-21,63.415218353271484
2024-08-22,62.211673736572266
2024-08-23,64.19847106933594
2024-08-26,63.128658294677734
2024-08-27,63.214630126953125
2024-08-28,62.57465362548828
2024-08-29,62.479129791259766
2024-08-30,62.565101623535156
2024-09-03,60.4063606262207
2024-09-04,60.42546463012695
2024-09-05,60.02428436279297
2024-09-06,57.78913497924805
2024-09-09,58.887611389160156
2024-09-10,58.534183502197266
2024-09-11,58.897159576416016
2024-09-12,59.709068298339844
2024-09-13,60.46367263793945
2024-09-16,60.6738166809082
2024-09-17,60.38726043701172
2024-09-18,60.42546463012695
2024-09-19,61.04634094238281
2024-09-20,60.4827766418457
2024-09-23,60.83619689941406
2024-09-24,62.125709533691406
2024-09-25,60.5209846496582
2024-09-26,64.07430267333984
2024-09-27,63.367454528808594
2024-09-30,61.09409713745117
2024-10-01,60.63560485839844
2024-10-02,60.5591926574707
2024-10-03,59.890560150146484
2024-10-04,59.890560150146484
2024-10-07,60.19622039794922
2024-10-08,60.54964065551758
2024-10-09,60.7120246887207
2024-10-10,60.47322463989258
2024-10-11,60.54964065551758
2024-10-14,60.72157669067383
2024-10-15,59.317440032958984
2024-10-16,60.052940368652344
2024-10-17,59.59444808959961
2024-10-18,59.288787841796875
2024-10-21,58.83029556274414
2024-10-22,58.1521110534668
2024-10-23,58.47687530517578
2024-10-24,58.49597930908203
2024-10-25,58.400455474853516
2024-10-28,58.954471588134766
2024-10-29,58.916263580322266
2024-10-30,58.07569122314453
2024-10-31,57.22557067871094
2024-11-01,57.33064270019531
2024-11-04,58.17121124267578
2024-11-05,58.38135528564453
2024-11-06,56.70976638793945
2024-11-07,57.9992790222168
2024-11-08,56.547386169433594
2024-11-11,55.754573822021484
2024-11-12,54.30268096923828
2024-11-13,53.37614822387695
2024-11-14,53.22332000732422
2024-11-15,53.68180847167969
2024-11-18,55.200565338134766
2024-11-19,54.952213287353516
2024-11-20,54.81848907470703
2024-11-21,55.41070556640625
2024-11-22,55.52532958984375
2024-11-25,56.10799789428711
2024-11-26,55.97426986694336
2024-11-27,55.534881591796875
2024-11-29,54.856693267822266
2024-12-02,54.1689567565918
2024-12-03,53.30928421020508
2024-12-04,53.69136047363281
2024-12-05,53.03227615356445
2024-12-06,52.49736785888672
2024-12-09,51.265167236328125
2024-12-10,51.51352310180664
2024-12-11,53.0131721496582
2024-12-12,52.99407196044922
2024-12-13,53.48122024536133
2024-12-16,53.08959197998047
2024-12-17,52.393226623535156
2024-12-18,50.965301513671875
2024-12-19,51.434757232666016
2024-12-20,51.19024658203125
2024-12-23,51.610801696777344
2024-12-24,51.552120208740234
2024-12-26,50.82837677001953
2024-12-27,50.3295783996582
2024-12-30,50.06550979614258
2024-12-31,49.772098541259766
2025-01-02,49.997047424316406
2025-01-03,51.679264068603516
2025-01-06,53.20499801635742
2025-01-07,52.53993606567383
2025-01-08,53.12675094604492
2025-01-10,52.34432601928711
2025-01-13,52.31498718261719
2025-01-14,52.81378173828125
2025-01-15,53.586429595947266
2025-01-16,53.341922760009766
2025-01-17,53.625553131103516
2025-01-21,54.456878662109375
2025-01-22,54.87743377685547
2025-01-23,54.44709396362305
2025-01-24,54.67204666137695
2025-01-27,53.35169982910156
2025-01-28,53.10719299316406
2025-01-29,53.22455596923828
2025-01-30,54.055885314941406
2025-01-31,52.78444290161133
2025-02-03,52.207401275634766
2025-02-04,53.15609359741211
2025-02-05,53.75269317626953
2025-02-06,54.00698471069336
2025-02-07,52.950706481933594
2025-02-10,53.92873764038086
2025-02-11,53.86027908325195
2025-02-12,53.948299407958984
2025-02-13,55.112159729003906
2025-02-14,55.43490982055664
2025-02-18,56.17821502685547
2025-02-19,56.99976348876953
2025-02-20,57.17580795288086
2025-02-21,56.324920654296875
2025-02-24,56.207557678222656
2025-02-25,56.285797119140625
2025-02-26,56.54008865356445
2025-02-27,54.720947265625
2025-02-28,53.46906280517578
2025-03-03,53.12675094604492
2025-03-04,53.37126159667969
2025-03-05,54.818748474121094
2025-03-06,53.733131408691406
2025-03-07,54.456878662109375
2025-03-10,52.90180587768555
2025-03-11,53.488624572753906
2025-03-12,54.720947265625
2025-03-13,54.00698471069336
2025-03-14,54.90677261352539
2025-03-17,56.5889892578125
2025-03-18,55.71854019165039
2025-03-19,55.98261260986328
2025-03-20,55.48381042480469
2025-03-21,55.610958099365234
2025-03-24,56.05107116699219
2025-03-25,55.81634521484375
2025-03-26,55.56205749511719
2025-03-27,55.24908447265625
2025-03-28,53.586429595947266
2025-03-31,52.8529052734375
2025-04-01,53.64510726928711
2025-04-02,53.4299430847168
2025-04-03,51.97267150878906
2025-04-04,50.12419128417969
2025-04-07,49.66451644897461
2025-04-08,47.84537124633789
2025-04-09,52.109596252441406
2025-04-10,50.681671142578125
2025-04-11,53.116973876953125
2025-04-14,53.15609359741211
2025-04-15,53.1854362487793
2025-04-16,52.872467041015625
2025-04-17,53.116973876953125
2025-04-21,53.195213317871094
2025-04-22,53.60599136352539
2025-04-23,54.37863540649414
2025-04-24,54.720947265625
2025-04-25,54.584022521972656
2025-04-28,54.42753982543945
2025-04-29,54.86764907836914
2025-04-30,54.95567321777344
2025-05-01,54.37863540649414
2025-05-02,56.442283630371094
2025-05-05,57.09756851196289
2025-05-06,57.21493148803711
2025-05-07,56.52052688598633
2025-05-08,55.94348907470703
2025-05-09,56.42272186279297
2025-05-12,56.765037536621094
2025-05-13,56.84327697753906
2025-05-14,57.322513580322266
2025-05-15,57.508338928222656
2025-05-16,57.49856185913086
2025-05-19,57.52790069580078
2025-05-20,57.117130279541016
2025-05-21,57.80175018310547
2025-05-22,57.009544372558594
2025-05-23,57.664825439453125
2025-05-27,58.662418365478516
2025-05-28,59.415504455566406
2025-05-29,60.442440032958984
2025-05-30,59.29814147949219
2025-06-02,60.383758544921875
2025-06-03,60.530460357666016
2025-06-04,62.57455062866211
2025-06-05,63.92423629760742
2025-06-06,64.12962341308594
2025-06-09,65.01963806152344
2025-06-10,64.7066650390625
2025-06-11,65.5184326171875
2025-06-12,66.20305633544922
2025-06-13,64.96095275878906
2025-06-16,66.69207000732422
2025-06-17,65.16633605957031
2025-06-18,66.37910461425781
2025-06-20,67.02459716796875
2025-06-23,67.89505004882812
2025-06-24,71.0541000366211
2025-06-25,70.7802505493164
2025-06-26,70.35969543457031
2025-06-27,69.18605041503906
2025-06-30,70.20320892333984
2025-07-01,70.0662841796875
2025-07-02,70.36946868896484
2025-07-03,71.10299682617188
2025-07-07,68.53076934814453
2025-07-08,70.49662017822266
2025-07-09,70.49662017822266
2025-07-10,71.53333282470703
2025-07-11,70.96607208251953
2025-07-14,71.59201049804688
2025-07-15,71.46487426757812
2025-07-16,71.47465515136719
2025-07-17,71.45508575439453
2025-07-18,70.79981231689453
2025-07-21,72.24729919433594
2025-07-22,71.28882598876953
2025-07-23,72.22773742675781
2025-07-24,71.69960021972656
2025-07-25,71.60179901123047
2025-07-28,71.11277770996094
2025-07-29,71.87564086914062
2025-07-30,72.06147003173828
2025-07-31,71.21057891845703
2025-08-01,69.09803009033203
2025-08-04,70.74112701416016
2025-08-05,71.28882598876953
2025-08-06,71.57245635986328
2025-08-07,71.82674407958984
2025-08-08,71.88542938232422
2025-08-11,71.42575073242188
2025-08-12,72.47224426269531
2025-08-13,73.07862854003906
2025-08-14,72.04191589355469
2025-08-15,71.77783966064453
2025-08-18,71.2008056640625
2025-08-19,69.87068176269531
2025-08-20,69.79243469238281
2025-08-21,69.65550994873047
2025-08-22,71.89521026611328
2025-08-25,71.1323471069336
2025-08-26,70.79981231689453
2025-08-27,70.8780517578125
2025-08-28,72.02234649658203
2025-08-29,70.6530990600586
2025-09-02,70.34013366699219
2025-09-03,71.30838775634766
2025-09-04,71.46487426757812
2025-09-05,72.01256561279297
2025-09-08,72.56027221679688
2025-09-09,73.27423095703125
2025-09-10,74.96623229980469
2025-09-11,76.14965057373047
2025-09-12,76.93208312988281
2025-09-15,77.450439453125
2025-09-16,78.91748809814453
2025-09-17,78.07637786865234
2025-09-18,78.97616577148438
2025-09-19,78.29154205322266
2025-09-22,79.76837158203125
2025-09-23,79.66078186035156
2025-09-24,78.2817611694336
2025-09-25,78.13505554199219
2025-09-26,77.13746643066406
2025-09-29,78.47736358642578
2025-09-30,78.34043884277344
2025-10-01,80.09112548828125
2025-10-02,81.69509887695312
2025-10-03,82.00806427001953
2025-10-06,82.91764068603516
2025-10-07,81.51905059814453
2025-10-08,82.3405990600586
2025-10-09,81.59729766845703
2025-10-10,78.94682312011719
2025-10-13,81.78311920166016
2025-10-14,80.87355041503906
2025-10-15,83.299072265625
2025-10-16,85.94953918457031
2025-10-17,86.57547760009766
2025-10-20,88.44352722167969
2025-10-21,86.6928482055664
2025-10-22,87.48504638671875
2025-10-23,88.0914306640625
2025-10-24,90.02793884277344
2025-10-27,92.23828887939453
2025-10-28,92.37521362304688
2025-10-29,94.77140045166016
2025-10-30,93.16742706298828
2025-10-31,94.86920166015625
2025-11-03,98.566162109375
2025-11-04,93.65644073486328
2025-11-05,94.49755096435547
2025-11-06,91.45587158203125
2025-11-07,89.78343200683594
2025-11-10,93.56841278076172
2025-11-11,93.19676971435547
2025-11-12,93.81292724609375
2025-11-13,92.0035629272461
2025-11-14,92.06224060058594
2025-11-17,90.97662353515625
2025-11-18,89.57804107666016
2025-11-19,88.57066345214844
2025-11-20,86.58525848388672
2025-11-21,87.2601089477539
2025-11-24,88.3163833618164
2025-11-25,87.81758117675781
2025-11-26,89.53892517089844
2025-11-28,88.87386322021484
2025-12-01,88.62935638427734
2025-12-02,90.04750061035156
2025-12-03,90.95706939697266
2025-12-04,89.85189819335938
2025-12-05,92.228515625
2025-12-08,92.98159790039062
2025-12-09,93.47061157226562
2025-12-10,94.62469482421875
2025-12-11,92.87401580810547
2025-12-12,90.63431549072266
2025-12-15,90.69300079345703
2025-12-16,89.5199966430664
2025-12-17,88.58000183105469
2025-12-18,90.06999969482422
2025-12-19,91.33999633789062
2025-12-22,91.75
2025-12-23,92.69999694824219
2025-12-24,94.5999984741211
2025-12-26,95.83999633789062
2025-12-29,98.72000122070312
2025-12-30,98.62000274658203
2025-12-31,97.22000122070312
2026-01-02,102.22000122070312
2026-01-05,104.83000183105469
2026-01-06,107.61000061035156
2026-01-07,107.02999877929688
2026-01-08,106.58999633789062
2026-01-09,108.88999938964844
2026-01-12,108.93000030517578
2026-01-13,107.54000091552734
2026-01-14,109.63999938964844
2026-01-15,111.05000305175781
2026-01-16,112.22000122070312
2026-01-20,110.97000122070312
2026-01-21,115.66000366210938
2026-01-22,115.98999786376953
2026-01-23,117.97000122070312
2026-01-26,117.31999969482422
2026-01-27,122.69999694824219
2026-01-28,125.55999755859375
2026-01-29,124.5
2026-01-30,122.41000366210938
2026-02-02,120.93000030517578
2026-02-03,124.31999969482422
2026-02-04,120.26000213623047
2026-02-05,120.20999908447266
2026-02-06,124.70999908447266
2026-02-09,126.05000305175781
2026-02-10,124.44999694824219
2026-02-11,130.60000610351562
2026-02-12,130.8000030517578
2026-02-13,133.97000122070312
2026-02-17,130.67999267578125
2026-02-18,132.92999267578125
2026-02-19,135.2100067138672
2026-02-20,141.8800048828125
2026-02-23,139.3000030517578
2026-02-24,144.5500030517578
2026-02-25,148.88999938964844
2026-02-26,150.41000366210938
2026-02-27,151.3699951171875
2026-03-02,147.5399932861328
2026-03-03,132.33999633789062
2026-03-04,134.3699951171875
2026-03-05,125.73999786376953
2026-03-06,126.7300033569336
2026-03-09,133.88999938964844
2026-03-10,130.3000030517578
2026-03-11,132.85000610351562
2026-03-12,123.5
2026-03-13,124.1500015258789
2026-03-16,133.10000610351562
2026-03-17,134.42999267578125
2026-03-18,131.8800048828125
2026-03-19,134.82000732421875
2026-03-20,125.77999877929688
2026-03-23,133.80999755859375
2026-03-24,128.75
2026-03-25,127.73999786376953
2026-03-26,119.98999786376953
2026-03-27,120.9800033569336
2026-03-30,116.43000030517578
2026-03-31,123.01000213623047
2026-04-01,126.22000122070312
2026-04-02,122.87000274658203
2026-04-06,125.94000244140625
2026-04-07,127.19000244140625
2026-04-08,140.07000732421875
2026-04-09,139.2899932861328
2026-04-10,138.72999572753906
2026-04-13,141.22999572753906
2026-04-14,146.67999267578125
2026-04-15,144.9199981689453
2026-04-16,147.47000122070312
2026-04-17,152.3300018310547
2026-04-20,150.08999633789062
2026-04-21,146.7899932861328
2026-04-22,155.8000030517578
2026-04-23,150.58999633789062
2026-04-24,154.57000732421875
2026-04-27,156.72999572753906
2026-04-28,154.3699951171875
2026-04-29,153.9600067138672
2026-04-30,160.75999450683594
2026-05-01,162.0
2026-05-04,163.58999633789062
2026-05-05,173.47000122070312
2026-05-06,181.97999572753906
2026-05-07,176.75
2026-05-08,190.1999969482422
2026-05-11,192.85000610351562
2026-05-12,178.5
2026-05-13,188.6300048828125
2026-05-14,190.52000427246094
2026-05-15,178.86000061035156
2026-05-18,176.10000610351562
2026-05-19,174.02000427246094
2026-05-20,180.11000061035156
2026-05-21,186.4199981689453
2026-05-22,182.02999877929688
2026-05-26,200.64999389648438
2026-05-27,198.2899932861328
2026-05-28,206.41000366210938
2026-05-29,205.8300018310547
2026-06-01,216.6999969482422
2026-06-02,214.52999877929688
2026-06-03,212.9600067138672
2026-06-04,203.97000122070312
2026-06-05,175.19000244140625
2026-06-08,185.63999938964844
2026-06-09,184.0500030517578
2026-06-10,178.4499969482422
2026-06-11,198.94000244140625
2026-06-12,197.4499969482422
2026-06-15,211.4499969482422
2026-06-16,205.91000366210938
2026-06-17,205.0800018310547
2026-06-18,219.1999969482422
2026-06-22,219.02000427246094
2026-06-23,192.1999969482422
2026-06-24,197.25999450683594
2026-06-25,205.0
2026-06-26,197.27999877929688
2026-06-29,197.5
2026-06-30,201.89999389648438
2026-07-01,185.5
2026-07-02,180.13999938964844
2026-07-06,189.85000610351562
2026-07-07,181.2899932861328
2026-07-08,182.72000122070312
2026-07-09,184.75
2026-07-10,183.52000427246094
2026-07-13,168.02000427246094
2026-07-14,176.97999572753906
2026-07-15,171.63999938964844
2026-07-16,163.36000061035156
2026-07-17,162.5399932861328
2026-07-20,162.86000061035156
2026-07-21,172.89999389648438
2026-07-22,170.42999267578125
2026-07-23,173.86000061035156
2026-07-24,162.9600067138672
2026-07-27,161.1999969482422
2026-07-28,151.4499969482422
2026-07-29,144.2100067138672
2026-07-30,161.2100067138672
2026-07-31,157.10000610351562
2026-08-03,160.24000549316406
2026-08-04,171.13999938964844
2026-08-05,169.13999938964844
2026-08-06,164.1199951171875
2026-08-07,166.08999633789062
2026-08-10,163.1199951171875
2026-08-11,167.24000549316406
2026-08-12,175.8699951171875
2026-08-13,178.6199951171875
2026-08-14,179.74000549316406
2026-08-17,185.10000610351562
2026-08-18,170.0500030517578
2026-08-19,174.42999267578125
2026-08-20,178.16000366210938
2026-08-21,178.33999633789062
2026-08-24,173.63999938964844
2026-08-25,180.14999389648438
2026-08-26,179.17999267578125
2026-08-27,182.13999938964844
2026-08-28,180.1999969482422
2026-08-31,180.86000061035156
2026-09-01,175.8000030517578
2026-09-02,178.86000061035156
2026-09-03,180.55999755859375
2026-09-04,188.8699951171875
2026-09-08,189.91000366210938
2026-09-09,190.77999877929688
2026-09-10,182.77999877929688
2026-09-11,188.72000122070312
2026-09-14,176.22000122070312
2026-09-15,176.49000549316406
2026-09-16,175.5399932861328
2026-09-17,182.38999938964844
2026-09-18,181.30999755859375
2026-09-21,189.16000366210938
2026-09-22,192.6199951171875
2026-09-23,185.64999389648438
2026-09-24,182.52999877929688
2026-09-25,187.17999267578125
2026-09-28,183.5800018310547
2026-09-29,187.10000610351562
2026-09-30,182.77999877929688
2026-10-01,186.11000061035156
2026-10-02,191.8800048828125
2026-10-05,191.4600067138672
2026-10-06,186.39999389648438
2026-10-07,183.69000244140625
2026-10-08,176.2899932861328
