Date,etf,spy,ratio,zscore
2001-05-11,10.247682571411133,79.26165771484375,0.12928927891312567,-0.1388565022404509
2001-05-14,10.118509292602539,79.42000579833984,0.12740504348860235,-0.24226758911568333
2001-05-15,9.953455924987793,79.7873306274414,0.12474982991302734,-0.3915802068529668
2001-05-16,10.218978881835938,81.66831970214844,0.12512782091152916,-0.36387803896959536
2001-05-17,10.520379066467285,81.79498291015625,0.12861887969367128,-0.15385065346778157
2001-05-18,10.498849868774414,82.16867065429688,0.12777193284464308,-0.19830919955265863
2001-05-21,11.022717475891113,83.37825775146484,0.1322013408909046,0.06933033606235828
2001-05-22,10.764371871948242,83.27062225341797,0.12926974220498758,-0.1015506072960294
2001-05-23,10.936600685119629,81.85833740234375,0.13360399236262152,0.15962075371784498
2001-05-24,10.972480773925781,82.09899139404297,0.13364939797204298,0.16507083719552615
2001-05-25,10.800252914428711,81.12995910644531,0.13312286895471506,0.1376361296173979
2001-05-29,10.958130836486816,80.4839859008789,0.13615293419963623,0.31974608489245027
2001-05-30,10.656728744506836,79.35667419433594,0.13428900407808997,0.2109916403869485
2001-05-31,10.814606666564941,79.768310546875,0.135575225204373,0.2934951982603382
2001-06-01,10.635198593139648,80.26232147216797,0.1325054944595335,0.11400326270672571
2001-06-04,10.699786186218262,80.64863586425781,0.13267163258938935,0.13100098942495358
2001-06-05,10.43426513671875,81.5733413696289,0.12791268521708,-0.14987223728317794
2001-06-06,10.405556678771973,80.89564514160156,0.12862937999391502,-0.09872457100569433
2001-06-07,10.60649585723877,81.18697357177734,0.13064282840721456,0.03383387850737386
2001-06-08,10.814606666564941,80.43328857421875,0.13445436408565972,0.27785866748037696
2001-06-11,10.613670349121094,79.86328125,0.1328979999694302,0.19333524911663943
2001-06-12,10.448615074157715,79.72396850585938,0.1310598966657033,0.08904499839771501
2001-06-13,10.72849178314209,79.03998565673828,0.13573499152359056,0.4009524203186476
2001-06-14,10.369678497314453,77.26663208007812,0.13420642544077052,0.31398982724651747
2001-06-15,10.635198593139648,77.39116668701172,0.1374213498570311,0.5325500291193574
2001-06-18,10.4844970703125,77.01638793945312,0.13613332630653813,0.4534129182462853
2001-06-19,10.154388427734375,77.35299682617188,0.13127336812241908,0.1367809034254842
2001-06-20,10.226154327392578,77.75950622558594,0.1315100213950146,0.16119267250152522
2001-06-21,10.262033462524414,78.64232635498047,0.13048995290656878,0.1005584295622054
2001-06-22,10.19027042388916,78.02628326416016,0.13060048483137043,0.11625825163612458
2001-06-25,10.19027042388916,77.30855560302734,0.13181297133806646,0.20855050963234054
2001-06-26,10.0108642578125,77.20056915283203,0.12967345147409784,0.07089269265925681
2001-06-27,9.910399436950684,77.1561279296875,0.12844604444098137,-0.004790445296499354
2001-06-28,10.513202667236328,77.58168029785156,0.13551140716305762,0.5083109167147974
2001-06-29,10.254858016967773,77.86746978759766,0.13169630456646886,0.24918465574625787
2001-07-02,10.233328819274902,78.8392105102539,0.12979999105830653,0.12376108742591577
2001-07-03,10.132863998413086,78.82017517089844,0.1285567302590097,0.04475020345861504
2001-07-05,10.132863998413086,77.28318786621094,0.13111343201777118,0.25192582002955616
2001-07-06,9.867339134216309,75.61273956298828,0.1304983682808694,0.2203087220348647
2001-07-09,9.587469100952148,76.02558135986328,0.1261084615133733,-0.10954675579633755
2001-07-10,9.508527755737305,75.11100006103516,0.12659301231524916,-0.05926219070934461
2001-07-11,9.42958927154541,75.18721008300781,0.12541480474052702,-0.14533540767261047
2001-07-12,9.61617374420166,76.97195434570312,0.12493087678419422,-0.17550462378141374
2001-07-13,9.400887489318848,77.6388168334961,0.12108488862574959,-0.49454373067750357
2001-07-16,9.26453685760498,76.66708374023438,0.1208411277125833,-0.5103404186882545
2001-07-17,9.329119682312012,77.3847427368164,0.12055502612498328,-0.5310729198604959
2001-07-18,9.128189086914062,76.85760498046875,0.11876754537477119,-0.6873023463407445
2001-07-19,9.286065101623535,77.53085327148438,0.11977251261645695,-0.5921882704041465
2001-07-20,9.228653907775879,77.06721496582031,0.11974811743059396,-0.5894127020930631
2001-07-23,8.999014854431152,75.5492172241211,0.11911460085330941,-0.6454791379384501
2001-07-24,8.826784133911133,74.8188705444336,0.11797537265239874,-0.749379593864813
2001-07-25,9.171246528625488,75.6445083618164,0.12124140571789241,-0.42880491511359636
2001-07-26,9.307592391967773,76.43842315673828,0.12176588693990191,-0.3708644146690374
2001-07-27,9.458294868469238,76.73059844970703,0.12326627264178924,-0.21496440765038866
2001-07-30,9.25018310546875,76.75599670410156,0.12051414225169528,-0.48337424817882485
2001-07-31,9.400887489318848,77.07353973388672,0.12197295624124013,-0.32990994628066594
2001-08-01,9.924753189086914,77.55626678466797,0.12796842344981116,0.2898471970174622
2001-08-02,10.068276405334473,77.87386322021484,0.12928954579873603,0.4386378771014071
2001-08-03,10.111333847045898,77.44831085205078,0.13055589897062497,0.5836633811655766
2001-08-06,9.83863639831543,76.40665435791016,0.12876674788335193,0.4064087200955628
2001-08-07,9.917572975158691,76.70516204833984,0.1292947268517418,0.46815425813795514
2001-08-08,9.982158660888672,75.28250122070312,0.1325960017139218,0.8197528011219256
2001-08-09,9.673583030700684,75.50479888916016,0.1281187841437913,0.35272002713288153
2001-08-10,9.652052879333496,75.76517486572266,0.12739431930883374,0.28844346112956926
2001-08-13,9.953455924987793,75.78427124023438,0.1313393368055961,0.7307774102729722
2001-08-14,10.025218963623047,75.75247955322266,0.132341792938665,0.8587612441780736
2001-08-15,10.061100959777832,75.0982894897461,0.13397243836228218,1.0572991342611753
2001-08-16,10.211800575256348,75.35867309570312,0.13550929383121812,1.2604194668753255
2001-08-17,9.931927680969238,74.15193939208984,0.1339402281638601,1.1141712695785826
2001-08-20,10.003690719604492,74.837890625,0.13367146823700968,1.0982112647889104
2001-08-21,9.766873359680176,73.56124114990234,0.1327720033947951,1.0073187109998833
2001-08-22,10.003690719604492,74.32341766357422,0.13459675340666263,1.2478452230445605
2001-08-23,9.90322208404541,74.0566635131836,0.13372492918591228,1.1549462361380045
2001-08-24,10.043498039245605,75.59367370605469,0.1328616211761272,1.0660410577422972
2001-08-27,10.094115257263184,75.14271545410156,0.13433258561741543,1.2615096474191072
2001-08-28,10.144730567932129,74.0439224243164,0.13700963206401592,1.6191325490358426
2001-08-29,9.819348335266113,73.38341522216797,0.13380882186442372,1.246245486137836
2001-08-30,9.790423393249512,71.97341918945312,0.13602832133733317,1.5654695819906281
2001-08-31,9.544577598571777,72.5005874633789,0.1316482794486718,1.0082824690592411
2001-09-04,9.689193725585938,72.0369644165039,0.1345030819117374,1.3938672379902828
2001-09-05,9.710886001586914,72.21481323242188,0.1344722165289361,1.3982757460062605
2001-09-06,9.544577598571777,70.35382080078125,0.13566537666232606,1.5577512919644623
2001-09-07,9.55180835723877,69.05181884765625,0.13832812106386647,1.8984241029934101
2001-09-10,9.783194541931152,69.89655303955078,0.13996676683606069,2.0955909755626565
2001-09-17,8.170736312866211,66.24452209472656,0.12334206745702597,-0.0754062525138279
2001-09-18,8.337044715881348,66.08570861816406,0.12615503246022333,0.2993875951343935
2001-09-19,8.35873794555664,64.75196838378906,0.12908855366394217,0.6887017218021193
2001-09-20,7.816431999206543,62.69414520263672,0.1246756291826403,0.1102477273611254
2001-09-21,7.917661666870117,62.01771926879883,0.12766773367709927,0.5089177311430798
2001-09-24,8.308119773864746,64.19802856445312,0.1294139393318537,0.734355780589955
2001-09-25,7.917661666870117,64.8674087524414,0.12205916374873108,-0.2422999178832546
2001-09-26,7.924890995025635,64.63788604736328,0.12260442721190923,-0.16879772533618786
2001-09-27,7.845354080200195,65.19891357421875,0.12032952161494974,-0.46898749354579117
2001-09-28,7.961043834686279,66.58234405517578,0.11956689040699862,-0.573080389430824
2001-10-01,8.004427909851074,66.4739761352539,0.12041445954074642,-0.46049646539841466
2001-10-02,8.047815322875977,67.30913543701172,0.11956497837365879,-0.5705604440421476
2001-10-03,8.315348625183105,68.43751525878906,0.12150278387138273,-0.31110650598951184
2001-10-04,8.481658935546875,68.49493408203125,0.12382899624940186,-0.0001436955532571312
2001-10-05,8.380430221557617,68.3609848022461,0.12259083519350158,-0.1608764494764518
2001-10-08,8.271967887878418,67.91475677490234,0.12179927133207807,-0.2663848256619559
2001-10-09,8.394890785217285,67.55134582519531,0.12427421959794852,0.061714244431850154
2001-10-10,8.532273292541504,69.05589294433594,0.12355604900249621,-0.033057139126873254
2001-10-11,8.893810272216797,70.12691497802734,0.1268244906396277,0.4004526559621268
2001-10-12,8.857657432556152,69.80815887451172,0.12688570469934354,0.4094588804265973
2001-10-15,8.835966110229492,69.68070983886719,0.12680648820401197,0.3963589054982714
2001-10-16,8.980581283569336,70.1205062866211,0.12807353738806104,0.5639203647938063
2001-10-17,8.901042938232422,68.62874603271484,0.12969846387677486,0.7747964555378861
2001-10-18,8.987810134887695,68.48213195800781,0.1312431415014778,0.9722110124471297
2001-10-19,8.893810272216797,68.43751525878906,0.12995518961472835,0.7947071770371612
2001-10-22,8.893810272216797,69.78904724121094,0.12743848245237166,0.4550923038434048
2001-10-23,8.973349571228027,69.43206024169922,0.12923928139235671,0.6885449721021307
2001-10-24,9.46504020690918,69.24713897705078,0.13668492802346668,1.6691864542266641
2001-10-25,9.479500770568848,70.49031066894531,0.13447948633804313,1.365022542596038
2001-10-26,9.56627082824707,70.33092498779297,0.1360179868231144,1.5557115917330784
2001-10-29,9.472272872924805,68.50125122070312,0.1382788300086116,1.8366351810943051
2001-10-30,9.204732894897461,67.67890167236328,0.13600594376454278,1.5210136928225326
2001-10-31,9.269811630249023,67.4493637084961,0.13743364089113527,1.692952913058442
2001-11-01,9.783194541931152,69.17704772949219,0.141422550730801,2.1911807429353063
2001-11-02,9.754268646240234,69.6488037109375,0.14004933504275602,1.9939429206791448
2001-11-05,9.898882865905762,70.5604476928711,0.1402893999339785,2.0137996100348543
2001-11-06,9.906113624572754,71.65693664550781,0.13824361029524657,1.7348145730852245
2001-11-07,9.978421211242676,71.56136322021484,0.13943866860859275,1.8730073636241555
2001-11-08,10.159191131591797,71.78448486328125,0.1415234942612002,2.118064045018783
2001-11-09,10.368884086608887,71.86101531982422,0.144290809703442,2.4379997225961088
2001-11-12,10.578572273254395,71.42108154296875,0.14811554298418256,2.870473308292845
2001-11-13,10.86780071258545,73.02764892578125,0.14881761733327203,2.9001784235873656
2001-11-14,11.149803161621094,73.0977783203125,0.15253272285188965,3.280213708550729
2001-11-15,11.091958045959473,73.23168182373047,0.1514639261277373,3.0768000038665786
2001-11-16,11.041340827941895,72.90650177001953,0.1514452148969009,3.006203315038152
2001-11-19,11.453493118286133,73.80540466308594,0.15518501890979594,3.355223283280094
2001-11-20,11.120882034301758,73.18702697753906,0.15195154788450052,2.9191021063606604
2001-11-21,11.178727149963379,72.70249938964844,0.1537598740595022,3.052777091794431
2001-11-23,11.836726188659668,73.74805450439453,0.16050221620360625,3.6834147591283593
2001-11-26,12.4874906539917,73.90744018554688,0.16896121178925252,4.399736751689457
2001-11-27,12.422411918640137,73.58866882324219,0.16880875978988563,4.210618716092831
2001-11-28,11.395646095275879,72.2562255859375,0.15771161589007354,3.0328653635575313
2001-11-29,11.496877670288086,73.23168182373047,0.1569932218402577,2.9018597459437543
2001-11-30,11.757184982299805,72.70886993408203,0.16170221037624277,3.279902595179005
2001-12-03,11.89456844329834,72.2753677368164,0.16457292180942243,3.4562995780920867
2001-12-04,12.075337409973145,73.49942016601562,0.16429160097723453,3.3426684541388956
2001-12-05,13.253948211669922,74.84456634521484,0.1770863117909869,4.341720238673154
2001-12-06,12.899641036987305,74.8062744140625,0.17244062931922136,3.815016463669108
2001-12-07,13.275641441345215,74.30905151367188,0.1786544326824394,4.19333083550994
2001-12-10,12.56702709197998,72.91924285888672,0.1723417111762897,3.5737186126087375
2001-12-11,12.595948219299316,72.77261352539062,0.17308637973960556,3.539996137823729
2001-12-12,12.820100784301758,72.85552215576172,0.17596608197924898,3.668172504718654
2001-12-13,12.77672004699707,71.44021606445312,0.17884492448161068,3.77453398441978
2001-12-14,12.299487113952637,72.12236022949219,0.17053639224806103,3.06798195258756
2001-12-17,12.097030639648438,72.86824035644531,0.1660123886685626,2.678830271094742
2001-12-18,12.183799743652344,73.3017807006836,0.16621423964314036,2.649907085202843
2001-12-19,11.865645408630371,73.81816101074219,0.16074154714994396,2.216180214785843
2001-12-20,12.08256721496582,73.09138488769531,0.16530767933225848,2.5084230193351775
2001-12-21,11.901799201965332,73.53475189208984,0.16185271447479532,2.2289401834736413
2001-12-24,11.807798385620117,73.39398956298828,0.1608823618381777,2.1312228623005716
2001-12-26,11.95241641998291,73.79702758789062,0.16196338539174693,2.1792511604698834
2001-12-27,12.212722778320312,74.24480438232422,0.16449262517321478,2.3242800981937886
2001-12-28,12.552567481994629,74.20640563964844,0.16915746523219014,2.607385661298094
2001-12-31,12.805642127990723,73.118896484375,0.17513451027980434,2.966340015592725
2002-01-02,13.326254844665527,73.9057388305664,0.18031420909297466,3.2516723810178907
2002-01-03,13.514256477355957,74.74375915527344,0.18080782436004195,3.2216656686404206
2002-01-04,14.150561332702637,75.24274444580078,0.18806545982510828,3.610300403365838
2002-01-07,13.969791412353516,74.71179962158203,0.1869823974674819,3.4546267449662156
2002-01-08,13.73117446899414,74.53905487060547,0.18421449658612507,3.205086682981999
2002-01-09,14.020407676696777,73.93130493164062,0.18964101458320692,3.45168053353683
2002-01-10,13.478097915649414,74.25759887695312,0.1815046287449045,2.892363164720872
2002-01-11,13.36963939666748,73.52833557128906,0.18182975709690868,2.8529841509926652
2002-01-14,13.760101318359375,73.0677261352539,0.18831982389719346,3.162793876761957
2002-01-15,13.413020133972168,73.66265869140625,0.1820871031843028,2.743157019906231
2002-01-16,13.01533317565918,72.17215728759766,0.18033731656093624,2.596781510978417
2002-01-17,13.253948211669922,72.71586608886719,0.18227037542909916,2.6584672908335625
2002-01-18,13.087642669677734,72.38323211669922,0.18081042096292826,2.5322639049300366
2002-01-22,13.225024223327637,71.88423919677734,0.18397668767315173,2.659549463906554
2002-01-23,13.55040454864502,72.43440246582031,0.1870713926996093,2.7741870640730184
2002-01-24,13.984251022338867,72.65829467773438,0.1924659955806015,2.9981942526256957
2002-01-25,14.309636116027832,72.63912200927734,0.1969962703321253,3.160554010459841
2002-01-28,14.548254013061523,72.83744049072266,0.19973593134309192,3.2207065861208335
2002-01-29,14.049328804016113,70.5472640991211,0.1991477484410504,3.115199698225239
2002-01-30,13.984251022338867,71.56439971923828,0.1954079273661476,2.8675062571903673
2002-01-31,13.875792503356934,72.4024429321289,0.19164812596674813,2.6337605627632783
2002-02-01,13.716712951660156,72.0633773803711,0.19034235488658027,2.527872125087211
2002-02-04,13.275641441345215,70.27215576171875,0.1889175207084968,2.420660021465013
2002-02-05,13.61548900604248,69.83719635009766,0.1949604181958751,2.6593037702635947
2002-02-06,13.666098594665527,69.53648376464844,0.19653134376077291,2.682278294542363
2002-02-07,13.449177742004395,69.10151672363281,0.19462926980016282,2.5499819421342664
2002-02-08,13.687793731689453,70.42570495605469,0.19435792286680798,2.4952067369946502
2002-02-11,13.868563652038574,71.289306640625,0.1945391855464536,2.4636414272907414
2002-02-12,13.81794548034668,71.06542205810547,0.19443978632883746,2.42065858478239
2002-02-13,13.955326080322266,71.82024383544922,0.19430908801000424,2.3782501637865923
2002-02-14,14.859175682067871,71.68595123291016,0.20728155833197903,2.8851761889179417
2002-02-15,14.497638702392578,70.93746948242188,0.20437208725051936,2.707911170431895
2002-02-19,14.403635025024414,69.57489776611328,0.20702344505692913,2.765829673158698
2002-02-20,14.569944381713867,70.74556732177734,0.20594851286504356,2.670848728785282
2002-02-21,14.533788681030273,69.28063201904297,0.20978141014988738,2.773595921466616
2002-02-22,14.931478500366211,70.13787841796875,0.2128875129553518,2.840815802143824
2002-02-25,15.1411714553833,71.29573059082031,0.21237136263153467,2.7652488091133747
2002-02-26,15.177321434020996,71.14860534667969,0.21331860772347916,2.748293498135689
2002-02-27,15.33639907836914,71.42369842529297,0.2147242360238535,2.748566961377589
2002-02-28,15.387018203735352,71.10381317138672,0.2164021522537321,2.7581176498169944
2002-03-01,15.763009071350098,72.76065063476562,0.21664194772632234,2.714676456410574
2002-03-04,15.857015609741211,74.04650115966797,0.2141494245021572,2.5761163632407524
2002-03-05,15.71962833404541,73.8097915649414,0.21297483708803763,2.4909202885323714
2002-03-06,15.893169403076172,74.6861801147461,0.21279933420959915,2.4444733789996578
2002-03-07,15.575014114379883,74.5262451171875,0.20898696948825507,2.2740792950878275
2002-03-08,15.553325653076172,74.83971405029297,0.2078218209468865,2.2016867017223594
2002-03-11,15.582245826721191,74.99964141845703,0.20776427102872094,2.169593734472909
2002-03-12,15.835323333740234,74.95489501953125,0.21126469898482242,2.2586198584158668
2002-03-13,15.842549324035645,74.23200225830078,0.21341939920883782,2.298809463420446
2002-03-14,16.095630645751953,74.12964630126953,0.21712811876017682,2.3881341188278724
2002-03-15,16.211322784423828,74.83595275878906,0.2166247931215107,2.335715727542169
2002-03-18,16.225784301757812,74.84880065917969,0.21678081891573814,2.306836487053962
2002-03-19,16.739166259765625,75.34923553466797,0.22215442719473885,2.446039136664603
2002-03-20,16.124549865722656,73.93138885498047,0.21810154138118032,2.2793670913808897
2002-03-21,16.19685935974121,73.96348571777344,0.21898453274017482,2.2746635026520745
2002-03-22,16.47162628173828,73.80308532714844,0.22318343750432884,2.3729754914828773
2002-03-25,16.088396072387695,72.88568878173828,0.22073463722851844,2.262011434284799
2002-03-26,16.334243774414062,73.30912017822266,0.22281325617745368,2.294507923747446
2002-03-27,16.768089294433594,73.50157928466797,0.2281323674623591,2.4229621133029204
2002-03-28,16.594547271728516,73.469482421875,0.22586993571616085,2.3178115315492036
2002-04-01,16.31254768371582,73.50157928466797,0.22193465558798584,2.166733861861184
2002-04-02,16.64516258239746,73.09738159179688,0.2277121590394342,2.3083023538665066
2002-04-03,16.739166259765625,72.58414459228516,0.23061739383706675,2.3600745874961166
2002-04-04,16.840396881103516,72.28264617919922,0.2329798059599771,2.3937802183692436
2002-04-05,17.013931274414062,72.29548645019531,0.2353387757634778,2.4254410783285776
2002-04-08,16.49332046508789,72.4494400024414,0.2276528357504502,2.17090012012584
2002-04-09,15.84978199005127,71.94264221191406,0.22031136892865558,1.9348404196385207
2002-04-10,15.538857460021973,72.7573471069336,0.21357097362530358,1.722243483558713
2002-04-11,15.256856918334961,70.9482650756836,0.21504200140848842,1.747185805292012
2002-04-12,15.726861953735352,71.48069763183594,0.22001550732950528,1.869905826654749
2002-04-15,16.363161087036133,70.93536376953125,0.23067705890957274,2.1473399593752425
2002-04-16,16.956087112426758,72.62264251708984,0.23348210041291992,2.198354049524767
2002-04-17,17.498394012451172,72.46869659423828,0.24146141485649963,2.388736634769694
2002-04-18,17.35378074645996,72.15435791015625,0.24050911475185188,2.328458152986168
2002-04-19,17.28870391845703,72.41734313964844,0.23873706447801837,2.2481748651994464
2002-04-22,17.107933044433594,71.21122741699219,0.24024207509097584,2.2588356625317054
2002-04-23,17.57069969177246,70.9033203125,0.24781208572928862,2.4283071368527636
2002-04-24,17.498394012451172,70.1911849975586,0.24929617605201856,2.4297398282509817
2002-04-25,16.883777618408203,70.22969055175781,0.24040797397455727,2.162393736703847
2002-04-26,16.63069725036621,68.89527893066406,0.24139095607847497,2.1598939455181094
2002-04-29,15.748550415039062,68.55525970458984,0.22972052739499257,1.831836708643085
2002-04-30,16.29808807373047,69.19683074951172,0.23553229096182957,1.9610045313292
2002-05-01,16.233013153076172,70.04364776611328,0.2317556790771484,1.841723564878659
2002-05-02,16.44270133972168,69.77420806884766,0.23565586475015704,1.9206728556829984
2002-05-03,16.2691650390625,69.01718139648438,0.23572630336206726,1.9012574069455495
2002-05-06,15.213480949401855,67.66352081298828,0.22484022064783787,1.6058295719570974
2002-05-07,15.69070816040039,67.42610931396484,0.23270967760185796,1.7879896161680124
2002-05-08,16.876548767089844,69.93460845947266,0.2413189855330335,1.983299865525862
2002-05-09,16.52224349975586,69.12625122070312,0.23901547108354534,1.9027372142192611
2002-05-10,15.705168724060059,67.82390594482422,0.23155801048728236,1.6974368057471254
2002-05-13,16.016094207763672,69.20323181152344,0.23143563947105628,1.677167519905585
2002-05-14,16.587316513061523,70.71086883544922,0.23457944706720765,1.7372405026958726
2002-05-15,16.86208724975586,70.43498992919922,0.23939929950590633,1.8366282992390348
2002-05-16,16.84762954711914,70.80070495605469,0.23795849995528012,1.7819012388047435
2002-05-17,17.55624008178711,71.14713287353516,0.2467596285713091,1.9746010881450407
2002-05-20,17.173009872436523,70.37724304199219,0.2440136772932389,1.8859629386820655
2002-05-21,16.56562614440918,69.73567199707031,0.23754881354129811,1.7112667871553535
2002-05-22,17.201936721801758,69.88966369628906,0.24612991123485875,1.8976642825025025
2002-05-23,17.144084930419922,70.63385772705078,0.24271766376784232,1.7959626524342027
2002-05-24,17.27423667907715,69.72929382324219,0.24773284988179953,1.8946431157860921
2002-05-28,17.41162109375,69.35076904296875,0.2510660131679579,1.9508286231739158
2002-05-29,17.107933044433594,68.83751678466797,0.24852629559473022,1.8694829936866362
2002-05-30,16.891010284423828,68.64506530761719,0.2460629938762622,1.7917849898671663
2002-05-31,16.65239906311035,68.7862319946289,0.24208913005164515,1.681252660791791
2002-06-03,16.334243774414062,66.95780944824219,0.2439482998176679,1.7069659414843872
2002-06-04,16.941625595092773,67.1246109008789,0.25239067113714836,1.8816573861232386
2002-06-05,17.064546585083008,67.75330352783203,0.2518629453702306,1.8485850771279213
2002-06-06,16.77532196044922,66.37401580810547,0.2527392949817668,1.8478491857998867
2002-06-07,16.580089569091797,66.29705047607422,0.25008789154315914,1.7682450491499822
2002-06-10,16.985008239746094,66.55366516113281,0.2552077064219342,1.8637817865264117
2002-06-11,16.927165985107422,65.4117431640625,0.2587787019014543,1.9225810851024443
2002-06-12,17.238086700439453,65.80944061279297,0.26193941993617964,1.9704594885143072
2002-06-13,17.10070037841797,65.14868927001953,0.2624872513941345,1.9595163173970764
2002-06-14,16.681318283081055,65.05247497558594,0.25642864916886743,1.80481068550987
2002-06-17,17.02116584777832,66.79743957519531,0.2548176390596114,1.7506226506264888
2002-06-18,17.1657772064209,67.34276580810547,0.2549015770355366,1.7344563000048545
2002-06-19,16.001630783081055,65.77098846435547,0.24329314727804532,1.4659510150309942
2002-06-20,16.16070556640625,64.93055725097656,0.24889214340083599,1.5735301555109134
2002-06-21,15.95101261138916,63.9152946472168,0.24956487644203873,1.5730087294842128
2002-06-24,16.370397567749023,64.25006866455078,0.2547919077443912,1.6698418651092233
2002-06-25,15.799168586730957,62.8079833984375,0.2515471398994797,1.5843736413408274
2002-06-26,15.177321434020996,62.91101837158203,0.24125060803143586,1.3502243399944946
2002-06-27,15.401474952697754,64.01182556152344,0.24060358875244064,1.3250343449646336
2002-06-28,15.828089714050293,63.709293365478516,0.2484423994981381,1.4806072976379925
2002-07-01,15.48824691772461,62.46672821044922,0.24794394330282515,1.4568472233439207
2002-07-02,15.213480949401855,61.14055633544922,0.24882797706211088,1.462806034822014
2002-07-03,15.59670639038086,61.488216400146484,0.2536535828081639,1.5518593657679673
2002-07-05,16.876548767089844,63.93457794189453,0.263965905623522,1.753738106998194
2002-07-08,16.71747589111328,63.136287689208984,0.2647839539347919,1.7529998992646412
2002-07-09,17.071781158447266,61.546199798583984,0.27738156400096764,1.9963628038693713
2002-07-10,16.883777618408203,59.30577087402344,0.28469029859290607,2.123474990885107
2002-07-11,16.65239906311035,59.78859329223633,0.27852133904064774,1.9713194403459426
2002-07-12,16.86208724975586,59.13197326660156,0.28516023258232387,2.0836344957555184
2002-07-15,16.77532196044922,59.447425842285156,0.28218752490569365,1.9990234868449308
2002-07-16,16.2691650390625,58.30147171020508,0.27905239030552204,1.9134609140243128
2002-07-17,16.52224349975586,58.4173583984375,0.28283106173794026,1.9687192509969182
2002-07-18,16.44270133972168,56.524593353271484,0.29089464185893205,2.1074553565990333
2002-07-19,15.806395530700684,54.53532409667969,0.2898377481479575,2.062117470397501
2002-07-22,15.184555053710938,52.91939926147461,0.28693740415842767,1.981815224285851
2002-07-23,15.69070816040039,51.470882415771484,0.3048463019082127,2.3105236168094723
2002-07-24,16.19685935974121,54.5417366027832,0.2969626632481428,2.1280591102068294
2002-07-25,15.1411714553833,54.078224182128906,0.27998647670806776,1.774156994196452
2002-07-26,14.569944381713867,55.10824966430664,0.2643877181813443,1.453522605039967
2002-07-29,15.227937698364258,57.792869567871094,0.2634916350793205,1.4244262831017047
2002-07-30,15.1411714553833,58.54613494873047,0.2586194881804341,1.3179716598544404
2002-07-31,14.642247200012207,58.687740325927734,0.24949413827649775,1.1287352178286596
2002-08-01,14.432555198669434,57.15553283691406,0.2525137022141123,1.179711858817112
2002-08-02,14.208410263061523,55.87439727783203,0.254291964751066,1.2058354391945847
2002-08-05,13.56486988067627,53.93015670776367,0.25152661717972535,1.1423938654744628
2002-08-06,14.013175010681152,55.74562454223633,0.251377128263473,1.1309813384738114
2002-08-07,14.172250747680664,56.717735290527344,0.24987335398858262,1.0926136231801766
2002-08-08,14.526557922363281,58.55253982543945,0.24809441171417632,1.0490142929247392
2002-08-09,14.251788139343262,58.771446228027344,0.24249510696142726,0.9297642378866415
2002-08-12,14.186711311340332,58.3400993347168,0.24317256009363974,0.9360030288960375
2002-08-13,14.51932430267334,57.27784729003906,0.253489350414158,1.134266212790648
2002-08-14,15.249628067016602,59.37014389038086,0.25685684870787967,1.1925837225961247
2002-08-15,15.11948299407959,60.194210052490234,0.25117836052496045,1.0704081923281705
2002-08-16,15.018250465393066,60.01395797729492,0.2502459589663278,1.0437842319255817
2002-08-19,15.220708847045898,61.417415618896484,0.24782398760463142,0.9873391358212191
2002-08-20,15.300250053405762,60.76718521118164,0.2517847420484172,1.0592143815734312
2002-08-21,15.900400161743164,61.642696380615234,0.2579445919037273,1.1747094206151678
2002-08-22,15.640091896057129,62.241485595703125,0.25128082574457145,1.031867603182093
2002-08-23,15.227937698364258,60.90236282348633,0.2500385369694026,0.9989921054765811
2002-08-26,15.343628883361816,61.3272590637207,0.25019264055840756,0.9944705679328855
2002-08-27,14.974860191345215,60.61913299560547,0.24703190975085051,0.9230061379049747
2002-08-28,14.714558601379395,59.29291915893555,0.24816721473835354,0.938823910883581
2002-08-29,14.895325660705566,59.31865310668945,0.25110694327322475,0.9912689540523779
2002-08-30,15.213480949401855,59.08687210083008,0.25747649872953976,1.1132440123697325
2002-09-03,15.068865776062012,56.833621978759766,0.26513998670881206,1.260644759940695
2002-09-04,15.047171592712402,57.644813537597656,0.2610325312770453,1.167510019825393
2002-09-05,14.931478500366211,57.15553283691406,0.26124292363735385,1.163162462653509
2002-09-06,14.931478500366211,57.940940856933594,0.2577016920942769,1.0822212547365586
2002-09-09,14.642247200012207,58.3658561706543,0.25087008331035443,0.934467968056937
2002-09-10,14.982093811035156,59.03538131713867,0.25378160480663614,0.9871632471859716
2002-09-11,15.162859916687012,58.66846466064453,0.25844991861289374,1.0758624844864682
2002-09-12,15.11948299407959,57.58687210083008,0.2625508634608,1.1524221488294373
2002-09-13,14.960403442382812,57.72848892211914,0.2591511352837544,1.0737388290188428
2002-09-16,14.454251289367676,57.87013244628906,0.24977048916871036,0.8715468392634443
2002-09-17,14.541017532348633,56.5439567565918,0.25716307040457453,1.0189912881688583
2002-09-18,14.606097221374512,55.97740173339844,0.26092845986204305,1.090615109264075
2002-09-19,14.461480140686035,54.528900146484375,0.2652076257147542,1.1726791103951277
2002-09-20,14.432555198669434,54.54697036743164,0.26458949234853707,1.1522981017661043
2002-09-23,13.528715133666992,54.100772857666016,0.2500650992409989,0.838464940802141
2002-09-24,13.391331672668457,53.22774887084961,0.25158553492767144,0.8643859418621814
2002-09-25,13.709487915039062,54.54697036743164,0.2513336271967285,0.8530093717271572
2002-09-26,13.702254295349121,55.43937683105469,0.24715743716068836,0.7573294106506773
2002-09-27,13.26840591430664,53.512264251708984,0.24795074736316913,0.7687170712965002
2002-09-30,12.661026000976562,52.89149475097656,0.23937735283502828,0.5760543585705099
2002-10-01,13.326254844665527,55.43295669555664,0.24040310384045824,0.5926247664989878
2002-10-02,12.986410140991211,53.770965576171875,0.2415134264716649,0.6113285632151649
2002-10-03,12.834561347961426,53.22774887084961,0.24112538328650462,0.5967822264887773
2002-10-04,12.769486427307129,52.25128173828125,0.2443860897282396,0.6642391842267666
2002-10-07,12.386258125305176,51.17134475708008,0.24205457535081507,0.6056287786035979
2002-10-08,12.646566390991211,51.973228454589844,0.24332847442873007,0.6289739190738005
2002-10-09,11.95241641998291,50.50526428222656,0.23665684339739443,0.4691985739553187
2002-10-10,11.872876167297363,52.14136505126953,0.2277055108860884,0.25421964943352554
2002-10-11,12.154874801635742,54.424110412597656,0.22333621458371564,0.14419331468557078
2002-10-14,12.111491203308105,54.72802734375,0.22130326619001098,0.0881014877161043
2002-10-15,13.073175430297852,57.360008239746094,0.22791446220956332,0.23843155428829077
2002-10-16,12.653797149658203,55.969669342041016,0.22608311427263408,0.18672568020074956
2002-10-17,13.31179428100586,57.081932067871094,0.23320504052276958,0.3530280528916677
2002-10-18,13.601019859313965,57.321189880371094,0.2372773469584144,0.44654219061883915
2002-10-21,13.521485328674316,58.31060028076172,0.23188726001051696,0.3061055051008248
2002-10-22,12.885178565979004,57.89031219482422,0.22257918600637683,0.06480529164857843
2002-10-23,13.36963939666748,58.33000946044922,0.2292068785919329,0.2245113659263716
2002-10-24,13.232257843017578,57.14012145996094,0.23157559880739226,0.27785968293695207
2002-10-25,13.427484512329102,58.33000946044922,0.23019856565313324,0.2349216637069908
2002-10-28,13.745637893676758,57.9484977722168,0.23720438703532803,0.4106002932293096
2002-10-29,13.781790733337402,57.27590560913086,0.24062108816556757,0.49416513676117896
2002-10-30,13.637175559997559,57.83208084106445,0.2358064133551684,0.35973985915788287
2002-10-31,13.62271499633789,57.24360656738281,0.23797792999471948,0.41133446878831736
2002-11-01,13.405791282653809,58.37527084350586,0.22964846396331842,0.17831708579729535
2002-11-04,14.143331527709961,58.93144989013672,0.23999632715768482,0.4545942211033279
2002-11-05,14.165020942687988,59.39704132080078,0.238480244599783,0.4061994613239841
2002-11-06,13.955326080322266,60.16655731201172,0.23194489935584545,0.21615863168456462
2002-11-07,14.280712127685547,58.69217300415039,0.2433154438953162,0.5308860183235122
2002-11-08,14.389169692993164,57.974334716796875,0.24819896189035864,0.6649433445857528
2002-11-11,14.063793182373047,57.075469970703125,0.24640696238843063,0.6078371162598225
2002-11-12,13.969791412353516,57.528133392333984,0.24283408114567967,0.4977675158117685
2002-11-13,14.078248977661133,57.58632278442383,0.24447209505568693,0.5400005035705642
2002-11-14,14.092711448669434,58.67276382446289,0.24019170957809302,0.4064482960071991
2002-11-15,14.295170783996582,59.10604476928711,0.2418563251829141,0.44996378789980496
2002-11-18,14.034867286682129,58.511085510253906,0.23986680753380582,0.3830839936253161
2002-11-19,14.121635437011719,58.43349075317383,0.24167023491138426,0.4317642571799502
2002-11-20,14.454251289367676,59.73332595825195,0.2419796831582734,0.4348987906683409
2002-11-21,14.613326072692871,60.845577239990234,0.24017071964087452,0.3717130666149564
2002-11-22,14.996560096740723,60.41229248046875,0.24823689817083336,0.6201316899938838
2002-11-25,14.996560096740723,60.45111846923828,0.2480774628573996,0.6090483428552268
2002-11-26,14.649481773376465,59.30002212524414,0.2470400726400429,0.5698145927225143
2002-11-27,15.401474952697754,60.96846389770508,0.2526137935595501,0.7443341111348473
2002-11-29,15.32917308807373,60.77445983886719,0.2522305114470181,0.7269990302341409
2002-12-02,15.415938377380371,60.87141799926758,0.2532541360801856,0.755505025277212
2002-12-03,15.31470775604248,60.056644439697266,0.25500438625770944,0.8083338237281025
2002-12-04,14.497638702392578,59.785037994384766,0.24249610251572057,0.3835318743915822
2002-12-05,14.707331657409668,59.12541580200195,0.24874804613064025,0.5884857102234525
2002-12-06,14.678401947021484,59.513431549072266,0.24664015441486167,0.5107579683218394
2002-12-09,14.244558334350586,57.87736129760742,0.24611623638307503,0.48666157162316376
2002-12-10,14.51932430267334,58.653350830078125,0.24754466875620787,0.5297540415318464
2002-12-11,14.418098449707031,58.70509719848633,0.24560215616300507,0.4560373062517226
2002-12-12,14.685638427734375,58.698638916015625,0.2501870349795704,0.6104808691146293
2002-12-13,14.663938522338867,57.77387237548828,0.2538160922818865,0.7324099501526912
2002-12-16,14.649481773376465,59.2677001953125,0.24717479715089563,0.4907931550252494
2002-12-17,14.700094223022461,58.75033950805664,0.25021292380798216,0.5941253942627134
2002-12-18,14.526557922363281,58.07134246826172,0.250150199821928,0.5864610413006011
2002-12-19,14.541017532348633,57.65745544433594,0.25219665731497504,0.6570839039113562
2002-12-20,14.671173095703125,58.48017883300781,0.2508742857575243,0.6029734862808485
2002-12-23,14.309636116027832,58.49968338012695,0.24461048828324064,0.36056993059367615
2002-12-24,13.883021354675293,58.064273834228516,0.23909747660516406,0.14064844225738907
2002-12-26,13.752867698669434,58.09028244018555,0.2367498851951787,0.038729334431602286
2002-12-27,13.253948211669922,56.78409194946289,0.2334095299695162,-0.10543333217953965
2002-12-30,13.29010009765625,57.25846481323242,0.2321071677525121,-0.1700713076133303
2002-12-31,13.26840591430664,57.33647537231445,0.23141300242381896,-0.20996131118820174
2003-01-02,13.579330444335938,59.1820182800293,0.22945027626606343,-0.3019651067037154
2003-01-03,14.208410263061523,59.36402130126953,0.23934379699371325,0.10103087514296709
2003-01-06,14.59886646270752,60.410274505615234,0.2416619785654265,0.19118750698857037
2003-01-07,14.063793182373047,60.26077651977539,0.23338220969917012,-0.16931811268121638
2003-01-08,13.846869468688965,59.38999557495117,0.2331515490890041,-0.18945723479843962
2003-01-09,13.846869468688965,60.31278610229492,0.22958431144606145,-0.3535383785666656
2003-01-10,13.572100639343262,60.4752311706543,0.22442412168784145,-0.592754771437119
2003-01-13,14.013175010681152,60.455745697021484,0.23179227795665994,-0.27986666957017114
2003-01-14,14.23732852935791,60.65067672729492,0.23474311083738683,-0.1578810135037971
2003-01-15,13.810713768005371,60.04633331298828,0.23000095103255963,-0.38518853578917517
2003-01-16,13.969791412353516,59.79937744140625,0.23361098409497089,-0.23323433720881212
2003-01-17,13.507024765014648,58.91560745239258,0.22926055334198417,-0.4494170870406972
2003-01-21,13.579330444335938,57.999305725097656,0.23412918955786471,-0.234223270573287
2003-01-22,13.304561614990234,57.2974739074707,0.23220153887544293,-0.33985879204295105
2003-01-23,13.745637893676758,57.64836883544922,0.23843932051073524,-0.04891204500600025
2003-01-24,12.877948760986328,56.134220123291016,0.2294135151909424,-0.5029755934475364
2003-01-27,12.653797149658203,55.3674201965332,0.22854229264686804,-0.5568652959565947
2003-01-28,13.18886947631836,55.77681350708008,0.2364579230515601,-0.17079365143550376
2003-01-29,12.726102828979492,56.19921875,0.22644625872098076,-0.6845445559892785
2003-01-30,12.552567481994629,54.867027282714844,0.22878162174368713,-0.5785278396365334
2003-01-31,12.747795104980469,55.926265716552734,0.22793932227818045,-0.6363037356338939
2003-02-03,13.065947532653809,56.03675079345703,0.233167472197182,-0.37964999496133994
2003-02-04,12.769486427307129,55.484375,0.23014562977968353,-0.5544109584991475
2003-02-05,12.870719909667969,55.13993835449219,0.2334191929436462,-0.3930261158118574
2003-02-06,12.581486701965332,54.8799934387207,0.22925452270714805,-0.6306614417154708
2003-02-07,12.270566940307617,54.210655212402344,0.22634972575465848,-0.8045919581822075
2003-02-10,12.285029411315918,54.59408187866211,0.22502492923353795,-0.8945471147911269
2003-02-11,11.988568305969238,54.217166900634766,0.22112126087187484,-1.1299987674694598
2003-02-12,12.234413146972656,53.35284423828125,0.22931135765381241,-0.6860109120507688
2003-02-13,12.003031730651855,53.51531219482422,0.22429153897027512,-0.9913080281435624
2003-02-14,12.299487113952637,54.68506622314453,0.2249149166934187,-0.9651228210013356
2003-02-18,12.7333345413208,55.64684295654297,0.22882402423556739,-0.7499671441232028
2003-02-19,12.661026000976562,55.35441207885742,0.22872659153058608,-0.766136808239913
2003-02-20,12.870719909667969,54.80204772949219,0.2348583756066743,-0.41492833146971736
2003-02-21,12.935796737670898,55.35441207885742,0.23369043680280938,-0.49339187094187115
2003-02-24,12.964716911315918,54.45759582519531,0.2380699462556456,-0.23854867136600236
2003-02-25,12.726102828979492,54.89302444458008,0.23183460845426268,-0.6223191097005097
2003-02-26,12.46579647064209,54.09368896484375,0.2304482594770674,-0.7140549816614924
2003-02-27,12.538104057312012,54.808509826660156,0.22876199511655362,-0.823625623541259
2003-02-28,12.285029411315918,55.17243576049805,0.22266606942359543,-1.2004595406687524
2003-03-03,12.552567481994629,54.64606475830078,0.2297067050942197,-0.7750850537015225
2003-03-04,12.147643089294434,53.77524185180664,0.22589657751369685,-1.0163374705856794
2003-03-05,11.836726188659668,54.230159759521484,0.21826832598591836,-1.491928370595693
2003-03-06,11.569186210632324,53.77524185180664,0.21513964070146985,-1.687844748199589
2003-03-07,11.5619535446167,54.14567565917969,0.21353420017128408,-1.7923051375345818
2003-03-10,11.157033920288086,52.84600830078125,0.21112349407331008,-1.9460410685859193
2003-03-11,10.896727561950684,52.32609176635742,0.20824653999778814,-2.1256198566482816
2003-03-12,10.896727561950684,52.67702865600586,0.20685919156733448,-2.2058426821805224
2003-03-13,11.460724830627441,54.49662780761719,0.21030154142905583,-1.9885224321629067
2003-03-14,11.229340553283691,54.67208480834961,0.20539440909648152,-2.2770724282007113
2003-03-17,11.1281099319458,56.39417266845703,0.1973273018361007,-2.7414013137503486
2003-03-18,11.258261680603027,56.725589752197266,0.1984688344322932,-2.642616258671744
2003-03-19,11.272725105285645,57.1609992980957,0.19721007756526732,-2.681300017936122
2003-03-20,11.930724143981934,57.284446716308594,0.2082716134637173,-2.0100544517163863
2003-03-21,12.25610637664795,58.5071907043457,0.20948034299889243,-1.928715631373246
2003-03-24,11.60533618927002,56.562843322753906,0.2051759690199567,-2.164523628590388
2003-03-25,11.53303337097168,57.1043701171875,0.20196411145598858,-2.3308297320077442
2003-03-26,11.598108291625977,56.81730270385742,0.20412986431400168,-2.1843271269963114
2003-03-27,11.402878761291504,56.862972259521484,0.20053258400297808,-2.362759841887977
2003-03-28,11.41010856628418,56.57590866088867,0.20167786671665194,-2.2714743776666633
2003-03-31,10.860573768615723,55.2905158996582,0.19642742687237,-2.5376368313671684
2003-04-01,11.034110069274902,56.13871765136719,0.1965508036325119,-2.4951100688451437
2003-04-02,11.294416427612305,57.495845794677734,0.1964388256491707,-2.465066118059074
2003-04-03,11.0991849899292,57.2218132019043,0.19396772609714905,-2.559407433014594
2003-04-04,11.3450345993042,57.56111145019531,0.19709547493919533,-2.3551223388531515
2003-04-07,11.757184982299805,57.450157165527344,0.20465017960568158,-1.9316631909099442
2003-04-08,11.670413970947266,57.54153060913086,0.20281723213486036,-2.014150227975985
2003-04-09,11.424570083618164,56.78466796875,0.20119110478739413,-2.088199958098516
2003-04-10,11.865645408630371,57.09786605834961,0.20781241450432839,-1.7327694956621507
2003-04-11,12.039182662963867,56.862972259521484,0.2117227113633328,-1.5214566478119358
2003-04-14,12.422411918640137,58.037418365478516,0.2140414282456982,-1.3913888641569891
2003-04-15,12.668258666992188,58.57896423339844,0.21625951965482956,-1.2677984886338503
2003-04-16,12.870719909667969,57.580665588378906,0.2235250283780251,-0.882987942311863
2003-04-17,13.01533317565918,58.43540573120117,0.2227302610942553,-0.9192212111652357
2003-04-21,13.116562843322754,58.49414825439453,0.22423717986760047,-0.8365625733821831
2003-04-22,12.726102828979492,59.5968132019043,0.21353663300528383,-1.3823880624155909
2003-04-23,12.545334815979004,60.144901275634766,0.20858517596505277,-1.6228051812024686
2003-04-24,12.111491203308105,59.609867095947266,0.20317930224225475,-1.8795548785295844
2003-04-25,11.612565994262695,58.872581481933594,0.19724913876634198,-2.1542610222899334
2003-04-28,12.010259628295898,59.89042663574219,0.20053721943480463,-1.9638866281280327
2003-04-29,12.43687629699707,60.09923553466797,0.20693900989510783,-1.6290771287639605
2003-04-30,12.4874906539917,59.968753814697266,0.20823328583044926,-1.5513928115099547
2003-05-01,12.501953125,59.96221923828125,0.2084971717827693,-1.526899268566452
2003-05-02,12.624870300292969,60.81696319580078,0.20758797606593873,-1.558978358242614
2003-05-05,12.617639541625977,60.699520111083984,0.2078704991165481,-1.5323957149447638
2003-05-06,12.92133617401123,61.27366256713867,0.21087912216530366,-1.3777842918193093
2003-05-07,13.123793601989746,60.93440628051758,0.21537575243735144,-1.15103482047172
2003-05-08,13.051485061645508,60.32106018066406,0.21636697071563019,-1.0950921362004458
2003-05-09,13.304561614990234,61.15622329711914,0.2175504126595889,-1.0309764529117875
2003-05-12,13.680561065673828,61.90657043457031,0.22098722267506246,-0.8604834907792338
2003-05-13,13.073175430297852,61.79567337036133,0.21155486650248329,-1.3112539839159965
2003-05-14,12.870719909667969,61.665157318115234,0.2087194855154771,-1.4378844246855487
2003-05-15,13.26117992401123,62.05665969848633,0.213694710421784,-1.1893318052782649
2003-05-16,12.914102554321289,61.90007781982422,0.20862821193716494,-1.4219117017111076
2003-05-19,12.509182929992676,60.451568603515625,0.20692900480443763,-1.489661965479261
2003-05-20,12.740565299987793,60.32758331298828,0.2111897178756173,-1.275974520336662
2003-05-21,12.610410690307617,60.451568603515625,0.20860353141563054,-1.3882592119599038
2003-05-22,12.762253761291504,61.05185317993164,0.20903958023483202,-1.356000486674357
2003-05-23,12.906871795654297,61.175804138183594,0.21098001043844591,-1.254499357290089
2003-05-27,13.15272045135498,62.24586868286133,0.21130270537900658,-1.2293099619833394
2003-05-28,13.253948211669922,62.422027587890625,0.21232806308651664,-1.17162138737175
2003-05-29,13.26117992401123,62.25889587402344,0.21300056382053914,-1.1311821917551963
2003-05-30,13.376869201660156,63.25721740722656,0.21146787275742499,-1.1935138336401439
2003-06-02,13.673333168029785,63.51816940307617,0.21526648668447912,-1.0091954521602449
2003-06-03,13.463640213012695,63.779170989990234,0.21109776129146826,-1.1942633762052208
2003-06-04,13.738405227661133,64.69918060302734,0.21234280093832128,-1.1273101473470166
2003-06-05,13.789023399353027,65.01888275146484,0.21207721227788043,-1.130542896810966
2003-06-06,13.825175285339355,64.764404296875,0.2134687323296579,-1.057660986771535
2003-06-09,13.73117446899414,64.10543823242188,0.21419671790106384,-1.0160891719575076
2003-06-10,14.085481643676758,64.75785064697266,0.2175100239268864,-0.8560479924891413
2003-06-11,14.165020942687988,65.44295501708984,0.2164483700191857,-0.8979144416133177
2003-06-12,14.230096817016602,65.64527130126953,0.21677261034857512,-0.8758317767298752
2003-06-13,14.114404678344727,64.9601821899414,0.2172777877542689,-0.8455191974385323
2003-06-16,14.432555198669434,66.33037567138672,0.21758591071715097,-0.8245023021418022
2003-06-17,14.497638702392578,66.33037567138672,0.21856711281444618,-0.7726033724737349
2003-06-18,14.700094223022461,66.2716064453125,0.22181587276223666,-0.6161489076516766
2003-06-19,14.895325660705566,65.26028442382812,0.2282448780634937,-0.31446855270384905
2003-06-20,14.736248970031738,65.11625671386719,0.2263067583074612,-0.4006329828343339
2003-06-23,14.316865921020508,64.44829559326172,0.2221449890835807,-0.5893389248252316
2003-06-24,14.266254425048828,64.51376342773438,0.2211350519184839,-0.6307130902543199
2003-06-25,14.42533016204834,63.86549758911133,0.22587047320692558,-0.4057569597045995
2003-06-26,14.808557510375977,64.6971435546875,0.22889043776497692,-0.2626858913703827
2003-06-27,14.59886646270752,63.950626373291016,0.2282834006580542,-0.28870795929933524
2003-06-30,14.454251289367676,63.93098831176758,0.22609147255599563,-0.3869838279393698
2003-07-01,14.606097221374512,64.52033233642578,0.22637975801510948,-0.3697379704158955
2003-07-02,15.011019706726074,65.33232116699219,0.2297640652986639,-0.20841717870313825
2003-07-03,15.11948299407959,64.6578598022461,0.23383828416718438,-0.014443980592452763
2003-07-07,15.36531925201416,65.94132232666016,0.23301503078596808,-0.04740283444824278
2003-07-08,15.900400161743164,66.23597717285156,0.24005685188653536,0.28915307565013176
2003-07-09,15.835323333740234,65.86272430419922,0.2404292185151931,0.31623646571656244
2003-07-10,15.379788398742676,65.02452850341797,0.23652287456316193,0.14121750906844327
2003-07-11,15.625628471374512,65.64007568359375,0.2380501288069054,0.22452594351359728
2003-07-14,16.2691650390625,65.96098327636719,0.24664830981819966,0.6573783295127228
2003-07-15,15.770248413085938,65.8168716430664,0.23960799137658925,0.32330746050867526
2003-07-16,15.907626152038574,65.43052673339844,0.24312239173704628,0.5102358382483243
2003-07-17,15.401474952697754,64.50070190429688,0.23877995894602422,0.3047102201750196
2003-07-18,15.473785400390625,65.16206359863281,0.23746616583080843,0.25310493291285024
2003-07-21,15.047171592712402,64.35665130615234,0.23380911354649567,0.07667275604668951
2003-07-22,15.509943008422852,64.9394302368164,0.23883706635340526,0.3575621363396877
2003-07-23,15.278554916381836,64.98528289794922,0.23510792344129336,0.1780672179558787
2003-07-24,15.56778621673584,64.49414825439453,0.241382926018797,0.5512446088061114
2003-07-25,15.871478080749512,65.63350677490234,0.24181974818414884,0.593188771640232
2003-07-28,15.907626152038574,65.39127349853516,0.24326833384572216,0.6856829522384977
2003-07-29,16.124549865722656,65.09004974365234,0.2477268020108579,0.9524302328353215
2003-07-30,16.001630783081055,64.93289947509766,0.24643333213878463,0.8830213222589105
2003-07-31,15.69070816040039,65.08348083496094,0.24108587861471298,0.573459584365572
2003-08-01,16.001630783081055,64.50724792480469,0.24805942429498715,0.9837190629400068
2003-08-04,15.871478080749512,64.50724792480469,0.2460417796656075,0.8692860756180708
2003-08-05,15.748550415039062,63.13861083984375,0.2494282057453964,1.069194014417055
2003-08-06,15.531628608703613,63.505313873291016,0.2445721099763887,0.7867428253272009
2003-08-07,15.625628471374512,64.17325592041016,0.2434912838263021,0.7256301244906488
2003-08-08,15.430403709411621,64.35665130615234,0.23976393109715002,0.508718901298242
2003-08-11,15.481011390686035,64.59893035888672,0.23964810724697008,0.5027486347030756
2003-08-12,15.220708847045898,65.1882553100586,0.23348851376142493,0.1415661363368238
2003-08-13,15.531628608703613,64.85429382324219,0.23948496997029145,0.5006585759093815
2003-08-14,16.088396072387695,65.03112030029297,0.2473953393098045,0.9744077340850816
2003-08-15,16.19685935974121,65.23410034179688,0.24828823077005843,1.0289382714940238
2003-08-18,16.2691650390625,65.7972412109375,0.2472621152444013,0.9693386644270897
2003-08-19,16.413782119750977,66.04608917236328,0.24852012171250948,1.0438741851505697
2003-08-20,16.478858947753906,65.77763366699219,0.25052374232828545,1.1638247874540741
2003-08-21,17.10070037841797,65.98715209960938,0.25915196874391555,1.676399688148068
2003-08-22,16.883777618408203,65.33232116699219,0.2584291713017903,1.6277910770914985
2003-08-25,16.840396881103516,65.43711853027344,0.2573523599348675,1.558524096272885
2003-08-26,16.8259334564209,65.55497741699219,0.2566690451190596,1.5134718087574652
2003-08-27,16.797012329101562,65.57460021972656,0.25615119684783955,1.476886855621648
2003-08-28,16.666854858398438,65.98059844970703,0.2526023596330755,1.2651489219864982
2003-08-29,16.912704467773438,66.42587280273438,0.2546101956085587,1.3811004656621335
2003-09-02,17.173009872436523,67.31645965576172,0.2551086310874737,1.412130740097341
2003-09-03,17.03562355041504,67.68317413330078,0.2516965814408126,1.2206207670229936
2003-09-04,17.129629135131836,67.71589660644531,0.25296318875738566,1.3012631534612455
2003-09-05,17.02116584777832,67.33610534667969,0.2527791852549967,1.2963445193900949
2003-09-08,17.238086700439453,67.89271545410156,0.25390185950204264,1.365888312491012
2003-09-09,16.84762954711914,67.44742584228516,0.24978906662078676,1.1213347554291648
2003-09-10,16.666854858398438,66.76639556884766,0.2496293938948979,1.1141562823945093
2003-09-11,16.99224281311035,66.96283721923828,0.2537563149762794,1.3639122647709798
2003-09-12,16.64516258239746,67.0872573852539,0.2481121338261198,1.0350531887023577
2003-09-15,16.529476165771484,66.85150909423828,0.24725658986202462,0.9902668432562696
2003-09-16,17.057323455810547,67.82720947265625,0.25148201714957785,1.2441620746169535
2003-09-17,16.999473571777344,67.6962890625,0.2511138174218491,1.2259131233549079
2003-09-18,16.985008239746094,68.4951400756836,0.24797391787181597,1.0439606465087816
2003-09-19,16.594547271728516,68.1467514038086,0.24351193461000517,0.7842938796518667
2003-09-22,15.914859771728516,67.4105224609375,0.2360886578345499,0.3400922666352666
2003-09-23,16.16070556640625,67.6668930053711,0.2388273622245887,0.5129652029116656
2003-09-24,15.84978199005127,66.46394348144531,0.23847188655719836,0.49564608508346303
2003-09-25,15.755781173706055,65.91837310791016,0.23901956967162122,0.5341176714846742
2003-09-26,15.575014114379883,65.70140075683594,0.23705756551559323,0.4153811743259673
2003-09-29,15.669015884399414,66.34563446044922,0.23617252305786934,0.36394150462095104
2003-09-30,15.43763542175293,65.70140075683594,0.23496661020802836,0.28989659136614015
2003-10-01,16.117321014404297,67.1015625,0.2401929316385784,0.616349199610394
2003-10-02,16.413782119750977,67.34478759765625,0.24372758019244556,0.8361906597306922
2003-10-03,16.78255271911621,67.96270751953125,0.24693767113814896,1.033864607718232
2003-10-06,16.753623962402344,68.27166748046875,0.2453964372145333,0.9373085831323408
2003-10-07,16.572856903076172,68.5345687866211,0.2418174827170055,0.714307504277225
2003-10-08,16.30531883239746,68.36370849609375,0.23850840147633498,0.5096253378326714
2003-10-09,16.746397018432617,68.54772186279297,0.24430275089160033,0.8681757366910221
2003-10-10,17.3176326751709,68.73834991455078,0.2519355308455701,1.3331006800311618
2003-10-13,17.635772705078125,68.95531463623047,0.2557565402770557,1.5554004871665048
2003-10-14,17.310394287109375,69.19850158691406,0.2501556231729575,1.199426763256143
2003-10-15,16.86208724975586,69.01445007324219,0.24432690881200708,0.834788848026174
2003-10-16,17.107933044433594,69.29052734375,0.2469014698006441,0.9865217842329692
2003-10-17,16.84762954711914,68.5345687866211,0.24582673890563725,0.9158591206021809
2003-10-20,17.136859893798828,69.04731750488281,0.24819008924694233,1.0562353219728688
2003-10-21,17.303165435791016,68.92899322509766,0.25102884325156194,1.2218471532690576
2003-10-22,17.02839469909668,68.06131744384766,0.25019196422616335,1.1615073728663208
2003-10-23,16.558399200439453,67.9364013671875,0.2437338285103363,0.7634889864575468
2003-10-24,16.290857315063477,68.08757781982422,0.23926328174241893,0.48922085805484017
2003-10-27,16.84762954711914,68.1204605102539,0.24732113407517456,0.9735886938733787
2003-10-28,17.10070037841797,69.04731750488281,0.24766639742678867,0.9903453971393207
2003-10-29,17.346546173095703,69.13932037353516,0.2508926335893741,1.1809390280809706
2003-10-30,17.563467025756836,69.283935546875,0.25349984649578733,1.3298994333669052
2003-10-31,17.491165161132812,69.2182388305664,0.25269590004952286,1.2741411826524727
2003-11-03,17.58516502380371,69.67178344726562,0.25240009877332725,1.2470637261905204
2003-11-04,17.549009323120117,69.52056121826172,0.25242905142874955,1.2426192898722486
2003-11-05,17.982858657836914,69.57317352294922,0.25847403168845157,1.5916514957536803
2003-11-06,17.5345458984375,69.94132995605469,0.2507036384560424,1.1220807295122266
2003-11-07,17.90331268310547,69.42202758789062,0.25789095054072386,1.5392851751355043
2003-11-10,17.75870132446289,69.13932037353516,0.25685386012646555,1.4722823323108554
2003-11-11,17.62854766845703,69.11959838867188,0.25504412756174527,1.3604756746155076
2003-11-12,18.033472061157227,69.89527130126953,0.25800704003891145,1.525386987471336
2003-11-13,18.26485252380371,69.91498565673828,0.26124374270029443,1.7030734610189426
2003-11-14,18.062393188476562,69.32341003417969,0.26055257783151403,1.6497353962720929
2003-11-17,17.44777488708496,68.97501373291016,0.25295790378016375,1.2036240319604967
2003-11-18,17.5345458984375,68.25849151611328,0.25688446241590684,1.4218903680589614
2003-11-19,17.173009872436523,68.83699035644531,0.24947357203609336,0.9911283318650029
2003-11-20,16.818702697753906,68.21905517578125,0.24653966042796777,0.8204384731526778
2003-11-21,16.840396881103516,68.50170135498047,0.2458391039637897,0.7781823985476678
2003-11-24,16.68854522705078,69.40887451171875,0.24043820540892283,0.46981379765812803
2003-11-25,16.8259334564209,69.67178344726562,0.24150283836434874,0.5332250772657566
2003-11-26,16.919931411743164,69.92156982421875,0.2419844327620145,0.5626167458000516
2003-11-28,17.115161895751953,69.97417449951172,0.2445925517259426,0.7162311653917766
2003-12-01,17.946699142456055,70.7301254272461,0.2537348694640201,1.2439384271400176
2003-12-02,17.802085876464844,70.55264282226562,0.25232344479726143,1.1628796368454382
2003-12-03,17.72254753112793,70.44088745117188,0.2515946089323878,1.1226061553765283
2003-12-04,17.83100700378418,70.7301254272461,0.25209918540474496,1.1473819548855824
2003-12-05,17.201936721801758,70.23709869384766,0.24491240443718018,0.7337678749516394
2003-12-08,17.404390335083008,70.71041107177734,0.24613617812822508,0.8046860462827611
2003-12-09,17.079008102416992,70.16475677490234,0.2434129167896736,0.6481973599474371
2003-12-10,17.35378074645996,70.15821838378906,0.24735207287518252,0.8760577980137316
2003-12-11,17.88162612915039,70.947021484375,0.25204195687184056,1.1441544968754631
2003-12-12,17.95393180847168,71.08506774902344,0.252569665852479,1.173370278690402
2003-12-15,17.982858657836914,70.7301254272461,0.25424610163224315,1.2698612811803693
2003-12-16,17.888853073120117,71.09822845458984,0.25160757816273377,1.115471693494644
2003-12-17,17.57069969177246,71.32170104980469,0.24635839349236296,0.8144314452326818
2003-12-18,17.946699142456055,72.12367248535156,0.24883229769117843,0.9577467678801879
2003-12-19,17.823772430419922,71.92289733886719,0.24781777556099568,0.9011333272601462
2003-12-22,17.796127319335938,72.42486572265625,0.24571847171224895,0.7819028621509052
2003-12-23,17.679719924926758,72.47110748291016,0.24395542636209772,0.6801626578921968
2003-12-24,17.64333724975586,72.39844512939453,0.2436977371298887,0.663828230591996
2003-12-26,17.58513641357422,72.45125579833984,0.24271679241172195,0.6053934786112249
2003-12-29,17.781570434570312,73.41551208496094,0.24220454137801814,0.5734111604142892
2003-12-30,18.14535903930664,73.42872619628906,0.24711526372935597,0.8522510730299745
2003-12-31,18.279680252075195,73.49476623535156,0.24872084351609958,0.9391983778227411
2004-01-02,18.761493682861328,73.46177673339844,0.2553912322451583,1.3126789791177034
2004-01-05,18.870996475219727,74.26087951660156,0.2541175999807675,1.2328843277050758
2004-01-06,18.578990936279297,74.33352661132812,0.24994093221789823,0.990700260412979
2004-01-07,18.651988983154297,74.58450317382812,0.2500786113662727,0.9928206623031717
2004-01-08,18.790693283081055,74.88172149658203,0.25093831855800425,1.0355764761496005
2004-01-09,19.053497314453125,74.22786712646484,0.2566892738813437,1.3516972330232737
2004-01-12,19.528013229370117,74.77605438232422,0.2611532982139561,1.5890803720651656
2004-01-13,19.12650489807129,74.34014129638672,0.25728367695476695,1.3600228926882398
2004-01-14,19.34550666809082,74.96095275878906,0.258074450178631,1.3938421182478027
2004-01-15,19.192203521728516,75.1458969116211,0.25539922085566985,1.23471393472588
2004-01-16,19.287109375,75.44309997558594,0.2556510718838632,1.2400597885640383
2004-01-20,19.549917221069336,75.42327880859375,0.2592026961686769,1.4254139729129844
2004-01-21,19.91492462158203,76.01766967773438,0.2619775731880285,1.5653709541212224
2004-01-22,20.27263069152832,75.8195571899414,0.26737996689616367,1.8430189529723753
2004-01-23,19.856521606445312,75.5751724243164,0.26273868744831935,1.575809376971926
2004-01-26,20.29453468322754,76.5262451171875,0.2651970530129861,1.692503818074964
2004-01-27,19.557214736938477,75.74027252197266,0.2582142113532114,1.3033687503402196
2004-01-28,19.528013229370117,74.87509155273438,0.26080787114118686,1.4324239454392054
2004-01-29,19.491514205932617,74.9477767944336,0.2600679438349966,1.38061464636888
2004-01-30,19.40390968322754,74.9477767944336,0.25889906963415993,1.3072643219276032
2004-02-02,19.513410568237305,75.2713851928711,0.2592407528868674,1.3146395861338207
2004-02-03,19.221406936645508,75.1458969116211,0.25578784373618907,1.123056539979433
2004-02-04,18.9877986907959,74.53167724609375,0.254761457039276,1.0610423914958906
2004-02-05,19.272510528564453,74.74964904785156,0.2578274383098041,1.214910353418711
2004-02-06,19.812719345092773,75.58840942382812,0.2621131929632469,1.4290068049755469
2004-02-09,20.031728744506836,75.60823059082031,0.26494111273302184,1.562841816162509
2004-02-10,20.221538543701172,75.85257720947266,0.2665899998078886,1.6327948007651507
2004-02-11,20.696044921875,76.6583480834961,0.2699777054852906,1.7898468197060005
2004-02-12,20.469738006591797,76.38091278076172,0.2679954619728971,1.66994883245207
2004-02-13,20.557344436645508,76.0374755859375,0.2703580606567036,1.7724598891276013
2004-02-17,20.77634620666504,76.72437286376953,0.2707919977860902,1.7752162661728215
2004-02-18,20.40403938293457,76.38749694824219,0.26711229190766284,1.5722420248619295
2004-02-19,20.352935791015625,76.10355377197266,0.26743739000676187,1.5735543597133694
2004-02-20,20.002521514892578,75.87237548828125,0.2636337848415203,1.3702974454614887
2004-02-23,19.863821029663086,75.68087768554688,0.2624681641800855,1.301446974872886
2004-02-24,19.61561393737793,75.54874420166016,0.25964182654073664,1.1521962116975608
2004-02-25,19.754318237304688,75.86579132080078,0.26038505488953456,1.1805700238281416
2004-02-26,19.688621520996094,75.91202545166016,0.2593610354071446,1.121096762606196
2004-02-27,20.163129806518555,75.96482849121094,0.26542717474642114,1.4108848891486545
2004-03-01,20.382139205932617,76.71776580810547,0.265676913179596,1.4105977786280173
2004-03-02,20.54273796081543,76.26864624023438,0.2693470904952082,1.576986046096295
2004-03-03,20.40403938293457,76.40734100341797,0.2670429191093278,1.450229501242647
2004-03-04,20.805545806884766,76.60548400878906,0.2715934254066943,1.6569863443346158
2004-03-05,20.907751083374023,76.863037109375,0.2720130750704346,1.6612978593355139
2004-03-08,20.40403938293457,75.92520141601562,0.268738692850284,1.488598037369914
2004-03-09,20.250734329223633,75.62139892578125,0.26779105672322656,1.4306219195534422
2004-03-10,19.637516021728516,74.35338592529297,0.26411058188337827,1.2423430462451206
2004-03-11,19.62291717529297,73.38908386230469,0.2673819612206934,1.3912242221834208
2004-03-12,19.2506046295166,74.35338592529297,0.2589068996650505,0.9706756314835276
2004-03-15,19.031604766845703,73.4419174194336,0.25913817933366917,0.9749831110503241
2004-03-16,19.309009552001953,73.83158874511719,0.2615277536375505,1.0862693734119293
2004-03-17,19.995223999023438,74.65715026855469,0.2678273136209614,1.3894190120914915
2004-03-18,19.871122360229492,74.67698669433594,0.266094324903132,1.2972799732798523
2004-03-19,19.82002067565918,73.60661315917969,0.26926956458106466,1.4445923048997062
2004-03-22,19.3966121673584,72.67210388183594,0.2669058845316641,1.3170617678407983
2004-03-23,19.82002067565918,72.54618835449219,0.27320554153458687,1.6196162977889832
2004-03-24,19.67401885986328,72.60582733154297,0.2709702455427579,1.4988490875280198
2004-03-25,19.958724975585938,73.56685638427734,0.27130050074902345,1.5055673300765373
2004-03-26,19.82002067565918,73.58672332763672,0.2693423457301222,1.3998231319574044
2004-03-29,20.301830291748047,74.62063598632812,0.2720672374792908,1.5285523171889643
2004-03-30,20.228830337524414,74.87251281738281,0.27017699254816485,1.4274302993721977
2004-03-31,20.57924461364746,74.95866394042969,0.2745412408898052,1.6431376062212388
2004-04-01,20.863950729370117,75.40933990478516,0.2766759496332122,1.745173091558451
2004-04-02,20.951553344726562,75.97928619384766,0.275753490119299,1.69283391098571
2004-04-05,21.163251876831055,76.39683532714844,0.27701738934872433,1.7513292292276235
2004-04-06,21.309263229370117,76.15166473388672,0.2798266236704831,1.8843863026614462
2004-04-07,21.389554977416992,75.97264099121094,0.28154286462006095,1.9605780002679634
2004-04-08,21.666969299316406,75.80034637451172,0.28584261597255767,2.1692875864368295
2004-04-12,21.937076568603516,76.09858703613281,0.28827179876792514,2.2727440611808194
2004-04-13,21.404159545898438,75.03153991699219,0.28526882920939617,2.094773687726416
2004-04-14,21.280061721801758,75.15086364746094,0.28316456643303967,1.9659685876440582
2004-04-15,21.221654891967773,74.86583709716797,0.283462467192136,1.961304020952921
2004-04-16,20.8785457611084,75.44245147705078,0.2767479761372753,1.5990308435748128
2004-04-19,21.09025001525879,75.44245147705078,0.2795541449454932,1.726687702378874
2004-04-20,21.163251876831055,74.17658233642578,0.2853090720848492,1.999056612006275
2004-04-21,21.506366729736328,74.67365264892578,0.28800475089717886,2.1145959959968748
2004-04-22,21.426063537597656,75.7208023071289,0.28296139085653155,1.8437650050079084
2004-04-23,21.637767791748047,75.79373168945312,0.28548228606032594,1.9601076554263654
2004-04-26,21.024545669555664,75.68767547607422,0.27778030620324407,1.5629273389040015
2004-04-27,20.988052368164062,75.75397491455078,0.27705546001827935,1.5208099474404397
2004-04-28,20.031728744506836,74.77307891845703,0.26790027954248374,1.0401046335426132
2004-04-29,19.002403259277344,74.11697387695312,0.2563839599121328,0.4316932880113383
2004-04-30,18.870996475219727,73.54032897949219,0.25660745249701267,0.43708965529762417
2004-05-03,19.104602813720703,74.32904815673828,0.25702741105246857,0.4530834545599896
2004-05-04,19.214099884033203,74.26934051513672,0.25870836809325387,0.5372792822722936
2004-05-05,19.214099884033203,74.7465591430664,0.2570566472131116,0.4415091210298836
2004-05-06,18.432985305786133,74.10366821289062,0.2487459224397699,-0.01939554391539813
2004-05-07,18.177478790283203,72.8775863647461,0.24942481902880914,0.010768080240153131
2004-05-10,17.031347274780273,72.12864685058594,0.23612459152409454,-0.7325801579693612
2004-05-11,17.36716079711914,72.7384033203125,0.23876191948619924,-0.5924309468251615
2004-05-12,17.66646957397461,73.2022933959961,0.24133765151872827,-0.45915990038585414
2004-05-13,17.337955474853516,72.89745330810547,0.23784034541746754,-0.6690783916079531
2004-05-14,16.74664306640625,72.93060302734375,0.22962436029944053,-1.1464083302228723
2004-05-17,15.98011589050293,72.30757904052734,0.22100194893188593,-1.651612920488127
2004-05-18,16.440034866333008,72.67210388183594,0.22622208506670358,-1.3673877349208237
2004-05-19,17.04595184326172,72.42028045654297,0.2353753911998509,-0.8493910299130831
2004-05-20,17.1335506439209,72.65225982666016,0.23582956242241546,-0.8378111353584908
2004-05-21,17.469358444213867,72.77814483642578,0.2400357756229914,-0.6030938598477669
2004-05-24,17.527759552001953,73.08302307128906,0.23983353199421492,-0.628458797608217
2004-05-25,17.651865005493164,74.13020324707031,0.23811974380618983,-0.745873348901294
2004-05-26,17.67376708984375,74.388671875,0.23758680783469424,-0.7920877518645908
2004-05-27,17.994972229003906,74.80621337890625,0.24055451300356961,-0.6221883480527584
2004-05-28,18.140975952148438,74.79956817626953,0.24252781659645645,-0.5129163758116595
2004-06-01,18.13367462158203,74.70014190673828,0.24275288049949867,-0.5104487822021202
2004-06-02,17.987672805786133,74.97850799560547,0.23990438442493947,-0.707046938671294
2004-06-03,17.14815330505371,74.28929138183594,0.23082941008165964,-1.3069822850284711
2004-06-04,17.381757736206055,74.87910461425781,0.23213095062699743,-1.2398163531012159
2004-06-07,18.24317741394043,76.01907348632812,0.2399815806387252,-0.7405798710032453
2004-06-08,18.170185089111328,76.1251220703125,0.23868841973519003,-0.8416741084119692
2004-06-09,17.47666358947754,75.41596221923828,0.2317369304215987,-1.3199689907756793
2004-06-10,17.301462173461914,75.787109375,0.22829030314183182,-1.5652930596498098
2004-06-14,16.2064266204834,75.03820037841797,0.21597568356856,-2.399410017461742
2004-06-15,16.82693862915039,75.56840515136719,0.2226716125005578,-1.952837031481092
2004-06-16,16.513038635253906,75.55513000488281,0.21855615408492762,-2.2343956072215962
2004-06-17,16.6152400970459,75.44245147705078,0.22023727717941632,-2.122509625121917
2004-06-18,16.440034866333008,75.58479309082031,0.2175045296026567,-2.3017262107199223
2004-06-21,16.425426483154297,75.29878997802734,0.21813665914083533,-2.2443122011922867
2004-06-22,16.644439697265625,75.67794799804688,0.21993777761647543,-2.1139265336513047
2004-06-23,16.571435928344727,76.32981872558594,0.21710304314911127,-2.296985002329253
2004-06-24,17.15545082092285,76.09036254882812,0.2254615465909232,-1.7402721695270609
2004-06-25,17.56426429748535,75.72450256347656,0.2319495500516757,-1.308195475655646
2004-06-28,17.337955474853516,75.46507263183594,0.22974807908074907,-1.4575457889242283
2004-06-29,17.483957290649414,75.77772521972656,0.23072686914198853,-1.3934512528691043
2004-06-30,17.768665313720703,76.1834945678711,0.2332351044607278,-1.2292872979228193
2004-07-01,17.26495361328125,75.12586212158203,0.22981371695062922,-1.464291665895225
2004-07-02,16.929147720336914,75.0859603881836,0.22546355713925292,-1.7551729486742011
2004-07-06,16.717443466186523,74.42740631103516,0.22461408095189625,-1.8035353999657795
2004-07-07,16.93644905090332,74.64690399169922,0.22688749492928284,-1.6445088828459387
2004-07-08,16.505733489990234,74.1280746459961,0.22266507755414586,-1.9123152893491597
2004-07-09,16.71013832092285,74.32098388671875,0.22483742069928347,-1.7537310405994035
2004-07-12,16.67363739013672,74.35424041748047,0.22424595149541457,-1.7818660259233199
2004-07-13,16.841543197631836,74.40743255615234,0.22634221634945126,-1.6335016299820913
2004-07-14,16.2064266204834,74.18126678466797,0.2184706102084657,-2.126796213110335
2004-07-15,16.06772232055664,73.7023696899414,0.21800821857088126,-2.134121887979638
2004-07-16,16.34513282775879,73.64250183105469,0.22195243808061563,-1.8605408444886538
2004-07-19,16.505733489990234,73.32981872558594,0.22508897167409908,-1.6476939643288133
2004-07-20,16.425426483154297,74.26110076904297,0.22118479679204434,-1.8835560639326177
2004-07-21,16.21372413635254,72.89079284667969,0.22243857561622207,-1.7931533615019186
2004-07-22,16.45463752746582,73.09034729003906,0.22512736821690132,-1.612066822751292
2004-07-23,16.031219482421875,72.47837829589844,0.2211862331821666,-1.8490035682902033
2004-07-26,16.031219482421875,72.33871459960938,0.22161327542456005,-1.8064451701778625
2004-07-27,16.279428482055664,73.01719665527344,0.2229533483586559,-1.7087295583867252
2004-07-28,16.330533981323242,73.23672485351562,0.22298285476291774,-1.6927557626918854
2004-07-29,16.169925689697266,73.54935455322266,0.21985136087083118,-1.8669652526608222
2004-07-30,16.096921920776367,73.72899627685547,0.2183255263686454,-1.939480049279183
2004-08-02,15.943619728088379,73.8819351196289,0.21579862116866086,-2.071009138611502
2004-08-03,15.804911613464355,73.30988311767578,0.21559046258598694,-2.0582094030992417
2004-08-04,15.994715690612793,73.3032455444336,0.21819928397191382,-1.8815172823065909
2004-08-05,16.24292755126953,72.10590362548828,0.22526487755612729,-1.448030479909295
2004-08-06,15.987421035766602,71.07485961914062,0.2249377785821353,-1.4568792061776104
2004-08-09,16.35973358154297,71.17465209960938,0.22985336912707938,-1.159916033066092
2004-08-10,16.753938674926758,72.09261322021484,0.2323946646759773,-1.0067709599533279
2004-08-11,16.768539428710938,71.9462661743164,0.2330703220662342,-0.9642458735009233
2004-08-12,16.82693862915039,71.161376953125,0.23646167836570295,-0.7656824468355199
2004-08-13,17.11894416809082,71.30105590820312,0.2400938380229696,-0.5518481461263545
2004-08-16,17.301462173461914,72.03939056396484,0.24016669266655843,-0.5455556284703293
2004-08-17,17.11894416809082,72.44512939453125,0.2363022098402532,-0.7694493037315392
2004-08-18,17.432859420776367,73.1901626586914,0.23818582699523755,-0.6559795446557097
2004-08-19,17.505855560302734,72.977294921875,0.23988085032534331,-0.5539975878037057
2004-08-20,17.67376708984375,73.48948669433594,0.24049381598423822,-0.5153842068538433
2004-08-23,17.520463943481445,73.3032455444336,0.2390134817818021,-0.5975795651987693
2004-08-24,17.58616065979004,73.40302276611328,0.23958360292362157,-0.559696592594954
2004-08-25,17.812469482421875,73.90192413330078,0.24102849406589993,-0.4710806199873534
2004-08-26,17.97307586669922,73.90192413330078,0.24320173090865993,-0.3404146487782083
2004-08-27,17.8781681060791,74.13473510742188,0.24115777955061796,-0.4569073632406846
2004-08-30,17.556961059570312,73.52275085449219,0.2387963025800958,-0.5919813876346586
2004-08-31,17.70296859741211,73.90853118896484,0.23952537430557555,-0.5454866902187725
2004-09-01,18.067970275878906,74.04824829101562,0.24400266978457502,-0.28031187831455084
2004-09-02,18.31618309020996,74.88639831542969,0.24458624666471737,-0.24440734079385648
2004-09-03,18.31618309020996,74.58037567138672,0.24558984753461213,-0.18383027587611578
2004-09-07,18.009572982788086,75.07260131835938,0.23989541679014334,-0.5146671995841218
2004-09-08,17.8781681060791,74.88639831542969,0.23873718736978516,-0.5787758460692501
2004-09-09,18.05337142944336,74.8198471069336,0.24129120985293145,-0.42695653637539205
2004-09-10,18.454885482788086,75.20565032958984,0.24539227307934025,-0.18568215416064554
2004-09-13,18.805294036865234,75.45176696777344,0.2492359661357865,0.040561071485413075
2004-09-14,18.74689483642578,75.60476684570312,0.24795916472681023,-0.034219073038768186
2004-09-15,18.578990936279297,75.03272247314453,0.24761184619056079,-0.054653509016834474
2004-09-16,18.870996475219727,75.25885772705078,0.25074784610286216,0.1292791139972858
2004-09-17,18.761493682861328,75.57884216308594,0.24823737895292577,-0.017161141471023843
2004-09-20,18.732288360595703,75.1246109008789,0.2493495558374539,0.047693110846100145
2004-09-21,18.93670082092285,75.45191955566406,0.250977058402768,0.14134845224317955
2004-09-22,18.13367462158203,74.51008605957031,0.24337207995014634,-0.30633066530822534
2004-09-23,18.155576705932617,74.10933685302734,0.24498366166652547,-0.2133489186867983
2004-09-24,18.345382690429688,74.4499740600586,0.24641221064268629,-0.1314408192099825
2004-09-27,18.18478012084961,73.97571563720703,0.2458209422404471,-0.16785089819416552
2004-09-28,18.250484466552734,74.32974243164062,0.2455340738377681,-0.18684739828597183
2004-09-29,18.31618309020996,74.70381927490234,0.2451840249667597,-0.20974973444673387
2004-09-30,18.250484466552734,74.650390625,0.2444794235335287,-0.2537586790957199
2004-10-01,18.81259536743164,75.9128189086914,0.2478184269518379,-0.058748022060172496
2004-10-04,19.34550666809082,76.03970336914062,0.254413231653161,0.3276803811675013
2004-10-05,18.797992706298828,76.07979583740234,0.24708258611095485,-0.10467705705902149
2004-10-06,19.46231460571289,76.60079956054688,0.2540745621111888,0.30561209686032204
2004-10-07,19.301708221435547,75.77919006347656,0.25470987754378793,0.34009879545302524
2004-10-08,19.090002059936523,75.15132904052734,0.2540208177774439,0.29600301621760555
2004-10-11,19.17030143737793,75.45858001708984,0.25405065180177316,0.29547478637963726
2004-10-12,18.688493728637695,75.16468048095703,0.24863398086781496,-0.023385416416876526
2004-10-13,18.484086990356445,74.50337219238281,0.2480973202478243,-0.05327788092668446
2004-10-14,18.18478012084961,73.90226745605469,0.24606525275646007,-0.17226520722937888
2004-10-15,18.279680252075195,74.31639099121094,0.2459710436455001,-0.1782268754687158
2004-10-18,18.520586013793945,74.59695434570312,0.24827536427243901,-0.042519381876657054
2004-10-19,18.52788543701172,73.96910095214844,0.25048141992421463,0.08662807069224258
2004-10-20,18.21398162841797,73.82209777832031,0.2467280418271581,-0.1346156685519251
2004-10-21,18.03147315979004,74.30301666259766,0.24267484645568432,-0.37184975995791575
2004-10-22,17.819766998291016,73.4681167602539,0.24255102463619255,-0.37726472849088505
2004-10-25,17.80516815185547,73.38125610351562,0.24263918468141948,-0.371774054215991
2004-10-26,17.980369567871094,74.50337219238281,0.24133631859564872,-0.449239857281122
2004-10-27,18.396486282348633,75.39851379394531,0.24399003848569117,-0.29180768235475535
2004-10-28,18.432985305786133,75.62559509277344,0.24374003646746226,-0.3055861552543256
2004-10-29,18.644691467285156,75.61221313476562,0.24658306765937713,-0.13685090664403263
2004-11-01,18.637392044067383,75.81930541992188,0.24581327856863117,-0.18047955349904207
2004-11-02,18.92940330505371,75.84600830078125,0.24957679025092122,0.04229953099564485
2004-11-03,19.236005783081055,76.80118560791016,0.2504649587219372,0.0951657127186772
2004-11-04,19.455013275146484,77.84989166259766,0.24990417917939745,0.06267088146198124
2004-11-05,19.34550666809082,78.33747100830078,0.2469508706253861,-0.10898500888131149
2004-11-08,19.163002014160156,78.22388458251953,0.2449763536601768,-0.22422282711644717
2004-11-09,18.980493545532227,78.0703125,0.24312050173402633,-0.33046262943214627
2004-11-10,19.038898468017578,78.13042449951172,0.2436809807444034,-0.29435385837704714
2004-11-11,19.360107421875,78.7248764038086,0.24592109008301202,-0.15989581866181304
2004-11-12,19.89301872253418,79.3460693359375,0.25071208805959355,0.12502892493063675
2004-11-15,20.206933975219727,79.54105377197266,0.2540440818542425,0.32404392225605405
2004-11-16,19.93682289123535,78.97159576416016,0.2524556164570163,0.23213803701354196
2004-11-17,20.520841598510742,79.4405517578125,0.25831695707592617,0.5777978395569707
2004-11-18,20.425935745239258,79.54774475097656,0.25677579935399114,0.48657958653790095
2004-11-19,20.031728744506836,78.66339874267578,0.25465119820254345,0.3594758573969238
2004-11-22,19.907623291015625,79.03858184814453,0.2518722227236288,0.19371441542004778
2004-11-23,20.002521514892578,79.15914916992188,0.2526874243172505,0.24034408839018787
2004-11-24,20.40403938293457,79.34674835205078,0.25715029042405885,0.5005515515969919
2004-11-26,20.440534591674805,79.28643798828125,0.2578061912012742,0.5354295464059421
2004-11-29,20.40403938293457,78.92471313476562,0.2585253537519261,0.5739070870653615
2004-11-30,20.63034439086914,78.9782943725586,0.26121537005536116,0.7284465950875381
2004-12-01,20.951553344726562,79.87601470947266,0.2623009350295224,0.7897355261580074
2004-12-02,20.951553344726562,79.9429931640625,0.26208117203879105,0.7736109063655734
2004-12-03,20.8420467376709,79.88941955566406,0.2608861956137873,0.7003168224676328
2004-12-06,20.732542037963867,79.86262512207031,0.2596025613517475,0.6224981755405127
2004-12-07,20.133930206298828,79.11898803710938,0.2544765890693061,0.3184629599972491
2004-12-08,20.163129806518555,79.58122253417969,0.25336541918363475,0.2513467822464761
2004-12-09,20.03902816772461,79.86262512207031,0.25091872621385636,0.10559629380666018
2004-12-10,19.40390968322754,79.9429931640625,0.24272183108538342,-0.3758111885193502
2004-12-13,19.535314559936523,80.63970184326172,0.24225430046736837,-0.40093849313031793
2004-12-14,19.710514068603516,80.92108917236328,0.2435769744351783,-0.32096881042421926
2004-12-15,20.1777286529541,80.98140716552734,0.2491649547619059,0.008996442269145467
2004-12-16,20.25803565979004,80.93450927734375,0.2503015813732861,0.07619180646856587
2004-12-17,20.331035614013672,80.39464569091797,0.25289041874974555,0.22700614191894952
2004-12-20,20.63034439086914,80.41486358642578,0.2565488949526937,0.4403217170836565
2004-12-21,20.659543991088867,81.03409576416016,0.25494878169821195,0.34445462594231263
2004-12-22,20.615745544433594,81.22931671142578,0.2537968602847273,0.2748046242980419
2004-12-23,20.659700393676758,81.28987121582031,0.25414851917807013,0.29310944670022776
2004-12-27,20.68900489807129,81.12158203125,0.2550369997727779,0.34270234072829114
2004-12-28,20.864831924438477,81.56583404541016,0.2558035747274085,0.38472530491528345
2004-12-29,20.930767059326172,81.68699645996094,0.2562313215859936,0.40661130255667266
2004-12-30,21.24578857421875,81.5322036743164,0.2605815569401986,0.6587370849217205
2004-12-31,21.428945541381836,81.3572006225586,0.263393349050902,0.8194271135303842
2005-01-03,21.13589859008789,80.97355651855469,0.26102223366272304,0.6785247531587475
2005-01-04,20.5571346282959,79.98410034179688,0.2570152635392395,0.4427819581188202
2005-01-05,20.696331024169922,79.4321517944336,0.26055357379378297,0.6472007823603594
2005-01-06,20.351999282836914,79.83599090576172,0.25492261136785266,0.31617951066592165
2005-01-07,20.29339027404785,79.72156524658203,0.25455333461253016,0.293666713998019
2005-01-10,20.44723892211914,80.09851837158203,0.25527611918191945,0.33635884716544345
2005-01-11,20.835525512695312,79.5466079711914,0.2619285227126354,0.7256595940899898
2005-01-12,20.938087463378906,79.80907440185547,0.262352215212411,0.7487583738910835
2005-01-13,21.13589859008789,79.16962432861328,0.2669697976885436,1.015284060283591
2005-01-14,21.868511199951172,79.58692932128906,0.2747751595198367,1.46084804044569
2005-01-18,22.41064453125,80.41486358642578,0.27868783868748576,1.6741289880594614
2005-01-19,21.97840118408203,79.573486328125,0.27620256693860396,1.520236557757832
2005-01-20,21.9491024017334,79.08885192871094,0.27752460513041544,1.5863987152758419
2005-01-21,22.015031814575195,78.60423278808594,0.2800743806497914,1.7230469200755547
2005-01-24,22.23481559753418,78.44942474365234,0.2834286633737654,1.8983557962081643
2005-01-25,22.190860748291016,78.67155456542969,0.2820696866976905,1.8080989489519343
2005-01-26,22.586469650268555,78.9071273803711,0.2862411850502513,2.0217744109270344
2005-01-27,22.520540237426758,79.0417251586914,0.28491964455751007,1.9291321041394174
2005-01-28,22.27144432067871,79.0417251586914,0.2817681961769498,1.7391717929220187
2005-01-31,22.689037322998047,79.53308868408203,0.2852779603860537,1.914515912072058
2005-02-01,22.637752532958984,80.03788757324219,0.2828379561147627,1.7648252868955363
2005-02-02,22.505887985229492,80.28025817871094,0.28034149983834633,1.6146954876146458
2005-02-03,22.542512893676758,80.07160186767578,0.28152943575338885,1.6644404355871298
2005-02-04,23.004066467285156,80.92640686035156,0.28425908624587143,1.79536796780826
2005-02-07,23.223844528198242,80.8187255859375,0.2873572227206612,1.9432416183409464
2005-02-08,23.355712890625,80.91294860839844,0.2886523515990217,1.9936106821325796
2005-02-09,23.187213897705078,80.30716705322266,0.2887315634274338,1.9801435168126744
2005-02-10,22.872190475463867,80.59659576416016,0.28378606141619095,1.7098417299044026
2005-02-11,23.223844528198242,81.28987121582031,0.28569173724657726,1.7973064108607208
2005-02-14,23.52421760559082,81.22931671142578,0.2896025543236151,1.985790957263667
2005-02-15,23.77330780029297,81.5322036743164,0.291581813429898,2.0705802953807493
2005-02-16,23.692716598510742,81.58605194091797,0.29040155804656725,1.9915459441706025
2005-02-17,23.59015655517578,80.92640686035156,0.29150134635142627,2.028826859353132
2005-02-18,24.139612197875977,81.03409576416016,0.2978945093449475,2.323561386641535
2005-02-22,24.007741928100586,79.82927703857422,0.30073856132380894,2.4313670343917058
2005-02-23,24.161588668823242,80.40137481689453,0.30051213332917076,2.3851128202960337
2005-02-24,24.505916595458984,80.93312072753906,0.3027921866247816,2.4596541585315927
2005-02-25,24.99676513671875,81.7341537475586,0.30583010884192835,2.5647483591055935
2005-02-28,25.15062141418457,81.19564819335938,0.3097533177429764,2.7063759265815626
2005-03-01,25.36307716369629,81.59952545166016,0.31082383167438227,2.710001099376581
2005-03-02,24.901531219482422,81.55913543701172,0.3053187247026904,2.420286106100597
2005-03-03,25.09200668334961,81.59276580810547,0.30752734552916644,2.485759471502305
2005-03-04,25.275165557861328,82.60916137695312,0.3059608055156067,2.3838592554087334
2005-03-07,25.026071548461914,82.64954376220703,0.3027974554882604,2.2164278275982134
2005-03-08,24.798959732055664,82.33995056152344,0.3011777340517854,2.1207359798489307
2005-03-09,24.755006790161133,81.42453002929688,0.3040239443967829,2.220505497167635
2005-03-10,24.579177856445312,81.60623168945312,0.3011924132213294,2.072111309399245
2005-03-11,25.018747329711914,81.03409576416016,0.3087434627829491,2.369583137055114
2005-03-14,25.026071548461914,81.53893280029297,0.30692174509760073,2.2593542823395225
2005-03-15,24.205549240112305,80.8658218383789,0.29932978716880304,1.9135834034353079
2005-03-16,23.993093490600586,80.17929077148438,0.2992430247229586,1.890242952118902
2005-03-17,24.110307693481445,80.3408203125,0.3001003425120641,1.9081899348093332
2005-03-18,24.139612197875977,80.102294921875,0.3013598077485759,1.941227060075872
2005-03-21,23.897851943969727,79.80496215820312,0.29945320814256254,1.8455612813298532
2005-03-22,23.670740127563477,78.99407958984375,0.29965207836419705,1.8368135707512776
2005-03-23,23.59015655517578,79.06165313720703,0.2983767176514308,1.7710777537893747
2005-03-24,23.341060638427734,79.15623474121094,0.29487330612348756,1.6168048472238938
2005-03-28,23.62678337097168,79.27112579345703,0.2980503068990325,1.7328220467415847
2005-03-29,23.004066467285156,78.74402618408203,0.29213729068803174,1.4840771199222569
2005-03-30,23.179885864257812,79.85901641845703,0.2902600971541702,1.4011720680804864
2005-03-31,23.30443000793457,79.71035766601562,0.2923638870820219,1.476814420007205
2005-04-01,23.59015655517578,79.3521957397461,0.2972842318383371,1.6630578240698255
2005-04-04,23.824588775634766,79.48735809326172,0.2997280240171225,1.7486137960256147
2005-04-05,23.95646095275879,79.86579132080078,0.29995897563365664,1.745467059665902
2005-04-06,24.139612197875977,80.14282989501953,0.30120738473419106,1.782107373689723
2005-04-07,24.396024703979492,80.57530212402344,0.3027729845359878,1.8309598909179876
2005-04-08,24.17624282836914,79.73737335205078,0.3031983850487263,1.8354509943620256
2005-04-11,23.912500381469727,79.79818725585938,0.29966220040561004,1.6904448786915107
2005-04-12,24.102985382080078,80.21039581298828,0.30049702582538734,1.716160815347487
2005-04-13,23.817256927490234,79.26436614990234,0.30047874075530695,1.7074382586063264
2005-04-14,22.8941707611084,78.23049926757812,0.2926501936642589,1.4014192777829815
2005-04-15,22.593799591064453,77.13578033447266,0.2929094577522163,1.4074566352778606
2005-04-18,22.45460319519043,77.37226867675781,0.29021513236221885,1.2990132068597715
2005-04-19,22.857540130615234,77.98722076416016,0.2930934056457575,1.404047275058423
2005-04-20,22.542512893676758,76.8992691040039,0.29314339598193967,1.4026685539743338
2005-04-21,23.172561645507812,78.39266204833984,0.2955960550391661,1.4929246219689962
2005-04-22,22.82090950012207,78.09532928466797,0.29221862189653863,1.360374010467481
2005-04-25,23.333740234375,78.60888671875,0.29683336335571553,1.5309823150194086
2005-04-26,23.113950729370117,77.8453140258789,0.2969215426594093,1.5262833781380898
2005-04-27,22.674386978149414,78.14938354492188,0.2901415974076841,1.2649395235246768
2005-04-28,22.264118194580078,77.16957092285156,0.28850903184155446,1.1971153166667106
2005-04-29,22.593799591064453,78.21695709228516,0.2888606311340763,1.2020260460619738
2005-05-02,22.4252986907959,78.65620422363281,0.28510527442993566,1.05421941178357
2005-05-03,22.293420791625977,78.79130554199219,0.2829426500585727,0.9674103462615778
2005-05-04,23.297107696533203,79.39950561523438,0.2934162815752242,1.3495225409775076
2005-05-05,23.187213897705078,79.37245178222656,0.2921317582745663,1.2920679273880666
2005-05-06,23.223844528198242,79.12244415283203,0.2935177847051757,1.3325201115666636
2005-05-09,23.21651840209961,79.61575317382812,0.29160709377967065,1.2517915615893636
2005-05-10,22.82090950012207,78.79130554199219,0.2896374078731258,1.1694464546167613
2005-05-11,22.857540130615234,79.22380828857422,0.28851857319653473,1.1191896300442
2005-05-12,22.461925506591797,78.35208129882812,0.28667937257370274,1.0433247890301582
2005-05-13,22.549842834472656,78.19669342041016,0.2883733550373744,1.096868244828669
2005-05-16,22.82090950012207,78.9264907836914,0.2891413171107002,1.1161414365425462
2005-05-17,22.84288787841797,79.45356750488281,0.287499839160956,1.0478892427049444
2005-05-18,23.297107696533203,80.27120208740234,0.2902299590725753,1.139360203793824
2005-05-19,23.568174362182617,80.60907745361328,0.2923761827660785,1.2083625292162392
2005-05-20,23.502239227294922,80.49419403076172,0.2919743406377023,1.1838697008994445
2005-05-23,23.55352210998535,80.94019317626953,0.2909990844559894,1.138873601399267
2005-05-24,23.656089782714844,80.75102996826172,0.29295093563528046,1.2005169323745601
2005-05-25,23.260475158691406,80.6901626586914,0.2882690329561003,1.0211408103138193
2005-05-26,23.516891479492188,81.12265014648438,0.2898930377277787,1.0719356813922596
2005-05-27,23.656089782714844,81.25776672363281,0.29112404557181565,1.1080201612709837
2005-05-31,23.55352210998535,80.73748016357422,0.291729715396937,1.121152534176979
2005-06-01,23.765975952148438,81.42671203613281,0.2918695273069895,1.1173289274442695
2005-06-02,23.685394287109375,81.60242462158203,0.290253560441942,1.0502504550790792
2005-06-03,23.70004653930664,81.19021606445312,0.2919076668116301,1.1015494648401025
2005-06-06,23.912500381469727,81.11590576171875,0.29479422262402716,1.1966556612902142
2005-06-07,23.685394287109375,81.17672729492188,0.29177567359987727,1.0784768536815474
2005-06-08,23.809938430786133,81.0280532836914,0.2938480867536575,1.1443161907563155
2005-06-09,24.02971839904785,81.4132080078125,0.29515749332395713,1.1822010244936876
2005-06-10,24.08099937438965,81.22402954101562,0.2964762953828767,1.2202576007138164
2005-06-13,24.007741928100586,81.4808120727539,0.2946428897476398,1.1461713292609854
2005-06-14,24.007741928100586,81.66999816894531,0.2939603583489418,1.1131580479503822
2005-06-15,24.374046325683594,81.82542419433594,0.29787864304614015,1.2470438227114615
2005-06-16,24.396024703979492,82.03491973876953,0.2973858544832583,1.220417859598371
2005-06-17,24.483936309814453,82.33885192871094,0.29735581364448305,1.2112015352741217
2005-06-20,24.066347122192383,82.3659896850586,0.29218791899683905,1.0147923621167596
2005-06-21,24.022396087646484,82.4134521484375,0.291486346723821,0.9819691709703341
2005-06-22,24.227523803710938,82.48131561279297,0.29373347919723547,1.0579271381996445
2005-06-23,24.17624282836914,81.32112884521484,0.2972934976638822,1.1811292042085646
2005-06-24,23.941804885864258,80.72411346435547,0.2965880188506003,1.1459650275582347
2005-06-27,23.736677169799805,80.83942413330078,0.2936274896102554,1.0281201427753075
2005-06-28,23.809938430786133,81.51792907714844,0.2920822290302842,0.9631309626099537
2005-06-29,23.62678337097168,81.30081176757812,0.2906094398972998,0.9010555369942308
2005-06-30,23.443632125854492,80.85980987548828,0.2899293500931315,0.8687319195124251
2005-07-01,23.736677169799805,81.09727478027344,0.292693894266021,0.9649084220264923
2005-07-05,23.509563446044922,81.74858856201172,0.28758372296802853,0.7669240774865993
2005-07-06,23.30443000793457,81.06334686279297,0.2874841825539158,0.7567563889931119
2005-07-07,23.436304092407227,81.38221740722656,0.28797819522580537,0.7691331203761259
2005-07-08,23.70004653930664,82.31168365478516,0.2879305280487826,0.7609841055101664
2005-07-11,24.47661590576172,82.73236083984375,0.2958529849419434,1.055534664735108
2005-07-12,24.718381881713867,82.949462890625,0.2979932722928765,1.1294178132331276
2005-07-13,24.689077377319336,83.06478881835938,0.2972267518949309,1.0935346254257874
2005-07-14,25.311792373657227,83.3904800415039,0.3035333572976125,1.328943576052909
2005-07-15,25.018747329711914,83.34296417236328,0.30019027494594663,1.1922188789205455
2005-07-18,25.018747329711914,83.01053619384766,0.3013924313329057,1.2307589048579657
2005-07-19,25.494943618774414,83.465087890625,0.30545638018357696,1.3806871730323358
2005-07-20,25.36307716369629,83.7500991821289,0.30284235375697816,1.2708266723777208
2005-07-21,25.787994384765625,83.26155090332031,0.3097227244146523,1.5300790673804152
2005-07-22,25.736717224121094,83.81793212890625,0.30705502474744645,1.4169950067414188
2005-07-25,25.846599578857422,83.5804443359375,0.3092421891773077,1.4942974261928441
2005-07-26,25.824621200561523,83.68225860595703,0.30860330051755036,1.4601545926428965
2005-07-27,25.89788246154785,83.98753356933594,0.30835388730838065,1.4416937866578048
2005-07-28,26.396060943603516,84.5167465209961,0.3123175232147166,1.5907251563613767
2005-07-29,26.36676025390625,83.95360565185547,0.3140634645669148,1.6518827644233611
2005-08-01,26.718412399291992,83.89254760742188,0.31848374094349524,1.8200488431224626
2005-08-02,27.0773868560791,84.39460754394531,0.3208426183151521,1.9051216122669743
2005-08-03,26.923542022705078,84.6185302734375,0.31817548633501397,1.7879366027881547
2005-08-04,26.6304931640625,83.94004821777344,0.31725610991993414,1.7390061886302202
2005-08-05,25.824621200561523,83.37013244628906,0.3097586682760634,1.4263426738257303
2005-08-08,26.081039428710938,83.21407318115234,0.3134210168024582,1.5652179000130289
2005-08-09,26.689105987548828,83.71613311767578,0.31880481089628476,1.7710951606825887
2005-08-10,26.740388870239258,83.6754379272461,0.31957273881840237,1.7877830210917007
2005-08-11,27.326480865478516,84.00788116455078,0.3252847290833661,2.001113720771226
2005-08-12,27.341136932373047,83.49224090576172,0.3274691951702815,2.0671663833662293
2005-08-15,27.253219604492188,84.00788116455078,0.32441265303561023,1.923615678319331
2005-08-16,26.520606994628906,82.91556549072266,0.319850764300658,1.7246481027993286
2005-08-17,26.81365203857422,82.9087905883789,0.32341144827087387,1.8514353607839327
2005-08-18,25.978466033935547,82.9019775390625,0.31336364710594244,1.4348594883849548
2005-08-19,25.956491470336914,83.09197235107422,0.31238266147621835,1.3847197753549911
2005-08-22,26.72573471069336,83.09197235107422,0.32164039382497395,1.7436564728733326
2005-08-23,26.44734001159668,82.93592834472656,0.3188888162156603,1.619355024252649
2005-08-24,25.60484504699707,82.19638061523438,0.3115081814472429,1.3118217438791582
2005-08-25,26.03708267211914,82.49493408203125,0.3156203827768188,1.4661900275659359
2005-08-26,25.42901039123535,81.9317626953125,0.3103681594865797,1.244997886557993
2005-08-29,25.42901039123535,82.56278228759766,0.30799604478754616,1.1411724005503463
2005-08-30,25.165267944335938,82.1285171508789,0.30641327540474933,1.0694802401270453
2005-08-31,25.714725494384766,83.1666030883789,0.3091953324949249,1.1740527234379579
2005-09-01,26.308149337768555,83.10556030273438,0.3165630463465265,1.4627716322635176
2005-09-02,26.81365203857422,82.95625305175781,0.32322641214092357,1.7187255979173066
2005-09-06,27.21659278869629,83.92646026611328,0.3242909649995741,1.747511189312439
2005-09-07,27.61952781677246,84.06897735595703,0.32853412382820396,1.9032071558527366
2005-09-08,27.39974021911621,83.79077911376953,0.32700185520310493,1.8247887512715892
2005-09-09,27.912574768066406,84.53712463378906,0.33018126520132307,1.9341220123343352
2005-09-12,27.802675247192383,84.36747741699219,0.3295425689898929,1.888622873757378
2005-09-13,27.626853942871094,83.89933776855469,0.3292857211708003,1.8596161502763864
2005-09-14,27.963850021362305,83.59400177001953,0.3345198151692191,2.0470477148093593
2005-09-15,28.242244720458984,83.55330657958984,0.33801468639133325,2.1599850978412816
2005-09-16,28.366788864135742,84.14746856689453,0.33710804789790033,2.0995898992177766
2005-09-19,28.75507926940918,83.86808776855469,0.3428607952617532,2.2966813473988164
2005-09-20,28.425399780273438,83.15946960449219,0.3418179542926994,2.2268961598764254
2005-09-21,28.652509689331055,82.38274383544922,0.3477974677143723,2.427895793304625
2005-09-22,28.87961769104004,82.67572784423828,0.3493119255684022,2.452624355098644
2005-09-23,28.278871536254883,82.743896484375,0.34176383682384287,2.1375060774902077
2005-09-26,28.75507926940918,82.8392333984375,0.34711908946699105,2.3132601337627814
2005-09-27,28.718446731567383,82.81880187988281,0.3467624027357883,2.2717006733530525
2005-09-28,29.07743263244629,82.90058898925781,0.35075061573101873,2.391120807101057
2005-09-29,29.084747314453125,83.57513427734375,0.3480071861797494,2.2607975663416053
2005-09-30,28.90160369873047,83.83403778076172,0.34474784304571365,2.114702755401947
2005-10-03,28.696460723876953,83.53422546386719,0.34352938049673587,2.045261539899291
2005-10-04,28.996841430664062,82.59395599365234,0.3510770380449216,2.296043287707681
2005-10-05,28.352144241333008,81.5105972290039,0.3478338425331089,2.1497776429846907
2005-10-06,27.414390563964844,81.2176284790039,0.3375423670619971,1.7554966779111711
2005-10-07,28.103055953979492,81.49697875976562,0.34483555564459445,1.999252298987242
2005-10-10,28.308183670043945,80.80882263183594,0.3503105570417194,2.1710292059891962
2005-10-11,28.850324630737305,80.69294738769531,0.3575321705888838,2.3991640887417742
2005-10-12,27.766048431396484,80.0593490600586,0.3468183136308923,1.9941604597707436
2005-10-13,27.27519989013672,80.01163482666016,0.3408904211147118,1.7668731124568602
2005-10-14,27.50963592529297,80.85647583007812,0.34022798598228726,1.7286191183814403
2005-10-17,27.128681182861328,81.15630340576172,0.33427694515883183,1.504530261890086
2005-10-18,26.71108627319336,80.27738952636719,0.3327348638363493,1.4382449830190123
2005-10-19,26.71108627319336,81.61280059814453,0.32729040147411187,1.2352726701371517
2005-10-20,26.154300689697266,80.17514038085938,0.3262145917731529,1.189222630342861
2005-10-21,27.04808235168457,80.48857879638672,0.33604870102264506,1.5320511229648666
2005-10-24,27.40707015991211,81.7354736328125,0.335314263706788,1.4957399310987174
2005-10-25,26.916215896606445,81.57191467285156,0.32996915671963,1.2952590779545505
2005-10-26,27.245891571044922,81.33345794677734,0.33498995688679534,1.467381676482616
2005-10-27,26.703760147094727,80.4681396484375,0.3318550703888834,1.345243445369688
2005-10-28,26.777021408081055,81.62646484375,0.3280433797952396,1.1987043130800787
2005-10-31,27.289844512939453,81.85130310058594,0.33340757543472876,1.385703160588389
2005-11-01,27.802675247192383,82.09658813476562,0.33865810844115607,1.5662964982790937
2005-11-02,28.696460723876953,82.9550552368164,0.34592781165602954,1.8169708450583761
2005-11-03,28.74774932861328,83.30939483642578,0.3450721180373256,1.7709160970355111
2005-11-04,28.278871536254883,83.20036315917969,0.33988879930910265,1.5703982505763197
2005-11-07,28.300859451293945,83.28215026855469,0.3398190291681225,1.5578809090799635
2005-11-08,28.286195755004883,83.28215026855469,0.3396429566694925,1.5423408613536942
2005-11-09,28.608552932739258,83.39112854003906,0.34306470524623334,1.6581161472541963
2005-11-10,28.82832908630371,84.03843688964844,0.3430374261263144,1.6462796275434926
2005-11-11,29.45838737487793,84.32463836669922,0.34934495949776156,1.864184383284513
2005-11-14,29.568275451660156,84.27691650390625,0.35084666926903596,1.9022726373015773
2005-11-15,29.21662712097168,83.97029113769531,0.34794004790410893,1.7802685496539565
2005-11-16,29.524320602416992,84.140625,0.3508925754047702,1.8713737717073784
2005-11-17,29.846677780151367,84.92423248291016,0.3514506626381063,1.8744414807996987
2005-11-18,29.897953033447266,85.25802612304688,0.3506761110126766,1.8300585433127234
2005-11-21,29.58293342590332,85.68729400634766,0.34524294142970413,1.6188312229663722
2005-11-22,28.96753692626953,86.05524444580078,0.33661559051771484,1.293120406608317
2005-11-23,30.037145614624023,86.55265808105469,0.3470389735055264,1.664358359455458
2005-11-25,29.94923973083496,86.62078094482422,0.34575120893809597,1.604215499683543
2005-11-28,29.67084312438965,86.00755310058594,0.34497950534285704,1.5635893787913084
2005-11-29,29.656187057495117,85.91215515136719,0.3451919813354045,1.5588385598223595
2005-11-30,29.883291244506836,85.4488296508789,0.3497214808746004,1.7108831474281834
2005-12-01,30.65987205505371,86.32096099853516,0.35518455425414,1.8937315416279186
2005-12-02,30.42543601989746,86.42999267578125,0.3520240494990004,1.7619940072823246
2005-12-05,30.491369247436523,86.24601745605469,0.3535394461891869,1.8018157101136267
2005-12-06,31.062816619873047,86.40953826904297,0.3594836547228906,2.001875111008276
2005-12-07,30.91628074645996,85.90533447265625,0.35988778736785715,1.9993868210921573
2005-12-08,30.91628074645996,85.85082244873047,0.36011630249579674,1.9918320059147157
2005-12-09,31.05548095703125,86.07572174072266,0.360792571110546,2.0046918766307513
2005-12-12,31.392484664916992,86.1574478149414,0.3643618220022636,2.122153992046688
2005-12-13,31.736814498901367,86.74342346191406,0.3658699787521744,2.162827251337774
2005-12-14,31.736814498901367,87.08409118652344,0.36443871741079553,2.094009572719183
2005-12-15,31.648897171020508,86.8320083618164,0.364484223826128,2.079527136672285
2005-12-16,31.35586166381836,86.55252838134766,0.36227551349702275,1.982956951879204
2005-12-19,31.495044708251953,86.10730743408203,0.3657650627661589,2.09252067053772
2005-12-20,31.729488372802734,86.18949127197266,0.36813639232049417,2.160062336540804
2005-12-21,32.38151550292969,86.32647705078125,0.37510525865524863,2.3908573886340774
2005-12-22,32.337562561035156,86.77857208251953,0.3726445571181409,2.2787029570176656
2005-12-23,32.7281379699707,86.8265151977539,0.37693713602843454,2.409417547348284
2005-12-27,32.78710174560547,85.94290161132812,0.38149865935273247,2.544542196762694
2005-12-28,32.971343994140625,86.13468933105469,0.3827882151802602,2.559590722947534
2005-12-29,33.052398681640625,85.75110626220703,0.3854457408464684,2.619001293070021
2005-12-30,32.97871017456055,85.28534698486328,0.38668670927039456,2.625309418929375
2006-01-03,34.202049255371094,86.78543853759766,0.3940989390812826,2.8423275197023425
2006-01-04,34.30522537231445,87.19636535644531,0.3934249464651419,2.77789453716353
2006-01-05,34.17995071411133,87.2511978149414,0.3917419080779445,2.680491661986578
2006-01-06,34.87267303466797,87.97725677490234,0.39638281884479315,2.8010209667416675
2006-01-09,34.98322296142578,88.20326232910156,0.3966205108252952,2.7706221760956096
2006-01-10,34.31996154785156,88.2923355102539,0.3887082763131324,2.472805311992474
2006-01-11,34.4157600402832,88.57318115234375,0.38855734424948474,2.437834498237681
2006-01-12,34.16521072387695,88.22384643554688,0.38725596427987086,2.366207813844554
2006-01-13,34.40840530395508,88.14165496826172,0.3903762110700661,2.439331091833677
2006-01-17,33.4429931640625,87.90194702148438,0.38045793406474376,2.0835865817037345
2006-01-18,32.86079788208008,87.55256652832031,0.3753264945288693,1.8926616363810824
2006-01-19,33.59038162231445,87.88822937011719,0.3821943150186559,2.0962614754222595
2006-01-20,32.02067184448242,86.28538513183594,0.3711019171503709,1.713877674982969
2006-01-23,32.58812713623047,86.59364318847656,0.3763339424962216,1.8667925978666242
2006-01-24,33.627235412597656,86.68265533447266,0.3879349944097122,2.218211993647957
2006-01-25,34.13572692871094,86.7580337524414,0.3934589737950388,2.364285345890463
2006-01-26,34.769508361816406,87.23749542236328,0.3985615152461526,2.4895411874818834
2006-01-27,35.403289794921875,88.0457763671875,0.40210094402797286,2.5605400372712577
2006-01-30,35.2706413269043,87.97725677490234,0.4009063548906438,2.4843668548248896
2006-01-31,35.528564453125,87.33338165283203,0.40681539842758263,2.6246606009601465
2006-02-01,35.00533676147461,87.94303131103516,0.3980456011081587,2.320066769343
2006-02-02,34.36418533325195,86.92240142822266,0.3953432575333143,2.208569735002213
2006-02-03,33.64196014404297,86.49089813232422,0.388965323178555,1.9910384469737592
2006-02-06,34.459983825683594,86.7168960571289,0.3973848856741993,2.217869750372355
2006-02-07,33.41351318359375,85.94976806640625,0.3887562926031156,1.9350985527760456
2006-02-08,33.57563400268555,86.7306137084961,0.3871255208170687,1.8655425577000293
2006-02-09,33.59775161743164,86.58677673339844,0.38802404807005875,1.8717769481307296
2006-02-10,33.936744689941406,86.74433135986328,0.3912272324649445,1.9455484102306142
2006-02-13,32.72077178955078,86.58677673339844,0.3778957136873032,1.5364874864542166
2006-02-14,33.870418548583984,87.504638671875,0.38706997780530605,1.7891140099063063
2006-02-15,33.03030014038086,87.81285095214844,0.3761442634219899,1.4541512660909295
2006-02-16,33.568275451660156,88.47046661376953,0.37942916700334883,1.53656674663928
2006-02-17,33.70092010498047,88.23068237304688,0.3819637250734398,1.5956835004804542
2006-02-21,34.054656982421875,88.01153564453125,0.3869340164676234,1.7229741876192295
2006-02-22,33.96622085571289,88.54580688476562,0.38360055716604247,1.6099385808894346
2006-02-23,34.34207534790039,88.41565704345703,0.3884162205685015,1.7312340084796471
2006-02-24,34.717918395996094,88.64168548583984,0.3916658195938991,1.8049614892113606
2006-02-27,35.064300537109375,88.67591857910156,0.39542077600054376,1.8905377235206855
2006-02-28,34.202049255371094,87.83344268798828,0.3893966604140454,1.7008101517551781
2006-03-01,34.813724517822266,88.6142807006836,0.39286810480823214,1.7796977709940012
2006-03-02,34.5336799621582,88.6074447631836,0.3897379058210575,1.6740810842050258
2006-03-03,33.568275451660156,88.1964340209961,0.38060808040911126,1.4051289074542692
2006-03-06,33.236637115478516,87.79232788085938,0.3785824788765491,1.336816848716718
2006-03-07,31.94696807861328,87.65533447265625,0.3644611964669306,0.9352568609431077
2006-03-08,32.529170989990234,87.84027099609375,0.3703218423749718,1.090034211379275
2006-03-09,32.24174499511719,87.2511978149414,0.3695278208501101,1.0594901789993187
2006-03-10,32.94922637939453,88.08000946044922,0.37408291144870737,1.176673695217958
2006-03-13,33.273494720458984,88.2444076538086,0.37706066146417055,1.2490463800021157
2006-03-14,33.671443939208984,89.16908264160156,0.3776134388927724,1.253859799628728
2006-03-15,33.70092010498047,89.56637573242188,0.3762675426955025,1.206642971377019
2006-03-16,33.384029388427734,89.7513198852539,0.3719614311088556,1.078937926810639
2006-03-17,33.82619857788086,89.82624053955078,0.376573686872569,1.1965203109668237
2006-03-20,34.23152542114258,89.681884765625,0.3816994425418621,1.3265363186264068
2006-03-21,33.49457550048828,89.11796569824219,0.3758453779555804,1.1559040909454388
2006-03-22,33.25875473022461,89.6612777709961,0.3709377733292047,1.012797522275763
2006-03-23,32.93449020385742,89.47557067871094,0.3680836004066256,0.9268762632294677
2006-03-24,33.1260986328125,89.54437255859375,0.36994059689386166,0.9702431425198974
2006-03-27,33.59775161743164,89.41365814208984,0.37575637006194823,1.121306248631491
2006-03-28,33.17768096923828,88.86351013183594,0.3733555080146689,1.047001607545211
2006-03-29,33.78199005126953,89.42053985595703,0.37778781145458534,1.15991378701652
2006-03-30,33.7230339050293,89.26236724853516,0.3777967686106007,1.151049735302887
2006-03-31,34.37892532348633,89.28302764892578,0.38505555007239906,1.3396376356005826
2006-04-03,35.10850524902344,89.2142333984375,0.39353031362412993,1.5581009246324367
2006-04-04,35.7054328918457,89.78501892089844,0.3976769545852919,1.6554560390500819
2006-04-05,36.19919967651367,90.09449005126953,0.4017914930859147,1.7496087415836135
2006-04-06,36.17708969116211,89.99821472167969,0.40197563699502364,1.7364663109722476
2006-04-07,35.9265251159668,89.08354949951172,0.4032902294285402,1.7535748851471273
2006-04-10,35.90441131591797,89.22113800048828,0.40242045910377733,1.7127138801275488
2006-04-11,35.02006530761719,88.46463775634766,0.39586512979424227,1.522421359678224
2006-04-12,34.93901062011719,88.62969970703125,0.39421334762059873,1.4649799835768633
2006-04-13,35.617000579833984,88.5127944946289,0.40239380965421084,1.6681441301195532
2006-04-17,36.2655143737793,88.4783935546875,0.409879891765485,1.8486886947609296
2006-04-18,37.06880187988281,89.88130187988281,0.41241950332919614,1.8963529012653744
2006-04-19,37.135128021240234,90.05321502685547,0.4123687089924094,1.8751954091545129
2006-04-20,37.024593353271484,90.1769790649414,0.410576998000876,1.8095365712995473
2006-04-21,37.275150299072266,90.1907730102539,0.4132922809613175,1.8611946124602878
2006-04-24,36.92878723144531,90.02574920654297,0.41020249825103783,1.76301745451403
2006-04-25,36.74455261230469,89.65438079833984,0.40984670559439185,1.7364672840143491
2006-04-26,37.56256866455078,89.67499542236328,0.418874497708459,1.9497087301405782
2006-04-27,37.245670318603516,90.10823822021484,0.4133436748322512,1.7890483284237015
2006-04-28,36.55293273925781,90.41082000732422,0.4042982105050772,1.542336155869505
2006-05-01,36.774024963378906,89.67499542236328,0.4100811468144011,1.6768327142513462
2006-05-02,37.348854064941406,90.34892272949219,0.4133846086551045,1.746612354152974
2006-05-03,37.31936264038086,90.01197052001953,0.41460444010700415,1.7627921699125475
2006-05-04,37.64362716674805,90.33517456054688,0.4167106262856394,1.7993248481010171
2006-05-05,37.95314407348633,91.13290405273438,0.4164592851285043,1.7759038668042326
2006-05-08,38.432167053222656,91.02286529541016,0.4222254147734526,1.903752379255983
2006-05-09,38.100547790527344,91.20169830322266,0.4177613849234762,1.7731251948663538
2006-05-10,38.12265396118164,91.15353393554688,0.41822464050749286,1.7686649345166454
2006-05-11,37.40779113769531,90.05321502685547,0.41539650890353713,1.682311648977206
2006-05-12,36.715065002441406,88.87726593017578,0.41309849732872844,1.610971821993456
2006-05-15,35.941261291503906,89.0560531616211,0.40358021735228744,1.3593366907233773
2006-05-16,35.7054328918457,88.92539978027344,0.4015211961944571,1.297551385716263
2006-05-17,34.98322296142578,87.23368835449219,0.4010288183535723,1.2759861209160568
2006-05-18,34.629486083984375,86.79356384277344,0.3989867975316199,1.215176408454073
2006-05-19,35.26326370239258,87.40560150146484,0.40344397952345873,1.3191906884477866
2006-05-22,33.627235412597656,86.73855590820312,0.3876849811540087,0.9092748720166454
2006-05-23,33.78934860229492,86.07835388183594,0.3925417608319886,1.0264314421019876
2006-05-24,33.64196014404297,86.76605987548828,0.38773179503967475,0.8958305419545156
2006-05-25,33.90726852416992,87.8388442993164,0.38601678784193433,0.8450966240795262
2006-05-26,34.297855377197266,88.28584289550781,0.38848646909098516,0.9023872201136135
2006-05-30,32.750247955322266,86.71792602539062,0.3776641054092223,0.6147735950103584
2006-05-31,33.384029388427734,87.68758392333984,0.38071558018537094,0.6883022976068791
2006-06-01,33.767250061035156,88.5265884399414,0.3814362515951203,0.7009991179304221
2006-06-02,33.79672622680664,88.71224212646484,0.3809702631416676,0.682561022568004
2006-06-05,32.75761413574219,87.41935729980469,0.3747180847303641,0.5108406398383397
2006-06-06,32.6470832824707,87.20616912841797,0.37436667163300447,0.4954317235242876
2006-06-07,32.12384033203125,86.5528793334961,0.3711469864365249,0.40310729860702815
2006-06-08,31.158432006835938,86.47724151611328,0.360307885179596,0.10497345507517815
2006-06-09,30.944713592529297,86.2021255493164,0.35897854484836067,0.06249689605544789
2006-06-12,30.509916305541992,85.26689910888672,0.35781665129607343,0.02439411430568013
2006-06-13,29.52239418029785,84.27661895751953,0.35030349515064085,-0.18824524373299006
2006-06-14,30.716251373291016,84.92992401123047,0.36166582898660476,0.11767626740893063
2006-06-15,31.83642578125,86.731689453125,0.367067976906599,0.2609900767369454
2006-06-16,31.637454986572266,86.09965515136719,0.3674515877090582,0.26538947410203456
2006-06-19,30.944713592529297,85.4227523803711,0.36225376413462346,0.11339368043984577
2006-06-20,30.642566680908203,85.71283721923828,0.35750265275351856,-0.027802708190820057
2006-06-21,31.320558547973633,86.34830474853516,0.3627234910886304,0.11295490458168389
2006-06-22,30.915239334106445,85.96839904785156,0.3596116675023629,0.016781671195527533
2006-06-23,30.988929748535156,85.9546127319336,0.3605266635914031,0.03609752463635094
2006-06-26,31.025775909423828,86.3344955444336,0.3593670839653642,-0.004682135078246873
2006-06-27,30.649925231933594,85.5885238647461,0.35810788465482923,-0.0491621016381251
2006-06-28,31.24687385559082,86.168701171875,0.36262440341609364,0.0757182784895238
2006-06-29,32.82394790649414,87.90934753417969,0.37338404648870804,0.3873248134484471
2006-06-30,33.251373291015625,87.91627502441406,0.37821635734432363,0.5253141103671042
2006-07-03,33.75251388549805,88.27547454833984,0.38235437484977886,0.643900565434618
2006-07-05,32.46284103393555,87.77122497558594,0.3698574452272401,0.25798448370573845
2006-07-06,32.6323356628418,88.0268325805664,0.3707089611906132,0.27673640592402926
2006-07-07,32.30808639526367,87.45349884033203,0.3694316044947506,0.22964412323443698
2006-07-10,33.052398681640625,87.61927032470703,0.37722750439660363,0.46687535880144404
2006-07-11,33.19242477416992,88.00606536865234,0.37716064949760864,0.4584583242277625
2006-07-12,32.79446029663086,87.06670379638672,0.3766590311414986,0.43611578752918334
2006-07-13,31.94696807861328,85.65068054199219,0.3729914097174109,0.31151844803693585
2006-07-14,31.541654586791992,85.31909942626953,0.36969043038305205,0.1976366803706055
2006-07-17,31.283720016479492,85.19480895996094,0.36720218518456826,0.10874404675476286
2006-07-18,31.025775909423828,85.62996673583984,0.36232381130236035,-0.06020168702542339
2006-07-19,32.234378814697266,86.81804656982422,0.3712866171064154,0.23022595466475734
2006-07-20,31.873279571533203,86.22396850585938,0.36965683816057765,0.1683032256200025
2006-07-21,31.689043045043945,85.61611938476562,0.37012940171500736,0.17736375610479035
2006-07-24,32.6470832824707,87.17717742919922,0.3744911712584979,0.3187445606921966
2006-07-25,32.6102294921875,87.48804473876953,0.3727392649996734,0.2520251995749717
2006-07-26,32.79446029663086,87.60543060302734,0.3743427784201496,0.3005400913146217
2006-07-27,33.199798583984375,87.52252960205078,0.3793285995610261,0.46734866964962235
2006-07-28,33.60512161254883,88.39978790283203,0.38014934661932864,0.48986844408963803
2006-07-31,33.273494720458984,88.30996704101562,0.37678073987962296,0.36487921379952654
2006-08-01,32.42598342895508,87.87480163574219,0.36900206686516307,0.0825905149046839
2006-08-02,32.87553787231445,88.46885681152344,0.3716057724398251,0.16911429614310242
2006-08-03,32.772361755371094,88.70368957519531,0.3694588343767766,0.08540815694795283
2006-08-04,32.99344253540039,88.55174255371094,0.37258942155077596,0.1915897532946986
2006-08-07,32.68392562866211,88.3445053100586,0.3699599144729246,0.08827682000210701
2006-08-08,32.8313102722168,88.00606536865234,0.3730573584296529,0.19452027318375772
2006-08-09,32.9860725402832,87.70903015136719,0.376085250097467,0.29975854695210297
2006-08-10,33.052398681640625,87.97843933105469,0.3756874858539775,0.27848531032414775
2006-08-11,32.42598342895508,87.72978973388672,0.36961200439797864,0.04511372761341699
2006-08-14,32.46284103393555,87.79883575439453,0.369741133296414,0.04387102319128658
2006-08-15,33.04503631591797,88.84877014160156,0.37192452144529264,0.11982309143594455
2006-08-16,33.29560089111328,89.58782958984375,0.3716531703418774,0.10242974536772671
2006-08-17,33.64196014404297,89.81575775146484,0.37456634544169715,0.207241937630892
2006-08-18,33.86305618286133,90.27165985107422,0.37512388980912664,0.22128036702305162
2006-08-21,33.50931930541992,89.88484954833984,0.3728027523414688,0.12312397221806327
2006-08-22,33.82619857788086,89.8779525756836,0.37635702203381644,0.25567455931355126
2006-08-23,33.28822326660156,89.62928009033203,0.37139898070197974,0.052229068314297376
2006-08-24,33.052398681640625,89.55326080322266,0.36908090654864467,-0.04962360894242553
2006-08-25,33.280860900878906,89.66383361816406,0.37117374484127436,0.025941592495360995
2006-08-28,33.37666702270508,90.09204864501953,0.3704729498850197,-0.01235960001369404
2006-08-29,33.82619857788086,90.1956787109375,0.3750312549483477,0.16632663131864214
2006-08-30,33.61248779296875,90.25094604492188,0.3724336338395648,0.04787014947309717
2006-08-31,33.79672622680664,90.23712921142578,0.3745323740033977,0.12741991402372937
2006-09-01,34.253639221191406,90.77588653564453,0.37734293245091244,0.24025546612975088
2006-09-05,34.452613830566406,90.9486083984375,0.3788140845391792,0.29707623055435317
2006-09-06,33.91464614868164,90.1473388671875,0.3762135030813,0.17583607737652393
2006-09-07,33.804100036621094,89.73291015625,0.37671908754278377,0.1911206936917889
2006-09-08,34.003074645996094,89.98847961425781,0.3778603082500422,0.23477803125441465
2006-09-11,33.236637115478516,90.07825469970703,0.3689751452920481,-0.171562454321466
2006-09-12,33.656707763671875,90.96237182617188,0.3700069280074346,-0.13324847595169703
2006-09-13,33.53143310546875,91.3284912109375,0.36715194416190056,-0.27206584230921255
2006-09-14,33.75251388549805,91.33540344238281,0.36954469585049976,-0.1697983753502356
2006-09-15,34.12097930908203,91.54975128173828,0.3727042272794055,-0.030557392310018788
2006-09-18,34.52631378173828,91.67465209960938,0.3766178871802383,0.1444863539005671
2006-09-19,34.4157600402832,91.44570922851562,0.37635183028960856,0.12639326661988248
2006-09-20,35.00533676147461,91.93135833740234,0.38077689043818536,0.327766219617359
2006-09-21,34.70318603515625,91.48733520507812,0.37932229589336647,0.2542042349440696
2006-09-22,34.12097930908203,91.20983123779297,0.37409321830807135,0.002949592217363118
2006-09-25,34.717918395996094,91.91055297851562,0.37773593206551065,0.16924965213279766
2006-09-26,34.52631378173828,92.67369842529297,0.37255784940503883,-0.08183127132770994
2006-09-27,34.747398376464844,92.78467559814453,0.37449501388524237,0.005281780918320597
2006-09-28,34.96848678588867,92.7499771118164,0.3770188184923408,0.12132329438806876
2006-09-29,34.084136962890625,92.67369842529297,0.3677865191747674,-0.3261517232408157
2006-10-02,34.61473846435547,92.32678985595703,0.37491543373661534,0.011031385903127487
2006-10-03,34.555789947509766,92.52104187011719,0.3734911458954369,-0.06379098664012585
2006-10-04,34.732669830322266,93.60334777832031,0.3710622606424209,-0.18596487380854565
2006-10-05,35.219058990478516,93.7837142944336,0.3755349130224084,0.026347106569048335
2006-10-06,34.85794448852539,93.66575622558594,0.3721524908694809,-0.14644009155101342
2006-10-09,33.53143310546875,93.72127532958984,0.35777824178713613,-0.8578774777596804
2006-10-10,33.61248779296875,93.84617614746094,0.3581657684182389,-0.8416559800738522
2006-10-11,33.457733154296875,93.73516845703125,0.35693895583741436,-0.9020093450398142
2006-10-12,34.098876953125,94.54684448242188,0.3606558964478678,-0.7233401947764008
2006-10-13,34.216793060302734,94.7896499633789,0.3609760461561159,-0.7148624004910287
2006-10-16,34.48946762084961,94.93538665771484,0.36329411861142774,-0.6073812236534751
2006-10-17,34.20942306518555,94.63703155517578,0.3614803053627119,-0.7088184205346812
2006-10-18,34.30522537231445,94.76188659667969,0.362015010510739,-0.6935531598004485
2006-10-19,34.2389030456543,94.91449737548828,0.3607341764683517,-0.7738781074709048
2006-10-20,34.246273040771484,94.93538665771484,0.3607324333574881,-0.7903553199710636
2006-10-23,34.32733917236328,95.37246704101562,0.3599292357363531,-0.8431386389119941
2006-10-24,34.356815338134766,95.65685272216797,0.3591673190202374,-0.8947522974220472
2006-10-25,34.695804595947266,95.98297119140625,0.3614787515460214,-0.7878047565245484
2006-10-26,34.89479064941406,96.28128814697266,0.3624254652279624,-0.7495720102029042
2006-10-27,34.452613830566406,95.67771911621094,0.36009025036142406,-0.8901226465448174
2006-10-30,34.349449157714844,95.60832214355469,0.35927258618909325,-0.9528796200217273
2006-10-31,34.813724517822266,95.59442901611328,0.3641815205774607,-0.6967593180280831
2006-11-01,34.710540771484375,94.94923400878906,0.3655694659766435,-0.6307065099507912
2006-11-02,35.05691909790039,94.89374542236328,0.3694334009250587,-0.42172695317156234
2006-11-03,35.204315185546875,94.72722625732422,0.37163882630654893,-0.305256395200583
2006-11-06,35.44013595581055,95.795654296875,0.369955570698228,-0.41104482539834963
2006-11-07,35.30012512207031,96.16329956054688,0.3670852111292672,-0.58645805712308
2006-11-08,35.39591979980469,96.37146759033203,0.36728630044600047,-0.586332984773855
2006-11-09,35.7275390625,95.86499786376953,0.37268596316323066,-0.2809975319819796
2006-11-10,35.7864990234375,95.9066162109375,0.3731390016380986,-0.26354655632628576
2006-11-13,36.081275939941406,96.14250946044922,0.37528951701416113,-0.1432080115248593
2006-11-14,36.42028045654297,96.86408996582031,0.37599362642434686,-0.10780521922809863
2006-11-15,36.331851959228516,97.14154815673828,0.374009398127019,-0.23411149785771082
2006-11-16,36.30237579345703,97.3913345336914,0.37274749306262606,-0.3168791881703039
2006-11-17,36.15497970581055,97.4190444946289,0.3711284574116708,-0.4215534744378621
2006-11-20,35.941261291503906,97.47450256347656,0.3687247469470134,-0.5748073256289064
2006-11-21,36.21394348144531,97.57164764404297,0.37115232094429307,-0.43619527194113533
2006-11-22,36.61925506591797,97.76593780517578,0.3745604643908947,-0.23882210222169198
2006-11-24,36.39817428588867,97.37047576904297,0.37381119891231707,-0.2943859468176267
2006-11-27,35.889671325683594,96.03150939941406,0.37372807685872506,-0.30915578491899803
2006-11-28,36.014949798583984,96.44779968261719,0.37341390801137136,-0.33923000480290344
2006-11-29,36.47922897338867,97.45378875732422,0.37432335303276804,-0.2911153777486237
2006-11-30,36.47922897338867,97.49539184570312,0.3741636223291553,-0.30981369340284787
2006-12-01,36.486610412597656,97.28028869628906,0.3750668393523128,-0.25745543878027616
2006-12-04,36.88457107543945,98.02263641357422,0.37628625820486156,-0.18528994267210072
2006-12-05,36.88457107543945,98.44578552246094,0.37466886855226567,-0.2986515953959685
2006-12-06,36.59716033935547,98.36257934570312,0.3720638537825633,-0.47536894263026613
2006-12-07,36.42028045654297,97.93244934082031,0.3718918571085123,-0.49129558610393925
2006-12-08,35.85283660888672,98.11278533935547,0.3654247148817337,-0.9236448001473553
2006-12-11,35.77913284301758,98.39727783203125,0.36361913287981634,-1.0453882811879878
2006-12-12,35.432762145996094,98.32096862792969,0.36037848935441463,-1.2585856156727042
2006-12-13,35.720176696777344,98.42505645751953,0.3629175129017503,-1.088126535297252
2006-12-14,36.84035110473633,99.29222869873047,0.37102955173376384,-0.5515987699540892
2006-12-15,36.76665496826172,99.3012924194336,0.3702535392285223,-0.6054911115048959
2006-12-18,36.63399124145508,99.02916717529297,0.3699313271675679,-0.6301107565168478
2006-12-19,36.49396896362305,99.21757507324219,0.36781758611499304,-0.7720698609242487
2006-12-20,36.89684295654297,99.16178894042969,0.3720873065199371,-0.4883620077400773
2006-12-21,36.71878433227539,98.79895782470703,0.37165153500326686,-0.5163694701854289
2006-12-22,36.47394943237305,98.19204711914062,0.37145522985295987,-0.5290825396460114
2006-12-26,36.77815246582031,98.77108764648438,0.37235747162625665,-0.46744262853243673
2006-12-27,36.837501525878906,99.41989135742188,0.3705244596722135,-0.5865074907611726
2006-12-28,36.652015686035156,99.21060180664062,0.3694364817730787,-0.6550550377448588
2006-12-29,36.652015686035156,98.79895782470703,0.370975731860093,-0.5484840197741799
2007-01-03,36.154903411865234,98.62460327148438,0.3665911163398191,-0.8346029900949506
2007-01-04,35.75426483154297,98.8338623046875,0.36176128300358057,-1.146880217420866
2007-01-05,34.893611907958984,98.04554748535156,0.35589185641675614,-1.5231995961425602
2007-01-08,34.96037673950195,98.49899291992188,0.3549313115102018,-1.571728190805347
2007-01-09,34.57456970214844,98.41533660888672,0.3513128227112767,-1.792451663339991
2007-01-10,34.46328353881836,98.74319458007812,0.34901932923457873,-1.9222292564110146
2007-01-11,34.73038101196289,99.17571258544922,0.35019038539339353,-1.8248468107221103
2007-01-12,35.509422302246094,99.92916870117188,0.35534591915232927,-1.4750575007308748
2007-01-16,35.62071228027344,99.73383331298828,0.35715775777400677,-1.3456568579301622
2007-01-17,35.331356048583984,99.77569580078125,0.35410783923901573,-1.5286991894032336
2007-01-18,35.13102340698242,99.44084167480469,0.353285660250838,-1.5671543850281533
2007-01-19,35.22006607055664,99.63616180419922,0.35348678063060707,-1.5413605770995207
2007-01-22,34.87135314941406,99.3292007446289,0.35106849635352255,-1.6788358703015438
2007-01-23,35.294254302978516,99.62217712402344,0.35428109806353014,-1.464464081694942
2007-01-24,36.0584602355957,100.42448425292969,0.35906044729867526,-1.1543357042485367
2007-01-25,35.1087646484375,99.2454605102539,0.35375688185567045,-1.4756471639107005
2007-01-26,35.234901428222656,99.1548080444336,0.35535242438705616,-1.3634629062716652
2007-01-29,34.90103530883789,99.09902954101562,0.3521834216791484,-1.5492686213861633
2007-01-30,35.19780349731445,99.61521911621094,0.3533376105537926,-1.4657376292082949
2007-01-31,35.10134506225586,100.28494262695312,0.35001610553668333,-1.660237062045608
2007-02-01,36.021366119384766,100.88490295410156,0.3570540791001503,-1.2113867906315476
2007-02-02,36.407169342041016,101.02447509765625,0.3603796932064996,-0.9941115917511198
2007-02-05,36.60749816894531,101.0523452758789,0.3622627269956444,-0.8681576558432086
2007-02-06,37.09718322753906,101.08026885986328,0.3670071681246737,-0.5629914948633322
2007-02-07,36.889434814453125,101.30352020263672,0.3641476104745763,-0.7375540625524175
2007-02-08,36.689109802246094,101.17095184326172,0.36264470318601333,-0.8263400296037501
2007-02-09,36.503631591796875,100.41748046875,0.3635186963604094,-0.7648502560132097
2007-02-12,36.399749755859375,100.07565307617188,0.3637223304269018,-0.7459126997551804
2007-02-13,36.84492111206055,100.91984558105469,0.36509093825820627,-0.6532338002694732
2007-02-14,37.41621017456055,101.58258056640625,0.36833293627642133,-0.4447085874330124
2007-02-15,37.49040985107422,101.71509552001953,0.36858255561186953,-0.42451574196286684
2007-02-16,37.77976989746094,101.66629791259766,0.371605641920198,-0.23121560275705294
2007-02-20,37.876216888427734,101.88256072998047,0.37176349531311,-0.2192610742365641
2007-02-21,37.98009490966797,101.84066772460938,0.37293642862172866,-0.14248952232695372
2007-02-22,38.180419921875,101.76396179199219,0.3751860604632967,0.003492306811994964
2007-02-23,38.12106704711914,101.36628723144531,0.3760724407324788,0.06184130894956329
2007-02-26,38.061702728271484,101.27560424804688,0.37582301296420567,0.04921061011696468
2007-02-27,35.63554763793945,97.3200454711914,0.36616862913908377,-0.560918937668456
2007-02-28,36.34782409667969,98.3176040649414,0.3696980255201396,-0.3300180635582666
2007-03-01,35.791358947753906,98.0246353149414,0.36512616275246074,-0.6174169540795384
2007-03-02,35.40554428100586,96.74102020263672,0.365982746583035,-0.556790795052919
2007-03-05,34.893611907958984,95.82009887695312,0.3641575443662131,-0.6682474082452001
2007-03-06,36.466522216796875,97.45957946777344,0.3741707322762983,-0.022352470422560777
2007-03-07,36.0584602355957,97.36189270019531,0.37035496368820453,-0.26583474627497977
2007-03-08,36.86717987060547,98.18509674072266,0.375486515717967,0.061668062588963866
2007-03-09,36.5926513671875,98.21299743652344,0.3725846102074004,-0.12584631284913167
2007-03-12,37.33460235595703,98.35951232910156,0.379572869688892,0.32177536729846484
2007-03-13,36.07328796386719,96.44794464111328,0.37401821363946486,-0.03604383675512769
2007-03-14,36.61491394042969,97.16656494140625,0.37682626696239957,0.1449145424988535
2007-03-15,36.84492111206055,97.2990951538086,0.3786769142489638,0.26384746041820706
2007-03-16,36.60749816894531,97.02659606933594,0.37729343965427087,0.17445890138118414
2007-03-19,37.36427688598633,98.19629669189453,0.3805059675847277,0.3791223518771544
2007-03-20,37.40137481689453,98.7356185913086,0.37880326624283556,0.2688680036520353
2007-03-21,38.35105895996094,100.36051177978516,0.38213295528137886,0.48314025115200204
2007-03-22,37.57944869995117,100.28349304199219,0.3747321474354244,0.006890387015957899
2007-03-23,37.58686447143555,100.43058013916016,0.37425716768093803,-0.024544598477836164
2007-03-26,37.55718994140625,100.29749298095703,0.37445791340504436,-0.01325072562120619
2007-03-27,37.23073196411133,100.05937957763672,0.37208637632240926,-0.16659626669438113
2007-03-28,36.91170120239258,99.33094024658203,0.37160325987815973,-0.1966477484122986
2007-03-29,37.74267578125,99.43600463867188,0.3795675009107457,0.3147977067489485
2007-03-30,37.52008056640625,99.45703125,0.3772491506617965,0.16560873230559872
2007-04-02,38.09880447387695,99.5690689086914,0.3826369463072412,0.5111958451618199
2007-04-03,38.67009735107422,100.64066314697266,0.3842392939581643,0.6146551394257095
2007-04-04,38.76654815673828,100.7527847290039,0.3847689992987209,0.6523720076442334
2007-04-05,38.90010452270508,101.02590942382812,0.3850507730597082,0.6761616007698675
2007-04-09,39.13010787963867,101.16600036621094,0.38679109323282074,0.7966594580930912
2007-04-10,39.0855827331543,101.2850570678711,0.3858968328068676,0.7465575890705953
2007-04-11,39.003971099853516,100.87184143066406,0.38666857416956685,0.8060677414263365
2007-04-12,39.93140411376953,101.32008361816406,0.39411144057337577,1.3025080278398857
2007-04-13,39.90172576904297,101.78237915039062,0.39202980026715,1.1675748743667147
2007-04-16,40.06494903564453,102.74891662597656,0.3899306226408958,1.031261158058099
2007-04-17,39.68656921386719,103.02206420898438,0.3852239762286397,0.7284192489342355
2007-04-18,39.731075286865234,103.14814758300781,0.3851845740117815,0.7398816514133757
2007-04-19,39.37495040893555,103.12013244628906,0.3818357237801678,0.5294755259841187
2007-04-20,39.98334884643555,104.09374237060547,0.38410905339614587,0.7010023155354363
2007-04-23,39.84979248046875,103.70143127441406,0.3842742765528326,0.7282212191461526
2007-04-24,40.03527069091797,103.74348449707031,0.38590636207181334,0.8617604367137276
2007-04-25,40.17625045776367,104.69601440429688,0.38374192834712895,0.7248477369021404
2007-04-26,40.072364807128906,104.81510162353516,0.38231480184083577,0.6384728365763819
2007-04-27,39.738494873046875,104.73100280761719,0.3794339193528342,0.45022194907963137
2007-04-30,39.367530822753906,103.86251068115234,0.37903503934743443,0.43833927136065753
2007-05-01,39.69397735595703,104.12873840332031,0.38120098221310367,0.6153220556898783
2007-05-02,40.45076370239258,104.73802185058594,0.3862089715623771,1.0192610570980265
2007-05-03,40.806888580322266,105.3053970336914,0.38750994469226024,1.147622383470085
2007-05-04,40.547218322753906,105.70459747314453,0.38358992221748345,0.8660206962774452
2007-05-07,41.111087799072266,105.72557067871094,0.3888471590662263,1.3266831801693986
2007-05-08,41.066585540771484,105.58555603027344,0.38894132005136095,1.374357948845559
2007-05-09,41.70464324951172,105.87266540527344,0.39391322670369305,1.8554204307833881
2007-05-10,40.806888580322266,104.7660903930664,0.3895047379091941,1.524001863560884
2007-05-11,41.845611572265625,105.66259002685547,0.3960305304046592,2.165982574510136
2007-05-14,41.43754577636719,105.43147277832031,0.39302823610833515,1.9468856599936621
2007-05-15,41.21498107910156,105.4594955444336,0.39081337215136136,1.789976450827911
2007-05-16,42.05336380004883,106.18091583251953,0.39605388096652056,2.3121399517628434
2007-05-17,41.62303924560547,105.97078704833984,0.39277842889492387,2.0159957381170575
2007-05-18,41.48206329345703,106.89532470703125,0.38806246584822307,1.5798415587115062
2007-05-21,41.77143096923828,106.8392333984375,0.3909746414358789,1.882769400474686
2007-05-22,42.194332122802734,106.75520324707031,0.39524379926615594,2.3293803247969085
2007-05-23,42.14238357543945,106.76919555664062,0.39470545184620304,2.260679778067039
2007-05-24,41.40045166015625,105.80265808105469,0.3912987859760541,1.9244450662224182
2007-05-25,42.21659851074219,106.24392700195312,0.3973554037584294,2.503762110432766
2007-05-29,42.25368881225586,106.62911224365234,0.3962678477122108,2.3743678534585633
2007-05-30,42.62466049194336,107.49762725830078,0.39651722162687975,2.380770583131881
2007-05-31,43.10692596435547,107.38557434082031,0.401421943580082,2.8056253201708166
2007-06-01,43.96015930175781,107.91786193847656,0.4073483157664788,3.2943475037923204
2007-06-04,44.5537109375,107.93189239501953,0.4127946795784701,3.694558712808449
2007-06-05,44.368228912353516,107.504638671875,0.4127099022003502,3.584039132663807
2007-06-06,43.74498748779297,106.3489990234375,0.4113342663258384,3.3694643689567956
2007-06-07,43.55208969116211,104.42984008789062,0.4170464079472653,3.743067319024296
2007-06-08,44.442420959472656,105.78866577148438,0.42010569502288053,3.864867653075612
2007-06-11,43.989837646484375,105.97078704833984,0.4151128709312868,3.365714145932189
2007-06-12,43.611446380615234,104.81510162353516,0.4160797986654123,3.356020815790406
2007-06-13,44.4498405456543,106.38397979736328,0.4178245693601696,3.403592047662585
2007-06-14,45.45888137817383,107.0633544921875,0.4245979550499793,3.8131532382504676
2007-06-15,45.92631149291992,107.67256927490234,0.4265367846444154,3.829217825528703
2007-06-18,46.13404846191406,107.54590606689453,0.42897075443502486,3.8702976191165233
2007-06-19,46.260189056396484,107.8132553100586,0.42907700841939583,3.752087075392942
2007-06-20,45.43663024902344,106.31493377685547,0.4273776847229236,3.530805962919874
2007-06-21,46.163734436035156,106.90583801269531,0.43181677721429124,3.713977064895283
2007-06-22,44.88016128540039,105.8999252319336,0.42379785620346216,3.113234511769311
2007-06-25,44.77629470825195,105.39346313476562,0.4248488793939424,3.109144367874231
2007-06-26,44.301448822021484,104.31019592285156,0.4247087106881392,3.032551643179634
2007-06-27,44.69468307495117,105.79440307617188,0.4224673685504047,2.8366936863177936
2007-06-28,44.85049057006836,105.78032684326172,0.42399652098376334,2.8732757730777534
2007-06-29,44.73918914794922,105.81552124023438,0.4228036551119684,2.748054789916365
2007-07-02,46.00791931152344,106.77220153808594,0.4308979177048465,3.153651558647901
2007-07-03,46.63115310668945,107.15900421142578,0.4351585146749379,3.314604046271765
2007-07-05,47.35825729370117,107.04651641845703,0.44240820606036674,3.6180494244465162
2007-07-06,48.374725341796875,107.60923767089844,0.4495406378562164,3.8773479094848278
2007-07-09,48.716007232666016,107.69365692138672,0.4523572569202224,3.88993957198243
2007-07-10,48.07052993774414,106.16018676757812,0.45281127889297507,3.7847047201587523
2007-07-11,48.58988571166992,106.91287994384766,0.45448112273460506,3.7445061203920758
2007-07-12,50.08119583129883,108.60107421875,0.4611482546703235,3.930486575453386
2007-07-13,50.897335052490234,108.92462158203125,0.4672711670993449,4.065317850629011
2007-07-16,50.19248962402344,108.91056823730469,0.4608596799776058,3.6515243385131986
2007-07-17,50.22957229614258,108.85426330566406,0.4614387233975149,3.5682494778770417
2007-07-18,49.52473831176758,108.65731811523438,0.4557883368632851,3.2367917331825398
2007-07-19,50.02925491333008,109.07939910888672,0.45864989468258066,3.274954818617019
2007-07-20,50.355709075927734,107.97505187988281,0.46636429618895764,3.496506799095877
2007-07-23,51.490875244140625,108.30570983886719,0.4754216127732014,3.7437355938188377
2007-07-24,50.41506576538086,106.42749786376953,0.4737033828410933,3.565936637369829
2007-07-25,51.15699768066406,106.64552307128906,0.479691938371077,3.6796620422743063
2007-07-26,48.52311706542969,104.12027740478516,0.46602946395146333,3.088354539494717
2007-07-27,47.59568405151367,102.0733413696289,0.4662890761962984,3.0279706143756338
2007-07-30,49.4134407043457,103.67005157470703,0.47664142106399204,3.316221166566648
2007-07-31,48.946014404296875,102.50244140625,0.477510718113612,3.261846081612256
2007-08-01,47.78117752075195,103.00182342529297,0.4638867151260439,2.732876402245167
2007-08-02,47.72923278808594,103.82481384277344,0.45970930282971134,2.544711677915626
2007-08-03,46.022762298583984,101.15184020996094,0.4549869009110908,2.3477725738785433
2007-08-06,47.74405288696289,102.8470687866211,0.4642237591235434,2.610532778381651
2007-08-07,47.899864196777344,103.94440460205078,0.46082195939416926,2.4568685840805
2007-08-08,49.12409210205078,105.39346313476562,0.46610188754530507,2.583537990353753
2007-08-09,46.74244689941406,102.27027893066406,0.4570482000064156,2.257486665935263
2007-08-10,46.11179733276367,101.79198455810547,0.45300027829246103,2.099836737394739
2007-08-13,46.223087310791016,102.1576919555664,0.4524680073126143,2.0561837634242606
2007-08-14,44.81339645385742,100.59612274169922,0.44547836668541224,1.815729524912225
2007-08-15,43.381446838378906,99.21036529541016,0.43726728259900777,1.5439922786190794
2007-08-16,41.7565803527832,99.95603942871094,0.4177494485719812,0.9290810796638248
2007-08-17,43.4036979675293,101.79198455810547,0.42639602868488485,1.1886107738276521
2007-08-20,43.507564544677734,101.74272155761719,0.4276233609500929,1.2169871640804497
2007-08-21,43.16627883911133,101.9466781616211,0.42342016059294935,1.0787492517455206
2007-08-22,45.080482482910156,103.15658569335938,0.4370102226620339,1.484940697331537
2007-08-23,45.162113189697266,103.06515502929688,0.4381899311834312,1.507245794522235
2007-08-24,46.1043701171875,104.33831787109375,0.4418738106756503,1.6041982638977297
2007-08-27,45.14726638793945,103.36768341064453,0.43676384047986033,1.4352561886819715
2007-08-28,44.1827392578125,101.09553527832031,0.4370394709932099,1.4306947908095005
2007-08-29,46.83147430419922,103.07920837402344,0.45432512572536426,1.931127446612981
2007-08-30,46.297279357910156,102.80486297607422,0.4503413361747773,1.7913871878761896
2007-08-31,47.55857849121094,103.81779479980469,0.45809659685913895,1.9982128829665622
2007-09-04,48.003753662109375,104.86585998535156,0.4577634100251015,1.9641064588917905
2007-09-05,46.890830993652344,103.95854187011719,0.45105318091356456,1.747523190298184
2007-09-06,47.75148391723633,104.1976318359375,0.4582780153048254,1.9358439628552502
2007-09-07,46.49760437011719,102.74861145019531,0.4525375449249324,1.7499461152843994
2007-09-10,46.2082405090332,102.5516586303711,0.4505850137010699,1.6761590834842048
2007-09-11,47.19504165649414,103.74740600585938,0.4549033414274347,1.7808230223792105
2007-09-12,46.66082763671875,104.01473999023438,0.44859822406996924,1.5849104579867466
2007-09-13,47.66245651245117,104.74632263183594,0.45502749227747064,1.7491083515829744
2007-09-14,47.87018966674805,104.73930358886719,0.45704132094149424,1.7865116596101944
2007-09-17,47.49922561645508,104.17656707763672,0.45594923070422044,1.7371091676639525
2007-09-18,49.183433532714844,107.24348449707031,0.45861465396584017,1.7919390114515656
2007-09-19,50.02183532714844,107.87654113769531,0.463695209353253,1.9107508170204446
2007-09-20,49.4134407043457,107.1168212890625,0.4613042107644322,1.8239171051000658
2007-09-21,50.12571334838867,107.40592956542969,0.46669409734825695,1.9484600833479526
2007-09-24,50.52635192871094,107.2080307006836,0.4712926037208588,2.0474862949641457
2007-09-25,49.99216079711914,106.99596405029297,0.46723407972304964,1.9146538929162498
2007-09-26,50.68958282470703,107.56136322021484,0.47126199693962734,1.99789762148124
2007-09-27,51.119911193847656,108.1975326538086,0.4724683635569782,2.0048614869366563
2007-09-28,50.49666976928711,107.83699798583984,0.4682685044321974,1.8717138443965218
2007-10-01,52.544437408447266,109.05268096923828,0.48182618658654586,2.1976593430635996
2007-10-02,53.34575653076172,108.90421295166016,0.4898410730394843,2.3700716784430824
2007-10-03,52.34413146972656,108.6851577758789,0.4816125084684156,2.1284889080708136
2007-10-04,52.62605667114258,108.85476684570312,0.4834520177305392,2.146182386887221
2007-10-05,53.375423431396484,110.14815521240234,0.48457846006109573,2.145509549328643
2007-10-08,52.826385498046875,109.5615005493164,0.48216193857502326,2.057808436416832
2007-10-09,53.41993713378906,110.5933837890625,0.4830301352898129,2.052975416670069
2007-10-10,53.58317184448242,110.40962219238281,0.4853125187867832,2.0834126773153847
2007-10-11,53.41993713378906,109.87957763671875,0.48616802396533404,2.078426541583542
2007-10-12,53.457035064697266,110.48729705810547,0.483829693440542,1.9974500929626955
2007-10-15,52.31443405151367,109.55448913574219,0.4775197663209774,1.8239152509994976
2007-10-16,50.897335052490234,108.6851577758789,0.46830069619484105,1.5852812460214123
2007-10-17,51.639259338378906,109.01730346679688,0.4736794774428313,1.6979117820239222
2007-10-18,52.047340393066406,108.62155151367188,0.47916218897421436,1.8103319701439602
2007-10-19,50.04409408569336,105.78038787841797,0.47309425772963815,1.6486358797115641
2007-10-22,49.83634948730469,106.39520263671875,0.4684078628758148,1.5226972780283066
2007-10-23,50.91215896606445,107.25749206542969,0.47467228615607376,1.6556021621435482
2007-10-24,50.31118392944336,107.05955505371094,0.4699364190725679,1.52912460242382
2007-10-25,51.898956298828125,107.31399536132812,0.48361778092487767,1.8333997223862208
2007-10-26,54.24349594116211,108.5719985961914,0.49960852376779324,2.181282671439395
2007-10-29,55.02253341674805,108.93251037597656,0.5051066318662794,2.277589925262684
2007-10-30,53.60543441772461,108.17623138427734,0.4955380098914759,2.0309245567945955
2007-10-31,55.46771240234375,109.29997253417969,0.5074814852766609,2.2747040005469388
2007-11-01,52.930259704589844,106.74156188964844,0.49587301110799004,1.985252778921712
2007-11-02,52.97477340698242,106.8617172241211,0.4957320056524866,1.9588759796089887
2007-11-05,51.94347381591797,106.04894256591797,0.4898066172006469,1.805082777921523
2007-11-06,54.79253005981445,107.47660827636719,0.509808887147983,2.2239500768719402
2007-11-07,52.60379409790039,104.5364761352539,0.5032099420477812,2.0507309379278524
2007-11-08,51.594749450683594,104.0063705444336,0.49607297303621695,1.8714622845597142
2007-11-09,50.94185256958008,102.5787582397461,0.49661210024125335,1.8624983681143252
2007-11-12,48.69375228881836,101.56101989746094,0.47945316360529894,1.4724906213048148
2007-11-13,51.7060546875,104.65666198730469,0.49405411662921345,1.7727573618348371
2007-11-14,51.55765151977539,104.36685943603516,0.49400405261187613,1.7528717084459702
2007-11-15,50.1850700378418,102.86149597167969,0.4878897547013995,1.6045485623587687
2007-11-16,50.407649993896484,103.03815460205078,0.4892134393184601,1.6170919319901549
2007-11-19,48.204071044921875,101.6034164428711,0.47443356466291414,1.2884064612884205
2007-11-20,48.44892883300781,102.22538757324219,0.47394223669042335,1.267211202747271
2007-11-21,45.711143493652344,100.13338470458984,0.45650253038492433,0.8863718346062553
2007-11-23,46.297279357910156,101.86492919921875,0.4544967509609306,0.836602771711967
2007-11-26,46.14888381958008,99.617431640625,0.46326112869547315,1.0164709174686972
2007-11-27,47.92955780029297,100.76237487792969,0.4756691955539759,1.2716984355247014
2007-11-28,49.26505661010742,103.98524475097656,0.4737696846133043,1.2209277203502085
2007-11-29,48.53795623779297,104.0205307006836,0.4666190021416031,1.0596352619928824
2007-11-30,49.21311569213867,105.06648254394531,0.4683997646114659,1.088921459461256
2007-12-03,48.842140197753906,104.37393951416016,0.4679534031684951,1.0708144866409286
2007-12-04,48.9089241027832,103.44102478027344,0.47281940803152506,1.1651005617771615
2007-12-05,50.74152755737305,105.17255401611328,0.4824597827071789,1.3586726236727875
2007-12-06,51.52796936035156,106.67794036865234,0.48302366152068327,1.3588520838423603
2007-12-07,50.75636291503906,106.65678405761719,0.47588499281602104,1.1975475453656088
2007-12-10,50.01441955566406,107.48365020751953,0.46532118567894587,0.9658600483502655
2007-12-11,48.196659088134766,104.5364761352539,0.4610511169878713,0.8682605889792011
2007-12-12,50.08119583129883,105.56831359863281,0.4743960959886681,1.1425668215235922
2007-12-13,49.26505661010742,105.3492431640625,0.46763560069801313,0.9912562746548446
2007-12-14,47.92955780029297,104.01348876953125,0.4608013668928391,0.8390535592947191
2007-12-17,45.81501007080078,102.529296875,0.44684798849890467,0.5363678030453156
2007-12-18,47.1134147644043,103.10173797607422,0.4569604323773614,0.745765218755384
2007-12-19,47.77375030517578,103.10173797607422,0.46336513082119096,0.8755102877378197
2007-12-20,47.1876106262207,103.7519760131836,0.4548116810828225,0.6864410286725711
2007-12-21,48.5973014831543,105.24758911132812,0.461742657418493,0.8281232707122601
2007-12-24,49.53670120239258,106.02910614013672,0.4671990833999943,0.9376418295706824
2007-12-26,48.89501190185547,106.25653839111328,0.46016003007627415,0.780035894365332
2007-12-27,48.31302261352539,104.92072296142578,0.46047168995668974,0.7801831666418226
2007-12-28,48.70848846435547,104.65786743164062,0.4654068505281783,0.8792442053700423
2007-12-31,48.27571487426758,103.88341522216797,0.46471051005614117,0.8572668347553867
2008-01-02,46.68641662597656,102.97394561767578,0.4533808658679065,0.6070715481347443
2008-01-03,47.28334045410156,102.92426300048828,0.4593993590595567,0.7307460412292417
2008-01-04,45.51497268676758,100.40192413330078,0.45332769346470536,0.5932471224400523
2008-01-07,45.888038635253906,100.31671905517578,0.4574316132689184,0.6761785054289294
2008-01-08,45.403053283691406,98.69670104980469,0.4600260474844033,0.7264339195811547
2008-01-09,46.4252815246582,99.73403930664062,0.4654908379066028,0.8395604745438227
2008-01-10,47.1042594909668,100.38770294189453,0.4692234019761488,0.9150206427810214
2008-01-11,45.02251052856445,99.57772827148438,0.452134340781676,0.5317058826241424
2008-01-14,45.38066482543945,100.38062286376953,0.45208590593253567,0.5245720943046884
2008-01-15,43.46306228637695,98.17092895507812,0.4427284405780162,0.30988241166677877
2008-01-16,42.522918701171875,97.325439453125,0.4369147361687717,0.17322579211735062
2008-01-17,42.276695251464844,94.80310821533203,0.44594207982547607,0.37041177567133515
2008-01-18,43.366065979003906,93.82972717285156,0.46217832328464153,0.7321055163545936
2008-01-22,41.98569107055664,92.87763214111328,0.4520538487325542,0.49542265986081246
2008-01-23,42.14985656738281,95.10865020751953,0.44317584652305725,0.28567183218821707
2008-01-24,42.493072509765625,95.9114761352539,0.44304471395938166,0.2764424039628869
2008-01-25,42.2916145324707,94.52600860595703,0.44740717561415666,0.3711889963475905
2008-01-28,41.90360641479492,96.08914947509766,0.4360909285148227,0.10056068403163443
2008-01-29,42.14238357543945,96.56517028808594,0.4364139104162996,0.1010015423812093
2008-01-30,40.82917404174805,95.85466003417969,0.42594876479859456,-0.15409529088252916
2008-01-31,42.269229888916016,97.60250854492188,0.4330752407809423,0.007647960330276532
2008-02-01,42.940765380859375,99.17274475097656,0.4329895828605322,-0.0016401698962539052
2008-02-04,43.44813537597656,97.9222640991211,0.4437002736374284,0.25037013334087216
2008-02-05,41.679779052734375,95.30048370361328,0.4373511805287312,0.08951826234274608
2008-02-06,40.99332046508789,94.53314971923828,0.43363963421125074,-0.007635217660510903
2008-02-07,41.59023666381836,95.15843200683594,0.43706307246456755,0.06973460378506746
2008-02-08,42.08269500732422,94.5473403930664,0.4450965498592739,0.2616935626298142
2008-02-11,42.23192596435547,95.03048706054688,0.4444039725635437,0.2379651011650502
2008-02-12,42.485618591308594,95.9114761352539,0.4429669973110994,0.19539345058312485
2008-02-13,42.39607620239258,96.89199829101562,0.43756013860975124,0.05241938414341852
2008-02-14,42.79899978637695,96.03942108154297,0.4456399185292688,0.2506791629325723
2008-02-15,42.694541931152344,96.0180892944336,0.4446510261231313,0.21907343227372578
2008-02-19,43.530216217041016,96.28809356689453,0.452083062448413,0.4033476279782712
2008-02-20,43.17206954956055,96.57225799560547,0.4470442179318733,0.26736153772298776
2008-02-21,42.64231491088867,95.76941680908203,0.4452602545956488,0.2149024556890001
2008-02-22,43.0750732421875,96.35912322998047,0.44702641325803844,0.25474230837431605
2008-02-25,43.9107551574707,97.5741195678711,0.45002461054160003,0.32711340414313317
2008-02-26,43.9853630065918,98.30594635009766,0.4474333917700809,0.25282224115034013
2008-02-27,44.20920944213867,98.20648193359375,0.4501659011879939,0.31845604055408183
2008-02-28,44.14206314086914,97.24724578857422,0.4539158182108175,0.41196829933861606
2008-02-29,42.485618591308594,95.08023071289062,0.4468396665927374,0.21541558172697325
2008-03-03,42.44084930419922,94.85285949707031,0.44743879656585445,0.2245838414486737
2008-03-04,42.157310485839844,94.49051666259766,0.4461538784508207,0.18229860542398302
2008-03-05,42.75422668457031,95.08732604980469,0.4496311807335561,0.2711617998502802
2008-03-06,41.78424072265625,93.11922454833984,0.44871766195781954,0.2391027814651653
2008-03-07,41.06047821044922,92.1600570678711,0.4455344269178383,0.14380122169069404
2008-03-10,40.15763854980469,90.945068359375,0.44155927610191376,0.025091813293844505
2008-03-11,41.90360641479492,94.21338653564453,0.4447733804679782,0.10903630011704739
2008-03-12,40.9783935546875,93.3323745727539,0.43905872685950215,-0.06075009492633046
2008-03-13,39.7174072265625,93.5384292602539,0.42461058562418164,-0.48184228772584076
2008-03-14,38.00873947143555,92.0889892578125,0.4127392403561539,-0.8311955849673623
2008-03-17,37.14320755004883,91.1582260131836,0.407458648270284,-0.9921157536798867
2008-03-18,38.799644470214844,94.94525146484375,0.4086528169824432,-0.9649945066219396
2008-03-19,38.031124114990234,92.59347534179688,0.41073222464761416,-0.9127036130807892
2008-03-20,39.47119140625,94.30851745605469,0.4185326253765207,-0.6918814119055522
2008-03-24,40.88886260986328,96.19355010986328,0.4250686513094053,-0.5089304427815727
2008-03-25,41.27686309814453,96.28638458251953,0.4286884721771785,-0.41110923467004756
2008-03-26,41.15746307373047,95.10821533203125,0.4327435114836936,-0.2991357812062356
2008-03-27,40.97093963623047,94.80836486816406,0.43214477639396776,-0.32729619482034605
2008-03-28,41.14255142211914,93.90155792236328,0.4381455678950005,-0.1541473461524347
2008-03-31,41.627540588378906,94.22999572753906,0.44176528150062416,-0.05090602470153667
2008-04-01,43.433223724365234,97.54307556152344,0.44527223971906194,0.04973724406562545
2008-04-02,43.67945098876953,97.60733032226562,0.44750174853215535,0.1121309869434481
2008-04-03,44.14952087402344,97.85009765625,0.45119547074058,0.22149998375476287
2008-04-04,44.14952087402344,97.74297332763672,0.45168997188200133,0.23036591095533732
2008-04-07,44.515132904052734,97.7929458618164,0.45519779071747773,0.33572473553379373
2008-04-08,43.83613586425781,97.69304656982422,0.4487129576098006,0.12035650892630227
2008-04-09,43.46306228637695,96.98612213134766,0.44813692238890857,0.09442559765826679
2008-04-10,44.022682189941406,97.12179565429688,0.453272943455857,0.25500173157815087
2008-04-11,43.58244705200195,95.23674011230469,0.45762220547037663,0.39159076009759736
2008-04-14,43.52276611328125,94.91544342041016,0.4585425147360406,0.41572897875195985
2008-04-15,43.11983871459961,95.13680267333984,0.45324036022794645,0.23297012343960213
2008-04-16,43.82868576049805,97.71443939208984,0.44853847633132976,0.067975533374059
2008-04-17,43.20191955566406,97.85723114013672,0.44147907162626165,-0.17903412800965046
2008-04-18,43.716758728027344,98.8783187866211,0.4421268409950202,-0.16676866386620515
2008-04-21,44.26891326904297,98.92827606201172,0.44748493586700794,0.008628015437758164
2008-04-22,43.433223724365234,98.49274444580078,0.44097891645476434,-0.2267874124205937
2008-04-23,44.73898696899414,98.33566284179688,0.45496197082609335,0.25519358878387854
2008-04-24,44.71659851074219,98.76405334472656,0.45276188042488635,0.16956488251291663
2008-04-25,45.216514587402344,99.67803192138672,0.4536256757463204,0.19239701963842484
2008-04-28,45.11952209472656,99.69941711425781,0.452555525405114,0.14512431417904975
2008-04-29,44.395751953125,99.30668640136719,0.44705702669094183,-0.06641981816327074
2008-04-30,44.858360290527344,98.72122955322266,0.4543942624452755,0.19680377237765317
2008-05-01,45.50004959106445,100.76331329345703,0.4515537262907665,0.08155346981939868
2008-05-02,45.77611541748047,101.04178619384766,0.4530414310932652,0.12950632682318738
2008-05-05,45.55973815917969,100.55624389648438,0.45307716750120713,0.1218784811921438
2008-05-06,45.64927673339844,101.42737579345703,0.4500685971246751,-0.004392404174315462
2008-05-07,43.858524322509766,99.62090301513672,0.44025423375098055,-0.40228205709047005
2008-05-08,43.798831939697266,99.36385345458984,0.440792405054155,-0.39214248748177266
2008-05-09,42.71691131591797,99.17819213867188,0.43070871120730636,-0.8118526743919529
2008-05-12,43.41084289550781,100.29207611083984,0.4328441944658861,-0.7376947328485574
2008-05-13,43.276527404785156,100.30638885498047,0.4314433796171535,-0.8092902314737124
2008-05-14,43.51529312133789,100.5134506225586,0.4329300491806178,-0.7634038481325435
2008-05-15,44.88075256347656,101.7701187133789,0.44100127946078976,-0.4381010217338458
2008-05-16,45.283668518066406,101.86292266845703,0.4445549698731449,-0.300381959010679
2008-05-19,44.821048736572266,102.14141845703125,0.4388136508543548,-0.5623740000963066
2008-05-20,43.5003662109375,101.31311798095703,0.42936558540340153,-0.9905624262358242
2008-05-21,42.91837692260742,99.59945678710938,0.4309097489792948,-0.9390654958433723
2008-05-22,43.209373474121094,99.61373901367188,0.43376921599329443,-0.8287742075278043
2008-05-23,42.373687744140625,98.27852630615234,0.43115916911635643,-0.9658070469648053
2008-05-27,43.11237716674805,99.0068130493164,0.4354485902427067,-0.7865269482852583
2008-05-28,43.000457763671875,99.46381378173828,0.43232263200797183,-0.9480527628890566
2008-05-29,43.76898956298828,99.96360778808594,0.4378492386526774,-0.707428541860696
2008-05-30,44.3286018371582,100.2135238647461,0.4423415136762042,-0.5089932007189332
2008-06-02,43.86598205566406,99.17819213867188,0.44229463261772545,-0.52254344086525
2008-06-03,43.433223724365234,98.59983825683594,0.4404999490083241,-0.6184332926506367
2008-06-04,43.567527770996094,98.54984283447266,0.44208622274693476,-0.5511479715407329
2008-06-05,44.201751708984375,100.52055358886719,0.4397284946297768,-0.6768436471361986
2008-06-06,42.55276107788086,97.31453704833984,0.43727034386181457,-0.8058443324821635
2008-06-09,42.43338394165039,97.55023956298828,0.43499005365590226,-0.924997591338046
2008-06-10,41.62008285522461,97.0646743774414,0.42878712695601895,-1.2408072561084063
2008-06-11,41.23955154418945,95.6366195678711,0.4312108869021944,-1.12809354954352
2008-06-12,40.95600128173828,96.00077819824219,0.42662155505827143,-1.3633862880037826
2008-06-13,41.135093688964844,97.21461486816406,0.4231369300258968,-1.5373621329189628
2008-06-16,41.17985534667969,97.27174377441406,0.4233485876657169,-1.5247008285005685
2008-06-17,41.50815963745117,96.80049133300781,0.4288011255506653,-1.2512481792892693
2008-06-18,41.49323654174805,95.85797119140625,0.43286161835092074,-1.049341603917557
2008-06-19,41.59769821166992,95.97932434082031,0.43340269893917444,-1.0248416830950844
2008-06-20,40.09048080444336,94.42142486572266,0.42459093221116184,-1.463455212210467
2008-06-23,39.7174072265625,94.32815551757812,0.4210556965588194,-1.6388075331868395
2008-06-24,39.57564163208008,94.1416015625,0.4203841975835313,-1.6692498509267535
2008-06-25,40.16593933105469,94.58650970458984,0.42464765278367833,-1.4558598694802862
2008-06-26,39.13932800292969,92.01750183105469,0.4253465615138085,-1.4226773341973395
2008-06-27,38.81474304199219,91.51519012451172,0.4241344304610249,-1.4834739602214375
2008-06-30,38.527896881103516,91.83810424804688,0.4195197319953704,-1.7121237551545545
2008-07-01,38.180667877197266,92.12512969970703,0.41444357258059505,-1.9529095228773699
2008-07-02,37.1163215637207,90.54641723632812,0.40991485578989056,-2.1567161070282252
2008-07-03,37.282379150390625,90.63970184326172,0.41132504181071783,-2.0644053172562415
2008-07-07,36.73133087158203,89.71400451660156,0.4094269458764925,-2.1301806113598043
2008-07-08,36.9728889465332,91.30709075927734,0.40492899991752873,-2.314285707593043
2008-07-09,36.30862045288086,89.5489501953125,0.4054611514003149,-2.2563641084989556
2008-07-10,37.2069091796875,89.91494750976562,0.4138011555380875,-1.8395815019611292
2008-07-11,37.41826629638672,88.86723327636719,0.4210580763780513,-1.4832553983563608
2008-07-14,37.16916275024414,88.06352233886719,0.4220721788440136,-1.4226918545431846
2008-07-15,36.074615478515625,86.82206726074219,0.4155005359429776,-1.7127720739446153
2008-07-16,37.071022033691406,88.95333862304688,0.41674683162579684,-1.6381385328448625
2008-07-17,36.73133087158203,89.84317016601562,0.40883832130710085,-1.9807694716223578
2008-07-18,36.45204162597656,90.40291595458984,0.4032175427204885,-2.2079454518447297
2008-07-21,37.184261322021484,90.4531478881836,0.4110886374898521,-1.8284414186146432
2008-07-22,37.67491149902344,91.47930145263672,0.4118408306662636,-1.7758387924474315
2008-07-23,38.78455352783203,91.97442626953125,0.4216884529855486,-1.3201053111028156
2008-07-24,38.66377258300781,90.06563568115234,0.4292844023205936,-0.970119544521155
2008-07-25,38.65622329711914,90.04411315917969,0.42930317086673725,-0.9618230586679387
2008-07-28,37.77304458618164,88.72373962402344,0.42573774218996013,-1.1137167885418848
2008-07-29,38.55054473876953,90.61819458007812,0.42541726766254334,-1.1193025731824706
2008-07-30,38.331634521484375,92.23275756835938,0.4155967525211901,-1.5478510505654677
2008-07-31,37.72775650024414,91.01285552978516,0.414532169995449,-1.5802000696123037
2008-08-01,37.3427734375,90.53208923339844,0.41248107443127224,-1.6551586089296453
2008-08-04,36.482234954833984,89.6924819946289,0.4067479697687334,-1.888628868924203
2008-08-05,37.372962951660156,92.11079406738281,0.4057392331708736,-1.910528080672625
2008-08-06,37.8107795715332,92.51983642578125,0.40867754453786503,-1.7621781246984332
2008-08-07,36.64830780029297,91.14202880859375,0.40210107542435364,-2.0239431999461766
2008-08-08,37.65227127075195,92.83556365966797,0.4055802516456291,-1.8517863398374708
2008-08-11,37.67491149902344,93.79711151123047,0.4016638774053566,-1.9958516668219985
2008-08-12,36.98799133300781,92.82121276855469,0.3984864044519179,-2.1038099612111583
2008-08-13,36.53507995605469,92.26150512695312,0.39599483994740714,-2.1801111874939685
2008-08-14,37.03327941894531,92.9575424194336,0.39838918343868757,-2.0563482073193367
2008-08-15,36.77663040161133,93.40962219238281,0.393713511932075,-2.2315479875675597
2008-08-18,36.17274475097656,92.13230895996094,0.3926173690783826,-2.251671885765216
2008-08-19,35.410343170166016,91.12772369384766,0.38857925705606855,-2.3864148148695286
2008-08-20,36.006675720214844,91.55108642578125,0.3932959959945946,-2.173506465427883
2008-08-21,35.115936279296875,91.70894622802734,0.38290633273643515,-2.550264562755808
2008-08-22,34.81400680541992,93.03646087646484,0.374197454174944,-2.84013212482485
2008-08-25,33.576045989990234,91.149169921875,0.36836370554738623,-3.001551777319999
2008-08-26,33.26654815673828,91.41474914550781,0.36390788650294104,-3.101052327305875
2008-08-27,33.59113311767578,92.30450439453125,0.36391651022900623,-3.0331387397059997
2008-08-28,33.33448028564453,93.42400360107422,0.3568085181618275,-3.2138061093464803
2008-08-29,32.662662506103516,92.41931915283203,0.3534181251875477,-3.2518319761987726
2008-09-02,30.232023239135742,91.84529113769531,0.3291624738149244,-3.964338211229813
2008-09-03,29.967823028564453,91.7663345336914,0.3265666344945048,-3.911710232990628
2008-09-04,29.703617095947266,89.00360107421875,0.3337350032745065,-3.5639564481897534
2008-09-05,30.5415096282959,89.283447265625,0.3420735932992439,-3.211756964708374
2008-09-08,32.46639633178711,91.12772369384766,0.35627353582166815,-2.708503480021404
2008-09-09,31.326560974121094,88.42231750488281,0.35428341914235845,-2.71807603114516
2008-09-10,32.534339904785156,88.7811279296875,0.3664555819853017,-2.307668573945289
2008-09-11,32.0814208984375,90.06563568115234,0.3562004604287831,-2.574752575191643
2008-09-12,32.866477966308594,90.48184204101562,0.3632383826957252,-2.327036307010891
2008-09-15,31.13030433654785,86.17626190185547,0.3612399012155061,-2.349890735417219
2008-09-16,30.103700637817383,87.6186294555664,0.3435764839609106,-2.812812709874705
2008-09-17,29.12238121032715,83.67900848388672,0.3480249316760842,-2.6351210832927094
2008-09-18,31.439781188964844,86.16191864013672,0.3648918418388061,-2.123682362947119
2008-09-19,33.17596435546875,89.5837173461914,0.3703347587962,-1.9454996696628672
2008-09-22,31.243528366088867,87.55559539794922,0.3568421666723161,-2.291906396899119
2008-09-23,31.137849807739258,85.56356048583984,0.36391484448443856,-2.067971990491
2008-09-24,31.696443557739258,85.83784484863281,0.36925954529302357,-1.8975747294930223
2008-09-25,32.662662506103516,87.18028259277344,0.3746565339627724,-1.7306690453942728
2008-09-26,31.537925720214844,87.22357940673828,0.3615756878440882,-2.063642020871786
2008-09-29,28.080678939819336,80.38862609863281,0.34931159173395687,-2.361763974999883
2008-09-30,29.990468978881836,83.71590423583984,0.35824099676919613,-2.0950759604719535
2008-10-01,29.477161407470703,83.76637268066406,0.3518973123002969,-2.237253064886493
2008-10-02,27.5673770904541,80.72782897949219,0.34148542626430867,-2.4767565038708304
2008-10-03,27.37110710144043,79.63798522949219,0.3436941181091575,-2.3840128874752873
2008-10-06,25.182029724121094,75.58177185058594,0.3331759643568858,-2.616494468077091
2008-10-07,23.84593391418457,72.1967544555664,0.33029094027849387,-2.646217410378414
2008-10-08,22.192790985107422,70.37791442871094,0.31533743455253327,-2.968802442515692
2008-10-09,21.422842025756836,65.46279907226562,0.32725215434353416,-2.6242435731081533
2008-10-10,22.69099998474121,63.87493896484375,0.35524104370933574,-1.9040977864816708
2008-10-13,27.778736114501953,73.14944458007812,0.37975320624741077,-1.2829224460397657
2008-10-14,27.250333786010742,72.06682586669922,0.37812590548132674,-1.3126246349145307
2008-10-15,23.483600616455078,64.97201538085938,0.3614417757983432,-1.7105547634213483
2008-10-16,23.5137939453125,67.67857360839844,0.34743335581166274,-2.033333108807318
2008-10-17,21.966337203979492,67.27439880371094,0.32651852108067897,-2.5093994839321025
2008-10-20,23.272239685058594,71.31621551513672,0.326324658662224,-2.4747695732150468
2008-10-21,20.901988983154297,69.18704986572266,0.3021084006865535,-2.994583691394598
2008-10-22,18.7657413482666,65.41949462890625,0.28685243526743437,-3.27524056804472
2008-10-23,18.2977294921875,66.1773452758789,0.27649536885936205,-3.422674658749289
2008-10-24,16.22942352294922,62.821231842041016,0.2583429685644626,-3.7217795965656255
2008-10-27,15.768962860107422,60.59099578857422,0.26025257804198376,-3.5824852998171175
2008-10-28,19.05259132385254,67.67137908935547,0.2815457816914723,-3.059526997789497
2008-10-29,18.501543045043945,67.18057250976562,0.27540019910301433,-3.1252259005476564
2008-10-30,22.58531951904297,69.50460815429688,0.3249470807590865,-2.056047693517554
2008-10-31,21.43793296813965,69.88713836669922,0.3067507622883968,-2.408264010294506
2008-11-03,21.981433868408203,70.08926391601562,0.3136205552785863,-2.2371428427707563
2008-11-04,23.38547134399414,72.47102355957031,0.32268719545228397,-2.025617887989489
2008-11-05,21.6492977142334,69.42521667480469,0.31183622826329915,-2.228257530859287
2008-11-06,19.158267974853516,65.57829284667969,0.29214343867787224,-2.5994296063915585
2008-11-07,21.392648696899414,67.7435302734375,0.3157888083268013,-2.0903496501357104
2008-11-10,20.901988983154297,66.85577392578125,0.3126429888667248,-2.1315331512814946
2008-11-11,19.99616050720215,64.79157257080078,0.30862286118077176,-2.1858011326655884
2008-11-12,18.773292541503906,61.9406623840332,0.30308511111988373,-2.2704801133229067
2008-11-13,20.68307876586914,65.80204010009766,0.31432275860149883,-2.022744552677298
2008-11-14,18.569482803344727,62.51806640625,0.2970258658141787,-2.339724819875865
2008-11-17,18.169404983520508,61.688026428222656,0.29453697963026243,-2.3581298507347648
2008-11-18,17.641010284423828,62.85009765625,0.2806838961636769,-2.5901463299576144
2008-11-19,15.88973617553711,58.82267379760742,0.2701294441359348,-2.7472573180040696
2008-11-20,14.342279434204102,54.45610046386719,0.2633732366444512,-2.8217455751833986
2008-11-21,17.037118911743164,57.39363479614258,0.29684683627823183,-2.1526595651660156
2008-11-24,17.014480590820312,61.370487213134766,0.27724206476853264,-2.48429023634834
2008-11-25,16.13884162902832,61.8252067565918,0.2610398327104276,-2.7388973210792624
2008-11-26,17.663654327392578,64.21417999267578,0.27507404640855465,-2.44162341657823
2008-11-28,18.0637264251709,65.02253723144531,0.27780716032156255,-2.356567570337221
2008-12-01,16.44832992553711,59.26295852661133,0.277548241506559,-2.3276978997425255
2008-12-02,17.595714569091797,61.5436897277832,0.28590607171783544,-2.1489772933955757
2008-12-03,17.62590980529785,63.02328872680664,0.2796729615571578,-2.2309889055005216
2008-12-04,16.59930419921875,61.565330505371094,0.26962097113684125,-2.376769178221489
2008-12-05,17.588167190551758,63.463565826416016,0.2771380233921693,-2.2161334569035076
2008-12-08,19.082780838012695,65.67932891845703,0.29054469880020506,-1.958965692218684
2008-12-09,18.90916633605957,64.59669494628906,0.29272652961242346,-1.8995928945498908
2008-12-10,20.3962345123291,65.03697204589844,0.3136098417671552,-1.522182223703773
2008-12-11,20.562305450439453,63.47079849243164,0.3239648143530341,-1.3316593655367048
2008-12-12,20.29810333251953,64.22862243652344,0.3160289379175143,-1.456639430543916
2008-12-15,20.207521438598633,63.333656311035156,0.3190645008612539,-1.391976675241149
2008-12-16,21.853105545043945,66.31446838378906,0.3295375214134425,-1.2009360215089904
2008-12-17,21.513425827026367,65.6720962524414,0.32758853538540106,-1.2244922638461913
2008-12-18,21.46058464050293,64.44513702392578,0.3330054932234144,-1.122103418405406
2008-12-19,21.9285945892334,64.16793060302734,0.34173759981280805,-0.9637940615122934
2008-12-22,21.43038558959961,63.34571075439453,0.3383083926974946,-1.0148963725602416
2008-12-23,20.42654037475586,62.69087219238281,0.3258295771044922,-1.2205020401175477
2008-12-24,21.12565803527832,63.05463790893555,0.3350373380271934,-1.053241415713782
2008-12-26,20.98888397216797,63.41846466064453,0.3309585636372714,-1.1147548890134058
2008-12-29,21.277647018432617,63.23659133911133,0.33647681773879173,-1.0115565702209526
2008-12-30,21.04207420349121,64.7354507446289,0.32504715671941264,-1.1994493810420168
2008-12-31,21.25484848022461,65.6595230102539,0.32371311130154395,-1.2125454691160318
2009-01-02,22.052759170532227,67.63861083984375,0.3260380261615552,-1.163102923153579
2009-01-05,22.105955123901367,67.55857849121094,0.3272116675275702,-1.1337180569909617
2009-01-06,22.62269401550293,68.00971221923828,0.3326391669262721,-1.031911988655842
2009-01-07,22.62269401550293,65.97236633300781,0.342911665489012,-0.8477257737822539
2009-01-08,22.470712661743164,66.2416000366211,0.339223579281304,-0.9042356060694139
2009-01-09,21.201650619506836,64.82275390625,0.3270711184250171,-1.1060835191145038
2009-01-12,20.22136116027832,63.26566696166992,0.31962614371124254,-1.2250391171321504
2009-01-13,20.935688018798828,63.382083892822266,0.3303092409236753,-1.0318758915247643
2009-01-14,20.487333297729492,61.38845443725586,0.33373267800167966,-0.9649251286310406
2009-01-15,19.932594299316406,61.4102668762207,0.32458081218719975,-1.1143776377188086
2009-01-16,20.358150482177734,61.890533447265625,0.32893803540284683,-1.0308070335219903
2009-01-20,19.17267608642578,58.623497009277344,0.3270476355818836,-1.0552938109234844
2009-01-21,20.054182052612305,61.15558624267578,0.327920690238074,-1.0319966915980618
2009-01-22,19.43105125427246,60.20972442626953,0.3227228066467397,-1.1130153605372934
2009-01-23,19.07389259338379,60.47166442871094,0.31541868036176995,-1.2292121602289379
2009-01-26,19.233476638793945,60.886390686035156,0.31589122662850366,-1.2111481442012697
2009-01-27,19.681825637817383,61.5048713684082,0.32000433786659205,-1.1309543349142064
2009-01-28,21.087665557861328,63.5858039855957,0.33164109338993947,-0.9228848015133994
2009-01-29,20.32775115966797,61.519432067871094,0.3304281342721345,-0.9365506235645292
2009-01-30,20.160572052001953,60.26793670654297,0.3345157168755908,-0.8592829404757242
2009-02-02,20.04658317565918,60.08599853515625,0.3336315225572884,-0.8676371204288617
2009-02-03,21.026874542236328,60.9300422668457,0.34509863705901006,-0.6641210459388205
2009-02-04,21.429630279541016,60.631736755371094,0.35343916282659776,-0.5150914552561998
2009-02-05,21.680400848388672,61.53397750854492,0.35233218664238014,-0.5291455262728528
2009-02-06,22.440317153930664,63.287513732910156,0.3545773222919558,-0.48529000718611837
2009-02-09,21.86278533935547,63.374855041503906,0.3449757056649302,-0.6456127117907828
2009-02-10,20.396146774291992,60.47166442871094,0.33728436230388,-0.7724756128866156
2009-02-11,20.920488357543945,60.828189849853516,0.34392751796795945,-0.6512593737235889
2009-02-12,20.715309143066406,60.871856689453125,0.3403101247387385,-0.7080726221849406
2009-02-13,20.654518127441406,60.217002868652344,0.3430014305509997,-0.6552590283872274
2009-02-17,18.481163024902344,57.6412467956543,0.32062392908363807,-1.0370238336557098
2009-02-18,18.389968872070312,57.503021240234375,0.3198087417918662,-1.0431042957798011
2009-02-19,18.048002243041992,56.88454818725586,0.31727424789646796,-1.0788278811920808
2009-02-20,16.999319076538086,56.33155059814453,0.30177261048265935,-1.3382940397248433
2009-02-23,17.052515029907227,54.31608581542969,0.3139496297257687,-1.1170920053089912
2009-02-24,17.72123908996582,56.3752326965332,0.3143444069731634,-1.1016220226313864
2009-02-25,17.196897506713867,55.93141555786133,0.30746401347420915,-1.2121270551656662
2009-02-26,16.86253547668457,55.021846771240234,0.30646982001154077,-1.2198983117919353
2009-02-27,16.566165924072266,53.792205810546875,0.30796591577629984,-1.1846833760095854
2009-03-02,15.213517189025879,51.369266510009766,0.296159906936989,-1.379640994464036
2009-03-03,15.707462310791016,50.983619689941406,0.308088409695437,-1.1621564824983974
2009-03-04,17.06770896911621,52.19146728515625,0.327021060279147,-0.8244324203548873
2009-03-05,16.2622013092041,50.059574127197266,0.3248569647812661,-0.8554035971053516
2009-03-06,16.748544692993164,50.14688491821289,0.33398973276823113,-0.6889155151057063
2009-03-09,16.718151092529297,49.55750274658203,0.33734853787971275,-0.6238214720533937
2009-03-10,18.443161010742188,52.51160430908203,0.35122067309515415,-0.3738747998263316
2009-03-11,18.655935287475586,52.853572845458984,0.3529739671909133,-0.3374643771990771
2009-03-12,19.241069793701172,54.93452453613281,0.3502545977447295,-0.38041203544872
2009-03-13,18.921907424926758,55.36382293701172,0.3417738591941981,-0.5260053256162392
2009-03-16,19.43105125427246,55.196468353271484,0.3520343209262733,-0.3393443117447648
2009-03-17,20.49493408203125,56.88454818725586,0.36029000379092113,-0.18905525472338203
2009-03-18,21.178857803344727,58.15786361694336,0.36416155075501444,-0.1169737919384278
2009-03-19,20.692508697509766,57.43753433227539,0.36026108951341596,-0.18318695011595493
2009-03-20,20.34295082092285,56.214447021484375,0.3618811871109941,-0.15044357431619496
2009-03-23,22.227542877197266,60.252281188964844,0.3689079058681055,-0.020788949763066625
2009-03-24,21.695598602294922,59.06512451171875,0.367316564244107,-0.045046879492580565
2009-03-25,22.31113052368164,59.687992095947266,0.37379596364737716,0.0757442667703799
2009-03-26,23.139442443847656,60.90446472167969,0.37993015043461814,0.19042221382922622
2009-03-27,22.523908615112305,59.80527877807617,0.37662074444454013,0.13549388442762947
2009-03-30,20.844493865966797,57.73871994018555,0.36101413206875144,-0.1418202837565793
2009-03-31,21.627206802368164,58.273651123046875,0.37113183034818864,0.04756837930932412
2009-04-01,22.59229850769043,59.402225494384766,0.38032747627992586,0.22108047044587234
2009-04-02,24.112133026123047,61.13899612426758,0.3943822200991675,0.4846642787973615
2009-04-03,24.286914825439453,61.74723815917969,0.3933279535973679,0.47156208237580466
2009-04-06,24.05133628845215,61.263553619384766,0.39258800489891793,0.4647118114368397
2009-04-07,23.59539031982422,59.834556579589844,0.3943438652952738,0.5033444437854177
2009-04-08,23.31422233581543,60.479461669921875,0.3854899116506231,0.34444850211237843
2009-04-09,24.84165382385254,62.88309097290039,0.395045050100322,0.530095632237508
2009-04-13,24.77326011657715,62.89775466918945,0.39386557194087507,0.5154123449908696
2009-04-14,24.37810516357422,61.813201904296875,0.39438347169457344,0.5329462299810503
2009-04-15,24.59847640991211,62.47274398803711,0.39374733427144587,0.5279369876755006
2009-04-16,24.65927505493164,63.38874816894531,0.38901659627682045,0.44410472600595496
2009-04-17,24.651674270629883,63.81375503540039,0.3863065926296686,0.39784862261947374
2009-04-20,23.352214813232422,61.13899612426758,0.38195286631412895,0.31989039571459305
2009-04-21,24.484495162963867,62.33351135253906,0.3927982658394958,0.5363275245585346
2009-04-22,24.53008460998535,61.95243453979492,0.39595029303051105,0.6032443992752204
2009-04-23,25.024032592773438,62.56066131591797,0.3999962926607732,0.6900246884434834
2009-04-24,25.19121742248535,63.50599670410156,0.3966746249155139,0.6325277589161554
2009-04-27,24.24131965637207,62.90508270263672,0.38536344942053424,0.4173586709545612
2009-04-28,23.754974365234375,62.70721435546875,0.37882362674531217,0.2952654110015448
2009-04-29,25.252004623413086,64.04093170166016,0.39431038794144324,0.6112244879470393
2009-04-30,26.00432777404785,64.06292724609375,0.40591850687924147,0.8521076354825842
2009-05-01,26.39948272705078,64.40736389160156,0.40988298747145524,0.9395611569242496
2009-05-04,27.934507369995117,66.59848022460938,0.41944661913880726,1.1403491125842349
2009-05-05,27.653335571289062,66.37132263183594,0.41664584152832224,1.0910742681007828
2009-05-06,27.577346801757812,67.52184295654297,0.40842112114011137,0.9308867248481343
2009-05-07,26.74903678894043,66.58382415771484,0.40173476256907226,0.7999591224940776
2009-05-08,28.13968849182129,68.13742065429688,0.41298435164711134,1.0368213320634596
2009-05-11,27.349376678466797,66.8622817993164,0.4090404326994777,0.9592197783702496
2009-05-12,27.478561401367188,66.66445922851562,0.41219206934799935,1.0282653072481824
2009-05-13,26.59705924987793,64.98626708984375,0.40927199608353254,0.9717036262872873
2009-05-14,26.711050033569336,65.54322814941406,0.40753333010510445,0.94005785086605
2009-05-15,26.429880142211914,65.00827026367188,0.4065618118281412,0.9260658171959857
2009-05-18,27.774925231933594,66.85497283935547,0.41545040035650643,1.1180984462310162
2009-05-19,27.934507369995117,66.77434539794922,0.4183419126539733,1.1832689372019718
2009-05-20,28.0712947845459,66.32736206054688,0.4232234467416485,1.2872977439659645
2009-05-21,27.27338409423828,65.37467956542969,0.4171857403437358,1.163175589982598
2009-05-22,27.296180725097656,65.2354507446289,0.4184255709667961,1.1926579264719683
2009-05-26,26.878223419189453,66.90626525878906,0.4017295437912465,0.8451582831462132
2009-05-27,25.776344299316406,65.7117919921875,0.3922636031959221,0.6510522901941475
2009-05-28,27.113801956176758,66.62779998779297,0.40694427793119897,0.9677473810959757
2009-05-29,27.440567016601562,67.80763244628906,0.40468257077604713,0.9256865857857243
2009-06-01,28.436059951782227,69.44914245605469,0.4094515633476065,1.0344723362023776
2009-06-02,27.797725677490234,69.50780487060547,0.3999223645350044,0.8374216756365638
2009-06-03,26.98461151123047,68.62840270996094,0.3931988862581212,0.6998871342898348
2009-06-04,27.311376571655273,69.27330017089844,0.39425545634866005,0.7306643953803459
2009-06-05,27.1365966796875,69.28791046142578,0.39164980584592873,0.681471276043314
2009-06-08,26.840229034423828,69.00213623046875,0.3889767839183534,0.6302064744420464
2009-06-09,26.58946418762207,69.35387420654297,0.3833883037079646,0.5142521018704438
2009-06-10,27.341772079467773,69.1780014038086,0.3952379589555831,0.7818822987720948
2009-06-11,27.84332275390625,69.48577880859375,0.40070534188878787,0.9089308423708231
2009-06-12,27.774925231933594,69.67633056640625,0.39862784113555194,0.8676891370802519
2009-06-15,26.779438018798828,68.07880401611328,0.3933594076132788,0.7548635991434925
2009-06-16,26.49066925048828,67.15538024902344,0.39446830845505493,0.7844962493019544
2009-06-17,26.483068466186523,67.08949279785156,0.3947424158650757,0.7965428942040568
2009-06-18,26.36907958984375,67.58045959472656,0.3901879292916407,0.7008807391661481
2009-06-19,26.39948272705078,67.82955169677734,0.3892032612137262,0.6857953931112066
2009-06-22,25.730751037597656,65.79556274414062,0.3910712206787697,0.7337921987120377
2009-06-23,25.81561279296875,65.8471450805664,0.39205363818556443,0.761029551171528
2009-06-24,25.976146697998047,66.41460418701172,0.39112100442327163,0.7444803977782273
2009-06-25,26.710020065307617,67.8590087890625,0.39361052485064785,0.8071173381663147
2009-06-26,26.641212463378906,67.68215942382812,0.3936223768593238,0.8130736660065263
2009-06-29,26.786466598510742,68.31592559814453,0.39209695783201487,0.7834189132608923
2009-06-30,26.595348358154297,67.76325225830078,0.3924744971917497,0.7968699743253563
2009-07-01,27.4515380859375,68.04325866699219,0.4034424368222425,1.0542041412322491
2009-07-02,26.60299301147461,66.18612670898438,0.40194213401316037,1.0208506303555578
2009-07-06,27.60443115234375,66.17875671386719,0.41711921654399226,1.3729965789721996
2009-07-07,27.298646926879883,64.89645385742188,0.4206492851960027,1.4521569194939175
2009-07-08,27.283355712890625,64.85224914550781,0.42070022354468317,1.4492011235356044
2009-07-09,27.505048751831055,64.97750091552734,0.42330111752971883,1.5046969294624482
2009-07-10,27.260421752929688,64.82273864746094,0.42053795198604216,1.4388640892655897
2009-07-13,26.526548385620117,66.39984130859375,0.3994971653973959,0.9562341353847715
2009-07-14,26.732954025268555,66.77570343017578,0.4003395344718749,0.9801964758689213
2009-07-15,28.445327758789062,68.72862243652344,0.4138789160958474,1.2954419273096582
2009-07-16,28.667028427124023,68.6180648803711,0.4177766959342586,1.3858206820579593
2009-07-17,28.842851638793945,69.36978912353516,0.4157840466752753,1.3377573788260158
2009-07-20,29.76019287109375,70.10676574707031,0.42449815726005585,1.5343789910040824
2009-07-21,29.890148162841797,70.4310073852539,0.4243890478428664,1.528044599365979
2009-07-22,30.012454986572266,70.41627502441406,0.42621474902168044,1.566059162631232
2009-07-23,30.49407386779785,71.97123718261719,0.42369806413669536,1.5073372468763682
2009-07-24,30.425264358520508,72.26602935791016,0.42101751858863123,1.4479012807102953
2009-07-27,30.80748748779297,72.4797592163086,0.42504952859806144,1.5424576817321924
2009-07-28,30.76926612854004,72.1407470703125,0.4265171540093777,1.5761558363046342
2009-07-29,30.547578811645508,71.96387481689453,0.424484908426221,1.529441904283853
2009-07-30,31.487850189208984,72.71556854248047,0.4330276283381291,1.7212340871398955
2009-07-31,31.83186149597168,72.81876373291016,0.43713817516494574,1.8081825861100795
2009-08-03,32.68040466308594,74.02001190185547,0.44150769262800854,1.8981064874615219
2009-08-04,32.38226318359375,74.21161651611328,0.43635032766821236,1.7704157296534424
2009-08-05,32.04590606689453,73.99787139892578,0.43306524175720734,1.687204183456612
2009-08-06,31.877731323242188,73.61466217041016,0.4330350827318695,1.6791101081248032
2009-08-07,32.66511535644531,74.580078125,0.43798714318449655,1.780173919228529
2009-08-10,31.893020629882812,74.42533111572266,0.4285237317962739,1.5603577890085287
2009-08-11,31.159143447875977,73.49676513671875,0.4239525833540253,1.451992272544703
2009-08-12,31.403762817382812,74.28530883789062,0.42274526832638987,1.419182056046458
2009-08-13,31.824216842651367,74.85276794433594,0.4251575154350653,1.4662527182332188
2009-08-14,31.73248863220215,74.27791595458984,0.42721296396632824,1.5050149873378929
2009-08-17,29.928373336791992,72.45023345947266,0.4130887080375439,1.186879829154817
2009-08-18,30.883939743041992,73.02507781982422,0.42292238043542196,1.3987613100252392
2009-08-19,31.075050354003906,73.666259765625,0.4218355927513033,1.3677224735929965
2009-08-20,31.862442016601562,74.42533111572266,0.4281128688169248,1.4982407890886487
2009-08-21,32.38226318359375,75.88451385498047,0.4267308511124952,1.4584735381268608
2009-08-24,32.5963134765625,75.87710571289062,0.4295935271951836,1.5098068426691627
2009-08-25,32.38226318359375,76.02452850341797,0.42594493936437744,1.4194527278914162
2009-08-26,32.45871353149414,76.0318832397461,0.42690924055036644,1.4291327557467048
2009-08-27,32.366973876953125,76.20138549804688,0.42475571363177805,1.3720587293140287
2009-08-28,32.37462615966797,76.18663787841797,0.4249383758255987,1.3650743911821421
2009-08-31,31.79364013671875,75.50865173339844,0.4210595661140115,1.271831173213544
2009-09-01,31.984745025634766,73.84309387207031,0.43314470383712295,1.5165089497678335
2009-09-02,32.54280090332031,73.56307220458984,0.44237957888455154,1.6960628371771955
2009-09-03,32.83329772949219,74.17473602294922,0.44264798892353,1.6842202948468628
2009-09-04,33.10085678100586,75.21387481689453,0.44008976883040135,1.614036304253303
2009-09-08,33.4295654296875,75.86238098144531,0.44066064098177754,1.610655839968798
2009-09-09,33.48307800292969,76.4445571899414,0.43800473485292685,1.540825999418041
2009-09-10,34.12522506713867,77.22577667236328,0.44188904971351406,1.6071977870980305
2009-09-11,34.25517654418945,77.21102905273438,0.4436565211531309,1.628049315079452
2009-09-14,33.94940185546875,77.58685302734375,0.4375664243464552,1.4896796755694173
2009-09-15,34.813228607177734,77.9111099243164,0.4468326614907121,1.6637393068819515
2009-09-16,35.8070182800293,79.09024047851562,0.45273624234024235,1.7650660282571577
2009-09-17,35.57004165649414,78.97235870361328,0.45041128618166343,1.7001425171155515
2009-09-18,35.75351333618164,79.02268981933594,0.45244616980164054,1.7238788208254532
2009-09-21,35.51653289794922,78.82276153564453,0.4505872695400078,1.6707893739893815
2009-09-22,36.37272262573242,79.28186798095703,0.4587773163274723,1.8142641131451596
2009-09-23,36.09751892089844,78.62285614013672,0.4591224574258473,1.8018181388103454
2009-09-24,35.42479705810547,77.75648498535156,0.4555863998324911,1.7152316804860208
2009-09-25,35.69235610961914,77.34183502197266,0.4614883536119749,1.8121071044028556
2009-09-28,35.982845306396484,78.72651672363281,0.4570613156011111,1.7086026339156184
2009-09-29,36.02871322631836,78.48958587646484,0.4590253958407187,1.7282437282292793
2009-09-30,36.21982192993164,78.18595886230469,0.4632522572719138,1.7900932051869918
2009-10-01,34.69856262207031,76.24591827392578,0.45508747756712853,1.6180757202219633
2009-10-02,34.48451614379883,75.8905258178711,0.4543981712099066,1.5892988091454319
2009-10-05,35.05020523071289,77.0234146118164,0.4550590934894196,1.5862182928004946
2009-10-06,35.03491973876953,78.12673950195312,0.4484369879264407,1.448179355877521
2009-10-07,34.53036880493164,78.34146881103516,0.4407674419306739,1.2930913217060858
2009-10-08,35.06550216674805,78.94125366210938,0.4441974321416049,1.345913879516231
2009-10-09,35.63884735107422,79.42255401611328,0.44872451903075034,1.4179067288583895
2009-10-12,35.470664978027344,79.73352813720703,0.44486511266613865,1.3347315901026406
2009-10-13,35.233673095703125,79.57063293457031,0.44279744669965393,1.2873616254192866
2009-10-14,36.449153900146484,80.94050598144531,0.45032031191529787,1.4158550468445599
2009-10-15,36.43387222290039,81.2366943359375,0.4484903345800319,1.3706394990910709
2009-10-16,35.226036071777344,80.62950897216797,0.43688764226428334,1.1481195878219925
2009-10-19,35.914039611816406,81.2959213256836,0.4417692674634857,1.2275393176776743
2009-10-20,35.348358154296875,80.86647033691406,0.43712008211839803,1.1331166988320132
2009-10-21,35.02727127075195,80.14080047607422,0.4370716421931577,1.1236231339515697
2009-10-22,34.75971984863281,80.95532989501953,0.42936913349260863,0.975374871196613
2009-10-23,34.7291374206543,80.02972412109375,0.43395298187090214,1.0530214501344841
2009-10-26,34.95847702026367,79.16339874267578,0.44159899114359386,1.1890475383592087
2009-10-27,34.64505386352539,78.80054473876953,0.4396550046497353,1.1476339769651152
2009-10-28,33.215518951416016,77.31222534179688,0.42962828717670987,0.9532861422848651
2009-10-29,34.369842529296875,78.97087097167969,0.43522177362869013,1.0524004815564145
2009-10-30,32.779781341552734,76.68281555175781,0.4274723235667801,0.898441291843598
2009-11-02,32.97090148925781,77.24557495117188,0.42683223615202853,0.879327366226434
2009-11-03,32.81036376953125,77.48993682861328,0.4234145117720108,0.807714176415977
2009-11-04,33.72005844116211,77.68984985351562,0.43403428510598685,1.0018094067917989
2009-11-05,33.796504974365234,79.11895751953125,0.4271606456141975,0.8640107930816453
2009-11-06,34.01819610595703,79.32627868652344,0.42883892537538515,0.8894960184733764
2009-11-09,35.08079147338867,81.13304138183594,0.4323860029884515,0.9499626735594698
2009-11-10,34.675621032714844,81.1478500366211,0.42731410649901547,0.8458057768995604
2009-11-11,34.97376251220703,81.56249237060547,0.4287971283821548,0.8674317048017062
2009-11-12,34.148155212402344,80.73319244384766,0.4229754104689147,0.7488370122991117
2009-11-13,34.476863861083984,81.1700668334961,0.4247484966571023,0.7765804049448305
2009-11-16,35.279544830322266,82.34739685058594,0.4284233160926111,0.8414397359109849
2009-11-17,35.08842468261719,82.44364166259766,0.4256049826888689,0.7803421230282358
2009-11-18,35.233673095703125,82.39181518554688,0.4276355972538859,0.81453553092838
2009-11-19,34.981414794921875,81.31813049316406,0.43017977150695264,0.8600077653850541
2009-11-20,35.226036071777344,81.02935791015625,0.4347317685873221,0.9469230418893111
2009-11-23,35.829959869384766,82.05860137939453,0.4366386858548373,0.9788020576102487
2009-11-24,35.302486419677734,82.18448638916016,0.42955170702793377,0.8306237939835017
2009-11-25,35.53181457519531,82.4732666015625,0.4308282676234161,0.8533452129441985
2009-11-27,33.63597106933594,81.13304138183594,0.4145779635085436,0.5119920726007697
2009-11-30,33.92647171020508,81.40702819824219,0.41675113882781006,0.5515770531199135
2009-12-01,34.84381103515625,82.41407775878906,0.42278955225511006,0.6738245483851297
2009-12-02,35.21074295043945,82.37702178955078,0.427434036646683,0.7676828389082958
2009-12-03,35.50888442993164,81.73282623291016,0.434450710522889,0.9144927098992869
2009-12-04,35.97520446777344,82.19932556152344,0.43765814648743323,0.9818432918868676
2009-12-07,36.005767822265625,82.07343292236328,0.43870186173795117,1.0017979875250822
2009-12-08,35.409507751464844,81.16263580322266,0.4362784352804233,0.9433551293526103
2009-12-09,35.829959869384766,81.46625518798828,0.43981351280606895,1.0180822111058536
2009-12-10,36.044002532958984,81.92533111572266,0.43996163386932735,1.0148799093268728
2009-12-11,36.22747039794922,82.27333068847656,0.4403306648070751,1.0160371610611854
2009-12-14,36.43387222290039,82.83610534667969,0.43983082099792087,0.9980778433871382
2009-12-15,36.3344841003418,82.45108795166016,0.4406792560656588,1.010743854560227
2009-12-16,36.28862762451172,82.57695007324219,0.4394522635229961,0.97530247037318
2009-12-17,35.02727127075195,81.58472442626953,0.4293361473863543,0.7355763164409973
2009-12-18,35.103721618652344,82.04627990722656,0.42785269068074394,0.6949355746404431
2009-12-21,35.226036071777344,82.8801040649414,0.42502403283875806,0.6231331574689611
2009-12-22,35.405364990234375,83.17786407470703,0.4256585016229161,0.6318164436399459
2009-12-23,35.65058517456055,83.34162139892578,0.4277644780141038,0.6749193591031064
2009-12-24,36.22536087036133,83.73619079589844,0.4326129541605052,0.782357194376824
2009-12-28,36.401611328125,83.91486358642578,0.4337921766462049,0.8037066348036785
2009-12-29,36.278995513916016,83.79574584960938,0.43294555285690717,0.777171679196114
2009-12-30,36.49357986450195,83.7659912109375,0.43566105213993944,0.8354246657369411
2009-12-31,36.50890350341797,82.96196746826172,0.4400679566499549,0.9342993145901365
2010-01-04,37.819366455078125,84.36898803710938,0.4482614682831495,1.1237218513387577
2010-01-05,37.83469009399414,84.59232330322266,0.4472591438158642,1.0925429403864657
2010-01-06,38.3787956237793,84.65186309814453,0.4533721316834256,1.2320369032710796
2010-01-07,37.59712219238281,85.00919342041016,0.44227124949236357,0.9555523291731693
2010-01-08,38.148902893066406,85.2921142578125,0.44727350500133817,1.0694225435055762
2010-01-11,38.3864631652832,85.41121673583984,0.4494311711306609,1.1151452338325556
2010-01-12,37.85768508911133,84.61466979980469,0.44741278526148326,1.060011807114957
2010-01-13,37.91899108886719,85.32933044433594,0.4443840223685267,0.9789241067420411
2010-01-14,38.148902893066406,85.56012725830078,0.44587244217037225,1.0089710801810672
2010-01-15,37.85768508911133,84.59976959228516,0.4474915862248832,1.0432603119552593
2010-01-19,38.63935089111328,85.65686798095703,0.4510946034088412,1.126721751148467
2010-01-20,37.91899108886719,84.78587341308594,0.44723241693957394,1.0237045554674267
2010-01-21,37.55113983154297,83.15550994873047,0.4515772900039351,1.127240537386941
2010-01-22,36.48591995239258,81.30183410644531,0.4487711790686418,1.050648373125448
2010-01-25,36.83843231201172,81.71873474121094,0.4507954317779472,1.0984030680212944
2010-01-26,35.90348815917969,81.37626647949219,0.4412034332913001,0.8463727263715485
2010-01-27,35.65058517456055,81.76342010498047,0.4360212076352339,0.7061115846329109
2010-01-28,35.45900344848633,80.82537841796875,0.43871125805460176,0.7713315872950587
2010-01-29,34.822940826416016,79.94691467285156,0.4355757938741471,0.6824986043607628
2010-02-01,35.65825653076172,81.19015502929688,0.43919433973114963,0.7735825604205145
2010-02-02,35.7808723449707,82.17283630371094,0.4354343108314351,0.6665825251938179
2010-02-03,35.619937896728516,81.76342010498047,0.4356463789185207,0.6662580695447298
2010-02-04,34.347801208496094,79.23967742919922,0.4334672013169906,0.6006810139690854
2010-02-05,33.933963775634766,79.40348052978516,0.4273611628763017,0.4272606347734388
2010-02-08,33.64276123046875,78.83025360107422,0.42677474311728336,0.40510534319000696
2010-02-09,34.61600875854492,79.82034301757812,0.4336740165464053,0.5899755620469941
2010-02-10,34.554710388183594,79.66402435302734,0.43375552099974307,0.5863505276392528
2010-02-11,35.367042541503906,80.49783325195312,0.43935396907898505,0.7376499176967095
2010-02-12,35.0145263671875,80.43080139160156,0.4353372807602493,0.6182980469562319
2010-02-16,35.71189498901367,81.69638061523438,0.4371294630199845,0.6635102661402722
2010-02-17,36.217689514160156,82.08351135253906,0.4412297782755592,0.7777200197343905
2010-02-18,36.447601318359375,82.5674057006836,0.441428442725767,0.7804416065050197
2010-02-19,35.665916442871094,82.73863220214844,0.4310672716432092,0.4692522667143467
2010-02-22,36.04143142700195,82.7535171508789,0.43552748774762096,0.6007246483950747
2010-02-23,35.32106018066406,81.74848175048828,0.43206992257630633,0.4897392674376017
2010-02-24,35.535640716552734,82.5003890991211,0.43073300749961324,0.44241887083560655
2010-02-25,34.79227828979492,82.38871002197266,0.4222942473612707,0.1624811023128095
2010-02-26,34.914894104003906,82.44086456298828,0.42351440986317485,0.1923347856571647
2010-03-01,35.428348541259766,83.29695129394531,0.4253258731671609,0.24431559617708787
2010-03-02,35.842185974121094,83.52774047851562,0.4291051783370119,0.37009420470519916
2010-03-03,36.064430236816406,83.6021499633789,0.43138161222664817,0.4483978518855673
2010-03-04,35.911155700683594,83.85530090332031,0.4282514678718619,0.325184422641988
2010-03-05,37.091331481933594,85.05388641357422,0.4360921416521419,0.6216876284589811
2010-03-08,37.33656311035156,85.06876373291016,0.4388986212092717,0.7305693877312265
2010-03-09,37.413204193115234,85.21021270751953,0.43906948479913416,0.7368480468692888
2010-03-10,37.735069274902344,85.58988189697266,0.44088236177642215,0.808112415652391
2010-03-11,37.512821197509766,85.94721984863281,0.43646346285052634,0.6216098440137025
2010-03-12,37.305908203125,85.95468139648438,0.4340183407933712,0.5142506766894611
2010-03-15,37.037681579589844,85.97699737548828,0.43078593938137627,0.3699973397178208
2010-03-16,37.229270935058594,86.66191864013672,0.4295920459556521,0.31026529456795543
2010-03-17,37.880680084228516,87.17558288574219,0.43453314368860974,0.5249149988013699
2010-03-18,37.62010192871094,87.13092041015625,0.43176523043277554,0.3931968236842615
2010-03-19,37.742733001708984,86.68985748291016,0.4353765722725926,0.5539552030069138
2010-03-22,37.55880355834961,87.15332794189453,0.4309508821440555,0.3406606685103594
2010-03-23,37.85768508911133,87.76629638671875,0.43134650370002564,0.3523588699653382
2010-03-24,37.574127197265625,87.3401870727539,0.43020433613184933,0.2898501656942255
2010-03-25,37.58180236816406,87.19815826416016,0.4309930750407923,0.32104583851055596
2010-03-26,37.35189437866211,87.14584350585938,0.4286136076719563,0.19611956677662454
2010-03-29,38.07225799560547,87.69901275634766,0.43412413434323177,0.4641684703267537
2010-03-30,38.24850845336914,87.75883483886719,0.4358365573517095,0.5465080306406085
2010-03-31,38.3174934387207,87.45978546142578,0.4381155663321478,0.6596206067768957
2010-04-01,39.55131912231445,88.05785369873047,0.44915152324323193,1.2307753883176318
2010-04-05,39.94214630126953,88.77543640136719,0.4499234013413918,1.2626191267322846
2010-04-06,39.96514129638672,88.9847412109375,0.44912353233291674,1.2124418806358586
2010-04-07,39.58197021484375,88.47642517089844,0.44737307297834866,1.1127413053060808
2010-04-08,39.90382385253906,88.78292083740234,0.4494538304908801,1.214980716540955
2010-04-09,39.88850784301758,89.36597442626953,0.44635005771606256,1.0448011146779386
2010-04-12,39.37505340576172,89.50798797607422,0.4399054687307551,0.6932249268542846
2010-04-13,39.329071044921875,89.57530212402344,0.4390615505875487,0.6416950779856172
2010-04-14,40.27935028076172,90.59190368652344,0.4446241732610121,0.9364866907905768
2010-04-15,40.37131118774414,90.6666488647461,0.4452719019974909,0.9653144215210009
2010-04-16,39.589630126953125,89.22396087646484,0.44371074471539096,0.8745822954304912
2010-04-19,39.137489318847656,89.56034088134766,0.4369957609998183,0.49858321616621265
2010-04-20,39.62028121948242,90.36018371582031,0.438470569560669,0.5754130796493236
2010-04-21,40.12608337402344,90.19573211669922,0.44487784989767076,0.9307158306683933
2010-04-22,40.21037292480469,90.46485137939453,0.4444861436423421,0.9022730145843519
2010-04-23,40.41728973388672,91.05535888671875,0.44387601375740604,0.8609005336804023
2010-04-26,40.5399055480957,90.71150970458984,0.44691027279909173,1.027970851008281
2010-04-27,39.106834411621094,88.5661392211914,0.44155514461291906,0.7155779330722678
2010-04-28,39.643280029296875,89.23890686035156,0.44423762486618046,0.8703639631777353
2010-04-29,40.156742095947266,90.34524536132812,0.4444809678178834,0.8792803670949534
2010-04-30,39.73523712158203,88.81282806396484,0.44740425440527454,1.045471393301945
2010-05-03,39.650943756103516,89.96401977539062,0.44074224178842114,0.6420381094907884
2010-05-04,38.033939361572266,87.84852600097656,0.43294908967680873,0.17310977445838377
2010-05-05,37.305908203125,87.32523345947266,0.4272065097935128,-0.1731382468318079
2010-05-06,35.81919860839844,84.42486572265625,0.4242730894718616,-0.35370874375591116
2010-05-07,35.93414306640625,83.16905212402344,0.4320614717698177,0.10763509285986747
2010-05-10,38.23318862915039,86.8318862915039,0.4403127729000093,0.6006288846490023
2010-05-11,37.52814865112305,86.58522033691406,0.43342441706674956,0.17844925745841697
2010-05-12,37.61244583129883,87.79618072509766,0.42840640128832885,-0.13048441711175776
2010-05-13,37.819366455078125,86.70484161376953,0.4361851743360092,0.3375762520444768
2010-05-14,37.31357192993164,85.135009765625,0.438287045865798,0.4601141625713596
2010-05-17,36.82311248779297,85.17985534667969,0.4322983684102762,0.08724364658867251
2010-05-18,35.81919860839844,84.0212173461914,0.42631135015353455,-0.2843920794619048
2010-05-19,35.45900344848633,83.54283142089844,0.42444100643225474,-0.40155216412413075
2010-05-20,33.182945251464844,80.38827514648438,0.4127833964716686,-1.1160833828436512
2010-05-21,33.79602813720703,81.56185150146484,0.41436072765709664,-1.0176005392599468
2010-05-24,33.35154342651367,80.51532745361328,0.4142260173471723,-1.0239209597069852
2010-05-25,32.33995819091797,80.59756469726562,0.40125229977345883,-1.8211195640171407
2010-05-26,32.25566864013672,80.1116714477539,0.402633824225884,-1.747874961994617
2010-05-27,34.34013748168945,82.79527282714844,0.4147596391569517,-1.002857212466629
2010-05-28,33.719390869140625,81.75624084472656,0.41243812730065843,-1.1516316438443164
2010-06-01,33.328556060791016,80.38079071044922,0.41463334418851916,-1.0181019839290577
2010-06-02,34.539390563964844,82.47386932373047,0.41879192582063945,-0.7689456944914838
2010-06-03,34.85358428955078,82.75789642333984,0.42115116255808044,-0.6348742071144914
2010-06-04,33.972293853759766,79.85004425048828,0.4254511587644114,-0.3746775374500524
2010-06-07,33.34387969970703,78.85585021972656,0.4228459855140302,-0.55605217357797
2010-06-08,34.0106086730957,79.70055389404297,0.4267298909655099,-0.3190739371308777
2010-06-09,33.64276123046875,79.27445983886719,0.4243833549777675,-0.49379668644816427
2010-06-10,34.3171501159668,81.591796875,0.4205955920855775,-0.7628889172666427
2010-06-11,34.570037841796875,81.98798370361328,0.42164761566484704,-0.7027988715548177
2010-06-14,35.198448181152344,81.86087036132812,0.42997891453864184,-0.1433577820315065
2010-06-15,36.11040115356445,83.72219848632812,0.4313121466759058,-0.06257954453583431
2010-06-16,36.1640510559082,83.69229888916016,0.4321072731411394,-0.017576554822043455
2010-06-17,36.02610397338867,83.82684326171875,0.42976810973199003,-0.19652211456513777
2010-06-18,36.72348403930664,83.9177474975586,0.43761284274670303,0.36227438773000464
2010-06-21,37.46684265136719,83.67740631103516,0.44775339369506917,1.1104092334384423
2010-06-22,36.70049285888672,82.29541778564453,0.4459603444080053,0.9774588127852956
2010-06-23,36.77217102050781,82.04005432128906,0.4482221681192327,1.1526094512223126
2010-06-24,36.525535583496094,80.68061065673828,0.4527176391722756,1.508108086702004
2010-06-25,36.53324890136719,81.0185775756836,0.45092434345986404,1.3711907486365593
2010-06-28,36.3559684753418,80.76321411132812,0.45015504738613893,1.3146561396976235
2010-06-29,34.73740768432617,78.2696533203125,0.44381706332805665,0.7984599669236877
2010-06-30,34.45994186401367,77.52606201171875,0.4444949346041173,0.8577455210745083
2010-07-01,34.61408615112305,77.18058776855469,0.4484817640275305,1.1968963817232228
2010-07-02,34.105403900146484,76.75997161865234,0.4443123568307706,0.8340947335068382
2010-07-06,35.03029251098633,77.26323699951172,0.45338888029254726,1.617468606010036
2010-07-07,35.47732162475586,79.69669342041016,0.44515424796369524,0.8878571389739309
2010-07-08,35.83957290649414,80.48534393310547,0.4452931571775579,0.8929097852074316
2010-07-09,36.57177734375,81.08616638183594,0.45102363295278963,1.3852806546630785
2010-07-12,36.64113998413086,81.13877868652344,0.4515860427933294,1.422864849509809
2010-07-13,36.89549255371094,82.36302947998047,0.4479618196010981,1.10728524832985
2010-07-14,37.27315139770508,82.3554916381836,0.4525885360682325,1.525869179347261
2010-07-15,37.14212417602539,82.3780517578125,0.4508740299566861,1.3626582720073075
2010-07-16,35.739376068115234,80.10980224609375,0.4461298750722847,0.923368650955327
2010-07-19,36.194122314453125,80.58294677734375,0.44915362073392506,1.192821312361761
2010-07-20,36.8492546081543,81.47676086425781,0.45226705403208184,1.465847001294786
2010-07-21,36.57177734375,80.417724609375,0.45477259548682264,1.6790418033083199
2010-07-22,37.25003433227539,82.21278381347656,0.45309296929766846,1.5114464013385933
2010-07-23,37.65082550048828,82.92634582519531,0.4540273073150285,1.5820020694788366
2010-07-26,38.19805145263672,83.79004669189453,0.45587814974128454,1.7342546200593976
2010-07-27,38.08243942260742,83.78254699707031,0.45453905124105476,1.5975241667815434
2010-07-28,37.81267547607422,83.24180603027344,0.45425102216454166,1.5566569016456415
2010-07-29,37.766422271728516,82.83621215820312,0.4559168181133277,1.6902797323221954
2010-07-30,37.80496597290039,82.82115173339844,0.4564651080269289,1.7213985242313947
2010-08-02,39.02275466918945,84.69135284423828,0.46076433258728194,2.079226866930878
2010-08-03,39.17689514160156,84.28577423095703,0.4648102897441549,2.402130786661102
2010-08-04,39.20771789550781,84.84906768798828,0.46208778674722295,2.134895971680032
2010-08-05,38.99961853027344,84.75895690917969,0.4601238612700488,1.940826179622587
2010-08-06,39.04585647583008,84.4134750366211,0.4625547811992199,2.1215888572472603
2010-08-09,39.17689514160156,84.8641128540039,0.46164266406696064,2.0189646781780493
2010-08-10,38.63737106323242,84.40593719482422,0.4577565553718142,1.6724331610974232
2010-08-11,37.057350158691406,82.09263610839844,0.45140894379076074,1.127892887095838
2010-08-12,36.88007736206055,81.58940887451172,0.4520204015546161,1.1703970139799749
2010-08-13,37.211490631103516,81.34906005859375,0.45742987816086605,1.6118954359179145
2010-08-16,37.27315139770508,81.31151580810547,0.45839941645743537,1.676555312736236
2010-08-17,37.951416015625,82.31044006347656,0.4610765777264396,1.8887872687252354
2010-08-18,38.08243942260742,82.46063232421875,0.4618257021468726,1.9309828638104658
2010-08-19,38.14409637451172,81.02610778808594,0.4707630344810962,2.6362090578205617
2010-08-20,37.9591178894043,80.76321411132812,0.47000504260614884,2.530705424918728
2010-08-23,37.735599517822266,80.45526885986328,0.4690258332682973,2.4131519369349843
2010-08-24,37.211490631103516,79.26105499267578,0.46948013289177254,2.411642011094048
2010-08-25,36.67967987060547,79.56903076171875,0.4609793473600075,1.7118495285176496
2010-08-26,36.48698806762695,79.03575134277344,0.4616516886058945,1.7474619668451203
2010-08-27,36.995697021484375,80.260009765625,0.4609480752558974,1.675266808694212
2010-08-30,36.93402862548828,79.0958480834961,0.4669528113093818,2.1257340014685253
2010-08-31,36.83384323120117,79.0958480834961,0.4656861785250497,2.004519708567069
2010-09-01,38.25971603393555,81.46174621582031,0.4696648158335857,2.2833918642032907
2010-09-02,38.27512741088867,82.22032928466797,0.46551902362699515,1.9386283443831378
2010-09-03,38.60654067993164,83.28682708740234,0.463537176646403,1.7679315402832854
2010-09-07,38.19034194946289,82.3479995727539,0.46376769499691345,1.767284694328152
2010-09-08,38.52946853637695,82.92634582519531,0.46462277039911043,1.8132727093060095
2010-09-09,38.91483688354492,83.30937957763672,0.4671123117329166,1.9778623304802934
2010-09-10,39.24626541137695,83.7300033569336,0.468724039626197,2.073126537074142
2010-09-13,39.778072357177734,84.66131591796875,0.4698494457104833,2.12992824838488
2010-09-14,39.74724197387695,84.60875701904297,0.4697769282313296,2.096713165206877
2010-09-15,39.916805267333984,84.93168640136719,0.4699871974600451,2.0876770078438702
2010-09-16,39.48519515991211,84.9091796875,0.46502857883250714,1.7159396433109637
2010-09-17,39.600799560546875,84.94090270996094,0.466215901846107,1.7873379427080864
2010-09-20,40.27134704589844,86.23963928222656,0.46697026310728207,1.827474915080774
2010-09-21,40.363826751708984,86.06598663330078,0.468986975350508,1.9531812207867743
2010-09-22,40.3946647644043,85.64311981201172,0.4716626957667044,2.126694368726907
2010-09-23,39.92451858520508,84.94843292236328,0.46998534536467784,1.9952846888061704
2010-09-24,40.672142028808594,86.70026397705078,0.4691120898959933,1.9195663063496478
2010-09-27,40.60276794433594,86.28496551513672,0.4705659636291228,2.0100510032751355
2010-09-28,40.76462173461914,86.58698272705078,0.4707938820679543,2.0103206636159587
2010-09-29,40.96501922607422,86.43596649169922,0.4739348779076618,2.208126258195224
2010-09-30,41.227073669433594,86.17921447753906,0.47838767061608145,2.4895340295245743
2010-10-01,41.95928192138672,86.54166412353516,0.48484487034466234,2.8775046309166425
2010-10-04,42.05946731567383,85.89230346679688,0.4896767884672301,3.1335190126452814
2010-10-05,42.51421356201172,87.62145233154297,0.4852032513812484,2.7904906777832403
2010-10-06,43.138519287109375,87.61392974853516,0.49237055581142475,3.1794522235175076
2010-10-07,42.753143310546875,87.5082015991211,0.48856155799431117,2.8762163786113715
2010-10-08,42.91499710083008,87.99900817871094,0.4876759180475882,2.7666925965696962
2010-10-11,42.51421356201172,88.08207702636719,0.48266588388106674,2.421422850875624
2010-10-12,41.86678695678711,88.35393524169922,0.4738531095673009,1.8645756678450012
2010-10-13,42.3831901550293,89.04106903076172,0.47599597148128175,1.9707356139853687
2010-10-14,42.70689010620117,88.6937255859375,0.4815097102310967,2.2712648683484953
2010-10-15,42.8841667175293,88.87493133544922,0.4825226424723464,2.29916987146295
2010-10-18,43.16163635253906,89.31290435791016,0.483263159594209,2.3076009888051536
2010-10-19,40.68754959106445,88.1424789428711,0.4616111332361754,1.0410075174633115
2010-10-20,41.604732513427734,89.00333404541016,0.46745139336241825,1.3683375268383788
2010-10-21,41.604732513427734,89.19961547851562,0.4664227787332619,1.2980846760518394
2010-10-22,42.159671783447266,89.36575317382812,0.47176541668530636,1.5906801947336637
2010-10-25,42.8841667175293,89.63004302978516,0.47845750451417685,1.9514074546140112
2010-10-26,42.76084518432617,89.64514923095703,0.4770012159181016,1.8476258845702058
2010-10-27,42.00551986694336,89.38839721679688,0.4699213899659244,1.4338226635863773
2010-10-28,42.421730041503906,89.40348815917969,0.4744974823126984,1.6750098384029797
2010-10-29,41.92074203491211,89.471435546875,0.46853771573777203,1.3285927540551774
2010-11-01,42.6606559753418,89.5016860961914,0.47664639445442974,1.7644060086903173
2010-11-02,43.16163635253906,90.21147918701172,0.47844949158924,1.8447439987325118
2010-11-03,43.7705192565918,90.57391357421875,0.483257458238514,2.086362103195995
2010-11-04,44.541263580322266,92.31818389892578,0.482475517814433,2.017568851256937
2010-11-05,44.271507263183594,92.66552734375,0.47775595231822277,1.7408606535790425
2010-11-08,44.03258514404297,92.4918212890625,0.4760700409004702,1.6326670902632396
2010-11-09,43.73969268798828,91.82733917236328,0.47632538503470384,1.630149520966146
2010-11-10,44.417945861816406,92.1973648071289,0.48177023231342847,1.9034097852984684
2010-11-11,44.16360855102539,91.85003662109375,0.48082298250149014,1.8321630541509335
2010-11-12,42.745426177978516,90.7626953125,0.47095809606363176,1.2929293287234078
2010-11-15,42.753143310546875,90.63430786132812,0.4717103745742709,1.3223428399654968
2010-11-16,41.7665901184082,89.22230529785156,0.46811825786139966,1.120892083330718
2010-11-17,41.98239517211914,89.267578125,0.4702983552811509,1.2276898696799612
2010-11-18,43.22330093383789,90.58145141601562,0.4771760692520281,1.5808485602203888
2010-11-19,43.56242752075195,90.83061218261719,0.47960072572414925,1.6929315008574506
2010-11-22,43.60096740722656,90.7551040649414,0.4804244109072601,1.7184930455717697
2010-11-23,41.23478698730469,89.4412612915039,0.4610264478819644,0.6872267659612198
2010-11-24,42.70689010620117,90.7626953125,0.47053351555018774,1.1803146138053389
2010-11-26,41.242488861083984,89.70558166503906,0.4597538759080073,0.6053083014746842
2010-11-29,41.38892364501953,89.97738647460938,0.4599925077474775,0.6118476674372304
2010-11-30,41.59702682495117,89.471435546875,0.4649196312845351,0.8673770440955421
2010-12-01,42.876461029052734,91.374267578125,0.46923999683382805,1.0898621484578157
2010-12-02,43.593257904052734,92.54469299316406,0.4710508673606255,1.1772897373110471
2010-12-03,44.17131423950195,92.79389190673828,0.4760153209641855,1.4298251977800365
2010-12-06,44.07881546020508,92.69573974609375,0.47552148114835646,1.3911226357126136
2010-12-07,44.20214080810547,92.74856567382812,0.47658031676255314,1.4344019191794342
2010-12-08,43.99403762817383,93.08836364746094,0.4726051238239142,1.213793336499746
2010-12-09,44.64146423339844,93.45081329345703,0.4777001147460748,1.46961517529715
2010-12-10,44.66459274291992,93.9945068359375,0.47518301065060786,1.325713759905838
2010-12-13,44.872684478759766,94.05488586425781,0.47709041445779926,1.413255137205302
2010-12-14,45.18869400024414,94.13794708251953,0.48002633795097094,1.551904147234691
2010-12-15,44.356292724609375,93.7075424194336,0.4733481593837053,1.1943617821839012
2010-12-16,44.80331802368164,94.251220703125,0.47536061272674995,1.2881014015673171
2010-12-17,44.7647819519043,94.35221099853516,0.4744433805859545,1.2305067190500978
2010-12-20,45.080787658691406,94.57990264892578,0.47664235631567786,1.33338977263908
2010-12-21,45.319637298583984,95.17957305908203,0.4761487769067019,1.2976185792540038
2010-12-22,45.4510498046875,95.47562408447266,0.47604873223425487,1.282315523400405
2010-12-23,45.38147735595703,95.33897399902344,0.47600131879352797,1.269620487278286
2010-12-27,45.172767639160156,95.37693786621094,0.47362358920062847,1.1373061699642688
2010-12-28,45.55152893066406,95.5135726928711,0.4769115806937449,1.296422350166124
2010-12-29,46.146724700927734,95.58190155029297,0.4827977258502898,1.5852617665926814
2010-12-30,47.02019119262695,95.43009948730469,0.4927186647110451,2.0694756863247594
2010-12-31,47.298458099365234,95.45282745361328,0.49551657463840576,2.1818963567149683
2011-01-03,47.754520416259766,96.43965148925781,0.49517516580386056,2.1356066997266847
2011-01-04,47.862728118896484,96.38648986816406,0.49657092175845785,2.175304844752451
2011-01-05,47.87818908691406,96.8874740600586,0.49416283736776273,2.030515598539476
2011-01-06,47.545814514160156,96.69772338867188,0.491695283487203,1.8866019521919575
2011-01-07,47.8008918762207,96.50791931152344,0.49530538236889626,2.037399475382608
2011-01-10,47.08975601196289,96.38648986816406,0.4885514149998773,1.6919224953916618
2011-01-11,47.592185974121094,96.72810363769531,0.4920202524840385,1.838783242173021
2011-01-12,48.55068588256836,97.60099792480469,0.49744046592611224,2.0717316045649175
2011-01-13,48.1873779296875,97.44158172607422,0.49452581819895813,1.9102242196031343
2011-01-14,48.68208312988281,98.14752197265625,0.4960092944928917,1.956498051313404
2011-01-18,48.51202392578125,98.31452941894531,0.4934369742956114,1.8158881923866528
2011-01-19,48.51202392578125,97.35051727294922,0.4983232270842929,2.0180554308971774
2011-01-20,48.15646743774414,97.22146606445312,0.49532751754451776,1.8585812265587436
2011-01-21,47.23662185668945,97.44158172607422,0.4847686277248668,1.362181286421424
2011-01-24,47.90910720825195,97.99571228027344,0.48888983092677685,1.5366809194644113
2011-01-25,47.66175842285156,98.0488510131836,0.48610216163005304,1.397223985149227
2011-01-26,48.6202507019043,98.42837524414062,0.4939657957505362,1.7360120756941917
2011-01-27,48.906253814697266,98.6712875366211,0.4956482785992438,1.792325380922145
2011-01-28,47.42986297607422,96.94818115234375,0.489229012987291,1.4899091180293902
2011-01-31,47.46078872680664,97.67688751220703,0.4858957931155955,1.3289293308089214
2011-02-01,48.94490051269531,99.2406005859375,0.4931943199024821,1.6391307430632795
2011-02-02,48.844417572021484,99.05084991455078,0.4931246689367997,1.6200827983701176
2011-02-03,48.7361946105957,99.27092742919922,0.4909412642019964,1.5092793624394814
2011-02-04,48.80576705932617,99.55181121826172,0.490254938228319,1.4665119178725514
2011-02-07,48.658897399902344,100.1742172241211,0.4857427265045371,1.2569979320217464
2011-02-08,48.49656677246094,100.6296615600586,0.4819311326364427,1.079586404794226
2011-02-09,47.22116470336914,100.40193176269531,0.4703212764369772,0.5600026636631291
2011-02-10,46.4095344543457,100.43992614746094,0.4620626103030932,0.1899885488201002
2011-02-11,45.8375358581543,101.03955078125,0.45365933937485803,-0.1867338680576104
2011-02-14,46.115806579589844,101.28250885009766,0.455318564904856,-0.11632260422833066
2011-02-15,46.08488464355469,100.96365356445312,0.4564502473569366,-0.06865773340449208
2011-02-16,46.069419860839844,101.6012954711914,0.45343339026521196,-0.2055802445791062
2011-02-17,46.16218566894531,101.90491485595703,0.4529927308628414,-0.2297879530784419
2011-02-18,46.741912841796875,102.11750030517578,0.4577267628184175,-0.021773156748976258
2011-02-22,44.9022331237793,100.06795501708984,0.44871740524837134,-0.43005936828095664
2011-02-23,44.67806625366211,99.45314025878906,0.44923736080534404,-0.4110991628712299
2011-02-24,44.685794830322266,99.38480377197266,0.4496240183041347,-0.4005471442070839
2011-02-25,45.21915054321289,100.447509765625,0.45017691975364155,-0.3820908406894492
2011-02-28,44.87904357910156,101.0699462890625,0.4440394521507552,-0.667495690415734
2011-03-01,44.21427536010742,99.38480377197266,0.44487963634311883,-0.6337537730886793
2011-03-02,44.732173919677734,99.59735107421875,0.44913015694909253,-0.44332446991909047
2011-03-03,45.92255783081055,101.31287384033203,0.4532746539515204,-0.258333484332715
2011-03-04,46.471378326416016,100.5537338256836,0.4621546764934374,0.14702958136568087
2011-03-07,45.53606414794922,99.76433563232422,0.4564362991978395,-0.12087385615761019
2011-03-08,46.2703971862793,100.63726043701172,0.4597740139720881,0.03000545402407708
2011-03-09,46.339969635009766,100.4930419921875,0.46112615078974634,0.08915500928032462
2011-03-10,44.7785530090332,98.63331604003906,0.45399014052063164,-0.24624341830379942
2011-03-11,44.909950256347656,99.3165283203125,0.4521900937929034,-0.33428812878002157
2011-03-14,45.4278564453125,98.71684265136719,0.46018344210772166,0.03361328659840048
2011-03-15,44.600772857666016,97.5858154296875,0.4570415552842488,-0.1191822089283244
2011-03-16,43.75823211669922,95.77922821044922,0.45686557444952697,-0.13199205147092938
2011-03-17,44.979522705078125,97.0468521118164,0.46348255225479307,0.17480386798066538
2011-03-18,45.5747184753418,97.39984893798828,0.4679136463995743,0.3793371849544522
2011-03-21,46.41726303100586,98.90936279296875,0.4692908913806647,0.4389572695452265
2011-03-22,46.43272399902344,98.56626892089844,0.4710812786906513,0.5183531159516421
2011-03-23,46.44818878173828,98.8483657836914,0.46989334030448465,0.4557820348179426
2011-03-24,47.43759536743164,99.79367065429688,0.47535675415491985,0.7113697446647682
2011-03-25,48.02506637573242,100.0986328125,0.47977744576882175,0.9169650841138597
2011-03-28,47.90138626098633,99.85465240478516,0.479711111173933,0.9065503992559443
2011-03-29,48.52748489379883,100.52555084228516,0.4827378162785076,1.0445783271295597
2011-03-30,49.46279525756836,101.21931457519531,0.4886695337264184,1.32031927241508
2011-03-31,49.741058349609375,101.08209228515625,0.4920857614352505,1.4716947996586764
2011-04-01,50.81549835205078,101.50900268554688,0.5006009024585366,1.8599412139329043
2011-04-04,50.537227630615234,101.59288024902344,0.4974485171277642,1.6915013371320806
2011-04-05,50.637725830078125,101.57759857177734,0.49851272861403795,1.7237986951886421
2011-04-06,50.776859283447266,101.89781951904297,0.49831153917830334,1.6964698640905242
2011-04-07,50.28214645385742,101.63860321044922,0.49471504788141396,1.5127801420695295
2011-04-08,50.22031021118164,101.28791046142578,0.4958174177194366,1.5501069607480935
2011-04-11,49.787445068359375,100.98299407958984,0.49302801449043343,1.4073524133573565
2011-04-12,48.88306427001953,100.22819519042969,0.48771769437874846,1.149766372470737
2011-04-13,50.0811767578125,100.22061157226562,0.49970935092229696,1.6921435402826428
2011-04-14,50.65317916870117,100.29681396484375,0.5050327838574835,1.9172496100695804
2011-04-15,50.72274398803711,100.66276550292969,0.5038878450697927,1.8449781954537952
2011-04-18,49.818359375,99.53449249267578,0.5005135217690075,1.6734190670899314
2011-04-19,50.47539520263672,100.10623168945312,0.5042183123945784,1.8232966231321142
2011-04-20,52.2145881652832,101.47088623046875,0.5145770388433316,2.2638938442484804
2011-04-21,52.84070587158203,101.98929595947266,0.5181005062784164,2.3866728056340176
2011-04-25,52.74794387817383,101.882568359375,0.5177327655513514,2.334769039000959
2011-04-26,52.92573165893555,102.75928497314453,0.5150457369644732,2.1861577493042437
2011-04-27,52.84070587158203,103.43016052246094,0.5108829533345558,1.9788379350833285
2011-04-28,52.825233459472656,103.76559448242188,0.5090823574322737,1.8786082182184025
2011-04-29,53.31222152709961,104.00955200195312,0.5125704370508056,2.005627027079912
2011-05-02,53.83012008666992,103.84949493408203,0.5183474423331411,2.2253906935200454
2011-05-03,52.77886962890625,103.47591400146484,0.5100594678309301,1.8512516073640406
2011-05-04,51.71989440917969,102.78980255126953,0.5031617254385018,1.5444542279425835
2011-05-05,51.14788055419922,101.85968780517578,0.502140558805053,1.4909031570970013
2011-05-06,51.5189208984375,102.30947875976562,0.5035596068220602,1.5395131669663338
2011-05-09,51.155609130859375,102.7059097290039,0.4980785357516107,1.2934064258297446
2011-05-10,51.63486099243164,103.58262634277344,0.4984895905377283,1.3012980694188456
2011-05-11,50.877342224121094,102.49246215820312,0.4964008196582197,1.2034967961125738
2011-05-12,50.730472564697266,102.98037719726562,0.49262271070846575,1.0327540984736978
2011-05-13,49.717872619628906,102.1875,0.48653575652236236,0.7633265541359057
2011-05-16,49.52463912963867,101.53950500488281,0.48773764582816453,0.8088522208490921
2011-05-17,49.4318733215332,101.52423858642578,0.48689725734266626,0.7663141681767647
2011-05-18,50.50630569458008,102.43144989013672,0.49307420473644403,1.0301806334309838
2011-05-19,49.98069381713867,102.67542266845703,0.48678342409680936,0.7493546498552751
2011-05-20,49.66376876831055,101.85968780517578,0.4875704004051246,0.7800727398003979
2011-05-23,47.8472785949707,100.67803192138672,0.47525043628516395,0.21802150987289387
2011-05-24,48.10235595703125,100.59415435791016,0.4781824178956255,0.34446948529507365
2011-05-25,48.08689880371094,100.92960357666016,0.47643998489686895,0.25504015223743665
2011-05-26,49.1922492980957,101.39468383789062,0.4851560992758166,0.664011388481062
2011-05-27,50.158477783203125,101.78346252441406,0.49279594679903893,1.0303595485576207
2011-05-31,51.02421569824219,102.8431396484375,0.49613630887451615,1.1926495720084966
2011-06-01,50.197120666503906,100.53316497802734,0.49930906559517,1.3474035063792575
2011-06-02,50.351707458496094,100.42642211914062,0.5013790832731397,1.4477492205676532
2011-06-03,50.09663391113281,99.427734375,0.5038496977331212,1.566570615811013
2011-06-06,49.516902923583984,98.37567138671875,0.5033450061949873,1.5375197265767584
2011-06-07,49.764259338378906,98.31468963623047,0.5061731824868622,1.6755650251960463
2011-06-08,49.09177017211914,97.90299987792969,0.5014327470386933,1.4288343012532236
2011-06-09,49.393226623535156,98.65010833740234,0.5006910530153785,1.389957051019859
2011-06-10,47.93229675292969,97.27787780761719,0.492735839156808,0.970973035632538
2011-06-13,48.15646743774414,97.35411071777344,0.4946526354428757,1.0688379607120206
2011-06-14,49.37004089355469,98.5891342163086,0.5007655385758313,1.39180177249216
2011-06-15,48.349708557128906,96.8357162475586,0.49929623521887145,1.3076921451773647
2011-06-16,47.9245719909668,97.04917907714844,0.4938173866763938,1.0060480729224737
2011-06-17,47.855003356933594,97.33879089355469,0.49163342710169544,0.8804775838732032
2011-06-20,47.57672882080078,97.83673858642578,0.4862869460716237,0.5782309772484242
2011-06-21,48.75165557861328,99.17752075195312,0.49155953091974425,0.8649858020558889
2011-06-22,48.51622009277344,98.5799331665039,0.4921510751161533,0.8912013408309432
2011-06-23,48.39967346191406,98.29646301269531,0.492384689931957,0.8971541284292444
2011-06-24,48.57061004638672,97.15489959716797,0.4999295995135024,1.3106992682346976
2011-06-27,48.8736457824707,98.02062225341797,0.4986057490648758,1.2272555835695673
2011-06-28,49.37869644165039,99.30010986328125,0.4972672891262271,1.1449363332767362
2011-06-29,49.976993560791016,100.15050506591797,0.4990188869032333,1.236280412454742
2011-06-30,50.50535202026367,101.10820770263672,0.4995178251878614,1.255822083822147
2011-07-01,51.33675765991211,102.6021728515625,0.5003476654844577,1.2952193665991854
2011-07-05,51.69417190551758,102.5179443359375,0.5042451079210362,1.504998060505777
2011-07-06,51.83403396606445,102.64049530029297,0.5050056881975754,1.538263324040224
2011-07-07,52.78975296020508,103.70545959472656,0.5090354275127232,1.7555902330074622
2011-07-08,52.424560546875,102.96990203857422,0.5091250890695798,1.7453906553808323
2011-07-11,51.04149627685547,101.10820770263672,0.504820503069054,1.4879361129421569
2011-07-12,50.20232391357422,100.6715087890625,0.49867459539881726,1.1294277798788828
2011-07-13,51.04926300048828,101.00858306884766,0.5053952985925265,1.5029269040458522
2011-07-14,50.73846435546875,100.3114013671875,0.5058095457139693,1.5152265247318142
2011-07-15,50.98709487915039,100.89368438720703,0.5053546729790688,1.4799905574969043
2011-07-18,50.116851806640625,100.06625366210938,0.5008366954145066,1.2120611400456136
2011-07-19,51.04149627685547,101.69050598144531,0.5019298093193539,1.2661876564508288
2011-07-20,51.46107482910156,101.62918090820312,0.5063612081611082,1.5102955387484343
2011-07-21,51.77964782714844,103.03890991210938,0.5025251904481103,1.2792142203713384
2011-07-22,51.880645751953125,103.10782623291016,0.5031688441841455,1.306879618349978
2011-07-25,51.453304290771484,102.5332260131836,0.5018207881624215,1.2195155259218542
2011-07-26,51.709720611572266,102.1501693725586,0.5062127740873179,1.4632473530264656
2011-07-27,51.06480026245117,100.05862426757812,0.5103488143699937,1.6891444177199368
2011-07-28,51.2590446472168,99.7674789428711,0.513785105029754,1.8702348489809923
2011-07-29,51.03372573852539,99.08557891845703,0.5150469553245871,1.923581352614021
2011-08-01,51.1968879699707,98.66423034667969,0.5189001909818639,2.119580383615381
2011-08-02,49.51078796386719,96.1435775756836,0.5149671898249534,1.8729597464621535
2011-08-03,48.764862060546875,96.66454315185547,0.5044751722866943,1.2639552727423364
2011-08-04,45.540287017822266,92.13663482666016,0.49426905056277326,0.6757558706112747
2011-08-05,45.35380554199219,91.99874114990234,0.49298289275603124,0.5964602249779299
2011-08-08,41.1812858581543,86.00748443603516,0.478810491065825,-0.2196434335703151
2011-08-09,42.73530197143555,90.00675964355469,0.474801027619216,-0.45544672901128086
2011-08-10,39.969154357910156,86.03048706054688,0.4645929102991188,-1.051375929149277
2011-08-11,42.758609771728516,89.89186096191406,0.47566719961270737,-0.4182555120940804
2011-08-12,42.13700485229492,90.4970932006836,0.46561721887412655,-1.007811926423177
2011-08-15,43.06941604614258,92.41243743896484,0.46605648806296673,-0.986064241733694
2011-08-16,43.06941604614258,91.62330627441406,0.47007052896725443,-0.754935491943604
2011-08-17,43.675479888916016,91.68460845947266,0.4763665420267556,-0.39028924921644115
2011-08-18,40.94041442871094,87.73130798339844,0.4666568340284881,-0.959376464347024
2011-08-19,39.518497467041016,86.29861450195312,0.4579273687661188,-1.4647267117741403
2011-08-22,39.09114074707031,86.36756896972656,0.45261365132058407,-1.763355461172757
2011-08-23,41.29007339477539,89.20995330810547,0.4628415537016523,-1.16410769412637
2011-08-24,40.909339904785156,90.46646881103516,0.4522044514662764,-1.7754610214942157
2011-08-25,39.914772033691406,89.0873794555664,0.4480407020345622,-2.0036457002692796
2011-08-26,41.22791290283203,90.38216400146484,0.45615098242352153,-1.5321575909452338
2011-08-29,42.96841049194336,92.97940063476562,0.46212828001256423,-1.185269143199903
2011-08-30,42.859622955322266,93.22457885742188,0.4597459541316028,-1.3189565994911057
2011-08-31,44.05621337890625,93.63829803466797,0.4704935299293372,-0.7016548853994988
2011-09-01,43.5278434753418,92.6575927734375,0.4697709294237146,-0.7447811047947377
2011-09-02,42.463356018066406,90.29020690917969,0.47029857912252954,-0.7169856190812427
2011-09-06,41.93498229980469,89.63134002685547,0.4678607090693955,-0.8591316985160816
2011-09-07,43.621089935302734,92.15962982177734,0.47332101940577737,-0.5471869390391954
2011-09-08,42.42449951171875,91.20194244384766,0.4651710081486389,-1.0169309145146952
2011-09-09,40.551910400390625,88.81156921386719,0.4566061692113282,-1.5036692941745775
2011-09-12,40.54414749145508,89.38619232177734,0.45358400932329707,-1.6663483974157869
2011-09-13,40.707313537597656,90.20600128173828,0.45127056913272834,-1.7851258382312225
2011-09-14,40.45090866088867,91.45479583740234,0.44230494738413084,-2.268331261571297
2011-09-15,40.971500396728516,93.03304290771484,0.440397294511485,-2.3487563780774345
2011-09-16,41.631961822509766,93.58365631103516,0.44486359545668475,-2.0794567860927624
2011-09-19,40.07017135620117,92.65178680419922,0.43248136639697365,-2.7221966224841863
2011-09-20,40.272193908691406,92.54398345947266,0.4351681481954752,-2.5370412886473015
2011-09-21,38.83473587036133,89.81780242919922,0.43237236739313045,-2.6438687528048885
2011-09-22,35.485836029052734,86.91450500488281,0.40828439426835783,-3.805030516304294
2011-09-23,36.26284408569336,87.43819427490234,0.4147254456294507,-3.3824913779498704
2011-09-26,36.70573043823242,89.5174789428711,0.41003981425412517,-3.5195525514997046
2011-09-27,38.21312713623047,90.51863098144531,0.4221575903425171,-2.863893371489827
2011-09-28,36.84559631347656,88.67034149169922,0.4155346161255714,-3.113578562532649
2011-09-29,37.73915481567383,89.3711929321289,0.42227426509047544,-2.7392338971246555
2011-09-30,36.185150146484375,87.13784790039062,0.41526329853645794,-3.000597021719503
2011-10-03,35.1750373840332,84.65808868408203,0.4154952932530243,-2.925997227185233
2011-10-04,36.36385726928711,86.5140609741211,0.42032308806038604,-2.6571691655901017
2011-10-05,36.63580322265625,88.11588287353516,0.4157684406934484,-2.8040346779723633
2011-10-06,37.77800750732422,89.71001434326172,0.4211124898806996,-2.5247756194665243
2011-10-07,37.677001953125,89.10934448242188,0.4228176312143935,-2.411508432850491
2011-10-10,39.43302917480469,92.08965301513672,0.42820260348166483,-2.1505167646832617
2011-10-11,39.199928283691406,92.18206024169922,0.4252446536876059,-2.2455551192066903
2011-10-12,40.4042854309082,92.99066162109375,0.4344983111910993,-1.8357377480976
2011-10-13,39.976932525634766,92.80586242675781,0.4307586986456214,-1.9686416490429137
2011-10-14,41.04142761230469,94.39227294921875,0.4347964757071185,-1.7815750035089304
2011-10-17,40.10902404785156,92.59022521972656,0.4331885353196683,-1.8276493926781467
2011-10-18,41.16575241088867,94.39999389648438,0.43607791390357026,-1.6965339047861423
2011-10-19,41.056968688964844,93.28331756591797,0.44013195242495784,-1.5199738551384092
2011-10-20,40.12456130981445,93.69149017333984,0.42826260139079314,-1.9816007534172846
2011-10-21,41.16575241088867,95.47042846679688,0.4311885164022855,-1.8445045220285068
2011-10-24,43.10826110839844,96.64098358154297,0.4460660426952804,-1.2390384493155882
2011-10-25,42.19139862060547,94.76193237304688,0.4452357351105048,-1.263137972768279
2011-10-26,42.447811126708984,95.72455596923828,0.4434370125503624,-1.3261360979713417
2011-10-27,45.08186340332031,99.0591049194336,0.45510065369544916,-0.85867605600254
2011-10-28,44.64673614501953,99.03604888916016,0.45081297816098836,-1.023961328129361
2011-10-31,43.04610824584961,96.64868927001953,0.44538739812173045,-1.2300363297084151
2011-11-01,42.3701057434082,93.95331573486328,0.45096977591484744,-1.0034589590629042
2011-11-02,43.37244415283203,95.48585510253906,0.45422899660118055,-0.8693923919172065
2011-11-03,43.325828552246094,97.22628784179688,0.4456184588960583,-1.1989127723295323
2011-11-04,43.93966293334961,96.63331604003906,0.4547051134532488,-0.8378250295874291
2011-11-07,44.04066848754883,97.23397827148438,0.4529349644070313,-0.9020767200862109
2011-11-08,44.095062255859375,98.4815444946289,0.4477494994837767,-1.0977190722918566
2011-11-09,41.569793701171875,94.84661865234375,0.438284403722859,-1.4541074282340918
2011-11-10,41.36000442504883,95.7399673461914,0.4320035359474577,-1.681084105121427
2011-11-11,42.60321044921875,97.54199981689453,0.4367678592728602,-1.4853257716888686
2011-11-14,42.401187896728516,96.61791229248047,0.4388543168721365,-1.3946763068501649
2011-11-15,42.502201080322266,97.09534454345703,0.43773675535287404,-1.427232371793218
2011-11-16,41.44546890258789,95.55514526367188,0.43373351365041163,-1.5668010703958404
2011-11-17,40.598533630371094,94.03800964355469,0.43172472263351114,-1.6275584541449273
2011-11-18,40.94041442871094,93.93789672851562,0.4358242610757021,-1.4599915238294705
2011-11-21,39.61951446533203,92.15125274658203,0.42994005273359187,-1.6646210257198442
2011-11-22,40.21003723144531,91.7893295288086,0.43806875415540725,-1.3528632506071767
2011-11-23,38.671566009521484,89.76392364501953,0.43081412263630636,-1.6091544881491475
2011-11-25,38.4773063659668,89.59449768066406,0.4294605959297746,-1.6468482078634694
2011-11-28,40.39651870727539,92.18978881835938,0.4381886456738528,-1.317582770110663
2011-11-29,41.15798568725586,92.45160675048828,0.44518410370448736,-1.0551072363438854
2011-11-30,43.55892562866211,96.25592803955078,0.4525323947919769,-0.7818452371708086
2011-12-01,43.49676513671875,96.24057006835938,0.4519587228735567,-0.7991072615892675
2011-12-02,43.1937255859375,96.15583801269531,0.4492054406538966,-0.8946733246815102
2011-12-05,43.8231086730957,97.20319366455078,0.4508402144103382,-0.8301438412063245
2011-12-06,43.325828552246094,97.23397827148438,0.44558321404146617,-1.0156346325855532
2011-12-07,43.36467361450195,97.59593200683594,0.4443287002112398,-1.0549291089072532
2011-12-08,41.98937225341797,95.45500946044922,0.43988652340782414,-1.2075949308706737
2011-12-09,42.486663818359375,97.07225036621094,0.43768083729465285,-1.278024562426312
2011-12-12,41.13466262817383,95.6552734375,0.43003026545160333,-1.5405881865327866
2011-12-13,40.56745147705078,94.76193237304688,0.42809860944318795,-1.5947253556875816
2011-12-14,39.83707046508789,93.75310516357422,0.42491467771209074,-1.692078929504315
2011-12-15,39.93031311035156,94.0919418334961,0.42437548138831843,-1.6942969708573272
2011-12-16,40.22556686401367,94.23143768310547,0.42688053852356345,-1.5908501885766397
2011-12-19,38.446231842041016,93.2238998413086,0.41240746104257103,-2.0736267863666464
2011-12-20,40.36669921875,96.04490661621094,0.42028984816501147,-1.7793770884973368
2011-12-21,40.82079315185547,96.23091125488281,0.42419626520770576,-1.6280826156900825
2011-12-22,41.235721588134766,97.08341217041016,0.42474528517553395,-1.5940338322436414
2011-12-23,41.564552307128906,97.9513931274414,0.4243385518065129,-1.593158126534976
2011-12-27,40.56242752075195,98.02886962890625,0.4137804268712195,-1.9309079314124764
2011-12-28,40.30406951904297,96.7424545288086,0.41661202122012486,-1.814523593495018
2011-12-29,40.867759704589844,97.74214172363281,0.4181181114298065,-1.7450459345462488
2011-12-30,40.91473388671875,97.26166534423828,0.4206665981084038,-1.6430804697687074
2012-01-03,42.488380432128906,98.8116455078125,0.42999365321539534,-1.3202128603612615
2012-01-04,42.292659759521484,98.96662902832031,0.42734263230708813,-1.3962014323818697
2012-01-05,41.791595458984375,99.2301254272461,0.4211583456036775,-1.586337878636874
2012-01-06,40.85993194580078,98.97441864013672,0.41283326042423457,-1.8412507508789067
2012-01-09,40.7659912109375,99.21465301513672,0.41088679919807836,-1.8837319741015557
2012-01-10,41.61152267456055,100.07487487792969,0.4158038940874806,-1.7047093355411636
2012-01-11,41.16526412963867,100.12913513183594,0.411121738697114,-1.8365883864051966
2012-01-12,41.64284133911133,100.36935424804688,0.4148959774733399,-1.6969363188711755
2012-01-13,41.721134185791016,99.85010528564453,0.4178376584224721,-1.5865280983702064
2012-01-17,42.527530670166016,100.23760986328125,0.4242672059735991,-1.3677425020428342
2012-01-18,43.22431564331055,101.34584045410156,0.4265031051065818,-1.2850406102250287
2012-01-19,43.97590255737305,101.8805923461914,0.43164160655782635,-1.1114367960600782
2012-01-20,44.43782043457031,102.26036071777344,0.43455567849221133,-1.01004253754674
2012-01-23,45.04848861694336,101.99685668945312,0.4416654598886433,-0.7765012170395168
2012-01-24,45.04065704345703,101.8805923461914,0.4420926106358743,-0.7568356850294707
2012-01-25,45.45560073852539,102.73311614990234,0.442462980215641,-0.739258771909876
2012-01-26,45.032833099365234,102.2061538696289,0.4406078439935012,-0.7921594246837286
2012-01-27,45.36164855957031,102.15961456298828,0.44402720931960643,-0.6767997221209873
2012-01-30,44.633544921875,101.81088256835938,0.43839660158044974,-0.8505328251883109
2012-01-31,44.907562255859375,101.77213287353516,0.44125598027568846,-0.7530857590512786
2012-02-01,45.573036193847656,102.663330078125,0.4439076363407204,-0.6624174022188415
2012-02-02,45.776588439941406,102.82608032226562,0.44518460974563756,-0.6159567931943069
2012-02-03,46.21501922607422,104.267578125,0.4432348008569823,-0.672802883404752
2012-02-06,45.659156799316406,104.19786834716797,0.4381966495436218,-0.827910997635678
2012-02-07,45.941001892089844,104.46134948730469,0.4397894734996996,-0.7707649011932365
2012-02-08,46.324623107910156,104.77135467529297,0.44214970066464515,-0.6897638567346978
2012-02-09,46.34029006958008,104.90304565429688,0.44174399113532276,-0.6985235054217828
2012-02-10,45.18157958984375,104.12808990478516,0.4339038546770409,-0.9445713919017384
2012-02-13,46.050601959228516,104.90304565429688,0.43898250686625573,-0.7794053550841731
2012-02-14,45.70613479614258,104.77135467529297,0.43624648109013076,-0.8632687042525108
2012-02-15,46.10541534423828,104.2830810546875,0.4421178860265929,-0.6734799808747908
2012-02-16,46.15238571166992,105.43782043457031,0.4377213557853265,-0.8108128295164049
2012-02-17,46.52035140991211,105.71684265136719,0.4400467346847166,-0.7344502643355023
2012-02-21,46.31679916381836,105.76332092285156,0.437928752233526,-0.7983972099878909
2012-02-22,46.23851013183594,105.42230224609375,0.4386027353481481,-0.7750816711175061
2012-02-23,45.81573486328125,105.8873291015625,0.43268382772538155,-0.9596258367920552
2012-02-24,46.379432678222656,106.11982727050781,0.43704775885092445,-0.8188015078652233
2012-02-27,45.713958740234375,106.29808807373047,0.4300543835607491,-1.0360033884151096
2012-02-28,46.1367301940918,106.60807037353516,0.4327695833198851,-0.9476611061092848
2012-02-29,46.87265396118164,106.1895751953125,0.4414054192699203,-0.6741631870126733
2012-03-01,47.21713638305664,106.73979949951172,0.4423573643987652,-0.642948201766564
2012-03-02,47.084049224853516,106.41433715820312,0.442459639201201,-0.637957375622924
2012-03-05,46.473384857177734,105.98031616210938,0.43850958876260776,-0.7587672461599524
2012-03-06,45.126773834228516,104.43030548095703,0.43212335371802035,-0.9553377859928497
2012-03-07,45.70613479614258,105.15885925292969,0.4346389369459542,-0.8717343761564789
2012-03-08,46.74740219116211,106.20509338378906,0.44016158455068544,-0.6949487047471079
2012-03-09,46.74740219116211,106.61580657958984,0.4384659619515674,-0.7455059172206122
2012-03-12,46.15238571166992,106.6235580444336,0.43285355092386507,-0.9177131761304436
2012-03-13,47.59293746948242,108.54554748535156,0.4384605225369118,-0.7386643758774123
2012-03-14,46.997928619384766,108.4293212890625,0.4334429844312375,-0.8912839166098256
2012-03-15,47.49115753173828,109.0570297241211,0.4354708509105328,-0.8242290272450034
2012-03-16,47.33457565307617,109.20802307128906,0.4334349649583621,-0.8826274525430561
2012-03-19,47.553794860839844,109.63619995117188,0.43374172838915104,-0.8676075492700801
2012-03-20,46.89615249633789,109.3170394897461,0.4289921563484779,-1.008370213112943
2012-03-21,46.7160758972168,109.13796997070312,0.42804604034468674,-1.0304194636464747
2012-03-22,46.19936752319336,108.35185241699219,0.42638281203901396,-1.0742502057638743
2012-03-23,46.48120880126953,108.70210266113281,0.42760174516743005,-1.0289344357100059
2012-03-26,47.11536407470703,110.2277603149414,0.42743646373735245,-1.026151743848647
2012-03-27,46.87265396118164,109.88530731201172,0.4265597931859078,-1.0450869420707927
2012-03-28,46.45771789550781,109.3404312133789,0.42489056774291595,-1.0878071464559513
2012-03-29,46.363765716552734,109.153564453125,0.42475723031897167,-1.0832112406374064
2012-03-30,46.61430740356445,109.60503387451172,0.42529349023270047,-1.0582920636504363
2012-04-02,47.459842681884766,110.40679931640625,0.4298634049328185,-0.9108165945041835
2012-04-03,47.81214904785156,109.95531463623047,0.4348325427109221,-0.7516900020202981
2012-04-04,46.88048553466797,108.8655776977539,0.4306272609403073,-0.8740440722933218
2012-04-05,47.21713638305664,108.81106567382812,0.43393689870288243,-0.7655252918698962
2012-04-09,46.371604919433594,107.58899688720703,0.4310069455155172,-0.8490548675009991
2012-04-10,45.21289825439453,105.78316497802734,0.4274110938520878,-0.9526106755267393
2012-04-11,45.81573486328125,106.63939666748047,0.42963235253611193,-0.8768085242707596
2012-04-12,46.50469207763672,108.03270721435547,0.430468635626833,-0.8441179557489272
2012-04-13,46.21501922607422,106.74835205078125,0.4329342639789819,-0.7612602069457496
2012-04-16,46.1288948059082,106.67830657958984,0.43241120228593677,-0.7710032801864605
2012-04-17,46.49687576293945,108.25841522216797,0.42949895089003975,-0.854858315462795
2012-04-18,46.20718765258789,107.89258575439453,0.4282702776052973,-0.8861727474437673
2012-04-19,45.94883346557617,107.1998291015625,0.42862786116984997,-0.8681575993029426
2012-04-20,45.72179412841797,107.37882232666016,0.4257989903197709,-0.9505422848398554
2012-04-23,45.079811096191406,106.4759292602539,0.4233803020963079,-1.0207193156214744
2012-04-24,45.2677001953125,106.88069152832031,0.42353487377388327,-1.0097939313939504
2012-04-25,45.75309753417969,108.34404754638672,0.4222945198220588,-1.042989896724799
2012-04-26,46.09758758544922,109.09910583496094,0.4225294720122004,-1.0287135228142703
2012-04-27,46.363765716552734,109.27810668945312,0.4242731423624444,-0.9659193871229728
2012-04-30,46.379432678222656,108.87332916259766,0.425994438077272,-0.9041441720084636
2012-05-01,46.669105529785156,109.55054473876953,0.4260052347623711,-0.8983899206684564
2012-05-02,46.810035705566406,109.22364807128906,0.428570520506823,-0.8082842339894183
2012-05-03,46.58298873901367,108.39075469970703,0.42976902290301683,-0.7624775108977665
2012-05-04,45.67481231689453,106.63939666748047,0.4283108658174076,-0.8042926948040232
2012-05-07,45.784420013427734,106.71722412109375,0.42902558973493743,-0.7742612334050151
2012-05-08,45.36948013305664,106.28907775878906,0.4268498804366099,-0.8402073832880078
2012-05-09,44.790130615234375,105.65862274169922,0.4239136329150494,-0.9315477008823071
2012-05-10,44.7979621887207,105.87657165527344,0.4231149676302296,-0.9511992318978838
2012-05-11,44.00721740722656,105.55741882324219,0.41690312152211156,-1.1517219523868152
2012-05-14,43.44353103637695,104.38983154296875,0.4161663103986791,-1.1673162444944034
2012-05-15,42.926815032958984,103.79047393798828,0.4135910879316967,-1.2442692771502133
2012-05-16,41.447113037109375,103.39347839355469,0.40086776923536693,-1.6577656586225378
2012-05-17,40.90690612792969,101.8600845336914,0.4015989807508873,-1.619200288396286
2012-05-18,40.27275085449219,100.98828125,0.3987863775480602,-1.6974190528628177
2012-05-21,41.235721588134766,102.72406768798828,0.4014222033475465,-1.5946850587374732
2012-05-22,41.19658279418945,102.90311431884766,0.4003434013332279,-1.6148361154847504
2012-05-23,40.91473388671875,102.95755767822266,0.3973941768761764,-1.6958983193543953
2012-05-24,40.531105041503906,103.15995788574219,0.3928957113999146,-1.8251554734309519
2012-05-25,40.46065139770508,102.82528686523438,0.39348931212546884,-1.7873838384974705
2012-05-29,41.55672836303711,104.07069396972656,0.39931249401609326,-1.582446205430803
2012-05-30,40.922569274902344,102.56059265136719,0.3990087051662218,-1.5800012799605598
2012-05-31,41.19658279418945,102.33486938476562,0.40256642766890854,-1.4527709238881625
2012-06-01,40.25709915161133,99.75843048095703,0.4035458352494433,-1.4112886274152063
2012-06-04,40.20228958129883,99.71173095703125,0.40318515379723163,-1.414647365168156
2012-06-05,40.31190490722656,100.46674346923828,0.4012462583657804,-1.4698922405575237
2012-06-06,41.4549446105957,102.72406768798828,0.4035562993524555,-1.3855606499319955
2012-06-07,42.12040710449219,102.7863540649414,0.40978598265952804,-1.1704372366617501
2012-06-08,41.78376388549805,103.6036376953125,0.40330402305351226,-1.3795122112177711
2012-06-11,41.36882400512695,102.28816986083984,0.40443410084869114,-1.332052001589623
2012-06-12,42.386600494384766,103.46353912353516,0.40967669242181337,-1.147587409808651
2012-06-13,42.12824249267578,102.80192565917969,0.40980012993476395,-1.1368096658573057
2012-06-14,42.59798812866211,103.8916244506836,0.4100233137550273,-1.1225445594319359
2012-06-15,42.80937576293945,104.95417022705078,0.4078863724073901,-1.1877789624623618
2012-06-18,43.10688400268555,105.15760040283203,0.40992647072160293,-1.11030809770439
2012-06-19,43.81149673461914,106.17475891113281,0.4126357072427065,-1.0096824182657793
2012-06-20,43.63925552368164,106.00263977050781,0.41168083755422674,-1.0355447905380248
2012-06-21,42.394432067871094,103.62407684326172,0.4091175850183494,-1.1169257461700293
2012-06-22,42.05778121948242,104.42217254638672,0.4027667706377148,-1.3288773558043412
2012-06-25,40.73467254638672,102.74776458740234,0.3964531268389376,-1.5402600835650064
2012-06-26,40.99302673339844,103.26417541503906,0.3969723921063562,-1.5136211275332927
2012-06-27,41.25138473510742,104.19525146484375,0.39590465165320843,-1.5421091582639874
2012-06-28,41.01651382446289,103.89791107177734,0.3947770787819482,-1.5732537107886773
2012-06-29,42.91115188598633,106.48773956298828,0.4029680042236606,-1.2776839919671887
2012-07-02,42.46488952636719,106.80853271484375,0.3975795607991309,-1.4625485586129057
2012-07-03,43.34175491333008,107.51272583007812,0.40313139285326016,-1.2597848942022385
2012-07-05,43.192996978759766,107.02759552001953,0.4035687877401722,-1.240234472909186
2012-07-06,42.06561279296875,106.01045989990234,0.3968062475409325,-1.4834225791948639
2012-07-09,41.78376388549805,105.87745666503906,0.3946426860033853,-1.5604155909496293
2012-07-10,41.376651763916016,104.95417022705078,0.39423542365591147,-1.5715864966788022
2012-07-11,41.462772369384766,104.96981811523438,0.39499708691375957,-1.5372923915303
2012-07-12,40.49979019165039,104.46127319335938,0.3877014797310069,-1.8066488552937165
2012-07-13,41.400142669677734,106.2138900756836,0.38978087178783977,-1.7249730215432222
2012-07-16,41.21223831176758,105.9635238647461,0.38892853699704893,-1.7545413827138567
2012-07-17,41.7994270324707,106.6911849975586,0.3917795742303096,-1.6409322810146836
2012-07-18,41.384483337402344,107.48141479492188,0.38503850564644426,-1.896972715046539
2012-07-19,41.94817352294922,107.76311492919922,0.3892628154866285,-1.7318091754996616
2012-07-20,41.47842788696289,106.7772216796875,0.3884576432545766,-1.7613557058024019
2012-07-23,40.421512603759766,105.69750213623047,0.38242637514424555,-1.9979097380581827
2012-07-24,40.34320831298828,104.78988647460938,0.3849914306640981,-1.8926663935791914
2012-07-25,40.49979019165039,104.8133544921875,0.3863991414821967,-1.8377931763251667
2012-07-26,41.36099624633789,106.54252624511719,0.3882111463283747,-1.7702726921519687
2012-07-27,43.005104064941406,108.50639343261719,0.3963370517115907,-1.4422014041420215
2012-07-30,42.69194030761719,108.50639343261719,0.39345091986795244,-1.5775041843742046
2012-07-31,43.52180862426758,107.74748229980469,0.4039241353516663,-1.135732607634257
2012-08-01,43.756690979003906,107.65351867675781,0.406458530263079,-1.0319612392043513
2012-08-02,42.80937576293945,106.9102783203125,0.40042338711979436,-1.316661684324023
2012-08-03,43.81149673461914,109.03064727783203,0.4018273561467413,-1.25386348335541
2012-08-06,44.08551788330078,109.24182891845703,0.4035589509967668,-1.1739974341982227
2012-08-07,44.33604431152344,109.7895736694336,0.4038274567402477,-1.1576825820131147
2012-08-08,44.461307525634766,109.9225845336914,0.4044783673368535,-1.121495672120785
2012-08-09,45.220726013183594,110.01647186279297,0.4110359589569516,-0.7930286580856014
2012-08-10,45.66698455810547,110.1964340209961,0.41441435890207107,-0.6207400415540026
2012-08-13,45.111114501953125,110.14167022705078,0.40957354658740086,-0.8567531285665746
2012-08-14,45.44777297973633,110.1573257446289,0.4125714987407661,-0.7001910988823183
2012-08-15,45.189414978027344,110.28250122070312,0.40976051937371205,-0.8374589862230521
2012-08-16,45.64349365234375,111.09620666503906,0.4108465538338433,-0.7780918970720655
2012-08-17,45.220726013183594,111.24485778808594,0.40649722524097315,-0.9974594687905302
2012-08-20,45.392974853515625,111.25273132324219,0.4080167229479284,-0.9117154721362704
2012-08-21,45.079811096191406,110.916259765625,0.40643104258517804,-0.9870560049778219
2012-08-22,45.00934600830078,110.96321105957031,0.4056240404230699,-1.0232375348261582
2012-08-23,44.688350677490234,110.05555725097656,0.4060526500772745,-0.9931334615608595
2012-08-24,44.75880813598633,110.72062683105469,0.4042499524888209,-1.0798126467326654
2012-08-27,44.171634674072266,110.74409484863281,0.3988622123323769,-1.3548509934549429
2012-08-28,44.19512176513672,110.63459777832031,0.39946926777544706,-1.3155233809409974
2012-08-29,44.45347595214844,110.72062683105469,0.4014922713540872,-1.2008580524488603
2012-08-30,43.709712982177734,109.9225845336914,0.39764087760127814,-1.4029076902863782
2012-08-31,44.069854736328125,110.44676208496094,0.3990144564168163,-1.3256314226026733
2012-09-04,43.780174255371094,110.3450698852539,0.39675695797644067,-1.44526454175444
2012-09-05,43.12253952026367,110.25119018554688,0.39112992293045307,-1.7474503494429685
2012-09-06,44.124664306640625,112.48893737792969,0.3922578107249316,-1.6843576832356286
2012-09-07,45.16592025756836,112.92705535888672,0.3999565924572216,-1.251511905782402
2012-09-10,44.49262237548828,112.2854995727539,0.3962454862362693,-1.4511972424813862
2012-09-11,44.88407897949219,112.59847259521484,0.39862067348682356,-1.3089287316555105
2012-09-12,45.353816986083984,112.97400665283203,0.4014535584761174,-1.141075475775925
2012-09-13,46.606475830078125,114.69535827636719,0.4063501481705674,-0.8565993628230198
2012-09-14,47.40503692626953,115.20394897460938,0.4114879511354031,-0.5594895468610102
2012-09-17,46.84917449951172,114.81272888183594,0.4080486106007323,-0.7485283875712481
2012-09-18,46.919639587402344,114.71881866455078,0.4089968858954173,-0.6891000621422227
2012-09-19,47.0605583190918,114.78141021728516,0.4100015693308223,-0.6264830549107018
2012-09-20,46.61430740356445,114.78925323486328,0.406085988800622,-0.843248427373883
2012-09-21,46.59864807128906,114.74128723144531,0.406119272283347,-0.8405408824680859
2012-09-24,46.622135162353516,114.5682144165039,0.4069377828728511,-0.791369477127984
2012-09-25,45.81573486328125,113.34898376464844,0.40420066719266323,-0.9447938872052594
2012-09-26,45.69047927856445,112.71185302734375,0.40537421798468704,-0.8729892658505273
2012-09-27,46.669105529785156,113.77369689941406,0.4101923977300724,-0.5980482181941444
2012-09-28,46.293312072753906,113.24673461914062,0.40878275412039605,-0.6743570691963818
2012-10-01,46.700416564941406,113.54563903808594,0.41129203164973127,-0.5310759401828241
2012-10-02,46.332454681396484,113.66358947753906,0.4076279386773386,-0.7361831966332062
2012-10-03,46.43423843383789,114.1277084350586,0.40686209396958223,-0.7755668356810114
2012-10-04,46.77871322631836,114.94579315185547,0.40696324714136134,-0.7670836776783733
2012-10-05,46.864830017089844,114.95362091064453,0.4076846787933605,-0.7225843626180636
2012-10-08,46.42640686035156,114.56034851074219,0.40525720691219974,-0.8543594818411842
2012-10-09,45.76093292236328,113.42764282226562,0.4034372202732622,-0.949983544116401
2012-10-10,44.97802734375,112.70398712158203,0.3990810661847208,-1.185993154580906
2012-10-11,45.1502685546875,112.76689147949219,0.40038585760696027,-1.1039250659674589
2012-10-12,44.81361389160156,112.39720153808594,0.3987075592484072,-1.188318233839684
2012-10-15,45.21289825439453,113.3332748413086,0.39893754343287524,-1.1659300287152958
2012-10-16,45.831390380859375,114.48162841796875,0.4003383862913833,-1.0791156624275886
2012-10-17,46.160221099853516,115.00082397460938,0.4013903509947465,-1.012386236656838
2012-10-18,46.144554138183594,114.70195770263672,0.40229962123063956,-0.9541046171728536
2012-10-19,44.96237564086914,112.79048156738281,0.3986362591599355,-1.1494531814352846
2012-10-22,45.58085632324219,112.80626678466797,0.404063157326622,-0.8408739777169096
2012-10-23,44.343868255615234,111.24089050292969,0.3986292095930981,-1.1349364761730887
2012-10-24,44.33604431152344,110.92627716064453,0.39968928414784477,-1.0679106253746442
2012-10-25,45.306846618652344,111.248779296875,0.40725702254896584,-0.6390381429434022
2012-10-26,44.91539001464844,111.18584442138672,0.4039668021445445,-0.8177786720184133
2012-10-31,45.079811096191406,111.18584442138672,0.40544559724115614,-0.7282779986923539
2012-11-01,45.47126007080078,112.35001373291016,0.40472856709123034,-0.7625446980630691
2012-11-02,45.29901885986328,111.35103607177734,0.40681272898676346,-0.6378353761680274
2012-11-05,45.45560073852539,111.57913208007812,0.4073844265601816,-0.599197639998856
2012-11-06,46.0740966796875,112.4522476196289,0.40972143869932853,-0.4581529284920651
2012-11-07,45.36948013305664,109.90365600585938,0.4128113820948579,-0.27163733232164894
2012-11-08,44.75880813598633,108.5821762084961,0.41221137482124015,-0.29986979244212
2012-11-09,44.87625503540039,108.67655944824219,0.41293407946699817,-0.25060393377212203
2012-11-12,45.15809631347656,108.76309204101562,0.41519687851874426,-0.1109501884602084
2012-11-13,44.72749710083008,108.3855209350586,0.41267040758727797,-0.25745563067613986
2012-11-14,44.32038497924805,106.92247772216797,0.414509520574449,-0.14270775238249273
2012-11-15,44.42999267578125,106.74154663085938,0.41623898171001744,-0.03384881911887555
2012-11-16,44.35170364379883,107.26859283447266,0.4134640202863333,-0.19547125145965558
2012-11-19,45.479087829589844,109.43962097167969,0.4155632797865658,-0.06467784131071419
2012-11-20,45.67481231689453,109.4867935180664,0.41717188757891366,0.03607216329097452
2012-11-21,45.48691940307617,109.69129943847656,0.41468119746898235,-0.10989684256632716
2012-11-23,46.19936752319336,111.18584442138672,0.41551483251861565,-0.05590421713557854
2012-11-26,46.00363540649414,110.94989013671875,0.41463434844149777,-0.10411828135292181
2012-11-27,46.0740966796875,110.38351440429688,0.41740016096003174,0.0678916335279604
2012-11-28,46.48120880126953,111.27236938476562,0.41772462524405723,0.09066837742613247
2012-11-29,46.73957061767578,111.79153442382812,0.41809579641759836,0.11866733090129254
2012-11-30,46.692588806152344,111.81510925292969,0.4175874720162556,0.09479282164934144
2012-12-03,46.700416564941406,111.26448822021484,0.4197243640982006,0.23721235352978878
2012-12-04,46.66127395629883,111.1071548461914,0.41996641909239124,0.26287185132641183
2012-12-05,46.935298919677734,111.30382537841797,0.4216863055703976,0.38143989946588625
2012-12-06,47.3502311706543,111.68136596679688,0.4239761106139374,0.5388894793306251
2012-12-07,47.6242561340332,112.01962280273438,0.42514208620304966,0.6230871427426126
2012-12-10,47.929588317871094,112.06681823730469,0.4276875980932984,0.7963670936194875
2012-12-11,48.3836784362793,112.82980346679688,0.42882001873305986,0.87590367253694
2012-12-12,48.407161712646484,112.88489532470703,0.4288187677669897,0.880482341219047
2012-12-13,48.58723068237305,112.19269561767578,0.43306946512762284,1.156674903094652
2012-12-14,48.62636947631836,111.77580261230469,0.43503484958170535,1.2808407979579897
2012-12-17,48.916046142578125,113.08943176269531,0.43254303589766563,1.1144582099140052
2012-12-18,49.077491760253906,114.34793090820312,0.429194401424304,0.8943974816858751
2012-12-19,49.12474060058594,113.49845123291016,0.4328230038996485,1.1272374211973468
2012-12-20,49.053863525390625,114.15129852294922,0.42972672374400306,0.9201976429106995
2012-12-21,48.54985809326172,113.11515808105469,0.42920735750086164,0.8830155747210341
2012-12-24,48.455352783203125,112.7666244506836,0.42969586984838926,0.9122820626960771
2012-12-26,48.33723068237305,112.2912826538086,0.4304628956051344,0.9593316018499203
2012-12-27,48.5577278137207,112.14078521728516,0.4330068468812194,1.1193699762489515
2012-12-28,49.030242919921875,110.92872619628906,0.4419977097110316,1.6823982267232651
2012-12-31,49.88862228393555,112.8140869140625,0.44221979407535167,1.6805592944361383
2013-01-02,51.16438674926758,115.7055435180664,0.44219477471516916,1.663655142115146
2013-01-03,50.290252685546875,115.44416046142578,0.43562404962311396,1.2396365353197167
2013-01-04,50.085506439208984,115.95115661621094,0.43195348714793774,1.0066001462860785
2013-01-07,49.668121337890625,115.63427734375,0.4295276666990402,0.8523812225421469
2013-01-08,49.345237731933594,115.30152893066406,0.4279668985274868,0.7513896888609309
2013-01-09,49.345237731933594,115.59468841552734,0.4268815324329838,0.6788027241663713
2013-01-10,49.943748474121094,116.51361846923828,0.42865159566997013,0.7851755247407388
2013-01-11,49.660247802734375,116.50566864013672,0.42624748119445754,0.6306184406565102
2013-01-14,49.59724426269531,116.42646026611328,0.4259963254859079,0.6107644981867663
2013-01-15,49.25074005126953,116.50566864013672,0.42273256422737215,0.4033595741505921
2013-01-16,48.94361877441406,116.48987579345703,0.4201534119685542,0.2405538581127677
2013-01-17,49.39249038696289,117.24240112304688,0.42128521689968684,0.31256568279458885
2013-01-18,49.17986297607422,117.50382995605469,0.4185383829145571,0.14187918241377376
2013-01-22,49.06961441040039,118.1375732421875,0.41535993218521094,-0.05424665642384327
2013-01-23,48.52622985839844,118.3276596069336,0.41010047878573075,-0.38075105030610723
2013-01-24,48.03010177612305,118.3593521118164,0.40579895816553696,-0.6465432451446431
2013-01-25,47.07722091674805,119.0248031616211,0.3955244593248598,-1.2900662279611137
2013-01-28,46.55746078491211,118.88223266601562,0.39162673631567235,-1.526969733451052
2013-01-29,47.171722412109375,119.349609375,0.39523985590848837,-1.2875948236761015
2013-01-30,46.919715881347656,118.88223266601562,0.39467391240171756,-1.3154734257648615
2013-01-31,46.911842346191406,118.589111328125,0.39558304991754867,-1.2480033419679375
2013-02-01,46.888221740722656,119.80911254882812,0.3913577251614596,-1.5078852579413338
2013-02-04,46.31333923339844,118.46233367919922,0.3909541353356826,-1.5238635257356057
2013-02-05,46.4865837097168,119.65851593017578,0.38849373442708474,-1.671297557598183
2013-02-06,46.24246597290039,119.74568939208984,0.38617228066962944,-1.8070600952019846
2013-02-07,46.07707214355469,119.58721160888672,0.3853009993597896,-1.8459436954564767
2013-02-08,46.90396499633789,120.25265502929688,0.3900451510605798,-1.5291681452403212
2013-02-11,47.09296798706055,120.22891235351562,0.39169420287684653,-1.4138600893777933
2013-02-12,47.09296798706055,120.427001953125,0.39104990760619457,-1.4460436840653141
2013-02-13,47.6993522644043,120.52996826171875,0.3957468250620454,-1.1331781128197176
2013-02-14,48.04584884643555,120.64082336425781,0.39825531280873255,-0.9637028923302157
2013-02-15,48.02222442626953,120.49826049804688,0.39853043710160374,-0.9386932484391605
2013-02-19,48.20335388183594,121.4013442993164,0.39705782633666736,-1.028435339647608
2013-02-20,48.636478424072266,119.88829040527344,0.40568164129841433,-0.4567673790102756
2013-02-21,48.415985107421875,119.15948486328125,0.40631247410117965,-0.40891086104478286
2013-02-22,48.80973815917969,120.32395935058594,0.4056526931345698,-0.4465517438273689
2013-02-25,47.652103424072266,118.03458404541016,0.40371306265407425,-0.5697911545816452
2013-02-26,48.282100677490234,118.8426513671875,0.4062691308385008,-0.3927409523582491
2013-02-27,48.96723937988281,120.33980560302734,0.40690808111668547,-0.34356293478193617
2013-02-28,48.58135986328125,120.10216522216797,0.40450028334971516,-0.5008371375972926
2013-03-01,48.778228759765625,120.49826049804688,0.4048044225547659,-0.47437913134685006
2013-03-04,48.54985809326172,121.13995361328125,0.4007749437336661,-0.7429111466755706
2013-03-05,48.97511291503906,122.22517395019531,0.4006957923004928,-0.7428180144198167
2013-03-06,48.6522331237793,122.39154815673828,0.39751301341064654,-0.9574709535056103
2013-03-07,48.423858642578125,122.61334991455078,0.3949313731035381,-1.1303995547244177
2013-03-08,48.116729736328125,123.13621520996094,0.3907601809450108,-1.4110930911805386
2013-03-11,47.778099060058594,123.60356903076172,0.3865430378322479,-1.6923524242371741
2013-03-12,47.17959976196289,123.32637023925781,0.38255889369347923,-1.9566141673101136
2013-03-13,47.07722091674805,123.50066375732422,0.3811900234743162,-2.035219169347771
2013-03-14,47.0850944519043,124.15808868408203,0.37923501361003914,-2.1478251170291234
2013-03-15,46.29759216308594,123.99418640136719,0.3733851844732573,-2.52454041142468
2013-03-18,45.99045944213867,123.30987548828125,0.37296655486858693,-2.518081553036354
2013-03-19,45.82508087158203,123.0234375,0.37249065546215154,-2.5173342726309635
2013-03-20,45.7148323059082,123.8827896118164,0.369016813789506,-2.7114900822222276
2013-03-21,45.029701232910156,122.82450866699219,0.36661820773081116,-2.8256775413233917
2013-03-22,45.49432373046875,123.81123352050781,0.367449079028303,-2.722513210429683
2013-03-25,46.0534553527832,123.29402923583984,0.37352543053557785,-2.2891178537032277
2013-03-26,46.81734085083008,124.28065490722656,0.3767065830621704,-2.0552581889309023
2013-03-27,46.89609146118164,124.28065490722656,0.377340234457155,-1.991317887378885
2013-03-28,46.80158996582031,124.66260528564453,0.3754260538561818,-2.090709432774768
2013-04-01,46.31333923339844,124.16924285888672,0.37298559745614024,-2.2193230327557916
2013-04-02,46.02195739746094,124.78191375732422,0.36881913421334767,-2.448993925481983
2013-04-03,45.604576110839844,123.51676177978516,0.3692177114564181,-2.3878668950546946
2013-04-04,44.78557205200195,124.01811981201172,0.36112119841752566,-2.8429170276926463
2013-04-05,43.91930389404297,123.46109008789062,0.35573397143000507,-3.1107367026936608
2013-04-08,43.69093704223633,124.29656982421875,0.35150557335592136,-3.2956941455037616
2013-04-09,44.04531478881836,124.72627258300781,0.35313582196169074,-3.129629989412806
2013-04-10,44.8879508972168,126.25397491455078,0.355536932026078,-2.933483371040422
2013-04-11,44.817073822021484,126.66778564453125,0.35381587823593896,-2.975745899426446
2013-04-12,43.40742874145508,126.35743713378906,0.3435288790757498,-3.475851344992566
2013-04-15,43.2263069152832,123.42922973632812,0.3502112668743381,-3.034452654999871
2013-04-16,44.557193756103516,125.25140380859375,0.35574207075710523,-2.681427887845658
2013-04-17,43.81694412231445,123.42129516601562,0.3550193186951709,-2.6785394746890177
2013-04-18,43.15542984008789,122.64948272705078,0.35185986015226633,-2.8024150046738527
2013-04-19,43.50193786621094,123.7156982421875,0.3516282774482747,-2.7658582719531033
2013-04-22,44.005943298339844,124.2647476196289,0.3541305490197499,-2.590266620875987
2013-04-23,44.171321868896484,125.54583740234375,0.3518342207343616,-2.6667313238499015
2013-04-24,44.45481491088867,125.6253662109375,0.35386814185476373,-2.5201404374266656
2013-04-25,45.139949798583984,126.13463592529297,0.3578711704953069,-2.280580248776285
2013-04-26,44.76982116699219,125.9118423461914,0.35556481688115327,-2.364084364753796
2013-04-29,45.10844802856445,126.75528717041016,0.35587034699326214,-2.3148972307205438
2013-04-30,46.006202697753906,127.05769348144531,0.3620890749482428,-1.977560010278261
2013-05-01,45.5494499206543,125.94367218017578,0.3616652518714158,-1.9759744960455146
2013-05-02,45.817203521728516,127.11332702636719,0.36044374412625224,-2.013676039380407
2013-05-03,46.18733596801758,128.40235900878906,0.35970784590379745,-2.0266464811388514
2013-05-06,45.895957946777344,128.72860717773438,0.35653270048520935,-2.1573763848040985
2013-05-07,46.07707214355469,129.38113403320312,0.35613439693402216,-2.1514514129941027
2013-05-08,46.17945861816406,129.96987915039062,0.355308929423016,-2.1653748316380397
2013-05-09,46.22671127319336,129.60391235351562,0.35667681965574105,-2.0752397394156303
2013-05-10,44.92731857299805,130.02560424804688,0.34552670478109243,-2.5736332166677767
2013-05-13,44.722572326660156,130.1290283203125,0.34367867726312057,-2.6177458771998814
2013-05-14,45.53369903564453,131.47377014160156,0.3463329528513805,-2.4539534753192633
2013-05-15,45.360450744628906,132.1819610595703,0.3431667254822037,-2.5585128590054214
2013-05-16,45.769954681396484,131.5613250732422,0.3478982493975008,-2.3047473241578413
2013-05-17,45.8093376159668,132.83447265625,0.3448603114833943,-2.4059790727155037
2013-05-20,45.99833297729492,132.82647705078125,0.34630394480544097,-2.3056678338943355
2013-05-21,45.958961486816406,133.0174102783203,0.345510872529045,-2.3065473331247195
2013-05-22,45.58095169067383,132.03074645996094,0.34522982648209527,-2.2853638415355584
2013-05-23,45.24232864379883,131.64886474609375,0.34365908685240865,-2.3192570208328767
2013-05-24,44.990318298339844,131.5374298095703,0.34203434234250535,-2.3535583247104337
2013-05-28,45.454952239990234,132.32521057128906,0.3435093890555479,-2.257430274533855
2013-05-29,45.53369903564453,131.4658660888672,0.3463537752443288,-2.10932869041196
2013-05-30,45.958961486816406,131.95118713378906,0.3483027510788312,-2.0031584492792773
2013-05-31,45.39194869995117,130.0574493408203,0.3490146003171253,-1.9500158060350004
2013-06-03,46.30546569824219,130.77354431152344,0.35408894009888714,-1.7212350585918825
2013-06-04,45.762081146240234,130.14498901367188,0.3516238427084801,-1.803284108647175
2013-06-05,44.98244857788086,128.3228302001953,0.3505412755291022,-1.827209607835204
2013-06-06,45.179325103759766,129.4844970703125,0.3489168674704474,-1.8718793447176278
2013-06-07,44.50206756591797,131.13162231445312,0.3393694578047863,-2.2269628278446754
2013-06-10,43.99806213378906,131.13162231445312,0.33552594986037676,-2.344821348568072
2013-06-11,43.40742874145508,129.77894592285156,0.33447203961156435,-2.3501524348147407
2013-06-12,43.053043365478516,128.70474243164062,0.33451015519762545,-2.3133500599549874
2013-06-13,43.26567459106445,130.6621856689453,0.3311262119913204,-2.4061038559639365
2013-06-14,42.667171478271484,129.84262084960938,0.3286068257024084,-2.4620935520841347
2013-06-17,42.9191780090332,130.84524536132812,0.3280148078022417,-2.4444446403019673
2013-06-18,43.15542984008789,131.87957763671875,0.32723360669963414,-2.4340988859907853
2013-06-19,42.045047760009766,130.0574493408203,0.3232805807980224,-2.53688386941315
2013-06-20,40.43852615356445,126.83487701416016,0.3188281260291662,-2.651219733829222
2013-06-21,40.39915084838867,127.24198913574219,0.31749857985394053,-2.6506508923750163
2013-06-24,39.49351119995117,125.6341323852539,0.3143533564497052,-2.7113389487113064
2013-06-25,40.21015167236328,126.84207153320312,0.3170095788118501,-2.5721516864121456
2013-06-26,40.16290283203125,128.09788513183594,0.31353291110697373,-2.6440114143805054
2013-06-27,41.58041763305664,128.849853515625,0.3227044230051405,-2.2947050407905274
2013-06-28,41.89542007446289,128.3218536376953,0.3264870237360401,-2.137126965565706
2013-07-01,42.36004638671875,129.07382202148438,0.32818464444066675,-2.053553037079203
2013-07-02,41.737911224365234,128.95382690429688,0.32366554933915254,-2.1742648884650513
2013-07-03,41.281150817871094,129.0098114013672,0.3199845838812971,-2.2624895189310426
2013-07-05,40.72203063964844,130.40171813964844,0.312281396446317,-2.4731775972121555
2013-07-08,40.824405670166016,131.14553833007812,0.31129084671882407,-2.464030475134579
2013-07-09,41.32053756713867,132.08950805664062,0.3128222534481711,-2.3773714319472017
2013-07-10,41.2024040222168,132.13742065429688,0.31181480475551393,-2.3717844233396015
2013-07-11,43.43106460571289,133.93728637695312,0.32426418199544893,-1.958869698007495
2013-07-12,42.9191780090332,133.99330139160156,0.32030838529457484,-2.0550890575062484
2013-07-15,43.2735595703125,134.5052490234375,0.3217239467195224,-1.9869584486663259
2013-07-16,43.163307189941406,134.00131225585938,0.3221110783417275,-1.9521506455492112
2013-07-17,43.643680572509766,134.34523010253906,0.324862152077887,-1.8483008559757919
2013-07-18,43.13967514038086,135.0811309814453,0.31936122259967237,-1.9895528526014097
2013-07-19,43.242061614990234,135.32113647460938,0.31955142220597477,-1.9602006077403564
2013-07-22,43.486183166503906,135.5850830078125,0.32072984875480887,-1.9037959268904288
2013-07-23,43.84056091308594,135.29708862304688,0.3240318129478066,-1.7876238957125827
2013-07-24,43.70668029785156,134.80120849609375,0.32423062660538454,-1.7633344509643465
2013-07-25,44.13193893432617,135.12913513183594,0.32659084875567185,-1.678862802667817
2013-07-26,44.44694137573242,135.2730712890625,0.32857198370808466,-1.6068532578630716
2013-07-29,44.013816833496094,134.85716247558594,0.3263735942943646,-1.6540253021049938
2013-07-30,44.171321868896484,134.85716247558594,0.32754153400560465,-1.605495357498018
2013-07-31,43.966556549072266,134.9532012939453,0.3257911344637723,-1.6388000282710935
2013-08-01,44.44694137573242,136.51304626464844,0.32558749945090376,-1.6284826322097095
2013-08-02,44.533565521240234,136.74497985839844,0.3256687416777964,-1.6101202722053456
2013-08-05,44.391815185546875,136.54501342773438,0.32510755296853794,-1.6097576082794824
2013-08-06,44.037437438964844,135.76907348632812,0.3243554390418624,-1.6145985312921811
2013-08-07,43.43893051147461,135.32907104492188,0.3209874284665359,-1.6903464330222713
2013-08-08,43.84056091308594,135.82504272460938,0.3227722961366882,-1.62473341468327
2013-08-09,43.596431732177734,135.43310546875,0.32190380321920053,-1.632082080244352
2013-08-12,43.761810302734375,135.2730712890625,0.32350718354890146,-1.5728585879611163
2013-08-13,44.344573974609375,135.67308044433594,0.32684872952968075,-1.468352584495092
2013-08-14,44.54144287109375,134.97714233398438,0.3299924868825672,-1.3710172773759877
2013-08-15,44.20281982421875,133.08934020996094,0.33212892748949424,-1.3019980976800054
2013-08-16,44.50206756591797,132.64939880371094,0.3354863871774517,-1.2013395278545735
2013-08-19,44.210689544677734,131.80152893066406,0.3354338140336396,-1.1929330728008987
2013-08-20,43.966556549072266,132.44940185546875,0.33194983090259167,-1.2760118688848612
2013-08-21,42.85617446899414,131.63351440429688,0.32557190820999,-1.4345196876042932
2013-08-22,43.179054260253906,132.8333740234375,0.32506178946139896,-1.4351607939306101
2013-08-23,43.801185607910156,133.2813262939453,0.3286370778702249,-1.328066074043179
2013-08-26,43.911441802978516,132.78541564941406,0.33069476484462307,-1.2625419420123656
2013-08-27,43.38380813598633,130.64959716796875,0.3320623184180984,-1.2160653317352639
2013-08-28,44.02168655395508,131.1135711669922,0.3357523264917181,-1.1091740482199577
2013-08-29,44.93519973754883,131.32154846191406,0.3421768952913387,-0.9317625522327765
2013-08-30,45.069068908691406,130.9055633544922,0.3442868870793856,-0.8693339784875362
2013-09-03,45.502201080322266,131.49755859375,0.3460307671634974,-0.8169267255410246
2013-09-04,46.57321548461914,132.58541870117188,0.3512695132003041,-0.6732262974814962
2013-09-05,46.746463775634766,132.75340270996094,0.3521300608600311,-0.6454511446582885
2013-09-06,47.56547546386719,132.8174285888672,0.3581267606912106,-0.48283520321694084
2013-09-09,48.14822769165039,134.0892791748047,0.35907589322545497,-0.45431401019318834
2013-09-10,48.54985809326172,135.0811309814453,0.35941258220536004,-0.4419469426558371
2013-09-11,48.80186462402344,135.5051727294922,0.3601476138585955,-0.41851403192592307
2013-09-12,48.33723068237305,135.14515686035156,0.3576689820436626,-0.4801053149280466
2013-09-13,48.392356872558594,135.44911193847656,0.3572733418476695,-0.48635785947840887
2013-09-16,48.8491096496582,136.23301696777344,0.3585702697989408,-0.44776137273896083
2013-09-17,48.628604888916016,136.84091186523438,0.35536598102186817,-0.5276802408930028
2013-09-18,50.62099838256836,138.42478942871094,0.36569315793424617,-0.24956594680892502
2013-09-19,50.37687683105469,138.19276428222656,0.3645406262239001,-0.27596384418622166
2013-09-20,49.36098861694336,137.2266387939453,0.35970412924754414,-0.39988447995536147
2013-09-23,49.17986297607422,136.59165954589844,0.3600502632413546,-0.3859587534879009
2013-09-24,49.15624237060547,136.2701416015625,0.36072643495397844,-0.3635505275367434
2013-09-25,48.636478424072266,135.87620544433594,0.3579469875908262,-0.4331008946707301
2013-09-26,49.16412353515625,136.39871215820312,0.3604441915707595,-0.3619030382308647
2013-09-27,48.97511291503906,135.771728515625,0.36071657516979216,-0.35037120907741853
2013-09-30,48.431732177734375,135.0482635498047,0.35862536033181314,-0.40185930073058745
2013-10-01,49.1404914855957,136.11734008789062,0.36101566085456716,-0.3331014176816301
2013-10-02,49.211360931396484,135.9886932373047,0.3618783279689368,-0.3054259867136708
2013-10-03,49.10898208618164,134.7347869873047,0.364486285867724,-0.23072659541276488
2013-10-04,49.234989166259766,135.7556610107422,0.3626735621902637,-0.27522026263419913
2013-10-07,48.95935821533203,134.58209228515625,0.3637880596446338,-0.24089237257636587
2013-10-08,48.83335876464844,133.01463317871094,0.3671277181890108,-0.14655140925155022
2013-10-09,49.022361755371094,133.11105346679688,0.36828167517733,-0.11125711421142322
2013-10-10,49.95949935913086,135.98074340820312,0.36740128129139954,-0.1312758042520472
2013-10-11,50.298126220703125,136.8568878173828,0.36752352784625086,-0.12425503149925349
2013-10-14,50.45562744140625,137.40345764160156,0.36720784401956585,-0.12954010003295358
2013-10-15,50.49500274658203,136.40672302246094,0.3701797215542481,-0.04535855129026972
2013-10-16,50.943885803222656,138.31179809570312,0.3683263937323168,-0.09272309033442723
2013-10-17,51.408512115478516,139.2361297607422,0.36921819217337376,-0.065221952101224
2013-10-18,51.59751510620117,140.17657470703125,0.3680894273100899,-0.09269337752475387
2013-10-21,51.416385650634766,140.18463134765625,0.36677619476790385,-0.12504117353500524
2013-10-22,51.723514556884766,140.99652099609375,0.3668424879669034,-0.11953705147615618
2013-10-23,50.77063751220703,140.3213348388672,0.3618169508614468,-0.2537077076707475
2013-10-24,50.928131103515625,140.78750610351562,0.36173757539301915,-0.2516565702722255
2013-10-25,50.754878997802734,141.43057250976562,0.35886780416092967,-0.3265864075422843
2013-10-28,51.1092643737793,141.65562438964844,0.36079940061676885,-0.2694428941651753
2013-10-29,51.384883880615234,142.4112091064453,0.3608205014410599,-0.26428488113831367
2013-10-30,51.235260009765625,141.70384216308594,0.36156577851149113,-0.23943397428544735
2013-10-31,50.321746826171875,141.3019561767578,0.35612915905582554,-0.38506283833846167
2013-11-01,50.67612838745117,141.63954162597656,0.35778235234105854,-0.3346291719452598
2013-11-04,50.526512145996094,142.13796997070312,0.3554751215063111,-0.39372825612863666
2013-11-05,49.88074493408203,141.68775939941406,0.35204695977631717,-0.48379564686701987
2013-11-06,50.164241790771484,142.4112091064453,0.35224925134422674,-0.47278987279939466
2013-11-07,49.1404914855957,140.61070251464844,0.3494790268932508,-0.5444005711725972
2013-11-08,49.227115631103516,142.50770568847656,0.3454347636380768,-0.6515125453585202
2013-11-11,48.79398727416992,142.5318603515625,0.34233740550229913,-0.7319835461789926
2013-11-12,48.99086380004883,142.24241638183594,0.3444181071034228,-0.6673500206605449
2013-11-13,48.612857818603516,143.3839111328125,0.33903983671902205,-0.8121159399455592
2013-11-14,48.95935821533203,144.09922790527344,0.3397614194540755,-0.7851458718828118
2013-11-15,50.250877380371094,144.7261962890625,0.34721341864056676,-0.5684152132516548
2013-11-18,50.471378326416016,144.21974182128906,0.3499616466444517,-0.4847279135346623
2013-11-19,50.77851104736328,143.9062957763672,0.3528581621354075,-0.3966073719654529
2013-11-20,50.13275146484375,143.45614624023438,0.3494639496371978,-0.48766780899072204
2013-11-21,49.817745208740234,144.6136474609375,0.34448854643678645,-0.6242080794357198
2013-11-22,49.951622009277344,145.3371124267578,0.343694884088538,-0.6408911758312467
2013-11-25,49.7704963684082,145.19239807128906,0.34278996028408476,-0.6608104339843763
2013-11-26,50.250877380371094,145.23260498046875,0.3460027270538111,-0.561825091837539
2013-11-27,50.628883361816406,145.5862274169922,0.34775874243106614,-0.5048392147371782
2013-11-29,51.211639404296875,145.48980712890625,0.3519946889401163,-0.3753296237235436
2013-12-02,50.321746826171875,145.11199951171875,0.3467786743721911,-0.5221470204942243
2013-12-03,49.825626373291016,144.48500061035156,0.34484981944708026,-0.5728175709777495
2013-12-04,49.376739501953125,144.46893310546875,0.34178102129338706,-0.6573804010643474
2013-12-05,49.17986297607422,143.833984375,0.3419210222797822,-0.6471035564817429
2013-12-06,50.014625549316406,145.44163513183594,0.3438810730089807,-0.5825120119640886
2013-12-09,50.298126220703125,145.81138610839844,0.34495335078503897,-0.5442096400678404
2013-12-10,50.11699676513672,145.28884887695312,0.3449473043012503,-0.5382950408800524
2013-12-11,49.09324264526367,143.65711975097656,0.3417390153050868,-0.6300526582494523
2013-12-12,48.92786407470703,143.1829071044922,0.3417158169515332,-0.6249036527687328
2013-12-13,49.08536148071289,143.16680908203125,0.3428543375063149,-0.5839432970270513
2013-12-16,49.73899459838867,144.0590362548828,0.3452681337558427,-0.5026373254183222
2013-12-17,49.35311508178711,143.60081481933594,0.34368269528190504,-0.546677252861512
2013-12-18,50.3182487487793,146.05245971679688,0.3445217481879383,-0.5139209307687106
2013-12-19,49.43940734863281,145.8836669921875,0.33889611063369035,-0.6892441197933558
2013-12-20,49.44739532470703,146.7322540283203,0.3369906340780627,-0.7458528675541812
2013-12-23,49.99867248535156,147.5161895751953,0.33893684909658744,-0.6768952623952128
2013-12-24,50.054603576660156,147.8394775390625,0.3385740020857055,-0.6836975874632597
2013-12-26,49.75099182128906,148.591064453125,0.3348181938422257,-0.8043964611940515
2013-12-27,50.92546463012695,148.58299255371094,0.3427408733319059,-0.5318971017516487
2013-12-30,51.04530715942383,148.55874633789062,0.34360351320765337,-0.4970882327822386
2013-12-31,51.668487548828125,149.26185607910156,0.3461600231036007,-0.4021028165113177
2014-01-02,49.247657775878906,147.83135986328125,0.3331340374696179,-0.8600362591268813
2014-01-03,48.94404602050781,147.80712890625,0.3311345425804981,-0.9300578281385202
2014-01-06,48.55257034301758,147.37879943847656,0.3294406694043257,-0.9898339046576136
2014-01-07,48.73632049560547,148.283935546875,0.3286689169387409,-1.016327537859777
2014-01-08,48.520591735839844,148.3162384033203,0.3271428149620172,-1.0714841534090285
2014-01-09,48.35281753540039,148.41323852539062,0.32579854745995696,-1.120714363386179
2014-01-10,48.448699951171875,148.81732177734375,0.32555820365897625,-1.1294097666347043
2014-01-13,48.34483337402344,146.8373260498047,0.32924076373895356,-0.9851757168579067
2014-01-14,48.64842987060547,148.4375,0.3277367907072368,-1.0433666205111374
2014-01-15,48.560550689697266,149.23764038085938,0.3253907698203291,-1.1357165323248966
2014-01-16,48.53658676147461,149.0436248779297,0.3256535581527035,-1.1235239785502038
2014-01-17,48.24895477294922,148.41323852539062,0.32509872604588946,-1.1454818059894276
2014-01-21,48.328853607177734,148.84967041015625,0.32468230177471846,-1.1615161757041554
2014-01-22,48.58452224731445,148.9466552734375,0.32618740016768144,-1.0963985268956864
2014-01-23,47.41804122924805,147.7262725830078,0.3209858368463451,-1.3133040913174598
2014-01-24,46.05183410644531,144.57447814941406,0.31853363536856005,-1.4128996641371785
2014-01-27,46.4513053894043,143.8632354736328,0.32288517102006836,-1.2184380979444163
2014-01-28,46.914703369140625,144.7198944091797,0.32417590933624113,-1.1551220619534015
2014-01-29,46.75490951538086,143.32986450195312,0.3262049376649187,-1.0607613505044102
2014-01-30,47.082481384277344,144.8491668701172,0.325044889119004,-1.1048244452549012
2014-01-31,47.17036437988281,144.00064086914062,0.32757051701421586,-0.9882263949233008
2014-02-03,45.9160041809082,140.7598876953125,0.3262009151378235,-1.0419087328815826
2014-02-04,46.267547607421875,141.7458038330078,0.32641211490062977,-1.0259235318704512
2014-02-05,46.36341857910156,141.5679931640625,0.3274992994028757,-0.9708318538943168
2014-02-06,47.07448959350586,143.43487548828125,0.3281941677939539,-0.9329861200681481
2014-02-07,47.314186096191406,145.212890625,0.3258263497995938,-1.0318744504492972
2014-02-10,47.10645294189453,145.47959899902344,0.32380109146582636,-1.116112384928167
2014-02-11,47.841487884521484,147.07168579101562,0.32529366633155193,-1.0424773128504612
2014-02-12,47.97731018066406,147.14442443847656,0.3260559165850293,-1.0017334023888806
2014-02-13,47.78557205200195,147.90411376953125,0.3230848070018046,-1.1322689133144097
2014-02-14,48.520591735839844,148.7203826904297,0.32625381173768453,-0.9821098001745372
2014-02-18,48.04123306274414,148.89817810058594,0.32264486829577327,-1.1456998466232218
2014-02-19,47.569847106933594,147.9121856689453,0.3216087091931943,-1.1899657099466978
2014-02-20,47.53788757324219,148.7850341796875,0.31950718588961535,-1.2889183946444815
2014-02-21,47.841487884521484,148.61529541015625,0.32191496677704706,-1.1739661263271437
2014-02-24,48.121124267578125,149.4396209716797,0.3220104812544831,-1.1697332222950123
2014-02-25,48.0811767578125,149.3831024169922,0.3218648962290082,-1.1769530687112804
2014-02-26,48.488643646240234,149.39117431640625,0.32457502170471375,-1.042778417968218
2014-02-27,49.03992462158203,150.1750946044922,0.3265516479329396,-0.9434479451359122
2014-02-28,48.80023956298828,150.55491638183594,0.3241358086189732,-1.0697814169370852
2014-03-03,48.400760650634766,149.49623107910156,0.32375906938433063,-1.092234241102891
2014-03-04,48.80023956298828,151.59751892089844,0.32190658468791694,-1.1932457355860862
2014-03-05,48.67240524291992,151.73487854003906,0.3207726905721052,-1.257883365151278
2014-03-06,49.2316780090332,152.08236694335938,0.3237172000838779,-1.096189541547977
2014-03-07,48.96002960205078,152.14703369140625,0.3217941777383216,-1.2047011411039645
2014-03-10,48.36081314086914,152.0662384033203,0.3180246558910949,-1.4181464252715503
2014-03-11,48.057212829589844,151.31459045410156,0.3175980101150067,-1.4394518284389046
2014-03-12,47.753604888916016,151.35501098632812,0.3155072605639042,-1.5547685532621254
2014-03-13,46.94666290283203,149.6578369140625,0.3136933145024009,-1.6532498524058576
2014-03-14,46.842796325683594,149.23764038085938,0.3138805746736496,-1.6341090840161383
2014-03-17,47.649742126464844,150.5872344970703,0.3164261717509121,-1.4747821451057181
2014-03-18,47.85746383666992,151.66213989257812,0.3155531358753558,-1.51650680941131
2014-03-19,46.99460220336914,150.8539581298828,0.31152382599671363,-1.7421913929027242
2014-03-20,46.65105438232422,151.73487854003906,0.3074510938499494,-1.9647235276802948
2014-03-21,46.88274002075195,151.14634704589844,0.31018109889559636,-1.7870163867130227
2014-03-24,47.2103157043457,150.52134704589844,0.31364531763026193,-1.5701586398759866
2014-03-25,47.442012786865234,151.23561096191406,0.31369604344582996,-1.557667970997354
2014-03-26,48.07318878173828,150.1479034423828,0.32017222804703166,-1.168850287757893
2014-03-27,48.69637680053711,149.831298828125,0.3250080402519761,-0.8756856845676424
2014-03-28,48.84018325805664,150.57003784179688,0.3243685394392526,-0.9089516329136771
2014-03-31,49.1437873840332,151.80389404296875,0.32373206032595475,-0.9418621829026516
2014-04-01,49.76697540283203,152.81045532226562,0.3256778163370907,-0.8170139912690655
2014-04-02,49.774967193603516,153.3218231201172,0.3246437211655657,-0.8742662552034749
2014-04-03,49.806922912597656,153.11892700195312,0.3252826014902935,-0.8281153845490947
2014-04-04,49.79093933105469,151.30868530273438,0.3290686138170741,-0.5885189285545461
2014-04-07,49.71904373168945,149.63650512695312,0.33226547017726266,-0.38631912566248167
2014-04-08,50.54196548461914,150.25344848632812,0.3363780731409839,-0.12762482199881225
2014-04-09,51.22906494140625,151.86875915527344,0.3373245769989383,-0.06455361233039432
2014-04-10,50.65381622314453,148.67868041992188,0.340693205509223,0.1484509878650139
2014-04-11,50.71773147583008,147.3392791748047,0.34422410480003834,0.36824402411267687
2014-04-14,50.76567459106445,148.5001220703125,0.3418561135392717,0.22300759388763935
2014-04-15,50.310264587402344,149.52285766601562,0.3364720643567337,-0.10823834285492931
2014-04-16,51.061279296875,151.08950805664062,0.33795383910928534,-0.011406221720530822
2014-04-17,50.88551330566406,151.30055236816406,0.33632073716322497,-0.11001311919805318
2014-04-21,51.00535202026367,151.82821655273438,0.33594119181758303,-0.13010374173352307
2014-04-22,51.01335144042969,152.51820373535156,0.3344738542092173,-0.21781899139210104
2014-04-23,50.613868713378906,152.16104125976562,0.33263355911827747,-0.329304216211452
2014-04-24,50.701751708984375,152.469482421875,0.33253704874982987,-0.3306540220199726
2014-04-25,49.8388786315918,151.21939086914062,0.3295799457010141,-0.5116860077822838
2014-04-28,50.21438980102539,151.6983184814453,0.331014808230503,-0.4155880171103416
2014-04-29,50.422115325927734,152.40455627441406,0.33084388392653774,-0.42112197840379706
2014-04-30,49.974700927734375,152.85914611816406,0.32693301118601464,-0.663704632447257
2014-05-01,50.22237777709961,152.87535095214844,0.32851847903734155,-0.5563939302442293
2014-05-02,50.086551666259766,152.65618896484375,0.32810036727560743,-0.5771692891251639
2014-05-05,49.982696533203125,152.9484100341797,0.3267944826757819,-0.6550689070180085
2014-05-06,50.13449478149414,151.61712646484375,0.33066511647098845,-0.39953263677311485
2014-05-07,49.8708381652832,152.5100860595703,0.327000262433815,-0.6309706542929308
2014-05-08,50.13449478149414,152.3477020263672,0.32907942892907727,-0.4903786051216666
2014-05-09,50.03862380981445,152.5750732421875,0.3279606736965905,-0.5573539287774569
2014-05-12,50.71773147583008,154.060546875,0.3292064873492945,-0.47191020067045414
2014-05-13,51.269012451171875,154.19854736328125,0.3324870002204728,-0.25486777645243175
2014-05-14,51.58060073852539,153.46792602539062,0.3361002007024686,-0.016205499639284755
2014-05-15,51.30097198486328,152.12049865722656,0.33723904692463486,0.059810853087161546
2014-05-16,51.948116302490234,152.64804077148438,0.3403130236060945,0.26309280601206836
2014-05-19,52.13188552856445,153.2081756591797,0.3402683003323191,0.26148658486487214
2014-05-20,51.6125602722168,152.24215698242188,0.33901621794662345,0.18151230364647067
2014-05-21,51.93214416503906,153.52471923828125,0.33826568400647383,0.134290924859172
2014-05-22,52.13987731933594,153.8980712890625,0.338794871713519,0.17079011287586368
2014-05-23,51.98807907104492,154.5150146484375,0.3364597232788771,0.019391197290235643
2014-05-27,51.47673416137695,155.46482849121094,0.3311149837616625,-0.3287969072388543
2014-05-28,52.05998229980469,155.35116577148438,0.3351116294575023,-0.0641433617930422
2014-05-29,52.323631286621094,156.1548309326172,0.3350753285961381,-0.06364523196414176
2014-05-30,51.636531829833984,156.40643310546875,0.3301432735507381,-0.3836658929173905
2014-06-02,51.668487548828125,156.58497619628906,0.329970912944154,-0.39049542268164333
2014-06-03,51.764366149902344,156.50389099121094,0.3307544995977727,-0.3336312614971462
2014-06-04,51.724422454833984,156.82046508789062,0.32983209446448736,-0.38961059170272155
2014-06-05,51.852256774902344,157.84323120117188,0.3285047852879825,-0.47240562154722227
2014-06-06,52.243736267089844,158.59817504882812,0.32940944150842466,-0.40778218352024387
2014-06-09,52.147865295410156,158.760498046875,0.3284687685976721,-0.46721934875564936
2014-06-10,52.45945358276367,158.77667236328125,0.33039773917629645,-0.33776295696076736
2014-06-11,52.25971984863281,158.22474670410156,0.33028790336043,-0.3438712720112633
2014-06-12,51.93214416503906,157.10450744628906,0.33055795157751056,-0.3248495442043913
2014-06-13,51.348907470703125,157.5834503173828,0.3258521587595858,-0.635177894497026
2014-06-16,51.444786071777344,157.7133331298828,0.32619173693710884,-0.611825959875291
2014-06-17,51.56462478637695,158.15170288085938,0.32604533398683794,-0.6208296946625567
2014-06-18,51.724422454833984,159.31243896484375,0.3246728428170525,-0.7107742797717077
2014-06-19,51.548641204833984,159.49105834960938,0.3232070922235512,-0.8077977657175766
2014-06-20,50.82160186767578,159.81483459472656,0.31800303142417263,-1.1518830591758555
2014-06-23,51.069271087646484,159.76597595214844,0.31965048116967193,-1.044050535257571
2014-06-24,51.62055587768555,158.80349731445312,0.3250593138731046,-0.6906184362711564
2014-06-25,51.57261657714844,159.5211944580078,0.32329632907008077,-0.8107752802283373
2014-06-26,51.82029342651367,159.4070587158203,0.3250815481069458,-0.697325996762136
2014-06-27,51.90817642211914,159.71697998046875,0.3250009888019847,-0.7036486344633125
2014-06-30,51.948116302490234,159.63543701171875,0.3254171960495009,-0.6754387936552908
2014-07-01,52.36357879638672,160.7039337158203,0.32583881169320655,-0.6464283190226732
2014-07-02,52.555328369140625,160.8670196533203,0.32670045409183956,-0.5900335149905408
2014-07-03,52.6911506652832,161.6581268310547,0.3259418607537718,-0.6431464205620551
2014-07-07,52.08395004272461,161.09539794921875,0.3233112224543047,-0.8249319543030503
2014-07-08,51.78833770751953,160.05955505371094,0.3235566767016252,-0.8149956310007354
2014-07-09,51.948116302490234,160.7772979736328,0.3231060414450405,-0.8509263465679479
2014-07-10,51.56462478637695,160.14112854003906,0.3219948882368753,-0.9320513944050571
2014-07-11,51.10123062133789,160.36134338378906,0.3186630240371491,-1.1549459375818403
2014-07-14,51.412818908691406,161.16879272460938,0.318999838861739,-1.1313373684108234
2014-07-15,51.380863189697266,160.8670196533203,0.31939960907106146,-1.102926097977264
2014-07-16,51.58060073852539,161.46246337890625,0.31945877487004803,-1.0974172134456286
2014-07-17,51.069271087646484,159.62728881835938,0.3199281994055443,-1.0630720572565857
2014-07-18,51.73240661621094,161.258544921875,0.3208041263256701,-1.0046923520210644
2014-07-21,51.75636672973633,160.9567413330078,0.32155451397127977,-0.9550393905839335
2014-07-22,52.37157440185547,161.6581268310547,0.3239649959360709,-0.7935234074235179
2014-07-23,52.18781280517578,162.01710510253906,0.32211298166416824,-0.9179432368086328
2014-07-24,52.067970275878906,162.0251922607422,0.32135725037182805,-0.9676428125524024
2014-07-25,52.17982482910156,161.26666259765625,0.3235623779186456,-0.8172813202163445
2014-07-28,52.84295654296875,161.33189392089844,0.3275419091582587,-0.5480579878692757
2014-07-29,53.41820526123047,160.63865661621094,0.33253642919122706,-0.21246117497533257
2014-07-30,53.81767654418945,160.66317749023438,0.3349720663122119,-0.049834168161253266
2014-07-31,52.81100082397461,157.49029541015625,0.33532860349545657,-0.028303064796336267
2014-08-01,53.21046829223633,157.0091094970703,0.33890051642659114,0.21012607274982636
2014-08-04,53.21847152709961,158.14280700683594,0.3365216068587879,0.04605593237993595
2014-08-05,52.41950225830078,156.60940551757812,0.3347149047980846,-0.07915011066726182
2014-08-06,52.25172424316406,156.6584014892578,0.3335392404520801,-0.16163572982149493
2014-08-07,51.91617202758789,155.8101348876953,0.3332015087786682,-0.1882624271491815
2014-08-08,52.051998138427734,157.61264038085938,0.33025268793573853,-0.39164227237578064
2014-08-11,52.21976852416992,158.06944274902344,0.3303596673462211,-0.3872347266771561
2014-08-12,52.33961868286133,157.8491973876953,0.33157988478274847,-0.30646655119992916
2014-08-13,52.675174713134766,158.91770935058594,0.33146195555165514,-0.3159719745988048
2014-08-14,53.13856887817383,159.66798400878906,0.33280666257581587,-0.22476854897168208
2014-08-15,52.9787712097168,159.63543701171875,0.33187350002886673,-0.2885687946324106
2014-08-18,53.05068588256836,160.9730987548828,0.32956243181570216,-0.444975133951237
2014-08-19,53.34629440307617,161.81314086914062,0.329678381598301,-0.4353154682962317
2014-08-20,52.9787712097168,162.2454071044922,0.3265347978423603,-0.6484113905749467
2014-08-21,52.27569580078125,162.71856689453125,0.3212644801294533,-1.0064513704328866
2014-08-22,52.56332778930664,162.46566772460938,0.32353498757906896,-0.8507235992571542
2014-08-25,52.7470817565918,163.28944396972656,0.32302811788844704,-0.8828693249524773
2014-08-26,53.26639938354492,163.3955078125,0.32599671861645857,-0.6787312280269743
2014-08-27,53.274391174316406,163.33026123046875,0.32617587685813504,-0.6644378139392567
2014-08-28,53.25841522216797,163.24049377441406,0.3262573764066595,-0.6557584699395802
2014-08-29,53.05068588256836,163.70545959472656,0.3240617998562907,-0.7995049433871024
2014-09-02,52.25172424316406,163.6238555908203,0.31934050236434786,-1.1116601580919698
2014-09-03,52.1238899230957,163.5341339111328,0.31873400785808237,-1.1435780469315768
2014-09-04,52.1079216003418,163.29763793945312,0.31909782810001314,-1.1100461082487927
2014-09-05,51.996063232421875,164.03170776367188,0.3169878796076124,-1.2428012851419237
2014-09-08,51.444786071777344,163.60755920410156,0.31444015375597417,-1.4046474006074037
2014-09-09,50.81360626220703,162.5717010498047,0.31256120182097386,-1.5203694634293867
2014-09-10,51.021339416503906,163.1834259033203,0.31266250928407413,-1.5023924532862818
2014-09-11,50.81360626220703,163.3710174560547,0.3110319507918559,-1.6010665549296408
2014-09-12,50.90948486328125,162.416748046875,0.31344972409242117,-1.4261849543891763
2014-09-15,50.709747314453125,162.29437255859375,0.31245536437897864,-1.4823048273470094
2014-09-16,51.29298400878906,163.51780700683594,0.3136843928358502,-1.3888878964882128
2014-09-17,51.19710922241211,163.73802185058594,0.3126769741308494,-1.4459834915780458
2014-09-18,50.773658752441406,164.61077880859375,0.30844674400988065,-1.724563074763918
2014-09-19,50.669795989990234,164.46246337890625,0.30809337856779956,-1.7384225187452393
2014-09-22,49.85486602783203,163.19232177734375,0.3054976207511343,-1.9001275641924091
2014-09-23,49.70305633544922,162.25808715820312,0.30632098039580785,-1.8292301030057487
2014-09-24,50.230369567871094,163.52828979492188,0.3071662379082186,-1.7585863333815919
2014-09-25,49.319557189941406,160.88970947265625,0.30654264558991845,-1.786540505166096
2014-09-26,49.42341613769531,162.16799926757812,0.3047667626221767,-1.893288648779451
2014-09-29,48.7922477722168,161.87298583984375,0.30142304176987,-2.1034955656282714
2014-09-30,48.34483337402344,161.44692993164062,0.29944721398228796,-2.215307424721929
2014-10-01,47.082481384277344,159.259033203125,0.2956346050664929,-2.4474088453867893
2014-10-02,46.906715393066406,159.28359985351562,0.29448553043881437,-2.4969589628864384
2014-10-03,47.026554107666016,161.03717041015625,0.2920229782223009,-2.633679409483051
2014-10-06,46.95465087890625,160.84872436523438,0.2919180805704603,-2.6095892935280522
2014-10-07,46.53120422363281,158.36578369140625,0.29382107131363777,-2.4575397301048527
2014-10-08,46.7868766784668,161.13552856445312,0.2903572979546368,-2.6628805882846587
2014-10-09,46.027854919433594,157.93971252441406,0.29142673608652214,-2.5702879635631413
2014-10-10,45.11704635620117,156.1368865966797,0.2889582810290301,-2.70820131414722
2014-10-13,45.524513244628906,153.57205200195312,0.29643748749316656,-2.1982901352465327
2014-10-14,45.668331146240234,153.80967712402344,0.29691455050267007,-2.1554890033131966
2014-10-15,45.60441207885742,152.76895141601562,0.2985188525295884,-2.0431447891624566
2014-10-16,45.44462203979492,152.63787841796875,0.2977283391960794,-2.089368453921875
2014-10-17,45.380706787109375,154.44064331054688,0.2938391463175826,-2.3434124600172384
2014-10-20,46.01188659667969,155.94024658203125,0.29506100961867765,-2.2510626145465586
2014-10-21,46.171669006347656,159.0295867919922,0.2903338299353023,-2.5570599270246217
2014-10-22,45.979923248291016,157.89877319335938,0.2911987364967365,-2.482635225309693
2014-10-23,46.04384231567383,159.73423767089844,0.28825280658075497,-2.6572543086692244
2014-10-24,46.00389099121094,160.9634246826172,0.2858033809973913,-2.792220881809291
2014-10-27,46.25156784057617,160.74221801757812,0.28773752416131454,-2.629623411620382
2014-10-28,46.69098663330078,162.58590698242188,0.28717732981831456,-2.639620132773573
2014-10-29,47.15439224243164,162.340087890625,0.2904667162321696,-2.396772954314079
2014-10-30,47.434024810791016,163.38079833984375,0.2903280268720737,-2.3877159506710717
2014-10-31,46.842796325683594,165.2490997314453,0.2834677853120543,-2.811837470854268
2014-11-03,46.05982208251953,165.3392791748047,0.27857761514626456,-3.0889594549019566
2014-11-04,45.84410095214844,164.76568603515625,0.27823815780651456,-3.0580964987344497
2014-11-05,45.11704635620117,165.8063201904297,0.27210691549262983,-3.383354177377741
2014-11-06,45.30880355834961,166.47006225585938,0.272173884867727,-3.3058557285594894
2014-11-07,45.57246017456055,166.62576293945312,0.2735018845262256,-3.154262070676702
2014-11-10,45.96394729614258,167.1502685546875,0.27498578191697187,-2.9994263241290064
2014-11-11,45.588436126708984,167.3140869140625,0.2724721926739173,-3.0859063099977524
2014-11-12,45.748226165771484,167.13389587402344,0.27372201148385866,-2.9500934058382895
2014-11-13,45.588436126708984,167.3223419189453,0.27245875000239383,-2.9622865267326284
2014-11-14,45.220916748046875,167.36329650878906,0.27019614032083855,-3.0287394787415622
2014-11-17,45.172977447509766,167.46986389160156,0.2697379480570244,-2.995002971189391
2014-11-18,45.524513244628906,168.4367218017578,0.27027665201302803,-2.91061341370779
2014-11-19,44.853397369384766,168.16636657714844,0.2667203810270094,-3.053207578995234
2014-11-20,44.741539001464844,168.4613800048828,0.2655892941169544,-3.0544810379123093
2014-11-21,45.372718811035156,169.36276245117188,0.26790256697729725,-2.871543864836275
2014-11-24,45.40467071533203,169.83802795410156,0.267341014626021,-2.8472768061575344
2014-11-25,45.332767486572266,169.71510314941406,0.26711097978511744,-2.8064193463020155
2014-11-26,45.95595932006836,170.1494598388672,0.2700917144467517,-2.6065239348859026
2014-11-28,45.44462203979492,169.7888641357422,0.2676537255320998,-2.6894930758386275
2014-12-01,45.101070404052734,168.60887145996094,0.26748930832362966,-2.6575892002038506
2014-12-02,45.02916717529297,169.6986541748047,0.26534781548066333,-2.720956185608676
2014-12-03,45.01318359375,170.35430908203125,0.2642327266994735,-2.729454504243946
2014-12-04,45.476585388183594,170.16578674316406,0.2672487005676568,-2.5367739340366633
2014-12-05,45.212928771972656,170.4444122314453,0.2652649516639966,-2.5920348182711606
2014-12-08,45.23689270019531,169.30535888671875,0.26719114502727026,-2.4600948387657073
2014-12-09,45.54049301147461,169.1906280517578,0.26916675903314885,-2.331709318622293
2014-12-10,44.845401763916016,166.47828674316406,0.269376881761774,-2.2908716322849894
2014-12-11,44.46190643310547,167.3223419189453,0.2657260585955928,-2.429538762046801
2014-12-12,43.84670639038086,164.61814880371094,0.26635402420096,-2.365251982084484
2014-12-15,44.294124603271484,163.4873046875,0.2709331142741516,-2.122853986819226
2014-12-16,44.933284759521484,162.17617797851562,0.27706464241298157,-1.8171026964155255
2014-12-17,44.668914794921875,165.35565185546875,0.27013842160028084,-2.11560372117351
2014-12-18,44.56380844116211,169.44467163085938,0.26299917260452893,-2.413020750611441
2014-12-19,44.701255798339844,170.16566467285156,0.26269257011559477,-2.391149246466754
2014-12-22,45.218692779541016,170.94842529296875,0.2645165797932676,-2.275312833339015
2014-12-23,44.7093391418457,171.1791229248047,0.2611845321902108,-2.3904853234397896
2014-12-24,44.95997619628906,171.19558715820312,0.26262345275723264,-2.293258487650133
2014-12-26,45.178260803222656,171.7476348876953,0.263050264609259,-2.2425175111066094
2014-12-29,45.00847625732422,171.9783477783203,0.2617101329252217,-2.271252969179971
2014-12-30,44.64466094970703,171.05555725097656,0.2609950922798923,-2.272445502926088
2014-12-31,44.701255798339844,169.35809326171875,0.26394520000446886,-2.1192521103531106
2015-01-02,44.232330322265625,169.2675323486328,0.2613160935740604,-2.2026624881453096
2015-01-05,43.682559967041016,166.2106170654297,0.26281449848564814,-2.1102410090457258
2015-01-06,43.520870208740234,164.64508056640625,0.26433143376662854,-2.0199802159920317
2015-01-07,44.07063674926758,166.69668579101562,0.26437620244302923,-1.9932480134148671
2015-01-08,44.927635192871094,169.65472412109375,0.2648180616580018,-1.9508791946735435
2015-01-09,45.33995819091797,168.2952117919922,0.2694072974990922,-1.740359266022127
2015-01-12,45.348045349121094,166.97683715820312,0.2715828501779312,-1.633401501709334
2015-01-13,45.744205474853516,166.5072021484375,0.27472808914339675,-1.489369666781049
2015-01-14,45.45315170288086,165.50198364257812,0.2746381082721191,-1.479316094717099
2015-01-15,45.525909423828125,163.98590087890625,0.2776208758181368,-1.345053889468062
2015-01-16,45.46123504638672,166.13645935058594,0.27363791923874525,-1.4942442216458773
2015-01-20,45.436973571777344,166.49072265625,0.272909942649418,-1.5096951724522505
2015-01-21,45.865478515625,167.3312225341797,0.27409994274234356,-1.4480608357962625
2015-01-22,46.39099884033203,169.81954956054688,0.2731781998031501,-1.471770635573811
2015-01-23,46.39099884033203,168.8884735107422,0.27468422134433773,-1.3986194320288405
2015-01-26,46.47184371948242,169.2840118408203,0.27451998103152486,-1.3931356550646279
2015-01-27,46.285892486572266,167.0510711669922,0.277076298662597,-1.2798995985170847
2015-01-28,46.12419128417969,164.9087371826172,0.27969525491607233,-1.1657824679675435
2015-01-29,46.02717590332031,166.43307495117188,0.2765506550715581,-1.280422817353476
2015-01-30,44.992313385009766,164.34022521972656,0.2737754151477767,-1.378721070017569
2015-02-02,45.744205474853516,166.37542724609375,0.2749456829775175,-1.3208599976808755
2015-02-03,46.08376693725586,168.78140258789062,0.27303817974411226,-1.3841147258673692
2015-02-04,46.30206298828125,168.1387176513672,0.2753801363246257,-1.2807524871281168
2015-02-05,46.1080207824707,169.83609008789062,0.2714854113669814,-1.421388752426054
2015-02-06,45.39655685424805,169.36642456054688,0.2680375226201886,-1.542112126374618
2015-02-09,45.37229537963867,168.60836791992188,0.2690987163886646,-1.486683065798499
2015-02-10,45.04081726074219,170.4045867919922,0.2643169301288948,-1.6563027118478701
2015-02-11,44.49913024902344,170.5034942626953,0.2609866175555527,-1.766416286025846
2015-02-12,44.93571472167969,172.14315795898438,0.2610368907742838,-1.745731240115637
2015-02-13,45.299537658691406,172.8517608642578,0.262071600729978,-1.6883282614741963
2015-02-17,45.218692779541016,173.1237030029297,0.2611929619988304,-1.7040968938192977
2015-02-18,45.25910949707031,173.14016723632812,0.2614015581681504,-1.678723727935759
2015-02-19,45.04890060424805,173.01661682128906,0.260373260279269,-1.6998137475547355
2015-02-20,45.412723541259766,174.0547637939453,0.2609105464934106,-1.6624637311551862
2015-02-23,45.27528381347656,174.03005981445312,0.2601578363056821,-1.6733744006699003
2015-02-24,45.59867858886719,174.52438354492188,0.2612739702193549,-1.6155250898378308
2015-02-25,45.85739517211914,174.37615966796875,0.2629797287624445,-1.5373787794456504
2015-02-26,45.92207336425781,174.1700897216797,0.2636622248839647,-1.498057718815713
2015-02-27,45.784629821777344,173.5768585205078,0.2637715085526102,-1.4803154655756556
2015-03-02,46.13228225708008,174.67279052734375,0.2641068601343402,-1.4546248636611825
2015-03-03,46.27780532836914,173.95587158203125,0.2660318672057368,-1.3719306179557123
2015-03-04,46.11610794067383,173.2225341796875,0.26622464657419564,-1.3530445250018501
2015-03-05,46.1484489440918,173.4120635986328,0.26612017633850266,-1.3451440704284015
2015-03-06,45.91398620605469,170.9730987548828,0.2685450900780579,-1.2465215014344229
2015-03-09,45.55825424194336,171.68177795410156,0.2653645295665751,-1.3501420645514866
2015-03-10,44.44253921508789,168.896728515625,0.2631343993793013,-1.4181107200177738
2015-03-11,44.56380844116211,168.50119018554688,0.2644717725262961,-1.3580481610476645
2015-03-12,44.94379806518555,170.6435546875,0.26337823393031895,-1.3852152465268563
2015-03-13,44.2970085144043,169.59710693359375,0.2611896471308849,-1.4505400430026418
2015-03-16,44.94379806518555,171.86302185058594,0.2615094136088142,-1.4263982640881356
2015-03-17,46.09185028076172,171.35218811035156,0.26898897988439086,-1.1512876003683956
2015-03-18,46.85991668701172,173.4120635986328,0.2702229344059381,-1.099002769962061
2015-03-19,46.25354766845703,172.62109375,0.2679484103805073,-1.1705313121558218
2015-03-20,46.70630645751953,174.144775390625,0.2682038915767205,-1.1530410190320717
2015-03-23,46.82757568359375,173.80543518066406,0.26942526644761305,-1.1018484108521764
2015-03-24,46.95693588256836,172.8288116455078,0.2716962260834296,-1.0144634927167389
2015-03-25,46.730560302734375,170.2961883544922,0.2744075528305956,-0.9126711545152388
2015-03-26,46.3586540222168,169.89065551757812,0.2728734778318646,-0.9590288117483022
2015-03-27,46.34248352050781,170.2796630859375,0.2721551281031105,-0.9764513967966284
2015-03-30,46.55269241333008,172.35704040527344,0.2700945218359978,-1.0403200150072418
2015-03-31,46.27780532836914,170.85072326660156,0.2708668973917986,-1.0053255285591418
2015-04-01,46.39907455444336,170.2466278076172,0.27254034427557317,-0.9393345614527817
2015-04-02,46.90034103393555,170.8590087890625,0.2744973259902106,-0.8640049176800235
2015-04-06,47.52287292480469,172.00946044921875,0.2762805766653431,-0.7951658985907739
2015-04-07,46.98118591308594,171.55422973632812,0.27385617938592427,-0.8729139930846557
2015-04-08,47.49862289428711,172.13357543945312,0.27594048850158487,-0.7933095790234213
2015-04-09,47.36117935180664,172.89503479003906,0.27393024565061275,-0.8568579312593755
2015-04-10,48.18583679199219,173.83848571777344,0.27718739376401286,-0.7360214794172932
2015-04-13,48.040306091308594,173.05227661132812,0.277605744530054,-0.7149665167081573
2015-04-14,48.881134033203125,173.38331604003906,0.28192524603644736,-0.5561954499055785
2015-04-15,49.17219543457031,174.16136169433594,0.2823369945905142,-0.5355307222355284
2015-04-16,49.73813247680664,174.11166381835938,0.2856680097474432,-0.4109706302059352
2015-04-17,49.33388137817383,172.1087646484375,0.28664363188561015,-0.3702336977894147
2015-04-20,49.92409133911133,173.68130493164062,0.2874465467585069,-0.3356723569264399
2015-04-21,49.6734504699707,173.474365234375,0.28634461583334625,-0.3697131835742903
2015-04-22,50.061519622802734,174.32684326171875,0.28717045915668216,-0.33419233519341934
2015-04-23,50.87001037597656,174.7655029296875,0.29107581028987645,-0.18688402325829245
2015-04-24,50.643638610839844,175.1710205078125,0.28910968528941794,-0.25316669294101046
2015-04-27,50.65980529785156,174.4427490234375,0.2904093496660334,-0.20050433859507086
2015-04-28,50.80533981323242,174.99720764160156,0.29032085996070844,-0.19847107713409387
2015-04-29,50.093868255615234,174.27719116210938,0.2874378908770618,-0.29924165941291914
2015-04-30,49.455162048339844,172.5308380126953,0.2866453476838778,-0.32341727024115474
2015-05-01,49.447078704833984,174.40133666992188,0.2835246543919515,-0.4335210727516241
2015-05-04,49.86748123168945,174.89794921875,0.28512330450095064,-0.368830254787693
2015-05-05,49.30154037475586,172.89503479003906,0.2851530145711058,-0.3624920278028718
2015-05-06,48.79220199584961,172.1832275390625,0.28337372166391944,-0.42326722559189933
2015-05-07,48.27476501464844,172.87017822265625,0.27925444117070725,-0.5717371131835715
2015-05-08,48.49306106567383,175.14625549316406,0.27687181167037,-0.6550420623607972
2015-05-11,47.91094970703125,174.310302734375,0.2748601141496551,-0.7243827823517714
2015-05-12,47.919036865234375,173.7888946533203,0.2757312943432019,-0.6852959856383993
2015-05-13,48.21817398071289,173.82200622558594,0.27739970920675844,-0.6161190944861769
2015-05-14,48.776031494140625,175.6345672607422,0.2777131646399031,-0.5981219614806755
2015-05-15,48.323280334472656,175.8248748779297,0.2748375641843747,-0.701520927451647
2015-05-18,48.04839324951172,176.3711700439453,0.27242770594275584,-0.7876585008523033
2015-05-19,48.161582946777344,176.3131561279297,0.273159326305929,-0.7534220781853406
2015-05-20,48.43646240234375,176.1890411376953,0.27491189060101456,-0.6795084690219715
2015-05-21,48.161582946777344,176.7022247314453,0.2725578753746538,-0.7649961461644353
2015-05-22,48.40412902832031,176.28016662597656,0.2745863584927398,-0.6795788033173924
2015-05-26,47.59563446044922,174.384765625,0.2729345897267178,-0.7384306559781438
2015-05-27,46.88417434692383,176.04005432128906,0.26632674323853567,-0.9925691924409016
2015-05-28,46.75481414794922,175.84149169921875,0.2658918193660714,-1.0029820201680921
2015-05-29,46.730560302734375,174.7489471435547,0.26741540402155123,-0.935728554140951
2015-06-01,46.27780532836914,175.1048583984375,0.26428624397769473,-1.0533789374141855
2015-06-02,46.14036560058594,174.93106079101562,0.2637631384154716,-1.0667560066366593
2015-06-03,45.84122085571289,175.39450073242188,0.2613606507860089,-1.1554028738800568
2015-06-04,45.525909423828125,173.91307067871094,0.2617739382448903,-1.1308015620684975
2015-06-05,45.14592361450195,173.61512756347656,0.26003450418222257,-1.192657287390684
2015-06-08,45.178260803222656,172.54736328125,0.26183107028753994,-1.1120704409368136
2015-06-09,45.04890060424805,172.52259826660156,0.26111883925277635,-1.133040804771526
2015-06-10,45.46931838989258,174.59169006347656,0.2604323171014682,-1.1532464089961374
2015-06-11,45.25910949707031,175.15452575683594,0.258395318656526,-1.2282826065236638
2015-06-12,44.798274993896484,173.813720703125,0.257737276508868,-1.247020676691092
2015-06-15,44.579978942871094,173.06881713867188,0.25758527549853916,-1.2442975933784672
2015-06-16,44.28892517089844,174.01229858398438,0.25451606312483177,-1.3607511064027236
2015-06-17,44.676998138427734,174.29373168945312,0.25633164030265143,-1.2767804380771683
2015-06-18,45.113582611083984,176.1062774658203,0.25617248436723034,-1.2740964684348073
2015-06-19,45.02465057373047,175.3245391845703,0.25680746564707313,-1.2387044301297698
2015-06-22,45.61484146118164,176.22271728515625,0.2588476795949617,-1.1453013361408184
2015-06-23,45.93015670776367,176.3474884033203,0.26045257079430506,-1.0706255473000932
2015-06-24,45.534000396728516,175.0667266845703,0.2600951149259233,-1.0778811044417003
2015-06-25,45.33995819091797,174.534423828125,0.25977659418961996,-1.083355163135326
2015-06-26,45.097415924072266,174.50115966796875,0.2584361961254651,-1.1315079195638609
2015-06-29,44.353607177734375,170.841796875,0.2596180091115913,-1.0745930634070633
2015-06-30,44.55573272705078,171.19944763183594,0.2602562878758102,-1.0406296954504737
2015-07-01,45.04081726074219,172.5717010498047,0.26099770116853216,-1.0024975401250222
2015-07-02,45.08933639526367,172.41363525390625,0.2615183905197667,-0.9738516585064119
2015-07-06,43.73106384277344,171.92298889160156,0.2543642599789033,-1.2697447200917045
2015-07-07,43.383419036865234,173.00413513183594,0.25076521439100496,-1.413188514759249
2015-07-08,42.36472702026367,170.1016387939453,0.24905537254454496,-1.4756628265406375
2015-07-09,42.91449737548828,170.40936279296875,0.2518318047326152,-1.347663673908425
2015-07-10,43.31874465942383,172.55503845214844,0.25104305877128374,-1.3718125253657953
2015-07-13,43.383419036865234,174.45953369140625,0.24867324885554404,-1.4622424462303822
2015-07-14,43.01152038574219,175.21640014648438,0.24547656697537276,-1.5867267254971078
2015-07-15,42.720462799072266,175.158203125,0.24389644354015902,-1.641144724108846
2015-07-16,43.213645935058594,176.56370544433594,0.24474818211539104,-1.5919634321139398
2015-07-17,42.80939865112305,176.7134246826172,0.2422532341728426,-1.6852803947599753
2015-07-20,42.43749237060547,176.804931640625,0.24002437023003537,-1.7661886881014348
2015-07-21,42.59919357299805,176.10629272460938,0.24189478362146663,-1.673068048957082
2015-07-22,42.08175277709961,175.79029846191406,0.23938609323322158,-1.767366101761356
2015-07-23,41.63709259033203,174.80055236816406,0.23819771749139668,-1.8038398372837483
2015-07-24,40.893280029296875,172.9875030517578,0.23639441756125942,-1.8654181334383957
2015-07-27,41.16008758544922,171.98117065429688,0.23932903485222817,-1.7270387797428337
2015-07-28,41.77452850341797,174.09365844726562,0.23995433765941457,-1.690026778984417
2015-07-29,42.04133224487305,175.29124450683594,0.23983703443461796,-1.6875490493344718
2015-07-30,41.111568450927734,175.33285522460938,0.23447726553167655,-1.9110106456861184
2015-07-31,41.37837600708008,175.0667266845703,0.23635774079236843,-1.8225413673201671
2015-08-03,40.75584411621094,174.47621154785156,0.23358968970410793,-1.938438930057657
2015-08-04,41.127742767333984,174.13522338867188,0.23618278925416702,-1.8193819155309108
2015-08-05,40.893280029296875,174.7091064453125,0.2340649601003901,-1.9066692527391185
2015-08-06,40.448612213134766,173.27862548828125,0.2334310541715965,-1.9277413767561893
2015-08-07,40.440528869628906,172.94598388671875,0.23383329268933956,-1.9030992483804139
2015-08-10,40.9013671875,175.12498474121094,0.2335552933691418,-1.9074181906746703
2015-08-11,39.54310989379883,173.5447540283203,0.22785540315062414,-2.1539090241799204
2015-08-12,39.591617584228516,173.75270080566406,0.22786188301331942,-2.1434999053065966
2015-08-13,39.68054962158203,173.5364990234375,0.22865823526970458,-2.0982895067121867
2015-08-14,39.76947784423828,174.1685028076172,0.22833909233385785,-2.1056649370477176
2015-08-17,39.19545364379883,175.14158630371094,0.2237929578634195,-2.304047976421624
2015-08-18,38.94482421875,174.6342010498047,0.22300800178106667,-2.3269925192667182
2015-08-19,38.68611145019531,173.25363159179688,0.2232917780410151,-2.3016862111245935
2015-08-20,37.80485916137695,169.63587951660156,0.22285886257734258,-2.3071742934151533
2015-08-21,36.92360305786133,164.52943420410156,0.2244194373880662,-2.2177829329771654
2015-08-24,36.13937759399414,157.60159301757812,0.22930845369033376,-1.9797227375486635
2015-08-25,36.85893630981445,155.74693298339844,0.23665914701346552,-1.629702909562979
2015-08-26,37.9261360168457,161.7266845703125,0.23450759605695676,-1.7269843383955592
2015-08-27,38.920570373535156,165.72703552246094,0.23484744206542127,-1.7074695774601483
2015-08-28,38.79930114746094,165.73533630371094,0.23410397572887534,-1.7400916415405454
2015-08-31,38.67802810668945,164.39637756347656,0.2352729949402634,-1.6801317257082
2015-09-01,37.86954116821289,159.48951721191406,0.23744219576447492,-1.5693717180320923
2015-09-02,38.524410247802734,162.5167999267578,0.23704878674183041,-1.5834593634113074
2015-09-03,38.314208984375,162.63330078125,0.23558649305107288,-1.6505353202219608
2015-09-04,37.33594512939453,160.17147827148438,0.2330998348289673,-1.7669617458689781
2015-09-08,38.26570129394531,164.19676208496094,0.23304784338040327,-1.7611985904589607
2015-09-09,38.758872985839844,162.00115966796875,0.23925058971971877,-1.443722965107018
2015-09-10,39.21162414550781,162.88272094726562,0.24073532120207422,-1.3633439974218984
2015-09-11,39.276309967041016,163.62290954589844,0.2400416303318667,-1.3925572904661543
2015-09-14,38.94482421875,163.01577758789062,0.23890217741502193,-1.4458679268420123
2015-09-15,39.39757537841797,165.0533905029297,0.23869594716213155,-1.4513256733597943
2015-09-16,40.93370819091797,166.48382568359375,0.24587198199489602,-1.0757605826804308
2015-09-17,40.877113342285156,166.10958862304688,0.24608521206471556,-1.0609098140119044
2015-09-18,40.41627883911133,163.3951416015625,0.2473530023167154,-0.9891053685028559
2015-09-21,39.86650466918945,164.23947143554688,0.24273400493032163,-1.2301670371447402
2015-09-22,39.34098434448242,162.107666015625,0.24268429317025933,-1.2270492350558708
2015-09-23,38.99333190917969,161.84854125976562,0.24092482765473738,-1.3164116427728334
2015-09-24,38.78313446044922,161.2633514404297,0.240495649594481,-1.3346157945619845
2015-09-25,38.823551177978516,161.2215576171875,0.24080868434581862,-1.3124262007353482
2015-09-28,38.0393180847168,157.17530822753906,0.24201840933976826,-1.2404417341420653
2015-09-29,37.918052673339844,157.267333984375,0.24110571288190796,-1.284479227811467
2015-09-30,39.43800354003906,160.2015838623047,0.24617736347685884,-0.9956113589464058
2015-10-01,40.08479690551758,160.61962890625,0.24956350091503546,-0.7994499538720612
2015-10-02,40.480953216552734,163.01890563964844,0.24832060464223366,-0.8631252899279522
2015-10-05,41.28943634033203,165.9198455810547,0.24885170424150035,-0.8265205755084511
2015-10-06,41.19242477416992,165.35133361816406,0.2491206080580706,-0.8047814052787142
2015-10-07,42.43749237060547,166.70570373535156,0.2545653293181605,-0.48780149086917474
2015-10-08,42.77705383300781,168.21046447753906,0.25430673392332126,-0.4966367145196329
2015-10-09,43.16512680053711,168.31076049804688,0.25646088623690827,-0.366290794444429
2015-10-12,43.00343322753906,168.46961975097656,0.2552592763674816,-0.43002239704720996
2015-10-13,42.47792053222656,167.40789794921875,0.25373904727668073,-0.5123753268546111
2015-10-14,42.9306640625,166.6053009033203,0.257678860334776,-0.274413100125546
2015-10-15,44.135311126708984,169.16348266601562,0.26090330153492175,-0.07566375225811094
2015-10-16,43.908939361572266,169.93260192871094,0.25839031982804966,-0.2182412053309909
2015-10-19,43.658302307128906,170.01617431640625,0.25678911128701926,-0.3080009393750275
2015-10-20,43.86851501464844,169.79885864257812,0.25835577085350403,-0.20582380019954655
2015-10-21,43.53702926635742,168.74546813964844,0.2580041392894033,-0.22081070087392485
2015-10-22,44.18383026123047,171.5962371826172,0.2574871744664709,-0.2459849562911694
2015-10-23,44.26467514038086,173.47723388671875,0.255161292053376,-0.38385116251004175
2015-10-26,44.22425079345703,173.05087280273438,0.2555563579495465,-0.35335071384984157
2015-10-27,43.900856018066406,172.71641540527344,0.25417882784942286,-0.4333611840855188
2015-10-28,43.53702926635742,174.6810302734375,0.2492373052655265,-0.737561532760461
2015-10-29,43.520870208740234,174.58074951171875,0.24928791021039173,-0.7283678337565184
2015-10-30,43.96553421020508,173.8282928466797,0.252925076178385,-0.49130084489985204
2015-11-02,44.72551727294922,175.88485717773438,0.254288618080142,-0.3983484687777887
2015-11-03,45.348045349121094,176.39480590820312,0.25708265680294734,-0.2141855054744908
2015-11-04,44.701255798339844,175.8597869873047,0.2541869097201103,-0.3952219021811821
2015-11-05,44.668914794921875,175.6842498779297,0.25425679778329063,-0.386480896992035
2015-11-06,43.811920166015625,175.59225463867188,0.2495094117685908,-0.6871737702529293
2015-11-09,42.91449737548828,173.95375061035156,0.2467006156803988,-0.8615933383342093
2015-11-10,42.53451156616211,174.35501098632812,0.2439534793152427,-1.030674875982489
2015-11-11,42.752803802490234,173.66952514648438,0.24617332123427924,-0.8804950105713736
2015-11-12,42.26770782470703,171.24514770507812,0.24682572552362966,-0.8317112016975542
2015-11-13,41.443050384521484,169.32228088378906,0.24475839900222635,-0.9575468526251066
2015-11-16,41.839210510253906,171.89720153808594,0.24339669369768022,-1.0372389323735627
2015-11-17,41.59667205810547,171.7718048095703,0.24216239739822482,-1.1079321982889612
2015-11-18,42.06558609008789,174.4971160888672,0.24106751465545653,-1.1688338777432097
2015-11-19,42.752803802490234,174.34669494628906,0.2452171738366539,-0.8959239926489188
2015-11-20,42.97109603881836,174.98202514648438,0.24557434400959502,-0.8669142516696915
2015-11-23,42.87406921386719,174.78135681152344,0.24530115794959018,-0.8778689359566646
2015-11-24,43.44001770019531,175.01544189453125,0.24820677095666432,-0.6868174389099339
2015-11-25,43.44001770019531,174.99038696289062,0.2482423089298467,-0.6794976179472736
2015-11-27,43.181297302246094,175.19100952148438,0.24648124021998172,-0.7859526657217029
2015-11-30,42.704288482666016,174.4636993408203,0.2447746358928332,-0.8884190743403652
2015-12-01,43.448097229003906,176.1273193359375,0.24668573502860688,-0.7606845834641943
2015-12-02,42.639617919921875,174.32992553710938,0.24459149964384766,-0.8880409943364999
2015-12-03,42.17877960205078,171.88880920410156,0.24538409334122213,-0.8318045146785246
2015-12-04,42.28388595581055,175.2411651611328,0.241289687368438,-1.0841339544515216
2015-12-07,41.31369400024414,174.17947387695312,0.23719037083226968,-1.3334286705444938
2015-12-08,40.86903381347656,173.00909423828125,0.23622477184458657,-1.3824178912397531
2015-12-09,40.7234992980957,171.6630859375,0.2372292160291382,-1.3077422709005837
2015-12-10,40.90945053100586,172.10618591308594,0.23769889684072854,-1.2674420335346188
2015-12-11,40.141387939453125,168.77059936523438,0.23784585757489457,-1.2479522215679082
2015-12-14,40.52946090698242,169.6232452392578,0.23893812932192524,-1.170093557548083
2015-12-15,41.127742767333984,171.40391540527344,0.23994634352482616,-1.098171329577144
2015-12-16,42.211116790771484,173.91200256347656,0.24271537426155937,-0.9177425619953881
2015-12-17,41.14391326904297,171.26181030273438,0.24023985964129485,-1.0642211714949386
2015-12-18,41.30561065673828,168.2108154296875,0.24555858998260502,-0.7267008862038908
2015-12-21,41.95307540893555,169.598388671875,0.24736718159571022,-0.60958025114951
2015-12-22,42.34222412109375,171.1373748779297,0.24741658069311842,-0.6020768091943104
2015-12-23,42.689971923828125,173.256591796875,0.2463973894504262,-0.6615548450863599
2015-12-24,42.35878372192383,172.97068786621094,0.24488995357807344,-0.7505498827936995
2015-12-28,41.870277404785156,172.5753936767578,0.24262020507518148,-0.8858437382894195
2015-12-29,41.961360931396484,174.41712951660156,0.24058050403473974,-1.0057477150628098
2015-12-30,41.46458435058594,173.18089294433594,0.23942932528886743,-1.0696556838796034
2015-12-31,41.12511444091797,171.4485626220703,0.2398685285660365,-1.0346966647403275
2016-01-04,40.164669036865234,169.05174255371094,0.23758802145505337,-1.1670361241718827
2016-01-05,40.33854675292969,169.33770751953125,0.23821361080063683,-1.1199077951534773
2016-01-06,39.53541564941406,167.20166015625,0.23645348743827188,-1.2184730625927445
2016-01-07,38.90615463256836,163.19021606445312,0.23840984815659597,-1.0898656974858216
2016-01-08,38.690887451171875,161.39892578125,0.23972208776414708,-1.0018196347374133
2016-01-11,39.12142562866211,161.5587158203125,0.24214989225448794,-0.8464188719100945
2016-01-12,39.005516052246094,162.86219787597656,0.23950012072138263,-1.0007158392020772
2016-01-13,38.89788055419922,158.80035400390625,0.2449483239391418,-0.6610896262078004
2016-01-14,39.320152282714844,161.4073486328125,0.24360819142234177,-0.736925382147795
2016-01-15,37.66421890258789,157.9425506591797,0.23846784001774526,-1.0447423745195799
2016-01-19,38.740570068359375,158.1527862548828,0.24495660801020694,-0.6395731916734535
2016-01-20,37.54001235961914,156.12608337402344,0.24044676935683074,-0.9102202924308542
2016-01-21,38.04507827758789,157.00067138671875,0.242324303084517,-0.78781011016124
2016-01-22,39.17939376831055,160.2216033935547,0.24453252831376068,-0.6454706179012496
2016-01-25,38.64949417114258,157.7996063232422,0.2449276970436264,-0.6150846746362357
2016-01-26,39.0137939453125,159.95245361328125,0.24390869326479084,-0.6721366500791265
2016-01-27,38.7240104675293,158.211669921875,0.24476077198762414,-0.6131319276509184
2016-01-28,39.12142562866211,159.03579711914062,0.24599131979924338,-0.5303978064036703
2016-01-29,39.52714157104492,162.91265869140625,0.24262780982488505,-0.7345639422583082
2016-02-01,39.41949462890625,162.8538360595703,0.24205444331373926,-0.7640459209713919
2016-02-02,38.3017463684082,159.91885375976562,0.2395073843259664,-0.9169759414957525
2016-02-03,39.1048698425293,160.87753295898438,0.24307228687115098,-0.686212406565473
2016-02-04,39.85004806518555,161.12979125976562,0.24731645063041902,-0.41265700402937183
2016-02-05,39.36154556274414,158.060302734375,0.24902866109836813,-0.2992698038994049
2016-02-08,39.088314056396484,155.93260192871094,0.2506744168500878,-0.19072337943145903
2016-02-09,38.67433166503906,155.9410858154297,0.24800604319770875,-0.35565297256233624
2016-02-10,38.8647575378418,155.80653381347656,0.2494424116023828,-0.26062379680244513
2016-02-11,38.08647537231445,153.77975463867188,0.24766898257709036,-0.3703556482301692
2016-02-12,38.475624084472656,156.95016479492188,0.24514548382122842,-0.5271582233616042
2016-02-16,38.773685455322266,159.59925842285156,0.24294402015699226,-0.6624701433543158
2016-02-17,39.22907257080078,162.206298828125,0.24184678926906653,-0.7270948751695852
2016-02-18,38.80680847167969,161.5419158935547,0.24022748682299136,-0.824199377895576
2016-02-19,38.60809326171875,161.4661865234375,0.23910946367779995,-0.8889437483174002
2016-02-22,39.41949462890625,163.80410766601562,0.2406502205016718,-0.7853140373115521
2016-02-23,38.75712966918945,161.73533630371094,0.23963303601391275,-0.8438929672674251
2016-02-24,38.79852294921875,162.475341796875,0.23879637685405988,-0.8904061403503778
2016-02-25,38.93100357055664,164.44326782226562,0.23674428321768842,-1.0126392570835978
2016-02-26,38.334861755371094,164.06480407714844,0.2336568282941711,-1.198261209774998
2016-02-29,38.57497024536133,162.77816772460938,0.23697877169021253,-0.980719657826421
2016-03-01,39.65961456298828,166.60455322265625,0.2380464026693542,-0.9062730113419785
2016-03-02,39.974239349365234,167.35302734375,0.23886176416310953,-0.8480597608821333
2016-03-03,40.52069091796875,168.00897216796875,0.2411817083045884,-0.695812325074554
2016-03-04,41.18307113647461,168.55560302734375,0.2443292919179538,-0.4921623987709846
2016-03-07,41.05059814453125,168.690185546875,0.24334906035848933,-0.548647346880895
2016-03-08,40.106712341308594,166.8485107421875,0.24037800615002822,-0.7306951002051479
2016-03-09,40.37166213989258,167.67262268066406,0.2407767081736488,-0.6998518591027633
2016-03-10,41.04231262207031,167.8070831298828,0.24458033508814125,-0.4543947797472777
2016-03-11,41.9365234375,170.51504516601562,0.245940312168173,-0.3641166824235252
2016-03-14,41.597049713134766,170.29635620117188,0.24426271143462389,-0.46640200451645764
2016-03-15,41.373504638671875,170.01890563964844,0.2433464942208378,-0.5200900342702252
2016-03-16,42.25114440917969,171.00283813476562,0.247078615010366,-0.27835797605352
2016-03-17,43.26954650878906,172.0876922607422,0.2514389375576513,0.0037548472377344926
2016-03-18,43.17018508911133,172.763916015625,0.24987963971137908,-0.09134501139976561
2016-03-21,43.1287956237793,173.00901794433594,0.24928640215538123,-0.12476126505563882
2016-03-22,43.39374542236328,172.9160919189453,0.2509526148827384,-0.013326016653478505
2016-03-23,42.689971923828125,171.77491760253906,0.24852273265300703,-0.16411714143755304
2016-03-24,42.689971923828125,171.69882202148438,0.24863287599309447,-0.15109949685399077
2016-03-28,42.70652770996094,171.80029296875,0.2485823916361373,-0.14871952889251644
2016-03-29,43.633853912353516,173.38938903808594,0.2516523886174436,0.05642581533311483
2016-03-30,44.12235641479492,174.15016174316406,0.2533581133267415,0.17264842040094883
2016-03-31,43.73320388793945,173.72756958007812,0.2517343907685362,0.07154176146326428
2016-04-01,43.10395050048828,174.91099548339844,0.2464336240346849,-0.271059080604362
2016-04-04,42.797611236572266,174.3446502685547,0.24547705461938896,-0.3281449996641685
2016-04-05,41.99448013305664,172.60330200195312,0.24330056056854257,-0.4663029030992687
2016-04-06,42.747928619384766,174.48828125,0.24499025558133158,-0.34767173428199005
2016-04-07,42.085548400878906,172.4004669189453,0.24411504883374577,-0.400089843187312
2016-04-08,42.59889221191406,172.8653106689453,0.24642822812203938,-0.23814657924878924
2016-04-11,43.02943801879883,172.45956420898438,0.24950450394653836,-0.02261010419304287
2016-04-12,43.43513488769531,174.06565856933594,0.2495330511755925,-0.013165731180211155
2016-04-13,43.93191909790039,175.8238983154297,0.24986318423611634,0.01841573872976507
2016-04-14,43.83256530761719,175.83236694335938,0.24928610169785695,-0.01263433040120811
2016-04-15,43.72493362426758,175.6378936767578,0.24894931673878132,-0.02636294605522966
2016-04-18,44.056114196777344,176.8720703125,0.2490846300319683,-0.006267432099264555
2016-04-19,44.726768493652344,177.42999267578125,0.252081217043061,0.22298040707420463
2016-04-20,44.50321960449219,177.59906005859375,0.2505825176654067,0.12566464414308967
2016-04-21,44.254825592041016,176.64390563964844,0.2505312902349451,0.1348440309259665
2016-04-22,43.78288269042969,176.64390563964844,0.24785957110655304,-0.0549235365161659
2016-04-25,43.64213562011719,176.33958435058594,0.24748916008189611,-0.07215549815626118
2016-04-26,43.981590270996094,176.60154724121094,0.24904419558070978,0.06435863582291773
2016-04-27,44.02299118041992,176.96511840820312,0.24876648899176088,0.056603166073900146
2016-04-28,43.75804138183594,175.35902404785156,0.24953401525487132,0.13496131731794236
2016-04-29,43.261268615722656,174.41220092773438,0.24804038012023855,0.022811134138197995
2016-05-02,43.53450012207031,175.79855346679688,0.24763855710731253,0.0005457883607757812
2016-05-03,42.6485710144043,174.26853942871094,0.24472903229817222,-0.2454199420052359
2016-05-04,41.84544372558594,173.29641723632812,0.24146744862313216,-0.5337044219551944
2016-05-05,41.746089935302734,173.2626953125,0.24094101652989217,-0.5788567303139736
2016-05-06,41.78748321533203,173.89662170410156,0.24030071893194474,-0.63535534172451
2016-05-09,41.53081512451172,174.0403289794922,0.23862753746808563,-0.7921252324681464
2016-05-10,42.226314544677734,176.20428466796875,0.2396440848430392,-0.6899350444928546
2016-05-11,42.02760314941406,174.5559539794922,0.24076866008450049,-0.5751526643271716
2016-05-12,41.87855911254883,174.60665893554688,0.23984514317983482,-0.6643458204677326
2016-05-13,41.05059814453125,173.0850830078125,0.23717005204127475,-0.9367781844366232
2016-05-16,41.3652229309082,174.79263305664062,0.2366531255210511,-0.9900752318241399
2016-05-17,41.108551025390625,173.1611785888672,0.23740050374104787,-0.9095579146092199
2016-05-18,40.437896728515625,173.21188354492188,0.2334591362955083,-1.330208143951869
2016-05-19,40.45446014404297,172.61170959472656,0.23436683547730117,-1.2358459511635176
2016-05-20,40.628334045410156,173.70217895507812,0.23389651350267301,-1.2891257941423073
2016-05-23,40.77736282348633,173.46546936035156,0.2350748132977218,-1.1620600733083204
2016-05-24,40.61177444458008,175.71401977539062,0.231124269403732,-1.615197708652542
2016-05-25,41.32382583618164,176.9059295654297,0.23359209008818319,-1.3272906995174514
2016-05-26,41.34866714477539,176.9566192626953,0.23366555779070658,-1.3149330491236484
2016-05-27,41.22447204589844,177.71739196777344,0.23196644734339741,-1.5117861265739567
2016-05-31,41.199623107910156,177.37924194335938,0.23226857131944442,-1.470481676104069
2016-06-01,41.34866714477539,177.74276733398438,0.23263206579359663,-1.421627006861466
2016-06-02,41.81232833862305,178.28372192382812,0.2345268984034751,-1.1883114346835364
2016-06-03,42.607173919677734,177.751220703125,0.2397011607072956,-0.5592516072879994
2016-06-06,43.10395050048828,178.65573120117188,0.241268221347749,-0.3625070734608191
2016-06-07,43.59245681762695,178.93463134765625,0.24362224623208995,-0.0664486402840406
2016-06-08,43.9401969909668,179.5179443359375,0.24476771474577574,0.08367234293716817
2016-06-09,43.600730895996094,179.2727813720703,0.2432088717667926,-0.10277209043439105
2016-06-10,42.8472785949707,177.57362365722656,0.24129303503812902,-0.33692385561446875
2016-06-13,41.99448013305664,176.20428466796875,0.23832837102791857,-0.7053810872347694
2016-06-14,41.6550178527832,175.85772705078125,0.23686771432428877,-0.8844397412683324
2016-06-15,42.11039352416992,175.6125946044922,0.2397914205356928,-0.5056225455904775
2016-06-16,41.90340042114258,176.13668823242188,0.23790273816122157,-0.7410447417225376
2016-06-17,41.861995697021484,175.48074340820312,0.23855606537773866,-0.6509159815850475
2016-06-20,42.87211990356445,176.61082458496094,0.24274910671140806,-0.10307923741853788
2016-06-21,43.120513916015625,177.1121368408203,0.24346447784529993,-0.002292641018060205
2016-06-22,43.476531982421875,176.82327270507812,0.2458756209932613,0.32397110277877866
2016-06-23,44.221710205078125,179.1259307861328,0.24687497790521787,0.4673293721029658
2016-06-24,41.381778717041016,172.69371032714844,0.239625280148582,-0.4936062055634064
2016-06-27,40.52897262573242,169.60079956054688,0.23896687238944134,-0.5762763139321754
2016-06-28,41.804046630859375,172.6597137451172,0.24211812775602723,-0.14071527704464296
2016-06-29,42.781044006347656,175.59970092773438,0.2436282281821972,0.07609615892356138
2016-06-30,43.11223602294922,177.9958038330078,0.24220928299745917,-0.11156412505961749
2016-07-01,43.741485595703125,178.36968994140625,0.24522936385700975,0.3255692375384729
2016-07-05,43.04600143432617,177.08660888671875,0.24307880592971567,0.02626794526005025
2016-07-06,42.458133697509766,178.14877319335938,0.23832964401852205,-0.6466975651016542
2016-07-07,42.78932571411133,178.0382843017578,0.240337778371238,-0.35465249179263675
2016-07-08,43.43513488769531,180.68936157226562,0.2403856791000044,-0.34233847823895547
2016-07-11,43.61729431152344,181.32667541503906,0.24054538148723958,-0.31420530484630677
2016-07-12,44.21343231201172,182.6437225341797,0.24207474365146975,-0.08999585295103328
2016-07-13,44.254825592041016,182.61827087402344,0.2423351474101382,-0.05060126005020885
2016-07-14,45.107627868652344,183.63787841796875,0.2456335711197076,0.4248186265823186
2016-07-15,44.99171447753906,183.39146423339844,0.24533156254360378,0.38082101860556433
2016-07-18,45.17387008666992,183.88430786132812,0.24566462800478167,0.4268139785253205
2016-07-19,44.6688117980957,183.69740295410156,0.24316517860220704,0.06420079444635332
2016-07-20,44.6688117980957,184.46205139160156,0.24215718876109954,-0.08151161897348218
2016-07-21,44.544612884521484,183.7652587890625,0.24239953284996396,-0.04826393629531059
2016-07-22,44.96688461303711,184.58956909179688,0.24360468922637205,0.12285369884827675
2016-07-25,44.46181869506836,184.08816528320312,0.24152459027807593,-0.18115770586252666
2016-07-26,44.950321197509766,184.1732177734375,0.24406546044499178,0.1841967486951085
2016-07-27,45.198707580566406,183.97775268554688,0.24567485427338398,0.41409666423801356
2016-07-28,45.356021881103516,184.19017028808594,0.246245615659965,0.49305527284785855
2016-07-29,46.08464050292969,184.4875946044922,0.24979804523836285,0.9998529792405819
2016-08-01,46.41582107543945,184.33465576171875,0.25180192451407035,1.2796583045703385
2016-08-02,45.75344467163086,183.15354919433594,0.24980921676316495,0.9835273359999552
2016-08-03,45.430538177490234,183.6888427734375,0.24732334033768413,0.6172776336384667
2016-08-04,45.645816802978516,183.88430786132812,0.24823116955363694,0.7426861139199716
2016-08-05,46.32474136352539,185.3882598876953,0.2498795845626257,0.9751844296631161
2016-08-08,46.639373779296875,185.27781677246094,0.2517267020507616,1.2351167050924807
2016-08-09,47.21894836425781,185.3882598876953,0.25470301297861125,1.654890725119763
2016-08-10,47.41766357421875,184.92941284179688,0.2564095286171894,1.892950650959778
2016-08-11,47.80680847167969,185.78759765625,0.2573196977342553,2.013640620069759
2016-08-12,47.36798095703125,185.626220703125,0.2551793640877256,1.6911350320873977
2016-08-15,47.88960266113281,186.1614990234375,0.2572476205464137,1.98324744258991
2016-08-16,47.682613372802734,185.2013397216797,0.257463652500895,2.0145242451670495
2016-08-17,47.05335998535156,185.5496826171875,0.2535890081926392,1.4419214413696764
2016-08-18,47.73229217529297,185.9660186767578,0.2566721195352374,1.912383385482286
2016-08-19,47.401100158691406,185.69415283203125,0.2552643658175271,1.7040580958020413
2016-08-22,46.796688079833984,185.68565368652344,0.2520210212838342,1.2020766414426864
2016-08-23,47.08647537231445,186.0595703125,0.253072041890828,1.3641380991384295
2016-08-24,47.028507232666016,185.10780334472656,0.2540601011027328,1.5085772174292438
2016-08-25,47.13615036010742,184.98037719726562,0.2548170301860763,1.6161881934078695
2016-08-26,46.540016174316406,184.6320037841797,0.25206906289506575,1.170194830838653
2016-08-29,46.92915725708008,185.5411834716797,0.2529312165578763,1.2990015931531462
2016-08-30,46.945716857910156,185.23526000976562,0.2534383402783853,1.3698553048375857
2016-08-31,46.65592956542969,184.70851135253906,0.25259220175501856,1.2245326026196
2016-09-01,46.8712043762207,184.71694946289062,0.2537460937532268,1.3976770564264018
2016-09-02,47.35969924926758,185.5496826171875,0.25523999061198416,1.623038575755231
2016-09-06,48.82520294189453,186.11050415039062,0.2623452295977892,2.719702979401972
2016-09-07,48.86660385131836,186.09353637695312,0.2625916235603886,2.719670133585335
2016-09-08,48.3035888671875,185.66860961914062,0.26016023368878544,2.303134952298156
2016-09-09,46.66421127319336,181.22471618652344,0.25749363693396415,1.865409867472615
2016-09-12,46.7718505859375,183.8248291015625,0.25443706823791595,1.3789734785774017
2016-09-13,45.26494216918945,181.18223571777344,0.2498310167653434,0.6601000851784283
2016-09-14,45.463653564453125,181.11424255371094,0.2510219678111206,0.8378251425050172
2016-09-15,45.98527908325195,182.9241180419922,0.2513899182648815,0.8900931711198979
2016-09-16,45.70376968383789,182.21697998046875,0.25082058592309414,0.7979985111989952
2016-09-19,46.14258575439453,182.2511749267578,0.25318128002707296,1.1566160507361427
2016-09-20,46.54829788208008,182.2596435546875,0.2553955279085857,1.484516316365793
2016-09-21,47.88960266113281,184.30929565429688,0.25983281250750273,2.1370716131194163
2016-09-22,48.27046203613281,185.47073364257812,0.2602591853071285,2.171966818864842
2016-09-23,47.73229217529297,184.4544677734375,0.25877547316404276,1.9250419340012257
2016-09-26,47.21894836425781,182.95997619628906,0.2580834855028558,1.8012302650927268
2016-09-27,48.27046203613281,184.0957794189453,0.26220298036428147,2.3787309038364044
2016-09-28,48.54369354248047,185.00953674316406,0.2623848175452183,2.3686936874209
2016-09-29,47.86476135253906,183.33572387695312,0.2610771121980776,2.1487168163435673
2016-09-30,48.12970733642578,184.71920776367188,0.2605560510956852,2.050410899997493
2016-10-03,48.055198669433594,184.275146484375,0.2607795982596507,2.0581249327199793
2016-10-04,47.127872467041016,183.33572387695312,0.25705777068669483,1.516463627479357
2016-10-05,47.740562438964844,184.1470184326172,0.25925243235167555,1.8107170929108791
2016-10-06,47.988956451416016,184.275146484375,0.26042012374948825,1.962034823163032
2016-10-07,47.69916915893555,183.6431427001953,0.25973836244354803,1.8550374639916194
2016-10-10,48.18767166137695,184.59970092773438,0.2610387309361952,2.0252668120193587
2016-10-11,46.3909797668457,182.2682342529297,0.2545203773822154,1.119870946139094
2016-10-12,46.44065475463867,182.5073699951172,0.25445906516477196,1.11047417346765
2016-10-13,45.98527908325195,181.9095458984375,0.2527920063575231,0.8842876036125823
2016-10-14,45.83624267578125,182.00350952148438,0.2518426309266886,0.762193458038048
2016-10-17,46.09291076660156,181.3715057373047,0.2541353482137471,1.0902890052975727
2016-10-18,46.862918853759766,182.5073699951172,0.256772747615691,1.4620951863652678
2016-10-19,47.227230072021484,182.99412536621094,0.2580805803328908,1.6470325555747287
2016-10-20,46.70561218261719,182.652587890625,0.2557073662191153,1.3161973456667113
2016-10-21,46.52345275878906,182.73794555664062,0.2545910900829782,1.1627112658348984
2016-10-24,46.755287170410156,183.51507568359375,0.254776273808823,1.1894612687454038
2016-10-25,46.7718505859375,182.90020751953125,0.2557233325224243,1.3233296323380046
2016-10-26,46.01839828491211,182.532958984375,0.25211007667306445,0.8137446061449413
2016-10-27,45.71205139160156,182.04620361328125,0.2511013714337442,0.6693181156929551
2016-10-28,45.74516677856445,181.50823974609375,0.2520280448014699,0.7983250877275307
2016-10-31,45.827964782714844,181.5167236328125,0.2524724106161125,0.8616767119266351
2016-11-01,45.455379486083984,180.20155334472656,0.2522474342889131,0.8319047760850011
2016-11-02,45.107627868652344,179.11697387695312,0.25183335164896015,0.7788158295426679
2016-11-03,45.15731430053711,178.29718017578125,0.2532699297656699,0.9841909001443069
2016-11-04,45.024837493896484,178.1007843017578,0.2528053858404716,0.919677076906068
2016-11-07,46.16742706298828,182.0290985107422,0.2536266313501727,1.032527015190329
2016-11-08,46.67249298095703,182.84898376464844,0.2552515853248104,1.2547722375960173
2016-11-09,44.48666000366211,184.7875213623047,0.2407449359983518,-0.7986351787450572
2016-11-10,43.97332000732422,185.2487030029297,0.23737450948106656,-1.266806872154984
2016-11-11,43.75804138183594,184.82168579101562,0.2367581552703436,-1.3432922181797216
2016-11-14,43.327510833740234,184.9668731689453,0.23424470604617773,-1.681439251493507
2016-11-15,43.80772399902344,186.4101104736328,0.23500723156977002,-1.5629696023510573
2016-11-16,43.39374542236328,186.0599822998047,0.23322449505795118,-1.7956523545474623
2016-11-17,43.3771858215332,187.01649475097656,0.23194310148574046,-1.9548418845490918
2016-11-18,43.01287841796875,186.59800720214844,0.23051092057682765,-2.124326126902929
2016-11-21,43.18674087524414,188.007080078125,0.22970805598011626,-2.203426960434891
2016-11-22,44.23826599121094,188.37432861328125,0.23484232865948984,-1.4985096712308503
2016-11-23,43.716651916503906,188.4767303466797,0.23194721086307324,-1.8658255801507395
2016-11-25,43.907081604003906,189.17706298828125,0.2320951647648942,-1.8256024712951269
2016-11-28,43.907081604003906,188.2888946533203,0.23318996951384802,-1.66427073609178
2016-11-29,44.21343231201172,188.65611267089844,0.2343599244469748,-1.4979472798392015
2016-11-30,44.09751510620117,188.2034912109375,0.23430763596609855,-1.4917220386579422
2016-12-01,44.26310348510742,187.51174926757812,0.23605509339014402,-1.2551577226495658
2016-12-02,44.12235641479492,187.605712890625,0.2351866354971741,-1.3579277608249292
2016-12-05,44.329341888427734,188.7329864501953,0.23487861195968407,-1.390074974588031
2016-12-06,44.53632736206055,189.3307647705078,0.2352302723545434,-1.3419524458036052
2016-12-07,45.49677658081055,191.80738830566406,0.23720033405755428,-1.0886724700351953
2016-12-08,45.87763595581055,192.2770538330078,0.23860172101271726,-0.9089402150706786
2016-12-09,45.53817367553711,193.43849182128906,0.23541423036738834,-1.318102729125543
2016-12-12,45.587852478027344,193.2165069580078,0.23594181054072702,-1.2476272321699098
2016-12-13,45.968719482421875,194.5060272216797,0.23633570711940483,-1.1938486424858963
2016-12-14,44.759883880615234,192.9004669189453,0.23203616142320097,-1.7349280565562903
2016-12-15,44.86751174926758,193.69471740722656,0.23164034801701625,-1.7693196421704782
2016-12-16,44.90064239501953,193.3158721923828,0.2322656794075119,-1.6776342697201403
2016-12-19,44.92547607421875,193.73681640625,0.23188920365045002,-1.7084292713896574
2016-12-20,44.92547607421875,194.4841766357422,0.23099810406870075,-1.8009779326975799
2016-12-21,44.703433990478516,193.94297790527344,0.2304978219542075,-1.8428223661828758
2016-12-22,44.217430114746094,193.60794067382812,0.22838644923784057,-2.078477543596948
2016-12-23,44.48556900024414,193.8914337158203,0.2294354533756506,-1.9270741546500938
2016-12-27,44.4771842956543,194.37249755859375,0.2288244728771189,-1.97984864626137
2016-12-28,44.40177536010742,192.76614379882812,0.23034011307735333,-1.7805006525908196
2016-12-29,44.86262893676758,192.72315979003906,0.23278275940288062,-1.477207006364097
2016-12-30,44.59450149536133,192.01873779296875,0.2322403636641042,-1.5327920718810415
2017-01-03,45.27322006225586,193.4876708984375,0.23398503817858227,-1.3194114190489619
2017-01-04,45.583255767822266,194.63877868652344,0.2341941111397777,-1.289886388982574
2017-01-05,46.03573226928711,194.4841766357422,0.23670682656877232,-0.9900726095602328
2017-01-06,45.5329704284668,195.17999267578125,0.2332870792966103,-1.392361455087952
2017-01-09,45.44918441772461,194.5357208251953,0.2336289922741955,-1.3449214312832756
2017-01-10,45.641902923583984,194.5357208251953,0.23461965098223067,-1.220328532261068
2017-01-11,46.91555404663086,195.0854949951172,0.24048714666257023,-0.525956791272198
2017-01-12,47.52724075317383,194.5957794189453,0.24423572235270538,-0.08149773658674919
2017-01-13,47.502105712890625,195.04251098632812,0.24354744754193805,-0.1630126258070984
2017-01-17,47.82889938354492,194.3553466796875,0.24608995945128595,0.13478258487309147
2017-01-18,47.14179229736328,194.7847442626953,0.24201994091378007,-0.3464977147049285
2017-01-19,47.05800247192383,194.06320190429688,0.2424880245721736,-0.2920682931160572
2017-01-20,47.05800247192383,194.7761993408203,0.2416003733062966,-0.39698050374613636
2017-01-23,47.72834777832031,194.26937866210938,0.24568127054822012,0.08653169741324603
2017-01-24,47.71158981323242,195.5150146484375,0.2440303109151199,-0.10886918072287764
2017-01-25,48.23110580444336,197.20724487304688,0.24457065882895107,-0.04509098434333705
2017-01-26,48.05513381958008,197.00112915039062,0.24393329128024843,-0.12029863614272318
2017-01-27,47.929447174072266,196.6918182373047,0.24367788962246695,-0.1495009394782359
2017-01-30,47.86241149902344,195.47201538085938,0.24485556874096734,-0.010868140088782455
2017-01-31,48.49924087524414,195.45480346679688,0.2481353234354407,0.37531772321818074
2017-02-01,48.51599884033203,195.5321502685547,0.2481228727536493,0.36999506892091244
2017-02-02,48.96847915649414,195.6610107421875,0.25027203412036647,0.6212696574416218
2017-02-03,49.3623046875,197.0096893310547,0.250557751017777,0.6531704843001789
2017-02-06,49.27851104736328,196.657470703125,0.2505804171647989,0.6548567889618737
2017-02-07,48.792518615722656,196.6660614013672,0.2480983158357157,0.3622241768577204
2017-02-08,48.6081657409668,196.9237823486328,0.2468374574225431,0.21333185938298277
2017-02-09,48.658443450927734,198.09205627441406,0.2456355109137839,0.07264843394427259
2017-02-10,48.700340270996094,198.873779296875,0.24488064964208855,-0.015592967747384716
2017-02-13,48.66682434082031,199.95616149902344,0.24338747041339856,-0.19192537094421994
2017-02-14,48.71710205078125,200.7550506591797,0.24266937190779772,-0.276986925982011
2017-02-15,49.27013397216797,201.8030548095703,0.24414959435902148,-0.10247968264346877
2017-02-16,48.72547912597656,201.6312713623047,0.24165636013088135,-0.3991645856295963
2017-02-17,48.57465744018555,201.9491424560547,0.24052915922015206,-0.5338677493237068
2017-02-21,49.49637222290039,203.1517791748047,0.24364232705198496,-0.16563262701364223
2017-02-22,49.60530090332031,202.97137451171875,0.24439555096207077,-0.0784442339005458
2017-02-23,49.873435974121094,203.10877990722656,0.24555036959456725,0.05575660384790523
2017-02-24,49.49637222290039,203.36648559570312,0.24338509896512756,-0.20553829385853062
2017-02-27,49.161197662353516,203.68431091308594,0.24135976620865549,-0.4522567554799198
2017-02-28,49.06903076171875,203.13461303710938,0.2415591810183262,-0.4312308162635393
2017-03-01,49.39582061767578,205.9779510498047,0.23981120486887483,-0.6419786519318874
2017-03-02,48.73386001586914,204.6808319091797,0.2380968435651716,-0.8469713222534703
2017-03-03,48.3735466003418,204.8096466064453,0.23618783295542042,-1.0714977472083815
2017-03-06,48.340030670166016,204.1997528076172,0.2367291341224523,-1.0011146646774587
2017-03-07,48.658443450927734,203.58985900878906,0.23900229455351765,-0.7268508721849959
2017-03-08,48.45734786987305,203.21189880371094,0.2384572367815902,-0.7904898661760202
2017-03-09,48.13054656982422,203.46957397460938,0.23654910967587886,-1.0144710230501284
2017-03-10,48.90144729614258,204.1826629638672,0.2394985283583863,-0.660326596322155
2017-03-13,49.69747543334961,204.28567504882812,0.24327440199353664,-0.2098707219489564
2017-03-14,49.73099136352539,203.5039520263672,0.24437359013589055,-0.07917092434228559
2017-03-15,51.37333297729492,205.2649688720703,0.25027813201439614,0.6195015341669698
2017-03-16,51.247642517089844,204.86123657226562,0.2501578306104387,0.6033777550344318
2017-03-17,51.356571197509766,204.50143432617188,0.25113061610901966,0.7191669611512909
2017-03-20,52.160980224609375,204.27708435058594,0.25534425650548875,1.2144181824947469
2017-03-21,51.809051513671875,201.65426635742188,0.2569201854715188,1.3928883859260188
2017-03-22,52.24477767944336,202.12881469726562,0.25847268613182106,1.5665144265671151
2017-03-23,52.01853561401367,201.9131622314453,0.2576282548355457,1.4571330000258278
2017-03-24,52.3453254699707,201.76649475097656,0.2594351729932967,1.6552780740586852
2017-03-27,52.3201904296875,201.55947875976562,0.25957692861493653,1.658034311895294
2017-03-28,52.28667449951172,203.02615356445312,0.25753664531162324,1.4145335347049808
2017-03-29,52.378841400146484,203.21591186523438,0.25774970532269287,1.4337270128971327
2017-03-30,52.07719039916992,203.86300659179688,0.2554518903149809,1.1650217672514906
2017-03-31,51.84257125854492,203.38848876953125,0.25489432352924407,1.09433505665048
2017-04-03,52.010154724121094,203.03472900390625,0.2561638345286262,1.2315928656012016
2017-04-04,51.540916442871094,203.16416931152344,0.2536909762067366,0.9420020677253257
2017-04-05,51.1470832824707,202.56024169921875,0.25250307194251326,0.8016985785408418
2017-04-06,50.98788070678711,203.12965393066406,0.2510115077741984,0.6277298713617874
2017-04-07,50.56892395019531,202.9225616455078,0.24920306317902616,0.41991212391988075
2017-04-10,49.873435974121094,203.04335021972656,0.24562949695298944,0.01390861107674968
2017-04-11,49.52989196777344,202.8018035888672,0.24422806450076553,-0.1437203229625841
2017-04-12,50.024269104003906,201.9131622314453,0.24775140239081098,0.25968315063390196
2017-04-13,50.2086067199707,200.60174560546875,0.25028997912469775,0.5491062109506838
2017-04-17,50.71137619018555,202.37901306152344,0.25057625997399857,0.5808555723898755
2017-04-18,49.90695571899414,201.77511596679688,0.24733949714198944,0.21215450876307165
2017-04-19,49.714237213134766,201.4041290283203,0.24683822249813075,0.157456522030417
2017-04-20,50.68622970581055,203.04335021972656,0.2496325521173663,0.4774545839924949
2017-04-21,51.08005905151367,202.3963165283203,0.25237642624966594,0.7899236114982652
2017-04-24,51.431983947753906,204.62222290039062,0.2513509198499462,0.6706379316915377
2017-04-25,52.22801971435547,205.81283569335938,0.2537646378487784,0.9418602762120811
2017-04-26,52.11909103393555,205.68341064453125,0.25339472381664,0.8965670147825434
2017-04-27,52.05205154418945,205.8560028076172,0.2528566125556937,0.8325204170800035
2017-04-28,52.03529357910156,205.40731811523438,0.2533273597871987,0.8833325367936409
2017-05-01,52.32856750488281,205.92501831054688,0.25411466724246345,0.9683689838402725
2017-05-02,53.03242874145508,206.0026397705078,0.2574356755842282,1.3359428231881758
2017-05-03,52.655357360839844,205.75244140625,0.2559160756536246,1.156108079288486
2017-05-04,52.79780197143555,205.99398803710938,0.2563074897211279,1.1907309689942909
2017-05-05,53.13298034667969,206.8050537109375,0.2569230267503351,1.2496163913782339
2017-05-08,54.490421295166016,206.7705841064453,0.2635308186154487,1.966505596163771
2017-05-09,55.001548767089844,206.58071899414062,0.2662472520905975,2.237046257623376
2017-05-10,54.41501235961914,206.9517059326172,0.2629357999944997,1.8502994292303931
2017-05-11,55.294830322265625,206.5289764404297,0.26773400650738527,2.3406611189358406
2017-05-12,55.20266342163086,206.183837890625,0.2677351628836902,2.306051663592987
2017-05-15,55.730552673339844,207.32264709472656,0.26881073271207234,2.3852617339701494
2017-05-16,55.789207458496094,207.13290405273438,0.2693401500530916,2.404805911260861
2017-05-17,54.808837890625,203.45748901367188,0.269387173489308,2.373645006612188
2017-05-18,54.85911178588867,204.27708435058594,0.26855245149151413,2.257212472220818
2017-05-19,55.94840621948242,205.60580444335938,0.2721149160693816,2.585092514139962
2017-05-22,56.199790954589844,206.6497344970703,0.2719567537377436,2.529568762207918
2017-05-23,55.97355651855469,207.10699462890625,0.27026396003113246,2.324513982824793
2017-05-24,56.325477600097656,207.59011840820312,0.2713302445800421,2.4008899503347676
2017-05-25,56.91202926635742,208.58233642578125,0.27285162416716974,2.515367307106345
2017-05-26,57.347755432128906,208.53921508789062,0.27499746466370467,2.6834924496050117
2017-05-30,56.54334259033203,208.35800170898438,0.27137591129956534,2.2981786154588226
2017-05-31,56.744449615478516,208.30621337890625,0.2724088191851537,2.367882377982419
2017-06-01,56.76120376586914,209.96275329589844,0.2703393953206364,2.1419740219777466
2017-06-02,57.532100677490234,210.66163635253906,0.2731019357564048,2.3755870910930357
2017-06-05,57.39802932739258,210.50634765625,0.27266650134998155,2.299724880282778
2017-06-06,57.39802932739258,209.83334350585938,0.27354103198469887,2.3466678034228865
2017-06-07,56.82823944091797,210.2216339111328,0.27032536273094054,2.0182432419231016
2017-06-08,57.22207260131836,210.3251190185547,0.2720648530633675,2.151008395226265
2017-06-09,56.92878723144531,210.005859375,0.27108189933781607,2.0338578950382775
2017-06-12,56.3338737487793,209.96275329589844,0.26830412949190335,1.7596437275106873
2017-06-13,57.096370697021484,210.9894256591797,0.27061247509745684,1.9476534216687054
2017-06-14,57.42315673828125,210.72198486328125,0.27250671910450175,2.093567552375281
2017-06-15,56.476318359375,210.31651306152344,0.2685301193770463,1.7166651774862651
2017-06-16,56.36737823486328,210.36248779296875,0.2679535635190721,1.6486601510052796
2017-06-19,56.70254898071289,212.1137237548828,0.26732145368509,1.5769913131308166
2017-06-20,56.04057693481445,210.6832275390625,0.2659944865541043,1.4452931135216442
2017-06-21,56.00706481933594,210.63113403320312,0.26590116924740664,1.4241495526569306
2017-06-22,56.51819610595703,210.53582763671875,0.26844930262168787,1.6337950800163044
2017-06-23,57.01258850097656,210.7872772216797,0.27047452413846523,1.7928424631380555
2017-06-26,57.29747009277344,210.92596435546875,0.2716473065222606,1.8743549376712694
2017-06-27,56.76120376586914,209.2266845703125,0.2712904612642468,1.8233037518609219
2017-06-28,57.11314010620117,211.09938049316406,0.27055096027650655,1.7404524964254584
2017-06-29,56.426021575927734,209.24403381347656,0.26966609536034264,1.6472468429689424
2017-06-30,56.819854736328125,209.6342010498047,0.2710428663442609,1.7467497661432592
2017-07-03,56.811485290527344,209.9897003173828,0.2705441514734355,1.686565849773177
2017-07-05,56.4008903503418,210.4751739501953,0.2679693252739058,1.4542406902690004
2017-07-06,55.76407241821289,208.55047607421875,0.26738885217585223,1.392966677981461
2017-07-07,56.099239349365234,209.90293884277344,0.2672627627733504,1.3702921359801954
2017-07-10,56.467926025390625,210.1283416748047,0.2687306508742194,1.4805996979076124
2017-07-11,56.568485260009766,209.9723358154297,0.2694092297460305,1.5234084187137453
2017-07-12,57.565608978271484,211.55020141601562,0.27211323171972845,1.7319564315632212
2017-07-13,57.90916442871094,211.90567016601562,0.27327803160407416,1.8091170603603317
2017-07-14,59.01523208618164,212.8939971923828,0.27720477263082344,2.1069835986990175
2017-07-17,58.67168045043945,212.86798095703125,0.27562473316399194,1.9529142447527095
2017-07-18,59.04037094116211,212.98068237304688,0.2772099811275362,2.055759290197528
2017-07-19,59.249847412109375,214.1337890625,0.27669546068143364,1.9892872684061502
2017-07-20,59.45096206665039,214.22915649414062,0.27751106823910043,2.02935222133514
2017-07-21,59.87830352783203,214.03842163085938,0.27975492937945945,2.178706985388781
2017-07-24,60.037506103515625,213.9864044189453,0.2805669185691509,2.2116573924754865
2017-07-25,59.643672943115234,214.506591796875,0.2780505365522485,1.9894092571496704
2017-07-26,59.970458984375,214.51522827148438,0.2795627120163147,2.0801626369670503
2017-07-27,59.48447036743164,214.3158416748047,0.27755517232221816,1.9019786951621382
2017-07-28,58.353271484375,214.0643768310547,0.2725968344113087,1.5060571265356677
2017-07-31,58.403533935546875,213.9430694580078,0.272986332688894,1.521949414782205
2017-08-01,58.86439895629883,214.419921875,0.27452859063447893,1.6241913402514911
2017-08-02,58.75547790527344,214.52391052246094,0.27388778137680675,1.560814774655465
2017-08-03,57.54885482788086,214.10780334472656,0.26878448112992737,1.165978463536332
2017-08-04,57.96781921386719,214.4978790283203,0.2702489156371269,1.2661039412458932
2017-08-07,58.15216064453125,214.89671325683594,0.270605165445365,1.282643475350309
2017-08-08,57.65778732299805,214.36782836914062,0.26896660642431636,1.1516917659957244
2017-08-09,56.53496551513672,214.3591766357422,0.2637394227876041,0.7574407046619644
2017-08-10,55.14399719238281,211.33343505859375,0.2609336150576161,0.5463369012162148
2017-08-11,55.31996536254883,211.64556884765625,0.2613802200714557,0.5781632901118733
2017-08-14,56.39251708984375,213.74363708496094,0.26383249512792883,0.7576537150130942
2017-08-15,56.66065979003906,213.71763610839844,0.2651192518398461,0.8500816090908622
2017-08-16,56.7109260559082,214.09039306640625,0.2648924374589648,0.829997189051468
2017-08-17,55.94840621948242,210.75254821777344,0.2654696547804973,0.8680774261029501
2017-08-18,56.51819610595703,210.4231719970703,0.26859302409310665,1.0937996686838665
2017-08-21,56.50982666015625,210.58778381347656,0.2683433275987584,1.0690450496396589
2017-08-22,57.406410217285156,212.7899627685547,0.2697796901244087,1.1667869086677087
2017-08-23,57.289100646972656,212.0270233154297,0.27019716520636355,1.1891659979096332
2017-08-24,57.691307067871094,211.5328369140625,0.27272979415157567,1.364649080963473
2017-08-25,58.06837844848633,212.0270233154297,0.27387253539893736,1.436782459199019
2017-08-28,57.900787353515625,212.03570556640625,0.27307093019473555,1.367211653314287
2017-08-29,57.42315673828125,212.27845764160156,0.2705086393421565,1.1728807108157857
2017-08-30,57.506954193115234,213.28411865234375,0.2696260488426352,1.1016450980409829
2017-08-31,57.372894287109375,214.56727600097656,0.26738883652905326,0.9341934433822591
2017-09-01,57.532100677490234,214.87069702148438,0.2677521945755951,0.9546478201180503
2017-09-05,55.914894104003906,213.32749938964844,0.26210823388443627,0.5461073355152396
2017-09-06,56.099239349365234,214.0557098388672,0.2620777525233714,0.5440140075909259
2017-09-07,56.82823944091797,214.0297393798828,0.2655156222942137,0.7900496641551864
2017-09-08,56.434410095214844,213.77828979492188,0.2639856935395663,0.6785536791192869
2017-09-11,57.36450958251953,216.05845642089844,0.2655045793290732,0.7845154165685637
2017-09-12,57.23881912231445,216.78672790527344,0.26403285697141654,0.6755320072861535
2017-09-13,56.92041015625,216.8907470703125,0.2624381672575332,0.5573744355657893
2017-09-14,57.23881912231445,216.82139587402344,0.2639906402759767,0.6644727352017143
2017-09-15,57.59075164794922,217.11331176757812,0.2652566587423284,0.7504525343158697
2017-09-18,58.52084732055664,217.57504272460938,0.26896856637472,1.009008223689183
2017-09-19,58.71357345581055,217.79286193847656,0.2695844709198794,1.046080490827373
2017-09-20,58.403533935546875,217.8712615966797,0.2680644225747529,0.9325447931585078
2017-09-21,58.395164489746094,217.28749084472656,0.2687460942308696,0.976890338760808
2017-09-22,58.093502044677734,217.33108520507812,0.26730415480997344,0.8714102407534279
2017-09-25,57.71643829345703,216.88677978515625,0.2661132151559896,0.7840100770616116
2017-09-26,57.565608978271484,217.01742553710938,0.26525800329535254,0.7207102672720019
2017-09-27,57.10475540161133,217.8625946044922,0.262113629488712,0.49814606660805316
2017-09-28,57.02934265136719,218.12393188476562,0.26145385404796234,0.45175785192501927
2017-09-29,57.86726379394531,218.8906707763672,0.26436605812710146,0.6566929851192459
2017-10-02,58.001346588134766,219.84036254882812,0.2638339289276429,0.6178288918953682
2017-10-03,58.55437088012695,220.31085205078125,0.26578069275784144,0.7535125712347073
2017-10-04,58.62977600097656,220.5722198486328,0.265807616395261,0.7521372981810217
2017-10-05,59.073890686035156,221.87916564941406,0.26624352274416063,0.7801324889977312
2017-10-06,58.84764099121094,221.6265106201172,0.2655261810807452,0.7275410129673043
2017-10-09,58.805747985839844,221.26058959960938,0.26577597073321574,0.7427860438250857
2017-10-10,59.5515022277832,221.84426879882812,0.2684383173395633,0.9268764559512914
2017-10-11,60.14643478393555,222.19284057617188,0.27069474708531943,1.0784965152071109
2017-10-12,60.50672912597656,221.8617706298828,0.2727226459709271,1.2120902417272303
2017-10-13,61.034637451171875,222.13185119628906,0.27476760816816853,1.344217902087686
2017-10-16,60.63243103027344,222.42803955078125,0.27259346956762975,1.183784494427296
2017-10-17,60.624053955078125,222.58486938476562,0.27236376903176607,1.159683059263026
2017-10-18,60.76649475097656,222.802734375,0.27273675487617793,1.177879009144982
2017-10-19,60.35590362548828,222.86370849609375,0.2708197940022441,1.0396749684808728
2017-10-20,60.8167839050293,224.01373291015625,0.2714868553590895,1.078849312839634
2017-10-23,60.63243103027344,223.14248657226562,0.27172069273610683,1.087696384329361
2017-10-24,60.93407440185547,223.5345458984375,0.27259354547167286,1.139809494121479
2017-10-25,60.908939361572266,222.42803955078125,0.2738366056931707,1.216396060285429
2017-10-26,60.624053955078125,222.71554565429688,0.2722039621301509,1.0969881494991633
2017-10-27,61.60441970825195,224.53651428222656,0.27436259044628947,1.2342584655198456
2017-10-30,61.27763366699219,223.70010375976562,0.2739276050260532,1.195566363287333
2017-10-31,62.64344787597656,224.04861450195312,0.27959756865816493,1.5648783825207153
2017-11-01,63.87521743774414,224.3448486328125,0.28471889516076815,1.8881687644857144
2017-11-02,63.57355499267578,224.4319610595703,0.28326426723064474,1.7715560738045668
2017-11-03,63.50651550292969,225.18130493164062,0.2820239252197631,1.6721680894260311
2017-11-06,63.615440368652344,225.52984619140625,0.2820710493220582,1.6586274825190732
2017-11-07,62.82780075073242,225.3729705810547,0.27877256349219837,1.4292129425184714
2017-11-08,63.49814224243164,225.7563018798828,0.2812685259001843,1.5781886601249626
2017-11-09,62.601558685302734,224.93734741210938,0.2783066458528559,1.3731861754860744
2017-11-10,62.35018539428711,224.86769104003906,0.27727498381786325,1.2956606303906528
2017-11-13,62.19935607910156,225.0767364501953,0.2763473340696183,1.2257549541477781
2017-11-14,62.29990005493164,224.553955078125,0.27743844473038454,1.2873707586418024
2017-11-15,62.676971435546875,223.43006896972656,0.2805216492326251,1.4768204100534499
2017-11-16,64.24390411376953,225.32940673828125,0.2851110516098258,1.7610546458161533
2017-11-17,63.86682891845703,224.66726684570312,0.28427295980913614,1.69302143821669
2017-11-20,63.959007263183594,225.05056762695312,0.2841983823351333,1.6758798666374013
2017-11-21,64.60420227050781,226.52305603027344,0.28519923491529203,1.728734602113542
2017-11-22,64.86398315429688,226.32272338867188,0.286599516756891,1.8038137620953743
2017-11-24,64.8555908203125,226.8454132080078,0.2859021476481987,1.7445655104223194
2017-11-27,63.27190017700195,226.7321319580078,0.27906013863407897,1.289886007670341
2017-11-28,64.21876525878906,229.03233337402344,0.28039169977767286,1.3676600517775492
2017-11-29,63.78303146362305,228.89295959472656,0.27865877385025756,1.2454644703118953
2017-11-30,62.970237731933594,230.89691162109375,0.2727201385667252,0.8487083675610465
2017-12-01,62.90321350097656,230.4176788330078,0.2729964724042066,0.8602559499341619
2017-12-04,63.12944793701172,230.13888549804688,0.27431021837266817,0.9404063238919412
2017-12-05,63.34730529785156,229.3110809326172,0.2762505197752136,1.062076000077312
2017-12-06,62.29153060913086,229.35470581054688,0.2715947352769179,0.7453199293480748
2017-12-07,62.24124526977539,230.07791137695312,0.27052247170221005,0.6672868991347076
2017-12-08,62.40884017944336,231.33251953125,0.269779797089932,0.6112401276806784
2017-12-11,62.55127716064453,232.029541015625,0.26958324740396866,0.5918718828851123
2017-12-12,62.30828094482422,232.43899536132812,0.26806294205481973,0.4826043149013692
2017-12-13,63.31379699707031,232.41290283203125,0.2724194578939891,0.7734853000787704
2017-12-14,62.90321350097656,231.4631805419922,0.27176336795201267,0.7227439656356506
2017-12-15,62.91996383666992,233.39071655273438,0.26959068795032054,0.566836667272782
2017-12-18,63.25514221191406,234.8706817626953,0.26931902158748244,0.5418826157489924
2017-12-19,62.85480499267578,233.96864318847656,0.26864627727931156,0.4885334822086091
2017-12-20,63.070499420166016,233.8460235595703,0.26970952278818344,0.5577518678672921
2017-12-21,62.07826614379883,234.32774353027344,0.26492068420305837,0.2086818820969287
2017-12-22,62.61322021484375,234.2664794921875,0.2672734927786876,0.3712820522542265
2017-12-26,62.38026809692383,233.98614501953125,0.26659812738791366,0.31487837743702135
2017-12-27,63.31208419799805,234.10003662109375,0.2704488436303528,0.5932945633417166
2017-12-28,64.52864074707031,234.5817108154297,0.2750795896353652,0.9344300009592795
2017-12-29,64.6494140625,233.69712829589844,0.27663760583588926,1.0469938795806641
2018-01-02,65.46045684814453,235.3697967529297,0.2781174889523277,1.1549510817790338
2018-01-03,66.03852081298828,236.85858154296875,0.27880991426526874,1.202797331264353
2018-01-04,65.5639877319336,237.8568572998047,0.27564472378988014,0.9540712082342547
2018-01-05,66.42677307128906,239.44198608398438,0.2774232462638772,1.0865193866073695
2018-01-08,66.49580383300781,239.87982177734375,0.2772046574835676,1.0653816753138987
2018-01-09,66.22833251953125,240.4228057861328,0.27546609941173555,0.9240106963910407
2018-01-10,65.90911102294922,240.05496215820312,0.27455841958190064,0.8471165401593961
2018-01-11,66.53031158447266,241.80641174316406,0.27513874055224874,0.8877266928288339
2018-01-12,67.21194458007812,243.38278198242188,0.27615735194009106,0.9631067274356627
2018-01-16,66.87544250488281,242.55075073242188,0.275717318140395,0.9207112909527201
2018-01-17,67.18605041503906,244.86273193359375,0.2743825076380336,0.8053563367594896
2018-01-18,66.68563079833984,244.4511260986328,0.27279739661102265,0.6697540043621193
2018-01-19,67.0221176147461,245.56333923339844,0.272932099001326,0.6747828464336184
2018-01-22,66.29735565185547,247.55996704101562,0.26780321731449963,0.24376842576641014
2018-01-23,66.53895568847656,248.08544921875,0.26820982809759897,0.27154772348916206
2018-01-24,67.21194458007812,247.9890594482422,0.2710278619936697,0.5013613121175514
2018-01-25,67.565673828125,248.09413146972656,0.27233886359125603,0.6056524121472636
2018-01-26,68.19551849365234,250.96653747558594,0.27173151918823607,0.5481358717686321
2018-01-29,67.84178161621094,249.3026123046875,0.27212623642024847,0.5756677960076406
2018-01-30,67.0048599243164,246.74554443359375,0.27155448775428376,0.5205629610845967
2018-01-31,67.50527954101562,246.86813354492188,0.27344671250869196,0.6773765281983599
2018-02-01,66.56483459472656,246.58795166015625,0.2699435805625459,0.3685472884478355
2018-02-02,63.88153839111328,241.2197265625,0.2648271735544049,-0.08111618058017657
2018-02-05,61.99200439453125,231.13133239746094,0.26821116700840797,0.20844749660132822
2018-02-06,64.41646575927734,235.68505859375,0.2733158654334211,0.6487891150724902
2018-02-07,61.42255783081055,234.40647888183594,0.2620343862670007,-0.3470688493417339
2018-02-08,59.47264099121094,225.61419677734375,0.2636032742651556,-0.21590596430289444
2018-02-09,60.88762283325195,229.00331115722656,0.26588097143909156,-0.021342723447200843
2018-02-12,61.69001007080078,232.36611938476562,0.2654862517570851,-0.06430471169747563
2018-02-13,61.91436004638672,232.94403076171875,0.2657907130907323,-0.0453212204660266
2018-02-14,63.74348068237305,236.0879364013672,0.26999888962561963,0.32908554046329846
2018-02-15,65.1671142578125,239.10040283203125,0.272551252469418,0.5564134323719411
2018-02-16,65.3482894897461,239.17047119140625,0.2732289197918934,0.6133162857426242
2018-02-20,62.93245315551758,237.6729736328125,0.26478590389811696,-0.18339302692093665
2018-02-21,62.768524169921875,236.49075317382812,0.2654163992779246,-0.1334255826905331
2018-02-22,62.75127029418945,236.7971954345703,0.26500005702782203,-0.18242750170706745
2018-02-23,64.0886001586914,240.5716552734375,0.2664012935599055,-0.056423861730105065
2018-02-26,64.8133544921875,243.36514282226562,0.26632143675366843,-0.07372619158132303
2018-02-27,63.03600311279297,240.32640075683594,0.2622932932639942,-0.48156257874038566
2018-02-28,62.199073791503906,237.89190673828125,0.26145939407654056,-0.5790160618373532
2018-03-01,61.879844665527344,234.4328155517578,0.2639555580983311,-0.3436348570985387
2018-03-02,62.38026809692383,235.6412353515625,0.2647256029016154,-0.28101986133496915
2018-03-05,62.07826614379883,238.36485290527344,0.26043380719584874,-0.7505250536322068
2018-03-06,64.26979064941406,238.96905517578125,0.2689460800777673,0.13855273038776836
2018-03-07,64.09723663330078,238.88156127929688,0.26832224425375056,0.05977185703195396
2018-03-08,63.89017105102539,240.03749084472656,0.26616746753262027,-0.19370265338058448
2018-03-09,65.74517059326172,244.2146453857422,0.269210597461982,0.13749083590351246
2018-03-12,65.74517059326172,243.90823364257812,0.2695487955097258,0.16639032927872538
2018-03-13,65.39141845703125,242.33189392089844,0.26984239424289813,0.19190492045058727
2018-03-14,65.92636108398438,241.08839416503906,0.2734530681674122,0.6212961822727437
2018-03-15,65.70203399658203,240.8255615234375,0.2728200178625466,0.5381251973724287
2018-03-16,65.81419372558594,241.08673095703125,0.27298969737706535,0.5531615397344598
2018-03-19,64.58039855957031,237.82476806640625,0.27154614334171434,0.36702551917124354
2018-03-20,65.44319915771484,238.22926330566406,0.27470680238702183,0.7572010015554683
2018-03-21,65.99539184570312,237.77203369140625,0.2775574184277517,1.108216638393464
2018-03-22,64.0886001586914,231.82843017578125,0.27644840673810783,0.9606932634377942
2018-03-23,61.97474670410156,226.8870849609375,0.2731523776012706,0.5380218624393721
2018-03-26,64.218017578125,233.09442138671875,0.27550216429926117,0.8293265546680477
2018-03-27,62.95833969116211,229.12911987304688,0.2747723193195405,0.7302314170705653
2018-03-28,63.70896530151367,228.45211791992188,0.2788722900955781,1.242867715501801
2018-03-29,65.09806823730469,231.3712158203125,0.2813576788560473,1.5467811731483707
2018-04-02,64.0023193359375,226.3771514892578,0.2827242895976389,1.7076124348620305
2018-04-03,65.19297790527344,229.27859497070312,0.2843395734940006,1.8976854052315748
2018-04-04,64.35607147216797,231.73162841796875,0.27771811690759135,1.047200527416468
2018-04-05,64.47686004638672,233.5605010986328,0.27606063415302434,0.8296966265962024
2018-04-06,63.13089370727539,228.3553924560547,0.276458957365872,0.8759268378364512
2018-04-09,63.74348068237305,229.48085021972656,0.2777725488699342,1.042701647958922
2018-04-10,64.45097351074219,233.12962341308594,0.2764598190790217,0.8679850934807447
2018-04-11,64.0023193359375,231.9075469970703,0.2759820461416292,0.8044489413355923
2018-04-12,64.09723663330078,233.8154296875,0.27413604277086545,0.5516415068972105
2018-04-13,64.140380859375,233.12962341308594,0.27512754458374294,0.6869911722518367
2018-04-16,64.38195037841797,235.04638671875,0.2739116787847312,0.5096940600146548
2018-04-17,64.66667938232422,237.5611114501953,0.27221071238287076,0.2571002400747017
2018-04-18,65.42594146728516,237.73683166503906,0.2752032194972106,0.6933510257093709
2018-04-19,65.04631805419922,236.4180145263672,0.27513266357688976,0.6827858504265342
2018-04-20,64.29566955566406,234.413330078125,0.2742833333506916,0.5489574158900202
2018-04-23,63.950565338134766,234.37820434570312,0.27285201504406514,0.31778054591915444
2018-04-24,63.20854949951172,231.22174072265625,0.27336767425918024,0.3933527266233161
2018-04-25,63.243064880371094,231.79322814941406,0.27284259072316197,0.3006583203339874
2018-04-26,64.88237762451172,234.14959716796875,0.2770979681761653,1.0003802305855467
2018-04-27,65.65026092529297,234.369384765625,0.2801144910242641,1.507750002787979
2018-04-30,65.22748565673828,232.56695556640625,0.28046755609746754,1.5708159182595633
2018-05-01,64.88237762451172,232.98025512695312,0.278488739696661,1.2322468095302976
2018-05-02,64.12310028076172,231.4151611328125,0.27709118091861124,0.9848410630955728
2018-05-03,64.25253295898438,230.90521240234375,0.27826367491014764,1.1904881648490129
2018-05-04,64.12310028076172,233.89459228515625,0.2741538385059584,0.451436438538254
2018-05-07,63.389739990234375,234.6859130859375,0.2701045800180698,-0.2950758461052236
2018-05-08,63.28620529174805,234.6859130859375,0.269663417201244,-0.382152309785654
2018-05-09,63.32071304321289,236.954345703125,0.26722748154425513,-0.8325292941130296
2018-05-10,64.7098159790039,239.17002868652344,0.2705598871830972,-0.22448100945917945
2018-05-11,64.6839370727539,239.89974975585938,0.26962903103726166,-0.3988255186850316
2018-05-14,64.2784194946289,240.0140838623047,0.267811032003877,-0.7363354902915249
2018-05-15,62.923824310302734,238.3611602783203,0.26398522408948794,-1.437781449229567
2018-05-16,63.545047760009766,239.3634033203125,0.2654752016329528,-1.1567261707807763
2018-05-17,63.07912826538086,239.16128540039062,0.2637514184613001,-1.4649188658681624
2018-05-18,62.97559356689453,238.5634002685547,0.26397843716178543,-1.415117530787639
2018-05-21,63.34658432006836,240.35696411132812,0.2635521069850408,-1.480477759270174
2018-05-22,63.5968017578125,239.6887969970703,0.26533072281467474,-1.1482456723266985
2018-05-23,64.22666931152344,240.34820556640625,0.26722341928938653,-0.8008220975978502
2018-05-24,63.39836120605469,239.85586547851562,0.26431857765735317,-1.3189692908337753
2018-05-25,63.950565338134766,239.2842559814453,0.2672577227274562,-0.7818893723969175
2018-05-29,62.69949722290039,236.53233337402344,0.26507791272559356,-1.1667240000254948
2018-05-30,62.570068359375,239.6887969970703,0.26104711251957174,-1.8736299969696617
2018-05-31,62.242210388183594,238.22047424316406,0.26127985256485436,-1.8120766765262333
2018-06-01,63.39836120605469,240.55921936035156,0.26354575548852927,-1.3984054703872613
2018-06-04,63.657203674316406,241.7021942138672,0.26337040042751997,-1.4171838545104756
2018-06-05,63.2171630859375,241.8780975341797,0.26135960109825285,-1.7538519742697078
2018-06-06,64.2784194946289,243.90032958984375,0.26354379923439647,-1.3586423614024417
2018-06-07,63.85564422607422,243.87387084960938,0.26183881038019163,-1.642336522637559
2018-06-08,63.389739990234375,244.59486389160156,0.259162187552422,-2.081216790698179
2018-06-11,63.674468994140625,244.92019653320312,0.2599804748462565,-1.9181204833060794
2018-06-12,63.070499420166016,245.23675537109375,0.25718208237067625,-2.3642305558276804
2018-06-13,62.69949722290039,244.45428466796875,0.25648761815757204,-2.442773937871356
2018-06-14,61.88846206665039,245.0697021484375,0.25253412202363906,-3.0343423970071917
2018-06-15,60.56838607788086,244.75711059570312,0.24746323377680934,-3.7454998791851453
2018-06-18,59.852272033691406,244.25369262695312,0.24504142144169483,-3.9865341528045595
2018-06-19,58.558074951171875,243.3173828125,0.24066539872449902,-4.460686606753524
2018-06-20,58.989471435546875,243.73252868652344,0.24202543564226578,-4.1033051684184905
2018-06-21,57.876461029052734,242.20465087890625,0.23895685247592094,-4.356955780869226
2018-06-22,58.7392578125,242.646240234375,0.24207775795645145,-3.797747895109826
2018-06-25,58.514930725097656,239.3430938720703,0.24448138351706142,-3.381642850296269
2018-06-26,58.29924011230469,239.87301635742188,0.24304209367774876,-3.4688381269962587
2018-06-27,57.626243591308594,237.8858642578125,0.2422432445538473,-3.4696303527772328
2018-06-28,57.70389938354492,239.24594116210938,0.24119071405456213,-3.497489574520206
2018-06-29,58.420021057128906,239.5904083251953,0.2438328874077279,-3.1023547125532245
2018-07-02,57.143089294433594,240.10269165039062,0.2379943719149915,-3.6789870318397084
2018-07-03,56.72031021118164,239.2548065185547,0.23707072403907115,-3.667875414641137
2018-07-05,56.590885162353516,241.2065887451172,0.23461583473639297,-3.8140034080619527
2018-07-06,57.08269119262695,243.2467803955078,0.23466987353260416,-3.6895259650230416
2018-07-09,57.91097640991211,245.4370574951172,0.23595041841252604,-3.45480187352423
2018-07-10,57.82468795776367,246.3203125,0.23475403782529575,-3.4777820276676317
2018-07-11,56.65129089355469,244.5185546875,0.23168503905953583,-3.670521866392605
2018-07-12,56.86698532104492,246.73544311523438,0.23047756983371856,-3.670876910016403
2018-07-13,57.11719512939453,246.9296875,0.23130955094006075,-3.4883460817502367
2018-07-16,57.091312408447266,246.7088623046875,0.23141168045248015,-3.385884024539567
2018-07-17,57.384666442871094,247.706787109375,0.23166368234202997,-3.2770443038032697
2018-07-18,57.108577728271484,248.22796630859375,0.2300650429423204,-3.33142860379427
2018-07-19,56.30617141723633,247.2918243408203,0.227691196695749,-3.4420494185414916
2018-07-20,57.229366302490234,247.0091094970703,0.23168929445158382,-3.030801461670539
2018-07-23,56.0645866394043,247.4683837890625,0.22655252271414486,-3.3733294367099944
2018-07-24,56.91012954711914,248.71371459960938,0.22881781826440753,-3.1147785559880203
2018-07-25,57.56585693359375,250.8333282470703,0.22949843761149435,-2.993544641765468
2018-07-26,57.17759323120117,250.24163818359375,0.22848952574891604,-3.0079246724938447
2018-07-27,57.44506072998047,248.54588317871094,0.2311245714284311,-2.748366306430581
2018-07-30,57.42781066894531,247.2476348876953,0.23226839235501745,-2.61228436727176
2018-07-31,58.031761169433594,248.4665069580078,0.23355969333621807,-2.4722909946189855
2018-08-01,57.652137756347656,248.0513916015625,0.23242013432826272,-2.5150831789966643
2018-08-02,56.392452239990234,249.402587890625,0.22611013268523514,-2.9216215884650274
2018-08-03,56.91012954711914,250.4712677001953,0.22721220709130768,-2.784839559866694
2018-08-06,56.659912109375,251.38973999023438,0.22538673261516576,-2.85641631813793
2018-08-07,57.634883880615234,252.219970703125,0.22851039003748935,-2.5882824868295646
2018-08-08,57.531341552734375,252.11387634277344,0.22819585493388272,-2.5648532711030274
2018-08-09,57.28976058959961,251.76951599121094,0.22754843994536475,-2.565268325537473
2018-08-10,55.831634521484375,250.0825653076172,0.22325280633941025,-2.8031921813270384
2018-08-13,54.97746276855469,249.14651489257812,0.2206631820327037,-2.9155640579659177
2018-08-14,55.857513427734375,250.7362060546875,0.22277402337160443,-2.724294420199607
2018-08-15,54.61508560180664,248.86387634277344,0.21945766659433683,-2.8789990102129903
2018-08-16,55.15864562988281,250.87753295898438,0.21986283498291823,-2.796899102383439
2018-08-17,55.76259994506836,251.7607879638672,0.22149040919379165,-2.6458022682959985
2018-08-20,55.77986526489258,252.29942321777344,0.22108598011635533,-2.6227376701414533
2018-08-21,56.83247375488281,252.8912353515625,0.2247308953822613,-2.3628580301762883
2018-08-22,56.96188735961914,252.7410888671875,0.22537644201395346,-2.289401544929196
2018-08-23,56.29753494262695,252.405517578125,0.22304399477004952,-2.390692020280686
2018-08-24,57.608985900878906,253.924560546875,0.22687441410475206,-2.1348919832366704
2018-08-27,58.20433044433594,255.9293212890625,0.2274234548475059,-2.0753849564318143
2018-08-28,58.143924713134766,256.0529479980469,0.2270777398492529,-2.0683622283914724
2018-08-29,58.178436279296875,257.43072509765625,0.2259964744193876,-2.102562713275905
2018-08-30,57.600364685058594,256.3885498046875,0.22466044107249558,-2.1493592473125163
2018-08-31,58.083534240722656,256.3974609375,0.22653708827046937,-2.017394168031673
2018-09-04,57.600364685058594,255.95579528808594,0.2250402833044966,-2.0743764161267633
2018-09-05,56.823848724365234,255.26693725585938,0.22260559606828167,-2.1804362853503942
2018-09-06,56.59951400756836,254.49853515625,0.2223962270463323,-2.162782929517302
2018-09-07,55.99555587768555,254.00408935546875,0.22045139517152404,-2.2369044613017013
2018-09-10,56.08183288574219,254.445556640625,0.22040798678575987,-2.2081001901995663
2018-09-11,56.426963806152344,255.28456115722656,0.22103555166189498,-2.1451283357895456
2018-09-12,56.6081428527832,255.34649658203125,0.22169148044135226,-2.0830833855427273
2018-09-13,57.151710510253906,256.85675048828125,0.22250421840815657,-2.015333391935171
2018-09-14,57.479576110839844,256.9008483886719,0.22374225881838086,-1.9278550965108434
2018-09-17,56.625404357910156,255.5408172607422,0.22159044869975578,-2.014194798660791
2018-09-18,57.42781066894531,256.92730712890625,0.22351773858016766,-1.8926789442359582
2018-09-19,57.462318420410156,257.201171875,0.22341390593794377,-1.8760816124851993
2018-09-20,58.368263244628906,259.2853698730469,0.2251120580895389,-1.770523208478583
2018-09-21,58.56669998168945,259.0484924316406,0.22608392518302112,-1.7035800421510683
2018-09-24,58.212955474853516,258.1879577636719,0.22546735323782138,-1.7164593640130288
2018-09-25,58.540809631347656,257.948486328125,0.22694767650964406,-1.6264428954930055
2018-09-26,58.6012077331543,257.1766052246094,0.22786368022073383,-1.5660773820275231
2018-09-27,59.11888885498047,257.8952331542969,0.22923606664575324,-1.4852399670770133
2018-09-28,58.90318298339844,257.921875,0.228376065362422,-1.5141449087827255
2018-10-01,58.62709045410156,258.81793212890625,0.2265186572347,-1.5898808419280646
2018-10-02,57.712528228759766,258.6671142578125,0.2231150581099301,-1.73751850209434
2018-10-03,57.074058532714844,258.80902099609375,0.22052576959276962,-1.8420614546534182
2018-10-04,55.512386322021484,256.7862854003906,0.21618127399391493,-2.0253598327970246
2018-10-05,55.53828430175781,255.3489990234375,0.2174995183617703,-1.9389497170879675
2018-10-08,55.400230407714844,255.3489990234375,0.21695887048544832,-1.9410943200320308
2018-10-09,55.141387939453125,254.97640991210938,0.21626074333096312,-1.9501928963703554
2018-10-10,53.51070022583008,246.90304565429688,0.21672758261861816,-1.9057183792872434
2018-10-11,52.38043975830078,241.46461486816406,0.21692801567177739,-1.8745576510723678
2018-10-12,53.57973098754883,244.81814575195312,0.21885522751175146,-1.7664676007198588
2018-10-15,52.99302291870117,243.4429931640625,0.21768144660868433,-1.8004200055960988
2018-10-16,54.04563522338867,248.76611328125,0.2172548122030019,-1.7998852406008639
2018-10-17,53.70914840698242,248.8104705810547,0.21586369850735707,-1.842006979389619
2018-10-18,52.28553009033203,245.2173614501953,0.21322115930584892,-1.9378463472841747
2018-10-19,53.02753829956055,245.08436584472656,0.21636442666096536,-1.7774758469933014
2018-10-22,53.096561431884766,243.98422241210938,0.21762293031473287,-1.703483563415414
2018-10-23,52.138858795166016,242.7421417236328,0.2147911294880443,-1.8088287960626577
2018-10-24,50.39600372314453,235.3874053955078,0.2140981317095834,-1.8189950044294076
2018-10-25,51.19841003417969,239.61036682128906,0.21367360149473624,-1.8173603182756086
2018-10-26,49.7747917175293,235.39627075195312,0.211451063173295,-1.8921364641005098
2018-10-29,49.05004119873047,234.09207153320312,0.20953311608323016,-1.9518150366550695
2018-10-30,50.059513092041016,237.5609588623047,0.21072281123876319,-1.8789189646872442
2018-10-31,50.27521514892578,240.0983428955078,0.20939426129569685,-1.9141263983830206
2018-11-01,51.3450813293457,242.6533966064453,0.2115984447257553,-1.8021254025055928
2018-11-02,52.440834045410156,241.216064453125,0.21740191377511206,-1.5419381545167283
2018-11-05,52.207881927490234,242.54701232910156,0.21524850554189312,-1.618144685678851
2018-11-06,52.673789978027344,244.081787109375,0.2158038524784473,-1.5802239771773536
2018-11-07,53.450313568115234,249.307373046875,0.21439523795417578,-1.6240621391473649
2018-11-08,52.37180709838867,248.85476684570312,0.21045129157948037,-1.772046591756967
2018-11-09,51.24154281616211,246.42393493652344,0.20794060783649715,-1.8570094181266863
2018-11-12,50.49091720581055,241.81947326660156,0.20879591094859937,-1.8020492351249886
2018-11-13,51.207035064697266,241.3670196533203,0.21215423357444124,-1.6462326310600832
2018-11-14,51.00859451293945,239.71688842773438,0.21278682051772346,-1.6046891894749928
2018-11-15,52.30278778076172,242.21865844726562,0.21593211735234163,-1.4620945795556208
2018-11-16,52.49260711669922,242.84861755371094,0.21615361720183318,-1.441260089992689
2018-11-19,51.72471618652344,238.7410430908203,0.2166561539519062,-1.4091478472444539
2018-11-20,50.81877517700195,234.3227996826172,0.2168750767993314,-1.389002866024473
2018-11-21,51.491756439208984,235.1212615966797,0.21900085126089736,-1.291518039730954
2018-11-23,50.568565368652344,233.55091857910156,0.21652051585284274,-1.3832645062885167
2018-11-26,51.96629333496094,237.3214111328125,0.2189701008725208,-1.27266397056902
2018-11-27,52.25102233886719,238.11990356445312,0.21943156181702442,-1.2436138673517287
2018-11-28,53.372657775878906,243.60267639160156,0.21909717317752334,-1.2475534085676785
2018-11-29,52.83772277832031,243.0704803466797,0.2173761400518912,-1.3079917443464384
2018-11-30,52.30278778076172,244.5519561767578,0.2138718847252164,-1.4398349466407117
2018-12-03,53.752288818359375,247.79025268554688,0.2169265668677154,-1.3029419640332012
2018-12-04,52.423580169677734,239.76126098632812,0.21864908431836733,-1.222054612751347
2018-12-06,52.01806640625,239.39752197265625,0.21728740539006688,-1.2676775358241426
2018-12-07,50.88779830932617,233.83482360839844,0.21762283959273584,-1.2435485104746653
2018-12-10,50.9395637512207,234.27845764160156,0.2174317018474993,-1.2410502050612504
2018-12-11,50.86191940307617,234.33160400390625,0.21705104447724566,-1.2462344893459338
2018-12-12,51.74197006225586,235.51153564453125,0.21970036380872857,-1.128667460850596
2018-12-13,51.62118148803711,235.43179321289062,0.2192617266494604,-1.1373750561850968
2018-12-14,50.66347122192383,231.0845489501953,0.21924214081852403,-1.1290882979549406
2018-12-17,50.378746032714844,226.5510711669922,0.22237257927410267,-0.9933718294860419
2018-12-18,51.08720016479492,226.3026580810547,0.22574723866697602,-0.8487441425237334
2018-12-19,50.50120162963867,222.91360473632812,0.22655055840747668,-0.8093467814408554
2018-12-20,50.947261810302734,219.28500366210938,0.23233354292118424,-0.5677486544421513
2018-12-21,50.676124572753906,214.79197692871094,0.23593118000665927,-0.4157459257862624
2018-12-24,50.28254318237305,209.11651611328125,0.24045228046518483,-0.22682170760433934
2018-12-26,51.21839141845703,219.68212890625,0.23314773793144836,-0.5213165779866427
2018-12-27,51.323360443115234,221.3686981201172,0.23184560815940922,-0.569562173777892
2018-12-28,51.751914978027344,221.08314514160156,0.23408349354212757,-0.4724677011646908
2018-12-31,51.48078918457031,223.0195770263672,0.230835291999876,-0.6002380213576417
2019-01-02,50.789825439453125,223.2515411376953,0.2275004471665769,-0.7313744075242605
2019-01-03,49.696537017822266,217.92417907714844,0.2280450807628324,-0.7025652445507969
2019-01-04,51.2708740234375,225.22369384765625,0.22764422848920005,-0.7128464142153824
2019-01-07,51.463287353515625,226.99954223632812,0.22671097415666788,-0.7451959347768279
2019-01-08,50.88603591918945,229.13221740722656,0.2220815409329887,-0.9307755799695651
2019-01-09,52.18049240112305,230.203125,0.226671520645617,-0.7327818033587491
2019-01-10,52.39039993286133,231.01519775390625,0.22678334777208595,-0.7217446011799388
2019-01-11,52.346675872802734,231.10440063476562,0.2265066166157984,-0.7269837070704551
2019-01-14,51.751914978027344,229.69442749023438,0.22530766437608774,-0.770851896612024
2019-01-15,52.486610412597656,232.32693481445312,0.22591702703139374,-0.7387501310926415
2019-01-16,53.3699836730957,232.88912963867188,0.22916476932993557,-0.5955005471028652
2019-01-17,53.46619415283203,234.65599060058594,0.22784926144859532,-0.6451551939381365
2019-01-18,53.7460823059082,237.7792510986328,0.22603352503458715,-0.7160020278998397
2019-01-22,52.59156799316406,234.5666961669922,0.22420731012779066,-0.7871683091744187
2019-01-23,53.3175048828125,235.05755615234375,0.22682744496950677,-0.6693418234334146
2019-01-24,53.955989837646484,235.18252563476562,0.22942176376419735,-0.5528769748764237
2019-01-25,55.504085540771484,237.17247009277344,0.2340241492575435,-0.3504909735038431
2019-01-28,55.03178787231445,235.369873046875,0.23380982094235406,-0.3542298436377255
2019-01-29,55.32915496826172,235.05755615234375,0.23538556204677888,-0.28102279500442007
2019-01-30,56.990966796875,238.7787628173828,0.23867686608486827,-0.13353008269789648
2019-01-31,56.60612869262695,240.87571716308594,0.23500139142004725,-0.2875029748602404
2019-02-01,56.01137161254883,240.9917755126953,0.23242026203337457,-0.39407399444908225
2019-02-04,56.195045471191406,242.68728637695312,0.2315533141851801,-0.426430702244474
2019-02-05,57.0609245300293,243.70460510253906,0.23413970575574816,-0.3085003201769903
2019-02-06,56.536155700683594,243.3832550048828,0.23229270928909776,-0.38421152900882566
2019-02-07,55.504085540771484,241.06312561035156,0.230247099801099,-0.4683129036826404
2019-02-08,54.8131217956543,241.35760498046875,0.227103354792114,-0.6015175264990861
2019-02-11,54.88309860229492,241.4915008544922,0.22726720571157524,-0.5887084705602627
2019-02-12,55.55656433105469,244.59695434570312,0.22713514352485908,-0.588817940414018
2019-02-13,55.24169921875,245.39108276367188,0.22511697897332103,-0.6721904151820806
2019-02-14,55.58280563354492,244.84671020507812,0.22701062876029662,-0.5824312892560953
2019-02-15,55.460357666015625,247.51492309570312,0.2240687428958437,-0.7069196513519924
2019-02-19,55.670265197753906,247.9432830810547,0.22452822478580653,-0.6801997937371093
2019-02-20,56.12507247924805,248.4430694580078,0.22590717705141855,-0.6124291767947041
2019-02-21,55.86268615722656,247.55960083007812,0.22565348291852363,-0.6179633970531327
2019-02-22,56.39621353149414,249.0944366455078,0.2264049502307951,-0.5784073259251749
2019-02-25,56.57988357543945,249.43365478515625,0.22683339834062566,-0.5534295085166517
2019-02-26,56.41370391845703,249.25509643554688,0.2263291893533846,-0.5703856562997537
2019-02-27,56.28250503540039,249.1479949951172,0.22589989149422382,-0.5839587349803331
2019-02-28,55.07551956176758,248.68397521972656,0.2214679072630442,-0.7785464918497658
2019-03-01,55.145484924316406,250.23663330078125,0.22037334900534822,-0.8215240483744418
2019-03-04,54.70817184448242,249.32640075683594,0.21942390247649077,-0.8577027624218476
2019-03-05,54.57697296142578,248.98739624023438,0.2191957255088022,-0.8610902197684204
2019-03-06,54.34082794189453,247.4792938232422,0.2195772708997082,-0.8368746875905966
2019-03-07,53.431209564208984,245.40895080566406,0.21772314900820555,-0.9143170164418736
2019-03-08,53.081356048583984,244.9181671142578,0.21673098681904138,-0.952328632755045
2019-03-11,53.606136322021484,248.46971130371094,0.21574515477460882,-0.9898073102535897
2019-03-12,53.912254333496094,249.40675354003906,0.21616196661988615,-0.9633724351409751
2019-03-13,53.562408447265625,251.0576171875,0.21334707565261024,-1.084882829356686
2019-03-14,53.22129821777344,250.89703369140625,0.21212406314549576,-1.1330352977077742
2019-03-15,54.235870361328125,252.13665771484375,0.21510505791929183,-0.9884506575125237
2019-03-18,54.39330291748047,253.05076599121094,0.21495016110470766,-0.9887055848867405
2019-03-19,54.27085494995117,253.1136016845703,0.2144130326808095,-1.0067748791927997
2019-03-20,54.51575469970703,252.35174560546875,0.2160308206662376,-0.9244425226473905
2019-03-21,54.996803283691406,255.20199584960938,0.21550302967105728,-0.9428293081513072
2019-03-22,53.54491424560547,250.29026794433594,0.2139312674255227,-1.0109346977610083
2019-03-25,53.57115173339844,250.1020050048828,0.21419721018371105,-0.9922683416903428
2019-03-26,53.37873840332031,251.96629333496094,0.21184872665630425,-1.0973091882434993
2019-03-27,52.79273223876953,250.6487579345703,0.21062435207658448,-1.149371889918538
2019-03-28,53.07261657714844,251.59884643554688,0.2109414145932671,-1.1275665099502798
2019-03-29,53.30876159667969,253.18527221679688,0.21055237980443267,-1.140997199097808
2019-04-01,54.35832595825195,256.187744140625,0.21218160197551805,-1.057253383265418
2019-04-02,54.22712707519531,256.3132629394531,0.21156582555778614,-1.0837435637985062
2019-04-03,55.24169921875,256.71661376953125,0.21518552464369733,-0.9007756196393863
2019-04-04,55.34665298461914,257.3978271484375,0.21502377699832542,-0.9040207509528946
2019-04-05,55.47784423828125,258.6437072753906,0.2144952406640664,-0.9256808094492902
2019-04-08,55.12799072265625,258.8409729003906,0.21298015574941867,-0.9980931495217611
2019-04-09,55.1192512512207,257.5143737792969,0.2140433966550572,-0.9390848155708557
2019-04-10,55.530330657958984,258.3927001953125,0.21490673156008283,-0.8896930814505544
2019-04-11,55.16297912597656,258.32110595703125,0.21354422017360164,-0.9565286289513749
2019-04-12,55.93265914916992,260.0687561035156,0.2150687379260081,-0.871150172722056
2019-04-15,55.88017654418945,259.89849853515625,0.21500769284602309,-0.8698673141098459
2019-04-16,56.116336822509766,260.0687561035156,0.2157750037462158,-0.8238402089565702
2019-04-17,56.23877716064453,259.4324645996094,0.21677617428273552,-0.7643853248326992
2019-04-18,55.35540008544922,259.94329833984375,0.21295182618279648,-0.9700332600449086
2019-04-22,55.084266662597656,260.1673889160156,0.211726253978662,-1.0344074282071878
2019-04-23,55.2941780090332,262.5067138671875,0.2106391002136757,-1.09177554031497
2019-04-24,53.8685302734375,261.92413330078125,0.20566463118378417,-1.3684888176784038
2019-04-25,53.579898834228516,261.7627258300781,0.20468880228963393,-1.4204371377274
2019-04-26,53.46619415283203,262.981689453125,0.20330766854534973,-1.4958591905207665
2019-04-29,54.28834915161133,263.3940734863281,0.20611074665819787,-1.333395124913365
2019-04-30,53.77231216430664,263.5285339355469,0.2040473999580559,-1.4568487486554222
2019-05-01,53.35249710083008,261.5476379394531,0.2039876846954393,-1.4642306891059846
2019-05-02,53.7198371887207,260.9830322265625,0.20583651255184232,-1.355564446580346
2019-05-03,53.73733139038086,263.5375061035156,0.20390771767140128,-1.4763226619598209
2019-05-06,52.801475524902344,262.452880859375,0.2011845911235927,-1.6502107346677628
2019-05-07,51.86561584472656,258.0700988769531,0.20097491367822468,-1.6650884460440125
2019-05-08,51.98807144165039,257.7115783691406,0.20172966915434346,-1.6157742710003136
2019-05-09,50.34376525878906,256.9317932128906,0.19594213946529698,-1.9842277559130335
2019-05-10,50.50993728637695,258.2224426269531,0.19560630273855503,-1.999643796107833
2019-05-13,48.63823318481445,251.73321533203125,0.19321341095437708,-2.1520987310297723
2019-05-14,49.39041519165039,254.00979614257812,0.19444295433364736,-2.068416982968082
2019-05-15,49.6440544128418,255.49769592285156,0.19430333503998407,-2.0731889049739904
2019-05-16,48.95310592651367,257.8639221191406,0.18984084909674148,-2.356693777941462
2019-05-17,48.340858459472656,256.19677734375,0.1886864423536901,-2.420725041924541
2019-05-20,48.16593551635742,254.5028533935547,0.18925499213116967,-2.3687226331398956
2019-05-21,48.786922454833984,256.7973327636719,0.18998220086550557,-2.308255230114764
2019-05-22,48.88312911987305,256.0086364746094,0.19094328141824707,-2.233416995999912
2019-05-23,48.41958236694336,252.8804931640625,0.19147219210589705,-2.1915507379766512
2019-05-24,48.46331024169922,253.4541473388672,0.19121135223289112,-2.2068086171776597
2019-05-28,48.50703811645508,251.09686279296875,0.19318058209452618,-2.0675096753731195
2019-05-29,48.03473663330078,249.41184997558594,0.1925920385819789,-2.109169154900298
2019-05-30,48.62074279785156,250.09298706054688,0.19441066048797523,-1.9819057675995426
2019-05-31,48.603248596191406,246.722900390625,0.19699528709836064,-1.7965927906163621
2019-06-03,49.52161407470703,246.09556579589844,0.201229200999819,-1.4943629632490811
2019-06-04,49.8714714050293,251.4374237060547,0.19834545975674653,-1.7049659615262482
2019-06-05,49.372928619384766,253.61544799804688,0.19467634566079348,-1.9748226703474696
2019-06-06,49.372928619384766,255.2645721435547,0.1934186487563915,-2.066572318353752
2019-06-07,49.81898880004883,257.819091796875,0.19323234929125865,-2.083770906248723
2019-06-10,50.2737922668457,259.0022277832031,0.19410563645393505,-2.0202327530381243
2019-06-11,50.6936149597168,258.939453125,0.19577400951428225,-1.8933702932508505
2019-06-12,50.17758560180664,258.4823303222656,0.1941238518673489,-2.0220980335925756
2019-06-13,49.90644836425781,259.54888916015625,0.19228149473397566,-2.1618595876406728
2019-06-14,49.547847747802734,259.26214599609375,0.19111099909104842,-2.2482550082715456
2019-06-17,49.75776290893555,259.3607177734375,0.19184772210725082,-2.180076859260124
2019-06-18,50.98224639892578,262.0764465332031,0.19453196604780243,-1.9550343956018863
2019-06-19,51.34084701538086,262.6680908203125,0.1954590177095489,-1.8685375111498865
2019-06-20,52.15424728393555,265.1776428222656,0.196676638078768,-1.7573241139913347
2019-06-21,51.9181022644043,264.79217529296875,0.19607113468123286,-1.7918626132621178
2019-06-24,52.02305603027344,264.4679870605469,0.19670832983790723,-1.7265433424045262
2019-06-25,51.78690719604492,261.87408447265625,0.19775499091607243,-1.6321407373512897
2019-06-26,52.267948150634766,261.61285400390625,0.19979120807976175,-1.46220647104771
2019-06-27,52.574073791503906,262.5405578613281,0.20025124582569495,-1.4174760552786927
2019-06-28,52.36416244506836,263.8915710449219,0.19843059874070204,-1.5544963829658145
2019-07-01,52.162994384765625,266.2872009277344,0.19588997970248573,-1.7469569513157452
2019-07-02,51.778160095214844,266.98077392578125,0.1939396584025515,-1.8921551613279866
2019-07-03,50.88603591918945,269.1153564453125,0.18908633305557987,-2.2587373481443263
2019-07-05,50.553672790527344,268.80908203125,0.18806534514578008,-2.312311867638361
2019-07-08,49.58283615112305,267.33203125,0.18547285904828528,-2.483315139841235
2019-07-09,49.3991584777832,267.6651916503906,0.18455578094855768,-2.518199689548764
2019-07-10,50.03764724731445,268.94415283203125,0.1860521848882337,-2.3689487476084925
2019-07-11,50.25629806518555,269.5746765136719,0.18642811229576575,-2.309223292969073
2019-07-12,50.38750076293945,270.7815856933594,0.18608171096242734,-2.3040277382736614
2019-07-15,50.221317291259766,270.87158203125,0.18540637195918847,-2.3227287992801067
2019-07-16,50.2737922668457,269.9979553222656,0.18620064069314762,-2.232092809094508
2019-07-17,49.827735900878906,268.16064453125,0.18581300767671838,-2.2317180730129946
2019-07-18,50.46621322631836,269.14239501953125,0.1875074836227719,-2.0788843300872073
2019-07-19,50.483707427978516,267.64727783203125,0.18862029099231425,-1.972540233295106
2019-07-22,50.7985725402832,268.3046875,0.18933166249763417,-1.897728783890112
2019-07-23,50.7985725402832,270.2231140136719,0.1879875181133212,-1.9750818340734602
2019-07-24,50.53618240356445,271.4930725097656,0.18614170128317606,-2.0842758600147273
2019-07-25,49.84522247314453,270.1961364746094,0.18447792453105094,-2.1770961446072987
2019-07-26,49.967674255371094,272.0063781738281,0.18370037714129925,-2.204042497236233
2019-07-29,49.35542678833008,271.5110778808594,0.1817805268703899,-2.309142724557084
2019-07-30,49.267967224121094,270.8445739746094,0.18190494460021847,-2.2693760771867653
2019-07-31,48.454559326171875,267.88140869140625,0.18088063506486377,-2.310568163291082
2019-08-01,47.83356857299805,265.5487365722656,0.18013103428937147,-2.3319883506230554
2019-08-02,47.01142120361328,263.54931640625,0.17837808059857452,-2.4195157851519182
2019-08-05,44.9997673034668,255.62355041503906,0.1760392077741024,-2.538844480165084
2019-08-06,45.332130432128906,259.2080993652344,0.1748870137281249,-2.5738299038539254
2019-08-07,45.402099609375,259.3612365722656,0.17505352846636604,-2.5200625793319835
2019-08-08,45.76944351196289,264.4499816894531,0.17307410353958924,-2.6078858676697503
2019-08-09,45.60326385498047,262.6486511230469,0.17362839542479142,-2.529398672027521
2019-08-12,45.08723449707031,259.4513854980469,0.17377912401785853,-2.479555412239351
2019-08-13,45.86565399169922,263.4862365722656,0.17407229534404836,-2.4215726297407114
2019-08-14,44.76361846923828,255.69557189941406,0.17506606835900726,-2.32219882105505
2019-08-15,45.00851821899414,256.37103271484375,0.17556007690251102,-2.2578121582007133
2019-08-16,45.655738830566406,260.1537780761719,0.17549519814084194,-2.2295667305818943
2019-08-19,45.58576583862305,263.2881164550781,0.17314023303592904,-2.3402246572926693
2019-08-20,46.15428161621094,261.2706298828125,0.17665315706136767,-2.095483957844971
2019-08-21,46.731536865234375,263.3961181640625,0.17741923150183456,-2.022795666340692
2019-08-22,45.78693389892578,263.3150634765625,0.17388649663410255,-2.206702387441518
2019-08-23,45.19218444824219,256.5511779785156,0.17615270685690135,-2.044342194274634
2019-08-26,45.288394927978516,259.38824462890625,0.17459694440960635,-2.1094253538575916
2019-08-27,45.39335250854492,258.37054443359375,0.1756908962206096,-2.019738830833206
2019-08-28,45.821922302246094,260.1898193359375,0.1761095896034436,-1.971744631739683
2019-08-29,46.136783599853516,263.5132751464844,0.17508333716472743,-2.00770395269379
2019-08-30,46.582847595214844,263.3961181640625,0.17685472329626215,-1.882999628164188
2019-09-03,46.41667175292969,261.85614013671875,0.17726019992769654,-1.8389312751944777
2019-09-04,47.45747756958008,264.8282165527344,0.1792009861612689,-1.7094418714996344
2019-09-05,48.218414306640625,268.2327575683594,0.17976333220356994,-1.660406427706355
2019-09-06,48.46331024169922,268.43975830078125,0.1805370059505011,-1.60028645365006
2019-09-09,48.79566955566406,268.5748596191406,0.18168368262338477,-1.5204470814344528
2019-09-10,49.18925476074219,268.5119323730469,0.18319206273635155,-1.4218005744452924
2019-09-11,49.679046630859375,270.42132568359375,0.18370979620514952,-1.3802129353504407
2019-09-12,50.23881149291992,271.35797119140625,0.18513851379542948,-1.2884634522674543
2019-09-13,50.75483703613281,271.1778564453125,0.18716438613920663,-1.1646826934325238
2019-09-16,49.83647537231445,270.3402099609375,0.18434725407483968,-1.3120801711426466
2019-09-17,49.88895797729492,271.0246887207031,0.1840753261733531,-1.3160853268007349
2019-09-18,49.81024169921875,271.18682861328125,0.18367500351666902,-1.3270616865388811
2019-09-19,49.74026870727539,271.1688232421875,0.1834291572038543,-1.3293724490046979
2019-09-20,49.967674255371094,269.88763427734375,0.18514251084220842,-1.2234982593318622
2019-09-23,50.151344299316406,269.8242492675781,0.18586670558872764,-1.1735469311322893
2019-09-24,49.897701263427734,267.70697021484375,0.18638924949687777,-1.135297942079386
2019-09-25,49.416656494140625,269.2904357910156,0.1835069127092605,-1.2851998217961194
2019-09-26,49.42539978027344,268.7293701171875,0.183922582629208,-1.251841665157988
2019-09-27,48.48080062866211,267.2817077636719,0.18138465604061615,-1.3814355908364395
2019-09-30,49.27671432495117,268.52130126953125,0.18351137914190696,-1.2532981129922067
2019-10-01,49.01432800292969,265.32733154296875,0.18473154543821282,-1.176208970165506
2019-10-02,48.12220001220703,260.6403503417969,0.184630660406575,-1.1724393222203615
2019-10-03,48.75193786621094,262.7758483886719,0.18552670713520797,-1.1136425025971253
2019-10-04,49.08429718017578,266.3316650390625,0.18429763946009445,-1.172340544614522
2019-10-07,48.786922454833984,265.1825256347656,0.18397487669314957,-1.1806976528076782
2019-10-08,49.01432800292969,261.0657043457031,0.18774709656242297,-0.9643516838872009
2019-10-09,49.29420852661133,263.54486083984375,0.18704295112993088,-0.9956082908916899
2019-10-10,49.85396957397461,265.32733154296875,0.18789609530257137,-0.9412929555712858
2019-10-11,50.571170806884766,268.0779724121094,0.18864351424272563,-0.8932075264328784
2019-10-14,50.2737922668457,267.7793884277344,0.18774332319611334,-0.9356688862688458
2019-10-15,50.85979461669922,270.4305419921875,0.18806971373140433,-0.910540494106591
2019-10-16,50.85979461669922,269.9962158203125,0.18837224981903952,-0.8869904089613986
2019-10-17,51.08720016479492,270.79241943359375,0.18865816211418357,-0.8645607738204867
2019-10-18,50.37000274658203,269.6070861816406,0.1868274438181739,-0.9579774680177695
2019-10-21,51.2708740234375,271.4347839355469,0.18888837045885742,-0.8385912465079226
2019-10-22,51.6732063293457,270.548095703125,0.19099452980828668,-0.7172841144757642
2019-10-23,51.6207275390625,271.3352966308594,0.1902470050156814,-0.7523553400835911
2019-10-24,51.6469612121582,271.77862548828125,0.19003319749435246,-0.7583667865279293
2019-10-25,51.73442459106445,272.8915100097656,0.18957872522019134,-0.7775247206367026
2019-10-28,52.07553482055664,274.42974853515625,0.1897590734915731,-0.7619898817330435
2019-10-29,51.86561584472656,274.34832763671875,0.18905023512082408,-0.7952654005733555
2019-10-30,51.944339752197266,275.1898498535156,0.18875819649542813,-0.8058712358033119
2019-10-31,51.54201126098633,274.4569091796875,0.18779636998404609,-0.8525519435297197
2019-11-01,52.55657958984375,276.9994812011719,0.1897352997266964,-0.7416488191380556
2019-11-04,53.0463752746582,278.1123352050781,0.19073722578878843,-0.6820552980138541
2019-11-05,53.68486022949219,277.8046569824219,0.19324679727341326,-0.5401750186588827
2019-11-06,53.14258575439453,277.86810302734375,0.19125111941749215,-0.6440002564554718
2019-11-07,53.79855728149414,278.84527587890625,0.1929333646120552,-0.5473650281133521
2019-11-08,53.43996047973633,279.5328674316406,0.19117594639494404,-0.6383336085330472
2019-11-11,52.72275924682617,278.9991455078125,0.18897104201112988,-0.7535492718064206
2019-11-12,52.72275924682617,279.5872802734375,0.18857352593173443,-0.7702627071767373
2019-11-13,52.2417106628418,279.67767333984375,0.18679256745446932,-0.8615399164561792
2019-11-14,52.77524185180664,280.0848693847656,0.1884258937933089,-0.7669565991908776
2019-11-15,53.82479476928711,282.1116638183594,0.19079251825597252,-0.6332676347543827
2019-11-18,53.46619415283203,282.31976318359375,0.18938169099434507,-0.7043795808056864
2019-11-19,53.11634063720703,282.2383117675781,0.18819677705891352,-0.7628123493306089
2019-11-20,52.50410079956055,281.188720703125,0.18672193062464132,-0.8364829303597116
2019-11-21,51.55950164794922,280.73626708984375,0.1836581435751893,-0.9953515264209972
2019-11-22,51.611976623535156,281.3606262207031,0.1834370974958309,-0.999416434665804
2019-11-25,52.451622009277344,283.5412292480469,0.1849876370656196,-0.907978340834582
2019-11-26,52.486610412597656,284.18365478515625,0.1846925730203509,-0.9166971915628266
2019-11-27,52.32042694091797,285.45050048828125,0.1832907171345664,-0.9850411032155937
2019-11-29,51.139678955078125,284.3917541503906,0.17982124379047465,-1.1641177358460348
2019-12-02,50.816062927246094,281.97589111328125,0.1802142116711361,-1.1335893421593677
2019-12-03,50.23006057739258,280.0848693847656,0.17933871503922336,-1.1715431389784026
2019-12-04,50.32627487182617,281.8130798339844,0.1785803373692708,-1.2026740098500828
2019-12-05,50.160091400146484,282.31976318359375,0.1776712010328769,-1.2415101566904452
2019-12-06,50.84230422973633,284.8984680175781,0.17845762591675074,-1.1892651305179842
2019-12-09,50.46621322631836,284.00274658203125,0.1776962153841062,-1.2202263699074112
2019-12-10,50.92976379394531,283.6858825683594,0.1795287214606911,-1.112535001622977
2019-12-11,51.550750732421875,284.4913635253906,0.18120321859198024,-1.0143257523092446
2019-12-12,53.37873840332031,286.94329833984375,0.18602538798484414,-0.7485170498771408
2019-12-13,53.50992965698242,287.1152038574219,0.1863709373034625,-0.7236886234599805
2019-12-16,53.90138626098633,289.0877685546875,0.18645336165715243,-0.7130734839806758
2019-12-17,54.848751068115234,289.1510925292969,0.1896888944403969,-0.5326888206757978
2019-12-18,54.83980941772461,289.1691589355469,0.1896461213899643,-0.529089643853088
2019-12-19,54.99174499511719,290.3544616699219,0.1893952125923672,-0.5367420823367252
2019-12-20,55.34030532836914,291.6274719238281,0.18976369051686529,-0.5105138333113469
2019-12-23,55.12580490112305,292.072998046875,0.18873981939362935,-0.5606507043664893
2019-12-24,54.70574951171875,292.08209228515625,0.187295801271891,-0.6350293128928756
2019-12-26,55.05430603027344,293.6368713378906,0.18749112051027797,-0.6181403394686036
2019-12-27,55.849735260009766,293.5641784667969,0.19024710559611607,-0.45704193192232523
2019-12-30,55.32243347167969,291.9457092285156,0.18949562101074408,-0.49335508475892714
2019-12-31,55.58161544799805,292.6549072265625,0.18992203470884853,-0.462820104110161
2020-01-02,55.56373596191406,295.3917236328125,0.1881018712324612,-0.5611661398413793
2020-01-03,54.43762969970703,293.1549072265625,0.18569578184695143,-0.6938078560914952
2020-01-06,54.24100112915039,294.2734375,0.18432177090108715,-0.7672474264156305
2020-01-07,54.821937561035156,293.44598388671875,0.18682122288713449,-0.6155259676077608
2020-01-08,54.85768508911133,295.0097961425781,0.18595207957975277,-0.660227692451041
2020-01-09,55.37605667114258,297.01031494140625,0.1864448939494478,-0.6251724043498708
2020-01-10,56.02848434448242,296.155517578125,0.18918602227190404,-0.4571121296447928
2020-01-13,57.27971267700195,298.1922912597656,0.19208985059611622,-0.2781884643851188
2020-01-14,57.092037200927734,297.7376708984375,0.19175281726578236,-0.2920308154341237
2020-01-15,56.45747756958008,298.4105529785156,0.18919397121201942,-0.4396423801827295
2020-01-16,57.14565658569336,300.8929138183594,0.1899202472418164,-0.38925419922954435
2020-01-17,57.23503494262695,301.82928466796875,0.1896271761886495,-0.40070962326905174
2020-01-21,55.992733001708984,301.23834228515625,0.18587518632905473,-0.6248608528708819
2020-01-22,57.10096740722656,301.27471923828125,0.1895312276834779,-0.39297650541315615
2020-01-23,56.52898025512695,301.6202087402344,0.18741774793946794,-0.518041764012321
2020-01-24,56.21616744995117,298.9378967285156,0.18805299717822202,-0.4720737387442056
2020-01-27,54.258880615234375,294.1461486816406,0.18446231867533197,-0.6936069807239968
2020-01-28,54.21419906616211,297.2285461425781,0.18239903188893572,-0.8209527064430482
2020-01-29,54.249942779541016,296.9830017089844,0.18267019481707877,-0.7998204846018684
2020-01-30,53.04339599609375,297.94677734375,0.17802976917214988,-1.1022954970768073
2020-01-31,51.52404022216797,292.53668212890625,0.17612847676813367,-1.226554039839673
2020-02-03,52.355220794677734,294.7098083496094,0.17765007920119713,-1.121960147188214
2020-02-04,53.838829040527344,299.20166015625,0.17994161199644235,-0.9637094096393426
2020-02-05,54.339317321777344,302.6567077636719,0.1795410969850632,-0.9893650643892435
2020-02-06,55.10792922973633,303.6751403808594,0.18147000495536703,-0.8527029837427891
2020-02-07,54.02650833129883,302.05670166015625,0.17886214089725447,-1.0330427219769736
2020-02-10,54.53593826293945,304.31170654296875,0.17921077990221512,-1.0043471574788945
2020-02-11,55.34030532836914,304.8390808105469,0.18153940492545426,-0.8332608636089042
2020-02-12,56.21616744995117,306.8029479980469,0.18323216193577466,-0.7059714659916094
2020-02-13,55.25987243652344,306.4757385253906,0.18030749416709643,-0.9160178130396253
2020-02-14,55.49223709106445,306.9667663574219,0.18077604214148427,-0.8778343461864796
2020-02-18,54.589569091796875,306.1756286621094,0.17829495224795003,-1.0594616167204842
2020-02-19,54.58063507080078,307.63958740234375,0.17741746285538335,-1.1221647176841725
2020-02-20,52.918270111083984,306.3756103515625,0.17272350775690296,-1.4772477805154038
2020-02-21,52.16753387451172,303.22052001953125,0.17204486645940542,-1.5267189804680297
2020-02-24,49.441627502441406,293.1640319824219,0.16864834054883626,-1.787335203511812
2020-02-25,49.414817810058594,284.2806091308594,0.17382408867469423,-1.3818564316294113
2020-02-26,50.01362228393555,283.2348937988281,0.176580016724417,-1.1629281482875897
2020-02-27,49.06626510620117,270.51434326171875,0.18138138079698887,-0.7748394570444119
2020-02-28,49.1198844909668,269.37786865234375,0.18234565718670973,-0.6916657209883622
2020-03-02,50.237056732177734,281.0435791015625,0.17875183945769227,-0.9839438986288711
2020-03-03,49.629310607910156,272.9966125488281,0.18179460230127753,-0.7260307170044178
2020-03-04,51.46147537231445,284.47149658203125,0.18090204463586682,-0.7966765653046022
2020-03-05,50.33536911010742,275.01519775390625,0.18302759091571866,-0.610904319640467
2020-03-06,49.63825225830078,270.4689025878906,0.18352665235579352,-0.5623386667260911
2020-03-09,46.90340805053711,249.34674072265625,0.1881051579603637,-0.15621992718573785
2020-03-10,48.90538787841797,262.24920654296875,0.1864844074195701,-0.29139806856450234
2020-03-11,46.51016616821289,249.46499633789062,0.18643964825115858,-0.28803415295269746
2020-03-12,41.70185089111328,225.5968475341797,0.18485121289115145,-0.42414460647835067
2020-03-13,44.44563293457031,244.88233947753906,0.18149791050426864,-0.722054644127972
2020-03-16,37.42083740234375,218.08636474609375,0.17158723997215883,-1.6196506264130945
2020-03-17,40.11993408203125,229.86126708984375,0.17453977605696372,-1.3442787619603322
2020-03-18,36.34835433959961,218.22271728515625,0.1665654006686318,-2.0689753666502013
2020-03-19,34.855812072753906,218.6864776611328,0.1593871392760049,-2.7077478703476374
2020-03-20,36.267921447753906,209.26235961914062,0.1733131630254091,-1.416312057996698
2020-03-23,34.829002380371094,203.91184997558594,0.1708042096844353,-1.64408798052194
2020-03-24,39.16363525390625,222.38694763183594,0.1761058176792915,-1.1430973100091493
2020-03-25,41.27285385131836,225.7161407470703,0.18285291302037318,-0.4980651269047276
2020-03-26,42.75646209716797,238.8956298828125,0.1789754886606409,-0.8635922070332059
2020-03-27,40.49530792236328,231.77999877929688,0.17471441943065716,-1.2688610293953153
2020-03-30,41.36222839355469,239.30715942382812,0.1728415835662466,-1.4441964866151251
2020-03-31,41.934226989746094,235.7403106689453,0.17788314128691865,-0.9482487934544224
2020-04-01,39.047447204589844,225.13082885742188,0.17344335914704545,-1.3811751089873683
2020-04-02,41.00473403930664,230.32579040527344,0.17802927742983582,-0.9239160158297538
2020-04-03,40.3523063659668,226.9966583251953,0.17776608106784594,-0.9488346668934439
2020-04-06,43.15864181518555,242.24305725097656,0.1781625541923,-0.9065057582365272
2020-04-07,43.63232421875,242.49008178710938,0.17993446947267872,-0.719252605936725
2020-04-08,43.86470031738281,250.63006591796875,0.17501771049184392,-1.2358967494687993
2020-04-09,43.73957824707031,254.44400024414062,0.17190257268830042,-1.5703207503571515
2020-04-13,43.498260498046875,252.12098693847656,0.1725293123204435,-1.5043235564558797
2020-04-14,44.56181716918945,259.5566711425781,0.17168434536098293,-1.6017025427163023
2020-04-15,43.203330993652344,254.04153442382812,0.17006404520283844,-1.787425515175224
2020-04-16,43.748512268066406,255.26712036132812,0.17138326395558037,-1.6478837088267038
2020-04-17,45.3751220703125,262.163330078125,0.17307959147753676,-1.4649890733065465
2020-04-20,44.3830680847168,257.54449462890625,0.1723316514634413,-1.5584773637357419
2020-04-21,43.08714294433594,249.72463989257812,0.1725386127811431,-1.5385617185676728
2020-04-22,44.36519241333008,255.26712036132812,0.1737990868174937,-1.389716993583695
2020-04-23,44.47243881225586,255.24884033203125,0.1742316977989224,-1.3336832708052626
2020-04-24,44.52606964111328,258.80657958984375,0.1720438085912581,-1.5993385569881227
2020-04-27,45.74155044555664,262.538330078125,0.1742280848360126,-1.3222160538358456
2020-04-28,45.80411148071289,261.33099365234375,0.1752724039370831,-1.189668554420951
2020-04-29,47.0821533203125,268.1722717285156,0.1755668213452588,-1.1489634455364892
2020-04-30,46.134796142578125,265.67535400390625,0.17365101974005387,-1.3912225769573487
2020-05-01,44.54393768310547,258.6419982910156,0.1722223690561889,-1.5753656275217736
2020-05-04,44.83887481689453,259.3554992675781,0.17288576854363932,-1.485746161682629
2020-05-05,45.0891227722168,261.7516784667969,0.17225915431115885,-1.5614897937308145
2020-05-06,44.83887481689453,259.97735595703125,0.17247223186739943,-1.526626486326751
2020-05-07,45.64323806762695,263.1144714355469,0.17347292917260854,-1.388687309109622
2020-05-08,46.2867317199707,267.46795654296875,0.17305524115197976,-1.4343198359564693
2020-05-11,45.43767547607422,267.52288818359375,0.16984593649008292,-1.8489204546778861
2020-05-12,45.02656173706055,262.1907958984375,0.17173204567601252,-1.5815891180909696
2020-05-13,45.10699462890625,257.5537109375,0.17513626367376345,-1.1171014170529368
2020-05-14,45.4555549621582,260.63592529296875,0.1744024923312614,-1.20662658833481
2020-05-15,44.59756851196289,261.83404541015625,0.1703276151201115,-1.7361055012704225
2020-05-18,46.393978118896484,269.8094482421875,0.17195090246525438,-1.5046921377406497
2020-05-19,46.42972946166992,267.0380859375,0.17386931642603504,-1.2385025886099597
2020-05-20,47.00172424316406,271.57464599609375,0.17307110562832187,-1.3332612509529942
2020-05-21,46.46548080444336,269.69970703125,0.1722859891689071,-1.425020804341712
2020-05-22,45.78623580932617,270.2118225097656,0.1694457162682859,-1.7831329538192706
2020-05-26,47.36815643310547,273.54095458984375,0.1731665976823501,-1.2810054292746091
2020-05-27,47.38602828979492,277.6111145019531,0.1706921150286349,-1.5935851523725117
2020-05-28,47.028533935546875,277.098876953125,0.16971751907714294,-1.7057968806288395
2020-05-29,47.86865234375,278.33355712890625,0.17198304378936352,-1.397445457230607
2020-06-01,49.10200500488281,279.4585266113281,0.1757040860419838,-0.9017603768285296
2020-06-02,50.299617767333984,281.7724914550781,0.17851145620207945,-0.5245624495909902
2020-06-03,52.399906158447266,285.5224304199219,0.18352290599860047,0.15572045474256463
2020-06-04,51.3631706237793,284.77239990234375,0.18036569078110495,-0.26463527958593813
2020-06-05,53.59751510620117,292.0710144042969,0.18350850465431418,0.1684266283730511
2020-06-08,53.829891204833984,295.6013488769531,0.1821029958399858,-0.0174312574520304
2020-06-09,53.05233383178711,293.39715576171875,0.18082088660352705,-0.18693949137597984
2020-06-10,53.6422004699707,291.760009765625,0.1838572754129747,0.23966796233737775
2020-06-11,50.69287109375,274.94036865234375,0.18437769376038793,0.3189590080091902
2020-06-12,51.37210464477539,278.2329406738281,0.18463703298524525,0.3607401183018315
2020-06-15,49.60250473022461,280.8304138183594,0.17662796580966983,-0.754407918090549
2020-06-16,50.746490478515625,286.2358093261719,0.177289105084294,-0.6554631313790497
2020-06-17,51.31847381591797,285.0467224121094,0.18003530572691073,-0.2624429835979256
2020-06-18,51.15760803222656,285.1565246582031,0.17940184989119767,-0.34561376673451977
2020-06-19,50.71967697143555,283.52691650390625,0.1788884018379848,-0.41236761228672975
2020-06-22,51.58660125732422,285.34576416015625,0.18078628715290887,-0.13165207755143668
2020-06-23,51.57766342163086,286.6593017578125,0.17992670429793645,-0.24908657558879857
2020-06-24,51.38998031616211,279.34710693359375,0.18396460546977675,0.354425026880095
2020-06-25,51.30060577392578,282.3418884277344,0.1816967579964891,0.02953871701843102
2020-06-26,51.005672454833984,275.63580322265625,0.18504734094225067,0.5508507389405506
2020-06-29,51.121856689453125,279.6869812011719,0.18278239648445577,0.217400695227198
2020-06-30,51.059303283691406,283.2696228027344,0.18024983681094708,-0.1666744793545126
2020-07-01,51.35423278808594,285.2539367675781,0.18002988274243809,-0.1939387655685752
2020-07-02,52.18540573120117,286.82476806640625,0.18194176912615545,0.11214768707893821
2020-07-06,53.74051284790039,291.25250244140625,0.18451519694225402,0.5220658347245137
2020-07-07,52.5607795715332,288.24859619140625,0.1823453097985989,0.18059524069225386
2020-07-08,52.89146041870117,290.4532775878906,0.18209971964491367,0.1432942520275553
2020-07-09,52.5697135925293,288.79986572265625,0.18202817879082284,0.13463752103473706
2020-07-10,52.221160888671875,291.7486877441406,0.17899364447002783,-0.3427854722330264
2020-07-13,52.301597595214844,289.22247314453125,0.18083517863108275,-0.04686594804795881
2020-07-14,52.775272369384766,292.9704895019531,0.1801385267816639,-0.15452750379770983
2020-07-15,53.18639373779297,295.66204833984375,0.17988914720856822,-0.19049207220390182
2020-07-16,52.6501579284668,294.6882629394531,0.17866391217380903,-0.38166679280170507
2020-07-17,53.12383270263672,295.5426025390625,0.17975016882926456,-0.2038090880235734
2020-07-20,53.40089416503906,297.93109130859375,0.17923907817236504,-0.2803743844273303
2020-07-21,53.71369934082031,298.56494140625,0.17990625117546336,-0.16797510995972714
2020-07-22,53.508140563964844,300.2644348144531,0.17820339127752485,-0.43673700439488705
2020-07-23,52.721649169921875,296.6817626953125,0.17770438159377588,-0.5122834897842714
2020-07-24,52.6501579284668,294.7709655761719,0.1786137851994838,-0.36186598394299513
2020-07-27,53.69582748413086,296.9205627441406,0.18084240103775193,-0.00010616029954347554
2020-07-28,53.829891204833984,295.0373229980469,0.18245112400640354,0.259364380750901
2020-07-29,54.86662292480469,298.66595458984375,0.18370564867412728,0.46071847602822874
2020-07-30,54.392940521240234,297.600341796875,0.1827717676425444,0.3086279331719731
2020-07-31,53.85669708251953,299.9520568847656,0.17955101772550933,-0.21103261446062124
2020-08-03,54.49125289916992,302.037353515625,0.18041229756819127,-0.07329883925401395
2020-08-04,55.1794319152832,303.2040100097656,0.18198780389977684,0.17754915238165894
2020-08-05,56.520042419433594,305.0873107910156,0.18525858146276605,0.7003925381574206
2020-08-06,57.23503494262695,307.12646484375,0.18635657129627423,0.8710875150975133
2020-08-07,57.06521987915039,307.3470458984375,0.1856703054110614,0.75351326612096
2020-08-10,58.307518005371094,308.2656555175781,0.18914698073475864,1.3068586236161983
2020-08-11,58.81694793701172,305.7210998535156,0.19238759760184526,1.8134332261000605
2020-08-12,59.773250579833984,309.98358154296875,0.1928271500132611,1.8642483284115123
2020-08-13,59.46044158935547,309.42315673828125,0.19216545463547438,1.7397383701519837
2020-08-14,58.861637115478516,309.43231201171875,0.19022459785405127,1.416249063573284
2020-08-17,59.52299880981445,310.41534423828125,0.1917527593743026,1.6440786216303565
2020-08-18,57.664024353027344,311.0859069824219,0.1853636666230775,0.620848580414336
2020-08-19,57.503150939941406,309.7906494140625,0.1856193886055075,0.6562052145748708
2020-08-20,55.81398391723633,310.755126953125,0.17960760443271925,-0.30542890728823585
2020-08-21,56.06423568725586,311.8575744628906,0.17977512902745674,-0.2831910636926407
2020-08-24,56.81497573852539,315.01763916015625,0.18035490295081674,-0.1932274143023695
2020-08-25,57.664024353027344,316.1199951171875,0.18241182223114663,0.13221564839534833
2020-08-26,58.03046417236328,319.289306640625,0.18174884960265605,0.02173085805888627
2020-08-27,57.011592864990234,319.98736572265625,0.1781682621632133,-0.5571891156932803
2020-08-28,57.762332916259766,322.0543518066406,0.17935585280008853,-0.36906313831118537
2020-08-31,56.368106842041016,320.8877258300781,0.17566301950698485,-0.9645534665444707
2020-09-01,57.18141174316406,323.9100036621094,0.17653487418318065,-0.8229648315587723
2020-09-02,57.18141174316406,328.59503173828125,0.17401788286533743,-1.2227709837844718
2020-09-03,56.57366180419922,317.28668212890625,0.17830455859226593,-0.5313169925426896
2020-09-04,56.9669075012207,314.6961364746094,0.18102194751862472,-0.09419873496247852
2020-09-08,56.99372100830078,306.09771728515625,0.18619453132087962,0.7348166881163136
2020-09-09,57.74446105957031,312.1423034667969,0.18499402489900793,0.5403687594571637
2020-09-10,57.02947235107422,306.7223815917969,0.18593189077076286,0.6891969175535055
2020-09-11,57.646148681640625,306.8785400390625,0.18784679005023572,0.9936972917945934
2020-09-14,58.84375762939453,310.9205322265625,0.18925658337197263,1.216788844700504
2020-09-15,59.52299880981445,312.4913330078125,0.19047887900406613,1.4036327001105982
2020-09-16,59.549808502197266,311.2511901855469,0.19132395434921134,1.5271913560513604
2020-09-17,59.37106704711914,308.513671875,0.19244225607990048,1.6899586563601101
2020-09-18,59.02250671386719,304.9619140625,0.19354058324073511,1.844756381406198
2020-09-21,58.51307678222656,301.5677185058594,0.19402964306701703,1.9031130423658897
2020-09-22,57.601463317871094,304.6391296386719,0.18908097389259013,1.127589298064537
2020-09-23,56.689849853515625,297.57421875,0.19050659056301605,1.3434067728115855
2020-09-24,56.12679672241211,298.3673400878906,0.18811307130961027,0.9673316938122473
2020-09-25,56.305538177490234,303.1910705566406,0.1857097508647489,0.593512330721297
2020-09-28,57.51209259033203,308.22686767578125,0.18659013415672787,0.7259120595322069
2020-09-29,57.67296600341797,306.5482482910156,0.18813666796316925,0.9606967300511102
2020-09-30,58.396888732910156,308.8725280761719,0.18906468987914893,1.0991301268713694
2020-10-01,58.995697021484375,310.85540771484375,0.18978501115735055,1.2039198616639748
2020-10-02,58.26283645629883,307.9040832519531,0.18922398118580083,1.1133116413660695
2020-10-05,59.549808502197266,313.3640441894531,0.19003395445775756,1.2306846762582855
2020-10-06,58.808013916015625,308.909423828125,0.1903730005619252,1.274756007485158
2020-10-07,60.211185455322266,314.2864990234375,0.19158056627444278,1.4527223006224181
2020-10-08,60.515052795410156,317.07177734375,0.1908560052312805,1.3369353220943958
2020-10-09,61.07810974121094,319.9033508300781,0.19092675829348713,1.34310278446995
2020-10-12,60.765296936035156,325.0497741699219,0.1869415140841467,0.7411442243443807
2020-10-13,60.255863189697266,322.92852783203125,0.18659194836152376,0.6892129389196315
2020-10-14,59.782188415527344,320.89935302734375,0.18629575862819928,0.6458925473028
2020-10-15,59.47832489013672,320.5028381347656,0.18557815349244167,0.5393174231225317
2020-10-16,59.47832489013672,320.3091125488281,0.18569039268612691,0.5589556569756684
2020-10-19,59.38894271850586,315.4393310546875,0.18827374037326258,0.9506196612057513
2020-10-20,60.13074493408203,316.702880859375,0.18986484988995656,1.1912636478903944
2020-10-21,60.50611877441406,316.10345458984375,0.1914123933030819,1.4257474433623507
2020-10-22,60.20224380493164,317.8371887207031,0.18941220832982472,1.1229870044030643
2020-10-23,61.0423583984375,318.91644287109375,0.1914054911966733,1.4236658037539391
2020-10-26,60.03243637084961,313.0229187011719,0.19178287845485117,1.4770702560083495
2020-10-27,59.916255950927734,311.94378662109375,0.192073888055048,1.5169483805516464
2020-10-28,59.013572692871094,301.2818603515625,0.19587496115434497,2.074672280863846
2020-10-29,59.30850601196289,304.34393310546875,0.19487329813605928,1.9102083547789264
2020-10-30,58.0036506652832,301.17120361328125,0.1925936144272371,1.5610268883658076
2020-11-02,59.004634857177734,304.5469055175781,0.19374563913857284,1.7244853649724015
2020-11-03,60.282676696777344,309.9239196777344,0.19450798363501784,1.829158403186217
2020-11-04,61.507102966308594,316.8504638671875,0.1941202869505351,1.7697007157111453
2020-11-05,62.963890075683594,323.0299377441406,0.19491657805895016,1.8787746156211849
2020-11-06,62.758338928222656,322.9562683105469,0.1943245729724489,1.7882445571665748
2020-11-09,63.37501907348633,327.01422119140625,0.19379896948393566,1.7053795838549906
2020-11-10,63.9559440612793,326.5347900390625,0.1958625727250331,1.9923629834035013
2020-11-11,64.80499267578125,328.96038818359375,0.19699938048350488,2.1373317558223976
2020-11-12,64.17938232421875,325.76922607421875,0.1970087325240384,2.115474482892218
2020-11-13,65.72554779052734,330.279296875,0.19899990224153327,2.372138956001429
2020-11-16,66.96784973144531,334.40203857421875,0.20026148769001045,2.521046889784024
2020-11-17,66.92315673828125,332.6034851074219,0.20121002856198844,2.6166635484119682
2020-11-18,66.88741302490234,328.6006774902344,0.20355226756003922,2.888597219472467
2020-11-19,66.67291259765625,329.98406982421875,0.20204888264203982,2.6385311019288737
2020-11-20,66.72653198242188,327.7244873046875,0.20360557287373465,2.7937788349978456
2020-11-23,68.0224609375,329.68896484375,0.20632313541260924,3.0831047191186016
2020-11-24,69.15751647949219,335.00146484375,0.20643944500884004,3.0304800218285957
2020-11-25,68.57658386230469,334.48504638671875,0.2050213742082182,2.794094679158932
2020-11-27,69.58650207519531,335.41656494140625,0.2074629262491891,3.032617438294166
2020-11-30,68.29952239990234,333.931640625,0.20453144922736338,2.621582714211841
2020-12-01,69.63119506835938,337.5840148925781,0.20626330630766557,2.7772769703010445
2020-12-02,70.93605041503906,338.2942199707031,0.20968744432341246,3.113707396615681
2020-12-03,72.1783447265625,338.2019958496094,0.21341785563754787,3.454082484013136
2020-12-04,74.17137145996094,341.1164855957031,0.2174370767523387,3.788553791759898
2020-12-07,74.31438446044922,340.4154968261719,0.21830493956154046,3.759528160074749
2020-12-08,72.73246002197266,341.4115295410156,0.21303457478355284,3.1116766557870363
2020-12-09,73.46532440185547,338.3495178222656,0.21712850331427594,3.449145110931573
2020-12-10,74.2071304321289,338.2388916015625,0.2193926608520914,3.5749130906873217
2020-12-11,73.67089080810547,337.84222412109375,0.2180630055931061,3.349460196136397
2020-12-14,73.26560974121094,336.3296813964844,0.2178386678124947,3.2445380433293396
2020-12-15,74.32833862304688,340.876708984375,0.2180505052530706,3.1864398645481584
2020-12-16,73.76095581054688,341.4115295410156,0.21604705590847825,2.9353605839830443
2020-12-17,73.58983612060547,343.32080078125,0.21434715273046887,2.726908918869232
2020-12-18,73.14852905273438,341.949951171875,0.21391589266806937,2.6415130992851448
2020-12-21,72.45504760742188,340.72723388671875,0.21264824293883985,2.4876406339931796
2020-12-22,71.32026672363281,340.15301513671875,0.2096711290210579,2.1919285492758185
2020-12-23,72.79728698730469,340.4587097167969,0.21382119155612003,2.519395903984875
2020-12-24,73.99512481689453,341.783203125,0.2164972536401456,2.704148950022895
2020-12-28,74.68858337402344,344.7193908691406,0.21666487395939982,2.6716221808647442
2020-12-29,76.1565933227539,344.0617370605469,0.2213457211876836,3.0052658439230906
2020-12-30,77.58859252929688,344.5525817871094,0.22518650746096272,3.2457123726773753
2020-12-31,77.49852752685547,346.3032531738281,0.2237880436195464,3.0606137044354296
2021-01-04,79.5429458618164,341.5887451171875,0.23286172919581388,3.6726930035289613
2021-01-05,81.53331756591797,343.94134521484375,0.23705587798695152,3.8640076477228753
2021-01-06,81.4162368774414,345.9975891113281,0.23530868260253957,3.61814155800299
2021-01-07,82.94729614257812,351.1383056640625,0.23622400292019016,3.5759392407622657
2021-01-08,86.6578598022461,353.1389465332031,0.24539309711651494,4.076596603509499
2021-01-11,85.91934967041016,350.7585144042969,0.24495299798018993,3.9058903869583954
2021-01-12,85.21686553955078,350.8326110839844,0.24289892913960345,3.6531251085321856
2021-01-13,85.19884490966797,351.7773742675781,0.24219535178195342,3.5050455737448245
2021-01-14,85.79325866699219,350.54547119140625,0.24474216818549913,3.560155658309635
2021-01-15,83.06438446044922,347.989013671875,0.238698295627149,3.109510716293315
2021-01-19,83.42462921142578,350.7214660644531,0.23786576324385741,2.991947127209825
2021-01-20,84.57742309570312,355.5749816894531,0.2378610066823265,2.9278529987449984
2021-01-21,86.4957504272461,355.8991394042969,0.2430344467031375,3.155732901459801
2021-01-22,84.49637603759766,354.6394348144531,0.23825995572603495,2.822073374814044
2021-01-25,86.24356079101562,356.0380859375,0.24223127861145474,2.9812610052891606
2021-01-26,84.9016342163086,355.4823303222656,0.23883503334565256,2.7378651103888565
2021-01-27,81.80350494384766,346.7941589355469,0.235884898393145,2.5314942218996883
2021-01-28,82.97431182861328,349.77667236328125,0.23722082798716607,2.558792978491651
2021-01-29,79.34481048583984,342.7742614746094,0.23147832087654346,2.219033638036903
2021-02-01,82.56903839111328,348.4799499511719,0.23694057119407486,2.4683723231134684
2021-02-02,83.02835845947266,353.4075622558594,0.23493656425880874,2.32749063317893
2021-02-03,83.77587127685547,353.68536376953125,0.23686553037983663,2.3896563763612195
2021-02-04,82.50599670410156,357.70526123046875,0.23065357333657757,2.0437178741999453
2021-02-05,83.72183227539062,359.1131896972656,0.23313494095265225,2.1409295437247287
2021-02-08,82.70413208007812,361.7067565917969,0.2286496742813506,1.8917486872289941
2021-02-09,83.13642120361328,361.4658203125,0.22999801511451043,1.9360797349583532
2021-02-10,83.72183227539062,361.30841064453125,0.2317184704503303,1.996840922410109
2021-02-11,84.64047241210938,361.8918762207031,0.2338833170172922,2.0766714980620065
2021-02-12,84.74852752685547,363.67950439453125,0.23303080460348827,2.009337629624911
2021-02-16,84.31624603271484,363.3646240234375,0.23204307865499954,1.937674578477673
2021-02-17,83.74885559082031,363.447998046875,0.23042871618739516,1.838570772199993
2021-02-18,82.50599670410156,361.9011535644531,0.22797936920476708,1.7027989981425475
2021-02-19,83.84791564941406,361.26202392578125,0.23209723163882853,1.8787388571801507
2021-02-22,81.66841888427734,358.48333740234375,0.2278164990207531,1.6582533582985672
2021-02-23,81.94760131835938,358.91864013671875,0.22831804245982884,1.6659421203751503
2021-02-24,81.04698181152344,362.8736267089844,0.2233476776655392,1.4179933437584313
2021-02-25,80.16437530517578,354.1299743652344,0.2263699237797298,1.5458934611971813
2021-02-26,79.22772979736328,352.3053283691406,0.22488371142189928,1.4624923978390898
2021-03-01,81.34418487548828,360.8453063964844,0.22542675055917202,1.474325742748673
2021-03-02,80.54264068603516,358.029541015625,0.22496088020435204,1.4394385690703364
2021-03-03,80.30846405029297,353.2870788574219,0.2273178637328639,1.5345001444422322
2021-03-04,78.8494644165039,348.9152526855469,0.22598457307214787,1.4592407069835474
2021-03-05,80.16437530517578,355.3341064453125,0.22560281676060678,1.4287173668929134
2021-03-08,78.18299865722656,353.56494140625,0.2211276897145564,1.212827933191917
2021-03-09,78.76840209960938,358.6130065917969,0.21964736540989468,1.1363445793518274
2021-03-10,77.60661315917969,360.8453063964844,0.21506892782999987,0.9200513057907193
2021-03-11,79.93021392822266,364.5039367675781,0.21928491263234084,1.104643033711864
2021-03-12,79.28175354003906,364.99481201171875,0.21721337106976082,1.0026052740527582
2021-03-15,80.40753936767578,367.1714782714844,0.2189917902834025,1.0752502222160798
2021-03-16,80.55164337158203,366.7083435058594,0.21966133249513847,1.0969752796382075
2021-03-17,80.73176574707031,367.9588623046875,0.21940432482428038,1.076646341432863
2021-03-18,78.9215087890625,362.6051330566406,0.21765138326581435,0.9892291803853116
2021-03-19,80.04728698730469,361.93426513671875,0.22116526313712587,1.1415578244814928
2021-03-22,80.23641204833984,364.8242492675781,0.21993168548807437,1.0765823749257923
2021-03-23,77.88579559326172,361.9527587890625,0.21518221287726588,0.8525929730391681
2021-03-24,77.4625015258789,360.11279296875,0.21510621960214832,0.842314129579368
2021-03-25,78.65132904052734,362.1385803222656,0.2171857220253524,0.9303921656514469
2021-03-26,80.28145599365234,367.97442626953125,0.21817129197681895,0.9678243262888501
2021-03-29,79.45288848876953,367.7886657714844,0.2160286487407294,0.8629123527461403
2021-03-30,79.79512023925781,366.8128662109375,0.21753631780563348,0.9244560999028815
2021-03-31,80.78580474853516,368.29974365234375,0.21934797984761253,0.9994225355099293
2021-04-01,81.67742156982422,372.27703857421875,0.21939956835006535,0.9938858299243835
2021-04-05,82.73114776611328,377.62030029296875,0.21908554095722096,0.9717935996112692
2021-04-06,82.82120513916016,377.39727783203125,0.2194536368013272,0.9808342938069803
2021-04-07,82.31686401367188,377.8340759277344,0.21786511396980518,0.900986022533106
2021-04-08,82.6230697631836,379.6275939941406,0.21764242397105318,0.8838029457706014
2021-04-09,82.23580169677734,382.3875427246094,0.2150587885547373,0.7592207527491608
2021-04-12,81.82152557373047,382.5269775390625,0.2138973990805004,0.6998036864881322
2021-04-13,83.28953552246094,383.66058349609375,0.21709171884035608,0.8394746375774451
2021-04-14,83.9830093383789,382.3503723144531,0.21964934630509392,0.9494888892539491
2021-04-15,84.64047241210938,386.4577331542969,0.21901611780741848,0.9131426669385293
2021-04-16,84.15412902832031,387.7494812011719,0.21703221566571107,0.8149510762911653
2021-04-19,84.11810302734375,385.8443908691406,0.21801043378617485,0.8531767963534964
2021-04-20,83.93798828125,383.0195007324219,0.21914808024328045,0.8986108069876407
2021-04-21,83.7308349609375,386.6435852050781,0.21655818993227613,0.7720759232979693
2021-04-22,82.33487701416016,383.1123962402344,0.21491050099702663,0.6893951480761477
2021-04-23,83.61376190185547,387.2661437988281,0.2159077503694463,0.7294250641834271
2021-04-26,84.28922271728516,388.0746765136719,0.2171984615809263,0.7829717053769009
2021-04-27,83.87493133544922,387.9910888671875,0.21617746835458967,0.7289281105816197
2021-04-28,83.6587905883789,387.8795471191406,0.2156823973053737,0.6995428493112373
2021-04-29,83.4876708984375,390.3514099121094,0.21387823581125373,0.6090890905881554
2021-04-30,81.56034088134766,387.7866516113281,0.21032271364279495,0.4364993504631162
2021-05-03,81.39823150634766,388.6229553222656,0.20945296820885984,0.3898869044805279
2021-05-04,81.37120819091797,386.2253723144531,0.21068322804196293,0.4423700467268037
2021-05-05,81.59635925292969,386.3463134765625,0.21120004619347738,0.4611153334865115
2021-05-06,83.08238220214844,389.4314270019531,0.2133427772939644,0.5571480536718216
2021-05-07,84.29823303222656,392.2657165527344,0.21490084265595996,0.6254632726169878
2021-05-10,84.05506896972656,388.38140869140625,0.21642402825855567,0.6921187902039846
2021-05-11,82.98332214355469,384.9151916503906,0.21558858663839509,0.6458428473051325
2021-05-12,79.41685485839844,376.7375183105469,0.21080155545573953,0.40925396194752217
2021-05-13,80.35350799560547,381.26312255859375,0.21075604547422885,0.4014764875307609
2021-05-14,81.53331756591797,387.1175231933594,0.21061644767031976,0.38905424918930115
2021-05-17,80.01126098632812,386.1324768066406,0.20721194354857256,0.21713019457926427
2021-05-18,81.38922882080078,382.8056335449219,0.21261241133550307,0.475560919909073
2021-05-19,81.12804412841797,381.80206298828125,0.21248718116776663,0.4635704544996357
2021-05-20,81.59635925292969,385.9095153808594,0.21143909647421139,0.4060014790800665
2021-05-21,80.60568237304688,385.5935974121094,0.20904310370822432,0.2813646222131935
2021-05-24,81.4432601928711,389.5244140625,0.20908383981242148,0.27710769426441595
2021-05-25,82.145751953125,388.6601257324219,0.21135626351770212,0.38491440891707096
2021-05-26,82.46997833251953,389.4314270019531,0.2117702183601785,0.3996060277483075
2021-05-27,81.7674789428711,389.63592529296875,0.2098561083180146,0.2965671711170053
2021-05-28,82.8842544555664,390.3328552246094,0.21234250037156696,0.4168561527151963
2021-06-01,84.1721420288086,389.98907470703125,0.21583205142872436,0.5890348619723067
2021-06-02,83.69481658935547,390.6022644042969,0.21427120172228775,0.5032733722727376
2021-06-03,83.50568389892578,389.15264892578125,0.21458336241430004,0.5139084427283671
2021-06-04,84.47835540771484,392.7117919921875,0.21511540302664361,0.5355729919072665
2021-06-07,84.06405639648438,392.3307800292969,0.2142683181528785,0.4864735812621125
2021-06-08,83.49667358398438,392.41436767578125,0.21277680039730504,0.40400525408803495
2021-06-09,82.45195770263672,391.8289489746094,0.21042844822570686,0.2769537953423996
2021-06-10,83.46965026855469,393.6503601074219,0.21204007090397922,0.355747582438161
2021-06-11,83.43362426757812,394.30084228515625,0.21159889941913787,0.32782206458043456
2021-06-14,83.7308349609375,395.18359375,0.21187831753437386,0.3374847866219523
2021-06-15,83.64077758789062,394.4588623046875,0.2120392912437214,0.34002724629456343
2021-06-16,82.74916076660156,392.25640869140625,0.21095681022180957,0.2772709427599595
2021-06-17,82.60506439208984,392.12646484375,0.21065924337701958,0.25604930058629755
2021-06-18,82.04666900634766,386.83648681640625,0.21209651054784615,0.32655616926238695
2021-06-21,82.91127014160156,392.374267578125,0.2113065942202574,0.27881041295721015
2021-06-22,82.8302230834961,394.4720458984375,0.20997742158089935,0.2023608078080431
2021-06-23,83.17244720458984,393.99658203125,0.21109941303499172,0.25685472676707055
2021-06-24,84.16313171386719,396.32733154296875,0.21235762718207196,0.3193518624828484
2021-06-25,84.66748046875,397.7351379394531,0.2128740269401062,0.3416774413681004
2021-06-28,84.15412902832031,398.5369567871094,0.21115765450398066,0.2437925945603352
2021-06-29,83.83891296386719,398.75140380859375,0.21025358697949822,0.1894344686588225
2021-06-30,83.91996765136719,399.08697509765625,0.21027989608238165,0.18513959637551475
2021-07-01,83.3976058959961,401.2965393066406,0.2078203964581661,0.044826620617534854
2021-07-02,83.75785827636719,404.3638610839844,0.2071348761282381,0.0016986853663298444
2021-07-06,83.14543151855469,403.62744140625,0.2059954873951918,-0.0660108956627298
2021-07-07,82.47897338867188,405.0538024902344,0.20362473548352975,-0.2025181972961892
2021-07-08,80.64170837402344,401.7534484863281,0.20072437132239754,-0.36893198988845993
2021-07-09,81.24512481689453,406.0420837402344,0.20009040459183325,-0.40973404593997825
2021-07-12,81.86654663085938,407.4964904785156,0.20090123116084999,-0.37104097599330976
2021-07-13,81.6594009399414,406.1073913574219,0.20107834202916935,-0.3671577520484059
2021-07-14,82.20878601074219,406.7133483886719,0.20212954980808773,-0.3142264120266639
2021-07-15,82.551025390625,405.3241882324219,0.2036666643326216,-0.23359326082329288
2021-07-16,81.6954345703125,402.1450500488281,0.2031491735640986,-0.2700481868238623
2021-07-19,79.80413055419922,396.2061767578125,0.20142071284007468,-0.37579058994956077
2021-07-20,81.00196075439453,401.88397216796875,0.20155558908564658,-0.37507355954312566
2021-07-21,80.56965637207031,405.1377868652344,0.19886976476689674,-0.5373270982762258
2021-07-22,81.23611450195312,405.9862060546875,0.20009575027534407,-0.47378473523231074
2021-07-23,81.19108581542969,410.16290283203125,0.1979483889323819,-0.607411856293749
2021-07-26,81.08301544189453,411.1697998046875,0.19720080482664415,-0.6591398937971705
2021-07-27,80.27244567871094,409.2958679199219,0.1961232740673945,-0.7294840128015657
2021-07-28,81.01995849609375,409.1280822753906,0.19803079281553185,-0.6224441865847172
2021-07-29,81.6053695678711,410.82489013671875,0.19863784188127837,-0.591979540468159
2021-07-30,79.93021392822266,408.82965087890625,0.19550982605197018,-0.7848151074109672
2021-08-02,79.9122085571289,407.9720153808594,0.19587669140131445,-0.7704699623612826
2021-08-03,81.10102844238281,411.29107666015625,0.19718645272091667,-0.6988865977527786
2021-08-04,82.21778869628906,409.26788330078125,0.2008899111095535,-0.4813231152054322
2021-08-05,82.41593933105469,411.8597106933594,0.20010682567690039,-0.5344881267221053
2021-08-06,81.40724182128906,412.5403137207031,0.19733160400028968,-0.7087063149016124
2021-08-09,81.32618713378906,412.20465087890625,0.19729565632116153,-0.7159102496547366
2021-08-10,80.16437530517578,412.7174377441406,0.19423549376382965,-0.9064390548293222
2021-08-11,79.60598754882812,413.7430419921875,0.1924044140187167,-1.0191412485041285
2021-08-12,78.65132904052734,414.9830627441406,0.18952900998039074,-1.1942469200128305
2021-08-13,77.76871490478516,415.7381286621094,0.1870617813070294,-1.3427199303784916
2021-08-16,77.4084701538086,416.71710205078125,0.18575784332550763,-1.4197008865856953
2021-08-17,75.6162338256836,413.98541259765625,0.18265434366687075,-1.6030427090246746
2021-08-18,75.9944839477539,409.4543762207031,0.18559939363498595,-1.4231763404719822
2021-08-19,74.75164031982422,410.0882873535156,0.1822818222930243,-1.6231878738723
2021-08-20,74.4094009399414,413.3514099121094,0.1800148715006513,-1.7620223680589866
2021-08-23,75.60722351074219,416.9875183105469,0.18131771381807774,-1.6839208423206953
2021-08-24,76.99417877197266,417.64947509765625,0.18435119247778203,-1.5018756265678204
2021-08-25,77.03921508789062,418.5257873535156,0.1840728036736671,-1.5202862500722865
2021-08-26,76.07555389404297,416.05517578125,0.18284967552967382,-1.5961674249175064
2021-08-27,77.18331146240234,419.775146484375,0.18386822590335344,-1.538805171826201
2021-08-30,76.54386901855469,421.62103271484375,0.18154660958369181,-1.6835160888830052
2021-08-31,78.07493591308594,420.9964294433594,0.18545272703694057,-1.4518480581252917
2021-09-01,78.96654510498047,421.2201843261719,0.18747094285451602,-1.3359269559510307
2021-09-02,77.99388122558594,422.51611328125,0.18459386227873614,-1.524318668035629
2021-09-03,78.98455047607422,422.41351318359375,0.18698395768826914,-1.382434161218705
2021-09-07,77.84077453613281,420.9032287597656,0.18493746119624363,-1.5138084516725734
2021-09-08,76.53487396240234,420.39044189453125,0.18205664623936343,-1.6905061555811447
2021-09-09,75.32803344726562,418.5910949707031,0.1799561298659203,-1.8168302555879863
2021-09-10,75.30101776123047,415.2906799316406,0.18132123209127995,-1.727353572814673
2021-09-13,75.86840057373047,416.353515625,0.18222111193138907,-1.6664284787518706
2021-09-14,75.97648620605469,414.10662841796875,0.1834708285069265,-1.5841178155948956
2021-09-15,76.74200439453125,417.5655212402344,0.18378434159648907,-1.559523180485182
2021-09-16,75.31002044677734,416.90362548828125,0.18064131814294868,-1.7449337575574901
2021-09-17,74.82367706298828,412.8424377441406,0.1812402752775147,-1.69890054532112
2021-09-20,72.99542236328125,405.9586181640625,0.17981000795943486,-1.7753149237525006
2021-09-21,73.04045104980469,405.5751953125,0.18009102108309716,-1.7468700404287798
2021-09-22,73.84200286865234,409.5315856933594,0.18030844371535787,-1.7261371920643187
2021-09-23,75.6162338256836,414.50732421875,0.18242436118156086,-1.5915584262049294
2021-09-24,74.31033325195312,415.1900634765625,0.17897907437793956,-1.7919380667975273
2021-09-27,74.75164031982422,414.0023498535156,0.18055849283530206,-1.6921820931022273
2021-09-28,72.95038604736328,405.6593322753906,0.17983164750130617,-1.7300477312230158
2021-09-29,72.10379791259766,406.3421325683594,0.17744602917953028,-1.863430831209639
2021-09-30,72.6441879272461,401.3757629394531,0.18098797843507144,-1.645119368514457
2021-10-01,72.49108123779297,406.1456604003906,0.178485426057068,-1.7848148768383307
2021-10-04,71.47337341308594,400.9080810546875,0.17827870474712712,-1.7877198282893227
2021-10-05,71.05008697509766,405.07958984375,0.17539784466184427,-1.9446752939016034
2021-10-06,69.51001739501953,406.76300048828125,0.17088579175485283,-2.1896121572980554
2021-10-07,70.68082427978516,410.2797546386719,0.17227470641838727,-2.089480462669745
2021-10-08,70.20348358154297,409.5315856933594,0.17142385602000546,-2.1194818637743675
2021-10-11,70.05939483642578,406.56658935546875,0.17231960685085107,-2.0502112695667662
2021-10-12,68.87056732177734,405.56585693359375,0.16981352385650655,-2.1754746684221793
2021-10-13,70.50069427490234,407.02490234375,0.17320978119260497,-1.9696166128128612
2021-10-14,71.60846710205078,413.8713684082031,0.17302107023606195,-1.9678953656093603
2021-10-15,72.38300323486328,417.0233459472656,0.17357062605319085,-1.9259534248235475
2021-10-18,71.72554016113281,418.25787353515625,0.1714864075478163,-2.0292145172409626
2021-10-19,73.04045104980469,421.4847106933594,0.17329323981800002,-1.9153995553454524
2021-10-20,72.63517761230469,423.1402282714844,0.17165746189866488,-1.9902852081839844
2021-10-21,72.24791717529297,424.2438049316406,0.17029810768111142,-2.046706939341668
2021-10-22,72.37399291992188,423.8042297363281,0.1707722288778234,-2.0043730316069523
2021-10-25,73.34666442871094,426.07708740234375,0.17214411804183646,-1.9142150249772323
2021-10-26,73.87804412841797,426.46051025390625,0.17323536963465253,-1.841147795701349
2021-10-27,72.9413833618164,424.57122802734375,0.1718001092554457,-1.902868503978174
2021-10-28,73.03144073486328,428.6678161621094,0.17036837845378383,-1.9604117807669206
2021-10-29,71.59043884277344,429.53765869140625,0.16666859679050008,-2.133513033082931
2021-11-01,71.9056625366211,430.2765808105469,0.16711498079018516,-2.0886236200284327
2021-11-02,72.45504760742188,432.0162048339844,0.1677137264683508,-2.0367214661776205
2021-11-03,71.5994644165039,434.6537170410156,0.1647276017882242,-2.166994465348799
2021-11-04,71.66250610351562,436.7020568847656,0.16409930975531334,-2.1742518025321758
2021-11-05,71.57244110107422,438.2173156738281,0.16332636466229164,-2.187683867869441
2021-11-08,71.73455810546875,438.5914611816406,0.1635566682310767,-2.1513038875971136
2021-11-09,71.23920440673828,437.1416931152344,0.1629659342238925,-2.1562307697916445
2021-11-10,69.9963607788086,433.6248779296875,0.16142145974880745,-2.2057269974309417
2021-11-11,70.83393096923828,433.7651672363281,0.1633001824940126,-2.088863647150413
2021-11-12,71.79759979248047,437.0387268066406,0.1642820084093965,-2.018629782550589
2021-11-15,71.92369079589844,437.1883850097656,0.16451418487316824,-1.9853316925195228
2021-11-16,71.77957916259766,438.918701171875,0.16353729966609393,-2.0092141813842512
2021-11-17,70.86095428466797,437.8524475097656,0.16183752012277497,-2.065281467344089
2021-11-18,70.45568084716797,439.33966064453125,0.16036722189798727,-2.107852316693216
2021-11-19,70.63579559326172,438.553955078125,0.16106523444915347,-2.05009516472839
2021-11-22,72.0767822265625,437.3193054199219,0.16481500206663202,-1.8555009414346126
2021-11-23,71.51840209960938,437.8992004394531,0.16332160923755326,-1.9027321367280676
2021-11-24,71.32026672363281,439.068359375,0.16243545042770782,-1.9210685745404583
2021-11-26,68.23114013671875,429.27581787109375,0.15894475601979452,-2.0541847941979055
2021-11-29,68.78050231933594,434.54144287109375,0.15828295194329622,-2.0576893548449324
2021-11-30,68.2041244506836,426.0863952636719,0.16007111517483993,-1.95460400784208
2021-12-01,69.64511108398438,421.3536682128906,0.165288963495616,-1.7055299640362196
2021-12-02,71.20318603515625,427.80731201171875,0.16643751529241232,-1.6385507395587267
2021-12-03,70.86995697021484,424.0848693847656,0.16711267504787028,-1.5932347409288448
2021-12-06,71.85162353515625,429.10748291015625,0.1674443499513619,-1.5635112596756413
2021-12-07,72.97740173339844,437.9834289550781,0.16662137630984067,-1.583772629498017
2021-12-08,73.1845474243164,439.1431579589844,0.16665305173934142,-1.5672401175120039
2021-12-09,72.73423767089844,436.1783752441406,0.1667534242847027,-1.5479690615892003
2021-12-10,72.71623229980469,440.2842712402344,0.16515746087174707,-1.6007271672502041
2021-12-13,71.7679672241211,436.3840026855469,0.16446058238261368,-1.6144163515586245
2021-12-14,71.44606018066406,433.3817138671875,0.16485711762762364,-1.5819581924067958
2021-12-15,72.38420867919922,440.15338134765625,0.16445223812111617,-1.583575255583387
2021-12-16,71.9519271850586,436.2718200683594,0.16492453529037115,-1.5486560535906244
2021-12-17,72.26463317871094,431.6286315917969,0.16742316864432108,-1.4305091778513084
2021-12-20,70.83901977539062,427.0389404296875,0.16588421586123328,-1.4813563996743335
2021-12-21,71.62081909179688,434.62274169921875,0.16478847566002922,-1.5129313954547259
2021-12-22,72.11748504638672,438.9684753417969,0.16428852889773785,-1.5195669454725826
2021-12-23,72.4485855102539,441.6997985839844,0.16402222899469718,-1.5162609470323436
2021-12-27,72.73370361328125,447.9507141113281,0.16236987981495865,-1.5691533544565917
2021-12-28,72.4853744506836,447.58465576171875,0.1619478539257001,-1.5711512664432996
2021-12-29,72.54975891113281,448.15716552734375,0.1618846344356984,-1.5587715786462442
2021-12-30,71.87833404541016,446.9183044433594,0.1608310363007737,-1.5866441063117283
2021-12-31,71.62081909179688,445.79193115234375,0.16065974748951067,-1.5785131447318943
2022-01-03,71.61161041259766,448.3729553222656,0.15971438411383934,-1.602668508090257
2022-01-04,71.45526123046875,448.22283935546875,0.1594190544444797,-1.6014237042018757
2022-01-05,70.0664291381836,439.615966796875,0.15938099257108615,-1.5895984898448392
2022-01-06,69.52378845214844,439.2030944824219,0.1582953064893102,-1.6199653790487392
2022-01-07,71.30809020996094,437.46661376953125,0.16300235941554134,-1.4210451051651054
2022-01-10,70.19519805908203,436.9222412109375,0.16065833102140745,-1.5066490885275563
2022-01-11,71.94271850585938,440.90185546875,0.1631717299746281,-1.395601813616294
2022-01-12,73.36832427978516,442.0939025878906,0.16595642656527962,-1.2741021312975944
2022-01-13,72.08069610595703,436.00250244140625,0.1653217486191925,-1.2927396157192428
2022-01-14,71.07815551757812,436.1807556152344,0.1629557347557027,-1.3805941349965882
2022-01-18,68.971923828125,428.4562072753906,0.16097776775537115,-1.45184049627858
2022-01-19,69.74452209472656,424.00732421875,0.1644889559944125,-1.298301617646021
2022-01-20,69.41342163085938,419.3143005371094,0.16554031556268442,-1.2477520893169631
2022-01-21,68.53964233398438,411.0829772949219,0.16672945881875378,-1.1906950162874914
2022-01-24,67.23361206054688,412.8287658691406,0.1628607733257104,-1.3443653873960375
2022-01-25,66.24948120117188,407.7884521484375,0.1624604150807504,-1.3526498846791177
2022-01-26,65.39411163330078,406.765380859375,0.1607661681904747,-1.414130322388952
2022-01-27,63.65578842163086,404.7568359375,0.15726921146171868,-1.550596310933062
2022-01-28,64.9342269897461,414.8092041015625,0.15653998596869972,-1.5688886671883409
2022-01-31,66.5805892944336,422.28033447265625,0.1576691686994599,-1.5111716269888815
2022-02-01,67.12324523925781,425.1336669921875,0.15788739036866564,-1.4915914814416538
2022-02-02,67.60150909423828,429.26336669921875,0.15748259539138845,-1.4989580666665354
2022-02-03,66.2034912109375,419.17364501953125,0.15793810512073767,-1.468636858817667
2022-02-04,66.88410949707031,421.1446228027344,0.15881506227469766,-1.421612518423994
2022-02-07,67.10484313964844,419.7930908203125,0.15985218577208998,-1.3673440554496485
2022-02-08,67.30718994140625,423.2470397949219,0.15902577835870738,-1.3924626530778992
2022-02-09,68.5212631225586,429.4417724609375,0.15955891465772898,-1.3604383410524512
2022-02-10,67.73027038574219,421.7265319824219,0.16060234595001785,-1.3076083054018024
2022-02-11,67.0496597290039,413.4106140136719,0.16218659477085054,-1.2318941228961269
2022-02-14,66.442626953125,412.05908203125,0.16124538895149526,-1.2642371758800834
2022-02-15,66.95768737792969,418.7042541503906,0.1599164248134908,-1.3127905189228484
2022-02-16,67.7670669555664,419.17364501953125,0.16166824360441082,-1.2284761299720144
2022-02-17,67.23361206054688,410.2194519042969,0.16389669419243508,-1.1247958807283667
2022-02-18,67.12324523925781,407.5632629394531,0.16469405204764376,-1.0826091566251352
2022-02-22,66.93009185791016,403.1894226074219,0.16600160645354717,-1.0184644376991365
2022-02-23,66.06553649902344,396.0373229980469,0.16681644042763427,-0.9754252087101746
2022-02-24,64.96183013916016,401.9973449707031,0.16159765966587283,-1.1965801166999064
2022-02-25,66.82892608642578,410.8670654296875,0.162653402303092,-1.1420023789540152
2022-02-28,66.59898376464844,409.8158264160156,0.16250954568319168,-1.1404509864850758
2022-03-01,65.75281524658203,403.57421875,0.1629262033889077,-1.1142337996101173
2022-03-02,65.78960418701172,410.9984436035156,0.1600726358235994,-1.2329524698639862
2022-03-03,66.24027252197266,408.9523620605469,0.16197552249903754,-1.1405178169141794
2022-03-04,64.3731918334961,405.6296691894531,0.15869941654447864,-1.2783873356520516
2022-03-07,61.72431945800781,393.6720886230469,0.15679120070183777,-1.35377665372154
2022-03-08,62.15660095214844,390.68743896484375,0.15909546802128346,-1.241137456443363
2022-03-09,64.6123275756836,401.1620788574219,0.16106289946375424,-1.1438515523963548
2022-03-10,62.66245651245117,399.3506164550781,0.15691087963927033,-1.3204896943492554
2022-03-11,61.72431945800781,394.2728576660156,0.15655229178949426,-1.3262724944562654
2022-03-14,61.45758819580078,391.3913879394531,0.15702335332250095,-1.2953723081509982
2022-03-15,62.13820266723633,399.998291015625,0.15534617037853554,-1.3607470264064148
2022-03-16,64.86065673828125,408.8678283691406,0.15863477690820593,-1.203719509571286
2022-03-17,65.42170715332031,413.9831848144531,0.1580298658329378,-1.2219462562007595
2022-03-18,65.76201629638672,418.5174560546875,0.15713088031337366,-1.253889725882534
2022-03-21,64.4007797241211,418.39508056640625,0.15392336744719354,-1.3891305752825474
2022-03-22,65.50447845458984,423.29083251953125,0.15475052475077491,-1.3410725016768317
2022-03-23,64.8698501586914,417.8395690917969,0.15525061520547348,-1.3082321513379853
2022-03-24,65.26535034179688,424.13824462890625,0.15387754150512853,-1.360330844989717
2022-03-25,64.53874206542969,426.20953369140625,0.15142491418823698,-1.4607026112850485
2022-03-28,65.19176483154297,429.2411804199219,0.1518767718599753,-1.428978620358039
2022-03-29,66.6817626953125,434.55120849609375,0.1534497232813746,-1.347497848101837
2022-03-30,65.80799865722656,431.8680419921875,0.15237987593075256,-1.3864172914833046
2022-03-31,65.51367950439453,425.22100830078125,0.15406971486708212,-1.3003647291441347
2022-04-01,65.3205337524414,426.42608642578125,0.15318137382247213,-1.3317905776850316
2022-04-04,66.24948120117188,430.0790710449219,0.15404023506703515,-1.2837928673816603
2022-04-05,65.17337036132812,424.64666748046875,0.15347670275624078,-1.300640019333249
2022-04-06,64.3731918334961,420.4004821777344,0.15312349667163508,-1.307816815295082
2022-04-07,63.968505859375,422.51885986328125,0.15139798938223478,-1.377180727860121
2022-04-08,63.37066650390625,421.3890075683594,0.1503851912739466,-1.4131217283316162
2022-04-11,62.89239501953125,414.1865234375,0.15184558516670715,-1.3363653309883947
2022-04-12,63.02116012573242,412.6519470214844,0.15272231375767936,-1.287607929180803
2022-04-13,64.6123275756836,417.3782653808594,0.15480520413952217,-1.183325402917161
2022-04-14,63.214317321777344,412.18109130859375,0.15336539849774367,-1.2422063596870991
2022-04-18,63.16831970214844,412.3506164550781,0.1531907973006027,-1.2424173897749695
2022-04-19,63.61899948120117,419.00701904296875,0.15183277747115045,-1.2981627877910806
2022-04-20,63.98689651489258,418.6962890625,0.15282413096654188,-1.243375713771604
2022-04-21,62.83721160888672,412.435302734375,0.15235653008432312,-1.2569554610767968
2022-04-22,62.09222412109375,401.11846923828125,0.1547977190853517,-1.1339690746143392
2022-04-25,61.65073776245117,403.4440002441406,0.15281114039406649,-1.2208044617343465
2022-04-26,59.90321350097656,391.7598876953125,0.15290798109367876,-1.2085574970741888
2022-04-27,59.96759796142578,392.8614501953125,0.1526431212113397,-1.2135506292507998
2022-04-28,61.02531051635742,402.78497314453125,0.15150840916416144,-1.2597211260814263
2022-04-29,61.292030334472656,387.8996887207031,0.15801000133981638,-0.9395342371337662
2022-05-02,61.494380950927734,390.2347106933594,0.15758306287430465,-0.9530617971837104
2022-05-03,61.68752670288086,392.0235595703125,0.15735668226291058,-0.9570702534758684
2022-05-04,62.78203582763672,403.9618225097656,0.15541576537500393,-1.0442185632620553
2022-05-05,60.593017578125,389.6038513183594,0.155524688406153,-1.032095417793871
2022-05-06,60.822959899902344,387.2783508300781,0.15705231074635764,-0.9509928786356419
2022-05-09,58.873104095458984,374.8786926269531,0.15704574640640995,-0.9454246148860009
2022-05-10,59.139827728271484,375.744873046875,0.15739357199663948,-0.9222626690374504
2022-05-11,58.49599838256836,369.77581787109375,0.15819314177802846,-0.875965332481665
2022-05-12,57.64983367919922,369.38970947265625,0.15606778478344888,-0.9757635465005958
2022-05-13,60.23432922363281,378.2210693359375,0.15925693756138273,-0.8090723218287562
2022-05-16,59.54451370239258,376.6863708496094,0.15807451054863225,-0.8622390542426099
2022-05-17,61.10808563232422,384.4349670410156,0.1589555864355194,-0.8115656136760413
2022-05-18,59.075443267822266,368.9378662109375,0.1601230144103623,-0.7460499793416098
2022-05-19,60.2159309387207,366.67822265625,0.1642200905810852,-0.5293931728061356
2022-05-20,60.81377029418945,366.8382873535156,0.16577814364176302,-0.442586855419554
2022-05-23,61.742706298828125,373.701904296875,0.16521913747000522,-0.4654834179764619
2022-05-24,60.81377029418945,370.8490905761719,0.16398522158893739,-0.5239695978029795
2022-05-25,60.70339584350586,374.12554931640625,0.1622540774197906,-0.6093309964674393
2022-05-26,61.21845626831055,381.60107421875,0.16042527237021748,-0.7005627444458791
2022-05-27,62.17499542236328,390.9690246582031,0.15902793188467687,-0.7697168354125368
2022-05-31,62.579689025878906,388.7753601074219,0.16096619139800325,-0.6599640861654975
2022-06-01,62.1841926574707,385.6307067871094,0.16125321859236694,-0.6388305828600899
2022-06-02,63.09474182128906,392.9743957519531,0.1605568772503812,-0.671770827906606
2022-06-03,61.64154052734375,386.52508544921875,0.15947617075280912,-0.726777855247266
2022-06-06,61.52197265625,387.7019958496094,0.15868366249039,-0.7663707479508046
2022-06-07,61.163265228271484,391.4209289550781,0.15625956790698578,-0.8988664620710551
2022-06-08,60.730987548828125,387.16534423828125,0.15686059832734198,-0.859474890870937
2022-06-09,59.581298828125,377.9574279785156,0.15764023780877195,-0.8098671367768316
2022-06-10,58.063716888427734,366.9983215332031,0.1582124862202526,-0.771790676753775
2022-06-13,55.42403793334961,353.0639953613281,0.156980147116469,-0.8396751962891462
2022-06-14,56.067867279052734,352.0002136230469,0.15928361719432135,-0.6983448667233063
2022-06-15,56.104652404785156,357.01837158203125,0.1571478021037753,-0.8219070223480722
2022-06-16,54.48590087890625,345.2025146484375,0.15783749702517663,-0.7756668966048004
2022-06-17,54.90898132324219,345.94671630859375,0.1587209206930639,-0.7172805052684998
2022-06-21,54.7894172668457,354.65545654296875,0.154486322587307,-0.9763331603653681
2022-06-22,53.170658111572266,354.012451171875,0.15019431643029307,-1.2419994818637137
2022-06-23,52.62800216674805,357.482666015625,0.1472183329986908,-1.4278665517478926
2022-06-24,54.72502899169922,368.84844970703125,0.14836724686023808,-1.3537408957120975
2022-06-27,54.72502899169922,367.4395751953125,0.1489361317778852,-1.317091957419433
2022-06-28,54.320343017578125,359.9316711425781,0.1509184864036609,-1.1866523852006445
2022-06-29,53.483375549316406,359.6385498046875,0.1487142453954454,-1.3319093554711972
2022-06-30,53.52016067504883,356.7167663574219,0.1500354503141657,-1.2431318175764083
2022-07-01,52.79356002807617,360.48956298828125,0.1464496214271601,-1.4848204115970944
2022-07-05,52.4256591796875,361.17034912109375,0.14515493674180363,-1.57162044503288
2022-07-06,51.98418426513672,362.3901672363281,0.14344810915147124,-1.6866347846400886
2022-07-07,53.23503875732422,367.8177795410156,0.14473209757221087,-1.592931969693923
2022-07-08,53.621334075927734,367.5151672363281,0.14590237044950827,-1.5051935409399841
2022-07-11,52.085357666015625,363.31683349609375,0.14336070576420354,-1.6780306314373288
2022-07-12,52.03936767578125,360.1019287109375,0.144512882399901,-1.5907954218794866
2022-07-13,52.4256591796875,358.210693359375,0.14635425505595234,-1.4549516409422338
2022-07-14,51.46912384033203,357.3408203125,0.14403370931796008,-1.6189889888987952
2022-07-15,52.28770065307617,364.1678771972656,0.14358130941008979,-1.650275953242757
2022-07-18,52.68319320678711,361.16094970703125,0.1458717872170925,-1.4809944158787138
2022-07-19,53.98003387451172,370.9192810058594,0.14553040685328786,-1.5043258355007751
2022-07-20,53.58454132080078,373.28314208984375,0.14354932028487846,-1.6509242394780312
2022-07-21,54.46750259399414,377.0843200683594,0.14444382779989381,-1.579483761987381
2022-07-22,53.77769088745117,373.5858459472656,0.14395002238666796,-1.6149488125259135
2022-07-25,54.062808990478516,374.03961181640625,0.14453765666138785,-1.5661309040258922
2022-07-26,53.92485046386719,369.6144104003906,0.14589488111530133,-1.4574547659566601
2022-07-27,55.03774642944336,379.2118835449219,0.14513718798826494,-1.512745918216778
2022-07-28,55.66317367553711,383.9681091308594,0.14496822093255318,-1.5242028937646321
2022-07-29,55.69076919555664,389.5658264160156,0.14295599207946108,-1.6832497150393364
2022-08-01,55.0561408996582,388.4122619628906,0.14174666016316018,-1.7754504278605248
2022-08-02,54.660648345947266,385.84979248046875,0.1416630238273722,-1.7780155745868087
2022-08-03,55.60799026489258,391.8920593261719,0.1418961903961673,-1.7571653481774325
2022-08-04,55.8563232421875,391.62725830078125,0.14262623976824462,-1.701320790501159
2022-08-05,55.8563232421875,390.9653015136719,0.14286772515599885,-1.6854335946201302
2022-08-08,56.15983963012695,390.511474609375,0.14381098452050128,-1.6071161994596224
2022-08-09,55.90230941772461,388.96075439453125,0.14372223620540825,-1.6171038012777366
2022-08-10,56.63810729980469,397.1304626464844,0.14261839024477585,-1.711734359445356
2022-08-11,56.39897537231445,397.1304626464844,0.14201624069951896,-1.761159194255329
2022-08-12,57.19915771484375,403.8534240722656,0.14163345982825817,-1.7882201440663845
2022-08-15,56.61971664428711,405.5176696777344,0.13962330344145768,-1.9551977850278697
2022-08-16,56.66569900512695,406.3119201660156,0.1394635406757789,-1.956360486838808
2022-08-17,55.8011360168457,403.4280090332031,0.13831745631784612,-2.040711350586148
2022-08-18,55.22169494628906,404.6004943847656,0.1364844969610307,-2.1866477867025815
2022-08-19,54.19157409667969,399.1634521484375,0.1357628655754971,-2.228365709763874
2022-08-22,53.16145706176758,390.8518981933594,0.13601432488238277,-2.182271452136156
2022-08-23,53.41899108886719,389.9062805175781,0.13700469512303456,-2.0749267948492025
2022-08-24,53.73170471191406,391.1544494628906,0.13736697814813345,-2.027843284599598
2022-08-25,54.83540344238281,396.67657470703125,0.13823705995969626,-1.9374181395005234
2022-08-26,53.24423599243164,383.2494812011719,0.13892839678622593,-1.8629504847926837
2022-08-29,52.68319320678711,380.7154235839844,0.13837945600111837,-1.899151777547115
2022-08-30,52.637203216552734,376.53594970703125,0.13979330063306786,-1.7610677934329237
2022-08-31,53.262630462646484,373.6708679199219,0.14253888926139335,-1.5107372899382838
2022-09-01,52.131343841552734,374.8433837890625,0.13907500064317227,-1.814966303501585
2022-09-02,51.4415283203125,370.89080810546875,0.13869723162749364,-1.8395064740923248
2022-09-06,50.549373626708984,369.491455078125,0.13680796384322572,-2.002142803076963
2022-09-07,50.8528938293457,376.1293029785156,0.1352005638131587,-2.1350018702780544
2022-09-08,50.28264617919922,378.58782958984375,0.13281633018598266,-2.3302502677335135
2022-09-09,51.36794662475586,384.4692687988281,0.13360741883282723,-2.236238343315508
2022-09-12,51.80942916870117,388.6014099121094,0.13332280286996126,-2.241825319653939
2022-09-13,50.12628936767578,371.70404052734375,0.13485537928659758,-2.0877664871516224
2022-09-14,50.67813491821289,373.1224365234375,0.13582173023526975,-1.988778613408664
2022-09-15,49.620426177978516,368.8862609863281,0.1345141617508427,-2.095236274626762
2022-09-16,50.03431701660156,366.0721130371094,0.13667885434236696,-1.885391276911488
2022-09-19,49.951541900634766,368.910888671875,0.135402731213672,-1.988672105570145
2022-09-20,49.27092361450195,364.6763916015625,0.13510861889939477,-2.000583425797106
2022-09-21,48.774253845214844,358.3149719238281,0.13612117178174585,-1.8953378330766208
2022-09-22,48.194820404052734,355.30523681640625,0.13564342826997514,-1.926599991570697
2022-09-23,46.51167678833008,349.35211181640625,0.1331369561400367,-2.1435061531821367
2022-09-26,45.54594421386719,345.8961181640625,0.13167521062570647,-2.25727301077684
2022-09-27,45.26082229614258,345.01318359375,0.13118577622076263,-2.2833008576135816
2022-09-28,45.398780822753906,351.8017578125,0.1290464865924579,-2.455174024716911
2022-09-29,44.377864837646484,344.45294189453125,0.1288357840509739,-2.4465190662449205
2022-09-30,43.559288024902344,339.12652587890625,0.12844553492833025,-2.459630028556825
2022-10-03,44.534217834472656,348.07989501953125,0.12794251685226973,-2.478465925461153
2022-10-04,46.631248474121094,358.8656921386719,0.1299406699933355,-2.275830300526494
2022-10-05,45.83106994628906,358.0302429199219,0.1280089345875169,-2.4218479905189643
2022-10-06,46.180572509765625,354.33685302734375,0.13032957795728328,-2.1859638190893342
2022-10-07,45.398780822753906,344.45294189453125,0.13179966056627454,-2.032828215288468
2022-10-10,44.791744232177734,341.82293701171875,0.131037854345749,-2.078067205141844
2022-10-11,44.71816635131836,339.658203125,0.13165637084543286,-2.00268641600534
2022-10-12,45.17804718017578,338.5378723144531,0.13345049660562602,-1.8252885526023266
2022-10-13,45.15045166015625,347.4722595214844,0.1299397302171242,-2.1142223898918795
2022-10-14,44.70896911621094,339.55377197265625,0.1316697760607156,-1.9433462126780434
2022-10-17,46.11618423461914,348.2792663574219,0.13241151193678113,-1.8620468653011446
2022-10-18,46.17137145996094,352.3714294433594,0.1310304059920459,-1.964087571616114
2022-10-19,45.57353591918945,349.8743896484375,0.13025685007977542,-2.012934731497835
2022-10-20,45.56433868408203,346.9405212402344,0.1313318447819233,-1.9008333499540273
2022-10-21,46.30013656616211,355.3717041015625,0.1302865029257644,-1.9719030292467588
2022-10-24,45.76667785644531,359.72021484375,0.12722854031521352,-2.212295165359773
2022-10-25,46.539268493652344,365.4643859863281,0.1273428281337196,-2.178488768460581
2022-10-26,47.39463806152344,362.71099853515625,0.13066777200837942,-1.8753820219698962
2022-10-27,47.367042541503906,360.77410888671875,0.13129279894189114,-1.805883274141394
2022-10-28,47.66136169433594,369.3572082519531,0.12903866671480863,-1.9802713575197604
2022-10-31,47.65216827392578,366.6891784667969,0.12995248038998405,-1.8816679543244352
2022-11-01,48.47993850708008,365.0846862792969,0.13279093955201393,-1.6237496567600276
2022-11-02,47.58778381347656,355.92242431640625,0.13370268508615293,-1.5327252266717033
2022-11-03,47.85451126098633,352.2574768066406,0.13585094543572848,-1.3379747624593827
2022-11-04,49.60203552246094,357.3276062011719,0.1388138914028811,-1.0765757988206848
2022-11-07,50.31943893432617,360.74560546875,0.1394873233977209,-1.011059570154189
2022-11-08,51.43233108520508,362.6920166015625,0.14180717724952402,-0.8064574447503066
2022-11-09,51.3587532043457,355.2197265625,0.1445830548358053,-0.5639363943691483
2022-11-10,53.694915771484375,374.7405700683594,0.14328556889820993,-0.6691692103147839
2022-11-11,55.8563232421875,378.36749267578125,0.14762452991713573,-0.2931370614825839
2022-11-14,54.7894172668457,375.1487731933594,0.14604717163397496,-0.42312413788384684
2022-11-15,55.516014099121094,378.34857177734375,0.14673245319343242,-0.3590513765903069
2022-11-16,53.86966323852539,375.46221923828125,0.1434755894955648,-0.6337603872361172
2022-11-17,53.051090240478516,374.31329345703125,0.14172911079517522,-0.7780327912678976
2022-11-18,53.391395568847656,376.01287841796875,0.14199352903412737,-0.7491039827231376
2022-11-21,51.92899703979492,374.64569091796875,0.1386082859048955,-1.0332069748532922
2022-11-22,52.296897888183594,379.6872253417969,0.13773678543202392,-1.0998173234058324
2022-11-23,53.29942321777344,382.079833984375,0.13949813226717717,-0.9401915565540022
2022-11-25,53.2258415222168,381.99444580078125,0.1393366895967259,-0.9465835373347351
2022-11-28,52.27849578857422,375.8989562988281,0.13907592695472776,-0.9616090320347254
2022-11-29,53.676517486572266,375.2533264160156,0.14304075062898997,-0.6139798856230229
2022-11-30,55.82872772216797,387.0740051269531,0.14423269706230255,-0.5060345287714842
2022-12-01,55.470027923583984,386.7892150878906,0.1434115165568395,-0.5711623884540443
2022-12-02,54.66984558105469,386.3429870605469,0.14150598668039738,-0.7300671758639982
2022-12-05,53.400596618652344,379.39288330078125,0.14075276308310863,-0.7890672910208109
2022-12-06,52.499244689941406,373.9240417480469,0.14040082698217043,-0.8132170841419372
2022-12-07,52.78436279296875,373.2879638671875,0.14140387020822603,-0.7190273594847829
2022-12-08,52.99590301513672,376.21221923828125,0.14086704340023243,-0.7597655806084014
2022-12-09,53.3822021484375,373.4018249511719,0.1429618137389073,-0.5689987816089978
2022-12-12,53.52935791015625,378.7852783203125,0.14131847506726536,-0.7081753738689984
2022-12-13,54.224735260009766,381.65264892578125,0.14207876039281644,-0.634576327564695
2022-12-14,54.001319885253906,379.2125244140625,0.1424038406133702,-0.5995992811161697
2022-12-15,51.66476821899414,369.9363708496094,0.13965852587118954,-0.8380247982413342
2022-12-16,52.41880416870117,365.5688781738281,0.1433896792050663,-0.4980610586436682
2022-12-19,52.73530578613281,362.4688720703125,0.14548919879636754,-0.30319649321630976
2022-12-20,53.47071075439453,362.96490478515625,0.14731647619222182,-0.13207632366372332
2022-12-21,53.35900115966797,368.3921203613281,0.1448429491579031,-0.3508228642755304
2022-12-22,52.96803283691406,363.1365966796875,0.1458625578397312,-0.2522238306302854
2022-12-23,53.09835433959961,365.22540283203125,0.14538516195167228,-0.290243501383169
2022-12-27,53.66620635986328,363.7851867675781,0.1475216922291851,-0.08888495048096606
2022-12-28,52.69806671142578,359.26416015625,0.14668333932476457,-0.1610394396950722
2022-12-29,53.18213653564453,365.7309875488281,0.14541326369985064,-0.2731881124304244
2022-12-30,52.57705307006836,364.7676696777344,0.14413846796378427,-0.3861348528226854
2023-01-03,51.599609375,363.2319641113281,0.142056907082068,-0.5738279047988497
2023-01-04,53.638275146484375,366.0362243652344,0.14653816091426952,-0.15208806862890023
2023-01-05,53.0704231262207,361.8585205078125,0.14666069781014018,-0.136225307504624
2023-01-06,55.75141143798828,370.1566467285156,0.1506157242635659,0.237380383654312
2023-01-09,56.924339294433594,369.9468078613281,0.1538716866446683,0.5448244519512422
2023-01-10,57.11051559448242,372.5411682128906,0.15329987788583493,0.49649542722750445
2023-01-11,57.259464263916016,377.25299072265625,0.15178001413383427,0.3576349043968152
2023-01-12,57.678367614746094,378.6265563964844,0.1523357689531617,0.41572268369308346
2023-01-13,58.10657501220703,380.0954284667969,0.1528736487218312,0.4741649261808828
2023-01-17,57.94832229614258,379.399169921875,0.15273708244558143,0.4682959803930048
2023-01-18,57.08258819580078,373.4091796875,0.15286873301714826,0.48654653528154296
2023-01-19,57.87385177612305,370.6908264160156,0.15612431614688219,0.8028436827181804
2023-01-20,58.86991500854492,377.5964050292969,0.15590697958042618,0.7883065124700024
2023-01-23,59.48430633544922,382.1271057128906,0.15566628340713015,0.772488526898507
2023-01-24,59.307437896728516,381.7168884277344,0.15537022252542132,0.7524123934920147
2023-01-25,59.44707107543945,381.8600158691406,0.15567765307958123,0.7877361416707822
2023-01-26,60.59206771850586,386.0567626953125,0.15695118846118214,0.9170367364475811
2023-01-27,60.88996505737305,386.9437561035156,0.15736128079834863,0.9601016697939575
2023-01-30,59.549468994140625,382.0889587402344,0.1558523679681247,0.8125627030747903
2023-01-31,59.08401870727539,387.7069091796875,0.15239351507118018,0.47415673822263377
2023-02-01,60.610694885253906,391.8273620605469,0.15468724431727685,0.7021032339223343
2023-02-02,60.601383209228516,397.5312194824219,0.1524443370463592,0.48371823560776583
2023-02-03,59.01885986328125,393.3057556152344,0.15005846983083204,0.2513055882299969
2023-02-06,57.33393478393555,390.9021911621094,0.14667079407635972,-0.0798197840552063
2023-02-07,58.41377639770508,396.01458740234375,0.14750410276770368,0.007325155971627542
2023-02-08,58.56271743774414,391.684326171875,0.1495150904048334,0.21205335487001473
2023-02-09,58.38584899902344,388.2887268066406,0.15036709790469482,0.3012349289919303
2023-02-10,58.16242980957031,389.19482421875,0.14944296838048304,0.21344410851418116
2023-02-13,58.283451080322266,393.7636413574219,0.14801633507705703,0.07562909930205043
2023-02-14,58.274139404296875,393.5824279785156,0.14806082604754364,0.08613807441727797
2023-02-15,56.58921813964844,394.8605041503906,0.14331445547183744,-0.38804090688166487
2023-02-16,57.20361328125,389.4237976074219,0.1468929573197706,-0.019668803422200856
2023-02-17,56.68230438232422,388.45086669921875,0.14591885162715798,-0.11300006984004768
2023-02-21,55.956207275390625,380.658203125,0.146998558854164,0.004323217565093688
2023-02-22,55.406978607177734,380.1335754394531,0.1457566029076083,-0.11651761492146762
2023-02-23,56.33787536621094,382.1556396484375,0.14742128473634128,0.06406911739664294
2023-02-24,54.55986404418945,378.0733947753906,0.1443102445137746,-0.25362644681652646
2023-02-27,54.662261962890625,379.36102294921875,0.1440903483914522,-0.27076288072034105
2023-02-28,54.457462310791016,377.9588928222656,0.14408302951717958,-0.2652277541871906
2023-03-01,55.500064849853516,376.50909423828125,0.14740697024101415,0.09544910022617904
2023-03-02,55.258033752441406,379.43731689453125,0.14563152144521668,-0.08779151487232074
2023-03-03,56.41234588623047,385.5226135253906,0.14632694401599644,-0.0070461953230159585
2023-03-06,56.53335952758789,385.78973388671875,0.14653930512362479,0.02268073864821545
2023-03-07,54.950836181640625,379.8760681152344,0.1446546407997764,-0.1769237492323217
2023-03-08,55.09978103637695,380.49609375,0.14481037240970876,-0.15513200560275472
2023-03-09,53.74998092651367,373.4759521484375,0.14391818433640627,-0.24715551257338514
2023-03-10,53.77790832519531,368.0869445800781,0.14610110224514036,-0.0007567804098505994
2023-03-13,54.9415283203125,367.5622863769531,0.1494754232319887,0.3762738278198876
2023-03-14,54.215431213378906,373.6380920410156,0.14510145611017486,-0.10346194902366858
2023-03-15,53.340389251708984,371.30133056640625,0.14365795342112084,-0.25863029272798577
2023-03-16,54.96945571899414,377.8158264160156,0.14549272919675654,-0.05002327477243289
2023-03-17,54.29921340942383,373.3980712890625,0.14541910519775722,-0.0525989202419349
2023-03-20,54.74604415893555,376.98858642578125,0.14521936772139796,-0.06954444606800328
2023-03-21,55.04393005371094,381.93865966796875,0.14411719960886482,-0.1883147907909432
2023-03-22,55.379051208496094,375.4279479980469,0.1475091332539372,0.19764839970636844
2023-03-23,56.29133224487305,376.44287109375,0.1495348605787627,0.42968533158274863
2023-03-24,55.56523132324219,378.9130859375,0.146643738064004,0.10645789480827028
2023-03-27,55.379051208496094,379.62158203125,0.14587961757120899,0.023385059476119286
2023-03-28,55.881736755371094,378.7695007324219,0.1475349431443484,0.21347819859881015
2023-03-29,55.85380935668945,384.2748107910156,0.14534860934995045,-0.03233657257129661
2023-03-30,56.486820220947266,386.52484130859375,0.14614020674508035,0.06120989459265933
2023-03-31,56.989505767822266,391.9727783203125,0.14539148869478777,-0.021050580008073094
2023-04-03,56.654380798339844,393.46636962890625,0.1439878606442854,-0.17709291621406986
2023-04-04,56.36580276489258,391.2834167480469,0.14405364590543673,-0.16566755982443945
2023-04-05,56.430965423583984,390.2589111328125,0.14459878766068576,-0.09910424510130741
2023-04-06,55.81657028198242,391.78131103515625,0.14246869033774243,-0.33910283215814085
2023-04-10,57.0267333984375,392.1834411621094,0.14540831512278318,0.0023582959411010142
2023-04-11,57.734222412109375,392.2887268066406,0.14717277980961868,0.20763093240944214
2023-04-12,57.86454772949219,390.68975830078125,0.14810868854397732,0.3166749308430763
2023-04-13,59.58670425415039,395.8791809082031,0.15051739805424982,0.5952379240631558
2023-04-14,58.972312927246094,394.91217041015625,0.14933019882876078,0.4603266384405269
2023-04-17,58.48824691772461,396.3292236328125,0.14757490346437907,0.261562580696765
2023-04-18,58.61857223510742,396.5877380371094,0.14780732386038214,0.29146767516118
2023-04-19,58.05072784423828,396.52069091796875,0.14640024889961586,0.1317239873449758
2023-04-20,57.86454772949219,394.3568115234375,0.14673145242745014,0.1727151253279162
2023-04-21,57.306007385253906,394.6632385253906,0.14520229347777758,-0.001492859964835966
2023-04-24,56.93364715576172,395.074951171875,0.14410847103033134,-0.1251753399651144
2023-04-25,55.32319641113281,388.8035888671875,0.14229085840570987,-0.3320127148911846
2023-04-26,55.63039016723633,387.15679931640625,0.14368956005799619,-0.1646330146162827
2023-04-27,56.34718322753906,394.8642578125,0.1427001358383147,-0.2760853180321076
2023-04-28,56.47750473022461,398.23455810546875,0.14181969791598814,-0.3747166472037203
2023-05-01,56.10514831542969,397.8323669433594,0.14102710834339316,-0.4631790099465122
2023-05-02,56.22616958618164,393.361083984375,0.14293780415862145,-0.23285770767888947
2023-05-03,55.928279876708984,390.6610107421875,0.14316319862700158,-0.20039944483291128
2023-05-04,56.3751106262207,387.89404296875,0.14533636607242886,0.06302733547943895
2023-05-05,57.33393478393555,395.074951171875,0.1451216651773824,0.042472366717609164
2023-05-08,57.29669952392578,395.18023681640625,0.144988777742306,0.03170297252514012
2023-05-09,56.766082763671875,393.447265625,0.1442787578495371,-0.04748492027435722
2023-05-10,56.84055709838867,395.2855529785156,0.1437961915635152,-0.09965934860235448
2023-05-11,55.909664154052734,394.59619140625,0.14168830153885562,-0.348443440423508
2023-05-12,55.174251556396484,394.0791320800781,0.14000805184778195,-0.5463410130995892
2023-05-15,56.05860900878906,395.4387512207031,0.1417630640288501,-0.3265467157349908
2023-05-16,55.47214126586914,392.7961730957031,0.14122373145512696,-0.38627143529025404
2023-05-17,56.53335952758789,397.5643005371094,0.14219928562803885,-0.2597345691579096
2023-05-18,56.97088623046875,401.3941955566406,0.14193251138438448,-0.2862745969046481
2023-05-19,57.76214599609375,400.8100891113281,0.1441135030412118,-0.006344682960214237
2023-05-22,58.748897552490234,400.972900390625,0.14651588048782715,0.3084336912740872
2023-05-23,58.04141616821289,396.47283935546875,0.14639443211940742,0.3074304704987801
2023-05-24,58.04141616821289,393.60040283203125,0.14746279666025147,0.4614771564764352
2023-05-25,57.76214599609375,397.0090026855469,0.14549329009006018,0.215626052652789
2023-05-26,58.739585876464844,402.1504821777344,0.14606369625215146,0.3036828235825901
2023-05-30,59.05609130859375,402.30364990234375,0.14679481859766666,0.4134498413862706
2023-05-31,58.44170379638672,400.0728454589844,0.1460776567560824,0.325662542788144
2023-06-01,59.35397720336914,403.87396240234375,0.14696163340245252,0.4595144767604689
2023-06-02,60.6572380065918,409.7144470214844,0.14804759375109633,0.6243638781028561
2023-06-05,60.62930679321289,408.9293212890625,0.14826353513143037,0.6685027713960552
2023-06-06,61.159915924072266,409.8197326660156,0.14923614225749057,0.8194031698712405
2023-06-07,60.284881591796875,408.4026794433594,0.1476113762866673,0.5985941347744512
2023-06-08,61.12268829345703,410.8729248046875,0.1487629984928121,0.7733849450107344
2023-06-09,62.07219696044922,411.6101989746094,0.1508033501479836,1.0785995183553485
2023-06-12,62.03496551513672,415.34423828125,0.14935795371050697,0.8788387790529782
2023-06-13,62.84484100341797,418.0825500488281,0.15031682378534642,1.031963157436716
2023-06-14,62.25837707519531,418.5804748535156,0.1487369354649974,0.8085497154303627
2023-06-15,62.40732192993164,423.76983642578125,0.1472670222503239,0.6030457810334248
2023-06-16,61.88602066040039,422.3264465332031,0.14653598222041475,0.503443079711434
2023-06-20,60.67585372924805,420.1353454589844,0.1444197789713732,0.19199369096312863
2023-06-21,60.15455627441406,417.98260498046875,0.1439164107731826,0.12522064856727064
2023-06-22,60.17316818237305,419.491455078125,0.1434431320446481,0.05895121686551774
2023-06-23,58.93507766723633,416.3200988769531,0.14156193233576042,-0.22998144161754694
2023-06-26,59.48430633544922,414.6191101074219,0.14346735325353838,0.0706337001863808
2023-06-27,60.10800552368164,419.1647644042969,0.14339947111037626,0.06317652612825833
2023-06-28,58.90715026855469,419.3760681152344,0.14046378596016698,-0.392621750046479
2023-06-29,58.38584899902344,421.0290222167969,0.13867416714318404,-0.6676167656470394
2023-06-30,59.000240325927734,425.9975280761719,0.1384990203872216,-0.689305843861184
2023-07-03,60.31280517578125,426.48760986328125,0.14141748501232115,-0.22464355312247933
2023-07-05,59.63324737548828,425.8533020019531,0.14003237052560127,-0.4395075899617559
2023-07-06,58.46963119506836,422.5186462402344,0.13838355233634794,-0.6952688098893011
2023-07-07,58.77682113647461,421.4518737792969,0.13946271162447,-0.5221253647908676
2023-07-10,58.851295471191406,422.5186462402344,0.13928685986968234,-0.5462423034558735
2023-07-11,59.90320587158203,425.2094421386719,0.1408792936729896,-0.29201981341139316
2023-07-12,61.53227996826172,428.63067626953125,0.14355547415269232,0.13010474818108864
2023-07-13,62.34215545654297,432.0326232910156,0.14429964797947564,0.2476612900494008
2023-07-14,62.53764343261719,431.7635192871094,0.14484235151657543,0.33438165215107546
2023-07-17,62.87276840209961,433.2627258300781,0.1451146490426637,0.37661247347613525
2023-07-18,62.68658447265625,436.482177734375,0.1436177412742032,0.14034681201170549
2023-07-19,62.48179244995117,437.4528503417969,0.14283091858044134,0.018083917858278474
2023-07-20,61.439186096191406,434.5505065917969,0.14138560458268076,-0.20759448201991518
2023-07-21,61.46711349487305,434.5505065917969,0.14144987190778568,-0.19611980291150624
2023-07-24,62.649356842041016,436.4917907714844,0.14352929004990084,0.1328917513022709
2023-07-25,63.20789337158203,437.68341064453125,0.14441464271744336,0.2724305598687277
2023-07-26,62.863460540771484,437.750732421875,0.14360560904827424,0.14524856738958408
2023-07-27,61.7370719909668,434.848388671875,0.14197378580503825,-0.11012274783410404
2023-07-28,62.82622146606445,439.1057434082031,0.14307765819327875,0.06564991397276196
2023-07-31,62.90069580078125,439.9417724609375,0.1429750474680515,0.050691628715930095
2023-08-01,62.891387939453125,438.6828308105469,0.14336414266145261,0.1119620029907159
2023-08-02,60.95512771606445,432.5804443359375,0.14091050234514838,-0.2754764354576054
2023-08-03,60.92719650268555,431.3407287597656,0.14125073854692455,-0.22141136282105772
2023-08-04,60.350040435791016,429.389892578125,0.14054834889903858,-0.3315532521783112
2023-08-07,60.18247985839844,433.1377868652344,0.13894534645420695,-0.5822426083489003
2023-08-08,59.3632926940918,431.2541809082031,0.1376526775208885,-0.7822158879898488
2023-08-09,59.83804702758789,428.3711853027344,0.13968737646370805,-0.4584514547504075
2023-08-10,59.44707107543945,428.5249938964844,0.1387248630118402,-0.6067217521585807
2023-08-11,58.758209228515625,428.27508544921875,0.13719735568293448,-0.8428858988487986
2023-08-14,58.23690414428711,430.63916015625,0.13523364694273704,-1.1447200540393978
2023-08-15,57.724910736083984,425.62274169921875,0.13562459211091055,-1.0771413713202935
2023-08-16,56.56128692626953,422.4994201660156,0.13387305219033085,-1.3435641075588576
2023-08-17,56.61714172363281,419.27996826171875,0.13503421582089947,-1.1569479845992081
2023-08-18,56.47750473022461,419.4818115234375,0.13463636128850145,-1.2140656694173662
2023-08-21,56.85918045043945,422.21112060546875,0.1346700209338422,-1.2062688099971743
2023-08-22,56.57990646362305,421.0675354003906,0.13437252152394402,-1.2503696395605752
2023-08-23,57.29669952392578,425.7572021484375,0.13457599597798384,-1.2167295329183467
2023-08-24,57.259464263916016,419.85662841796875,0.13637861209830424,-0.9367149450669473
2023-08-25,57.724910736083984,422.81658935546875,0.13652470643140663,-0.9131656121578887
2023-08-28,58.19035720825195,425.49774169921875,0.1367583220908991,-0.8754793538832449
2023-08-29,58.972312927246094,431.6482849121094,0.13662121451323225,-0.8943635626236741
2023-08-30,58.59064483642578,433.4261779785156,0.135180217101077,-1.1132170488239193
2023-08-31,58.13450622558594,432.7919006347656,0.13432438578522712,-1.2385028563135572
2023-09-01,58.84198760986328,433.5990905761719,0.13570597560911235,-1.0196188602161256
2023-09-05,58.42308044433594,431.7251281738281,0.13532471619491349,-1.0739339492950017
2023-09-06,57.734222412109375,428.8228759765625,0.13463419431771373,-1.1747766617036772
2023-09-07,57.473567962646484,427.5063171386719,0.13443910805183157,-1.2014041074709063
2023-09-08,57.520118713378906,428.1501770019531,0.13434566141290305,-1.2144308243460928
2023-09-11,58.44170379638672,430.9659423828125,0.13560631606586426,-1.0258620137464867
2023-09-12,57.724910736083984,428.6018371582031,0.1346819022494691,-1.1688594921242872
2023-09-13,57.743526458740234,429.1015625,0.1345684367176832,-1.1881424652597752
2023-09-14,58.49755859375,432.80145263671875,0.13516026399026712,-1.0978747962056845
2023-09-15,58.758209228515625,427.5869140625,0.13741816528072465,-0.7534515730330049
2023-09-18,58.87922286987305,427.8376770019531,0.1376204715827406,-0.7256369803814933
2023-09-19,58.255523681640625,426.9504089355469,0.13644564441776885,-0.9059126685155431
2023-09-20,57.845924377441406,423.0252685546875,0.13674342569435247,-0.8616582677175689
2023-09-21,56.31925582885742,416.0333557128906,0.13537197211591848,-1.07289613403168
2023-09-22,56.59852981567383,415.0979919433594,0.13634980393592644,-0.922769809063792
2023-09-25,56.430965423583984,416.843505859375,0.13537686117298264,-1.072078101114148
2023-09-26,54.643646240234375,410.71954345703125,0.1330436963878031,-1.4307236978086273
2023-09-27,54.662261962890625,410.88348388671875,0.13303591919981164,-1.4345893121275417
2023-09-28,55.174251556396484,413.26556396484375,0.13350798219686683,-1.3663255333653381
2023-09-29,54.86705780029297,412.26263427734375,0.13308763210245717,-1.4399199230177318
2023-10-02,54.410919189453125,412.0986328125,0.13203372895975962,-1.6111320441371486
2023-10-03,53.861690521240234,406.582275390625,0.132474270968877,-1.552304128512167
2023-10-04,53.7592887878418,409.5429382324219,0.13126655051083455,-1.750380480311807
2023-10-05,53.97339630126953,409.38861083984375,0.13183902744765016,-1.6653022694501753
2023-10-06,54.55986404418945,414.2492370605469,0.13170782022759636,-1.6960392840756149
2023-10-09,54.42953872680664,416.9013366699219,0.13055736199258283,-1.878465244094568
2023-10-10,54.50400924682617,419.0712585449219,0.13005904875479232,-1.9522401539278678
2023-10-11,55.4442138671875,420.7878723144531,0.13176286085012037,-1.6852908595493148
2023-10-12,54.950836181640625,418.2225646972656,0.13139137105482893,-1.7432655523305949
2023-10-13,54.699493408203125,416.13946533203125,0.13144509945616248,-1.7300966522143775
2023-10-16,55.006690979003906,420.517822265625,0.13080703852846048,-1.8330263472938393
2023-10-17,54.96015167236328,420.49853515625,0.13070236178573377,-1.84693561885888
2023-10-18,54.42953872680664,414.8954162597656,0.13118857570778356,-1.767329435579476
2023-10-19,53.72205352783203,411.24993896484375,0.1306311525858355,-1.8539104643284916
2023-10-20,52.94941329956055,406.1965026855469,0.13035418313424235,-1.8977356531750578
2023-10-23,53.163516998291016,405.4924621582031,0.1311085210199277,-1.778550300529295
2023-10-24,53.861690521240234,408.5495910644531,0.13183635891277387,-1.6679990052134392
2023-10-25,52.49327087402344,402.6860656738281,0.13035780313427206,-1.9108565878191484
2023-10-26,51.357574462890625,397.864013671875,0.12908323622665221,-2.118740160309841
2023-10-27,50.86420440673828,396.0606384277344,0.12842529519887905,-2.215226505700348
2023-10-30,52.08367919921875,400.7958679199219,0.12995063913589286,-1.970163140215324
2023-10-31,51.15278244018555,403.31292724609375,0.12683149729285298,-2.4532764687634607
2023-11-01,52.362945556640625,407.6141357421875,0.1284620452656719,-2.1915690060225193
2023-11-02,54.03855895996094,415.42584228515625,0.1300799167011566,-1.9302075937034853
2023-11-03,55.546607971191406,419.2159423828125,0.13250118221999366,-1.5486920835818054
2023-11-06,58.348609924316406,420.18035888671875,0.13886562922387163,-0.5560414497609277
2023-11-07,57.38978958129883,421.37615966796875,0.13619610000366464,-0.9713095067838008
2023-11-08,56.29133224487305,421.684814453125,0.13349148538316752,-1.385890915934479
2023-11-09,55.732791900634766,418.3962097167969,0.13320577626255042,-1.419378555732894
2023-11-10,56.13307571411133,424.9251708984375,0.1321010840459904,-1.5757057435093262
2023-11-13,55.56523132324219,424.5201416015625,0.13088950529794527,-1.7446903504963096
2023-11-14,57.61320114135742,432.7561340332031,0.1331308712008622,-1.3881212792764712
2023-11-15,58.0321044921875,433.67230224609375,0.1338155657892496,-1.2725341150381286
2023-11-16,58.44170379638672,434.2027282714844,0.1345954320209756,-1.14411867737082
2023-11-17,57.94832229614258,434.7427673339844,0.13329335563534442,-1.3319756519761012
2023-11-20,59.121253967285156,438.0892333984375,0.13495253811342814,-1.073152358510837
2023-11-21,58.534793853759766,437.1344909667969,0.1339056859235705,-1.2234010691490635
2023-11-22,58.56271743774414,438.82220458984375,0.1334543166348687,-1.284982474826852
2023-11-24,58.01348876953125,439.0922546386719,0.13212141220133894,-1.4773623710791002
2023-11-27,58.23690414428711,438.3013916015625,0.13286953968247336,-1.3563363737522593
2023-11-28,59.10264205932617,438.7353820800781,0.13471136469348793,-1.0755778183648876
2023-11-29,59.000240325927734,438.4267578125,0.1345726264982214,-1.0914253521949278
2023-11-30,58.683738708496094,440.153076171875,0.13332574934812164,-1.2676378189166728
2023-12-01,58.94438552856445,442.75701904296875,0.1331303242938403,-1.286191165132629
2023-12-04,57.76214599609375,440.4327697753906,0.13114861100265304,-1.565181360702896
2023-12-05,57.287391662597656,440.3459167480469,0.13009633900017706,-1.7037594222867607
2023-12-06,56.91503143310547,438.57147216796875,0.12977367440650026,-1.7342347044590818
2023-12-07,57.529422760009766,441.91790771484375,0.13018124351985247,-1.6597993044763428
2023-12-08,57.86454772949219,443.81781005859375,0.1303790573926107,-1.6162683578744423
2023-12-11,58.37653732299805,445.5440673828125,0.13102303811587013,-1.5108424778664955
2023-12-12,58.69303894042969,447.57904052734375,0.13113446704581327,-1.4816804340166008
2023-12-13,59.4005241394043,453.7510681152344,0.1309099378787996,-1.5010642608178855
2023-12-14,60.18247985839844,455.2074279785156,0.13220891435286258,-1.3061805811342582
2023-12-15,59.521541595458984,454.4579162597656,0.13097261476998193,-1.4687596081288938
2023-12-18,59.754268646240234,457.0142822265625,0.13074923688406168,-1.4888418476511416
2023-12-19,60.42451477050781,459.7933044433594,0.13141669134060072,-1.3832235577837697
2023-12-20,60.2917366027832,453.4218444824219,0.1329705159476951,-1.1562927770486868
2023-12-21,61.24693298339844,457.72113037109375,0.1338084019274858,-1.030948706244968
2023-12-22,61.10365676879883,458.6410217285156,0.1332276309225738,-1.1035295410980677
2023-12-26,61.39020538330078,460.5776672363281,0.133289583387031,-1.0863047383923141
2023-12-27,61.944217681884766,461.41046142578125,0.13424970359465638,-0.945451729090037
2023-12-28,63.023597717285156,461.584716796875,0.1365374446420836,-0.6217253383313678
2023-12-29,62.59375,460.2484436035156,0.135999916718723,-0.6908546801026483
2024-01-02,61.839149475097656,457.67266845703125,0.13511654450238042,-0.8077365542180494
2024-01-03,60.51143264770508,453.93505859375,0.1333041621309534,-1.0520700742428166
2024-01-04,59.909664154052734,452.4728088378906,0.13240500419886408,-1.1685173751592748
2024-01-05,60.062496185302734,453.0926818847656,0.13256117034478684,-1.13766360532357
2024-01-08,60.37770462036133,459.5609436035156,0.13138127915511452,-1.2899217443093154
2024-01-09,59.01177978515625,458.8637390136719,0.12860414708732953,-1.6583661270757046
2024-01-10,58.667911529541016,461.4588623046875,0.12713573477933196,-1.8458453350365591
2024-01-11,58.77298355102539,461.2554626464844,0.12741959350207244,-1.7921568155259373
2024-01-12,58.610599517822266,461.5750427246094,0.1269795679849858,-1.8357910572501441
2024-01-16,56.346797943115234,459.8804626464844,0.12252487878883798,-2.416782280465468
2024-01-17,54.88534927368164,457.32415771484375,0.12001410454224115,-2.717592185294098
2024-01-18,55.907405853271484,461.3909912109375,0.1211714292612009,-2.526100459556974
2024-01-19,56.60469436645508,467.142822265625,0.12117213766000824,-2.49279472988287
2024-01-22,55.907405853271484,468.1304931640625,0.11942696891073488,-2.6926342726489656
2024-01-23,56.279930114746094,469.4957580566406,0.11987313867904298,-2.602974519017276
2024-01-24,56.470970153808594,470.0090637207031,0.12014868331851095,-2.5380422859220477
2024-01-25,56.260826110839844,472.5653381347656,0.11905406844459558,-2.649303951295173
2024-01-26,56.83394241333008,471.9649963378906,0.12041982531399711,-2.4451360508267084
2024-01-29,57.46437072753906,475.70269775390625,0.1207989170523202,-2.3758065962934314
2024-01-30,57.22557067871094,475.3347473144531,0.12039004302131086,-2.4099422983023837
2024-01-31,56.8052864074707,467.5785217285156,0.1214882287524166,-2.24809848008054
2024-02-01,58.553287506103516,473.69830322265625,0.12360881832963046,-1.9535969856935071
2024-02-02,59.80459213256836,478.68505859375,0.12493515529450286,-1.7696843422860145
2024-02-05,59.346099853515625,476.9421691894531,0.12443038944191555,-1.8213267375814737
2024-02-06,59.393856048583984,478.3267822265625,0.12417004076608805,-1.8381299373397642
2024-02-07,60.4445686340332,482.3162841796875,0.12532143453716463,-1.671332745220555
2024-02-08,60.4445686340332,482.5293273925781,0.1252661034317951,-1.6627358422836491
2024-02-09,60.81709289550781,485.31805419921875,0.1253138892511568,-1.6424377043173206
2024-02-12,61.5621452331543,485.10504150390625,0.1269047731235722,-1.4255505392140082
2024-02-13,59.900108337402344,478.423583984375,0.125203084343264,-1.6327244408050763
2024-02-14,61.00813293457031,482.7713928222656,0.12637064631754336,-1.468887671560148
2024-02-15,60.93171691894531,486.1024169921875,0.1253474880786791,-1.5875847991375887
2024-02-16,61.31379699707031,483.6816101074219,0.12676478848028355,-1.391664784209431
2024-02-20,61.41886901855469,481.01873779296875,0.12768498229478425,-1.2626560688895387
2024-02-21,61.41886901855469,481.4544677734375,0.127569423755887,-1.2671157154022519
2024-02-22,62.211673736572266,491.41839599609375,0.12659614341557288,-1.3811708114860624
2024-02-23,62.240333557128906,491.75732421875,0.12656717143157858,-1.3731517800840303
2024-02-26,61.323341369628906,489.9562072753906,0.12516086225469694,-1.5407405936428407
2024-02-27,60.76933288574219,490.8664855957031,0.12380012624409276,-1.6981959686777905
2024-02-28,61.27558898925781,490.21771240234375,0.1249966850217892,-1.5305957999483206
2024-02-29,61.23738098144531,491.9799499511719,0.12447129397757574,-1.5823344337074163
2024-03-01,62.02063751220703,496.5988464355469,0.12489082074470069,-1.5160339298155914
2024-03-04,62.66061782836914,496.0662841796875,0.12631501036597745,-1.3240212972191785
2024-03-05,61.42841720581055,491.1085205078125,0.12508114732420603,-1.467919987831692
2024-03-06,62.163917541503906,493.5970764160156,0.1259406113036023,-1.3479472858139083
2024-03-07,62.928070068359375,498.49676513671875,0.1262356638384616,-1.299628515837396
2024-03-08,63.300594329833984,495.5046081542969,0.12774975911045935,-1.0992695131147923
2024-03-11,63.262393951416016,495.07861328125,0.12778252231929313,-1.0864027326158483
2024-03-12,64.20802307128906,500.4044189453125,0.1283122623229795,-1.0115016061537523
2024-03-13,64.08385467529297,499.6199645996094,0.12826519998385003,-1.0103765918213021
2024-03-14,64.04564666748047,498.6323547363281,0.12844262122009145,-0.9800628843833777
2024-03-15,62.651058197021484,495.20843505859375,0.12651452148550038,-1.2150395569337074
2024-03-18,62.81344985961914,498.15155029296875,0.12609305305318796,-1.2583632974674883
2024-03-19,62.35495376586914,500.9197692871094,0.12448092007750147,-1.4503958097862164
2024-03-20,63.83550262451172,505.55303955078125,0.12626865557219075,-1.2141222954697544
2024-03-21,64.50413513183594,507.2236633300781,0.127170989437572,-1.0910789593937549
2024-03-22,64.04564666748047,506.26202392578125,0.1265069146819309,-1.1666216515203658
2024-03-25,64.49458312988281,504.86334228515625,0.1277466152285128,-1.0025418967892263
2024-03-26,64.37996673583984,503.9308776855469,0.12775555058567573,-0.9938247595601551
2024-03-27,64.2844467163086,508.165771484375,0.12650290579101942,-1.1449253293209294
2024-03-28,64.10295867919922,508.06866455078125,0.1261698726015254,-1.1789949949784426
2024-04-01,63.61580276489258,507.1847229003906,0.12542925662488164,-1.263781255209439
2024-04-02,63.68267059326172,503.9600524902344,0.12636452091506944,-1.1354357201686964
2024-04-03,63.520286560058594,504.5137023925781,0.12590398686660734,-1.1852695526103176
2024-04-04,63.147762298583984,498.35552978515625,0.12671227371713387,-1.073078276886791
2024-04-05,63.13821029663086,503.56170654296875,0.12538326381107237,-1.233625267469775
2024-04-08,63.27193832397461,503.8434753417969,0.12557856044687737,-1.1990813883368685
2024-04-09,62.91851806640625,504.42626953125,0.12473283384878976,-1.2966065173482055
2024-04-10,60.51143264770508,499.3753967285156,0.12117423694504115,-1.735968112504696
2024-04-11,62.01108169555664,503.1441345214844,0.12324715213967928,-1.4600714332313618
2024-04-12,59.80459213256836,496.19915771484375,0.12052538018804322,-1.7932171999618016
2024-04-15,59.470272064208984,489.9827575683594,0.12137217309307473,-1.6748028763951268
2024-04-16,58.543739318847656,489.089111328125,0.1196995352439389,-1.8746124956653238
2024-04-17,58.1521110534668,486.1945495605469,0.11960667001723553,-1.8699793969293015
2024-04-18,59.0308837890625,485.194091796875,0.12166447363455447,-1.5947670865937549
2024-04-19,58.57239532470703,480.9591369628906,0.12178247760209679,-1.5672055395714255
2024-04-22,59.87145233154297,485.3883361816406,0.123347529943814,-1.3569360770621937
2024-04-23,60.167564392089844,491.1482849121094,0.12250386744780506,-1.4536549872598776
2024-04-24,60.3299446105957,490.91522216796875,0.12289279673212812,-1.392361113329034
2024-04-25,60.08159637451172,489.0502624511719,0.12285362259775993,-1.385492468841793
2024-04-26,60.50188446044922,493.6834716796875,0.12255197496201402,-1.4124209328459858
2024-04-29,61.15140914916992,495.4318542480469,0.12343051546813413,-1.2893407989639545
2024-04-30,60.224876403808594,487.5835266113281,0.12351704501250756,-1.2677596689296973
2024-05-01,60.263084411621094,486.00030517578125,0.12399803821074673,-1.1964404443883567
2024-05-02,61.57169723510742,490.54608154296875,0.12551664268000912,-0.9946292043115238
2024-05-03,62.259437561035156,496.6265869140625,0.12536468888607585,-1.0062010197980045
2024-05-06,62.803897857666016,501.75518798828125,0.12516840754446337,-1.0238761358273247
2024-05-07,62.74658966064453,502.308837890625,0.12491635608909445,-1.048606995979323
2024-05-08,62.88031005859375,502.3573303222656,0.12517048376353065,-1.0084931429742963
2024-05-09,62.183021545410156,505.2518615722656,0.12307331506291974,-1.269578181193407
2024-05-10,61.972877502441406,505.90277099609375,0.12249958105669265,-1.333322079314338
2024-05-13,62.11615753173828,505.9705810546875,0.12276634226886898,-1.2882489504296912
2024-05-14,62.6319580078125,508.2920837402344,0.12322040813018234,-1.219518313788194
2024-05-15,63.92146682739258,514.5863647460938,0.12421912278793588,-1.0821591149002816
2024-05-16,63.3961181640625,513.5275268554688,0.12345222962488865,-1.171697829527522
2024-05-17,62.52688980102539,514.2656860351562,0.12158479847856488,-1.4008990876926353
2024-05-20,62.316741943359375,514.858154296875,0.12103671938237691,-1.458987739411157
2024-05-21,61.944217681884766,516.1209106445312,0.12001881032979053,-1.5770751176972004
2024-05-22,61.64811325073242,514.6348876953125,0.11979000010436708,-1.5954936901234762
2024-05-23,61.01768493652344,510.8758850097656,0.11943739512260802,-1.6294841804788764
2024-05-24,61.22782516479492,514.2560424804688,0.11906097373103852,-1.667479263772596
2024-05-28,61.8296012878418,514.6154174804688,0.1201471996127835,-1.5162899474554346
2024-05-29,60.320396423339844,511.0118103027344,0.11804110043485051,-1.7756661640523426
2024-05-30,59.68996810913086,507.6218566894531,0.117587466580753,-1.8212779422898442
2024-05-31,59.393856048583984,512.2454833984375,0.11594803267867164,-2.016291277471963
2024-06-03,60.37770462036133,512.6630859375,0.11777267815167429,-1.767930237255038
2024-06-04,60.167564392089844,513.2361450195312,0.11723173626011894,-1.8272840933736239
2024-06-05,61.30424118041992,519.3359375,0.11804351818117713,-1.7127860080221664
2024-06-06,61.7913932800293,519.3263549804688,0.11898374247221326,-1.5840671144698182
2024-06-07,60.80754470825195,518.6949462890625,0.11723180482727247,-1.804229788112815
2024-06-10,61.30424118041992,520.2975463867188,0.11782535129399717,-1.718768720947812
2024-06-11,60.92216491699219,521.5505981445312,0.11680969235531302,-1.849313761674664
2024-06-12,62.44092559814453,525.834228515625,0.11874640754065921,-1.5862390919757356
2024-06-13,61.93466567993164,526.8929443359375,0.11754696346900255,-1.7446827026282845
2024-06-14,61.629005432128906,527.2134399414062,0.1168957404404908,-1.82661827078951
2024-06-17,62.125709533691406,531.4095458984375,0.11690740223466896,-1.816291727613185
2024-06-18,62.689266204833984,532.7597045898438,0.11766893341360461,-1.703542443133532
2024-06-20,62.43136978149414,531.3124389648438,0.11750406202258168,-1.7149784061363846
2024-06-21,62.202125549316406,530.60009765625,0.11722976649283269,-1.7407011018323053
2024-06-24,62.06840133666992,528.875244140625,0.11735924875350429,-1.710640983204302
2024-06-25,62.11615753173828,530.9119873046875,0.11699897349669401,-1.7457559931721245
2024-06-26,62.316741943359375,531.5745849609375,0.11723047659988992,-1.701993556511065
2024-06-27,62.842105865478516,532.4124755859375,0.11803274481184668,-1.5807340017290967
2024-06-28,63.128658294677734,530.3175048828125,0.11903936361411954,-1.430011516090621
2024-07-01,63.15731430053711,531.408935546875,0.1188488000028484,-1.4443987934715203
2024-07-02,63.195526123046875,534.985107421875,0.11812576695375665,-1.5314269894083772
2024-07-03,63.85460662841797,537.37255859375,0.11882744216697455,-1.4241557821821005
2024-07-05,65.87005615234375,540.4713134765625,0.12187521244862555,-0.9934297200700656
2024-07-08,65.15367126464844,541.0950317382812,0.120410773418748,-1.1881695005194977
2024-07-09,65.0772476196289,541.6212158203125,0.1201526929130096,-1.2151106197612527
2024-07-10,65.71723175048828,546.980712890625,0.12014542780346478,-1.2071287728759565
2024-07-11,65.7649917602539,542.2643432617188,0.12127847345572758,-1.041640670022918
2024-07-12,65.5739517211914,545.6845703125,0.12016823507331137,-1.1913381778988048
2024-07-15,64.58055114746094,547.1853637695312,0.11802316988628664,-1.4873152559949667
2024-07-16,65.17277526855469,550.4302368164062,0.1184033341727424,-1.4281260883740776
2024-07-17,64.07430267333984,542.7125244140625,0.1180630624703519,-1.4719027154543172
2024-07-18,63.014034271240234,538.5418090820312,0.1170086207023564,-1.6157259346948458
2024-07-19,62.30719757080078,534.965576171875,0.11646954560452424,-1.6840916513197939
2024-07-22,62.842105865478516,540.4810791015625,0.11627068605239699,-1.701306383388978
2024-07-23,62.555538177490234,539.6333618164062,0.11592229577305646,-1.7399873972364863
2024-07-24,61.61945724487305,527.4038696289062,0.1168354287734558,-1.6002521745944511
2024-07-25,61.18962097167969,524.656005859375,0.11662807685095004,-1.6252434271583347
2024-07-26,62.1352653503418,530.5319213867188,0.11711880632541573,-1.5472811056335503
2024-07-29,62.1352653503418,530.8438110351562,0.11704999485475165,-1.5495813388678272
2024-07-30,61.629005432128906,528.1541748046875,0.11668752870299556,-1.59713477549365
2024-07-31,63.568050384521484,536.7391967773438,0.11843377708613947,-1.3311737686772842
2024-08-01,62.39316177368164,529.1383666992188,0.11791464331511639,-1.405358876344205
2024-08-02,60.70246887207031,519.2867431640625,0.11689585700224989,-1.5518484796641137
2024-08-05,57.41661071777344,504.1632080078125,0.11388496781558823,-1.9974848344242855
2024-08-06,56.77663040161133,508.8114013671875,0.11158678883580687,-2.325851696055274
2024-08-07,57.27333068847656,505.41046142578125,0.11332042974913187,-2.042862727178225
2024-08-08,58.71567153930664,517.09423828125,0.11354926663748845,-1.9886429828451873
2024-08-09,59.43206787109375,519.3743896484375,0.11443010871468477,-1.8416536504179886
2024-08-12,59.470272064208984,519.6472778320312,0.1144435362238767,-1.825319459683522
2024-08-13,60.74068069458008,528.1931762695312,0.11499709466822942,-1.7266778563206222
2024-08-14,60.85530090332031,529.8594970703125,0.11485176964799179,-1.732323644309105
2024-08-15,61.457069396972656,538.94140625,0.11403293323590806,-1.8383412150080338
2024-08-16,62.603302001953125,540.1497192382812,0.11589990658559678,-1.5421477602170937
2024-08-19,63.31014633178711,545.3143310546875,0.11609844584377516,-1.4995282009851947
2024-08-20,63.348358154296875,544.4276123046875,0.1163577245579604,-1.4482880370472793
2024-08-21,63.415218353271484,546.298583984375,0.11608160850566154,-1.4773620705181705
2024-08-22,62.211673736572266,542.0108642578125,0.11477938513605275,-1.657803721203683
2024-08-23,64.19847106933594,547.7700805664062,0.11719966706278173,-1.284373272480648
2024-08-26,63.128658294677734,546.464111328125,0.11552205714159344,-1.5244665166698106
2024-08-27,63.214630126953125,547.2145385742188,0.11552074309220738,-1.5132656275124778
2024-08-28,62.57465362548828,544.0379028320312,0.11501892294590339,-1.5767793657369042
2024-08-29,62.479129791259766,544.0865478515625,0.11483307212422628,-1.5925639825202307
2024-08-30,62.565101623535156,549.2803344726562,0.11390377134765182,-1.7169574513754784
2024-09-03,60.4063606262207,537.9767456054688,0.1122843340714217,-1.9395067432485282
2024-09-04,60.42546463012695,536.8755493164062,0.112550226411066,-1.881807214505171
2024-09-05,60.02428436279297,535.5697631835938,0.11207556604015488,-1.9333003174424026
2024-09-06,57.78913497924805,526.5560913085938,0.1097492478638522,-2.2510548323145776
2024-09-09,58.887611389160156,532.4515991210938,0.11059711621932332,-2.1011456156123414
2024-09-10,58.534183502197266,534.7708129882812,0.10945657855766328,-2.2405341604773374
2024-09-11,58.897159576416016,540.2569580078125,0.10901693852051104,-2.2770439222605234
2024-09-12,59.709068298339844,544.8076782226562,0.10959659836867695,-2.1668772913787726
2024-09-13,60.46367263793945,547.6530151367188,0.11040507578114038,-2.0276599703708924
2024-09-16,60.6738166809082,548.4617919921875,0.11062542107176075,-1.9757323417585637
2024-09-17,60.38726043701172,548.6859741210938,0.11005796263289279,-2.039044291520005
2024-09-18,60.42546463012695,547.05859375,0.11045519679330867,-1.9657980326793532
2024-09-19,61.04634094238281,556.3939208984375,0.10971784314934316,-2.051812423297007
2024-09-20,60.4827766418457,555.4320068359375,0.10889321446632261,-2.148333262228451
2024-09-23,60.83619689941406,556.820068359375,0.1092564732421785,-2.074754307185206
2024-09-24,62.125709533691406,558.4132690429688,0.11125399946202023,-1.776335451969357
2024-09-25,60.5209846496582,557.1817626953125,0.10861982337127087,-2.1284420146688676
2024-09-26,64.07430267333984,559.3907470703125,0.11454301489417743,-1.2783742323242806
2024-09-27,63.367454528808594,558.5794677734375,0.11344393803338067,-1.422649594361444
2024-09-30,61.09409713745117,560.8178100585938,0.10893751240009321,-2.0390188984056308
2024-10-01,60.63560485839844,555.793701171875,0.10909732285657432,-1.9945230339585713
2024-10-02,60.5591926574707,556.0283203125,0.10891386363815987,-1.997390341997627
2024-10-03,59.890560150146484,555.01171875,0.10790864071308671,-2.1124655743493603
2024-10-04,59.890560150146484,560.055419921875,0.10693684592589234,-2.217869274242155
2024-10-07,60.19622039794922,554.9921875,0.10846318516501499,-1.9844444926515097
2024-10-08,60.54964065551758,560.2412109375,0.10807780554771156,-2.0139256547858504
2024-10-09,60.7120246887207,564.12158203125,0.10762223361515977,-2.0509251430840023
2024-10-10,60.47322463989258,563.1343994140625,0.10738684176071388,-2.0571712013858696
2024-10-11,60.54964065551758,566.5064697265625,0.1068825227799133,-2.099591730074252
2024-10-14,60.72157669067383,571.1397094726562,0.10631650309648259,-2.1482123260497032
2024-10-15,59.317440032958984,566.7020263671875,0.10467130391823408,-2.334313416948755
2024-10-16,60.052940368652344,569.1652221679688,0.10551055832243009,-2.1942150773254028
2024-10-17,59.59444808959961,569.214111328125,0.10469601315847601,-2.2695336741913628
2024-10-18,59.288787841796875,571.4036254882812,0.10375990840298371,-2.3572858333707694
2024-10-21,58.83029556274414,570.4652099609375,0.10312687703913186,-2.4027374352929223
2024-10-22,58.1521110534668,570.162109375,0.10199224062295537,-2.5073333067794397
2024-10-23,58.47687530517578,564.952392578125,0.10350761599277455,-2.283795369481714
2024-10-24,58.49597930908203,566.1741943359375,0.10331798922360216,-2.2769245817489843
2024-10-25,58.400455474853516,565.9786987304688,0.1031849000781301,-2.262066668519713
2024-10-28,58.954471588134766,567.7283935546875,0.10384273934056086,-2.1519083280135884
2024-10-29,58.916263580322266,568.6471557617188,0.1036077697450228,-2.151741239988577
2024-10-30,58.07569122314453,566.9268188476562,0.10243948476664066,-2.262432443186447
2024-10-31,57.22557067871094,555.8132934570312,0.10295826197819237,-2.1696088527773565
2024-11-01,57.33064270019531,558.1591796875,0.10271378629353256,-2.169404984283389
2024-11-04,58.17121124267578,556.9569091796875,0.10444472504767577,-1.9412792932908418
2024-11-05,58.38135528564453,563.6914672851562,0.10356969845014699,-2.022221279827558
2024-11-06,56.70976638793945,577.7079467773438,0.09816338290703165,-2.6272753045356856
2024-11-07,57.9992790222168,582.1749877929688,0.09962516466413758,-2.426358350969069
2024-11-08,56.547386169433594,584.6968383789062,0.09671231732022585,-2.7206369444051886
2024-11-11,55.754573822021484,585.2539672851562,0.095265605939679,-2.836295358228854
2024-11-12,54.30268096923828,583.4358520507812,0.09307395282337204,-3.02322933944196
2024-11-13,53.37614822387695,583.71923828125,0.09144147515343505,-3.1351674322940695
2024-11-14,53.22332000732422,579.9658813476562,0.09176974321946345,-3.036577312449786
2024-11-15,53.68180847167969,572.5374145507812,0.0937612234718302,-2.772245457169038
2024-11-18,55.200565338134766,574.88330078125,0.09602047104711299,-2.49420477973601
2024-11-19,54.952213287353516,576.9847412109375,0.09524032329177967,-2.5395285227111346
2024-11-20,54.81848907470703,577.1802978515625,0.09497636921904269,-2.5319374579883878
2024-11-21,55.41070556640625,580.2786254882812,0.09548982701160215,-2.4442674724102424
2024-11-22,55.52532958984375,582.0772094726562,0.09539169149080405,-2.421218017796499
2024-11-25,56.10799789428711,584.0516967773438,0.09606683484334948,-2.3200277629620656
2024-11-26,55.97426986694336,587.1012573242188,0.09534006130740123,-2.363056049091758
2024-11-27,55.534881591796875,585.3223266601562,0.09487914446844765,-2.379968018656473
2024-11-29,54.856693267822266,588.9584350585938,0.09314187555929093,-2.5212594151856935
2024-12-02,54.1689567565918,590.0139770507812,0.09180961615071975,-2.615097484778092
2024-12-03,53.30928421020508,590.2877197265625,0.09031067804510554,-2.71961709489524
2024-12-04,53.69136047363281,593.953125,0.09039662931924605,-2.665862062718474
2024-12-05,53.03227615356445,592.9757080078125,0.0894341461840554,-2.7117332046680804
2024-12-06,52.49736785888672,594.0997924804688,0.08836456185197639,-2.764058310538558
2024-12-09,51.265167236328125,591.0403442382812,0.08673717071276658,-2.8637216744032656
2024-12-10,51.51352310180664,589.2027587890625,0.08742919535488587,-2.748670174707922
2024-12-11,53.0131721496582,593.7576293945312,0.08928419530999036,-2.5361321987748404
2024-12-12,52.99407196044922,590.6982421875,0.0897142875594131,-2.4597330124963555
2024-12-13,53.48122024536133,590.5809326171875,0.09055697075819356,-2.3498045170628683
2024-12-16,53.08959197998047,593.102783203125,0.0895116217348763,-2.4106896361402304
2024-12-17,52.393226623535156,590.6591186523438,0.08870298446094642,-2.4471792652177906
2024-12-18,50.965301513671875,573.055419921875,0.08893607798111394,-2.3919752560135907
2024-12-19,51.434757232666016,572.87939453125,0.0897828717940741,-2.2867744677517665
2024-12-20,51.19024658203125,579.7603149414062,0.08829553396942116,-2.3853325641568315
2024-12-23,51.610801696777344,583.2319946289062,0.0884910330230011,-2.3385145338736475
2024-12-24,51.552120208740234,589.7146606445312,0.08741875291415702,-2.399266592392551
2024-12-26,50.82837677001953,589.7539672851562,0.08618573098202344,-2.470794242998774
2024-12-27,50.3295783996582,583.5459594726562,0.08624783975051505,-2.4331445260971876
2024-12-30,50.06550979614258,576.8866577148438,0.08678569546825966,-2.3601436254185253
2024-12-31,49.772098541259766,574.7880249023438,0.08659209375441673,-2.349071068804471
2025-01-02,49.997047424316406,573.375732421875,0.08719770404850317,-2.272129615092039
2025-01-03,51.679264068603516,580.5447998046875,0.08901856340111901,-2.096820685811059
2025-01-06,53.20499801635742,583.88916015625,0.09112174304129854,-1.9025050006474615
2025-01-07,52.53993606567383,577.288818359375,0.09101152559127962,-1.8934100707372366
2025-01-08,53.12675094604492,578.1322631835938,0.09189376606227181,-1.802999346034823
2025-01-10,52.34432601928711,569.3056640625,0.09194415113625252,-1.7808830885933438
2025-01-13,52.31498718261719,570.1882934570312,0.0917503705055628,-1.778492346113729
2025-01-14,52.81378173828125,570.972900390625,0.09249787809920447,-1.700217039766818
2025-01-15,53.586429595947266,581.35888671875,0.09217443961060721,-1.7097404221021268
2025-01-16,53.341922760009766,580.2408447265625,0.09193065818237435,-1.7116914422412686
2025-01-17,53.625553131103516,586.0664672851562,0.09150080430213642,-1.7282108897730388
2025-01-21,54.456878662109375,591.4309692382812,0.09207647467674165,-1.6644636712050336
2025-01-22,54.87743377685547,594.7556762695312,0.09226886932977521,-1.6324609762691422
2025-01-23,54.44709396362305,598.001953125,0.09104835474047691,-1.7122760437135431
2025-01-24,54.67204666137695,596.2562255859375,0.09169220263931174,-1.6441358498740881
2025-01-27,53.35169982910156,587.8219604492188,0.09076166495775306,-1.7001899550873967
2025-01-28,53.10719299316406,592.8726806640625,0.08957605017940777,-1.7744149228482036
2025-01-29,53.22455596923828,590.21484375,0.0901782741197591,-1.7090304338312414
2025-01-30,54.055885314941406,593.382568359375,0.09109786535253107,-1.6208471497458772
2025-01-31,52.78444290161133,590.2246704101562,0.08943110233757359,-1.7320935896720169
2025-02-03,52.207401275634766,586.252685546875,0.08905272856351021,-1.7427298670466251
2025-02-04,53.15609359741211,590.1854858398438,0.09006675845606421,-1.6480966598192222
2025-02-05,53.75269317626953,592.5784912109375,0.09070982827342518,-1.583660280729846
2025-02-06,54.00698471069336,594.6380615234375,0.09082328933390128,-1.5602374923867384
2025-02-07,52.950706481933594,589.1950073242188,0.0898695776843136,-1.617290004202561
2025-02-10,53.92873764038086,593.1962890625,0.09091212914634207,-1.5240201066840338
2025-02-11,53.86027908325195,593.6474609375,0.09072771742036043,-1.5240872107787693
2025-02-12,53.948299407958984,591.7349853515625,0.0911696971506715,-1.4774234222697848
2025-02-13,55.112159729003906,597.9823608398438,0.09216352076272108,-1.3906578343157479
2025-02-14,55.43490982055664,597.952880859375,0.09270782296572576,-1.338273954743603
2025-02-18,56.17821502685547,599.7083129882812,0.09367589844957383,-1.2551240201813056
2025-02-19,56.99976348876953,601.12060546875,0.09482250811269642,-1.1593775429863589
2025-02-20,57.17580795288086,598.6197509765625,0.09551273218033102,-1.0987590314142393
2025-02-21,56.324920654296875,588.3809814453125,0.09572865614374389,-1.0742183326524002
2025-02-24,56.207557678222656,585.7034912109375,0.09596589148207732,-1.0482393367048426
2025-02-25,56.285797119140625,582.790771484375,0.09657976734219732,-0.9940277990133786
2025-02-26,56.54008865356445,583.0849609375,0.09696715305889171,-0.9571619228178234
2025-02-27,54.720947265625,573.7777709960938,0.09536958389068986,-1.0699257524312054
2025-02-28,53.46906280517578,582.7318115234375,0.09175586736099313,-1.3329570167969322
2025-03-03,53.12675094604492,572.5224609375,0.09279417764510126,-1.244209411869427
2025-03-04,53.37126159667969,565.74560546875,0.09433791633689985,-1.118347787294621
2025-03-05,54.818748474121094,571.8261108398438,0.09586611635066565,-0.9946691230561291
2025-03-06,53.733131408691406,561.6755981445312,0.09566577502422441,-1.002103347809172
2025-03-07,54.456878662109375,564.8236694335938,0.0964139458190887,-0.937821524445808
2025-03-10,52.90180587768555,549.779296875,0.09622371409470064,-0.944877384066054
2025-03-11,53.488624572753906,545.208984375,0.09810664553532726,-0.7947552476014842
2025-03-12,54.720947265625,548.1022338867188,0.09983711775371941,-0.6563968678879397
2025-03-13,54.00698471069336,540.7957763671875,0.09986576647008408,-0.6480339516266533
2025-03-14,54.90677261352539,551.96630859375,0.09947486243030289,-0.6718911945018122
2025-03-17,56.5889892578125,556.22265625,0.10173801556256276,-0.4911349006380126
2025-03-18,55.71854019165039,550.2108154296875,0.1012676207539413,-0.5215818688725226
2025-03-19,55.98261260986328,556.2030029296875,0.10065140302189331,-0.5635952637037254
2025-03-20,55.48381042480469,554.5947875976562,0.10004387287003627,-0.6050341236184381
2025-03-21,55.610958099365234,554.777587890625,0.10024009497357163,-0.5837115636146454
2025-03-24,56.05107116699219,564.712890625,0.09925587337834145,-0.6549532910042973
2025-03-25,55.81634521484375,566.0703125,0.09860320172654126,-0.70020474377021
2025-03-26,55.56205749511719,559.3124389648438,0.0993399281409681,-0.6356826772444146
2025-03-27,55.24908447265625,557.8270874023438,0.09904338767401369,-0.6531072009829798
2025-03-28,53.586429595947266,546.5934448242188,0.09803708790027724,-0.7272405711797201
2025-03-31,52.8529052734375,550.2626342773438,0.09605032575553465,-0.8798797163098849
2025-04-01,53.64510726928711,551.8167114257812,0.09721544519860435,-0.7796145163794559
2025-04-02,53.4299430847168,555.308837890625,0.09621662656707165,-0.8535576253656622
2025-04-03,51.97267150878906,527.9428100585938,0.09844375284326891,-0.6668717691377929
2025-04-04,50.12419128417969,497.03546142578125,0.10084630810927436,-0.4653425441252696
2025-04-07,49.66451644897461,496.150146484375,0.1000997718148183,-0.520297564842151
2025-04-08,47.84537124633789,488.3790283203125,0.0979677022801184,-0.6892180430993889
2025-04-09,52.109596252441406,539.668212890625,0.09655857989731646,-0.7989654216067487
2025-04-10,50.681671142578125,516.0204467773438,0.098216401034292,-0.6555293797068349
2025-04-11,53.116973876953125,525.227783203125,0.10113131021557333,-0.4078002680109925
2025-04-14,53.15609359741211,530.3233032226562,0.10023337325437974,-0.47678166145716117
2025-04-15,53.1854362487793,528.8378295898438,0.10057040792643158,-0.4431120105192723
2025-04-16,52.872467041015625,517.0828247070312,0.10225144699202125,-0.2967114735077678
2025-04-17,53.116973876953125,517.8206176757812,0.10257794314055454,-0.2642116911165831
2025-04-21,53.195213317871094,505.4951477050781,0.10523387525948491,-0.03543619902198627
2025-04-22,53.60599136352539,518.6469116210938,0.10335739047586993,-0.18871263112533687
2025-04-23,54.37863540649414,526.6836547851562,0.10324724322169475,-0.19253538557361008
2025-04-24,54.720947265625,537.769775390625,0.10175534172755771,-0.313763097301684
2025-04-25,54.584022521972656,541.6553344726562,0.10077261137862598,-0.3920614529025085
2025-04-28,54.42753982543945,541.8618774414062,0.1004454125513285,-0.4142748573156522
2025-04-29,54.86764907836914,545.2753295898438,0.10062375116006184,-0.39296853258002823
2025-04-30,54.95567321777344,545.4916381835938,0.1007452165550469,-0.3765488498537688
2025-05-01,54.37863540649414,549.3574829101562,0.09898588277787672,-0.5236527015252068
2025-05-02,56.442283630371094,557.5122680664062,0.1012395365327605,-0.32046125340650944
2025-05-05,57.09756851196289,554.3153686523438,0.10300556639946495,-0.15880168346236964
2025-05-06,57.21493148803711,549.6820678710938,0.10408731670951037,-0.05604290331978607
2025-05-07,56.52052688598633,551.9938354492188,0.10239340234658471,-0.2000129801997346
2025-05-08,55.94348907470703,555.8400268554688,0.10064674433612467,-0.35007371950773597
2025-05-09,56.42272186279297,555.1317749023438,0.10163842967324037,-0.25400200804489925
2025-05-12,56.765037536621094,573.4774780273438,0.09898390034754687,-0.48880630664831115
2025-05-13,56.84327697753906,577.2646484375,0.09847004685181833,-0.5296669958230523
2025-05-14,57.322513580322266,578.0025024414062,0.09917346955800284,-0.45893018451488093
2025-05-15,57.508338928222656,580.8256225585938,0.09901136708620531,-0.46776891856959374
2025-05-16,57.49856185913086,584.5045776367188,0.09837144833255243,-0.5210772484728502
2025-05-19,57.52790069580078,585.1439208984375,0.09831410468636793,-0.5202957606652105
2025-05-20,57.117130279541016,583.1766357421875,0.09794138993042843,-0.5492454037936906
2025-05-21,57.80175018310547,573.3495483398438,0.1008141549085941,-0.271091552257262
2025-05-22,57.009544372558594,573.575927734375,0.09939319559268518,-0.40021025483265704
2025-05-23,57.664825439453125,569.6607055664062,0.10122661590659959,-0.21875781735052446
2025-05-27,58.662418365478516,581.5043334960938,0.10088044918391409,-0.2459998786894344
2025-05-28,59.415504455566406,578.1400756835938,0.10277008454277005,-0.05736688862271415
2025-05-29,60.442440032958984,580.4222412109375,0.1041352927945312,0.08125798474703243
2025-05-30,59.29814147949219,579.7730712890625,0.10227819196163976,-0.09341172610560254
2025-06-02,60.383758544921875,583.0388793945312,0.10356729315826868,0.038760400012901514
2025-06-03,60.530460357666016,586.36376953125,0.1032302190260752,0.011229441337337775
2025-06-04,62.57455062866211,586.2063598632812,0.10674491938855139,0.3633432328055237
2025-06-05,63.92423629760742,583.3733520507812,0.10957688772188376,0.6495548742281775
2025-06-06,64.12962341308594,589.3639526367188,0.1088115809020562,0.5786666156485568
2025-06-09,65.01963806152344,589.8950805664062,0.1102223771710264,0.72509313059424
2025-06-10,64.7066650390625,593.2396850585938,0.10907339254060773,0.6166570719286922
2025-06-11,65.5184326171875,591.5476684570312,0.11075765506452438,0.7909718046918431
2025-06-12,66.20305633544922,593.8988037109375,0.11147194761428006,0.8682153065170425
2025-06-13,64.96095275878906,587.2588500976562,0.1106172393110578,0.7863595470198346
2025-06-16,66.69207000732422,592.84619140625,0.11249472624447246,0.982626836810242
2025-06-17,65.16633605957031,587.7802124023438,0.11086854352109943,0.8223417982209241
2025-06-18,66.37910461425781,587.691650390625,0.11294886454510143,1.0384801480251902
2025-06-20,67.02459716796875,586.3114624023438,0.11431568622817499,1.181048879659472
2025-06-23,67.89505004882812,592.1027221679688,0.11466768772862952,1.2203954330886813
2025-06-24,71.0541000366211,598.643798828125,0.11869178328701145,1.6317520145800528
2025-06-25,70.7802505493164,598.979248046875,0.11816811814451587,1.5767305427408072
2025-06-26,70.35969543457031,603.6655883789062,0.11655409350649823,1.4122715935133585
2025-06-27,69.18605041503906,606.6647338867188,0.11404330357524628,1.1577874675071635
2025-06-30,70.20320892333984,609.5653686523438,0.11516928705866027,1.275781274342809
2025-07-01,70.0662841796875,609.3681030273438,0.1149818702875944,1.2599805129736747
2025-07-02,70.36946868896484,612.130615234375,0.11495825717199507,1.2623256115720136
2025-07-03,71.10299682617188,616.955078125,0.11524825606794964,1.2965972818000977
2025-07-07,68.53076934814453,612.357421875,0.11191302154599125,0.9570500494838686
2025-07-08,70.49662017822266,612.02197265625,0.11518642030490953,1.3014081972512603
2025-07-09,70.49662017822266,615.6920776367188,0.11449980069390837,1.2391260306752203
2025-07-10,71.53333282470703,617.4285278320312,0.11585686375049933,1.3872377729427159
2025-07-11,70.96607208251953,615.2581176757812,0.11534357701870433,1.3396642066878295
2025-07-14,71.59201049804688,616.4320068359375,0.11613934660128865,1.4290310972957398
2025-07-15,71.46487426757812,613.7978515625,0.11643063605657018,1.4669499727719006
2025-07-16,71.47465515136719,615.8499755859375,0.11605854994694792,1.4333631244634821
2025-07-17,71.45508575439453,619.6187133789062,0.11532105827587984,1.358492774677357
2025-07-18,70.79981231689453,619.1649169921875,0.11434726092174223,1.2597774650154931
2025-07-21,72.24729919433594,620.3389282226562,0.11646423577081148,1.4878786076790311
2025-07-22,71.28882598876953,620.427734375,0.11490270669570199,1.3237138269315993
2025-07-23,72.22773742675781,625.7060546875,0.11543397556354305,1.3818374128492406
2025-07-24,71.69960021972656,625.9132690429688,0.11455197351760313,1.2894993931338914
2025-07-25,71.60179901123047,628.5572509765625,0.11391452234460078,1.223472062193642
2025-07-28,71.11277770996094,628.3994750976562,0.11316492220002201,1.1470697209378016
2025-07-29,71.87564086914062,626.7420043945312,0.11468138462903348,1.312398519683109
2025-07-30,72.06147003173828,625.9526977539062,0.11512286837378453,1.3624576325941724
2025-07-31,71.21057891845703,623.6045532226562,0.11419188418438551,1.2655981829602516
2025-08-01,69.09803009033203,613.3834228515625,0.11265063175183593,1.1035463159364463
2025-08-04,70.74112701416016,622.706787109375,0.11360262723735957,1.2122919614428163
2025-08-05,71.28882598876953,619.5496826171875,0.11506555162391724,1.3748083417186712
2025-08-06,71.57245635986328,624.295166015625,0.11464521953077553,1.3319799288177339
2025-08-07,71.82674407958984,623.7722778320312,0.1151489840639107,1.3852647684946098
2025-08-08,71.88542938232422,628.63623046875,0.11435139417389609,1.2955426930495348
2025-08-11,71.42575073242188,627.39306640625,0.11384529819807129,1.240005701612412
2025-08-12,72.47224426269531,634.0723266601562,0.11429649460405841,1.2881571407248633
2025-08-13,73.07862854003906,636.2428588867188,0.11485964442557384,1.348764885364794
2025-08-14,72.04191589355469,636.302001953125,0.11321969076385502,1.1721010756049806
2025-08-15,71.77783966064453,634.812255859375,0.11306939807498757,1.1578301882561661
2025-08-18,71.2008056640625,634.6741333007812,0.11218482356255002,1.0643124617825201
2025-08-19,69.87068176269531,631.2308349609375,0.11068958912157567,0.904420737620968
2025-08-20,69.79243469238281,629.5537109375,0.11086017520006577,0.927636516279722
2025-08-21,69.65550994873047,627.028076171875,0.1110883429239573,0.9573182706940383
2025-08-22,71.89521026611328,636.6571655273438,0.11292609925557409,1.1625869837227114
2025-08-25,71.1323471069336,633.8552856445312,0.11222174637954335,1.0893032874133624
2025-08-26,70.79981231689453,636.5092163085938,0.11123140168730757,0.9836496728480226
2025-08-27,70.8780517578125,637.95947265625,0.11110118243514747,0.9753801216945723
2025-08-28,72.02234649658203,640.21875,0.11249646546056645,1.1330713382339221
2025-08-29,70.6530990600586,636.400634765625,0.11101984379082033,0.9737313576808836
2025-09-02,70.34013366699219,631.684814453125,0.1113532129593593,1.0143942427100163
2025-09-03,71.30838775634766,635.1082153320312,0.11227753953563331,1.1200387126821536
2025-09-04,71.46487426757812,640.4161376953125,0.11159130768434602,1.0458084968007537
2025-09-05,72.01256561279297,638.5613403320312,0.112773137151317,1.177229594486355
2025-09-08,72.56027221679688,640.1300048828125,0.11335239976773212,1.2409936945871747
2025-09-09,73.27423095703125,641.60986328125,0.11420371654248004,1.3334890755958868
2025-09-10,74.96623229980469,643.4646606445312,0.11650403959203322,1.5810912960884789
2025-09-11,76.14965057373047,648.8119506835938,0.11736782975945273,1.6675343954117754
2025-09-12,76.93208312988281,648.5948486328125,0.1186134661600376,1.7919275844920182
2025-09-15,77.450439453125,652.0480346679688,0.11878026669087924,1.7962721771289054
2025-09-16,78.91748809814453,651.150146484375,0.12119706725741823,2.041062560771729
2025-09-17,78.07637786865234,650.3412475585938,0.12005447626419836,1.9017448378802913
2025-09-18,78.97616577148438,653.3798828125,0.12087327426049344,1.97335659373744
2025-09-19,78.29154205322266,656.6160278320312,0.11923489335421826,1.7844688434968359
2025-09-22,79.76837158203125,659.7225341796875,0.12091200080230226,1.947040214752834
2025-09-23,79.66078186035156,656.1312866210938,0.12140982069394063,1.9815111145997832
2025-09-24,78.2817611694336,654.0436401367188,0.11968889591689919,1.7856412222620048
2025-09-25,78.13505554199219,651.0263061523438,0.12001827699372282,1.805549832728624
2025-09-26,77.13746643066406,654.756103515625,0.11781099254590342,1.5674571392460177
2025-09-29,78.47736358642578,656.5962524414062,0.11952149177614899,1.7315303934222355
2025-09-30,78.34043884277344,659.0694580078125,0.11886522412914605,1.6576821829770294
2025-10-01,80.09112548828125,661.3153686523438,0.12110882233312423,1.877060786700692
2025-10-02,81.69509887695312,662.0769653320312,0.12339214797479486,2.088682290419822
2025-10-03,82.00806427001953,662.0672607421875,0.12386666602134538,2.1135932980569363
2025-10-06,82.91764068603516,664.4415893554688,0.12479297204509447,2.1813053987211597
2025-10-07,81.51905059814453,661.9781494140625,0.1231446244416067,1.995193359908297
2025-10-08,82.3405990600586,665.925537109375,0.12364835776906774,2.022493051394367
2025-10-09,81.59729766845703,663.996337890625,0.12288817424456627,1.9285169862659324
2025-10-10,78.94682312011719,646.0499877929688,0.12219924868324004,1.8438066317018658
2025-10-13,81.78311920166016,655.9629516601562,0.12467643026893181,2.061104378004898
2025-10-14,80.87355041503906,655.16162109375,0.1234406103947693,1.922023271458315
2025-10-15,83.299072265625,658.0702514648438,0.1265808203306621,2.1942795107763096
2025-10-16,85.94953918457031,653.5887451171875,0.1315040074154883,2.615598963168541
2025-10-17,86.57547760009766,657.2986450195312,0.1317140667428656,2.58981454563239
2025-10-20,88.44352722167969,664.1348876953125,0.1331710302535036,2.6751779898625445
2025-10-21,86.6928482055664,664.1249389648438,0.1305369564056615,2.3982011330446955
2025-10-22,87.48504638671875,660.6722412109375,0.13241822636042427,2.5243323573593637
2025-10-23,88.0914306640625,664.5899658203125,0.13255004618574107,2.494078847004198
2025-10-24,90.02793884277344,670.0213623046875,0.13436577385100426,2.6060165478548134
2025-10-27,92.23828887939453,677.926025390625,0.13605951892206275,2.7010153388853135
2025-10-28,92.37521362304688,679.7266235351562,0.1359005376935469,2.638957451104025
2025-10-29,94.77140045166016,680.0531616210938,0.1393588116342941,2.8690189607042376
2025-10-30,93.16742706298828,672.5737915039062,0.1385237251880743,2.746306286549133
2025-10-31,94.86920166015625,674.780029296875,0.14059278215303816,2.855020084749876
2025-11-03,98.566162109375,676.04638671875,0.14579792754721232,3.1909496576716228
2025-11-04,93.65644073486328,668.0328369140625,0.14019736090744217,2.7003280446483204
2025-11-05,94.49755096435547,670.3478393554688,0.14096793547542974,2.7077212538591766
2025-11-06,91.45587158203125,663.1554565429688,0.13791015466990345,2.4355553163226547
2025-11-07,89.78343200683594,663.808349609375,0.13525505073816854,2.204825363528598
2025-11-10,93.56841278076172,674.1666870117188,0.1387912137805398,2.42845875493843
2025-11-11,93.19676971435547,675.7100219726562,0.13792420814224188,2.3287452371486053
2025-11-12,93.81292724609375,676.0859375,0.13875887966697095,2.3530500708999336
2025-11-13,92.0035629272461,664.866943359375,0.13837891001525726,2.2917032977476377
2025-11-14,92.06224060058594,664.7581787109375,0.13848982013144687,2.2671678588386923
2025-11-17,90.97662353515625,658.5650024414062,0.13814372643230552,2.2126186831520487
2025-11-18,89.57804107666016,653.03466796875,0.13717195345124736,2.117113298048415
2025-11-19,88.57066345214844,655.5574951171875,0.13510739197073102,1.9498493794638017
2025-11-20,86.58525848388672,645.5652465820312,0.13412317181309794,1.86024465259246
2025-11-21,87.2601089477539,651.995849609375,0.13383537487245256,1.8201255321268606
2025-11-24,88.3163833618164,661.59228515625,0.13349064876256606,1.777216329364415
2025-11-25,87.81758117675781,667.815185546875,0.13149982671454805,1.6250764351766516
2025-11-26,89.53892517089844,672.4254760742188,0.13315813923893569,1.7197744479912551
2025-11-28,88.87386322021484,676.0958251953125,0.13145157817612718,1.588670623509731
2025-12-01,88.62935638427734,673.0091552734375,0.13169116005304274,1.5892994637970377
2025-12-02,90.04750061035156,674.2556762695312,0.13355097150766204,1.6967586473481187
2025-12-03,90.95706939697266,676.5905151367188,0.13443444352540612,1.7378582481743043
2025-12-04,89.85189819335938,677.085205078125,0.13270397509718423,1.6072998001177916
2025-12-05,92.228515625,678.3712768554688,0.13595580881979155,1.8047999995770128
2025-12-08,92.98159790039062,676.3333129882812,0.13747895618147926,1.8853141426918103
2025-12-09,93.47061157226562,675.74951171875,0.1383213897328993,1.9201221769272623
2025-12-10,94.62469482421875,680.2312622070312,0.13910665398883024,1.9507289937093153
2025-12-11,92.87401580810547,681.8140869140625,0.1362160412796099,1.7457530884080912
2025-12-12,90.63431549072266,674.4832763671875,0.1343759269746245,1.6117457645271778
2025-12-15,90.69300079345703,673.4642333984375,0.13466639547552764,1.6161834331499896
2025-12-16,89.5199966430664,671.6240844726562,0.13328884224477364,1.5134898874610532
2025-12-17,88.58000183105469,664.2337646484375,0.13335666830778753,1.5048422598554223
2025-12-18,90.06999969482422,669.2496337890625,0.13458356216779482,1.5707960513269992
2025-12-19,91.33999633789062,675.3153686523438,0.13525532007389127,1.6004816682780432
2025-12-22,91.75,679.5224609375,0.13502129108935934,1.571854414088696
2025-12-23,92.69999694824219,682.6282348632812,0.13579865615551107,1.607914728279179
2025-12-24,94.5999984741211,685.0294799804688,0.13809624437888174,1.740457527109251
2025-12-26,95.83999633789062,684.9599609375,0.13992058193695742,1.8402722015773774
2025-12-29,98.72000122070312,682.51904296875,0.1446406547007116,2.120140381582078
2025-12-30,98.62000274658203,681.685546875,0.14467081368921245,2.0996520761350266
2025-12-31,97.22000122070312,676.635009765625,0.14368160059346988,2.0161939294656657
2026-01-02,102.22000122070312,677.8753051757812,0.1507946969600792,2.4360338564881494
2026-01-05,104.83000183105469,682.3900756835938,0.1536218148044427,2.576792784868343
2026-01-06,107.61000061035156,686.4484252929688,0.15676341680647718,2.7288843885050316
2026-01-07,107.02999877929688,684.2356567382812,0.15642271449211487,2.6642889431744603
2026-01-08,106.58999633789062,684.1661987304688,0.1557954727019222,2.5842923268500053
2026-01-09,108.88999938964844,688.6908569335938,0.15811157980880242,2.6797224978292857
2026-01-12,108.93000030517578,689.7723999023438,0.1579216569416199,2.624686076624136
2026-01-13,107.54000091552734,688.3932495117188,0.15621884873479813,2.4853796308833505
2026-01-14,109.63999938964844,685.009521484375,0.16005616849246862,2.666537214103167
2026-01-15,111.05000305175781,686.8750610351562,0.16167423939427894,2.7131215052388953
2026-01-16,112.22000122070312,686.2994995117188,0.16351461905559345,2.768987712311007
2026-01-20,110.97000122070312,672.3286743164062,0.16505320308334678,2.804764762389297
2026-01-21,115.66000366210938,680.0880737304688,0.17006621367094807,3.0235523488877885
2026-01-22,115.98999786376953,683.6402587890625,0.16966525357828333,2.9421041248105975
2026-01-23,117.97000122070312,683.8883666992188,0.1724989149765543,3.032521385910214
2026-01-26,117.31999969482422,687.3612060546875,0.17068172986982635,2.879448025254399
2026-01-27,122.69999694824219,690.099853515625,0.17780035211304976,3.1841559365065244
2026-01-28,125.55999755859375,690.0303344726562,0.18196301131391682,3.3195459055254557
2026-01-29,124.5,688.6610717773438,0.1807855926554435,3.1869358019388034
2026-01-30,122.41000366210938,686.6071166992188,0.1782824568591435,2.9993516785083334
2026-02-02,120.93000030517578,690.0204467773438,0.17525567665416958,2.797669455219003
2026-02-03,124.31999969482422,684.18603515625,0.1817049651801689,3.050142009273632
2026-02-04,120.26000213623047,680.8719482421875,0.17662646030095183,2.75647113023524
2026-02-05,120.20999908447266,672.3682861328125,0.17878594449460344,2.808352024711226
2026-02-06,124.70999908447266,685.2676391601562,0.18198728782423396,2.9029484952405364
2026-02-09,126.05000305175781,688.5718383789062,0.18306006145780712,2.8966425770797426
2026-02-10,124.44999694824219,686.7559814453125,0.18121428907882375,2.762798021465759
2026-02-11,130.60000610351562,686.5972290039062,0.19021341856125173,3.103426991809562
2026-02-12,130.8000030517578,675.9900512695312,0.19349397643665192,3.1773841216729393
2026-02-13,133.97000122070312,676.4663696289062,0.1980438455413474,3.2963699852073143
2026-02-17,130.67999267578125,677.5578002929688,0.19286914359081486,3.009810334942279
2026-02-18,132.92999267578125,680.97119140625,0.19520648502218152,3.0434427609719337
2026-02-19,135.2100067138672,679.1751708984375,0.19907972568403304,3.133725891129063
2026-02-20,141.8800048828125,684.0867919921875,0.20740059089524537,3.386136287862023
2026-02-23,139.3000030517578,677.1013793945312,0.2057299058766072,3.2393583956739804
2026-02-24,144.5500030517578,682.0228881835938,0.21194303821200558,3.3940567592984787
2026-02-25,148.88999938964844,687.7780151367188,0.2164797305422035,3.472589468421763
2026-02-26,150.41000366210938,683.9578247070312,0.21991122585158887,3.502719219974694
2026-02-27,151.3699951171875,680.6734619140625,0.22238268947864243,3.494830267956169
2026-03-02,147.5399932861328,681.0604858398438,0.2166327313853705,3.2093417990607884
2026-03-03,132.33999633789062,675.0573120117188,0.19604260850609562,2.4422299743943365
2026-03-04,134.3699951171875,679.8201293945312,0.19765521688341525,2.46092990341837
2026-03-05,125.73999786376953,676.0297241210938,0.18599773556886734,2.03081093822628
2026-03-06,126.7300033569336,667.1689453125,0.18995189186686984,2.139993959270673
2026-03-09,133.88999938964844,673.0133056640625,0.19894108818181405,2.4122440779452226
2026-03-10,130.3000030517578,671.9317016601562,0.19391852286448572,2.2112927883161704
2026-03-11,132.85000610351562,671.08837890625,0.19796201257431484,2.314671537377567
2026-03-12,123.5,660.89794921875,0.1868669741614266,1.9208297401359762
2026-03-13,124.1500015258789,657.1571655273438,0.18891980189587254,1.9659166542099085
2026-03-16,133.10000610351562,663.844970703125,0.20049862841099786,2.3157248683838207
2026-03-17,134.42999267578125,665.5912475585938,0.20197079389020514,2.3297529331154334
2026-03-18,131.8800048828125,656.3038330078125,0.2009435237920401,2.263913885431657
2026-03-19,134.82000732421875,654.6864624023438,0.2059306478241547,2.388148974636849
2026-03-20,125.77999877929688,645.3009643554688,0.1949167996439101,2.0115496871697385
2026-03-23,133.80999755859375,652.07666015625,0.20520593012258762,2.304916256628411
2026-03-24,128.75,649.8877563476562,0.19811113341105233,2.0558365996036136
2026-03-25,127.73999786376953,653.5094604492188,0.19546771025466375,1.9504157084317675
2026-03-26,119.98999786376953,641.838623046875,0.18694730038863114,1.6688495630285525
2026-03-27,120.9800033569336,630.89404296875,0.19175962224599113,1.7989202063879357
2026-03-30,116.43000030517578,628.78466796875,0.18516672914639554,1.5804592088258211
2026-03-31,123.01000213623047,647.0621337890625,0.1901053943860217,1.7152843387595156
2026-04-01,126.22000122070312,651.9373779296875,0.19360755418186218,1.8039870314483346
2026-04-02,122.87000274658203,652.5244750976562,0.18829945455792046,1.6262925460449094
2026-04-06,125.94000244140625,655.6087646484375,0.1920962763652803,1.7249234119495083
2026-04-07,127.19000244140625,655.8972778320312,0.19391756413719763,1.7621679163864952
2026-04-08,140.07000732421875,672.6027221679688,0.20825072915663748,2.167404260453788
2026-04-09,139.2899932861328,676.4830322265625,0.20590315891246608,2.071136480114375
2026-04-10,138.72999572753906,676.0353393554688,0.20521115931573056,2.026345535633428
2026-04-13,141.22999572753906,682.6417846679688,0.20688741723630666,2.0516062002627704
2026-04-14,146.67999267578125,690.959716796875,0.2122844344034336,2.1824500103277638
2026-04-15,144.9199981689453,696.412109375,0.20809517269739147,2.0348426127342925
2026-04-16,147.47000122070312,698.1234130859375,0.21123772452901515,2.100066672468457
2026-04-17,152.3300018310547,706.5607299804688,0.21559364307618045,2.1969285843486865
2026-04-20,150.08999633789062,705.1477661132812,0.21284899924617903,2.091608780741805
2026-04-21,146.7899932861328,700.53125,0.20954096378446047,1.9738823022556637
2026-04-22,155.8000030517578,707.6253051757812,0.22017302364993224,2.2444355358059243
2026-04-23,150.58999633789062,704.8792114257812,0.21363943480938744,2.035447762198301
2026-04-24,154.57000732421875,710.3414916992188,0.217599575880707,2.1191121915166904
2026-04-27,156.72999572753906,711.5653686523438,0.2202608539316282,2.16478868257425
2026-04-28,154.3699951171875,708.1029052734375,0.21800503001407226,2.076895999968195
2026-04-29,153.9600067138672,707.993408203125,0.21745966124828056,2.0374917883103865
2026-04-30,160.75999450683594,715.0377197265625,0.22482729242355515,2.209152107232589
2026-05-01,162.0,717.0177001953125,0.22593584503684067,2.2097673447186907
2026-05-04,163.58999633789062,714.3909912109375,0.2289922442339248,2.261273475391529
2026-05-05,173.47000122070312,720.1220092773438,0.2408897367194534,2.5376524264798226
2026-05-06,181.97999572753906,730.1312866210938,0.24924284037971753,2.709133836807859
2026-05-07,176.75,727.8926391601562,0.24282427172767462,2.5012551129704637
2026-05-08,190.1999969482422,733.9021606445312,0.25916260660849366,2.8663373667402023
2026-05-11,192.85000610351562,735.5736694335938,0.2621763313687043,2.8855366361624073
2026-05-12,178.5,734.4593505859375,0.24303591459159196,2.3700622959586766
2026-05-13,188.6300048828125,738.5685424804688,0.255399457238325,2.6329719740366353
2026-05-14,190.52000427246094,744.3989868164062,0.2559380220105667,2.6028442644045073
2026-05-15,178.86000061035156,735.4443969726562,0.24319989566390232,2.2619485115898637
2026-05-18,176.10000610351562,734.927001953125,0.23961564296252053,2.1482091781862946
2026-05-19,174.02000427246094,730.03173828125,0.23837320372147774,2.092989362797718
2026-05-20,180.11000061035156,737.5138549804688,0.24421236210555167,2.20390076437182
2026-05-21,186.4199981689453,738.9764404296875,0.2522678504615776,2.361397166893725
2026-05-22,182.02999877929688,741.8817749023438,0.24536254284351178,2.1709663044792493
2026-05-26,200.64999389648438,746.8068237304688,0.26867723689801376,2.6698711208714774
2026-05-27,198.2899932861328,746.6774291992188,0.26556312743883365,2.556215798809639
2026-05-28,206.41000366210938,750.7965698242188,0.2749213461516418,2.721420050607901
2026-05-29,205.8300018310547,752.6671142578125,0.27346751031366484,2.642882100914025
2026-06-01,216.6999969482422,754.7166748046875,0.2871276124968642,2.8900714217942833
2026-06-02,214.52999877929688,755.7415771484375,0.2838668736325994,2.766868639873712
2026-06-03,212.9600067138672,750.4384155273438,0.2837807904119849,2.7158314034082207
2026-06-04,203.97000122070312,753.2740478515625,0.27077794834755375,2.4006208673432186
2026-06-05,175.19000244140625,733.83251953125,0.23873295033764969,1.7013065483366703
2026-06-08,185.63999938964844,735.4940795898438,0.25240175895524897,1.9681861755633117
2026-06-09,184.0500030517578,733.3350830078125,0.25097667807854906,1.9163378252853296
2026-06-10,178.4499969482422,721.7736206054688,0.24723818085585783,1.818254723316914
2026-06-11,198.94000244140625,734.04150390625,0.2710201008835794,2.2829172860666698
2026-06-12,197.4499969482422,738.0113525390625,0.2675433057620767,2.1816512251332476
2026-06-15,211.4499969482422,751.0254516601562,0.281548376930273,2.431819727648278
2026-06-16,205.91000366210938,746.5481567382812,0.27581610349390445,2.282623998803207
2026-06-17,205.0800018310547,737.225341796875,0.27817817728729083,2.2972296323720873
2026-06-18,219.1999969482422,744.8902587890625,0.2942715310904812,2.5759134493684055
2026-06-22,219.02000427246094,742.546142578125,0.2949581065925709,2.5468360413025986
2026-06-23,192.1999969482422,731.7628784179688,0.2626533848830485,1.892588849532622
2026-06-24,197.25999450683594,731.4237060546875,0.26969319270612635,2.0054183937859573
2026-06-25,205.0,732.4810791015625,0.2798707104509052,2.1730157662615395
2026-06-26,197.27999877929688,727.1842651367188,0.27129299716380145,1.9842075073556038
2026-06-29,197.5,739.1644897460938,0.2671935715795034,1.8845605262599507
2026-06-30,201.89999389648438,744.9202270507812,0.27103572512163887,1.9351498610188818
2026-07-01,185.5,743.9127197265625,0.24935720963096802,1.5116742257008788
2026-07-02,180.13999938964844,742.9351806640625,0.2424706812627082,1.3700643772659438
2026-07-06,189.85000610351562,749.4190673828125,0.25332956468071544,1.5596952927642778
2026-07-07,181.2899932861328,745.85791015625,0.2430623726282588,1.3554473289785172
2026-07-08,182.72000122070312,743.5536499023438,0.2457388263035237,1.3935859078124417
2026-07-09,184.75,749.8480224609375,0.2463832596286194,1.3935355045764752
2026-07-10,183.52000427246094,753.0799560546875,0.24369258907633706,1.332028843092918
2026-07-13,168.02000427246094,747.3142700195312,0.22483178899831485,0.9725528935440578
2026-07-14,176.97999572753906,749.9677124023438,0.23598348675655065,1.1711176821958578
2026-07-15,171.63999938964844,752.9403076171875,0.22795963724247081,1.0134427826232026
2026-07-16,163.36000061035156,748.8604125976562,0.21814479422631833,0.8236282049891368
2026-07-17,162.5399932861328,741.4487915039062,0.2192194459666558,0.8368371095982684
2026-07-20,162.86000061035156,740.2518310546875,0.22000621110023297,0.8446340627183164
2026-07-21,172.89999389648438,746.426513671875,0.23163699403701818,1.0538276000112115
2026-07-22,170.42999267578125,745.55859375,0.22859369351314818,0.9890269804903018
2026-07-23,173.86000061035156,736.3515014648438,0.23611006464234433,1.1208152801542814
2026-07-24,162.9600067138672,737.099609375,0.22108274735356853,0.832654745469385
2026-07-27,161.1999969482422,737.25927734375,0.218647634423842,0.7804387475442627
2026-07-28,151.4499969482422,739.0248413085938,0.20493221402418513,0.5173834047253701
2026-07-29,144.2100067138672,727.6531372070312,0.19818509581006133,0.3851083297685192
2026-07-30,161.2100067138672,739.852783203125,0.21789470874992617,0.7504649101923466
2026-07-31,157.10000610351562,745.1796264648438,0.21082166034088068,0.610917505215934
2026-08-03,160.24000549316406,755.793212890625,0.21201567142989583,0.6275503849147963
2026-08-04,171.13999938964844,769.4193725585938,0.2224274634787878,0.8183724683875746
2026-08-05,169.13999938964844,767.8831787109375,0.22026787938444947,0.7707667346939888
2026-08-06,164.1199951171875,766.65625,0.21407246744181307,0.6466941400439709
2026-08-07,166.08999633789062,771.3446044921875,0.21532528440674775,0.6644839668097695
2026-08-10,163.1199951171875,771.1151733398438,0.2115377841816863,0.5861317350791595
2026-08-11,167.24000549316406,768.6513061523438,0.2175759075078157,0.6957012291951921
2026-08-12,175.8699951171875,770.5764770507812,0.22823172047801507,0.8934386231436443
2026-08-13,178.6199951171875,775.9531860351562,0.23019429307310652,0.9239376394861177
2026-08-14,179.74000549316406,774.4169921875,0.2320971870535168,0.9531770163792422
2026-08-17,185.10000610351562,770.7560424804688,0.24015381768246874,1.1004433151066224
2026-08-18,170.0500030517578,765.5490112304688,0.22212817279776254,0.7452627356682655
2026-08-19,174.42999267578125,767.1549682617188,0.22737256472576683,0.8401774603819668
2026-08-20,178.16000366210938,760.7109985351562,0.23420195580868247,0.9655924819234737
2026-08-21,178.33999633789062,763.8232421875,0.23348333290716033,0.9443374362757874
2026-08-24,173.63999938964844,761.5787963867188,0.22800004439918328,0.8305036700505907
2026-08-25,180.14999389648438,764.0127563476562,0.23579448431945937,0.9757474948208443
2026-08-26,179.17999267578125,764.182373046875,0.23447281564657385,0.9425778268225125
2026-08-27,182.13999938964844,769.18994140625,0.236794567355699,0.9809014769784455
2026-08-28,180.1999969482422,767.4442749023438,0.2348053179120691,0.9345507164220676
2026-08-31,180.86000061035156,765.1499633789062,0.23637196532255306,0.9582987455934268
2026-09-01,175.8000030517578,759.89306640625,0.231348344686399,0.8519401130979593
2026-09-02,178.86000061035156,763.2646484375,0.23433549683782784,0.9044706884150132
2026-09-03,180.55999755859375,771.2548217773438,0.2341119853779277,0.893138915184917
2026-09-04,188.8699951171875,768.2822265625,0.24583413306623314,1.1198450761313126
2026-09-08,189.91000366210938,764.0626831054688,0.2485529104630998,1.1660522350976106
2026-09-09,190.77999877929688,760.5115356445312,0.25085746873992043,1.203764641596253
2026-09-10,182.77999877929688,755.9528198242188,0.24178757454969027,1.0135874988188656
2026-09-11,188.72000122070312,762.3967895507812,0.24753514679921534,1.1215898648174487
2026-09-14,176.22000122070312,758.9952392578125,0.23217537094570023,0.8039768968261333
2026-09-15,176.49000549316406,755.513916015625,0.23360258726129676,0.8263217515259634
2026-09-16,175.5399932861328,752.1821899414062,0.2333743016433387,0.8150652528962367
2026-09-17,182.38999938964844,760.7109985351562,0.2397625376008275,0.9385431314340894
2026-09-18,181.30999755859375,761.6900024414062,0.23803646756219726,0.8962455497968086
2026-09-21,189.16000366210938,773.5,0.2445507481087387,1.0226766927104995
2026-09-22,192.6199951171875,773.3800048828125,0.24906254868378,1.107768592508677
2026-09-23,185.64999389648438,767.8099975585938,0.24179158188457542,0.9503966578296817
2026-09-24,182.52999877929688,767.1799926757812,0.2379233042074861,0.863478092257033
2026-09-25,187.17999267578125,771.3499755859375,0.24266545485218233,0.9550862881919748
2026-09-28,183.5800018310547,765.6099853515625,0.23978266394573747,0.8882045034337933
