Date,Close
2003-02-07,8.227014541625977
2003-02-10,8.19964599609375
2003-02-11,8.19964599609375
2003-02-12,8.19964599609375
2003-02-13,8.075440406799316
2003-02-14,8.075440406799316
2003-02-18,8.125965118408203
2003-02-19,8.115434646606445
2003-02-20,8.17017650604248
2003-02-21,8.279644966125488
2003-02-24,8.231225967407227
2003-02-25,8.10280990600586
2003-02-26,8.10280990600586
2003-02-27,8.10280990600586
2003-02-28,8.10280990600586
2003-03-03,8.10280990600586
2003-03-04,8.10280990600586
2003-03-05,8.10280990600586
2003-03-06,8.10280990600586
2003-03-07,7.843871593475342
2003-03-10,7.808084487915039
2003-03-11,7.808084487915039
2003-03-12,7.563883304595947
2003-03-13,7.719666004180908
2003-03-14,7.719666004180908
2003-03-17,7.856504917144775
2003-03-18,7.934393405914307
2003-03-19,7.934393405914307
2003-03-20,7.953338146209717
2003-03-21,7.953338146209717
2003-03-24,7.953338146209717
2003-03-25,7.953338146209717
2003-03-26,7.757559299468994
2003-03-27,7.702825546264648
2003-03-28,7.599672794342041
2003-03-31,7.599672794342041
2003-04-01,7.599672794342041
2003-04-02,7.599672794342041
2003-04-03,7.599672794342041
2003-04-04,7.805980682373047
2003-04-07,7.947025299072266
2003-04-08,7.947025299072266
2003-04-09,7.848082542419434
2003-04-10,7.848082542419434
2003-04-11,7.942813873291016
2003-04-14,8.031229972839355
2003-04-15,7.9996538162231445
2003-04-16,8.018600463867188
2003-04-17,8.018600463867188
2003-04-21,8.031229972839355
2003-04-22,8.10280990600586
2003-04-23,8.10280990600586
2003-04-24,8.10280990600586
2003-04-25,8.06701946258545
2003-04-28,8.104913711547852
2003-04-29,8.104913711547852
2003-04-30,8.155434608459473
2003-05-01,8.168068885803223
2003-05-02,8.151226997375488
2003-05-05,8.33437728881836
2003-05-06,8.315431594848633
2003-05-07,8.363847732543945
2003-05-08,8.243857383728027
2003-05-09,8.336481094360352
2003-05-12,8.477529525756836
2003-05-13,8.502791404724121
2003-05-14,8.412266731262207
2003-05-15,8.161749839782715
2003-05-16,8.161749839782715
2003-05-19,8.193333625793457
2003-05-20,8.193333625793457
2003-05-21,8.18912124633789
2003-05-22,8.174385070800781
2003-05-23,8.174385070800781
2003-05-27,8.214380264282227
2003-05-28,8.267012596130371
2003-05-29,8.317536354064941
2003-05-30,8.384902000427246
2003-06-02,8.561734199523926
2003-06-03,8.561734199523926
2003-06-04,8.450160026550293
2003-06-05,8.450160026550293
2003-06-06,8.736462593078613
2003-06-09,8.692258834838867
2003-06-10,8.704886436462402
2003-06-11,8.694363594055176
2003-06-12,8.694363594055176
2003-06-13,8.711201667785645
2003-06-16,8.818562507629395
2003-06-17,8.864880561828613
2003-06-18,8.805936813354492
2003-06-19,8.866986274719238
2003-06-20,8.85856819152832
2003-06-23,8.679624557495117
2003-06-24,8.64383602142334
2003-06-25,8.681730270385742
2003-06-26,8.675413131713867
2003-06-27,8.681730270385742
2003-06-30,8.725939750671387
2003-07-01,8.885931015014648
2003-07-02,8.938562393188477
2003-07-03,8.989086151123047
2003-07-07,8.921720504760742
2003-07-08,9.014349937438965
2003-07-09,8.930142402648926
2003-07-10,8.970141410827637
2003-07-11,8.989086151123047
2003-07-14,9.153288841247559
2003-07-15,8.957508087158203
2003-07-16,8.957508087158203
2003-07-17,8.704886436462402
2003-07-18,8.746989250183105
2003-07-21,8.746989250183105
2003-07-22,8.820673942565918
2003-07-23,8.938562393188477
2003-07-24,9.048030853271484
2003-07-25,9.298545837402344
2003-07-28,9.408013343811035
2003-07-29,9.361701965332031
2003-07-30,9.269073486328125
2003-07-31,9.32801628112793
2003-08-01,9.27749252319336
2003-08-04,9.313284873962402
2003-08-05,9.30486011505127
2003-08-06,9.344858169555664
2003-08-07,9.344858169555664
2003-08-08,9.32801628112793
2003-08-11,9.4859037399292
2003-08-12,9.52169418334961
2003-08-13,9.603795051574707
2003-08-14,9.6058988571167
2003-08-15,9.62063980102539
2003-08-18,9.713262557983398
2003-08-19,9.751155853271484
2003-08-20,9.755369186401367
2003-08-21,9.767997741699219
2003-08-22,9.80799674987793
2003-08-25,9.71957778930664
2003-08-26,9.72379207611084
2003-08-27,9.76168155670166
2003-08-28,9.803790092468262
2003-08-29,9.812203407287598
2003-09-02,9.904836654663086
2003-09-03,10.054302215576172
2003-09-04,9.997464179992676
2003-09-05,10.005884170532227
2003-09-08,9.883784294128418
2003-09-09,10.012197494506836
2003-09-10,9.942728042602539
2003-09-11,9.904836654663086
2003-09-12,9.873257637023926
2003-09-15,9.789051055908203
2003-09-16,9.873257637023926
2003-09-17,9.95114803314209
2003-09-18,10.026932716369629
2003-09-19,10.054302215576172
2003-09-22,10.08377456665039
2003-09-23,10.050094604492188
2003-09-24,10.092196464538574
2003-09-25,10.073248863220215
2003-09-26,9.91325569152832
2003-09-29,10.02903938293457
2003-09-30,10.024828910827637
2003-10-01,10.050094604492188
2003-10-02,10.050094604492188
2003-10-03,10.229032516479492
2003-10-06,10.397446632385254
2003-10-07,10.361658096313477
2003-10-08,10.521649360656738
2003-10-09,10.62480640411377
2003-10-10,10.666911125183105
2003-10-13,10.730066299438477
2003-10-14,10.732168197631836
2003-10-15,10.675326347351074
2003-10-16,10.761641502380371
2003-10-17,10.679536819458008
2003-10-20,10.65217113494873
2003-10-21,10.694272994995117
2003-10-22,10.74480152130127
2003-10-23,10.671116828918457
2003-10-24,10.755321502685547
2003-10-27,10.793218612670898
2003-10-28,10.86268424987793
2003-10-29,11.028996467590332
2003-10-30,11.130043983459473
2003-10-31,11.098468780517578
2003-11-03,11.119518280029297
2003-11-04,11.201621055603027
2003-11-05,11.104778289794922
2003-11-06,11.094261169433594
2003-11-07,11.207939147949219
2003-11-10,11.115307807922363
2003-11-11,11.035310745239258
2003-11-12,11.247934341430664
2003-11-13,11.464767456054688
2003-11-14,11.555292129516602
2003-11-17,11.306877136230469
2003-11-18,11.456347465515137
2003-11-19,11.460556983947754
2003-11-20,11.395299911499023
2003-11-21,11.443714141845703
2003-11-24,11.353195190429688
2003-11-25,11.458454132080078
2003-11-26,11.677390098571777
2003-11-28,11.948957443237305
2003-12-01,12.30262279510498
2003-12-02,12.281575202941895
2003-12-03,12.281575202941895
2003-12-04,12.014220237731934
2003-12-05,12.092109680175781
2003-12-08,11.877382278442383
2003-12-09,12.031060218811035
2003-12-10,11.68791675567627
2003-12-11,11.831068992614746
2003-12-12,11.915273666381836
2003-12-15,12.054215431213379
2003-12-16,11.948957443237305
2003-12-17,11.841590881347656
2003-12-18,11.74686050415039
2003-12-19,11.487927436828613
2003-12-22,11.324203491210938
2003-12-23,11.405210494995117
2003-12-24,11.788936614990234
2003-12-26,11.742037773132324
2003-12-29,11.778275489807129
2003-12-30,12.010643005371094
2003-12-31,11.995722770690918
2004-01-02,12.243011474609375
2004-01-05,12.635269165039062
2004-01-06,12.50735855102539
2004-01-07,12.30057144165039
2004-01-08,12.219561576843262
2004-01-09,12.12576675415039
2004-01-12,11.882736206054688
2004-01-13,11.948823928833008
2004-01-14,11.808124542236328
2004-01-15,11.447845458984375
2004-01-16,11.565094947814941
2004-01-20,11.893397331237793
2004-01-21,11.788936614990234
2004-01-22,11.865681648254395
2004-01-23,11.812387466430664
2004-01-26,11.884868621826172
2004-01-27,12.087390899658203
2004-01-28,12.023438453674316
2004-01-29,11.938167572021484
2004-01-30,11.878474235534668
2004-02-02,11.844362258911133
2004-02-03,12.023438453674316
2004-02-04,11.927506446838379
2004-02-05,11.724984169006348
2004-02-06,11.916845321655273
2004-02-09,12.087390899658203
2004-02-10,12.18332290649414
2004-02-11,12.373051643371582
2004-02-12,12.552124977111816
2004-02-13,12.618209838867188
2004-02-17,12.793018341064453
2004-02-18,12.641661643981934
2004-02-19,12.613948822021484
2004-02-20,12.407163619995117
2004-02-23,12.471120834350586
2004-02-24,12.385843276977539
2004-02-25,12.3751859664917
2004-02-26,12.3751859664917
2004-02-27,12.535072326660156
2004-03-01,12.769567489624023
2004-03-02,12.660850524902344
2004-03-03,12.432744026184082
2004-03-04,12.47964859008789
2004-03-05,12.81434154510498
2004-03-08,12.906010627746582
2004-03-09,12.833529472351074
2004-03-10,12.486041069030762
2004-03-11,12.247279167175293
2004-03-12,12.279253959655762
2004-03-15,12.18332290649414
2004-03-16,12.193981170654297
2004-03-17,12.159872055053711
2004-03-18,12.5542573928833
2004-03-19,12.526546478271484
2004-03-22,12.471120834350586
2004-03-23,12.496699333190918
2004-03-24,12.255805969238281
2004-03-25,12.326153755187988
2004-03-26,12.42421817779541
2004-03-29,12.601161003112793
2004-03-30,12.771700859069824
2004-03-31,13.029654502868652
2004-04-01,13.14690113067627
2004-04-02,13.048844337463379
2004-04-05,13.036049842834473
2004-04-06,13.238570213317871
2004-04-07,13.204462051391602
2004-04-08,13.161825180053711
2004-04-12,13.134115219116211
2004-04-13,12.761046409606934
2004-04-14,12.692826271057129
2004-04-15,12.756779670715332
2004-04-16,12.914535522460938
2004-04-19,12.660850524902344
2004-04-20,12.662985801696777
2004-04-21,12.09804916381836
2004-04-22,11.857152938842773
2004-04-23,11.938167572021484
2004-04-26,11.991458892822266
2004-04-27,12.089520454406738
2004-04-28,11.607732772827148
2004-04-29,11.469165802001953
2004-04-30,11.1067533493042
2004-05-03,11.151525497436523
2004-05-04,11.481955528259277
2004-05-05,11.776144981384277
2004-05-06,11.381762504577637
2004-05-07,11.021485328674316
2004-05-10,10.701713562011719
2004-05-11,11.002298355102539
2004-05-12,11.021485328674316
2004-05-13,11.019349098205566
2004-05-14,10.850937843322754
2004-05-17,10.844538688659668
2004-05-18,10.748612403869629
2004-05-19,11.104625701904297
2004-05-20,11.166446685791016
2004-05-21,11.294357299804688
2004-05-24,11.19202995300293
2004-05-25,11.505404472351074
2004-05-26,11.629051208496094
2004-05-27,11.959481239318848
2004-05-28,11.940296173095703
2004-06-01,12.170531272888184
2004-06-02,11.976536750793457
2004-06-03,11.950953483581543
2004-06-04,12.038358688354492
2004-06-07,12.193981170654297
2004-06-08,12.014907836914062
2004-06-09,11.791067123413086
2004-06-10,11.959481239318848
2004-06-14,11.48835277557373
2004-06-15,11.59707260131836
2004-06-16,11.629051208496094
2004-06-17,11.680214881896973
2004-06-18,11.680214881896973
2004-06-21,11.948823928833008
2004-06-22,11.927506446838379
2004-06-23,11.927506446838379
2004-06-24,12.121500968933105
2004-06-25,12.151342391967773
2004-06-28,12.32188892364502
2004-06-29,12.193981170654297
2004-06-30,12.319759368896484
2004-07-01,12.285651206970215
2004-07-02,12.34107494354248
2004-07-06,12.151342391967773
2004-07-07,12.364526748657227
2004-07-08,12.349604606628418
2004-07-09,12.317622184753418
2004-07-12,12.481778144836426
2004-07-13,12.419953346252441
2004-07-14,12.513753890991211
2004-07-15,12.490303993225098
2004-07-16,12.586236000061035
2004-07-19,12.571310997009277
2004-07-20,12.413558006286621
2004-07-21,12.249406814575195
2004-07-22,12.311232566833496
2004-07-23,12.044756889343262
2004-07-26,12.021305084228516
2004-07-27,12.083126068115234
2004-07-28,12.243011474609375
2004-07-29,12.225956916809082
2004-07-30,12.351737022399902
2004-08-02,12.313362121582031
2004-08-03,12.475381851196289
2004-08-04,12.590497970581055
2004-08-05,12.449799537658691
2004-08-06,12.500964164733887
2004-08-09,12.528676986694336
2004-08-10,12.449799537658691
2004-08-11,12.266463279724121
2004-08-12,12.317622184753418
2004-08-13,12.3751859664917
2004-08-16,12.530810356140137
2004-08-17,12.594766616821289
2004-08-18,12.524415969848633
2004-08-19,12.496699333190918
2004-08-20,12.68429946899414
2004-08-23,12.70775318145752
2004-08-24,12.449799537658691
2004-08-25,12.639531135559082
2004-08-26,12.729069709777832
2004-08-27,12.635269165039062
2004-08-30,12.701353073120117
2004-08-31,12.86550521850586
2004-09-01,12.7589111328125
2004-09-02,12.935855865478516
2004-09-03,12.893218040466309
2004-09-07,12.752516746520996
2004-09-08,12.724804878234863
2004-09-09,12.780226707458496
2004-09-10,13.059496879577637
2004-09-13,13.021125793457031
2004-09-14,13.185276985168457
2004-09-15,13.025390625
2004-09-16,13.264151573181152
2004-09-17,13.366480827331543
2004-09-20,13.43896484375
2004-09-21,13.713967323303223
2004-09-22,13.505049705505371
2004-09-23,13.628691673278809
2004-09-24,13.679858207702637
2004-09-27,13.62230110168457
2004-09-28,13.839741706848145
2004-09-29,13.87598705291748
2004-09-30,13.856796264648438
2004-10-01,13.980445861816406
2004-10-04,13.884512901306152
2004-10-05,13.79497241973877
2004-10-06,13.935672760009766
2004-10-07,13.888774871826172
2004-10-08,14.042266845703125
2004-10-11,13.9655179977417
2004-10-12,13.737415313720703
2004-10-13,13.554081916809082
2004-10-14,13.688386917114258
2004-10-15,14.001764297485352
2004-10-18,14.099823951721191
2004-10-19,14.078507423400879
2004-10-20,14.027342796325684
2004-10-21,14.185094833374023
2004-10-22,14.257579803466797
2004-10-25,14.229864120483398
2004-10-26,14.494207382202148
2004-10-27,14.573086738586426
2004-10-28,14.538970947265625
2004-10-29,14.579484939575195
2004-11-01,14.643438339233398
2004-11-02,14.573086738586426
2004-11-03,14.762816429138184
2004-11-04,14.9120454788208
2004-11-05,15.059142112731934
2004-11-08,14.901388168334961
2004-11-09,15.027161598205566
2004-11-10,15.029292106628418
2004-11-11,15.191314697265625
2004-11-12,15.225421905517578
2004-11-15,15.434338569641113
2004-11-16,15.432209014892578
2004-11-17,15.647518157958984
2004-11-18,15.557987213134766
2004-11-19,15.562248229980469
2004-11-22,15.581438064575195
2004-11-23,15.530271530151367
2004-11-24,15.726397514343262
2004-11-26,16.118656158447266
2004-11-29,16.626028060913086
2004-11-30,16.527957916259766
2004-12-01,16.623897552490234
2004-12-02,16.45548439025879
2004-12-03,16.57059669494629
2004-12-06,16.31904411315918
2004-12-07,16.01419448852539
2004-12-08,15.732791900634766
2004-12-09,15.997138023376465
2004-12-10,15.882027626037598
2004-12-13,16.244430541992188
2004-12-14,16.404315948486328
2004-12-15,16.630294799804688
2004-12-16,16.297727584838867
2004-12-17,16.451215744018555
2004-12-20,16.604705810546875
2004-12-21,16.888240814208984
2004-12-22,17.122737884521484
2004-12-23,17.055212020874023
2004-12-27,17.018415451049805
2004-12-28,17.195894241333008
2004-12-29,17.048715591430664
2004-12-30,17.18507194519043
2004-12-31,17.22835922241211
2005-01-03,17.379863739013672
2005-01-04,16.732717514038086
2005-01-05,16.278200149536133
2005-01-06,15.79987907409668
2005-01-07,15.884284019470215
2005-01-10,16.167823791503906
2005-01-11,16.092065811157227
2005-01-12,16.195959091186523
2005-01-13,15.802044868469238
2005-01-14,15.888616561889648
2005-01-18,15.455743789672852
2005-01-19,15.228486061096191
2005-01-20,15.284753799438477
2005-01-21,15.670014381408691
2005-01-24,15.966529846191406
2005-01-25,15.61590576171875
2005-01-26,15.914586067199707
2005-01-27,15.734949111938477
2005-01-28,16.068254470825195
2005-01-31,16.10289192199707
2005-02-01,16.07042121887207
2005-02-02,15.888616561889648
2005-02-03,15.743605613708496
2005-02-04,15.810704231262207
2005-02-07,15.496865272521973
2005-02-08,15.43193531036377
2005-02-09,15.695987701416016
2005-02-10,15.882118225097656
2005-02-11,16.146175384521484
2005-02-14,16.4145565032959
2005-02-15,16.509788513183594
2005-02-16,16.473003387451172
2005-02-17,16.7197322845459
2005-02-18,16.752201080322266
2005-02-22,17.33008575439453
2005-02-23,17.286800384521484
2005-02-24,17.39934730529785
2005-02-25,17.82356834411621
2005-02-28,17.433977127075195
2005-03-01,17.49024772644043
2005-03-02,17.23918342590332
2005-03-03,17.092008590698242
2005-03-04,17.700191497802734
2005-03-07,17.49673843383789
2005-03-08,17.7478084564209
2005-03-09,17.931781768798828
2005-03-10,17.557344436645508
2005-03-11,17.408000946044922
2005-03-14,17.18507194519043
2005-03-15,16.54224967956543
2005-03-16,16.48381805419922
2005-03-17,16.773839950561523
2005-03-18,16.654804229736328
2005-03-21,16.172157287597656
2005-03-22,15.934070587158203
2005-03-23,15.622397422790527
2005-03-24,15.648372650146484
2005-03-28,15.3670072555542
2005-03-29,15.226319313049316
2005-03-30,15.745770454406738
2005-03-31,15.843165397644043
2005-04-01,16.08124351501465
2005-04-04,15.79987907409668
2005-04-05,15.93623161315918
2005-04-06,16.189468383789062
2005-04-07,16.150510787963867
2005-04-08,16.12453269958496
2005-04-11,16.068254470825195
2005-04-12,16.07691764831543
2005-04-13,15.76957893371582
2005-04-14,15.464396476745605
2005-04-15,15.291254043579102
2005-04-18,15.375662803649902
2005-04-19,15.849658012390137
2005-04-20,15.828015327453613
2005-04-21,15.973024368286133
2005-04-22,15.702483177185059
2005-04-25,15.693826675415039
2005-04-26,15.711136817932129
2005-04-27,15.79338550567627
2005-04-28,15.29774284362793
2005-04-29,15.522838592529297
2005-05-02,15.455743789672852
2005-05-03,15.561793327331543
2005-05-04,16.0379581451416
2005-05-05,16.20028305053711
2005-05-06,16.321491241455078
2005-05-09,16.330148696899414
2005-05-10,16.007658004760742
2005-05-11,16.044450759887695
2005-05-12,15.583440780639648
2005-05-13,15.289088249206543
2005-05-16,15.499032974243164
2005-05-17,15.304232597351074
2005-05-18,15.600760459899902
2005-05-19,15.583440780639648
2005-05-20,15.332376480102539
2005-05-23,15.440585136413574
2005-05-24,15.395140647888184
2005-05-25,15.533660888671875
2005-05-26,15.535825729370117
2005-05-27,15.734949111938477
2005-05-31,14.977417945861816
2005-06-01,14.696044921875
2005-06-02,14.970924377441406
2005-06-03,14.912490844726562
2005-06-06,15.425439834594727
2005-06-07,15.464396476745605
2005-06-08,15.072649002075195
2005-06-09,15.11160659790039
2005-06-10,15.118097305297852
2005-06-13,15.185194969177246
2005-06-14,15.107279777526855
2005-06-15,15.373496055603027
2005-06-16,15.514177322387695
2005-06-17,15.79555606842041
2005-06-20,15.637545585632324
2005-06-21,15.61590576171875
2005-06-22,15.633222579956055
2005-06-23,15.488215446472168
2005-06-24,15.509855270385742
2005-06-27,15.611580848693848
2005-06-28,15.670014381408691
2005-06-29,15.598586082458496
2005-06-30,15.689499855041504
2005-07-01,15.379993438720703
2005-07-05,15.561793327331543
2005-07-06,15.592092514038086
2005-07-07,15.648372650146484
2005-07-08,15.650537490844727
2005-07-11,16.24573516845703
2005-07-12,16.808473587036133
2005-07-13,16.665624618530273
2005-07-14,16.90370750427246
2005-07-15,16.782506942749023
2005-07-18,16.75003433227539
2005-07-19,16.795488357543945
2005-07-20,17.005430221557617
2005-07-21,17.04222297668457
2005-07-22,17.0335636138916
2005-07-25,16.92534637451172
2005-07-26,16.728391647338867
2005-07-27,16.962142944335938
2005-07-28,17.05304527282715
2005-07-29,17.0335636138916
2005-08-01,17.39068603515625
2005-08-02,17.544357299804688
2005-08-03,17.849529266357422
2005-08-04,17.843042373657227
2005-08-05,17.659067153930664
2005-08-08,17.853858947753906
2005-08-09,17.8841609954834
2005-08-10,18.28889274597168
2005-08-11,18.531312942504883
2005-08-12,18.45122528076172
2005-08-15,18.39928436279297
2005-08-16,18.254270553588867
2005-08-17,17.79109764099121
2005-08-18,17.66339874267578
2005-08-19,17.691532135009766
2005-08-22,17.84088134765625
2005-08-23,17.972898483276367
2005-08-24,17.7478084564209
2005-08-25,17.856027603149414
2005-08-26,17.736984252929688
2005-08-29,17.825727462768555
2005-08-30,17.609291076660156
2005-08-31,18.31053924560547
2005-09-01,18.79535675048828
2005-09-02,19.035602569580078
2005-09-06,18.838653564453125
2005-09-07,18.897083282470703
2005-09-08,18.849468231201172
2005-09-09,19.033445358276367
2005-09-12,18.966344833374023
2005-09-13,18.87111473083496
2005-09-14,18.88410186767578
2005-09-15,18.927387237548828
2005-09-16,19.150314331054688
2005-09-19,19.12001609802246
2005-09-20,18.99881362915039
2005-09-21,19.25420379638672
2005-09-22,19.23905372619629
2005-09-23,19.044269561767578
2005-09-26,19.046436309814453
2005-09-27,19.044269561767578
2005-09-28,19.355932235717773
2005-09-29,19.793134689331055
2005-09-30,19.912172317504883
2005-10-03,19.606998443603516
2005-10-04,19.325634002685547
2005-10-05,19.029111862182617
2005-10-06,18.45339012145996
2005-10-07,18.457725524902344
2005-10-10,18.44257164001465
2005-10-11,18.61138916015625
2005-10-12,18.49451446533203
2005-10-13,17.951257705688477
2005-10-14,17.892824172973633
2005-10-17,18.457725524902344
2005-10-18,17.929611206054688
2005-10-19,17.86684799194336
2005-10-20,17.72183609008789
2005-10-21,17.695863723754883
2005-10-24,18.29972267150879
2005-10-25,18.044326782226562
2005-10-26,18.16985321044922
2005-10-27,17.810571670532227
2005-10-28,18.03567123413086
2005-10-31,18.083288192749023
2005-11-01,18.34300994873047
2005-11-02,18.713111877441406
2005-11-03,19.08971405029297
2005-11-04,18.730424880981445
2005-11-07,18.827823638916016
2005-11-08,18.51831817626953
2005-11-09,18.511829376220703
2005-11-10,18.74125099182129
2005-11-11,18.793195724487305
2005-11-14,18.994483947753906
2005-11-15,19.024782180786133
2005-11-16,19.24121856689453
2005-11-17,19.47930335998535
2005-11-18,19.669757843017578
2005-11-21,19.992250442504883
2005-11-22,19.920835494995117
2005-11-23,20.011734008789062
2005-11-25,20.091812133789062
2005-11-28,19.93598175048828
2005-11-29,19.67625617980957
2005-11-30,19.41436767578125
2005-12-01,19.790969848632812
2005-12-02,19.927322387695312
2005-12-05,20.106975555419922
2005-12-06,20.565811157226562
2005-12-07,20.75627326965332
2005-12-08,20.658876419067383
2005-12-09,20.5506649017334
2005-12-12,20.821208953857422
2005-12-13,21.026826858520508
2005-12-14,20.749788284301758
2005-12-15,20.64806365966797
2005-12-16,20.663211822509766
2005-12-19,21.1133975982666
2005-12-20,21.102575302124023
2005-12-21,21.32117462158203
2005-12-22,21.708595275878906
2005-12-23,21.78034782409668
2005-12-27,21.60373878479004
2005-12-28,21.645681381225586
2005-12-29,21.91059684753418
2005-12-30,21.685415267944336
2006-01-03,22.97025489807129
2006-01-04,22.901817321777344
2006-01-05,22.694303512573242
2006-01-06,23.500080108642578
2006-01-09,23.670063018798828
2006-01-10,23.581768035888672
2006-01-11,24.09171485900879
2006-01-12,23.621498107910156
2006-01-13,23.99678611755371
2006-01-17,23.363204956054688
2006-01-18,23.193222045898438
2006-01-19,24.49350929260254
2006-01-20,23.946025848388672
2006-01-23,24.557525634765625
2006-01-24,24.526620864868164
2006-01-25,24.537660598754883
2006-01-26,24.440523147583008
2006-01-27,24.94607162475586
2006-01-30,24.818029403686523
2006-01-31,25.36551284790039
2006-02-01,25.745222091674805
2006-02-02,25.52667236328125
2006-02-03,24.970352172851562
2006-02-06,25.497970581054688
2006-02-07,24.740758895874023
2006-02-08,24.63258934020996
2006-02-09,24.882047653198242
2006-02-10,25.001256942749023
2006-02-13,23.881994247436523
2006-02-14,24.049772262573242
2006-02-15,23.97913360595703
2006-02-16,24.305864334106445
2006-02-17,25.188901901245117
2006-02-21,25.06748390197754
2006-02-22,25.184490203857422
2006-02-23,24.866588592529297
2006-02-24,24.85114097595215
2006-02-27,24.520002365112305
2006-02-28,23.66344451904297
2006-03-01,24.040945053100586
2006-03-02,24.3169002532959
2006-03-03,23.65240478515625
2006-03-06,23.08504867553711
2006-03-07,22.22186851501465
2006-03-08,22.60600471496582
2006-03-09,22.683259963989258
2006-03-10,23.078420639038086
2006-03-13,23.259441375732422
2006-03-14,24.107177734375
2006-03-15,24.66569709777832
2006-03-16,24.389753341674805
2006-03-17,24.6016788482666
2006-03-20,24.4206600189209
2006-03-21,24.063024520874023
2006-03-22,24.559738159179688
2006-03-23,24.67011260986328
2006-03-24,25.144760131835938
2006-03-27,25.29707908630371
2006-03-28,24.77608299255371
2006-03-29,25.15358543395996
2006-03-30,25.65913200378418
2006-03-31,25.38979721069336
2006-04-03,26.20220375061035
2006-04-04,26.58853530883789
2006-04-05,26.542173385620117
2006-04-06,26.18012809753418
2006-04-07,25.60835075378418
2006-04-10,25.65250587463379
2006-04-11,25.50901222229004
2006-04-12,25.851192474365234
2006-04-13,25.796009063720703
2006-04-17,26.237524032592773
2006-04-18,27.08745002746582
2006-04-19,27.186805725097656
2006-04-20,26.392053604125977
2006-04-21,26.617237091064453
2006-04-24,26.21986961364746
2006-04-25,26.030012130737305
2006-04-26,26.259597778320312
2006-04-27,25.83131980895996
2006-04-28,26.641517639160156
2006-05-01,26.668010711669922
2006-05-02,26.955005645751953
2006-05-03,26.890974044799805
2006-05-04,26.9969425201416
2006-05-05,27.407556533813477
2006-05-08,27.058757781982422
2006-05-09,27.617292404174805
2006-05-10,27.513530731201172
2006-05-11,27.03226661682129
2006-05-12,25.59510612487793
2006-05-15,24.049772262573242
2006-05-16,24.15132713317871
2006-05-17,23.285940170288086
2006-05-18,23.191007614135742
2006-05-19,23.444889068603516
2006-05-22,22.301349639892578
2006-05-23,22.5176944732666
2006-05-24,22.007732391357422
2006-05-25,23.17556381225586
2006-05-26,23.411775588989258
2006-05-30,22.1843318939209
2006-05-31,22.484577178955078
2006-06-01,22.848831176757812
2006-06-02,23.08504867553711
2006-06-05,22.5176944732666
2006-06-06,21.676591873168945
2006-06-07,21.148962020874023
2006-06-08,20.199691772460938
2006-06-09,20.80457878112793
2006-06-12,20.137876510620117
2006-06-13,19.46014404296875
2006-06-14,19.908288955688477
2006-06-15,21.2725887298584
2006-06-16,21.347644805908203
2006-06-19,20.327739715576172
2006-06-20,20.563947677612305
2006-06-21,21.199739456176758
2006-06-22,20.55290985107422
2006-06-23,20.060611724853516
2006-06-26,19.758169174194336
2006-06-27,19.453519821166992
2006-06-28,20.356428146362305
2006-06-29,21.6876277923584
2006-06-30,21.634645462036133
2006-07-03,22.402894973754883
2006-07-05,21.405057907104492
2006-07-06,21.656719207763672
2006-07-07,21.34986686706543
2006-07-10,21.634645462036133
2006-07-11,21.92384147644043
2006-07-12,21.68983268737793
2006-07-13,20.714067459106445
2006-07-14,20.81340980529785
2006-07-17,20.16437530517578
2006-07-18,20.33435821533203
2006-07-19,21.621397018432617
2006-07-20,20.934829711914062
2006-07-21,20.345394134521484
2006-07-24,21.371936798095703
2006-07-25,21.57062530517578
2006-07-26,21.55075454711914
2006-07-27,21.643474578857422
2006-07-28,21.93267059326172
2006-07-31,21.965784072875977
2006-08-01,21.59269142150879
2006-08-02,21.786970138549805
2006-08-03,21.773723602294922
2006-08-04,21.899560928344727
2006-08-07,21.855403900146484
2006-08-08,21.879690170288086
2006-08-09,21.956958770751953
2006-08-10,22.049671173095703
2006-08-11,22.009933471679688
2006-08-14,21.6876277923584
2006-08-15,22.084997177124023
2006-08-16,22.5176944732666
2006-08-17,22.449251174926758
2006-08-18,21.800212860107422
2006-08-21,21.89735984802246
2006-08-22,21.66334342956543
2006-08-23,21.341028213500977
2006-08-24,21.391807556152344
2006-08-25,21.513221740722656
2006-08-28,21.806842803955078
2006-08-29,22.06513023376465
2006-08-30,22.2329044342041
2006-08-31,21.806842803955078
2006-09-01,21.901765823364258
2006-09-05,22.19096565246582
2006-09-06,21.608154296875
2006-09-07,21.027545928955078
2006-09-08,20.806787490844727
2006-09-11,19.978933334350586
2006-09-12,20.566164016723633
2006-09-13,20.751596450805664
2006-09-14,20.06723403930664
2006-09-15,20.460189819335938
2006-09-18,20.861976623535156
2006-09-19,20.574987411499023
2006-09-20,20.70523452758789
2006-09-21,20.129045486450195
2006-09-22,20.11139488220215
2006-09-25,20.208524703979492
2006-09-26,20.572776794433594
2006-09-27,20.343191146850586
2006-09-28,20.541868209838867
2006-09-29,20.144506454467773
2006-10-02,20.17099380493164
2006-10-03,19.758169174194336
2006-10-04,20.036331176757812
2006-10-05,20.11139488220215
2006-10-06,20.036331176757812
2006-10-09,20.327739715576172
2006-10-10,20.63900375366211
2006-10-11,20.46239471435547
2006-10-12,21.2946720123291
2006-10-13,21.526470184326172
2006-10-16,21.81346321105957
2006-10-17,21.38517951965332
2006-10-18,21.374143600463867
2006-10-19,21.654510498046875
2006-10-20,21.66775894165039
2006-10-23,21.314542770385742
2006-10-24,21.409461975097656
2006-10-25,21.848785400390625
2006-10-26,21.828908920288086
2006-10-27,21.601526260375977
2006-10-30,21.524261474609375
2006-10-31,22.473539352416992
2006-11-01,22.495620727539062
2006-11-02,22.407304763793945
2006-11-03,22.734031677246094
2006-11-06,23.296981811523438
2006-11-07,23.257238388061523
2006-11-08,23.478002548217773
2006-11-09,23.5111141204834
2006-11-10,23.53319549560547
2006-11-13,23.400732040405273
2006-11-14,23.853302001953125
2006-11-15,23.619293212890625
2006-11-16,22.965839385986328
2006-11-17,22.731826782226562
2006-11-20,22.961421966552734
2006-11-21,23.610462188720703
2006-11-22,23.89082145690918
2006-11-24,24.129257202148438
2006-11-27,23.798110961914062
2006-11-28,23.934978485107422
2006-11-29,24.157943725585938
2006-11-30,24.180025100708008
2006-12-01,23.98797035217285
2006-12-04,24.414037704467773
2006-12-05,24.703231811523438
2006-12-06,24.453765869140625
2006-12-07,24.405197143554688
2006-12-08,24.398574829101562
2006-12-11,24.531028747558594
2006-12-12,24.27054214477539
2006-12-13,24.542068481445312
2006-12-14,24.82464599609375
2006-12-15,24.837900161743164
2006-12-18,24.826858520507812
2006-12-19,25.040998458862305
2006-12-20,25.40106201171875
2006-12-21,25.552316665649414
2006-12-22,25.5952091217041
2006-12-26,25.9067440032959
2006-12-27,26.118932723999023
2006-12-28,26.0850830078125
2006-12-29,25.965429306030273
2007-01-03,25.362686157226562
2007-01-04,24.945056915283203
2007-01-05,24.369396209716797
2007-01-08,24.595149993896484
2007-01-09,24.419065475463867
2007-01-10,24.335535049438477
2007-01-11,24.61997413635254
2007-01-12,25.03083610534668
2007-01-16,25.28141975402832
2007-01-17,25.466527938842773
2007-01-18,25.491357803344727
2007-01-19,25.59745979309082
2007-01-22,25.782581329345703
2007-01-23,26.240842819213867
2007-01-24,26.358232498168945
2007-01-25,25.351390838623047
2007-01-26,25.79386329650879
2007-01-29,25.303987503051758
2007-01-30,25.73516845703125
2007-01-31,26.121192932128906
2007-02-01,26.667503356933594
2007-02-02,26.371782302856445
2007-02-05,25.949630737304688
2007-02-06,26.53205680847168
2007-02-07,26.35597038269043
2007-02-08,26.290508270263672
2007-02-09,25.861581802368164
2007-02-12,25.69002342224121
2007-02-13,26.20699119567871
2007-02-14,26.64267921447754
2007-02-15,26.91583251953125
2007-02-16,27.272504806518555
2007-02-20,27.45085334777832
2007-02-21,27.48470687866211
2007-02-22,27.764629364013672
2007-02-23,27.877506256103516
2007-02-26,27.868478775024414
2007-02-27,25.392038345336914
2007-02-28,26.173114776611328
2007-03-01,25.622299194335938
2007-03-02,25.09856414794922
2007-03-05,24.121074676513672
2007-03-06,25.001487731933594
2007-03-07,24.782516479492188
2007-03-08,25.44169807434082
2007-03-09,25.872875213623047
2007-03-12,26.193439483642578
2007-03-13,24.714794158935547
2007-03-14,25.042125701904297
2007-03-15,25.392038345336914
2007-03-16,25.13920021057129
2007-03-19,25.699045181274414
2007-03-20,26.146026611328125
2007-03-21,26.924850463867188
2007-03-22,27.28153419494629
2007-03-23,27.360546112060547
2007-03-26,27.446325302124023
2007-03-27,26.999357223510742
2007-03-28,26.821006774902344
2007-03-29,27.170917510986328
2007-03-30,27.407960891723633
2007-04-02,27.89105224609375
2007-04-03,28.301916122436523
2007-04-04,28.441879272460938
2007-04-05,28.561525344848633
2007-04-09,28.622478485107422
2007-04-10,28.805330276489258
2007-04-11,28.42156219482422
2007-04-12,28.91819953918457
2007-04-13,29.18910789489746
2007-04-16,29.75346565246582
2007-04-17,29.93181037902832
2007-04-18,29.96792984008789
2007-04-19,29.79184341430664
2007-04-20,30.28623390197754
2007-04-23,30.134984970092773
2007-04-24,30.0627384185791
2007-04-25,30.60904884338379
2007-04-26,29.97469711303711
2007-04-27,29.947612762451172
2007-04-30,29.48257827758789
2007-05-01,29.672197341918945
2007-05-02,30.2410831451416
2007-05-03,30.3878116607666
2007-05-04,30.500690460205078
2007-05-07,30.701602935791016
2007-05-08,30.265913009643555
2007-05-09,30.49616813659668
2007-05-10,29.311010360717773
2007-05-11,30.218509674072266
2007-05-14,29.78055191040039
2007-05-15,29.5593318939209
2007-05-16,29.843759536743164
2007-05-17,29.204896926879883
2007-05-18,29.778295516967773
2007-05-21,29.886659622192383
2007-05-22,29.66767692565918
2007-05-23,30.076290130615234
2007-05-24,29.0875186920166
2007-05-25,29.572866439819336
2007-05-29,29.28843116760254
2007-05-30,29.2342472076416
2007-05-31,29.008501052856445
2007-06-01,29.435163497924805
2007-06-04,28.963361740112305
2007-06-05,28.500572204589844
2007-06-06,28.236440658569336
2007-06-07,27.550180435180664
2007-06-08,27.954261779785156
2007-06-11,28.195804595947266
2007-06-12,27.405698776245117
2007-06-13,27.952001571655273
2007-06-14,28.53668785095215
2007-06-15,29.07396697998047
2007-06-18,29.250051498413086
2007-06-19,29.459985733032227
2007-06-20,28.805330276489258
2007-06-21,29.13266944885254
2007-06-22,28.47800636291504
2007-06-25,28.170978546142578
2007-06-26,27.654027938842773
2007-06-27,28.17548942565918
2007-06-28,28.173246383666992
2007-06-29,28.270313262939453
2007-07-02,29.12137222290039
2007-07-03,28.970121383666992
2007-07-05,28.86627769470215
2007-07-06,29.347116470336914
2007-07-09,29.98147964477539
2007-07-10,29.186843872070312
2007-07-11,29.51643180847168
2007-07-12,30.080795288085938
2007-07-13,30.0582275390625
2007-07-16,29.936328887939453
2007-07-17,29.715091705322266
2007-07-18,29.812156677246094
2007-07-19,30.49843406677246
2007-07-20,30.200441360473633
2007-07-23,31.024429321289062
2007-07-24,30.010818481445312
2007-07-25,30.14628028869629
2007-07-26,28.326740264892578
2007-07-27,27.396669387817383
2007-07-30,28.225154876708984
2007-07-31,27.676589965820312
2007-08-01,27.696910858154297
2007-08-02,27.818815231323242
2007-08-03,26.52528190612793
2007-08-06,27.340232849121094
2007-08-07,27.446325302124023
2007-08-08,28.073911666870117
2007-08-09,26.78940773010254
2007-08-10,26.89099884033203
2007-08-13,26.841325759887695
2007-08-14,25.87061882019043
2007-08-15,24.9224796295166
2007-08-16,24.74188804626465
2007-08-17,25.182085037231445
2007-08-20,25.371715545654297
2007-08-21,25.112106323242188
2007-08-22,26.54785919189453
2007-08-23,26.444011688232422
2007-08-24,27.247682571411133
2007-08-27,26.85713005065918
2007-08-28,26.04444694519043
2007-08-29,27.69915771484375
2007-08-30,27.507282257080078
2007-08-31,28.207103729248047
2007-09-04,28.805330276489258
2007-09-05,27.902334213256836
2007-09-06,28.313194274902344
2007-09-07,27.683374404907227
2007-09-10,27.963294982910156
2007-09-11,29.008501052856445
2007-09-12,28.97237777709961
2007-09-13,29.184572219848633
2007-09-14,28.864028930664062
2007-09-17,28.36285972595215
2007-09-18,29.74895477294922
2007-09-19,29.52094841003418
2007-09-20,29.469026565551758
2007-09-21,29.764747619628906
2007-09-24,29.5593318939209
2007-09-25,29.906970977783203
2007-09-26,30.0582275390625
2007-09-27,30.444259643554688
2007-09-28,29.99275779724121
2007-10-01,30.548097610473633
2007-10-02,30.586475372314453
2007-10-03,30.922840118408203
2007-10-04,31.457855224609375
2007-10-05,32.27958297729492
2007-10-08,31.796491622924805
2007-10-09,32.20281982421875
2007-10-10,32.00190734863281
2007-10-11,32.17573547363281
2007-10-12,32.54144287109375
2007-10-15,31.631681442260742
2007-10-16,31.344987869262695
2007-10-17,31.721969604492188
2007-10-18,32.089942932128906
2007-10-19,31.13278579711914
2007-10-22,31.29530906677246
2007-10-23,32.67689514160156
2007-10-24,32.73331832885742
2007-10-25,33.33155822753906
2007-10-26,34.40385055541992
2007-10-29,34.33161926269531
2007-10-30,33.97494125366211
2007-10-31,34.60702896118164
2007-11-01,32.959075927734375
2007-11-02,33.979454040527344
2007-11-05,33.41508865356445
2007-11-06,34.45125961303711
2007-11-07,33.41508865356445
2007-11-08,34.26840591430664
2007-11-09,33.722103118896484
2007-11-12,31.586532592773438
2007-11-13,33.45571517944336
2007-11-14,33.29317855834961
2007-11-15,32.15541458129883
2007-11-16,32.57079315185547
2007-11-19,31.04924774169922
2007-11-20,32.394718170166016
2007-11-21,30.97249984741211
2007-11-23,31.50527000427246
2007-11-26,28.958839416503906
2007-11-27,30.25011444091797
2007-11-28,31.4127140045166
2007-11-29,31.866470336914062
2007-11-30,31.823564529418945
2007-12-03,31.72649574279785
2007-12-04,31.71746826171875
2007-12-05,32.29537582397461
2007-12-06,32.609169006347656
2007-12-07,32.378910064697266
2007-12-10,32.719783782958984
2007-12-11,31.243391036987305
2007-12-12,31.945470809936523
2007-12-13,31.270484924316406
2007-12-14,29.8889217376709
2007-12-17,28.884342193603516
2007-12-18,29.157489776611328
2007-12-19,28.5524845123291
2007-12-20,28.745668411254883
2007-12-21,29.88212013244629
2007-12-24,30.31549835205078
2007-12-26,30.40079689025879
2007-12-27,30.820331573486328
2007-12-28,31.08082389831543
2007-12-31,29.992773056030273
2008-01-02,30.370817184448242
2008-01-03,30.654361724853516
2008-01-04,29.8291072845459
2008-01-07,29.732290267944336
2008-01-08,29.72075843811035
2008-01-09,30.656667709350586
2008-01-10,30.481464385986328
2008-01-11,29.663124084472656
2008-01-14,30.707380294799805
2008-01-15,29.298906326293945
2008-01-16,27.869701385498047
2008-01-17,26.970672607421875
2008-01-18,27.399436950683594
2008-01-22,27.0259952545166
2008-01-23,27.030614852905273
2008-01-24,28.17167091369629
2008-01-25,26.670991897583008
2008-01-28,26.6479434967041
2008-01-29,26.83928108215332
2008-01-30,26.53729820251465
2008-01-31,27.049041748046875
2008-02-01,27.913494110107422
2008-02-04,27.231151580810547
2008-02-05,25.45386505126953
2008-02-06,25.52532386779785
2008-02-07,25.481523513793945
2008-02-08,25.181846618652344
2008-02-11,25.172630310058594
2008-02-12,25.84574317932129
2008-02-13,26.318300247192383
2008-02-14,26.38054656982422
2008-02-15,26.371326446533203
2008-02-19,26.970672607421875
2008-02-20,27.028301239013672
2008-02-21,26.86232566833496
2008-02-22,27.380998611450195
2008-02-25,27.98264503479004
2008-02-26,29.1329345703125
2008-02-27,28.870147705078125
2008-02-28,28.36531639099121
2008-02-29,27.321062088012695
2008-03-03,28.09790802001953
2008-03-04,27.62074089050293
2008-03-05,27.613826751708984
2008-03-06,26.56035614013672
2008-03-07,26.5280818939209
2008-03-10,26.352880477905273
2008-03-11,28.353778839111328
2008-03-12,28.19011878967285
2008-03-13,28.04719352722168
2008-03-14,27.512392044067383
2008-03-17,26.29064178466797
2008-03-18,27.629953384399414
2008-03-19,25.933338165283203
2008-03-20,25.746614456176758
2008-03-24,26.115449905395508
2008-03-25,26.47505760192871
2008-03-26,26.631816864013672
2008-03-27,26.781639099121094
2008-03-28,26.094701766967773
2008-03-31,26.10391616821289
2008-04-01,26.977590560913086
2008-04-02,27.678369522094727
2008-04-03,27.998783111572266
2008-04-04,27.646089553833008
2008-04-07,28.416025161743164
2008-04-08,28.575090408325195
2008-04-09,28.397584915161133
2008-04-10,28.46904754638672
2008-04-11,28.236223220825195
2008-04-14,27.911184310913086
2008-04-15,28.330738067626953
2008-04-16,28.883981704711914
2008-04-17,29.08222770690918
2008-04-18,29.04534912109375
2008-04-21,29.22745132446289
2008-04-22,29.48793601989746
2008-04-23,29.377286911010742
2008-04-24,28.886280059814453
2008-04-25,29.0730037689209
2008-04-28,29.174428939819336
2008-04-29,29.031509399414062
2008-04-30,28.932392120361328
2008-05-01,28.98770523071289
2008-05-02,29.24127960205078
2008-05-05,29.6124210357666
2008-05-06,30.751174926757812
2008-05-07,30.07115364074707
2008-05-08,30.652055740356445
2008-05-09,30.131086349487305
2008-05-12,30.732736587524414
2008-05-13,30.73504066467285
2008-05-14,30.25326156616211
2008-05-15,31.154592514038086
2008-05-16,31.55338478088379
2008-05-19,31.484222412109375
2008-05-20,30.981700897216797
2008-05-21,30.532182693481445
2008-05-22,30.871049880981445
2008-05-23,30.619783401489258
2008-05-27,29.983551025390625
2008-05-28,29.992773056030273
2008-05-29,29.985858917236328
2008-05-30,29.919008255004883
2008-06-02,29.04764175415039
2008-06-03,28.66498565673828
2008-06-04,28.46904754638672
2008-06-05,29.10527992248535
2008-06-06,28.399883270263672
2008-06-09,28.017227172851562
2008-06-10,27.362550735473633
2008-06-11,26.740154266357422
2008-06-12,26.604148864746094
2008-06-13,27.198888778686523
2008-06-16,27.339500427246094
2008-06-17,26.991418838500977
2008-06-18,26.6479434967041
2008-06-19,26.88998794555664
2008-06-20,26.087793350219727
2008-06-23,25.942562103271484
2008-06-24,25.753536224365234
2008-06-25,26.53426170349121
2008-06-26,26.151113510131836
2008-06-27,26.773141860961914
2008-06-30,26.926868438720703
2008-07-01,26.193679809570312
2008-07-02,25.443941116333008
2008-07-03,25.271284103393555
2008-07-07,25.32094955444336
2008-07-08,25.902772903442383
2008-07-09,25.131746292114258
2008-07-10,25.687551498413086
2008-07-11,25.85783576965332
2008-07-14,25.74667739868164
2008-07-15,25.205059051513672
2008-07-16,25.928789138793945
2008-07-17,26.931594848632812
2008-07-18,26.340320587158203
2008-07-21,26.117996215820312
2008-07-22,26.4798583984375
2008-07-23,26.035221099853516
2008-07-24,25.316225051879883
2008-07-25,25.898042678833008
2008-07-28,25.8554744720459
2008-07-29,26.692718505859375
2008-07-30,27.50160026550293
2008-07-31,27.23670196533203
2008-08-01,26.640687942504883
2008-08-04,25.77979278564453
2008-08-05,26.082523345947266
2008-08-06,26.6123046875
2008-08-07,25.44867515563965
2008-08-08,25.306760787963867
2008-08-11,25.022951126098633
2008-08-12,24.833742141723633
2008-08-13,25.179044723510742
2008-08-14,25.623689651489258
2008-08-15,25.29256820678711
2008-08-18,24.947265625
2008-08-19,24.61615753173828
2008-08-20,24.748594284057617
2008-08-21,25.600038528442383
2008-08-22,25.363529205322266
2008-08-25,24.838468551635742
2008-08-26,24.824289321899414
2008-08-27,25.72775650024414
2008-08-28,26.39472007751465
2008-08-29,26.0446834564209
2008-09-02,25.008752822875977
2008-09-03,24.791162490844727
2008-09-04,23.74106216430664
2008-09-05,24.1715087890625
2008-09-08,24.78643798828125
2008-09-09,23.32952308654785
2008-09-10,23.381559371948242
2008-09-11,23.35791015625
2008-09-12,24.086366653442383
2008-09-15,22.70513343811035
2008-09-16,23.145050048828125
2008-09-17,21.740163803100586
2008-09-18,22.615259170532227
2008-09-19,24.10055923461914
2008-09-22,24.128936767578125
2008-09-23,22.468624114990234
2008-09-24,22.55849266052246
2008-09-25,23.249109268188477
2008-09-26,23.107200622558594
2008-09-29,20.363666534423828
2008-09-30,23.2065372467041
2008-10-01,22.59160804748535
2008-10-02,20.235952377319336
2008-10-03,19.767656326293945
2008-10-06,18.372238159179688
2008-10-07,17.10926628112793
2008-10-08,17.76203727722168
2008-10-09,16.319313049316406
2008-10-10,16.792339324951172
2008-10-13,18.996627807617188
2008-10-14,18.46684455871582
2008-10-15,14.758338928222656
2008-10-16,16.073347091674805
2008-10-17,15.098917007446289
2008-10-20,16.092266082763672
2008-10-21,14.48398494720459
2008-10-22,12.412144660949707
2008-10-23,13.202093124389648
2008-10-24,12.724337577819824
2008-10-27,12.237125396728516
2008-10-28,15.042152404785156
2008-10-29,15.359079360961914
2008-10-30,16.06861686706543
2008-10-31,16.328777313232422
2008-11-03,16.13956642150879
2008-11-04,17.610668182373047
2008-11-05,15.694924354553223
2008-11-06,14.640080451965332
2008-11-07,15.420570373535156
2008-11-10,15.728035926818848
2008-11-11,15.00430965423584
2008-11-12,13.788641929626465
2008-11-13,15.789530754089355
2008-11-14,14.654268264770508
2008-11-17,14.285316467285156
2008-11-18,14.4697904586792
2008-11-19,13.41021728515625
2008-11-20,12.303345680236816
2008-11-21,14.621162414550781
2008-11-24,15.122563362121582
2008-11-25,15.827369689941406
2008-11-26,16.735572814941406
2008-11-28,16.702463150024414
2008-12-01,14.777257919311523
2008-12-02,15.297581672668457
2008-12-03,15.657081604003906
2008-12-04,14.909704208374023
2008-12-05,15.61451244354248
2008-12-08,16.253093719482422
2008-12-09,16.224706649780273
2008-12-10,17.189680099487305
2008-12-11,16.792339324951172
2008-12-12,16.63150978088379
2008-12-15,16.40918731689453
2008-12-16,17.681625366210938
2008-12-17,17.482954025268555
2008-12-18,17.274829864501953
2008-12-19,16.99574089050293
2008-12-22,16.726112365722656
2008-12-23,17.183135986328125
2008-12-24,16.964576721191406
2008-12-26,17.39197540283203
2008-12-29,17.761085510253906
2008-12-30,18.455598831176758
2008-12-31,18.713001251220703
2009-01-02,19.179258346557617
2009-01-05,19.116117477416992
2009-01-06,19.533796310424805
2009-01-07,18.39731788635254
2009-01-08,18.285615921020508
2009-01-09,18.06706428527832
2009-01-12,17.018007278442383
2009-01-13,16.954870223999023
2009-01-14,15.764963150024414
2009-01-15,16.4837646484375
2009-01-16,16.629465103149414
2009-01-20,15.284149169921875
2009-01-21,16.347774505615234
2009-01-22,15.842673301696777
2009-01-23,15.813531875610352
2009-01-26,16.046659469604492
2009-01-27,16.682891845703125
2009-01-28,17.319124221801758
2009-01-29,16.464336395263672
2009-01-30,16.10494041442871
2009-02-02,15.925238609313965
2009-02-03,16.396347045898438
2009-02-04,16.182647705078125
2009-02-05,16.687747955322266
2009-02-06,17.795082092285156
2009-02-09,17.615386962890625
2009-02-10,16.367202758789062
2009-02-11,16.886877059936523
2009-02-12,17.207412719726562
2009-02-13,16.639177322387695
2009-02-17,15.828105926513672
2009-02-18,15.930098533630371
2009-02-19,15.823248863220215
2009-02-20,15.789253234863281
2009-02-23,15.221012115478516
2009-02-24,16.066089630126953
2009-02-25,15.667831420898438
2009-02-26,15.774678230285645
2009-02-27,14.876187324523926
2009-03-02,14.040828704833984
2009-03-03,14.215669631958008
2009-03-04,14.793620109558105
2009-03-05,13.963119506835938
2009-03-06,14.322521209716797
2009-03-09,13.890267372131348
2009-03-10,14.900469779968262
2009-03-11,15.41528034210205
2009-03-12,16.35749053955078
2009-03-13,16.32834815979004
2009-03-16,16.362346649169922
2009-03-17,16.537187576293945
2009-03-18,16.94029998779297
2009-03-19,17.36283302307129
2009-03-20,17.51824951171875
2009-03-23,18.897560119628906
2009-03-24,18.30990219116211
2009-03-25,18.664438247680664
2009-03-26,19.03355598449707
2009-03-27,17.75136947631836
2009-03-30,17.309412002563477
2009-03-31,18.06706428527832
2009-04-01,18.785856246948242
2009-04-02,19.28124237060547
2009-04-03,19.46094512939453
2009-04-06,18.878135681152344
2009-04-07,18.31961441040039
2009-04-08,18.71786117553711
2009-04-09,19.164688110351562
2009-04-13,19.417236328125
2009-04-14,19.038406372070312
2009-04-15,19.218103408813477
2009-04-16,19.499797821044922
2009-04-17,19.004411697387695
2009-04-20,18.02820587158203
2009-04-21,18.24190902709961
2009-04-22,18.19333839416504
2009-04-23,18.766427993774414
2009-04-24,19.383235931396484
2009-04-27,18.946130752563477
2009-04-28,19.441516876220703
2009-04-29,20.053466796875
2009-04-30,19.694068908691406
2009-05-01,20.043750762939453
2009-05-04,21.5784854888916
2009-05-05,20.995670318603516
2009-05-06,21.54448699951172
2009-05-07,20.76254653930664
2009-05-08,21.758180618286133
2009-05-11,21.087955474853516
2009-05-12,21.44249725341797
2009-05-13,20.442007064819336
2009-05-14,20.786836624145508
2009-05-15,20.437149047851562
2009-05-18,21.204511642456055
2009-05-19,21.588197708129883
2009-05-20,22.059295654296875
2009-05-21,21.986446380615234
2009-05-22,22.09329605102539
2009-05-26,22.370126724243164
2009-05-27,22.302141189575195
2009-05-28,23.088930130004883
2009-05-29,23.322053909301758
2009-06-01,23.875722885131836
2009-06-02,23.885435104370117
2009-06-03,23.01607894897461
2009-06-04,23.52603530883789
2009-06-05,23.152063369750977
2009-06-08,22.95294189453125
2009-06-09,22.972366333007812
2009-06-10,22.962657928466797
2009-06-11,23.22491455078125
2009-06-12,23.1666316986084
2009-06-15,22.61296844482422
2009-06-16,22.43812370300293
2009-06-17,22.302141189575195
2009-06-18,22.146717071533203
2009-06-19,22.171003341674805
2009-06-22,21.199655532836914
2009-06-23,21.526124954223633
2009-06-24,22.07769775390625
2009-06-25,22.703798294067383
2009-06-26,22.95722770690918
2009-06-29,23.190771102905273
2009-06-30,23.48891830444336
2009-07-01,23.752277374267578
2009-07-02,23.006919860839844
2009-07-06,22.669021606445312
2009-07-07,22.216825485229492
2009-07-08,21.62053871154785
2009-07-09,22.360933303833008
2009-07-10,22.20192527770996
2009-07-13,22.410627365112305
2009-07-14,22.71870994567871
2009-07-15,23.80694007873535
2009-07-16,23.90135383605957
2009-07-17,23.95104217529297
2009-07-20,24.686471939086914
2009-07-21,24.746097564697266
2009-07-22,24.915056228637695
2009-07-23,25.292699813842773
2009-07-24,25.113811492919922
2009-07-27,25.004491806030273
2009-07-28,24.408203125
2009-07-29,23.921226501464844
2009-07-30,24.10012435913086
2009-07-31,24.726221084594727
2009-08-03,25.51630973815918
2009-08-04,25.22313117980957
2009-08-05,24.999523162841797
2009-08-06,24.621870040893555
2009-08-07,24.83554458618164
2009-08-10,24.522489547729492
2009-08-11,24.368444442749023
2009-08-12,24.34360694885254
2009-08-13,24.741130828857422
2009-08-14,24.552305221557617
2009-08-17,23.48891830444336
2009-08-18,24.293914794921875
2009-08-19,24.328693389892578
2009-08-20,24.900148391723633
2009-08-21,25.561033248901367
2009-08-24,25.595813751220703
2009-08-25,25.83930015563965
2009-08-26,25.59084701538086
2009-08-27,26.117568969726562
2009-08-28,26.202043533325195
2009-08-31,25.918807983398438
2009-09-01,25.079030990600586
2009-09-02,25.421894073486328
2009-09-03,26.276582717895508
2009-09-04,26.56975555419922
2009-09-08,26.703916549682617
2009-09-09,26.758586883544922
2009-09-10,27.106426239013672
2009-09-11,27.459226608276367
2009-09-14,27.474132537841797
2009-09-15,27.88160514831543
2009-09-16,28.5772762298584
2009-09-17,28.45801544189453
2009-09-18,28.358633041381836
2009-09-21,27.856761932373047
2009-09-22,28.17477798461914
2009-09-23,27.50395393371582
2009-09-24,27.05176544189453
2009-09-25,27.419475555419922
2009-09-28,27.50395393371582
2009-09-29,27.28531265258789
2009-09-30,27.2058048248291
2009-10-01,26.052974700927734
2009-10-02,26.107627868652344
2009-10-05,27.021953582763672
2009-10-06,27.439346313476562
2009-10-07,27.76731300354004
2009-10-08,28.15489959716797
2009-10-09,27.77228355407715
2009-10-12,28.204587936401367
2009-10-13,28.47292137145996
2009-10-14,29.079160690307617
2009-10-15,28.999656677246094
2009-10-16,28.383480072021484
2009-10-19,28.915180206298828
2009-10-20,28.318885803222656
2009-10-21,28.04557991027832
2009-10-22,28.72137451171875
2009-10-23,28.269189834594727
2009-10-26,27.270401000976562
2009-10-27,26.743680953979492
2009-10-28,25.481531143188477
2009-10-29,26.927534103393555
2009-10-30,25.754825592041016
2009-11-02,25.352327346801758
2009-11-03,25.739917755126953
2009-11-04,26.162294387817383
2009-11-05,26.55484962463379
2009-11-06,26.698951721191406
2009-11-09,27.712650299072266
2009-11-10,27.73749542236328
2009-11-11,27.980989456176758
2009-11-12,27.33003044128418
2009-11-13,27.81203842163086
2009-11-16,28.25924301147461
2009-11-17,28.04061508178711
2009-11-18,28.005823135375977
2009-11-19,27.548669815063477
2009-11-20,27.290273666381836
2009-11-23,27.92632293701172
2009-11-24,28.095272064208984
2009-11-25,28.582246780395508
2009-11-27,27.752403259277344
2009-11-30,27.846817016601562
2009-12-01,28.617027282714844
2009-12-02,28.636903762817383
2009-12-03,27.856761932373047
2009-12-04,27.68284034729004
2009-12-07,27.57848358154297
2009-12-08,27.156118392944336
2009-12-09,27.2058048248291
2009-12-10,27.40458106994629
2009-12-11,27.73749542236328
2009-12-14,28.37354850769043
2009-12-15,27.985952377319336
2009-12-16,28.07539939880371
2009-12-17,27.866689682006836
2009-12-18,27.80208969116211
2009-12-21,27.26046371459961
2009-12-22,27.466793060302734
2009-12-23,27.907854080200195
2009-12-24,28.29820442199707
2009-12-28,28.506046295166016
2009-12-29,28.45028305053711
2009-12-30,28.516189575195312
2009-12-31,28.374244689941406
2010-01-04,29.383079528808594
2010-01-05,29.621341705322266
2010-01-06,29.631484985351562
2010-01-07,29.033279418945312
2010-01-08,29.448991775512695
2010-01-11,29.246200561523438
2010-01-12,28.678415298461914
2010-01-13,29.17522621154785
2010-01-14,28.91160774230957
2010-01-15,28.541536331176758
2010-01-19,28.926828384399414
2010-01-20,28.430007934570312
2010-01-21,27.360332489013672
2010-01-22,26.89393424987793
2010-01-25,27.355260848999023
2010-01-26,27.07136344909668
2010-01-27,26.99026107788086
2010-01-28,26.89393424987793
2010-01-29,26.681015014648438
2010-02-01,27.461719512939453
2010-02-02,28.049785614013672
2010-02-03,27.639163970947266
2010-02-04,26.28052520751953
2010-02-05,26.01183319091797
2010-02-08,25.874956130981445
2010-02-09,26.751985549926758
2010-02-10,26.326143264770508
2010-02-11,27.26907730102539
2010-02-12,26.70635986328125
2010-02-16,27.578319549560547
2010-02-17,27.5631103515625
2010-02-18,27.847009658813477
2010-02-19,27.466793060302734
2010-02-22,27.177831649780273
2010-02-23,26.39205551147461
2010-02-24,26.81282615661621
2010-02-25,26.863521575927734
2010-02-26,27.020673751831055
2010-03-01,27.740549087524414
2010-03-02,28.05992317199707
2010-03-03,28.62771987915039
2010-03-04,28.658132553100586
2010-03-05,29.33745002746582
2010-03-08,29.514892578125
2010-03-09,29.550378799438477
2010-03-10,29.641632080078125
2010-03-11,29.631484985351562
2010-03-12,29.504751205444336
2010-03-15,29.575725555419922
2010-03-16,29.945798873901367
2010-03-17,30.493305206298828
2010-03-18,30.782278060913086
2010-03-19,30.467967987060547
2010-03-22,30.716365814208984
2010-03-23,30.731578826904297
2010-03-24,29.95087242126465
2010-03-25,29.550378799438477
2010-03-26,29.717676162719727
2010-03-29,30.11309051513672
2010-03-30,30.178997039794922
2010-03-31,30.635257720947266
2010-04-01,31.29430389404297
2010-04-05,31.715076446533203
2010-04-06,31.684661865234375
2010-04-07,31.40583610534668
2010-04-08,31.421037673950195
2010-04-09,31.52749252319336
2010-04-12,31.248676300048828
2010-04-13,31.020544052124023
2010-04-14,31.380477905273438
2010-04-15,31.147279739379883
2010-04-16,30.34628677368164
2010-04-19,30.118162155151367
2010-04-20,30.503450393676758
2010-04-21,30.498380661010742
2010-04-22,30.260116577148438
2010-04-23,30.523731231689453
2010-04-26,30.832971572875977
2010-04-27,29.656835556030273
2010-04-28,30.031986236572266
2010-04-29,30.412199020385742
2010-04-30,30.290536880493164
2010-05-03,30.716365814208984
2010-05-04,29.296894073486328
2010-05-05,28.455360412597656
2010-05-06,27.289356231689453
2010-05-07,27.411035537719727
2010-05-10,29.083974838256836
2010-05-11,29.170169830322266
2010-05-12,30.08267593383789
2010-05-13,29.347597122192383
2010-05-14,28.739246368408203
2010-05-17,28.800086975097656
2010-05-18,28.212018966674805
2010-05-19,27.988948822021484
2010-05-20,26.10308837890625
2010-05-21,26.721572875976562
2010-05-24,26.95477294921875
2010-05-25,26.863521575927734
2010-05-26,27.43130111694336
2010-05-27,29.14988136291504
2010-05-28,28.536466598510742
2010-06-01,27.654369354248047
2010-06-02,29.05862808227539
2010-06-03,28.135971069335938
2010-06-04,26.691158294677734
2010-06-07,26.579626083374023
2010-06-08,27.061227798461914
2010-06-09,26.74692153930664
2010-06-10,27.92812156677246
2010-06-11,27.77603530883789
2010-06-14,27.83180046081543
2010-06-15,29.00286102294922
2010-06-16,29.033279418945312
2010-06-17,29.246200561523438
2010-06-18,29.251272201538086
2010-06-21,29.170169830322266
2010-06-22,28.724035263061523
2010-06-23,29.037792205810547
2010-06-24,28.212657928466797
2010-06-25,28.645599365234375
2010-06-28,28.304344177246094
2010-06-29,27.540327072143555
2010-06-30,26.817052841186523
2010-07-01,26.883258819580078
2010-07-02,27.178693771362305
2010-07-06,27.820451736450195
2010-07-07,28.65578842163086
2010-07-08,28.681255340576172
2010-07-09,28.772932052612305
2010-07-12,28.584476470947266
2010-07-13,29.231346130371094
2010-07-14,29.05307960510254
2010-07-15,29.251724243164062
2010-07-16,28.76275062561035
2010-07-19,28.60484504699707
2010-07-20,29.154945373535156
2010-07-21,29.088729858398438
2010-07-22,30.321346282958984
2010-07-23,30.652420043945312
2010-07-26,31.17195701599121
2010-07-27,31.11593246459961
2010-07-28,30.744104385375977
2010-07-29,30.744104385375977
2010-07-30,30.89181137084961
2010-08-02,31.53359603881836
2010-08-03,31.192325592041016
2010-08-04,31.243268966674805
2010-08-05,31.227985382080078
2010-08-06,31.329856872558594
2010-08-09,31.640552520751953
2010-08-10,31.17704963684082
2010-08-11,30.137981414794922
2010-08-12,30.163454055786133
2010-08-13,30.20929718017578
2010-08-16,30.397754669189453
2010-08-17,30.626956939697266
2010-08-18,30.326438903808594
2010-08-19,30.046300888061523
2010-08-20,29.80690574645996
2010-08-23,29.944433212280273
2010-08-24,29.491121292114258
2010-08-25,29.200786590576172
2010-08-26,29.338308334350586
2010-08-27,29.78653335571289
2010-08-30,29.52167510986328
2010-08-31,29.745790481567383
2010-09-01,30.845979690551758
2010-09-02,31.227985382080078
2010-09-03,31.53868293762207
2010-09-07,30.749197006225586
2010-09-08,31.039525985717773
2010-09-09,31.146488189697266
2010-09-10,31.62017250061035
2010-09-13,32.34344482421875
2010-09-14,32.57265090942383
2010-09-15,32.598121643066406
2010-09-16,32.338356018066406
2010-09-17,32.088783264160156
2010-09-20,32.862979888916016
2010-09-21,32.94956970214844
2010-09-22,33.1125602722168
2010-09-23,32.90372085571289
2010-09-24,33.48948669433594
2010-09-27,33.44873046875
2010-09-28,34.080318450927734
2010-09-29,34.03447723388672
2010-09-30,34.23822021484375
2010-10-01,34.61003494262695
2010-10-04,34.21783447265625
2010-10-05,35.04807662963867
2010-10-06,35.165225982666016
2010-10-07,34.650787353515625
2010-10-08,35.08373260498047
2010-10-11,35.05826187133789
2010-10-12,35.2110595703125
2010-10-13,35.852848052978516
2010-10-14,35.73059844970703
2010-10-15,35.41989517211914
2010-10-18,36.10750961303711
2010-10-19,34.4674186706543
2010-10-20,34.78831100463867
2010-10-21,34.808677673339844
2010-10-22,34.854530334472656
2010-10-25,34.910552978515625
2010-10-26,34.564205169677734
2010-10-27,34.00392150878906
2010-10-28,34.36555480957031
2010-10-29,34.49797439575195
2010-11-01,34.686439514160156
2010-11-02,35.318031311035156
2010-11-03,35.990379333496094
2010-11-04,36.67288589477539
2010-11-05,36.66779327392578
2010-11-08,36.703453063964844
2010-11-09,36.09223556518555
2010-11-10,36.5302734375
2010-11-11,36.540443420410156
2010-11-12,35.91395950317383
2010-11-15,35.959800720214844
2010-11-16,34.961483001708984
2010-11-17,35.409706115722656
2010-11-18,35.86811447143555
2010-11-19,35.97507858276367
2010-11-22,35.694950103759766
2010-11-23,34.492881774902344
2010-11-24,35.093929290771484
2010-11-26,34.52854537963867
2010-11-29,34.569297790527344
2010-11-30,33.98354721069336
2010-12-01,34.737369537353516
2010-12-02,36.08713912963867
2010-12-03,36.60667419433594
2010-12-06,36.80531692504883
2010-12-07,36.23994445800781
2010-12-08,36.336708068847656
2010-12-09,36.525177001953125
2010-12-10,36.621952056884766
2010-12-13,36.75947189331055
2010-12-14,36.851158142089844
2010-12-15,36.55064392089844
2010-12-16,36.78494644165039
2010-12-17,36.703453063964844
2010-12-20,36.840972900390625
2010-12-21,37.433815002441406
2010-12-22,37.48066329956055
2010-12-23,37.80335235595703
2010-12-27,37.70967483520508
2010-12-28,38.01155471801758
2010-12-29,38.365501403808594
2010-12-30,38.630943298339844
2010-12-31,38.87036895751953
2011-01-03,38.943241119384766
2011-01-04,38.59450912475586
2011-01-05,38.219764709472656
2011-01-06,37.46504211425781
2011-01-07,37.18397903442383
2011-01-10,37.03303146362305
2011-01-11,37.04864501953125
2011-01-12,37.56914138793945
2011-01-13,37.30367660522461
2011-01-14,37.32971954345703
2011-01-18,37.225608825683594
2011-01-19,36.08053207397461
2011-01-20,35.481971740722656
2011-01-21,35.47675323486328
2011-01-24,35.78385543823242
2011-01-25,35.154056549072266
2011-01-26,35.4299201965332
2011-01-27,35.38827896118164
2011-01-28,33.7279167175293
2011-01-31,34.13909912109375
2011-02-01,34.70123291015625
2011-02-02,34.66999816894531
2011-02-03,34.76369094848633
2011-02-04,34.909420013427734
2011-02-07,34.623146057128906
2011-02-08,35.11762619018555
2011-02-09,34.30044937133789
2011-02-10,34.14950942993164
2011-02-11,34.86777877807617
2011-02-14,34.43577575683594
2011-02-15,34.20676040649414
2011-02-16,34.68040084838867
2011-02-17,35.226924896240234
2011-02-18,35.554840087890625
2011-02-22,34.61274337768555
2011-02-23,34.75847625732422
2011-02-24,34.88339614868164
2011-02-25,35.554840087890625
2011-02-28,36.106563568115234
2011-03-01,35.36745071411133
2011-03-02,36.14299392700195
2011-03-03,36.59061813354492
2011-03-04,36.340782165527344
2011-03-07,36.059722900390625
2011-03-08,36.43967819213867
2011-03-09,36.46049499511719
2011-03-10,35.22172164916992
2011-03-11,35.929588317871094
2011-03-14,36.25229263305664
2011-03-15,34.68561553955078
2011-03-16,33.753936767578125
2011-03-17,33.94651412963867
2011-03-18,34.05582046508789
2011-03-21,34.88861083984375
2011-03-22,35.38307189941406
2011-03-23,35.924381256103516
2011-03-24,36.44487762451172
2011-03-25,36.533363342285156
2011-03-28,36.22626876831055
2011-03-29,36.90290832519531
2011-03-30,37.65242385864258
2011-03-31,37.95951461791992
2011-04-01,38.62052917480469
2011-04-04,38.77147674560547
2011-04-05,38.84954071044922
2011-04-06,39.35442352294922
2011-04-07,39.239933013916016
2011-04-08,39.35962677001953
2011-04-11,38.672584533691406
2011-04-12,38.0479850769043
2011-04-13,37.65242385864258
2011-04-14,37.491065979003906
2011-04-15,37.44942092895508
2011-04-18,36.3668098449707
2011-04-19,36.991397857666016
2011-04-20,37.90745162963867
2011-04-21,38.61533737182617
2011-04-25,38.36028289794922
2011-04-26,38.896400451660156
2011-04-27,39.4064826965332
2011-04-28,39.48975372314453
2011-04-29,40.010250091552734
2011-05-02,39.91136169433594
2011-05-03,38.792301177978516
2011-05-04,38.0636100769043
2011-05-05,37.01220703125
2011-05-06,37.506683349609375
2011-05-09,37.36094284057617
2011-05-10,37.68885040283203
2011-05-11,36.60102462768555
2011-05-12,36.60102462768555
2011-05-13,35.68495559692383
2011-05-16,36.028480529785156
2011-05-17,36.14299392700195
2011-05-18,36.710330963134766
2011-05-19,36.84044647216797
2011-05-20,36.49171447753906
2011-05-23,35.34663391113281
2011-05-24,35.95560836791992
2011-05-25,35.9764289855957
2011-05-26,36.59061813354492
2011-05-27,36.87688446044922
2011-05-31,37.93349075317383
2011-06-01,37.194374084472656
2011-06-02,37.80856704711914
2011-06-03,37.44423294067383
2011-06-06,36.60622024536133
2011-06-07,37.199588775634766
2011-06-08,37.12151336669922
2011-06-09,37.199588775634766
2011-06-10,36.44487762451172
2011-06-13,36.30434036254883
2011-06-14,36.663490295410156
2011-06-15,35.74742126464844
2011-06-16,35.471561431884766
2011-06-17,35.84110641479492
2011-06-20,36.023277282714844
2011-06-21,36.944557189941406
2011-06-22,35.873451232910156
2011-06-23,35.82603454589844
2011-06-24,35.283382415771484
2011-06-27,35.60475540161133
2011-06-28,36.40557861328125
2011-06-29,36.858665466308594
2011-06-30,37.443485260009766
2011-07-01,37.7437858581543
2011-07-05,37.79121017456055
2011-07-06,37.69636917114258
2011-07-07,38.28117752075195
2011-07-08,37.6068115234375
2011-07-11,36.46880340576172
2011-07-12,36.51095199584961
2011-07-13,36.90081024169922
2011-07-14,36.8797492980957
2011-07-15,37.248538970947266
2011-07-18,36.45825958251953
2011-07-19,36.87445831298828
2011-07-20,36.942970275878906
2011-07-21,37.590999603271484
2011-07-22,37.454017639160156
2011-07-25,37.39605712890625
2011-07-26,37.722713470458984
2011-07-27,37.1115608215332
2011-07-28,36.584716796875
2011-07-29,36.779640197753906
2011-08-01,37.248538970947266
2011-08-02,36.01570510864258
2011-08-03,36.537296295166016
2011-08-04,33.30241394042969
2011-08-05,34.166446685791016
2011-08-08,31.300365447998047
2011-08-09,32.870384216308594
2011-08-10,31.674428939819336
2011-08-11,33.73970413208008
2011-08-12,33.950443267822266
2011-08-15,34.80394744873047
2011-08-16,33.99786376953125
2011-08-17,34.42461013793945
2011-08-18,33.0231819152832
2011-08-19,32.95996856689453
2011-08-22,33.481536865234375
2011-08-23,33.860877990722656
2011-08-24,33.70808410644531
2011-08-25,33.14435577392578
2011-08-26,33.99258804321289
2011-08-29,35.28865051269531
2011-08-30,35.47305679321289
2011-08-31,36.27913284301758
2011-09-01,36.24225997924805
2011-09-02,35.51519775390625
2011-09-06,34.8092155456543
2011-09-07,36.084190368652344
2011-09-08,35.4361686706543
2011-09-09,34.609004974365234
2011-09-12,34.20860290527344
2011-09-13,34.69330978393555
2011-09-14,34.58793258666992
2011-09-15,35.04103469848633
2011-09-16,34.94092559814453
2011-09-19,33.834529876708984
2011-09-20,33.44466018676758
2011-09-21,31.837757110595703
2011-09-22,30.072803497314453
2011-09-23,30.294071197509766
2011-09-26,31.421550750732422
2011-09-27,32.29084014892578
2011-09-28,31.516376495361328
2011-09-29,31.058015823364258
2011-09-30,29.78829574584961
2011-10-03,29.619699478149414
2011-10-04,30.36783218383789
2011-10-05,30.762981414794922
2011-10-06,31.532184600830078
2011-10-07,31.21080207824707
2011-10-10,32.62276840209961
2011-10-11,32.185489654541016
2011-10-12,32.77556228637695
2011-10-13,32.464717864990234
2011-10-14,32.77556228637695
2011-10-17,31.737659454345703
2011-10-18,32.67018508911133
2011-10-19,31.61647605895996
2011-10-20,30.9842586517334
2011-10-21,32.048500061035156
2011-10-24,33.175960540771484
2011-10-25,32.59642791748047
2011-10-26,33.1548957824707
2011-10-27,35.204345703125
2011-10-28,35.15693664550781
2011-10-31,33.40251541137695
2011-11-01,32.459442138671875
2011-11-02,33.38669967651367
2011-11-03,34.34031677246094
2011-11-04,33.80292510986328
2011-11-07,34.30870056152344
2011-11-08,34.80394744873047
2011-11-09,32.5015983581543
2011-11-10,33.26552963256836
2011-11-11,33.80292510986328
2011-11-14,33.24446105957031
2011-11-15,33.04425048828125
2011-11-16,32.765018463134766
2011-11-17,31.75345230102539
2011-11-18,31.7745304107666
2011-11-21,30.884153366088867
2011-11-22,30.82620620727539
2011-11-23,29.914745330810547
2011-11-25,30.035913467407227
2011-11-28,31.837757110595703
2011-11-29,31.331985473632812
2011-11-30,34.12956619262695
2011-12-01,33.644859313964844
2011-12-02,33.1232795715332
2011-12-05,33.808189392089844
2011-12-06,33.88722229003906
2011-12-07,34.108489990234375
2011-12-08,32.443641662597656
2011-12-09,33.702823638916016
2011-12-12,32.185489654541016
2011-12-13,31.326709747314453
2011-12-14,31.0158748626709
2011-12-15,31.20026969909668
2011-12-16,31.57432746887207
2011-12-19,30.720821380615234
2011-12-20,32.32867431640625
2011-12-21,32.07644271850586
2011-12-22,32.48966979980469
2011-12-23,32.70970916748047
2011-12-27,32.865333557128906
2011-12-28,32.291114807128906
2011-12-29,32.61847686767578
2011-12-30,32.77410888671875
2012-01-03,33.64887619018555
2012-01-04,33.3000373840332
2012-01-05,32.89754104614258
2012-01-06,32.88680648803711
2012-01-09,33.08537292480469
2012-01-10,33.46103286743164
2012-01-11,33.45030212402344
2012-01-12,33.86353302001953
2012-01-13,33.144405364990234
2012-01-17,33.89036178588867
2012-01-18,34.97980499267578
2012-01-19,35.0388298034668
2012-01-20,35.0334587097168
2012-01-23,35.08713150024414
2012-01-24,34.89393615722656
2012-01-25,35.37693405151367
2012-01-26,35.4842643737793
2012-01-27,35.91358947753906
2012-01-30,35.205196380615234
2012-01-31,35.704288482666016
2012-02-01,36.87959289550781
2012-02-02,36.94935989379883
2012-02-03,37.679222106933594
2012-02-06,37.05131912231445
2012-02-07,37.10498809814453
2012-02-08,36.933258056640625
2012-02-09,37.02985382080078
2012-02-10,36.14973068237305
2012-02-13,36.627357482910156
2012-02-14,36.262428283691406
2012-02-15,36.05311965942383
2012-02-16,36.19266128540039
2012-02-17,36.117530822753906
2012-02-21,36.165828704833984
2012-02-22,36.02629470825195
2012-02-23,36.71859359741211
2012-02-24,37.228431701660156
2012-02-27,37.126468658447266
2012-02-28,37.888519287109375
2012-02-29,37.410892486572266
2012-03-01,38.291019439697266
2012-03-02,37.77582931518555
2012-03-05,37.314292907714844
2012-03-06,35.91358947753906
2012-03-07,36.691749572753906
2012-03-08,37.38941955566406
2012-03-09,37.35723876953125
2012-03-12,37.18013000488281
2012-03-13,37.630924224853516
2012-03-14,36.79370880126953
2012-03-15,37.292816162109375
2012-03-16,37.32502365112305
2012-03-19,37.32502365112305
2012-03-20,36.75078201293945
2012-03-21,36.59516906738281
2012-03-22,36.015567779541016
2012-03-23,36.203392028808594
2012-03-26,37.346492767333984
2012-03-27,37.32502365112305
2012-03-28,36.498565673828125
2012-03-29,36.54148483276367
2012-03-30,36.981563568115234
2012-04-02,37.38941955566406
2012-04-03,36.73468780517578
2012-04-04,35.45206832885742
2012-04-05,35.768699645996094
2012-04-09,35.280338287353516
2012-04-10,34.73829650878906
2012-04-11,34.86172866821289
2012-04-12,35.698917388916016
2012-04-13,35.13543701171875
2012-04-16,35.25885772705078
2012-04-17,35.983367919921875
2012-04-18,36.058494567871094
2012-04-19,35.69356918334961
2012-04-20,36.19266128540039
2012-04-23,35.741859436035156
2012-04-24,35.908226013183594
2012-04-25,36.46635055541992
2012-04-26,36.55223083496094
2012-04-27,36.68638610839844
2012-04-30,36.8151969909668
2012-05-01,37.28208923339844
2012-05-02,36.906410217285156
2012-05-03,36.57369613647461
2012-05-04,36.28925704956055
2012-05-07,36.337554931640625
2012-05-08,35.59695816040039
2012-05-09,34.92076110839844
2012-05-10,35.307167053222656
2012-05-11,34.722198486328125
2012-05-14,33.76694107055664
2012-05-15,33.251739501953125
2012-05-16,33.48249816894531
2012-05-17,33.278564453125
2012-05-18,32.90290832519531
2012-05-21,33.73472595214844
2012-05-22,33.51469802856445
2012-05-23,33.38590621948242
2012-05-24,33.466407775878906
2012-05-25,33.26784133911133
2012-05-29,33.83670425415039
2012-05-30,32.8599739074707
2012-05-31,33.4181022644043
2012-06-01,32.90290832519531
2012-06-04,33.49323654174805
2012-06-05,33.7401008605957
2012-06-06,34.55583190917969
2012-06-07,34.453861236572266
2012-06-08,34.20700454711914
2012-06-11,33.44493865966797
2012-06-12,34.19627380371094
2012-06-13,34.271392822265625
2012-06-14,34.38946533203125
2012-06-15,34.7704963684082
2012-06-18,35.42523193359375
2012-06-19,35.89749526977539
2012-06-20,36.047760009765625
2012-06-21,34.47809600830078
2012-06-22,34.374534606933594
2012-06-25,34.02028274536133
2012-06-26,34.26008987426758
2012-06-27,33.9930305480957
2012-06-28,33.6169548034668
2012-06-29,34.8269157409668
2012-07-02,34.87596130371094
2012-07-03,35.51363754272461
2012-07-05,35.54634475708008
2012-07-06,34.984962463378906
2012-07-09,34.78330993652344
2012-07-10,34.50535202026367
2012-07-11,34.483551025390625
2012-07-12,33.86767578125
2012-07-13,34.418148040771484
2012-07-16,34.71246337890625
2012-07-17,35.1212158203125
2012-07-18,35.148475646972656
2012-07-19,35.2302360534668
2012-07-20,34.67974853515625
2012-07-23,33.6169548034668
2012-07-24,33.57881546020508
2012-07-25,34.28188705444336
2012-07-26,35.055824279785156
2012-07-27,36.25486755371094
2012-07-30,36.036861419677734
2012-07-31,35.137577056884766
2012-08-01,35.2138786315918
2012-08-02,35.17026901245117
2012-08-03,36.70722961425781
2012-08-06,36.77264404296875
2012-08-07,36.7780876159668
2012-08-08,36.81078338623047
2012-08-09,36.87620162963867
2012-08-10,37.105106353759766
2012-08-13,36.51102066040039
2012-08-14,36.5328254699707
2012-08-15,36.211273193359375
2012-08-16,36.756290435791016
2012-08-17,35.780704498291016
2012-08-20,35.81339645385742
2012-08-21,36.24397659301758
2012-08-22,36.38022232055664
2012-08-23,35.916961669921875
2012-08-24,35.81339645385742
2012-08-27,35.58448791503906
2012-08-28,35.464599609375
2012-08-29,35.57904052734375
2012-08-30,34.892311096191406
2012-08-31,35.30653762817383
2012-09-04,35.33922576904297
2012-09-05,34.94136428833008
2012-09-06,36.45107650756836
2012-09-07,36.84349822998047
2012-09-10,36.314823150634766
2012-09-11,36.560081481933594
2012-09-12,35.98234939575195
2012-09-13,37.17049789428711
2012-09-14,36.67998504638672
2012-09-17,36.587337493896484
2012-09-18,37.219573974609375
2012-09-19,36.94160079956055
2012-09-20,36.77264404296875
2012-09-21,36.7017822265625
2012-09-24,36.71268844604492
2012-09-25,36.489227294921875
2012-09-26,36.309364318847656
2012-09-27,36.641841888427734
2012-09-28,36.38022232055664
2012-10-01,36.35297393798828
2012-10-02,36.65272903442383
2012-10-03,35.824302673339844
2012-10-04,35.660789489746094
2012-10-05,34.467201232910156
2012-10-08,33.82951736450195
2012-10-09,34.096588134765625
2012-10-10,34.47264099121094
2012-10-11,34.94681930541992
2012-10-12,34.750614166259766
2012-10-15,34.7342529296875
2012-10-16,35.45368957519531
2012-10-17,36.02596664428711
2012-10-18,35.56814193725586
2012-10-19,35.13212203979492
2012-10-22,35.791603088378906
2012-10-23,34.908668518066406
2012-10-24,34.88141632080078
2012-10-25,35.29018020629883
2012-10-26,35.606292724609375
2012-10-31,35.76979446411133
2012-11-01,35.98234939575195
2012-11-02,35.74254608154297
2012-11-05,36.1894645690918
2012-11-06,36.73994445800781
2012-11-07,36.42927551269531
2012-11-08,35.84609603881836
2012-11-09,36.0532112121582
2012-11-12,36.0968132019043
2012-11-13,35.889705657958984
2012-11-14,34.75605773925781
2012-11-15,34.59255599975586
2012-11-16,35.23567581176758
2012-11-19,35.715301513671875
2012-11-20,35.68260192871094
2012-11-21,35.30653762817383
2012-11-23,35.6498908996582
2012-11-26,35.62809753417969
2012-11-27,35.475486755371094
2012-11-28,35.54634475708008
2012-11-29,35.955108642578125
2012-11-30,35.25202560424805
2012-12-03,35.22478103637695
2012-12-04,35.677154541015625
2012-12-05,35.91150665283203
2012-12-06,36.5927848815918
2012-12-07,36.729042053222656
2012-12-10,37.0287971496582
2012-12-11,36.99609375
2012-12-12,37.20865249633789
2012-12-13,37.0451545715332
2012-12-14,37.20321273803711
2012-12-17,37.628334045410156
2012-12-18,38.32365798950195
2012-12-19,38.23501968383789
2012-12-20,38.75028610229492
2012-12-21,38.340274810791016
2012-12-24,38.079872131347656
2012-12-26,38.19622039794922
2012-12-27,38.91095733642578
2012-12-28,38.99960708618164
2012-12-31,39.6589241027832
2013-01-02,39.730934143066406
2013-01-03,39.18244552612305
2013-01-04,39.437294006347656
2013-01-07,39.29879379272461
2013-01-08,38.93864440917969
2013-01-09,38.9164924621582
2013-01-10,38.72256851196289
2013-01-11,38.04109191894531
2013-01-14,38.08541488647461
2013-01-15,37.320823669433594
2013-01-16,37.298667907714844
2013-01-17,37.46487808227539
2013-01-18,37.149070739746094
2013-01-22,37.24880599975586
2013-01-23,36.401092529296875
2013-01-24,36.456512451171875
2013-01-25,36.99394226074219
2013-01-28,36.25151062011719
2013-01-29,36.66150665283203
2013-01-30,36.22380828857422
2013-01-31,36.70029067993164
2013-02-01,37.43718338012695
2013-02-04,37.03826141357422
2013-02-05,37.525821685791016
2013-02-06,37.19339370727539
2013-02-07,37.37623596191406
2013-02-08,37.63663864135742
2013-02-11,37.60893249511719
2013-02-12,37.470420837402344
2013-02-13,37.57014083862305
2013-02-14,37.93028259277344
2013-02-15,37.2875862121582
2013-02-19,37.23771667480469
2013-02-20,36.61717987060547
2013-02-21,36.10745620727539
2013-02-22,36.35677719116211
2013-02-25,36.12962341308594
2013-02-26,36.628273010253906
2013-02-27,36.534088134765625
2013-02-28,35.7307014465332
2013-03-01,36.428810119628906
2013-03-04,35.71961975097656
2013-03-05,36.62273406982422
2013-03-06,36.367862701416016
2013-03-07,36.0908317565918
2013-03-08,36.772315979003906
2013-03-11,36.8166389465332
2013-03-12,36.113006591796875
2013-03-13,35.45921325683594
2013-03-14,35.847049713134766
2013-03-15,35.61988830566406
2013-03-18,35.42597579956055
2013-03-19,35.06584167480469
2013-03-20,35.05475997924805
2013-03-21,34.960567474365234
2013-03-22,34.888545989990234
2013-03-25,35.02152633666992
2013-03-26,35.603267669677734
2013-03-27,35.15449142456055
2013-03-28,35.3761100769043
2013-04-01,35.11570739746094
2013-04-02,35.03260803222656
2013-04-03,34.42314529418945
2013-04-04,34.6447639465332
2013-04-05,34.600433349609375
2013-04-08,35.243141174316406
2013-04-09,35.39828109741211
2013-04-10,35.85258865356445
2013-04-11,35.91908645629883
2013-04-12,35.04922103881836
2013-04-15,33.12666702270508
2013-04-16,34.31233215332031
2013-04-17,33.603153228759766
2013-04-18,33.56990051269531
2013-04-19,34.01869201660156
2013-04-22,33.74721145629883
2013-04-23,34.3732795715332
2013-04-24,34.628150939941406
2013-04-25,34.93286895751953
2013-04-26,34.650306701660156
2013-04-29,35.464759826660156
2013-04-30,35.570030212402344
2013-05-01,35.12679672241211
2013-05-02,36.07975769042969
2013-05-03,36.38448715209961
2013-05-06,36.284751892089844
2013-05-07,35.84151840209961
2013-05-08,36.500823974609375
2013-05-09,36.15178680419922
2013-05-10,36.135162353515625
2013-05-13,35.86921691894531
2013-05-14,35.94677734375
2013-05-15,36.085296630859375
2013-05-16,35.93570327758789
2013-05-17,35.59772872924805
2013-05-20,35.12124252319336
2013-05-21,35.01597213745117
2013-05-22,34.506248474121094
2013-05-23,34.50071716308594
2013-05-24,34.22368621826172
2013-05-28,34.22368621826172
2013-05-29,33.492340087890625
2013-05-30,33.021392822265625
2013-05-31,32.655723571777344
2013-06-03,33.45355224609375
2013-06-04,32.988155364990234
2013-06-05,32.05180740356445
2013-06-06,32.24018096923828
2013-06-07,32.14045715332031
2013-06-10,31.348155975341797
2013-06-11,30.777494430541992
2013-06-12,30.650060653686523
2013-06-13,32.184776306152344
2013-06-14,31.91329574584961
2013-06-17,31.891132354736328
2013-06-18,32.66127014160156
2013-06-19,31.320453643798828
2013-06-20,29.702634811401367
2013-06-21,30.66667938232422
2013-06-24,30.001827239990234
2013-06-25,30.483850479125977
2013-06-26,31.176406860351562
2013-06-27,31.889995574951172
2013-06-28,32.75885772705078
2013-07-01,32.87096405029297
2013-07-02,32.47297286987305
2013-07-03,31.889995574951172
2013-07-05,31.222932815551758
2013-07-08,31.391094207763672
2013-07-09,32.338443756103516
2013-07-10,31.800312042236328
2013-07-11,33.168060302734375
2013-07-12,33.08397674560547
2013-07-15,33.48197937011719
2013-07-16,33.52121353149414
2013-07-17,33.622108459472656
2013-07-18,33.11200714111328
2013-07-19,32.93263244628906
2013-07-22,33.52121353149414
2013-07-23,34.03692626953125
2013-07-24,33.48758316040039
2013-07-25,33.82391357421875
2013-07-26,33.577266693115234
2013-07-29,33.4987907409668
2013-07-30,33.70619583129883
2013-07-31,33.42031478881836
2013-08-01,33.930419921875
2013-08-02,34.048133850097656
2013-08-05,33.91920471191406
2013-08-06,33.4931755065918
2013-08-07,33.30260467529297
2013-08-08,34.238731384277344
2013-08-09,34.42931365966797
2013-08-12,34.513389587402344
2013-08-13,34.177066802978516
2013-08-14,34.40688705444336
2013-08-15,34.126617431640625
2013-08-16,33.863155364990234
2013-08-19,32.921424865722656
2013-08-20,33.39228820800781
2013-08-21,32.53463363647461
2013-08-22,33.12321472167969
2013-08-23,33.465152740478516
2013-08-26,33.201698303222656
2013-08-27,32.4561653137207
2013-08-28,32.13664627075195
2013-08-29,32.13103485107422
2013-08-30,32.6523551940918
2013-09-03,32.7252197265625
2013-09-04,33.24654006958008
2013-09-05,33.67816925048828
2013-09-06,34.552635192871094
2013-09-09,35.073951721191406
2013-09-10,35.08516311645508
2013-09-11,35.763431549072266
2013-09-12,35.539207458496094
2013-09-13,35.909175872802734
2013-09-16,36.27914047241211
2013-09-17,36.45852279663086
2013-09-18,38.140193939208984
2013-09-19,37.52358627319336
2013-09-20,36.139007568359375
2013-09-23,36.60426712036133
2013-09-24,36.31837463378906
2013-09-25,36.23430633544922
2013-09-26,36.2567138671875
2013-09-27,35.5616340637207
2013-09-30,35.44392395019531
2013-10-01,35.63450622558594
2013-10-02,36.015689849853516
2013-10-03,35.81388854980469
2013-10-04,36.43050003051758
2013-10-07,35.909175872802734
2013-10-08,35.202880859375
2013-10-09,35.60649490356445
2013-10-10,36.50336837768555
2013-10-11,36.8284797668457
2013-10-14,36.97984313964844
2013-10-15,36.60426712036133
2013-10-16,37.5403938293457
2013-10-17,37.7534065246582
2013-10-18,37.77582931518555
2013-10-21,37.77582931518555
2013-10-22,38.53819274902344
2013-10-23,37.61327362060547
2013-10-24,37.59645080566406
2013-10-25,37.7477912902832
2013-10-28,38.011260986328125
2013-10-29,37.80385971069336
2013-10-30,37.220882415771484
2013-10-31,36.78364562988281
2013-11-01,36.27914047241211
2013-11-04,36.772438049316406
2013-11-05,35.903568267822266
2013-11-06,36.262325286865234
2013-11-07,35.466339111328125
2013-11-08,35.37104034423828
2013-11-11,35.05713653564453
2013-11-12,35.04591751098633
2013-11-13,35.16925048828125
2013-11-14,36.038108825683594
2013-11-15,36.4697265625
2013-11-18,36.43050003051758
2013-11-19,35.76904296875
2013-11-20,35.63450622558594
2013-11-21,35.780250549316406
2013-11-22,35.875545501708984
2013-11-25,35.58966827392578
2013-11-26,35.253334045410156
2013-11-27,35.28135299682617
2013-11-29,35.976444244384766
2013-12-02,34.96184158325195
2013-12-03,34.23311996459961
2013-12-04,33.874366760253906
2013-12-05,34.03131866455078
2013-12-06,35.449527740478516
2013-12-09,35.29256057739258
2013-12-10,35.35422897338867
2013-12-11,34.64793395996094
2013-12-12,33.91920471191406
2013-12-13,34.49658203125
2013-12-16,34.709590911865234
2013-12-17,34.55824279785156
2013-12-18,35.09941864013672
2013-12-19,34.92300796508789
2013-12-20,35.19047546386719
2013-12-23,35.8505744934082
2013-12-24,36.04404830932617
2013-12-26,35.81074142456055
2013-12-27,35.822113037109375
2013-12-30,36.5334358215332
2013-12-31,36.698455810546875
2014-01-02,35.28151321411133
2014-01-03,35.19614791870117
2014-01-06,35.04250717163086
2014-01-07,35.32134246826172
2014-01-08,34.73522186279297
2014-01-09,34.393775939941406
2014-01-10,35.37255859375
2014-01-13,34.61003112792969
2014-01-14,34.92300796508789
2014-01-15,34.837650299072266
2014-01-16,34.80351257324219
2014-01-17,34.786441802978516
2014-01-21,34.97991180419922
2014-01-22,35.338417053222656
2014-01-23,34.57587814331055
2014-01-24,33.005279541015625
2014-01-27,32.58988571166992
2014-01-28,33.34672546386719
2014-01-29,32.08341598510742
2014-01-30,32.407779693603516
2014-01-31,32.83456039428711
2014-02-03,31.5826416015625
2014-02-04,32.47037887573242
2014-02-05,32.31103515625
2014-02-06,32.88578414916992
2014-02-07,33.158935546875
2014-02-10,32.81180191040039
2014-02-11,33.562965393066406
2014-02-12,33.56865310668945
2014-02-13,33.779197692871094
2014-02-14,34.62141036987305
2014-02-18,34.60433578491211
2014-02-19,34.11494827270508
2014-02-20,34.38240432739258
2014-02-21,34.701080322265625
2014-02-24,35.50343322753906
2014-02-25,35.18477249145508
2014-02-26,34.968536376953125
2014-02-27,35.84488296508789
2014-02-28,35.366878509521484
2014-03-03,34.97991180419922
2014-03-04,35.97576141357422
2014-03-05,36.30012893676758
2014-03-06,37.07974624633789
2014-03-07,36.681392669677734
2014-03-10,36.408241271972656
2014-03-11,35.70261001586914
2014-03-12,36.038360595703125
2014-03-13,35.480690002441406
2014-03-14,36.00990676879883
2014-03-17,36.1749267578125
2014-03-18,36.61310958862305
2014-03-19,35.1221809387207
2014-03-20,35.440853118896484
2014-03-21,35.65708923339844
2014-03-24,36.209075927734375
2014-03-25,36.965919494628906
2014-03-26,37.05127716064453
2014-03-27,37.53497314453125
2014-03-28,37.79106140136719
2014-03-31,37.67724609375
2014-04-01,38.22352981567383
2014-04-02,37.910552978515625
2014-04-03,37.717071533203125
2014-04-04,37.17646408081055
2014-04-07,37.50083541870117
2014-04-08,38.081275939941406
2014-04-09,38.81534957885742
2014-04-10,38.15525817871094
2014-04-11,37.83088684082031
2014-04-14,37.569114685058594
2014-04-15,37.443931579589844
2014-04-16,37.75691223144531
2014-04-17,38.27474594116211
2014-04-21,38.21784210205078
2014-04-22,38.092655181884766
2014-04-23,37.84795379638672
2014-04-24,37.97315216064453
2014-04-25,37.75121307373047
2014-04-28,38.02436447143555
2014-04-29,38.13248825073242
2014-04-30,38.16094207763672
2014-05-01,38.26906204223633
2014-05-02,38.57066345214844
2014-05-05,38.00160598754883
2014-05-06,38.229225158691406
2014-05-07,38.5991096496582
2014-05-08,39.122650146484375
2014-05-09,38.93485641479492
2014-05-12,39.43562316894531
2014-05-13,39.629112243652344
2014-05-14,40.181087493896484
2014-05-15,39.33888244628906
2014-05-16,39.509605407714844
2014-05-19,39.82827377319336
2014-05-20,39.36734390258789
2014-05-21,39.805503845214844
2014-05-22,40.13556671142578
2014-05-23,40.19247817993164
2014-05-27,39.23076629638672
2014-05-28,39.25353240966797
2014-05-29,39.56081008911133
2014-05-30,38.49668502807617
2014-06-02,38.32596206665039
2014-06-03,38.11540985107422
2014-06-04,37.97883987426758
2014-06-05,38.57635498046875
2014-06-06,39.225067138671875
2014-06-09,39.0885009765625
2014-06-10,39.41855239868164
2014-06-11,39.16816329956055
2014-06-12,39.21937942504883
2014-06-13,39.503910064697266
2014-06-16,39.0600471496582
2014-06-17,39.06574249267578
2014-06-18,39.6973876953125
2014-06-19,39.509605407714844
2014-06-20,39.9193229675293
2014-06-23,39.731529235839844
2014-06-24,39.37871170043945
2014-06-25,39.50677490234375
2014-06-26,39.673301696777344
2014-06-27,39.75368881225586
2014-06-30,39.455101013183594
2014-07-01,39.77091598510742
2014-07-02,39.78813934326172
2014-07-03,39.81685256958008
2014-07-07,39.5699348449707
2014-07-08,39.845558166503906
2014-07-09,40.01209259033203
2014-07-10,39.478065490722656
2014-07-11,39.736454010009766
2014-07-14,39.89725112915039
2014-07-15,39.719234466552734
2014-07-16,40.299198150634766
2014-07-17,39.40914535522461
2014-07-18,40.13842010498047
2014-07-21,40.13842010498047
2014-07-22,40.5863151550293
2014-07-23,40.8676872253418
2014-07-24,40.87916946411133
2014-07-25,40.81600570678711
2014-07-28,41.20649337768555
2014-07-29,40.827491760253906
2014-07-30,40.15565490722656
2014-07-31,39.7077522277832
2014-08-01,39.87428283691406
2014-08-04,40.90214920043945
2014-08-05,39.931697845458984
2014-08-06,39.54122543334961
2014-08-07,39.20817184448242
2014-08-08,40.27048873901367
2014-08-11,41.17203140258789
2014-08-12,41.223716735839844
2014-08-13,41.29835891723633
2014-08-14,41.051448822021484
2014-08-15,40.534629821777344
2014-08-18,40.84471893310547
2014-08-19,40.66671371459961
2014-08-20,40.33366775512695
2014-08-21,40.67818832397461
2014-08-22,40.350894927978516
2014-08-25,40.66671371459961
2014-08-26,41.166290283203125
2014-08-27,41.45913314819336
2014-08-28,41.01698303222656
2014-08-29,40.534629821777344
2014-09-02,40.48869705200195
2014-09-03,41.212223052978516
2014-09-04,41.223716735839844
2014-09-05,41.72901916503906
2014-09-08,40.919376373291016
2014-09-09,40.052284240722656
2014-09-10,39.91447830200195
2014-09-11,39.518253326416016
2014-09-12,39.14501190185547
2014-09-15,38.949771881103516
2014-09-16,39.65606689453125
2014-09-17,38.95551300048828
2014-09-18,39.334495544433594
2014-09-19,39.1622314453125
2014-09-22,38.071205139160156
2014-09-23,37.50847244262695
2014-09-24,38.1803092956543
2014-09-25,36.97443389892578
2014-09-26,37.324710845947266
2014-09-29,36.756229400634766
2014-09-30,36.83087921142578
2014-10-01,36.3140754699707
2014-10-02,36.675838470458984
2014-10-03,36.784942626953125
2014-10-06,37.606075286865234
2014-10-07,36.96868896484375
2014-10-08,37.92764663696289
2014-10-09,36.82513427734375
2014-10-10,35.883399963378906
2014-10-13,36.44041061401367
2014-10-14,36.928489685058594
2014-10-15,36.12458038330078
2014-10-16,36.0499267578125
2014-10-17,36.80791473388672
2014-10-20,36.95146560668945
2014-10-21,37.89894104003906
2014-10-22,37.41084671020508
2014-10-23,37.62905502319336
2014-10-24,37.881710052490234
2014-10-27,38.05971908569336
2014-10-28,38.989959716796875
2014-10-29,38.869388580322266
2014-10-30,39.36322021484375
2014-10-31,39.27133560180664
2014-11-03,39.437870025634766
2014-11-04,39.374698638916016
2014-11-05,38.80621337890625
2014-11-06,37.921897888183594
2014-11-07,38.38128662109375
2014-11-10,38.59375
2014-11-11,38.972740173339844
2014-11-12,38.984222412109375
2014-11-13,39.14501190185547
2014-11-14,40.41979217529297
2014-11-17,39.88575744628906
2014-11-18,40.350894927978516
2014-11-19,40.06376647949219
2014-11-20,39.437870025634766
2014-11-21,41.166290283203125
2014-11-24,40.683937072753906
2014-11-25,40.50018310546875
2014-11-26,40.534629821777344
2014-11-28,39.093326568603516
2014-12-01,38.57652282714844
2014-12-02,38.92106246948242
2014-12-03,38.80621337890625
2014-12-04,38.3181266784668
2014-12-05,37.92764663696289
2014-12-08,36.991661071777344
2014-12-09,36.87107467651367
2014-12-10,36.09586715698242
2014-12-11,35.26323318481445
2014-12-12,35.01633071899414
2014-12-15,34.3387336730957
2014-12-16,34.37318801879883
2014-12-17,35.789283752441406
2014-12-18,37.84968185424805
2014-12-19,37.66341781616211
2014-12-22,37.389862060546875
2014-12-23,37.314212799072266
2014-12-24,37.354942321777344
2014-12-26,37.65178298950195
2014-12-29,37.87295913696289
2014-12-30,37.94862365722656
2014-12-31,37.72745895385742
2015-01-02,36.96499252319336
2015-01-05,35.90568542480469
2015-01-06,36.74381637573242
2015-01-07,37.8438606262207
2015-01-08,38.4957389831543
2015-01-09,38.117408752441406
2015-01-12,37.686710357666016
2015-01-13,38.123233795166016
2015-01-14,37.750732421875
2015-01-15,37.50627899169922
2015-01-16,37.90206527709961
2015-01-20,37.977725982666016
2015-01-21,39.06031036376953
2015-01-22,40.04395294189453
2015-01-23,39.50265884399414
2015-01-26,40.24183654785156
2015-01-27,39.653987884521484
2015-01-28,39.793663024902344
2015-01-29,40.1719856262207
2015-01-30,39.3338737487793
2015-02-02,40.52122497558594
2015-02-03,41.568878173828125
2015-02-04,40.25348663330078
2015-02-05,41.53977584838867
2015-02-06,40.41645431518555
2015-02-09,40.24183654785156
2015-02-10,39.85187911987305
2015-02-11,39.04866409301758
2015-02-12,39.97992706298828
2015-02-13,40.52703094482422
2015-02-17,40.24766159057617
2015-02-18,39.985740661621094
2015-02-19,39.92753601074219
2015-02-20,40.52703094482422
2015-02-23,40.42226791381836
2015-02-24,41.03341293334961
2015-02-25,40.79476547241211
2015-02-26,40.4630126953125
2015-02-27,39.84605026245117
2015-03-02,39.45026779174805
2015-03-03,39.16508102416992
2015-03-04,39.0777702331543
2015-03-05,39.11851119995117
2015-03-06,38.08831024169922
2015-03-09,38.00100326538086
2015-03-10,36.62157440185547
2015-03-11,37.20362854003906
2015-03-12,37.127952575683594
2015-03-13,36.52845764160156
2015-03-16,37.069759368896484
2015-03-17,37.61103820800781
2015-03-18,39.18836212158203
2015-03-19,37.84968185424805
2015-03-20,38.810035705566406
2015-03-23,39.18836212158203
2015-03-24,39.84605026245117
2015-03-25,38.90898513793945
2015-03-26,38.396793365478516
2015-03-27,38.65288543701172
2015-03-30,38.955543518066406
2015-03-31,39.00791931152344
2015-04-01,39.816951751708984
2015-04-02,40.3175048828125
2015-04-06,41.0625114440918
2015-04-07,40.54450225830078
2015-04-08,40.882083892822266
2015-04-09,40.84715270996094
2015-04-10,41.039222717285156
2015-04-13,40.43391036987305
2015-04-14,40.80641555786133
2015-04-15,40.63180160522461
2015-04-16,41.49904251098633
2015-04-17,40.713279724121094
2015-04-20,40.3175048828125
2015-04-21,40.57360076904297
2015-04-22,40.44554901123047
2015-04-23,41.00430679321289
2015-04-24,41.16145324707031
2015-04-27,41.34188461303711
2015-04-28,42.249855041503906
2015-04-29,41.80752182006836
2015-04-30,41.14399719238281
2015-05-01,41.10324478149414
2015-05-04,40.625980377197266
2015-05-05,40.73655700683594
2015-05-06,40.08470153808594
2015-05-07,39.613243103027344
2015-05-08,40.18363952636719
2015-05-11,39.5550422668457
2015-05-12,39.543399810791016
2015-05-13,40.20692443847656
2015-05-14,40.5153923034668
2015-05-15,40.81222915649414
2015-05-18,40.46882629394531
2015-05-19,40.4280891418457
2015-05-20,40.608524322509766
2015-05-21,40.50957489013672
2015-05-22,40.22437286376953
2015-05-26,38.623783111572266
2015-05-27,38.7518310546875
2015-05-28,38.39096450805664
2015-05-29,37.83803939819336
2015-06-01,37.337486267089844
2015-06-02,37.46553421020508
2015-06-03,36.64486312866211
2015-06-04,35.95807647705078
2015-06-05,35.894039154052734
2015-06-08,36.16759490966797
2015-06-09,36.06865692138672
2015-06-10,37.232723236083984
2015-06-11,36.999908447265625
2015-06-12,37.046470642089844
2015-06-15,36.56338119506836
2015-06-16,36.62157440185547
2015-06-17,37.110496520996094
2015-06-18,37.41315460205078
2015-06-19,37.42478942871094
2015-06-22,38.0941276550293
2015-06-23,38.507381439208984
2015-06-24,38.460819244384766
2015-06-25,39.189414978027344
2015-06-26,38.455528259277344
2015-06-29,37.4280891418457
2015-06-30,38.42030334472656
2015-07-01,38.20895004272461
2015-07-02,38.54359817504883
2015-07-06,36.993629455566406
2015-07-07,36.28910446166992
2015-07-08,35.51412582397461
2015-07-09,36.71769332885742
2015-07-10,37.4280891418457
2015-07-13,37.80384826660156
2015-07-14,37.997589111328125
2015-07-15,37.72165298461914
2015-07-16,38.185462951660156
2015-07-17,38.25004577636719
2015-07-20,38.27939987182617
2015-07-21,38.32049560546875
2015-07-22,37.3635139465332
2015-07-23,37.334163665771484
2015-07-24,36.253875732421875
2015-07-27,36.124717712402344
2015-07-28,35.90747833251953
2015-07-29,36.44175720214844
2015-07-30,35.913352966308594
2015-07-31,36.56504821777344
2015-08-03,35.772457122802734
2015-08-04,36.44762420654297
2015-08-05,36.16580581665039
2015-08-06,36.341941833496094
2015-08-07,36.24213409423828
2015-08-10,36.805755615234375
2015-08-11,36.265625
2015-08-12,35.16185760498047
2015-08-13,35.408443450927734
2015-08-14,34.844810485839844
2015-08-17,34.49256134033203
2015-08-18,34.551273345947266
2015-08-19,34.22249221801758
2015-08-20,33.61189651489258
2015-08-21,32.61381149291992
2015-08-24,31.985607147216797
2015-08-25,32.2909049987793
2015-08-26,33.647125244140625
2015-08-27,34.093326568603516
2015-08-28,33.55905532836914
2015-08-31,33.758670806884766
2015-09-01,31.85643768310547
2015-09-02,32.94847106933594
2015-09-03,32.719486236572266
2015-09-04,31.169525146484375
2015-09-08,32.06780242919922
2015-09-09,31.181270599365234
2015-09-10,31.89754867553711
2015-09-11,31.891672134399414
2015-09-14,32.27915954589844
2015-09-15,32.58445739746094
2015-09-16,33.59428405761719
2015-09-17,33.84086608886719
2015-09-18,33.01304626464844
2015-09-21,32.54922866821289
2015-09-22,31.89754867553711
2015-09-23,31.380884170532227
2015-09-24,31.292818069458008
2015-09-25,31.046239852905273
2015-09-28,30.165573120117188
2015-09-29,30.57068634033203
2015-09-30,31.515918731689453
2015-10-01,31.827089309692383
2015-10-02,33.236148834228516
2015-10-05,34.09919738769531
2015-10-06,33.952415466308594
2015-10-07,34.645206451416016
2015-10-08,35.30863571166992
2015-10-09,35.015079498291016
2015-10-12,34.856563568115234
2015-10-13,33.89958190917969
2015-10-14,34.856563568115234
2015-10-15,35.75483703613281
2015-10-16,35.87813186645508
2015-10-19,35.13250732421875
2015-10-20,34.90940475463867
2015-10-21,34.046356201171875
2015-10-22,34.921142578125
2015-10-23,34.921142578125
2015-10-26,34.674560546875
2015-10-27,34.25183868408203
2015-10-28,33.91719436645508
2015-10-29,33.247894287109375
2015-10-30,33.44163131713867
2015-11-02,34.25770950317383
2015-11-03,34.52191162109375
2015-11-04,33.652984619140625
2015-11-05,33.940670013427734
2015-11-06,33.15394973754883
2015-11-09,32.12651062011719
2015-11-10,32.06780242919922
2015-11-11,32.24980545043945
2015-11-12,31.527660369873047
2015-11-13,30.60590362548828
2015-11-16,31.697927474975586
2015-11-17,31.944507598876953
2015-11-18,32.26154708862305
2015-11-19,32.919105529785156
2015-11-20,33.065879821777344
2015-11-23,32.94259262084961
2015-11-24,33.218528747558594
2015-11-25,32.654903411865234
2015-11-27,31.44546890258789
2015-11-30,31.34566307067871
2015-12-01,31.081459045410156
2015-12-02,30.735069274902344
2015-12-03,30.04815673828125
2015-12-04,29.848539352416992
2015-12-07,29.3436222076416
2015-12-08,29.155746459960938
2015-12-09,28.298572540283203
2015-12-10,26.684032440185547
2015-12-11,25.040128707885742
2015-12-14,27.265274047851562
2015-12-15,27.940441131591797
2015-12-16,28.37489891052246
2015-12-17,28.051992416381836
2015-12-18,27.934558868408203
2015-12-21,28.336811065673828
2015-12-22,28.808998107910156
2015-12-23,29.28118324279785
2015-12-24,29.22738265991211
2015-12-28,29.060029983520508
2015-12-29,28.791067123413086
2015-12-30,28.03797149658203
2015-12-31,27.91843032836914
2016-01-04,27.260963439941406
2016-01-05,27.356590270996094
2016-01-06,26.525793075561523
2016-01-07,25.186960220336914
2016-01-08,24.666955947875977
2016-01-11,24.06328010559082
2016-01-12,24.457759857177734
2016-01-13,24.374088287353516
2016-01-14,24.666955947875977
2016-01-15,23.36397933959961
2016-01-19,23.674779891967773
2016-01-20,23.232484817504883
2016-01-21,23.543285369873047
2016-01-22,24.583282470703125
2016-01-25,23.94374656677246
2016-01-26,24.917985916137695
2016-01-27,24.840288162231445
2016-01-28,25.778675079345703
2016-01-29,27.3924560546875
2016-02-01,26.85453224182129
2016-02-02,25.28856658935547
2016-02-03,26.531774520874023
2016-02-04,26.98004722595215
2016-02-05,26.776826858520508
2016-02-08,26.370393753051758
2016-02-09,25.65913200378418
2016-02-10,25.916139602661133
2016-02-11,25.778675079345703
2016-02-12,26.5795841217041
2016-02-16,27.368549346923828
2016-02-17,28.13957977294922
2016-02-18,28.283023834228516
2016-02-19,27.58371925354004
2016-02-22,28.181421279907227
2016-02-23,27.410388946533203
2016-02-24,27.057743072509766
2016-02-25,27.260963439941406
2016-02-26,26.28073501586914
2016-02-29,26.776826858520508
2016-03-01,28.336811065673828
2016-03-02,28.886703491210938
2016-03-03,29.131759643554688
2016-03-04,29.68761444091797
2016-03-07,30.14784049987793
2016-03-08,29.532217025756836
2016-03-09,29.52623176574707
2016-03-10,29.14969825744629
2016-03-11,29.735414505004883
2016-03-14,29.14969825744629
2016-03-15,28.462331771850586
2016-03-16,29.502328872680664
2016-03-17,30.71565055847168
2016-03-18,31.086225509643555
2016-03-21,31.29541015625
2016-03-22,31.38507652282715
2016-03-23,30.470603942871094
2016-03-24,30.189674377441406
2016-03-28,30.23749351501465
2016-03-29,30.877029418945312
2016-03-30,31.325300216674805
2016-03-31,31.683923721313477
2016-04-01,31.60024070739746
2016-04-04,31.42691421508789
2016-04-05,30.3391056060791
2016-04-06,30.53634262084961
2016-04-07,29.819107055664062
2016-04-08,30.697725296020508
2016-04-11,31.253585815429688
2016-04-12,32.042537689208984
2016-04-13,32.7657585144043
2016-04-14,32.54460906982422
2016-04-15,32.442996978759766
2016-04-18,32.7896614074707
2016-04-19,33.53080368041992
2016-04-20,33.87149429321289
2016-04-21,33.32759094238281
2016-04-22,32.71195602416992
2016-04-25,32.52667999267578
2016-04-26,32.939090728759766
2016-04-27,33.14828109741211
2016-04-28,33.13632583618164
2016-04-29,33.29172897338867
2016-05-02,33.02873611450195
2016-05-03,31.128063201904297
2016-05-04,29.962549209594727
2016-05-05,30.105998992919922
2016-05-06,30.333131790161133
2016-05-09,29.323020935058594
2016-05-10,30.022321701049805
2016-05-11,30.243473052978516
2016-05-12,29.9864559173584
2016-05-13,29.209444046020508
2016-05-16,29.12577247619629
2016-05-17,28.976356506347656
2016-05-18,28.528079986572266
2016-05-19,28.581871032714844
2016-05-20,29.245317459106445
2016-05-23,29.14969825744629
2016-05-24,29.621864318847656
2016-05-25,29.956579208374023
2016-05-26,30.620018005371094
2016-05-27,30.12990951538086
2016-05-31,30.040246963500977
2016-06-01,30.452667236328125
2016-06-02,30.94875717163086
2016-06-03,32.38920974731445
2016-06-06,32.52069854736328
2016-06-07,32.51472091674805
2016-06-08,32.64024353027344
2016-06-09,32.27564239501953
2016-06-10,31.16392707824707
2016-06-13,30.64990234375
2016-06-14,29.968538284301758
2016-06-15,30.38093376159668
2016-06-16,30.135879516601562
2016-06-17,30.655887603759766
2016-06-20,31.61219596862793
2016-06-21,32.066444396972656
2016-06-22,32.45394515991211
2016-06-23,33.71070861816406
2016-06-24,30.340871810913086
2016-06-27,29.07178497314453
2016-06-28,30.254619598388672
2016-06-29,31.81940269470215
2016-06-30,32.583316802978516
2016-07-01,32.7065315246582
2016-07-05,31.49906349182129
2016-07-06,31.406652450561523
2016-07-07,31.06165313720703
2016-07-08,32.170562744140625
2016-07-11,32.8790283203125
2016-07-12,33.51972579956055
2016-07-13,33.137779235839844
2016-07-14,33.80927658081055
2016-07-15,33.90784454345703
2016-07-18,34.37605285644531
2016-07-19,34.03721618652344
2016-07-20,34.25899887084961
2016-07-21,34.38220977783203
2016-07-22,34.66559982299805
2016-07-25,34.49310302734375
2016-07-26,34.844261169433594
2016-07-27,35.28781509399414
2016-07-28,35.2508544921875
2016-07-29,35.58968734741211
2016-08-01,35.330936431884766
2016-08-02,34.764163970947266
2016-08-03,35.189239501953125
2016-08-04,35.6204948425293
2016-08-05,35.58968734741211
2016-08-08,35.99011993408203
2016-08-09,36.458335876464844
2016-08-10,36.68010330200195
2016-08-11,36.87724304199219
2016-08-12,36.73554992675781
2016-08-15,36.951171875
2016-08-16,36.41520309448242
2016-08-17,36.532257080078125
2016-08-18,37.160640716552734
2016-08-19,36.723236083984375
2016-08-22,36.261192321777344
2016-08-23,34.89353942871094
2016-08-24,35.04755401611328
2016-08-25,34.59166717529297
2016-08-26,33.89552688598633
2016-08-29,34.172752380371094
2016-08-30,33.71686553955078
2016-08-31,32.36153793334961
2016-09-01,32.817420959472656
2016-09-02,33.858558654785156
2016-09-06,35.39254379272461
2016-09-07,35.01675033569336
2016-09-08,34.61015319824219
2016-09-09,33.21786117553711
2016-09-12,33.969451904296875
2016-09-13,32.98991775512695
2016-09-14,33.38420104980469
2016-09-15,33.920162200927734
2016-09-16,33.54437255859375
2016-09-19,34.03721618652344
2016-09-20,33.64295196533203
2016-09-21,34.89353942871094
2016-09-22,34.99827194213867
2016-09-23,34.69639587402344
2016-09-26,34.172752380371094
2016-09-27,34.862735748291016
2016-09-28,35.23237609863281
2016-09-29,34.04337692260742
2016-09-30,34.54238510131836
2016-10-03,34.622474670410156
2016-10-04,33.79079818725586
2016-10-05,34.44997787475586
2016-10-06,33.8031120300293
2016-10-07,33.6182975769043
2016-10-10,33.90784454345703
2016-10-11,32.36770248413086
2016-10-12,32.55251693725586
2016-10-13,31.690034866333008
2016-10-14,31.850210189819336
2016-10-17,32.121280670166016
2016-10-18,33.18090057373047
2016-10-19,33.649105072021484
2016-10-20,33.37803649902344
2016-10-21,33.38420104980469
2016-10-24,33.636775970458984
2016-10-25,33.99409484863281
2016-10-26,33.41499710083008
2016-10-27,33.17473602294922
2016-10-28,32.79277801513672
2016-10-31,34.068023681640625
2016-11-01,33.636775970458984
2016-11-02,33.70454406738281
2016-11-03,33.66142654418945
2016-11-04,32.392337799072266
2016-11-07,34.3698844909668
2016-11-08,35.12764358520508
2016-11-09,33.48891830444336
2016-11-10,31.585304260253906
2016-11-11,30.347028732299805
2016-11-14,29.8480224609375
2016-11-15,31.01237678527832
2016-11-16,30.858356475830078
2016-11-17,31.000045776367188
2016-11-18,30.870681762695312
2016-11-21,31.400493621826172
2016-11-22,32.4970703125
2016-11-23,31.301921844482422
2016-11-25,31.52986717224121
2016-11-28,32.312252044677734
2016-11-29,32.12743377685547
2016-11-30,31.320404052734375
2016-12-01,30.81524085998535
2016-12-02,30.95076560974121
2016-12-05,31.64691162109375
2016-12-06,31.53602409362793
2016-12-07,32.55867385864258
2016-12-08,32.71268844604492
2016-12-09,32.52787399291992
2016-12-12,32.61412048339844
2016-12-13,33.267147064208984
2016-12-14,31.57298469543457
2016-12-15,31.412805557250977
2016-12-16,31.2587947845459
2016-12-19,31.098617553710938
2016-12-20,31.868688583374023
2016-12-21,31.58848762512207
2016-12-22,31.015623092651367
2016-12-23,31.221111297607422
2016-12-27,31.507539749145508
2016-12-28,32.2236213684082
2016-12-29,33.48765563964844
2016-12-30,32.603458404541016
2017-01-03,32.914798736572266
2017-01-04,33.31330490112305
2017-01-05,33.17631912231445
2017-01-06,33.543704986572266
2017-01-09,33.4814338684082
2017-01-10,33.47520446777344
2017-01-11,33.90485382080078
2017-01-12,34.209964752197266
2017-01-13,34.55244064331055
2017-01-17,34.515079498291016
2017-01-18,34.1601448059082
2017-01-19,33.93598937988281
2017-01-20,33.898624420166016
2017-01-23,34.58980178833008
2017-01-24,35.11907958984375
2017-01-25,35.33701705932617
2017-01-26,35.000762939453125
2017-01-27,34.30959701538086
2017-01-30,33.83013153076172
2017-01-31,34.1601448059082
2017-02-01,34.1165657043457
2017-02-02,34.209964752197266
2017-02-03,34.56488800048828
2017-02-06,34.216190338134766
2017-02-07,33.68069076538086
2017-02-08,33.70560073852539
2017-02-09,34.010704040527344
2017-02-10,34.75169372558594
2017-02-13,34.801509857177734
2017-02-14,35.168888092041016
2017-02-15,35.772884368896484
2017-02-16,35.324554443359375
2017-02-17,35.10661697387695
2017-02-21,35.22493362426758
2017-02-22,35.41172790527344
2017-02-23,35.810245513916016
2017-02-24,35.36191940307617
2017-02-27,34.96341323852539
2017-02-28,34.24110412597656
2017-03-01,34.96963119506836
2017-03-02,34.44658279418945
2017-03-03,35.100399017333984
2017-03-06,35.100399017333984
2017-03-07,35.19380187988281
2017-03-08,34.38431167602539
2017-03-09,33.755409240722656
2017-03-10,34.7703742980957
2017-03-13,35.330787658691406
2017-03-14,34.988311767578125
2017-03-15,36.46406173706055
2017-03-16,36.91862487792969
2017-03-17,36.89370346069336
2017-03-20,37.59111022949219
2017-03-21,37.19260025024414
2017-03-22,37.42299270629883
2017-03-23,37.60356903076172
2017-03-24,37.59111022949219
2017-03-27,36.56369400024414
2017-03-28,36.264808654785156
2017-03-29,36.16518020629883
2017-03-30,35.5051383972168
2017-03-31,34.36562728881836
2017-04-03,34.0916633605957
2017-04-04,34.52130889892578
2017-04-05,33.718055725097656
2017-04-06,33.77409362792969
2017-04-07,33.85504150390625
2017-04-10,33.6184196472168
2017-04-11,34.43412780761719
2017-04-12,35.40550994873047
2017-04-13,35.60476303100586
2017-04-17,36.23366928100586
2017-04-18,35.66081237792969
2017-04-19,35.4615478515625
2017-04-20,36.1340446472168
2017-04-21,35.941017150878906
2017-04-24,36.83766555786133
2017-04-25,36.843894958496094
2017-04-26,36.264808654785156
2017-04-27,36.03440856933594
2017-04-28,36.414249420166016
2017-05-01,36.439151763916016
2017-05-02,36.713134765625
2017-05-03,36.28970718383789
2017-05-04,35.330787658691406
2017-05-05,36.04064178466797
2017-05-08,35.54872131347656
2017-05-09,36.0468635559082
2017-05-10,36.675777435302734
2017-05-11,36.818992614746094
2017-05-12,36.86258316040039
2017-05-15,37.503936767578125
2017-05-16,37.86509323120117
2017-05-17,37.00579071044922
2017-05-18,36.426700592041016
2017-05-19,37.41053771972656
2017-05-22,37.547523498535156
2017-05-23,38.35078048706055
2017-05-24,38.76797866821289
2017-05-25,38.462860107421875
2017-05-26,38.6683464050293
2017-05-30,37.79659652709961
2017-05-31,37.030704498291016
2017-06-01,37.68450927734375
2017-06-02,37.765464782714844
2017-06-05,38.10793685913086
2017-06-06,37.217498779296875
2017-06-07,36.94974899291992
2017-06-08,36.52632522583008
2017-06-09,36.58237075805664
2017-06-12,36.63219451904297
2017-06-13,36.762943267822266
2017-06-14,37.018245697021484
2017-06-15,35.93478775024414
2017-06-16,36.0468635559082
2017-06-19,36.0468635559082
2017-06-20,35.15864181518555
2017-06-21,35.55411148071289
2017-06-22,35.754974365234375
2017-06-23,36.35130310058594
2017-06-26,36.552181243896484
2017-06-27,35.8177490234375
2017-06-28,36.200660705566406
2017-06-29,35.38462448120117
2017-06-30,35.60432815551758
2017-07-03,35.654541015625
2017-07-05,35.309295654296875
2017-07-06,34.863616943359375
2017-07-07,34.8071174621582
2017-07-10,34.838504791259766
2017-07-11,34.65646743774414
2017-07-12,36.043739318847656
2017-07-13,36.35130310058594
2017-07-14,37.31172180175781
2017-07-17,37.46865463256836
2017-07-18,37.487491607666016
2017-07-19,38.058712005615234
2017-07-20,38.039878845214844
2017-07-21,38.31608200073242
2017-07-24,38.360015869140625
2017-07-25,37.84528732299805
2017-07-26,38.55459976196289
2017-07-27,38.021053314208984
2017-07-28,38.422794342041016
2017-07-31,37.75741195678711
2017-08-01,37.694637298583984
2017-08-02,37.88922882080078
2017-08-03,37.46865463256836
2017-08-04,37.6130256652832
2017-08-07,38.32236099243164
2017-08-08,37.88922882080078
2017-08-09,37.61931228637695
2017-08-10,37.016700744628906
2017-08-11,36.89115524291992
2017-08-14,37.59419631958008
2017-08-15,37.46238327026367
2017-08-16,38.24074935913086
2017-08-17,37.67580032348633
2017-08-18,38.21564483642578
2017-08-21,38.35374450683594
2017-08-22,38.55459976196289
2017-08-23,38.89358139038086
2017-08-24,38.912410736083984
2017-08-25,39.59663391113281
2017-08-28,39.35181427001953
2017-08-29,39.37064743041992
2017-08-30,39.031681060791016
2017-08-31,39.24510192871094
2017-09-01,39.65940475463867
2017-09-05,39.20744705200195
2017-09-06,39.11328125
2017-09-07,39.395755767822266
2017-09-08,38.711544036865234
2017-09-11,38.89985275268555
2017-09-12,38.818260192871094
2017-09-13,38.31608200073242
2017-09-14,38.20308303833008
2017-09-15,38.08382034301758
2017-09-18,37.66952896118164
2017-09-19,37.76368713378906
2017-09-20,37.726016998291016
2017-09-21,37.78879928588867
2017-09-22,37.81390380859375
2017-09-25,37.33683776855469
2017-09-26,36.90370559692383
2017-09-27,36.37642288208008
2017-09-28,36.43918991088867
2017-09-29,36.87860107421875
2017-10-02,36.43292236328125
2017-10-03,36.75933074951172
2017-10-04,37.123409271240234
2017-10-05,37.38076400756836
2017-10-06,37.430992126464844
2017-10-09,37.28034210205078
2017-10-10,37.857845306396484
2017-10-11,38.3411865234375
2017-10-12,38.64249038696289
2017-10-13,39.45225143432617
2017-10-16,39.40830993652344
2017-10-17,38.89985275268555
2017-10-18,38.68015670776367
2017-10-19,38.59226989746094
2017-10-20,38.37886047363281
2017-10-23,37.97711944580078
2017-10-24,37.7322998046875
2017-10-25,37.07946014404297
2017-10-26,36.59612274169922
2017-10-27,37.38076400756836
2017-10-30,37.324283599853516
2017-10-31,37.606754302978516
2017-11-01,37.63186264038086
2017-11-02,37.98966598510742
2017-11-03,37.531429290771484
2017-11-06,37.92689895629883
2017-11-07,37.58164596557617
2017-11-08,37.83901596069336
2017-11-09,37.694637298583984
2017-11-10,37.060638427734375
2017-11-13,36.94137191772461
2017-11-14,36.95391845703125
2017-11-15,36.96648406982422
2017-11-16,37.99593734741211
2017-11-17,39.1886100769043
2017-11-20,39.45853805541992
2017-11-21,39.89793014526367
2017-11-22,39.822608947753906
2017-11-24,39.40830993652344
2017-11-27,39.6029052734375
2017-11-28,40.49427032470703
2017-11-29,40.418941497802734
2017-11-30,40.18668746948242
2017-12-01,39.86027145385742
2017-12-04,40.010929107666016
2017-12-05,40.22434997558594
2017-12-06,39.01285171508789
2017-12-07,38.36629867553711
2017-12-08,38.57344436645508
2017-12-11,38.39140701293945
2017-12-12,37.58164596557617
2017-12-13,38.71781921386719
2017-12-14,38.54206085205078
2017-12-15,39.48991775512695
2017-12-18,41.38563537597656
2017-12-19,41.7639274597168
2017-12-20,41.80828094482422
2017-12-21,42.36589813232422
2017-12-22,42.898155212402344
2017-12-26,43.481117248535156
2017-12-27,43.87397766113281
2017-12-28,43.76626205444336
2017-12-29,44.349212646484375
2018-01-02,44.317535400390625
2018-01-03,44.50762939453125
2018-01-04,44.336544036865234
2018-01-05,44.71040344238281
2018-01-08,44.16545867919922
2018-01-09,44.4696159362793
2018-01-10,43.88032150268555
2018-01-11,43.53813934326172
2018-01-12,44.06407928466797
2018-01-16,44.45060348510742
2018-01-17,45.18564224243164
2018-01-18,45.844635009765625
2018-01-19,45.51513671875
2018-01-22,46.566993713378906
2018-01-23,46.921844482421875
2018-01-24,47.47945785522461
2018-01-25,47.68222427368164
2018-01-26,48.1447868347168
2018-01-29,46.205810546875
2018-01-30,45.356727600097656
2018-01-31,45.71156692504883
2018-02-01,45.18564224243164
2018-02-02,43.58250427246094
2018-02-05,41.3583869934082
2018-02-06,43.76626205444336
2018-02-07,42.657371520996094
2018-02-08,40.83878707885742
2018-02-09,42.01738357543945
2018-02-12,43.27835464477539
2018-02-13,44.070411682128906
2018-02-14,45.755916595458984
2018-02-15,47.574501037597656
2018-02-16,47.0485725402832
2018-02-20,45.67988967895508
2018-02-21,45.81295394897461
2018-02-22,45.844635009765625
2018-02-23,47.707576751708984
2018-02-26,47.71390914916992
2018-02-27,45.89533233642578
2018-02-28,45.217323303222656
2018-03-01,45.12861633300781
2018-03-02,45.45810317993164
2018-03-05,45.83196258544922
2018-03-06,46.64937210083008
2018-03-07,46.79511642456055
2018-03-08,46.65570831298828
2018-03-09,47.13727569580078
2018-03-12,46.73807907104492
2018-03-13,46.05374526977539
2018-03-14,45.82562255859375
2018-03-15,45.10960388183594
2018-03-16,44.61534118652344
2018-03-19,44.304866790771484
2018-03-20,45.24900817871094
2018-03-21,45.724239349365234
2018-03-22,44.00704574584961
2018-03-23,43.348060607910156
2018-03-26,45.229984283447266
2018-03-27,43.93101119995117
2018-03-28,42.92350387573242
2018-03-29,43.53181457519531
2018-04-02,42.486289978027344
2018-04-03,42.91082763671875
2018-04-04,43.100929260253906
2018-04-05,43.157958984375
2018-04-06,42.258174896240234
2018-04-09,42.416595458984375
2018-04-10,43.27835464477539
2018-04-11,43.075584411621094
2018-04-12,42.822120666503906
2018-04-13,42.59400939941406
2018-04-16,43.119937896728516
2018-04-17,43.436767578125
2018-04-18,44.28585433959961
2018-04-19,43.9246711730957
2018-04-20,43.348060607910156
2018-04-23,42.27084732055664
2018-04-24,41.9160041809082
2018-04-25,41.39641189575195
2018-04-26,42.19480514526367
2018-04-27,42.56231689453125
2018-04-30,41.71956253051758
2018-05-01,41.19363784790039
2018-05-02,41.041561126708984
2018-05-03,40.990875244140625
2018-05-04,41.592838287353516
2018-05-07,41.39007568359375
2018-05-08,41.2886848449707
2018-05-09,41.548484802246094
2018-05-10,42.80311584472656
2018-05-11,43.01221466064453
2018-05-14,42.75875473022461
2018-05-15,40.90216064453125
2018-05-16,41.998374938964844
2018-05-17,41.10491943359375
2018-05-18,39.964359283447266
2018-05-21,39.85663986206055
2018-05-22,40.91483688354492
2018-05-23,41.117591857910156
2018-05-24,40.9275016784668
2018-05-25,40.83878707885742
2018-05-29,38.93783950805664
2018-05-30,39.8186149597168
2018-05-31,39.432090759277344
2018-06-01,40.53464126586914
2018-06-04,41.39007568359375
2018-06-05,39.945350646972656
2018-06-06,40.77541732788086
2018-06-07,39.35605239868164
2018-06-08,39.34970474243164
2018-06-11,38.773094177246094
2018-06-12,38.17112350463867
2018-06-13,38.25983810424805
2018-06-14,38.17112350463867
2018-06-15,37.860633850097656
2018-06-18,36.66303634643555
2018-06-19,35.76708984375
2018-06-20,36.30092239379883
2018-06-21,36.307350158691406
2018-06-22,37.297847747802734
2018-06-25,36.43599319458008
2018-06-26,36.056522369384766
2018-06-27,34.5064582824707
2018-06-28,35.68347930908203
2018-06-29,37.02128601074219
2018-07-02,36.59034729003906
2018-07-03,36.924808502197266
2018-07-05,37.45864486694336
2018-07-06,37.7545051574707
2018-07-09,38.9122314453125
2018-07-10,38.88007354736328
2018-07-11,37.58084487915039
2018-07-12,38.088958740234375
2018-07-13,37.87028121948242
2018-07-16,37.38789749145508
2018-07-17,38.07609558105469
2018-07-18,37.97962188720703
2018-07-19,37.059879302978516
2018-07-20,38.00534439086914
2018-07-23,37.304283142089844
2018-07-24,38.140419006347656
2018-07-25,38.84790802001953
2018-07-26,38.256187438964844
2018-07-27,38.648521423339844
2018-07-30,38.9122314453125
2018-07-31,39.356014251708984
2018-08-01,38.76429748535156
2018-08-02,37.638729095458984
2018-08-03,38.31406784057617
2018-08-06,37.728782653808594
2018-08-07,38.455570220947266
2018-08-08,38.60993957519531
2018-08-09,37.831687927246094
2018-08-10,36.024356842041016
2018-08-13,34.92453384399414
2018-08-14,35.57413864135742
2018-08-15,33.63173294067383
2018-08-16,33.567420959472656
2018-08-17,34.184871673583984
2018-08-20,34.35210037231445
2018-08-21,35.2911376953125
2018-08-22,36.46172332763672
2018-08-23,35.503387451171875
2018-08-24,36.770442962646484
2018-08-27,37.57442092895508
2018-08-28,37.58084487915039
2018-08-29,37.29142379760742
2018-08-30,34.91809844970703
2018-08-31,35.2911376953125
2018-09-04,32.78917694091797
2018-09-05,32.15886306762695
2018-09-06,32.49974822998047
2018-09-07,32.65411376953125
2018-09-10,32.51260757446289
2018-09-11,32.917816162109375
2018-09-12,33.04644775390625
2018-09-13,33.43878936767578
2018-09-14,33.027156829833984
2018-09-17,32.911376953125
2018-09-18,33.16222381591797
2018-09-19,33.96619415283203
2018-09-20,34.80875778198242
2018-09-21,35.3104362487793
2018-09-24,34.892364501953125
2018-09-25,34.905235290527344
2018-09-26,35.078887939453125
2018-09-27,34.905235290527344
2018-09-28,34.5064582824707
2018-10-01,34.422847747802734
2018-10-02,33.74751663208008
2018-10-03,32.60908889770508
2018-10-04,31.863006591796875
2018-10-05,31.895156860351562
2018-10-08,31.90802574157715
2018-10-09,32.28750991821289
2018-10-10,30.981842041015625
2018-10-11,30.64096450805664
2018-10-12,32.32609176635742
2018-10-15,32.08168029785156
2018-10-16,33.464508056640625
2018-10-17,32.51260757446289
2018-10-18,31.42564582824707
2018-10-19,31.81155014038086
2018-10-22,32.178157806396484
2018-10-23,32.075252532958984
2018-10-24,30.312950134277344
2018-10-25,31.284137725830078
2018-10-26,31.05903434753418
2018-10-29,30.512332916259766
2018-10-30,31.142641067504883
2018-10-31,31.046171188354492
2018-11-01,33.13006591796875
2018-11-02,33.612449645996094
2018-11-05,34.40998458862305
2018-11-06,34.371402740478516
2018-11-07,35.81211471557617
2018-11-08,34.08839416503906
2018-11-09,33.3680419921875
2018-11-12,32.274635314941406
2018-11-13,32.49974822998047
2018-11-14,32.46116256713867
2018-11-15,33.89543914794922
2018-11-16,34.24918746948242
2018-11-19,33.651039123535156
2018-11-20,32.96283721923828
2018-11-21,33.4066276550293
2018-11-23,33.35517120361328
2018-11-26,34.364967346191406
2018-11-27,34.54505157470703
2018-11-28,35.61272430419922
2018-11-29,35.297569274902344
2018-11-30,33.98548889160156
2018-12-03,35.25254440307617
2018-12-04,34.345664978027344
2018-12-06,33.843990325927734
2018-12-07,32.56406784057617
2018-12-10,31.991636276245117
2018-12-11,32.435428619384766
2018-12-12,33.58671951293945
2018-12-13,33.425926208496094
2018-12-14,32.53834533691406
2018-12-17,32.19102478027344
2018-12-18,32.46506881713867
2018-12-19,31.82760238647461
2018-12-20,32.530792236328125
2018-12-21,31.959035873413086
2018-12-24,32.10361862182617
2018-12-26,32.971099853515625
2018-12-27,32.872528076171875
2018-12-28,33.22740936279297
2018-12-31,33.15511703491211
2019-01-02,33.049964904785156
2019-01-03,33.14854431152344
2019-01-04,34.955810546875
2019-01-07,34.50235366821289
2019-01-08,34.5154914855957
2019-01-09,35.40269470214844
2019-01-10,36.11902618408203
2019-01-11,35.79043960571289
2019-01-14,35.652427673339844
2019-01-15,35.90873336791992
2019-01-16,36.59221267700195
2019-01-17,36.250465393066406
2019-01-18,36.00731658935547
2019-01-22,35.62614059448242
2019-01-23,35.921878814697266
2019-01-24,36.335906982421875
2019-01-25,36.605350494384766
2019-01-28,36.34904861450195
2019-01-29,36.70392990112305
2019-01-30,37.70942687988281
2019-01-31,37.85400390625
2019-02-01,37.14424514770508
2019-02-04,36.579063415527344
2019-02-05,37.45969772338867
2019-02-06,36.36876678466797
2019-02-07,35.994163513183594
2019-02-08,35.6392822265625
2019-02-11,35.06095886230469
2019-02-12,35.37641143798828
2019-02-13,34.574642181396484
2019-02-14,34.594356536865234
2019-02-15,34.614070892333984
2019-02-19,35.40269470214844
2019-02-20,35.54071044921875
2019-02-21,35.356693267822266
2019-02-22,35.69843292236328
2019-02-25,36.30305099487305
2019-02-26,36.42134094238281
2019-02-27,35.816734313964844
2019-02-28,35.28440856933594
2019-03-01,34.81122589111328
2019-03-04,34.81122589111328
2019-03-05,35.159542083740234
2019-03-06,34.752079010009766
2019-03-07,33.917449951171875
2019-03-08,34.12775421142578
2019-03-11,34.45634460449219
2019-03-12,34.56149673461914
2019-03-13,34.20661163330078
2019-03-14,33.93061065673828
2019-03-15,34.62721633911133
2019-03-18,35.00838851928711
2019-03-19,34.71922302246094
2019-03-20,35.09382247924805
2019-03-21,35.13324737548828
2019-03-22,33.62171936035156
2019-03-25,33.92403030395508
2019-03-26,33.825439453125
2019-03-27,33.687435150146484
2019-03-28,33.694007873535156
2019-03-29,34.39063262939453
2019-04-01,35.7575798034668
2019-04-02,35.41584396362305
2019-04-03,36.171607971191406
2019-04-04,36.22418975830078
2019-04-05,36.48048782348633
2019-04-08,36.519920349121094
2019-04-09,36.67107391357422
2019-04-10,37.65685272216797
2019-04-11,37.255977630615234
2019-04-12,37.43341064453125
2019-04-15,37.35454177856445
2019-04-16,37.867156982421875
2019-04-17,37.95915985107422
2019-04-18,38.22860336303711
2019-04-22,37.92630386352539
2019-04-23,37.74228286743164
2019-04-24,36.618499755859375
2019-04-25,36.776222229003906
2019-04-26,37.282264709472656
2019-04-29,37.07853317260742
2019-04-30,37.209957122802734
2019-05-01,36.53963088989258
2019-05-02,36.81565475463867
2019-05-03,37.70942687988281
2019-05-06,37.08509826660156
2019-05-07,36.618499755859375
2019-05-08,36.59221267700195
2019-05-09,36.066471099853516
2019-05-10,36.98651885986328
2019-05-13,35.974456787109375
2019-05-14,35.994163513183594
2019-05-15,35.88901901245117
2019-05-16,35.71815490722656
2019-05-17,35.02153015136719
2019-05-20,34.83750915527344
2019-05-21,34.77836990356445
2019-05-22,34.5154914855957
2019-05-23,33.36541748046875
2019-05-24,33.56914138793945
2019-05-28,32.68851852416992
2019-05-29,33.851741790771484
2019-05-30,34.18033218383789
2019-05-31,34.73893737792969
2019-06-03,35.33040237426758
2019-06-04,34.77179718017578
2019-06-05,34.2723388671875
2019-06-06,34.1540412902832
2019-06-07,34.4694938659668
2019-06-10,35.277828216552734
2019-06-11,35.83644485473633
2019-06-12,35.21868133544922
2019-06-13,35.06753158569336
2019-06-14,34.876949310302734
2019-06-17,35.109439849853516
2019-06-18,36.268524169921875
2019-06-19,36.976104736328125
2019-06-20,37.198490142822266
2019-06-21,37.08392333984375
2019-06-24,36.558292388916016
2019-06-25,36.20787048339844
2019-06-26,36.72677230834961
2019-06-27,36.7672004699707
2019-06-28,36.8413200378418
2019-07-01,36.976104736328125
2019-07-02,36.86827850341797
2019-07-03,36.7672004699707
2019-07-05,36.308963775634766
2019-07-08,36.4437370300293
2019-07-09,35.84397506713867
2019-07-10,36.72003173828125
2019-07-11,36.4774284362793
2019-07-12,36.61894226074219
2019-07-15,36.91545104980469
2019-07-16,36.94240188598633
2019-07-17,36.5448112487793
2019-07-18,37.40065002441406
2019-07-19,37.0030517578125
2019-07-22,36.99632263183594
2019-07-23,37.077186584472656
2019-07-24,37.02327346801758
2019-07-25,36.09331130981445
2019-07-26,35.7226676940918
2019-07-29,36.261783599853516
2019-07-30,35.783321380615234
2019-07-31,34.826412200927734
2019-08-01,33.990787506103516
2019-08-02,33.75493240356445
2019-08-05,32.710411071777344
2019-08-06,33.000179290771484
2019-08-07,32.81822967529297
2019-08-08,32.77105712890625
2019-08-09,31.9960880279541
2019-08-12,31.699575424194336
2019-08-13,31.9960880279541
2019-08-14,30.675275802612305
2019-08-15,31.241336822509766
2019-08-16,31.349157333374023
2019-08-19,30.978527069091797
2019-08-20,31.066125869750977
2019-08-21,31.88153076171875
2019-08-22,31.42328453063965
2019-08-23,30.877439498901367
2019-08-26,31.241336822509766
2019-08-27,30.90439796447754
2019-08-28,31.29524803161621
2019-08-29,31.409809112548828
2019-08-30,32.26564407348633
2019-09-03,32.48802947998047
2019-09-04,33.12147903442383
2019-09-05,33.43146896362305
2019-09-06,33.519073486328125
2019-09-09,33.55950164794922
2019-09-10,33.748191833496094
2019-09-11,34.21990966796875
2019-09-12,34.76576232910156
2019-09-13,35.21052169799805
2019-09-16,35.48681640625
2019-09-17,34.94770812988281
2019-09-18,34.63772201538086
2019-09-19,34.10535430908203
2019-09-20,33.775142669677734
2019-09-23,33.633628845214844
2019-09-24,33.593196868896484
2019-09-25,32.9530143737793
2019-09-26,33.00691604614258
2019-09-27,32.27912139892578
2019-09-30,31.975872039794922
2019-10-01,31.82761573791504
2019-10-02,31.659141540527344
2019-10-03,32.070213317871094
2019-10-04,32.64976119995117
2019-10-07,32.434112548828125
2019-10-08,32.144344329833984
2019-10-09,32.29934310913086
2019-10-10,32.9530143737793
2019-10-11,33.950355529785156
2019-10-14,33.72797775268555
2019-10-15,33.75493240356445
2019-10-16,33.93014144897461
2019-10-17,34.294036865234375
2019-10-18,34.334476470947266
2019-10-21,34.65794372558594
2019-10-22,35.01510238647461
2019-10-23,34.67142105102539
2019-10-24,34.260345458984375
2019-10-25,34.341209411621094
2019-10-28,34.853363037109375
2019-10-29,34.43555450439453
2019-10-30,33.66732406616211
2019-10-31,33.42472457885742
2019-11-01,33.701019287109375
2019-11-04,34.34794998168945
2019-11-05,34.812931060791016
2019-11-06,34.853363037109375
2019-11-07,34.994876861572266
2019-11-08,34.44230270385742
2019-11-11,34.28055953979492
2019-11-12,34.08513259887695
2019-11-13,34.06491470336914
2019-11-14,34.287296295166016
2019-11-15,34.5029411315918
2019-11-18,34.482723236083984
2019-11-19,34.71858215332031
2019-11-20,34.98814010620117
2019-11-21,34.92075729370117
2019-11-22,34.65119552612305
2019-11-25,34.43555450439453
2019-11-26,33.83579635620117
2019-11-27,33.67406463623047
2019-11-29,33.39103698730469
2019-12-02,33.10799789428711
2019-12-03,33.067562103271484
2019-12-04,33.38429260253906
2019-12-05,33.114742279052734
2019-12-06,33.229305267333984
2019-12-09,32.845184326171875
2019-12-10,32.77105712890625
2019-12-11,33.49211883544922
2019-12-12,33.94361877441406
2019-12-13,34.36143112182617
2019-12-16,35.011016845703125
2019-12-17,35.3822135925293
2019-12-18,36.20626449584961
2019-12-19,36.10974884033203
2019-12-20,36.102333068847656
2019-12-23,35.96869659423828
2019-12-24,36.124595642089844
2019-12-26,36.525489807128906
2019-12-27,36.68138885498047
2019-12-30,36.36958312988281
2019-12-31,36.414127349853516
2020-01-02,36.73335647583008
2020-01-03,35.7459831237793
2020-01-06,35.92416000366211
2020-01-07,35.54553985595703
2020-01-08,35.901885986328125
2020-01-09,35.61235046386719
2020-01-10,35.73855209350586
2020-01-13,35.75340270996094
2020-01-14,35.812801361083984
2020-01-15,35.84992218017578
2020-01-16,35.96869659423828
2020-01-17,36.0280876159668
2020-01-21,35.25600814819336
2020-01-22,35.82022476196289
2020-01-23,35.285701751708984
2020-01-24,35.34508514404297
2020-01-27,33.90486145019531
2020-01-28,33.85289001464844
2020-01-29,34.283485412597656
2020-01-30,34.16469192504883
2020-01-31,33.1550407409668
2020-02-03,33.37776184082031
2020-02-04,34.15727233886719
2020-02-05,34.61012649536133
2020-02-06,34.424530029296875
2020-02-07,33.74153137207031
2020-02-10,33.897438049316406
2020-02-11,34.320594787597656
2020-02-12,34.96648025512695
2020-02-13,34.446807861328125
2020-02-14,34.69921112060547
2020-02-18,34.4987678527832
2020-02-19,34.617549896240234
2020-02-20,33.77123260498047
2020-02-21,33.838035583496094
2020-02-24,32.152828216552734
2020-02-25,31.358470916748047
2020-02-26,32.07858657836914
2020-02-27,30.20034408569336
2020-02-28,29.90338706970215
2020-03-02,30.779403686523438
2020-03-03,30.497303009033203
2020-03-04,31.165449142456055
2020-03-05,30.088977813720703
2020-03-06,29.665822982788086
2020-03-09,26.718542098999023
2020-03-10,28.685869216918945
2020-03-11,27.045194625854492
2020-03-12,23.036298751831055
2020-03-13,24.907114028930664
2020-03-16,21.655460357666016
2020-03-17,22.73192596435547
2020-03-18,19.599040985107422
2020-03-19,19.049678802490234
2020-03-20,19.027402877807617
2020-03-23,18.173656463623047
2020-03-24,20.007352828979492
2020-03-25,21.81878089904785
2020-03-26,22.954635620117188
2020-03-27,20.89822006225586
2020-03-30,20.74231719970703
2020-03-31,21.068971633911133
2020-04-01,20.252344131469727
2020-04-02,20.72747230529785
2020-04-03,19.643585205078125
2020-04-06,21.462438583374023
2020-04-07,22.13800811767578
2020-04-08,22.123165130615234
2020-04-09,22.61313247680664
2020-04-13,22.64283561706543
2020-04-14,23.49658203125
2020-04-15,22.405271530151367
2020-04-16,21.99695587158203
2020-04-17,22.43496322631836
2020-04-20,22.034076690673828
2020-04-21,21.581218719482422
2020-04-22,21.937562942504883
2020-04-23,22.152854919433594
2020-04-24,22.61313247680664
2020-04-27,23.400070190429688
2020-04-28,23.2515926361084
2020-04-29,24.506223678588867
2020-04-30,23.259016036987305
2020-05-01,22.576019287109375
2020-05-04,23.192201614379883
2020-05-05,23.325828552246094
2020-05-06,23.117963790893555
2020-05-07,23.54854965209961
2020-05-08,24.261241912841797
2020-05-11,23.89746856689453
2020-05-12,23.541122436523438
2020-05-13,23.637632369995117
2020-05-14,23.593088150024414
2020-05-15,23.34810447692871
2020-05-18,24.409719467163086
2020-05-19,24.476533889770508
2020-05-20,25.12240982055664
2020-05-21,25.374820709228516
2020-05-22,24.944236755371094
2020-05-26,25.129831314086914
2020-05-27,25.530723571777344
2020-05-28,25.204072952270508
2020-05-29,24.921966552734375
2020-06-01,25.35255241394043
2020-06-02,26.458707809448242
2020-06-03,27.809852600097656
2020-06-04,27.305028915405273
2020-06-05,28.522544860839844
2020-06-08,28.84177589416504
2020-06-09,28.737838745117188
2020-06-10,28.426036834716797
2020-06-11,26.22114372253418
2020-06-12,27.119434356689453
2020-06-15,26.594200134277344
2020-06-16,26.45816993713379
2020-06-17,26.95694923400879
2020-06-18,26.4808406829834
2020-06-19,26.70755958557129
2020-06-22,27.09297752380371
2020-06-23,27.584209442138672
2020-06-24,26.700000762939453
2020-06-25,27.176111221313477
2020-06-26,26.752904891967773
2020-06-29,26.941835403442383
2020-06-30,26.631986618041992
2020-07-01,27.10053825378418
2020-07-02,27.727798461914062
2020-07-06,27.818485260009766
2020-07-07,27.53131103515625
2020-07-08,28.68001937866211
2020-07-09,28.755590438842773
2020-07-10,28.551546096801758
2020-07-13,28.543991088867188
2020-07-14,29.08811378479004
2020-07-15,29.261930465698242
2020-07-16,29.209030151367188
2020-07-17,29.24681854248047
2020-07-20,29.5793399810791
2020-07-21,29.972322463989258
2020-07-22,29.84384536743164
2020-07-23,29.16368293762207
2020-07-24,29.352622985839844
2020-07-27,30.214153289794922
2020-07-28,30.032779693603516
2020-07-29,30.478660583496094
2020-07-30,29.171247482299805
2020-07-31,28.362613677978516
2020-08-03,27.931840896606445
2020-08-04,28.09810447692871
2020-08-05,28.521320343017578
2020-08-06,28.4910888671875
2020-08-07,27.57665252685547
2020-08-10,27.44817352294922
2020-08-11,27.53886604309082
2020-08-12,27.969633102416992
2020-08-13,28.1585636138916
2020-08-14,28.302154541015625
2020-08-17,28.1585636138916
2020-08-18,28.347496032714844
2020-08-19,27.95452117919922
2020-08-20,27.871383666992188
2020-08-21,28.407955169677734
2020-08-24,29.13345718383789
2020-08-25,29.118343353271484
2020-08-26,29.095666885375977
2020-08-27,28.838727951049805
2020-08-28,29.322391510009766
2020-08-31,28.090547561645508
2020-09-01,28.9898681640625
2020-09-02,28.400402069091797
2020-09-03,27.697572708129883
2020-09-04,28.105661392211914
2020-09-08,27.61444091796875
2020-09-09,29.06544303894043
2020-09-10,28.672460556030273
2020-09-11,28.921850204467773
2020-09-14,29.39040756225586
2020-09-15,29.60957145690918
2020-09-16,29.503772735595703
2020-09-17,29.420639038085938
2020-09-18,28.72536277770996
2020-09-21,27.41794776916504
2020-09-22,27.395275115966797
2020-09-23,26.8133602142334
2020-09-24,27.138328552246094
2020-09-25,26.692441940307617
2020-09-28,27.41039276123047
2020-09-29,27.758024215698242
2020-09-30,27.90917205810547
2020-10-01,28.460853576660156
2020-10-02,28.347496032714844
2020-10-05,28.498640060424805
2020-10-06,28.05276107788086
2020-10-07,28.37017059326172
2020-10-08,28.513755798339844
2020-10-09,28.974756240844727
2020-10-12,29.08055877685547
2020-10-13,28.823604583740234
2020-10-14,28.71780776977539
2020-10-15,28.642229080200195
2020-10-16,28.68001937866211
2020-10-19,28.649789810180664
2020-10-20,29.141014099121094
2020-10-21,29.488651275634766
2020-10-22,29.707813262939453
2020-10-23,30.37285804748535
2020-10-26,29.73048973083496
2020-10-27,29.443307876586914
2020-10-28,27.871383666992188
2020-10-29,27.765583038330078
2020-10-30,27.992300033569336
2020-11-02,28.543991088867188
2020-11-03,29.254375457763672
2020-11-04,30.032779693603516
2020-11-05,31.423328399658203
2020-11-06,31.725616455078125
2020-11-09,32.21684265136719
2020-11-10,32.1714973449707
2020-11-11,32.3226432800293
2020-11-12,31.48378562927246
2020-11-13,32.080810546875
2020-11-16,32.57203674316406
2020-11-17,32.27730178833008
2020-11-18,32.02791213989258
2020-11-19,32.0052375793457
2020-11-20,31.94478416442871
2020-11-23,31.665163040161133
2020-11-24,32.56447982788086
2020-11-25,32.73830032348633
2020-11-27,32.420894622802734
2020-11-30,31.053016662597656
2020-12-01,32.148826599121094
2020-12-02,32.46623611450195
2020-12-03,32.912113189697266
2020-12-04,33.1766242980957
2020-12-07,33.32021713256836
2020-12-08,33.53937530517578
2020-12-09,33.32776641845703
2020-12-10,33.36555480957031
2020-12-11,33.1690673828125
2020-12-14,33.476985931396484
2020-12-15,34.453487396240234
2020-12-16,34.603118896484375
2020-12-17,35.14649963378906
2020-12-18,35.56388473510742
2020-12-21,34.65037155151367
2020-12-22,34.06760787963867
2020-12-23,34.83149337768555
2020-12-24,34.555870056152344
2020-12-28,34.445613861083984
2020-12-29,34.66612243652344
2020-12-30,35.02837371826172
2020-12-31,34.52437210083008
2021-01-04,34.68186950683594
2021-01-05,34.46136474609375
2021-01-06,34.043983459472656
2021-01-07,33.658111572265625
2021-01-08,34.941749572753906
2021-01-11,33.86286544799805
2021-01-12,34.66612243652344
2021-01-13,34.71337127685547
2021-01-14,35.0362548828125
2021-01-15,34.595245361328125
2021-01-19,35.524497985839844
2021-01-20,36.162384033203125
2021-01-21,36.24113082885742
2021-01-22,35.62688064575195
2021-01-25,35.532379150390625
2021-01-26,35.548126220703125
2021-01-27,34.54798889160156
2021-01-28,35.390625
2021-01-29,34.595245361328125
2021-02-01,35.33549880981445
2021-02-02,35.548126220703125
2021-02-03,35.73712921142578
2021-02-04,36.335636138916016
2021-02-05,37.40664291381836
2021-02-08,37.2176399230957
2021-02-09,37.8948974609375
2021-02-10,37.879154205322266
2021-02-11,38.320159912109375
2021-02-12,38.89503860473633
2021-02-16,38.43828201293945
2021-02-17,38.42253112792969
2021-02-18,38.477664947509766
2021-02-19,38.477664947509766
2021-02-22,38.154781341552734
2021-02-23,38.375282287597656
2021-02-24,38.51704025268555
2021-02-25,36.54826354980469
2021-02-26,36.42226028442383
2021-03-01,37.81615447998047
2021-03-02,38.24140167236328
2021-03-03,37.82402801513672
2021-03-04,37.20977020263672
2021-03-05,37.77677536010742
2021-03-08,37.068016052246094
2021-03-09,38.044532775878906
2021-03-10,38.800537109375
2021-03-11,39.721920013427734
2021-03-12,38.51704025268555
2021-03-15,38.8477897644043
2021-03-16,38.674530029296875
2021-03-17,39.30454635620117
2021-03-18,38.24140167236328
2021-03-19,38.43040466308594
2021-03-22,38.288658142089844
2021-03-23,37.146766662597656
2021-03-24,36.729393005371094
2021-03-25,37.01289367675781
2021-03-26,38.800537109375
2021-03-29,38.76115417480469
2021-03-30,38.524906158447266
2021-03-31,38.88716506958008
2021-04-01,39.619544982910156
2021-04-05,40.013301849365234
2021-04-06,40.45430374145508
2021-04-07,39.58803939819336
2021-04-08,39.50141906738281
2021-04-09,39.16279602050781
2021-04-12,38.88716506958008
2021-04-13,39.4935417175293
2021-04-14,39.94242858886719
2021-04-15,41.09218215942383
2021-04-16,41.068565368652344
2021-04-19,40.84018325805664
2021-04-20,39.77704620361328
2021-04-21,40.540931701660156
2021-04-22,39.67467498779297
2021-04-23,40.14717102050781
2021-04-26,39.96604537963867
2021-04-27,39.68254852294922
2021-04-28,40.58030319213867
2021-04-29,40.233802795410156
2021-04-30,38.8477897644043
2021-05-03,38.997413635253906
2021-05-04,38.58790969848633
2021-05-05,39.34392547607422
2021-05-06,40.25742721557617
2021-05-07,41.09218215942383
2021-05-10,40.540931701660156
2021-05-11,40.69055938720703
2021-05-12,39.65105056762695
2021-05-13,39.10765838623047
2021-05-14,40.029052734375
2021-05-17,40.48580551147461
2021-05-18,40.67481231689453
2021-05-19,40.21805191040039
2021-05-20,40.51730728149414
2021-05-21,40.09204864501953
2021-05-24,40.210174560546875
2021-05-25,40.68268585205078
2021-05-26,41.147308349609375
2021-05-27,41.344181060791016
2021-05-28,41.80881881713867
2021-06-01,42.808956146240234
2021-06-02,43.60434341430664
2021-06-03,42.46245193481445
2021-06-04,43.07670974731445
2021-06-07,42.60419845581055
2021-06-08,42.1947021484375
2021-06-09,41.96632385253906
2021-06-10,42.42811965942383
2021-06-11,41.5617561340332
2021-06-14,41.60943603515625
2021-06-15,41.076908111572266
2021-06-16,40.34565353393555
2021-06-17,39.75748825073242
2021-06-18,38.636775970458984
2021-06-21,39.07393264770508
2021-06-22,38.39037322998047
2021-06-23,38.636775970458984
2021-06-24,39.12956619262695
2021-06-25,39.42365264892578
2021-06-28,38.50960159301758
2021-06-29,39.081878662109375
2021-06-30,38.835479736328125
2021-07-01,38.65266799926758
2021-07-02,39.026241302490234
2021-07-06,38.41421890258789
2021-07-07,38.946754455566406
2021-07-08,38.15192413330078
2021-07-09,38.84342956542969
2021-07-12,38.692413330078125
2021-07-13,37.32530212402344
2021-07-14,38.6844596862793
2021-07-15,38.38241958618164
2021-07-16,38.143978118896484
2021-07-19,37.18223190307617
2021-07-20,37.38093566894531
2021-07-21,37.897579193115234
2021-07-22,37.913475036621094
2021-07-23,37.476322174072266
2021-07-26,37.0550537109375
2021-07-27,37.039154052734375
2021-07-28,37.81808853149414
2021-07-29,38.64472198486328
2021-07-30,38.47779846191406
2021-08-02,38.7559928894043
2021-08-03,39.29648208618164
2021-08-04,38.994441986083984
2021-08-05,38.660614013671875
2021-08-06,38.30293655395508
2021-08-09,38.016807556152344
2021-08-10,37.99296188354492
2021-08-11,38.700355529785156
2021-08-12,38.22346115112305
2021-08-13,38.50960159301758
2021-08-16,38.49369812011719
2021-08-17,37.64323043823242
2021-08-18,37.43657684326172
2021-08-19,36.363555908203125
2021-08-20,35.807167053222656
2021-08-23,36.89608383178711
2021-08-24,37.50811004638672
2021-08-25,37.32530212402344
2021-08-26,37.36503982543945
2021-08-27,38.37447738647461
2021-08-30,38.064491271972656
2021-08-31,39.280582427978516
2021-09-01,39.415706634521484
2021-09-02,38.41421890258789
2021-09-03,39.10572052001953
2021-09-07,38.85137176513672
2021-09-08,38.708309173583984
2021-09-09,37.87373352050781
2021-09-10,37.6114387512207
2021-09-13,38.39037322998047
2021-09-14,38.15192413330078
2021-09-15,38.287044525146484
2021-09-16,37.0550537109375
2021-09-17,36.681480407714844
2021-09-20,35.92639923095703
2021-09-21,36.73712158203125
2021-09-22,37.13453674316406
2021-09-23,37.73066329956055
2021-09-24,36.904029846191406
2021-09-27,37.16633224487305
2021-09-28,36.73712158203125
2021-09-29,36.824554443359375
2021-09-30,37.38093566894531
2021-10-01,37.4842643737793
2021-10-04,37.1901741027832
2021-10-05,37.492210388183594
2021-10-06,37.68296813964844
2021-10-07,38.05654525756836
2021-10-08,38.326786041259766
2021-10-11,37.98501205444336
2021-10-12,38.35858154296875
2021-10-13,38.93085479736328
2021-10-14,39.01034164428711
2021-10-15,39.69389724731445
2021-10-18,39.14546203613281
2021-10-19,39.821067810058594
2021-10-20,40.266178131103516
2021-10-21,38.875221252441406
2021-10-22,38.716251373291016
2021-10-25,39.07393264770508
2021-10-26,38.80369186401367
2021-10-27,38.22346115112305
2021-10-28,38.1201286315918
2021-10-29,37.38093566894531
2021-11-01,37.40478515625
2021-11-02,37.24581527709961
2021-11-03,38.19166564941406
2021-11-04,38.20756149291992
2021-11-05,38.47779846191406
2021-11-08,38.676509857177734
2021-11-09,38.2552490234375
2021-11-10,37.333248138427734
2021-11-11,38.294986724853516
2021-11-12,37.95321273803711
2021-11-15,38.485748291015625
2021-11-16,37.98501205444336
2021-11-17,37.90552520751953
2021-11-18,37.492210388183594
2021-11-19,36.792762756347656
2021-11-22,36.435089111328125
2021-11-23,36.53046798706055
2021-11-24,35.92639923095703
2021-11-26,33.72471237182617
2021-11-29,34.7261962890625
2021-11-30,35.68000030517578
2021-12-01,35.53692626953125
2021-12-02,36.323814392089844
2021-12-03,36.37150192260742
2021-12-06,36.75302505493164
2021-12-07,37.30939865112305
2021-12-08,37.51606369018555
2021-12-09,36.57020568847656
2021-12-10,36.12510681152344
2021-12-13,35.58554458618164
2021-12-14,35.802330017089844
2021-12-15,36.243934631347656
2021-12-16,36.66948699951172
2021-12-17,36.50087356567383
2021-12-20,36.25196075439453
2021-12-21,36.637367248535156
2021-12-22,37.263648986816406
2021-12-23,37.424232482910156
2021-12-27,37.84175491333008
2021-12-28,37.070945739746094
2021-12-29,37.16729736328125
2021-12-30,37.73736572265625
2021-12-31,37.255619049072266
2022-01-03,37.801605224609375
2022-01-04,37.60890579223633
2022-01-05,37.624961853027344
2022-01-06,37.88189697265625
2022-01-07,37.98627471923828
2022-01-10,38.32350540161133
2022-01-11,39.30307388305664
2022-01-12,40.82862854003906
2022-01-13,39.53592300415039
2022-01-14,39.776798248291016
2022-01-18,38.668766021728516
2022-01-19,39.7928581237793
2022-01-20,40.0497932434082
2022-01-21,40.13811111450195
2022-01-24,39.038108825683594
2022-01-25,39.17460250854492
2022-01-26,38.596500396728516
2022-01-27,38.49211883544922
2022-01-28,38.749053955078125
2022-01-31,40.73227310180664
2022-02-01,40.74030685424805
2022-02-02,40.20234298706055
2022-02-03,40.35490036010742
2022-02-04,40.073875427246094
2022-02-07,39.97752380371094
2022-02-08,41.10161590576172
2022-02-09,41.4388427734375
2022-02-10,41.1578254699707
2022-02-11,41.093589782714844
2022-02-14,41.511112213134766
2022-02-15,41.760013580322266
2022-02-16,42.868045806884766
2022-02-17,42.386295318603516
2022-02-18,41.968772888183594
2022-02-22,41.32643508911133
2022-02-23,41.52716827392578
2022-02-24,41.23008346557617
2022-02-25,41.904544830322266
2022-02-28,42.28191375732422
2022-03-01,42.33811950683594
2022-03-02,43.14104461669922
2022-03-03,43.317684173583984
2022-03-04,41.824249267578125
2022-03-07,40.49942398071289
2022-03-08,40.70818328857422
2022-03-09,41.94468688964844
2022-03-10,42.482643127441406
2022-03-11,42.06512451171875
2022-03-14,40.84468078613281
2022-03-15,41.24614334106445
2022-03-16,44.417694091796875
2022-03-17,43.90381622314453
2022-03-18,43.85564041137695
2022-03-21,43.775352478027344
2022-03-22,44.208927154541016
2022-03-23,44.15272521972656
2022-03-24,44.8753547668457
2022-03-25,44.38556671142578
2022-03-28,44.200897216796875
2022-03-29,44.77900695800781
2022-03-30,45.164405822753906
2022-03-31,44.5863037109375
2022-04-01,45.34907531738281
2022-04-04,45.09214401245117
2022-04-05,43.87973403930664
2022-04-06,43.88776397705078
2022-04-07,43.67097091674805
2022-04-08,44.08045959472656
2022-04-11,44.048343658447266
2022-04-12,43.66294479370117
2022-04-13,43.18921661376953
2022-04-14,42.30600357055664
2022-04-18,42.41038131713867
2022-04-19,41.67972183227539
2022-04-20,41.22205352783203
2022-04-21,39.929359436035156
2022-04-22,39.134456634521484
2022-04-25,38.4760627746582
2022-04-26,37.8256950378418
2022-04-27,38.09065628051758
2022-04-28,38.37971496582031
2022-04-29,38.49211883544922
2022-05-02,37.60087585449219
2022-05-03,38.39577102661133
2022-05-04,39.270957946777344
2022-05-05,36.910362243652344
2022-05-06,35.99502944946289
2022-05-09,34.822757720947266
2022-05-10,35.23225784301758
2022-05-11,35.32860565185547
2022-05-12,35.44904327392578
2022-05-13,36.43663787841797
2022-05-16,36.74977493286133
2022-05-17,37.319854736328125
2022-05-18,36.147586822509766
2022-05-19,36.92641830444336
2022-05-20,36.64539337158203
2022-05-23,37.649051666259766
2022-05-24,37.30379104614258
2022-05-25,36.613277435302734
2022-05-26,37.697227478027344
2022-05-27,38.45197296142578
2022-05-31,38.837379455566406
2022-06-01,38.20306396484375
2022-06-02,39.046138763427734
2022-06-03,38.39577102661133
2022-06-06,38.283363342285156
2022-06-07,37.95416259765625
2022-06-08,38.05854034423828
2022-06-09,36.54774475097656
2022-06-10,35.83417892456055
2022-06-13,34.54648208618164
2022-06-14,34.349632263183594
2022-06-15,35.907997131347656
2022-06-16,34.64490509033203
2022-06-17,34.66130828857422
2022-06-21,35.53891372680664
2022-06-22,35.030391693115234
2022-06-23,34.890960693359375
2022-06-24,36.27708053588867
2022-06-27,36.52314376831055
2022-06-28,35.440486907958984
2022-06-29,35.309261322021484
2022-06-30,34.849952697753906
2022-07-01,34.75152587890625
2022-07-05,34.398841857910156
2022-07-06,33.98875045776367
2022-07-07,35.194435119628906
2022-07-08,34.808937072753906
2022-07-11,33.898529052734375
2022-07-12,33.79190444946289
2022-07-13,33.422821044921875
2022-07-14,32.249942779541016
2022-07-15,32.77486801147461
2022-07-18,33.01272201538086
2022-07-19,33.53764724731445
2022-07-20,33.3489990234375
2022-07-21,34.0789680480957
2022-07-22,34.18560028076172
2022-07-25,34.15278244018555
2022-07-26,34.0461540222168
2022-07-27,34.833553314208984
2022-07-28,35.16162109375
2022-07-29,34.81714630126953
2022-08-01,34.70231628417969
2022-08-02,33.61967086791992
2022-08-03,34.36604309082031
2022-08-04,34.57109069824219
2022-08-05,34.808937072753906
2022-08-08,35.68654251098633
2022-08-09,35.53891372680664
2022-08-10,36.64616775512695
2022-08-11,36.974246978759766
2022-08-12,37.68782043457031
2022-08-15,36.834815979003906
2022-08-16,37.285919189453125
2022-08-17,36.334495544433594
2022-08-18,35.645538330078125
2022-08-19,34.398841857910156
2022-08-22,34.36604309082031
2022-08-23,34.57109069824219
2022-08-24,34.5956916809082
2022-08-25,35.776771545410156
2022-08-26,34.9401741027832
2022-08-29,34.849952697753906
2022-08-30,33.75089645385742
2022-08-31,32.67644119262695
2022-09-01,32.54521560668945
2022-09-02,32.49599838256836
2022-09-06,32.807674407958984
2022-09-07,32.87328338623047
2022-09-08,32.54521560668945
2022-09-09,33.62786102294922
2022-09-12,34.382442474365234
2022-09-13,32.62723159790039
2022-09-14,32.78307342529297
2022-09-15,32.37297058105469
2022-09-16,31.64299964904785
2022-09-19,31.70041847229004
2022-09-20,31.610197067260742
2022-09-21,31.323123931884766
2022-09-22,31.38873863220215
2022-09-23,30.010818481445312
2022-09-26,29.576122283935547
2022-09-27,29.98621368408203
2022-09-28,30.675180435180664
2022-09-29,29.912397384643555
2022-09-30,29.559715270996094
2022-10-03,30.40451431274414
2022-10-04,31.831642150878906
2022-10-05,31.29031753540039
2022-10-06,31.085268020629883
2022-10-07,30.707977294921875
2022-10-10,30.60955810546875
2022-10-11,30.371700286865234
2022-10-12,30.084636688232422
2022-10-13,30.43731689453125
2022-10-14,29.502302169799805
2022-10-17,31.1508846282959
2022-10-18,30.98685073852539
2022-10-19,30.51934051513672
2022-10-20,30.199462890625
2022-10-21,31.167287826538086
2022-10-24,29.789365768432617
2022-10-25,30.502933502197266
2022-10-26,31.815244674682617
2022-10-27,31.749624252319336
2022-10-28,31.577383041381836
2022-10-31,31.159088134765625
2022-11-01,31.478961944580078
2022-11-02,31.249305725097656
2022-11-03,30.798206329345703
2022-11-04,33.406410217285156
2022-11-07,33.61967086791992
2022-11-08,33.92313766479492
2022-11-09,33.406410217285156
2022-11-10,35.48149490356445
2022-11-11,35.96540832519531
2022-11-14,35.50611114501953
2022-11-15,35.53891372680664
2022-11-16,35.53070831298828
2022-11-17,35.70294952392578
2022-11-18,35.637332916259766
2022-11-21,35.2846565246582
2022-11-22,35.7603645324707
2022-11-23,36.69538497924805
2022-11-25,36.260677337646484
2022-11-28,35.907997131347656
2022-11-29,36.21147155761719
2022-11-30,36.4575309753418
2022-12-01,34.75152587890625
2022-12-02,35.29285430908203
2022-12-05,35.29285430908203
2022-12-06,35.637332916259766
2022-12-07,36.04743576049805
2022-12-08,36.014625549316406
2022-12-09,35.366668701171875
2022-12-12,35.10420227050781
2022-12-13,35.83473587036133
2022-12-14,35.91802978515625
2022-12-15,34.16877365112305
2022-12-16,34.08547592163086
2022-12-19,35.17668151855469
2022-12-20,35.085052490234375
2022-12-21,35.95968246459961
2022-12-22,35.543190002441406
2022-12-23,36.101287841796875
2022-12-27,36.50944519042969
2022-12-28,35.66813659667969
2022-12-29,36.34284973144531
2022-12-30,35.32661819458008
2023-01-03,36.434478759765625
2023-01-04,37.79222869873047
2023-01-05,36.7760009765625
2023-01-06,37.650630950927734
2023-01-09,38.10043716430664
2023-01-10,38.23371887207031
2023-01-11,38.59189224243164
2023-01-12,39.43320083618164
2023-01-13,39.70808029174805
2023-01-17,38.17539978027344
2023-01-18,38.075443267822266
2023-01-19,37.92551040649414
2023-01-20,38.458614349365234
2023-01-23,38.4919319152832
2023-01-24,38.566898345947266
2023-01-25,38.600223541259766
2023-01-26,38.73350143432617
2023-01-27,38.40030288696289
2023-01-30,37.57565689086914
2023-01-31,37.62563705444336
2023-02-01,38.58356475830078
2023-02-02,38.78347396850586
2023-02-03,37.608978271484375
2023-02-06,36.99257278442383
2023-02-07,37.17582702636719
2023-02-08,36.742679595947266
2023-02-09,36.46779251098633
2023-02-10,35.95135498046875
2023-02-13,36.459468841552734
2023-02-14,36.55109786987305
2023-02-15,36.059635162353516
2023-02-16,35.80974578857422
2023-02-17,35.5848388671875
2023-02-21,34.61858367919922
2023-02-22,34.44365692138672
2023-02-23,34.876808166503906
2023-02-24,33.918880462646484
2023-02-27,34.068817138671875
2023-02-28,34.135459899902344
2023-03-01,35.209999084472656
2023-03-02,34.83515548706055
2023-03-03,35.135032653808594
2023-03-06,34.90180206298828
2023-03-07,33.868900299072266
2023-03-08,33.727294921875
2023-03-09,33.30247116088867
2023-03-10,33.777278900146484
2023-03-13,33.66898727416992
2023-03-14,33.61901092529297
2023-03-15,32.527801513671875
2023-03-16,32.80268859863281
2023-03-17,32.64442443847656
2023-03-20,32.61110305786133
2023-03-21,32.72772216796875
2023-03-22,33.48573684692383
2023-03-23,34.08547592163086
2023-03-24,34.1104621887207
2023-03-27,33.99384689331055
2023-03-28,34.9850959777832
2023-03-29,34.85182189941406
2023-03-30,35.56818389892578
2023-03-31,35.16835021972656
2023-04-03,35.59316635131836
2023-04-04,36.09296417236328
2023-04-05,35.41823959350586
2023-04-06,35.384918212890625
2023-04-10,34.89346694946289
2023-04-11,35.17668151855469
2023-04-12,34.926780700683594
2023-04-13,36.3595085144043
2023-04-14,36.101287841796875
2023-04-17,35.67647171020508
2023-04-18,36.101287841796875
2023-04-19,35.893035888671875
2023-04-20,36.134605407714844
2023-04-21,35.8680534362793
2023-04-24,35.61815643310547
2023-04-25,35.00175476074219
2023-04-26,35.18501281738281
2023-04-27,35.73477554321289
2023-04-28,35.77642059326172
2023-05-01,35.534854888916016
2023-05-02,35.17668151855469
2023-05-03,35.32661819458008
2023-05-04,34.95177459716797
2023-05-05,35.32661819458008
2023-05-08,35.351600646972656
2023-05-09,34.352027893066406
2023-05-10,33.96052932739258
2023-05-11,32.58612060546875
2023-05-12,32.64442443847656
2023-05-15,33.44408416748047
2023-05-16,33.002601623535156
2023-05-17,32.919307708740234
2023-05-18,32.29457092285156
2023-05-19,32.24459457397461
2023-05-22,32.65275192260742
2023-05-23,32.16129684448242
2023-05-24,32.028018951416016
2023-05-25,30.995128631591797
2023-05-26,31.245019912719727
2023-05-30,30.661937713623047
2023-05-31,30.85352325439453
2023-06-01,31.71982192993164
2023-06-02,32.3278923034668
2023-06-05,32.58612060546875
2023-06-06,32.81935501098633
2023-06-07,33.25248336791992
2023-06-08,33.82040023803711
2023-06-09,34.36288070678711
2023-06-12,34.3459358215332
2023-06-13,34.778221130371094
2023-06-14,35.53261184692383
2023-06-15,35.897090911865234
2023-06-16,35.81232452392578
2023-06-20,34.93079376220703
2023-06-21,34.396785736083984
2023-06-22,33.96449279785156
2023-06-23,33.15077209472656
2023-06-26,33.04058074951172
2023-06-27,33.532203674316406
2023-06-28,33.532203674316406
2023-06-29,33.27791976928711
2023-06-30,33.71868133544922
2023-07-03,33.81192398071289
2023-07-05,33.549163818359375
2023-07-06,32.23533248901367
2023-07-07,33.0321044921875
2023-07-10,33.006675720214844
2023-07-11,33.82040023803711
2023-07-12,35.4308967590332
2023-07-13,36.36328887939453
2023-07-14,35.93947219848633
2023-07-17,36.18528747558594
2023-07-18,36.43109893798828
2023-07-19,36.35481643676758
2023-07-20,36.2276725769043
2023-07-21,36.0157585144043
2023-07-24,36.685386657714844
2023-07-25,37.28720474243164
2023-07-26,37.431297302246094
2023-07-27,36.93119812011719
2023-07-28,38.134830474853516
2023-07-31,37.804256439208984
2023-08-01,36.55824279785156
2023-08-02,35.185081481933594
2023-08-03,34.71041488647461
2023-08-04,35.15117645263672
2023-08-07,34.981651306152344
2023-08-08,34.56631088256836
2023-08-09,34.396785736083984
2023-08-10,34.8714599609375
2023-08-11,34.490028381347656
2023-08-14,34.0407829284668
2023-08-15,33.54068374633789
2023-08-16,33.14229202270508
2023-08-17,32.88800811767578
2023-08-18,32.726959228515625
2023-08-21,33.0914421081543
2023-08-22,32.9558219909668
2023-08-23,34.125545501708984
2023-08-24,33.532203674316406
2023-08-25,33.989925384521484
2023-08-28,34.42221450805664
2023-08-29,34.59174728393555
2023-08-30,34.125545501708984
2023-08-31,33.15077209472656
2023-09-01,33.39659118652344
2023-09-05,32.70153045654297
2023-09-06,32.599815368652344
2023-09-07,32.226863861083984
2023-09-08,32.57438659667969
2023-09-11,33.25248336791992
2023-09-12,33.15077209472656
2023-09-13,33.05753707885742
2023-09-14,32.77781295776367
2023-09-15,32.70153045654297
2023-09-18,32.48114776611328
2023-09-19,32.625247955322266
2023-09-20,33.21858596801758
2023-09-21,32.40485763549805
2023-09-22,32.81172561645508
2023-09-25,32.52352523803711
2023-09-26,31.98104476928711
2023-09-27,31.650466918945312
2023-09-28,32.05732727050781
2023-09-29,31.88780403137207
2023-10-02,31.006275177001953
2023-10-03,30.74350357055664
2023-10-04,30.64179229736328
2023-10-05,30.64179229736328
2023-10-06,31.336849212646484
2023-10-09,31.362279891967773
2023-10-10,32.726959228515625
2023-10-11,33.269439697265625
2023-10-12,32.498104095458984
2023-10-13,32.60829544067383
2023-10-16,33.193153381347656
2023-10-17,33.066009521484375
2023-10-18,32.20990753173828
2023-10-19,31.964092254638672
2023-10-20,31.480945587158203
2023-10-23,31.692852020263672
2023-10-24,31.625043869018555
2023-10-25,31.192747116088867
2023-10-26,31.39618492126465
2023-10-27,31.39618492126465
2023-10-30,31.591135025024414
2023-10-31,31.692852020263672
2023-11-01,32.074283599853516
2023-11-02,33.11686706542969
2023-11-03,34.354400634765625
2023-11-06,34.10011672973633
2023-11-07,33.3626823425293
2023-11-08,33.32030487060547
2023-11-09,32.70153045654297
2023-11-10,32.79476547241211
2023-11-13,32.69305419921875
2023-11-14,34.56631088256836
2023-11-15,35.09184265136719
2023-11-16,34.117069244384766
2023-11-17,34.193359375
2023-11-20,34.44764709472656
2023-11-21,33.845829010009766
2023-11-22,33.506778717041016
2023-11-24,34.125545501708984
2023-11-27,34.396785736083984
2023-11-28,34.80364990234375
2023-11-29,34.3289794921875
2023-11-30,34.27811813354492
2023-12-01,34.58326721191406
2023-12-04,34.117069244384766
2023-12-05,33.650875091552734
2023-12-06,33.65935134887695
2023-12-07,33.7864990234375
2023-12-08,33.24401092529297
2023-12-11,33.345726013183594
2023-12-12,33.08296585083008
2023-12-13,33.94754409790039
2023-12-14,35.64280319213867
2023-12-15,35.45632553100586
2023-12-18,34.396785736083984
2023-12-19,35.19355773925781
2023-12-20,34.795406341552734
2023-12-21,35.44755554199219
2023-12-22,34.96702575683594
2023-12-26,35.15580749511719
2023-12-27,36.013885498046875
2023-12-28,35.130062103271484
2023-12-29,35.85943603515625
2024-01-02,35.035675048828125
2024-01-03,34.1260986328125
2024-01-04,33.92873764038086
2024-01-05,34.040287017822266
2024-01-08,34.203330993652344
2024-01-09,33.76570129394531
2024-01-10,33.499698638916016
2024-01-11,33.73996353149414
2024-01-12,33.97164535522461
2024-01-16,32.6072883605957
2024-01-17,32.02378845214844
2024-01-18,32.49573516845703
2024-01-19,32.7016716003418
2024-01-22,32.06669235229492
2024-01-23,32.91619873046875
2024-01-24,33.3709831237793
2024-01-25,33.43104934692383
2024-01-26,34.00596618652344
2024-01-29,33.74854278564453
2024-01-30,33.72279739379883
2024-01-31,33.654151916503906
2024-02-01,34.27197265625
2024-02-02,33.47395324707031
2024-02-05,33.0792350769043
2024-02-06,33.97164535522461
2024-02-07,33.55976104736328
2024-02-08,32.99342727661133
2024-02-09,32.907615661621094
2024-02-12,33.122135162353516
2024-02-13,32.178245544433594
2024-02-14,32.51289367675781
2024-02-15,32.75315856933594
2024-02-16,33.173622131347656
2024-02-20,32.838966369628906
2024-02-21,32.838966369628906
2024-02-22,32.89904022216797
2024-02-23,32.684513092041016
2024-02-26,32.37560272216797
2024-02-27,32.36701965332031
2024-02-28,31.663394927978516
2024-02-29,31.877912521362305
2024-03-01,32.65019226074219
2024-03-04,32.59012222290039
2024-03-05,32.384185791015625
2024-03-06,33.482540130615234
2024-03-07,33.58550262451172
2024-03-08,33.41388702392578
2024-03-11,33.61124801635742
2024-03-12,33.45679473876953
2024-03-13,34.023128509521484
2024-03-14,33.25943374633789
2024-03-15,32.881874084472656
2024-03-18,32.21257019042969
2024-03-19,32.246891021728516
2024-03-20,33.29375457763672
2024-03-21,33.2251091003418
2024-03-22,32.80464553833008
2024-03-25,32.89046096801758
2024-03-26,32.96767807006836
2024-03-27,33.46537399291992
2024-03-28,33.61124801635742
2024-04-01,33.491119384765625
2024-04-02,33.84292984008789
2024-04-03,33.99738311767578
2024-04-04,34.04887008666992
2024-04-05,34.54656219482422
2024-04-08,34.66669464111328
2024-04-09,35.32741928100586
2024-04-10,34.4435920715332
2024-04-11,34.92412185668945
2024-04-12,33.980224609375
2024-04-15,33.43962860107422
2024-04-16,32.89046096801758
2024-04-17,32.873294830322266
2024-04-18,32.830387115478516
2024-04-19,32.950523376464844
2024-04-22,32.881874084472656
2024-04-23,33.32807922363281
2024-04-24,33.26801300048828
2024-04-25,33.482540130615234
2024-04-26,34.35778045654297
2024-04-29,35.25876998901367
2024-04-30,34.426429748535156
2024-05-01,34.76108169555664
2024-05-02,35.32741928100586
2024-05-03,35.670654296875
2024-05-06,35.825111389160156
2024-05-07,35.58484649658203
2024-05-08,35.559104919433594
2024-05-09,36.07395553588867
2024-05-10,36.494415283203125
2024-05-13,36.85480880737305
2024-05-14,36.90629959106445
2024-05-15,37.57561111450195
2024-05-16,37.498382568359375
2024-05-17,37.661415100097656
2024-05-20,37.875938415527344
2024-05-21,38.090457916259766
2024-05-22,37.258113861083984
2024-05-23,36.46867370605469
2024-05-24,36.79475021362305
2024-05-28,36.726097106933594
2024-05-29,36.35712432861328
2024-05-30,34.906959533691406
2024-05-31,34.82972717285156
2024-06-03,35.782203674316406
2024-06-04,34.92412185668945
2024-06-05,34.52940368652344
2024-06-06,34.63237380981445
2024-06-07,34.211910247802734
2024-06-10,34.503658294677734
2024-06-11,34.7886962890625
2024-06-12,35.59935760498047
2024-06-13,35.198387145996094
2024-06-14,36.00904846191406
2024-06-17,36.401302337646484
2024-06-18,38.46718215942383
2024-06-20,38.502044677734375
2024-06-21,38.58049774169922
2024-06-24,38.33642578125
2024-06-25,37.673954010009766
2024-06-26,37.79598617553711
2024-06-27,36.78483963012695
2024-06-28,37.7611198425293
2024-07-01,37.63908386230469
2024-07-02,37.02890396118164
2024-07-03,37.88315200805664
2024-07-05,38.6328010559082
2024-07-08,38.6328010559082
2024-07-09,38.44974899291992
2024-07-10,38.67638397216797
2024-07-11,38.998905181884766
2024-07-12,39.312705993652344
2024-07-15,38.6589469909668
2024-07-16,39.286556243896484
2024-07-17,38.30155944824219
2024-07-18,37.787269592285156
2024-07-19,37.717533111572266
2024-07-22,38.240543365478516
2024-07-23,37.9703254699707
2024-07-24,37.717533111572266
2024-07-25,37.91801834106445
2024-07-26,38.240543365478516
2024-07-29,37.909305572509766
2024-07-30,38.47589874267578
2024-07-31,39.67009735107422
2024-08-01,38.789703369140625
2024-08-02,38.25797653198242
2024-08-05,37.23811340332031
2024-08-06,37.124794006347656
2024-08-07,37.16837692260742
2024-08-08,38.22311019897461
2024-08-09,38.484615325927734
2024-08-12,38.27540969848633
2024-08-13,39.06863784790039
2024-08-14,39.46089553833008
2024-08-15,40.09721374511719
2024-08-16,40.88172912597656
2024-08-19,41.77956008911133
2024-08-20,41.21297073364258
2024-08-21,41.439605712890625
2024-08-22,40.4284553527832
2024-08-23,41.65752410888672
2024-08-26,41.44831848144531
2024-08-27,41.70981979370117
2024-08-28,41.038631439208984
2024-08-29,41.23912048339844
2024-08-30,40.93402862548828
2024-09-03,39.65266418457031
2024-09-04,39.78341293334961
2024-09-05,40.31513977050781
2024-09-06,39.55677795410156
2024-09-09,39.7659797668457
2024-09-10,39.65266418457031
2024-09-11,39.90544891357422
2024-09-12,40.31513977050781
2024-09-13,40.41973876953125
2024-09-16,40.76841354370117
2024-09-17,41.14323806762695
2024-09-18,41.16067123413086
2024-09-19,41.96261215209961
2024-09-20,42.23283386230469
2024-09-23,43.069644927978516
2024-09-24,44.176673889160156
2024-09-25,43.76698303222656
2024-09-26,44.865299224853516
2024-09-27,44.935035705566406
2024-09-30,43.9326057434082
2024-10-01,43.72340393066406
2024-10-02,43.92388916015625
2024-10-03,43.374725341796875
2024-10-04,43.40959548950195
2024-10-07,43.304996490478516
2024-10-08,42.712257385253906
2024-10-09,42.459468841552734
2024-10-10,42.96503829956055
2024-10-11,43.636234283447266
2024-10-14,43.20911407470703
2024-10-15,42.7819938659668
2024-10-16,43.33986282348633
2024-10-17,43.32242965698242
2024-10-18,44.05463790893555
2024-10-21,43.941322326660156
2024-10-22,44.08951187133789
2024-10-23,43.10451126098633
2024-10-24,43.72340393066406
2024-10-25,43.304996490478516
2024-10-28,43.79313659667969
2024-10-29,43.70596694946289
2024-10-30,43.304996490478516
2024-10-31,43.026058197021484
2024-11-01,43.10451126098633
2024-11-04,43.383445739746094
2024-11-05,44.176673889160156
2024-11-06,43.069644927978516
2024-11-07,44.08079147338867
2024-11-08,42.720970153808594
2024-11-11,41.561641693115234
2024-11-12,40.986328125
2024-11-13,40.38487243652344
2024-11-14,40.323856353759766
2024-11-15,40.445892333984375
2024-11-18,41.526771545410156
2024-11-19,41.343719482421875
2024-11-20,41.36115264892578
2024-11-21,41.919029235839844
2024-11-22,41.7359733581543
2024-11-25,41.178104400634766
2024-11-26,41.195533752441406
2024-11-27,40.829429626464844
2024-11-29,41.36115264892578
2024-12-02,41.369869232177734
2024-12-03,41.369869232177734
2024-12-04,41.62266159057617
2024-12-05,42.25898361206055
2024-12-06,42.145660400390625
2024-12-09,42.91273880004883
2024-12-10,42.90402603149414
2024-12-11,43.200401306152344
2024-12-12,42.68610382080078
2024-12-13,42.72969055175781
2024-12-16,42.68610382080078
2024-12-17,41.51706314086914
2024-12-18,39.719947814941406
2024-12-19,39.8116340637207
2024-12-20,40.077537536621094
2024-12-23,39.76578903198242
2024-12-24,39.64659881591797
2024-12-26,39.28900146484375
2024-12-27,39.24315643310547
2024-12-30,38.647178649902344
2024-12-31,38.4271240234375
2025-01-02,38.81222152709961
2025-01-03,39.224822998046875
2025-01-06,38.903907775878906
2025-01-07,38.48213577270508
2025-01-08,38.23457336425781
2025-01-10,37.711944580078125
2025-01-13,37.4368782043457
2025-01-14,37.75778579711914
2025-01-15,38.894737243652344
2025-01-16,38.537147521972656
2025-01-17,39.12396240234375
2025-01-21,39.93083190917969
2025-01-22,39.76578903198242
2025-01-23,39.55490493774414
2025-01-24,39.774959564208984
2025-01-27,39.160640716552734
2025-01-28,39.573246002197266
2025-01-29,40.050025939941406
2025-01-30,40.902740478515625
2025-01-31,40.11421203613281
2025-02-03,40.12337875366211
2025-02-04,40.92108154296875
2025-02-05,41.113624572753906
2025-02-06,41.819637298583984
2025-02-07,41.654598236083984
2025-02-10,42.22307205200195
2025-02-11,41.86548614501953
2025-02-12,42.067203521728516
2025-02-13,42.250579833984375
2025-02-14,42.36977767944336
2025-02-18,42.846561431884766
2025-02-19,42.378944396972656
2025-02-20,42.93825149536133
2025-02-21,42.70903015136719
2025-02-24,42.232242584228516
2025-02-25,42.29642868041992
2025-02-26,42.268917083740234
2025-02-27,41.452877044677734
2025-02-28,40.71019744873047
2025-03-03,40.83856201171875
2025-03-04,41.32451248168945
2025-03-05,42.53481674194336
2025-03-06,42.699859619140625
2025-03-07,42.94742202758789
2025-03-10,41.966339111328125
2025-03-11,42.46146774291992
2025-03-12,42.149723052978516
2025-03-13,42.04886245727539
2025-03-14,43.09412384033203
2025-03-17,43.77262878417969
2025-03-18,43.726783752441406
2025-03-19,44.71703338623047
2025-03-20,44.03852844238281
2025-03-21,43.64426040649414
2025-03-24,43.745121002197266
2025-03-25,43.946842193603516
2025-03-26,44.1577262878418
2025-03-27,44.20356750488281
2025-03-28,43.64426040649414
2025-03-31,44.13021469116211
2025-04-01,44.10270690917969
2025-04-02,42.77321243286133
2025-04-03,41.150306701660156
2025-04-04,37.85865020751953
2025-04-07,37.381858825683594
2025-04-08,37.17097473144531
2025-04-09,40.59099578857422
2025-04-10,40.288421630859375
2025-04-11,41.82880783081055
2025-04-14,43.29584503173828
2025-04-15,43.185813903808594
2025-04-16,43.4883918762207
2025-04-17,43.91933059692383
2025-04-21,43.64426040649414
2025-04-22,44.1577262878418
2025-04-23,43.59841537475586
2025-04-24,43.974342346191406
2025-04-25,44.35944366455078
2025-04-28,45.010440826416016
2025-04-29,45.05628204345703
2025-04-30,45.404701232910156
2025-05-01,45.175479888916016
2025-05-02,46.01902389526367
2025-05-05,46.24824523925781
2025-05-06,46.495811462402344
2025-05-07,46.05569839477539
2025-05-08,45.707275390625
2025-05-09,46.43162536621094
2025-05-12,46.01902389526367
2025-05-13,46.220741271972656
2025-05-14,46.04652786254883
2025-05-15,46.84423065185547
2025-05-16,46.98176574707031
2025-05-19,46.83506393432617
2025-05-20,47.321014404296875
2025-05-21,47.174312591552734
2025-05-22,47.155975341796875
2025-05-23,48.1553955078125
2025-05-27,47.59608840942383
2025-05-28,47.706111907958984
2025-05-29,48.6413459777832
2025-05-30,47.871150970458984
2025-06-02,48.84306716918945
2025-06-03,48.71470260620117
2025-06-04,49.01727294921875
2025-06-05,49.53990173339844
2025-06-06,49.4573860168457
2025-06-09,49.915828704833984
2025-06-10,50.117549896240234
2025-06-11,49.585750579833984
2025-06-12,50.218406677246094
2025-06-13,48.87057113647461
2025-06-16,49.21014404296875
2025-06-17,47.83700942993164
2025-06-18,48.05967712402344
2025-06-20,47.99473571777344
2025-06-23,48.56996536254883
2025-06-24,49.599815368652344
2025-06-25,49.07097625732422
2025-06-26,49.154476165771484
2025-06-27,48.839027404785156
2025-06-30,49.86887741088867
2025-07-01,50.295658111572266
2025-07-02,50.38844299316406
2025-07-03,50.83378219604492
2025-07-07,49.95237731933594
2025-07-08,49.92454528808594
2025-07-09,50.100826263427734
2025-07-10,50.05443572998047
2025-07-11,49.154476165771484
2025-07-14,49.16375732421875
2025-07-15,49.04314041137695
2025-07-16,49.571983337402344
2025-07-17,49.701873779296875
2025-07-18,50.85233688354492
2025-07-21,51.67807388305664
2025-07-22,51.715187072753906
2025-07-23,52.20691680908203
2025-07-24,51.43684768676758
2025-07-25,50.78739547729492
2025-07-28,50.30493927001953
2025-07-29,50.60183334350586
2025-07-30,50.091548919677734
2025-07-31,49.21942138671875
2025-08-01,49.571983337402344
2025-08-04,51.075008392333984
2025-08-05,51.39973831176758
2025-08-06,52.1141357421875
2025-08-07,52.56875228881836
2025-08-08,52.37392044067383
2025-08-11,52.2904167175293
2025-08-12,53.34809875488281
2025-08-13,54.14600372314453
2025-08-14,53.477989196777344
2025-08-15,53.459434509277344
2025-08-18,52.986263275146484
2025-08-19,52.57802963256836
2025-08-20,52.986263275146484
2025-08-21,52.80070114135742
2025-08-22,54.554229736328125
2025-08-25,54.136722564697266
2025-08-26,53.9047737121582
2025-08-27,53.23676681518555
2025-08-28,53.02337646484375
2025-08-29,53.50582504272461
2025-09-02,53.116153717041016
2025-09-03,53.533660888671875
2025-09-04,52.485252380371094
2025-09-05,53.737770080566406
2025-09-08,55.055240631103516
2025-09-09,54.76762390136719
2025-09-10,55.41707992553711
2025-09-11,56.18714904785156
2025-09-12,56.19642639160156
2025-09-15,56.53042984008789
2025-09-16,56.59537887573242
2025-09-17,56.46548843383789
2025-09-18,57.040714263916016
2025-09-19,58.02417755126953
2025-09-22,57.949951171875
2025-09-23,58.33034896850586
2025-09-24,57.495338439941406
2025-09-25,57.21699523925781
2025-09-26,58.72929763793945
2025-09-29,58.84063720703125
2025-09-30,59.471534729003906
2025-10-01,60.07460021972656
2025-10-02,59.57358932495117
2025-10-03,60.362213134765625
2025-10-06,60.60344314575195
2025-10-07,60.11171340942383
2025-10-08,61.97657775878906
2025-10-09,60.362213134765625
2025-10-10,58.74785614013672
2025-10-13,61.243621826171875
2025-10-14,60.59416198730469
2025-10-15,61.262176513671875
2025-10-16,62.46831130981445
2025-10-17,60.686946868896484
2025-10-20,61.42918014526367
2025-10-21,58.70146942138672
2025-10-22,58.98908233642578
2025-10-23,60.24160385131836
2025-10-24,60.47355270385742
2025-10-27,59.56431198120117
2025-10-28,60.51994323730469
2025-10-29,60.07460021972656
2025-10-30,59.722042083740234
2025-10-31,59.16536331176758
2025-11-03,59.15608215332031
2025-11-04,57.003604888916016
2025-11-05,58.82208251953125
2025-11-06,59.10041809082031
2025-11-07,59.60142517089844
2025-11-10,61.809574127197266
2025-11-11,61.726070404052734
2025-11-12,63.16415023803711
2025-11-13,62.93220520019531
2025-11-14,62.152854919433594
2025-11-17,61.354957580566406
2025-11-18,61.382789611816406
2025-11-19,61.76318359375
2025-11-20,60.24160385131836
2025-11-21,60.176658630371094
2025-11-24,61.13228225708008
2025-11-25,61.5126838684082
2025-11-26,62.93220520019531
2025-11-28,61.92090606689453
2025-12-01,62.57963562011719
2025-12-02,61.6982421875
2025-12-03,62.08790969848633
2025-12-04,62.20853042602539
2025-12-05,62.97859191894531
2025-12-08,61.59618377685547
2025-12-09,62.078636169433594
2025-12-10,63.256927490234375
2025-12-11,64.48161315917969
2025-12-12,63.6744384765625
2025-12-15,64.58367919921875
2025-12-16,64.29108428955078
2025-12-17,65.21092987060547
2025-12-18,66.0622787475586
2025-12-19,66.15034484863281
2025-12-22,67.31482696533203
2025-12-23,68.04874420166016
2025-12-24,68.42059326171875
2025-12-26,68.8022232055664
2025-12-29,66.9625473022461
2025-12-30,67.74539184570312
2025-12-31,67.32461547851562
2026-01-02,67.9117431640625
2026-01-05,68.73372650146484
2026-01-06,71.18011474609375
2026-01-07,69.91777801513672
2026-01-08,68.83158111572266
2026-01-09,69.17407989501953
2026-01-12,71.2192611694336
2026-01-13,71.5226058959961
2026-01-14,71.81617736816406
2026-01-15,72.1586685180664
2026-01-16,71.2192611694336
2026-01-20,71.8651123046875
2026-01-21,71.94338989257812
2026-01-22,73.93964385986328
2026-01-23,74.70291137695312
2026-01-26,75.72061157226562
2026-01-27,77.325439453125
2026-01-28,78.42142486572266
2026-01-29,77.8734359741211
2026-01-30,71.6302490234375
2026-02-02,71.67918395996094
2026-02-03,72.96109008789062
2026-02-04,72.3935317993164
2026-02-05,70.06456756591797
2026-02-06,73.16658020019531
2026-02-09,74.0962142944336
2026-02-10,73.79286193847656
2026-02-11,74.88883972167969
2026-02-12,72.55988311767578
2026-02-13,73.70478820800781
2026-02-17,73.10787200927734
2026-02-18,73.94943237304688
2026-02-19,73.40144348144531
2026-02-20,75.5934066772461
2026-02-23,76.21968078613281
2026-02-24,77.5505142211914
2026-02-25,78.54863739013672
2026-02-26,79.02813720703125
2026-02-27,79.8501205444336
2026-03-02,78.18657684326172
2026-03-03,71.98252868652344
2026-03-04,72.74580383300781
2026-03-05,69.88842010498047
2026-03-06,69.00772094726562
2026-03-09,70.45598602294922
2026-03-10,71.47368621826172
2026-03-11,69.52635955810547
2026-03-12,67.53988647460938
2026-03-13,65.17178344726562
2026-03-16,67.5986099243164
2026-03-17,67.69646453857422
2026-03-18,64.4476547241211
2026-03-19,63.537601470947266
2026-03-20,61.237998962402344
2026-03-23,62.90153884887695
2026-03-24,62.43183135986328
2026-03-25,64.75100708007812
2026-03-26,62.60797119140625
2026-03-27,62.85261535644531
2026-03-30,62.84282684326172
2026-03-31,66.34605407714844
2026-04-01,67.34417724609375
2026-04-02,66.55155181884766
2026-04-06,66.6983413696289
2026-04-07,66.94297790527344
2026-04-08,71.2583999633789
2026-04-09,70.93547821044922
2026-04-10,70.59298706054688
2026-04-13,70.86698150634766
2026-04-14,72.07060241699219
2026-04-15,71.33668518066406
2026-04-16,70.68106079101562
2026-04-17,73.01980590820312
2026-04-20,72.1195297241211
2026-04-21,69.50679016113281
2026-04-22,69.76121520996094
2026-04-23,67.75517272949219
2026-04-24,68.60652160644531
2026-04-27,68.2738037109375
2026-04-28,67.0016860961914
2026-04-29,65.05436706542969
2026-04-30,66.75704956054688
2026-05-01,66.73747253417969
2026-05-04,65.6806411743164
2026-05-05,66.30691528320312
2026-05-06,70.40705871582031
2026-05-07,69.47743225097656
2026-05-08,70.16241455078125
2026-05-11,70.2015609741211
2026-05-12,69.19364929199219
2026-05-13,69.25235748291016
2026-05-14,68.96858978271484
2026-05-15,65.91548919677734
2026-05-18,66.3656234741211
2026-05-19,65.20114135742188
2026-05-20,67.05061340332031
2026-05-21,66.79619598388672
2026-05-22,65.86656188964844
2026-05-26,68.31295013427734
2026-05-27,67.43225860595703
2026-05-28,68.21509552001953
2026-05-29,67.9215316772461
2026-06-01,66.16991424560547
2026-06-02,67.07997131347656
2026-06-03,65.60235595703125
2026-06-04,66.23841857910156
2026-06-05,62.9896125793457
2026-06-08,63.43974685668945
2026-06-09,63.69416809082031
2026-06-10,61.81534194946289
2026-06-11,64.85865020751953
2026-06-12,65.43600463867188
2026-06-15,67.75
2026-06-16,68.04000091552734
2026-06-17,66.51000213623047
2026-06-18,66.73999786376953
2026-06-22,65.13999938964844
2026-06-23,63.93000030517578
2026-06-24,62.18000030517578
2026-06-25,63.16999816894531
2026-06-26,63.0099983215332
2026-06-29,63.41999816894531
2026-06-30,63.189998626708984
2026-07-01,62.72999954223633
2026-07-02,64.0
2026-07-06,64.62999725341797
2026-07-07,63.59000015258789
2026-07-08,62.689998626708984
2026-07-09,63.279998779296875
2026-07-10,63.81999969482422
2026-07-13,62.7599983215332
2026-07-14,63.45000076293945
2026-07-15,63.7400016784668
2026-07-16,62.939998626708984
2026-07-17,62.36000061035156
2026-07-20,61.630001068115234
2026-07-21,62.279998779296875
2026-07-22,62.97999954223633
2026-07-23,60.43000030517578
2026-07-24,61.06999969482422
2026-07-27,61.939998626708984
2026-07-28,61.97999954223633
2026-07-29,62.08000183105469
2026-07-30,64.11000061035156
2026-07-31,63.619998931884766
2026-08-03,64.33000183105469
2026-08-04,65.95999908447266
2026-08-05,66.8499984741211
2026-08-06,66.87999725341797
2026-08-07,69.6500015258789
2026-08-10,69.7300033569336
2026-08-11,68.58999633789062
2026-08-12,68.33000183105469
2026-08-13,67.33000183105469
2026-08-14,67.52999877929688
2026-08-17,68.19000244140625
2026-08-18,67.0999984741211
2026-08-19,70.29000091552734
2026-08-20,70.47000122070312
2026-08-21,72.51000213623047
2026-08-24,71.33000183105469
2026-08-25,72.51000213623047
2026-08-26,71.68000030517578
2026-08-27,71.55999755859375
2026-08-28,70.72000122070312
2026-08-31,70.5
2026-09-01,69.54000091552734
2026-09-02,69.98999786376953
2026-09-03,71.81999969482422
2026-09-04,71.63999938964844
2026-09-08,71.30000305175781
2026-09-09,71.30999755859375
2026-09-10,69.54000091552734
2026-09-11,70.0999984741211
2026-09-14,68.48999786376953
2026-09-15,68.91999816894531
2026-09-16,67.55000305175781
2026-09-17,68.69000244140625
2026-09-18,68.48999786376953
2026-09-21,68.2300033569336
2026-09-22,69.1500015258789
2026-09-23,66.44000244140625
2026-09-24,65.9000015258789
2026-09-25,66.4800033569336
2026-09-28,64.47000122070312
2026-09-29,64.8499984741211
2026-09-30,63.97999954223633
2026-10-01,62.86000061035156
2026-10-02,63.189998626708984
2026-10-05,63.16999816894531
2026-10-06,63.65999984741211
2026-10-07,62.290000915527344
2026-10-08,62.65999984741211
